PdfType: error
Format: lhagrid1
---
1.00000E-06 1.28121E-06 1.64152E-06 2.10317E-06 2.69463E-06 3.45242E-06 4.42329E-06 5.66715E-06 7.26076E-06 9.30241E-06 1.19180E-05 1.52689E-05 1.95617E-05 2.50609E-05 3.21053E-05 4.11287E-05 5.26863E-05 6.74889E-05 8.64459E-05 1.10720E-04 1.41800E-04 1.81585E-04 2.32503E-04 2.97652E-04 3.80981E-04 4.87518E-04 6.26039E-04 8.00452E-04 1.02297E-03 1.30657E-03 1.66759E-03 2.12729E-03 2.71054E-03 3.44865E-03 4.37927E-03 5.54908E-03 7.01192E-03 8.83064E-03 1.10763E-02 1.38266E-02 1.71641E-02 2.11717E-02 2.59364E-02 3.15062E-02 3.79623E-02 4.53425E-02 5.36750E-02 6.29705E-02 7.32221E-02 8.44039E-02 9.64793E-02 1.09332E-01 1.23067E-01 1.37507E-01 1.52639E-01 1.68416E-01 1.84794E-01 2.01731E-01 2.19016E-01 2.36948E-01 2.55242E-01 2.73927E-01 2.92954E-01 3.12340E-01 3.32036E-01 3.52019E-01 3.72282E-01 3.92772E-01 4.13533E-01 4.34326E-01 4.55495E-01 4.76836E-01 4.98342E-01 5.20006E-01 5.41818E-01 5.63773E-01 5.85861E-01 6.08077E-01 6.30459E-01 6.52800E-01 6.75387E-01 6.98063E-01 7.20830E-01 7.43683E-01 7.66623E-01 7.89636E-01 8.12791E-01 8.35940E-01 8.59175E-01 8.82485E-01 9.05866E-01 9.29311E-01 9.52817E-01 9.76387E-01 1.00000E+00
1.30000E+00 1.50159E+00 1.75516E+00 2.07810E+00 2.49495E+00 3.04086E+00 3.76715E+00 4.50000E+00 4.75000E+00 6.23113E+00 8.37423E+00 1.15549E+01 1.64076E+01 2.40380E+01 3.64361E+01 5.73145E+01 9.38707E+01 1.60654E+02 2.88438E+02 5.45587E+02 1.09231E+03 2.32646E+03 5.30043E+03 1.29956E+04 3.45140E+04 1.00000E+05
-5 -4 -3 -2 -1 1 2 3 4 5 21
  0.00000000e+00  0.00000000e+00  4.02447688e-01  1.00611438e+00  1.00611438e+00  1.00612438e+00  1.00707438e+00  4.02447688e-01  0.00000000e+00  0.00000000e+00  2.39865000e-02
  0.00000000e+00  4.12537375e-02  4.39137000e-01  1.03596125e+00  1.03596188e+00  1.03596188e+00  1.03698188e+00  4.39137000e-01  4.12537375e-02  0.00000000e+00  1.47193375e+00
  0.00000000e+00  1.18226687e-01  5.11739937e-01  1.10200688e+00  1.10200688e+00  1.10201688e+00  1.10310688e+00  5.11739937e-01  1.18226687e-01  0.00000000e+00  3.88795937e+00
  0.00000000e+00  2.34777812e-01  6.24070875e-01  1.20800188e+00  1.20801187e+00  1.20802188e+00  1.20919188e+00  6.24070875e-01  2.34777812e-01  0.00000000e+00  7.53262625e+00
  0.00000000e+00  3.97255500e-01  7.82457437e-01  1.36024688e+00  1.36025687e+00  1.36027688e+00  1.36151687e+00  7.82457437e-01  3.97255500e-01  0.00000000e+00  1.26687125e+01
  0.00000000e+00  6.15326125e-01  9.96554937e-01  1.56838062e+00  1.56839125e+00  1.56843062e+00  1.56974062e+00  9.96554937e-01  6.15326125e-01  0.00000000e+00  1.96672312e+01
  0.00000000e+00  8.96540437e-01  1.27389500e+00  1.83991312e+00  1.83992375e+00  1.83996375e+00  1.84136312e+00  1.27389500e+00  8.96540437e-01  0.00000000e+00  2.88209000e+01
  5.55111250e-17  1.15857562e+00  1.53298437e+00  2.09459062e+00  2.09460125e+00  2.09466062e+00  2.09611062e+00  1.53298437e+00  1.15857562e+00  5.55111250e-17  3.74319625e+01
  8.24286687e-02  1.23923312e+00  1.61281062e+00  2.17314750e+00  2.17315750e+00  2.17321687e+00  2.17468750e+00  1.61281062e+00  1.23923312e+00  8.24286687e-02  4.02854562e+01
  5.51325750e-01  1.69978812e+00  2.06937437e+00  2.62373937e+00  2.62375000e+00  2.62382000e+00  2.62538000e+00  2.06937437e+00  1.69978812e+00  5.51325750e-01  5.50153000e+01
  1.13476937e+00  2.27492625e+00  2.64058250e+00  3.18905500e+00  3.18907500e+00  3.18915562e+00  3.19081500e+00  2.64058250e+00  2.27492625e+00  1.13476937e+00  7.31566125e+01
  1.83955750e+00  2.97143062e+00  3.33321500e+00  3.87584687e+00  3.87586687e+00  3.87597687e+00  3.87772687e+00  3.33321500e+00  2.97143062e+00  1.83955750e+00  9.52473875e+01
  2.68163125e+00  3.80525000e+00  4.16318312e+00  4.70005312e+00  4.70008312e+00  4.70020375e+00  4.70205375e+00  4.16318312e+00  3.80525000e+00  2.68163125e+00  1.21756812e+02
  3.68112000e+00  4.79650375e+00  5.15063625e+00  5.68178500e+00  5.68181500e+00  5.68196500e+00  5.68391500e+00  5.15063625e+00  4.79650375e+00  3.68112000e+00  1.53237125e+02
  4.85660437e+00  5.96376312e+00  6.31412437e+00  6.83963125e+00  6.83966125e+00  6.83984125e+00  6.84189187e+00  6.31412437e+00  5.96376312e+00  4.85660437e+00  1.90152125e+02
  6.22629312e+00  7.32522687e+00  7.67185750e+00  8.19175312e+00  8.19178312e+00  8.19199312e+00  8.19416312e+00  7.67185750e+00  7.32522687e+00  6.22629312e+00  2.32913937e+02
  7.81084812e+00  8.90156750e+00  9.24449687e+00  9.75884062e+00  9.75888062e+00  9.75912062e+00  9.76141062e+00  9.24449687e+00  8.90156750e+00  7.81084812e+00  2.81969625e+02
  9.63181875e+00  1.07143250e+01  1.10535937e+01  1.15623937e+01  1.15624937e+01  1.15626937e+01  1.15651000e+01  1.10535937e+01  1.07143250e+01  9.63181875e+00  3.37745187e+02
  1.17113937e+01  1.27856625e+01  1.31212375e+01  1.36246375e+01  1.36247312e+01  1.36250312e+01  1.36275375e+01  1.31212375e+01  1.27856625e+01  1.17113937e+01  4.00640625e+02
  1.40722187e+01  1.51382000e+01  1.54702625e+01  1.59682625e+01  1.59682625e+01  1.59686625e+01  1.59712625e+01  1.54702625e+01  1.51382000e+01  1.40722187e+01  4.71020125e+02
  1.67372375e+01  1.77950187e+01  1.81234812e+01  1.86160812e+01  1.86161812e+01  1.86165812e+01  1.86193812e+01  1.81234812e+01  1.77950187e+01  1.67372375e+01  5.49208687e+02
  1.97295437e+01  2.07791250e+01  2.11039937e+01  2.15912875e+01  2.15913875e+01  2.15917937e+01  2.15947875e+01  2.11039937e+01  2.07791250e+01  1.97295437e+01  6.35486375e+02
  2.30721375e+01  2.41134312e+01  2.44347937e+01  2.49167875e+01  2.49168875e+01  2.49173875e+01  2.49204875e+01  2.44347937e+01  2.41134312e+01  2.30721375e+01  7.30083187e+02
  2.67874250e+01  2.78204250e+01  2.81382875e+01  2.86150812e+01  2.86150875e+01  2.86156812e+01  2.86189812e+01  2.81382875e+01  2.78204250e+01  2.67874250e+01  8.33173250e+02
  3.09047125e+01  3.19295125e+01  3.22439750e+01  3.27154750e+01  3.27155687e+01  3.27161750e+01  3.27195750e+01  3.22439750e+01  3.19295125e+01  3.09047125e+01  9.45027750e+02
  3.54416937e+01  3.64581062e+01  3.67691625e+01  3.72355562e+01  3.72356562e+01  3.72363562e+01  3.72398625e+01  3.67691625e+01  3.64581062e+01  3.54416937e+01  1.06561312e+03
  0.00000000e+00  0.00000000e+00  3.99167813e-01  9.97920000e-01  9.97920000e-01  9.97922813e-01  9.98922813e-01  3.99167813e-01  0.00000000e+00  0.00000000e+00  2.51738750e-02
  0.00000000e+00  4.14338000e-02  4.36068125e-01  1.02801938e+00  1.02801938e+00  1.02802938e+00  1.02909938e+00  4.36068125e-01  4.14338000e-02  0.00000000e+00  1.47501625e+00
  0.00000000e+00  1.18375062e-01  5.08669437e-01  1.09410500e+00  1.09411438e+00  1.09412500e+00  1.09527500e+00  5.08669437e-01  1.18375062e-01  0.00000000e+00  3.88686875e+00
  0.00000000e+00  2.34572562e-01  6.20675750e-01  1.19982063e+00  1.19983063e+00  1.19985063e+00  1.20107063e+00  6.20675750e-01  2.34572562e-01  0.00000000e+00  7.51757812e+00
  0.00000000e+00  3.96268937e-01  7.78309000e-01  1.35135625e+00  1.35136625e+00  1.35139625e+00  1.35269625e+00  7.78309000e-01  3.96268937e-01  0.00000000e+00  1.26256437e+01
  0.00000000e+00  6.12986375e-01  9.91079375e-01  1.55820125e+00  1.55822062e+00  1.55826062e+00  1.55963125e+00  9.91079375e-01  6.12986375e-01  0.00000000e+00  1.95761875e+01
  0.00000000e+00  8.92140875e-01  1.26638750e+00  1.82774437e+00  1.82775437e+00  1.82780437e+00  1.82926500e+00  1.26638750e+00  8.92140875e-01  0.00000000e+00  2.86563875e+01
  4.16333750e-17  1.15205062e+00  1.52337750e+00  2.08035312e+00  2.08036312e+00  2.08042312e+00  2.08195312e+00  1.52337750e+00  1.15205062e+00  4.16333750e-17  3.71912937e+01
  8.17286562e-02  1.23201750e+00  1.60250500e+00  2.15822000e+00  2.15823000e+00  2.15830000e+00  2.15984000e+00  1.60250500e+00  1.23201750e+00  8.17286562e-02  4.00177875e+01
  5.46457687e-01  1.68838500e+00  2.05492062e+00  2.60470375e+00  2.60472375e+00  2.60480375e+00  2.60643437e+00  2.05492062e+00  1.68838500e+00  5.46457687e-01  5.46011937e+01
  1.12427312e+00  2.25789500e+00  2.62052937e+00  3.16445125e+00  3.16447125e+00  3.16457125e+00  3.16630187e+00  2.62052937e+00  2.25789500e+00  1.12427312e+00  7.25472625e+01
  1.82176375e+00  2.94710125e+00  3.30587500e+00  3.84400562e+00  3.84403500e+00  3.84415500e+00  3.84598562e+00  3.30587500e+00  2.94710125e+00  1.82176375e+00  9.43840000e+01
  2.65459062e+00  3.77166312e+00  4.12662562e+00  4.65902437e+00  4.65905437e+00  4.65920437e+00  4.66113437e+00  4.12662562e+00  3.77166312e+00  2.65459062e+00  1.20570250e+02
  3.64250250e+00  4.75133000e+00  5.10251187e+00  5.62924875e+00  5.62926937e+00  5.62944875e+00  5.63148875e+00  5.10251187e+00  4.75133000e+00  3.64250250e+00  1.51647625e+02
  4.80372937e+00  5.90432250e+00  6.25176250e+00  6.77287875e+00  6.77290875e+00  6.77310875e+00  6.77526875e+00  6.25176250e+00  5.90432250e+00  4.80372937e+00  1.88068687e+02
  6.15609187e+00  7.24845000e+00  7.59218000e+00  8.10773437e+00  8.10776437e+00  8.10800437e+00  8.11027437e+00  7.59218000e+00  7.24845000e+00  6.15609187e+00  2.30234625e+02
  7.71985062e+00  8.80398437e+00  9.14404250e+00  9.65408562e+00  9.65411562e+00  9.65439562e+00  9.65677625e+00  9.14404250e+00  8.80398437e+00  7.71985062e+00  2.78581375e+02
  9.51608500e+00  1.05919562e+01  1.09284187e+01  1.14329250e+01  1.14330250e+01  1.14333250e+01  1.14358250e+01  1.09284187e+01  1.05919562e+01  9.51608500e+00  3.33525062e+02
  1.15665250e+01  1.26342000e+01  1.29669687e+01  1.34661687e+01  1.34661687e+01  1.34665687e+01  1.34691687e+01  1.29669687e+01  1.26342000e+01  1.15665250e+01  3.95453625e+02
  1.38932562e+01  1.49526375e+01  1.52819062e+01  1.57757000e+01  1.57757062e+01  1.57761062e+01  1.57789000e+01  1.52819062e+01  1.49526375e+01  1.38932562e+01  4.64719250e+02
  1.65187750e+01  1.75699625e+01  1.78956312e+01  1.83841250e+01  1.83841250e+01  1.83846250e+01  1.83875250e+01  1.78956312e+01  1.75699625e+01  1.65187750e+01  5.41638875e+02
  1.94655875e+01  2.05085750e+01  2.08307375e+01  2.13138375e+01  2.13139375e+01  2.13144375e+01  2.13174437e+01  2.08307375e+01  2.05085750e+01  1.94655875e+01  6.26480750e+02
  2.27560937e+01  2.37907875e+01  2.41094500e+01  2.45873437e+01  2.45874437e+01  2.45879500e+01  2.45912437e+01  2.41094500e+01  2.37907875e+01  2.27560937e+01  7.19466750e+02
  2.64121875e+01  2.74385875e+01  2.77537500e+01  2.82265437e+01  2.82265437e+01  2.82272437e+01  2.82305437e+01  2.77537500e+01  2.74385875e+01  2.64121875e+01  8.20762937e+02
  3.04624812e+01  3.14805875e+01  3.17924437e+01  3.22599437e+01  3.22600375e+01  3.22607375e+01  3.22642437e+01  3.17924437e+01  3.14805875e+01  3.04624812e+01  9.30630500e+02
  3.49240750e+01  3.59338875e+01  3.62422437e+01  3.67047312e+01  3.67048312e+01  3.67055375e+01  3.67092375e+01  3.62422437e+01  3.59338875e+01  3.49240750e+01  1.04902562e+03
  0.00000000e+00  0.00000000e+00  3.95045625e-01  9.87613125e-01  9.87613125e-01  9.87619125e-01  9.88682188e-01  3.95045625e-01  0.00000000e+00  0.00000000e+00  2.66792875e-02
  0.00000000e+00  4.16608687e-02  4.32212063e-01  1.01803688e+00  1.01803688e+00  1.01804688e+00  1.01918688e+00  4.32212063e-01  4.16608687e-02  0.00000000e+00  1.47891750e+00
  0.00000000e+00  1.18563437e-01  5.04811625e-01  1.08418250e+00  1.08418250e+00  1.08420250e+00  1.08542250e+00  5.04811625e-01  1.18563437e-01  0.00000000e+00  3.88550812e+00
  0.00000000e+00  2.34313562e-01  6.16406625e-01  1.18953875e+00  1.18954875e+00  1.18956875e+00  1.19086875e+00  6.16406625e-01  2.34313562e-01  0.00000000e+00  7.49863312e+00
  0.00000000e+00  3.95025750e-01  7.73090687e-01  1.34017500e+00  1.34018500e+00  1.34022500e+00  1.34160500e+00  7.73090687e-01  3.95025750e-01  0.00000000e+00  1.25713812e+01
  0.00000000e+00  6.10038312e-01  9.84190187e-01  1.54540125e+00  1.54541125e+00  1.54546125e+00  1.54693062e+00  9.84190187e-01  6.10038312e-01  0.00000000e+00  1.94614625e+01
  0.00000000e+00  8.86600125e-01  1.25694062e+00  1.81242625e+00  1.81244625e+00  1.81250625e+00  1.81405625e+00  1.25694062e+00  8.86600125e-01  0.00000000e+00  2.84492125e+01
  6.93887500e-17  1.14384625e+00  1.51129187e+00  2.06243625e+00  2.06245562e+00  2.06252625e+00  2.06414562e+00  1.51129187e+00  1.14384625e+00  6.93887500e-17  3.68884500e+01
  8.08479250e-02  1.22293312e+00  1.58953937e+00  2.13944312e+00  2.13945312e+00  2.13953312e+00  2.14117312e+00  1.58953937e+00  1.22293312e+00  8.08479250e-02  3.96808625e+01
  5.40333125e-01  1.67405187e+00  2.03673750e+00  2.58075937e+00  2.58076937e+00  2.58086937e+00  2.58259937e+00  2.03673750e+00  1.67405187e+00  5.40333125e-01  5.40802250e+01
  1.11106812e+00  2.23646500e+00  2.59528875e+00  3.13349937e+00  3.13351937e+00  3.13363937e+00  3.13547000e+00  2.59528875e+00  2.23646500e+00  1.11106812e+00  7.17808687e+01
  1.79940125e+00  2.91649437e+00  3.27149687e+00  3.80396625e+00  3.80398625e+00  3.80413562e+00  3.80607562e+00  3.27149687e+00  2.91649437e+00  1.79940125e+00  9.32981937e+01
  2.62060125e+00  3.72941937e+00  4.08064125e+00  4.60742875e+00  4.60745875e+00  4.60762875e+00  4.60967812e+00  4.08064125e+00  3.72941937e+00  2.62060125e+00  1.19078750e+02
  3.59396625e+00  4.69453000e+00  5.04201062e+00  5.56317687e+00  5.56320687e+00  5.56340687e+00  5.56556625e+00  5.04201062e+00  4.69453000e+00  3.59396625e+00  1.49650187e+02
  4.73727750e+00  5.82958687e+00  6.17335625e+00  6.68896062e+00  6.68899062e+00  6.68923062e+00  6.69150062e+00  6.17335625e+00  5.82958687e+00  4.73727750e+00  1.85449437e+02
  6.06787437e+00  7.15194875e+00  7.49203812e+00  8.00213062e+00  8.00217000e+00  8.00244062e+00  8.00483062e+00  7.49203812e+00  7.15194875e+00  6.06787437e+00  2.26867437e+02
  7.60550812e+00  8.68133812e+00  9.01779500e+00  9.52241687e+00  9.52245687e+00  9.52276687e+00  9.52528687e+00  9.01779500e+00  8.68133812e+00  7.60550812e+00  2.74325312e+02
  9.37066875e+00  1.04382937e+01  1.07710625e+01  1.12703562e+01  1.12703625e+01  1.12707562e+01  1.12733625e+01  1.07710625e+01  1.04382937e+01  9.37066875e+00  3.28224125e+02
  1.13844687e+01  1.24438437e+01  1.27731125e+01  1.32669125e+01  1.32670062e+01  1.32674062e+01  1.32702062e+01  1.27731125e+01  1.24438437e+01  1.13844687e+01  3.88936875e+02
  1.36684062e+01  1.47195875e+01  1.50452562e+01  1.55337500e+01  1.55338500e+01  1.55342500e+01  1.55372500e+01  1.50452562e+01  1.47195875e+01  1.36684062e+01  4.56805687e+02
  1.62443312e+01  1.72872187e+01  1.76093875e+01  1.80926812e+01  1.80926812e+01  1.80931812e+01  1.80962812e+01  1.76093875e+01  1.72872187e+01  1.62443312e+01  5.32132437e+02
  1.91340500e+01  2.01686437e+01  2.04874062e+01  2.09654000e+01  2.09654062e+01  2.09660000e+01  2.09692000e+01  2.04874062e+01  2.01686437e+01  1.91340500e+01  6.15173437e+02
  2.23592562e+01  2.33855625e+01  2.37008187e+01  2.41736125e+01  2.41737125e+01  2.41743125e+01  2.41777125e+01  2.37008187e+01  2.33855625e+01  2.23592562e+01  7.06138625e+02
  2.59410625e+01  2.69590687e+01  2.72709312e+01  2.77386187e+01  2.77386250e+01  2.77393250e+01  2.77429187e+01  2.72709312e+01  2.69590687e+01  2.59410625e+01  8.05184937e+02
  2.99073625e+01  3.09170750e+01  3.12255312e+01  3.16880250e+01  3.16881250e+01  3.16889250e+01  3.16926250e+01  3.12255312e+01  3.09170750e+01  2.99073625e+01  9.12559625e+02
  3.42743625e+01  3.52757812e+01  3.55808375e+01  3.60383312e+01  3.60384250e+01  3.60392312e+01  3.60431312e+01  3.55808375e+01  3.52757812e+01  3.42743625e+01  1.02821750e+03
  0.00000000e+00  0.00000000e+00  3.89892250e-01  9.74730563e-01  9.74730563e-01  9.74738563e-01  9.75882625e-01  3.89892250e-01  0.00000000e+00  0.00000000e+00  2.85821937e-02
  0.00000000e+00  4.19456687e-02  4.27392750e-01  1.00556313e+00  1.00556313e+00  1.00557375e+00  1.00680313e+00  4.27392750e-01  4.19456687e-02  0.00000000e+00  1.48383750e+00
  0.00000000e+00  1.18797937e-01  4.99987813e-01  1.07176938e+00  1.07177000e+00  1.07179938e+00  1.07310938e+00  4.99987813e-01  1.18797937e-01  0.00000000e+00  3.88383750e+00
  0.00000000e+00  2.33987812e-01  6.11067500e-01  1.17667688e+00  1.17668625e+00  1.17671688e+00  1.17811625e+00  6.11067500e-01  2.33987812e-01  0.00000000e+00  7.47489312e+00
  0.00000000e+00  3.93465062e-01  7.66560687e-01  1.32619375e+00  1.32620375e+00  1.32625375e+00  1.32772437e+00  7.66560687e-01  3.93465062e-01  0.00000000e+00  1.25033312e+01
  0.00000000e+00  6.06341000e-01  9.75566562e-01  1.52939125e+00  1.52940125e+00  1.52946125e+00  1.53103125e+00  9.75566562e-01  6.06341000e-01  0.00000000e+00  1.93177562e+01
  0.00000000e+00  8.79656562e-01  1.24511500e+00  1.79326875e+00  1.79328812e+00  1.79336812e+00  1.79501875e+00  1.24511500e+00  8.79656562e-01  0.00000000e+00  2.81898562e+01
  5.55111250e-17  1.13357250e+00  1.49615750e+00  2.04002000e+00  2.04003937e+00  2.04013000e+00  2.04186000e+00  1.49615750e+00  1.13357250e+00  5.55111250e-17  3.65093437e+01
  7.97458812e-02  1.21154125e+00  1.57331562e+00  2.11594687e+00  2.11595750e+00  2.11605750e+00  2.11780750e+00  1.57331562e+00  1.21154125e+00  7.97458812e-02  3.92590750e+01
  5.32671125e-01  1.65609250e+00  2.01398562e+00  2.55079625e+00  2.55081625e+00  2.55093562e+00  2.55278625e+00  2.01398562e+00  1.65609250e+00  5.32671125e-01  5.34282125e+01
  1.09455375e+00  2.20963875e+00  2.56371062e+00  3.09477937e+00  3.09479937e+00  3.09494937e+00  3.09689937e+00  2.56371062e+00  2.20963875e+00  1.09455375e+00  7.08219500e+01
  1.77142125e+00  2.87820062e+00  3.22848250e+00  3.75387937e+00  3.75390000e+00  3.75407937e+00  3.75614000e+00  3.22848250e+00  2.87820062e+00  1.77142125e+00  9.19401812e+01
  2.57809437e+00  3.67658000e+00  4.02313000e+00  4.54290625e+00  4.54293562e+00  4.54313625e+00  4.54531625e+00  4.02313000e+00  3.67658000e+00  2.57809437e+00  1.17214312e+02
  3.53328500e+00  4.62350500e+00  4.96634500e+00  5.48056875e+00  5.48059875e+00  5.48083812e+00  5.48313875e+00  4.96634500e+00  4.62350500e+00  3.53328500e+00  1.47152937e+02
  4.65420125e+00  5.73615687e+00  6.07533500e+00  6.58405750e+00  6.58408750e+00  6.58436750e+00  6.58678750e+00  6.07533500e+00  5.73615687e+00  4.65420125e+00  1.82177250e+02
  5.95763312e+00  7.03132500e+00  7.36687250e+00  7.87014312e+00  7.87017312e+00  7.87049312e+00  7.87304312e+00  7.36687250e+00  7.03132500e+00  5.95763312e+00  2.22660500e+02
  7.46263312e+00  8.52807937e+00  8.86002625e+00  9.35788562e+00  9.35792562e+00  9.35828562e+00  9.36096625e+00  8.86002625e+00  8.52807937e+00  7.46263312e+00  2.69007562e+02
  9.18901000e+00  1.02462375e+01  1.05746062e+01  1.10671062e+01  1.10671062e+01  1.10675062e+01  1.10704000e+01  1.05746062e+01  1.02462375e+01  9.18901000e+00  3.21601562e+02
  1.11571187e+01  1.22061000e+01  1.25308687e+01  1.30180687e+01  1.30181625e+01  1.30185687e+01  1.30215625e+01  1.25308687e+01  1.22061000e+01  1.11571187e+01  3.80800437e+02
  1.33876625e+01  1.44283562e+01  1.47497187e+01  1.52316125e+01  1.52317125e+01  1.52322125e+01  1.52353125e+01  1.47497187e+01  1.44283562e+01  1.33876625e+01  4.46925437e+02
  1.59017000e+01  1.69341875e+01  1.72520500e+01  1.77287500e+01  1.77287500e+01  1.77293500e+01  1.77326500e+01  1.72520500e+01  1.69341875e+01  1.59017000e+01  5.20264437e+02
  1.87202187e+01  1.97443250e+01  2.00586875e+01  2.05302812e+01  2.05303750e+01  2.05309812e+01  2.05343812e+01  2.00586875e+01  1.97443250e+01  1.87202187e+01  6.01059625e+02
  2.18638437e+01  2.28797500e+01  2.31907125e+01  2.36571062e+01  2.36572000e+01  2.36579000e+01  2.36615000e+01  2.31907125e+01  2.28797500e+01  2.18638437e+01  6.89505937e+02
  2.53530562e+01  2.63605750e+01  2.66682312e+01  2.71295250e+01  2.71296187e+01  2.71304187e+01  2.71342187e+01  2.66682312e+01  2.63605750e+01  2.53530562e+01  7.85746562e+02
  2.92144687e+01  3.02136875e+01  3.05179500e+01  3.09742375e+01  3.09743312e+01  3.09752312e+01  3.09791312e+01  3.05179500e+01  3.02136875e+01  2.92144687e+01  8.90013437e+02
  3.34635812e+01  3.44545062e+01  3.47554625e+01  3.52067437e+01  3.52067500e+01  3.52077500e+01  3.52118500e+01  3.47554625e+01  3.44545062e+01  3.34635812e+01  1.00225062e+03
  0.00000000e+00  0.00000000e+00  3.83498438e-01  9.58746125e-01  9.58746125e-01  9.58758063e-01  9.60002188e-01  3.83498438e-01  0.00000000e+00  0.00000000e+00  3.09783500e-02
  0.00000000e+00  4.23006062e-02  4.21414125e-01  9.90081000e-01  9.90083063e-01  9.90104000e-01  9.91437063e-01  4.21414125e-01  4.23006062e-02  0.00000000e+00  1.49003437e+00
  0.00000000e+00  1.19088625e-01  4.94004687e-01  1.05637563e+00  1.05637563e+00  1.05640625e+00  1.05782625e+00  4.94004687e-01  1.19088625e-01  0.00000000e+00  3.88179812e+00
  0.00000000e+00  2.33578437e-01  6.04439375e-01  1.16072375e+00  1.16073375e+00  1.16077375e+00  1.16228438e+00  6.04439375e-01  2.33578437e-01  0.00000000e+00  7.44534812e+00
  0.00000000e+00  3.91517937e-01  7.58448812e-01  1.30883250e+00  1.30884250e+00  1.30890250e+00  1.31050313e+00  7.58448812e-01  3.91517937e-01  0.00000000e+00  1.24186000e+01
  0.00000000e+00  6.01733687e-01  9.64847500e-01  1.50950187e+00  1.50951187e+00  1.50959187e+00  1.51129187e+00  9.64847500e-01  6.01733687e-01  0.00000000e+00  1.91388750e+01
  0.00000000e+00  8.71012312e-01  1.23041000e+00  1.76947125e+00  1.76949062e+00  1.76959062e+00  1.77138125e+00  1.23041000e+00  8.71012312e-01  0.00000000e+00  2.78670437e+01
  1.38778125e-17  1.12078125e+00  1.47734500e+00  2.01217437e+00  2.01219437e+00  2.01230437e+00  2.01417437e+00  1.47734500e+00  1.12078125e+00  1.38778125e-17  3.60377875e+01
  7.83764562e-02  1.19738062e+00  1.55314312e+00  2.08675250e+00  2.08677250e+00  2.08689250e+00  2.08878250e+00  1.55314312e+00  1.19738062e+00  7.83764562e-02  3.87346375e+01
  5.23152875e-01  1.63376500e+00  1.98569687e+00  2.51357437e+00  2.51359437e+00  2.51374437e+00  2.51574437e+00  1.98569687e+00  1.63376500e+00  5.23152875e-01  5.26177750e+01
  1.07404125e+00  2.17630437e+00  2.52446562e+00  3.04668187e+00  3.04670187e+00  3.04688125e+00  3.04899187e+00  2.52446562e+00  2.17630437e+00  1.07404125e+00  6.96306250e+01
  1.73668312e+00  2.83062125e+00  3.17505187e+00  3.69167562e+00  3.69169625e+00  3.69190625e+00  3.69413625e+00  3.17505187e+00  2.83062125e+00  1.73668312e+00  9.02536937e+01
  2.52533125e+00  3.61095625e+00  3.95170437e+00  4.46278750e+00  4.46281750e+00  4.46305750e+00  4.46541750e+00  3.95170437e+00  3.61095625e+00  2.52533125e+00  1.14899125e+02
  3.45798687e+00  4.53532625e+00  4.87242437e+00  5.37801625e+00  5.37805562e+00  5.37833562e+00  5.38081625e+00  4.87242437e+00  4.53532625e+00  3.45798687e+00  1.44053812e+02
  4.55114937e+00  5.62020437e+00  5.95369125e+00  6.45386187e+00  6.45390125e+00  6.45422125e+00  6.45684125e+00  5.95369125e+00  5.62020437e+00  4.55114937e+00  1.78117375e+02
  5.82088937e+00  6.88167875e+00  7.21157500e+00  7.70637375e+00  7.70641375e+00  7.70678375e+00  7.70953375e+00  7.21157500e+00  6.88167875e+00  5.82088937e+00  2.17442812e+02
  7.28546625e+00  8.33798187e+00  8.66433687e+00  9.15380437e+00  9.15384437e+00  9.15427375e+00  9.15716375e+00  8.66433687e+00  8.33798187e+00  7.28546625e+00  2.62415062e+02
  8.96379187e+00  1.00080050e+01  1.03308687e+01  1.08150625e+01  1.08151625e+01  1.08155625e+01  1.08186625e+01  1.03308687e+01  1.00080050e+01  8.96379187e+00  3.13394250e+02
  1.08752812e+01  1.19112750e+01  1.22306375e+01  1.27096312e+01  1.27096312e+01  1.27102250e+01  1.27134250e+01  1.22306375e+01  1.19112750e+01  1.08752812e+01  3.70717375e+02
  1.30398312e+01  1.40675312e+01  1.43833937e+01  1.48571875e+01  1.48571875e+01  1.48578812e+01  1.48611875e+01  1.43833937e+01  1.40675312e+01  1.30398312e+01  4.34685562e+02
  1.54771812e+01  1.64965875e+01  1.68091437e+01  1.72777375e+01  1.72778312e+01  1.72784375e+01  1.72819375e+01  1.68091437e+01  1.64965875e+01  1.54771812e+01  5.05565875e+02
  1.82075125e+01  1.92186250e+01  1.95276875e+01  1.99911812e+01  1.99912750e+01  1.99919812e+01  1.99956750e+01  1.95276875e+01  1.92186250e+01  1.82075125e+01  5.83582250e+02
  2.12503437e+01  2.22531625e+01  2.25588250e+01  2.30173125e+01  2.30174062e+01  2.30182125e+01  2.30220125e+01  2.25588250e+01  2.22531625e+01  2.12503437e+01  6.68912875e+02
  2.46249687e+01  2.56194000e+01  2.59218500e+01  2.63753375e+01  2.63753437e+01  2.63762437e+01  2.63803375e+01  2.59218500e+01  2.56194000e+01  2.46249687e+01  7.61685625e+02
  2.83566000e+01  2.93428250e+01  2.96418812e+01  3.00903687e+01  3.00904687e+01  3.00914687e+01  3.00956687e+01  2.96418812e+01  2.93428250e+01  2.83566000e+01  8.62110812e+02
  3.24599187e+01  3.34378500e+01  3.37336125e+01  3.41771937e+01  3.41772937e+01  3.41783937e+01  3.41827937e+01  3.37336125e+01  3.34378500e+01  3.24599187e+01  9.70128250e+02
  0.00000000e+00  0.00000000e+00  3.75641250e-01  9.39102688e-01  9.39102688e-01  9.39118625e-01  9.40489750e-01  3.75641250e-01  0.00000000e+00  0.00000000e+00  3.39807625e-02
  0.00000000e+00  4.27393937e-02  4.14070188e-01  9.71061813e-01  9.71064813e-01  9.71092750e-01  9.72559875e-01  4.14070188e-01  4.27393937e-02  0.00000000e+00  1.49778812e+00
  0.00000000e+00  1.19447437e-01  4.86651438e-01  1.03745125e+00  1.03745188e+00  1.03750125e+00  1.03906125e+00  4.86651438e-01  1.19447437e-01  0.00000000e+00  3.87936750e+00
  0.00000000e+00  2.33069437e-01  5.96288250e-01  1.14110063e+00  1.14111063e+00  1.14117062e+00  1.14283062e+00  5.96288250e-01  2.33069437e-01  0.00000000e+00  7.40889062e+00
  0.00000000e+00  3.89107562e-01  7.48462375e-01  1.28748125e+00  1.28749125e+00  1.28757063e+00  1.28933125e+00  7.48462375e-01  3.89107562e-01  0.00000000e+00  1.23140750e+01
  0.00000000e+00  5.96041375e-01  9.51644187e-01  1.48503250e+00  1.48504250e+00  1.48514250e+00  1.48700250e+00  9.51644187e-01  5.96041375e-01  0.00000000e+00  1.89181187e+01
  0.00000000e+00  8.60341750e-01  1.21228687e+00  1.74018437e+00  1.74020437e+00  1.74032437e+00  1.74229437e+00  1.21228687e+00  8.60341750e-01  0.00000000e+00  2.74690687e+01
  2.49800563e-16  1.10499250e+00  1.45416375e+00  1.97790000e+00  1.97792000e+00  1.97806000e+00  1.98011000e+00  1.45416375e+00  1.10499250e+00  2.49800563e-16  3.54564937e+01
  7.66903562e-02  1.17991187e+00  1.52828250e+00  2.05081875e+00  2.05083875e+00  2.05098875e+00  2.05305937e+00  1.52828250e+00  1.17991187e+00  7.66903562e-02  3.80883625e+01
  5.11436500e-01  1.60624062e+00  1.95086000e+00  2.46775500e+00  2.46777500e+00  2.46795500e+00  2.47014500e+00  1.95086000e+00  1.60624062e+00  5.11436500e-01  5.16196250e+01
  1.04881000e+00  2.13524437e+00  2.47615375e+00  2.98748687e+00  2.98750687e+00  2.98771687e+00  2.99003687e+00  2.47615375e+00  2.13524437e+00  1.04881000e+00  6.81641187e+01
  1.69395750e+00  2.77204750e+00  3.10929500e+00  3.61512687e+00  3.61515687e+00  3.61540687e+00  3.61784687e+00  3.10929500e+00  2.77204750e+00  1.69395750e+00  8.81789375e+01
  2.46045250e+00  3.53021750e+00  3.86384375e+00  4.36423437e+00  4.36426437e+00  4.36455437e+00  4.36712500e+00  3.86384375e+00  3.53021750e+00  2.46045250e+00  1.12053000e+02
  3.36542500e+00  4.42688437e+00  4.75692062e+00  5.25192000e+00  5.25195937e+00  5.25229937e+00  5.25500000e+00  4.75692062e+00  4.42688437e+00  3.36542500e+00  1.40244937e+02
  4.42452437e+00  5.47767000e+00  5.80415562e+00  6.29383250e+00  6.29387250e+00  6.29426250e+00  6.29711250e+00  5.80415562e+00  5.47767000e+00  4.42452437e+00  1.73128750e+02
  5.65292312e+00  6.69778375e+00  7.02075750e+00  7.50515375e+00  7.50519375e+00  7.50563375e+00  7.50862375e+00  7.02075750e+00  6.69778375e+00  5.65292312e+00  2.11036312e+02
  7.06790937e+00  8.10447562e+00  8.42395875e+00  8.90312375e+00  8.90317312e+00  8.90367312e+00  8.90681375e+00  8.42395875e+00  8.10447562e+00  7.06790937e+00  2.54321875e+02
  8.68732562e+00  9.71559687e+00  1.00316375e+01  1.05056312e+01  1.05056312e+01  1.05062312e+01  1.05095312e+01  1.00316375e+01  9.71559687e+00  8.68732562e+00  3.03322312e+02
  1.05294562e+01  1.15494562e+01  1.18621187e+01  1.23309125e+01  1.23310062e+01  1.23316125e+01  1.23351062e+01  1.18621187e+01  1.15494562e+01  1.05294562e+01  3.58347750e+02
  1.26130125e+01  1.36246312e+01  1.39338875e+01  1.43976750e+01  1.43976812e+01  1.43983812e+01  1.44020750e+01  1.39338875e+01  1.36246312e+01  1.26130125e+01  4.19674250e+02
  1.49565687e+01  1.59598937e+01  1.62657500e+01  1.67244437e+01  1.67245375e+01  1.67253375e+01  1.67291375e+01  1.62657500e+01  1.59598937e+01  1.49565687e+01  4.87545750e+02
  1.75787312e+01  1.85738500e+01  1.88764062e+01  1.93300937e+01  1.93301000e+01  1.93309937e+01  1.93349937e+01  1.88764062e+01  1.85738500e+01  1.75787312e+01  5.62161500e+02
  2.04981687e+01  2.14849000e+01  2.17840625e+01  2.22328437e+01  2.22329437e+01  2.22338437e+01  2.22380437e+01  2.17840625e+01  2.14849000e+01  2.04981687e+01  6.43679437e+02
  2.37325125e+01  2.47109437e+01  2.50069000e+01  2.54506875e+01  2.54507875e+01  2.54518875e+01  2.54561875e+01  2.50069000e+01  2.47109437e+01  2.37325125e+01  7.32209562e+02
  2.73054562e+01  2.82755875e+01  2.85682500e+01  2.90072312e+01  2.90073312e+01  2.90084312e+01  2.90130312e+01  2.85682500e+01  2.82755875e+01  2.73054562e+01  8.27937937e+02
  3.12303937e+01  3.21921375e+01  3.24816937e+01  3.29157750e+01  3.29158750e+01  3.29171750e+01  3.29218750e+01  3.24816937e+01  3.21921375e+01  3.12303937e+01  9.30793750e+02
  0.00000000e+00  0.00000000e+00  3.66107625e-01  9.15270063e-01  9.15270063e-01  9.15291063e-01  9.16821125e-01  3.66107625e-01  0.00000000e+00  0.00000000e+00  3.77192562e-02
  0.00000000e+00  4.32759500e-02  4.05163813e-01  9.47991563e-01  9.47994563e-01  9.48031500e-01  9.49666563e-01  4.05163813e-01  4.32759500e-02  0.00000000e+00  1.50741937e+00
  0.00000000e+00  1.19882562e-01  4.77730000e-01  1.01449563e+00  1.01449625e+00  1.01455563e+00  1.01629625e+00  4.77730000e-01  1.19882562e-01  0.00000000e+00  3.87651937e+00
  0.00000000e+00  2.32440875e-01  5.86387187e-01  1.11729688e+00  1.11730625e+00  1.11737688e+00  1.11922687e+00  5.86387187e-01  2.32440875e-01  0.00000000e+00  7.36440125e+00
  0.00000000e+00  3.86153062e-01  7.36317375e-01  1.26154937e+00  1.26155938e+00  1.26165938e+00  1.26361937e+00  7.36317375e-01  3.86153062e-01  0.00000000e+00  1.21863750e+01
  0.00000000e+00  5.89081500e-01  9.35573750e-01  1.45529312e+00  1.45530312e+00  1.45543312e+00  1.45750312e+00  9.35573750e-01  5.89081500e-01  0.00000000e+00  1.86487937e+01
  0.00000000e+00  8.47316000e-01  1.19022437e+00  1.70456875e+00  1.70458875e+00  1.70473875e+00  1.70692812e+00  1.19022437e+00  8.47316000e-01  0.00000000e+00  2.69839437e+01
  4.16333750e-17  1.08574562e+00  1.42594437e+00  1.93620750e+00  1.93622750e+00  1.93640687e+00  1.93867750e+00  1.42594437e+00  1.08574562e+00  4.16333750e-17  3.47484625e+01
  7.46394062e-02  1.15860625e+00  1.49802437e+00  2.00711687e+00  2.00713687e+00  2.00732687e+00  2.00962687e+00  1.49802437e+00  1.15860625e+00  7.46394062e-02  3.73010625e+01
  4.97190062e-01  1.57271937e+00  1.90845687e+00  2.41203750e+00  2.41205812e+00  2.41227812e+00  2.41470812e+00  1.90845687e+00  1.57271937e+00  4.97190062e-01  5.04049687e+01
  1.01813187e+00  2.08526875e+00  2.41738562e+00  2.91551500e+00  2.91553562e+00  2.91580500e+00  2.91836500e+00  2.41738562e+00  2.08526875e+00  1.01813187e+00  6.63810312e+01
  1.64206500e+00  2.70082750e+00  3.02935312e+00  3.52210187e+00  3.52213187e+00  3.52244125e+00  3.52514125e+00  3.02935312e+00  2.70082750e+00  1.64206500e+00  8.56578500e+01
  2.38168750e+00  3.43210500e+00  3.75708000e+00  4.24450687e+00  4.24454687e+00  4.24489687e+00  4.24773687e+00  3.75708000e+00  3.43210500e+00  2.38168750e+00  1.08597125e+02
  3.25310750e+00  4.29518125e+00  4.61665500e+00  5.09881062e+00  5.09885062e+00  5.09926000e+00  5.10225062e+00  4.61665500e+00  4.29518125e+00  3.25310750e+00  1.35622312e+02
  4.27091750e+00  5.30466562e+00  5.62266875e+00  6.09961250e+00  6.09965250e+00  6.10012250e+00  6.10326312e+00  5.62266875e+00  5.30466562e+00  4.27091750e+00  1.67079375e+02
  5.44927562e+00  6.47470000e+00  6.78927125e+00  7.26104437e+00  7.26109375e+00  7.26162375e+00  7.26492437e+00  6.78927125e+00  6.47470000e+00  5.44927562e+00  2.03270250e+02
  6.80425312e+00  7.82135250e+00  8.13251375e+00  8.59917500e+00  8.59922500e+00  8.59982500e+00  8.60328562e+00  8.13251375e+00  7.82135250e+00  6.80425312e+00  2.44517062e+02
  8.35240187e+00  9.36118625e+00  9.66897562e+00  1.01306125e+01  1.01306187e+01  1.01313125e+01  1.01349187e+01  9.66897562e+00  9.36118625e+00  8.35240187e+00  2.91126812e+02
  1.01107375e+01  1.11111625e+01  1.14156187e+01  1.18722062e+01  1.18722125e+01  1.18730062e+01  1.18768062e+01  1.14156187e+01  1.11111625e+01  1.01107375e+01  3.43375625e+02
  1.20963187e+01  1.30884437e+01  1.33896000e+01  1.38411875e+01  1.38411937e+01  1.38420875e+01  1.38460875e+01  1.33896000e+01  1.30884437e+01  1.20963187e+01  4.01513437e+02
  1.43264937e+01  1.53102250e+01  1.56080812e+01  1.60547687e+01  1.60548687e+01  1.60557687e+01  1.60599687e+01  1.56080812e+01  1.53102250e+01  1.43264937e+01  4.65752375e+02
  1.68182625e+01  1.77937000e+01  1.80883500e+01  1.85301375e+01  1.85301375e+01  1.85312375e+01  1.85355375e+01  1.80883500e+01  1.77937000e+01  1.68182625e+01  5.36265437e+02
  1.95885250e+01  2.05556687e+01  2.08471187e+01  2.12840062e+01  2.12841000e+01  2.12852062e+01  2.12898000e+01  2.08471187e+01  2.05556687e+01  1.95885250e+01  6.13187687e+02
  2.26536875e+01  2.36125312e+01  2.39006812e+01  2.43327687e+01  2.43328687e+01  2.43341625e+01  2.43388687e+01  2.39006812e+01  2.36125312e+01  2.26536875e+01  6.96603187e+02
  2.60352375e+01  2.69856937e+01  2.72706500e+01  2.76980312e+01  2.76981250e+01  2.76995250e+01  2.77044312e+01  2.72706500e+01  2.69856937e+01  2.60352375e+01  7.86670937e+02
  2.97450062e+01  3.06871562e+01  3.09690125e+01  3.13916875e+01  3.13917875e+01  3.13932875e+01  3.13984875e+01  3.09690125e+01  3.06871562e+01  2.97450062e+01  8.83310000e+02
  0.00000000e+00  0.00000000e+00  3.54738438e-01  8.86846188e-01  8.86846188e-01  8.86874188e-01  8.88599250e-01  3.54738438e-01  0.00000000e+00  0.00000000e+00  4.23369250e-02
  0.00000000e+00  4.39226125e-02  3.94549063e-01  9.20484125e-01  9.20487125e-01  9.20535125e-01  9.22377188e-01  3.94549063e-01  4.39226125e-02  0.00000000e+00  1.51927687e+00
  0.00000000e+00  1.20401000e-01  4.67091312e-01  9.87117750e-01  9.87123750e-01  9.87194688e-01  9.89153813e-01  4.67091312e-01  1.20401000e-01  0.00000000e+00  3.87328250e+00
  0.00000000e+00  2.31672000e-01  5.74560312e-01  1.08888188e+00  1.08889188e+00  1.08898250e+00  1.09106250e+00  5.74560312e-01  2.31672000e-01  0.00000000e+00  7.31093187e+00
  0.00000000e+00  3.82580562e-01  7.21784875e-01  1.23057687e+00  1.23058750e+00  1.23070750e+00  1.23290750e+00  7.21784875e-01  3.82580562e-01  0.00000000e+00  1.20327937e+01
  0.00000000e+00  5.80694062e-01  9.16320437e-01  1.41973437e+00  1.41975437e+00  1.41991437e+00  1.42223437e+00  9.16320437e-01  5.80694062e-01  0.00000000e+00  1.83250187e+01
  0.00000000e+00  8.31650437e-01  1.16379375e+00  1.66197375e+00  1.66199312e+00  1.66218375e+00  1.66463375e+00  1.16379375e+00  8.31650437e-01  0.00000000e+00  2.64014812e+01
  1.38778125e-17  1.06263125e+00  1.39212687e+00  1.88633562e+00  1.88635562e+00  1.88657562e+00  1.88912562e+00  1.39212687e+00  1.06263125e+00  1.38778125e-17  3.38991062e+01
  7.21846125e-02  1.13302312e+00  1.46175875e+00  1.95483625e+00  1.95485625e+00  1.95508625e+00  1.95765687e+00  1.46175875e+00  1.13302312e+00  7.21846125e-02  3.63571437e+01
  4.80148687e-01  1.53252187e+00  1.85767625e+00  2.34537312e+00  2.34539312e+00  2.34567312e+00  2.34839312e+00  1.85767625e+00  1.53252187e+00  4.80148687e-01  4.89501250e+01
  9.81467062e-01  2.02540875e+00  2.34703250e+00  2.82942750e+00  2.82945750e+00  2.82977750e+00  2.83264750e+00  2.34703250e+00  2.02540875e+00  9.81467062e-01  6.42476875e+01
  1.58006562e+00  2.61560500e+00  2.93373750e+00  3.41089125e+00  3.41092187e+00  3.41130125e+00  3.41431187e+00  2.93373750e+00  2.61560500e+00  1.58006562e+00  8.26449250e+01
  2.28765687e+00  3.31481125e+00  3.62950250e+00  4.10146562e+00  4.10150562e+00  4.10194500e+00  4.10511562e+00  3.62950250e+00  3.31481125e+00  2.28765687e+00  1.04469500e+02
  3.11909750e+00  4.13788687e+00  4.44915750e+00  4.91599937e+00  4.91603937e+00  4.91653875e+00  4.91987875e+00  4.44915750e+00  4.13788687e+00  3.11909750e+00  1.30107937e+02
  4.08778750e+00  5.09821250e+00  5.40610250e+00  5.86787250e+00  5.86791250e+00  5.86848250e+00  5.87199187e+00  5.40610250e+00  5.09821250e+00  4.08778750e+00  1.59869250e+02
  5.20662812e+00  6.20868812e+00  6.51323750e+00  6.96998625e+00  6.97003562e+00  6.97067562e+00  6.97435562e+00  6.51323750e+00  6.20868812e+00  5.20662812e+00  1.94019500e+02
  6.49026937e+00  7.48398437e+00  7.78522250e+00  8.23699000e+00  8.23704000e+00  8.23776937e+00  8.24162000e+00  7.78522250e+00  7.48398437e+00  6.49026937e+00  2.32847687e+02
  7.95378187e+00  8.93915187e+00  9.23710937e+00  9.68394562e+00  9.68400562e+00  9.68481500e+00  9.68885562e+00  9.23710937e+00  8.93915187e+00  7.95378187e+00  2.76619875e+02
  9.61253625e+00  1.05895812e+01  1.08842375e+01  1.13262250e+01  1.13263187e+01  1.13272187e+01  1.13314250e+01  1.08842375e+01  1.05895812e+01  9.61253625e+00  3.25580000e+02
  1.14820437e+01  1.24506812e+01  1.27421437e+01  1.31793187e+01  1.31793250e+01  1.31803250e+01  1.31848187e+01  1.27421437e+01  1.24506812e+01  1.14820437e+01  3.79938250e+02
  1.35777312e+01  1.45379812e+01  1.48263375e+01  1.52586187e+01  1.52587187e+01  1.52598187e+01  1.52644187e+01  1.48263375e+01  1.45379812e+01  1.35777312e+01  4.39876562e+02
  1.59149250e+01  1.68668750e+01  1.71520250e+01  1.75796062e+01  1.75797062e+01  1.75809062e+01  1.75858062e+01  1.71520250e+01  1.68668750e+01  1.59149250e+01  5.05536062e+02
  1.85087062e+01  1.94523625e+01  1.97343187e+01  2.01571937e+01  2.01572937e+01  2.01585937e+01  2.01636937e+01  1.97343187e+01  1.94523625e+01  1.85087062e+01  5.77021687e+02
  2.13735812e+01  2.23087500e+01  2.25877000e+01  2.30058750e+01  2.30059750e+01  2.30074750e+01  2.30127750e+01  2.25877000e+01  2.23087500e+01  2.13735812e+01  6.54392625e+02
  2.45285625e+01  2.54554312e+01  2.57311875e+01  2.61447625e+01  2.61448625e+01  2.61464625e+01  2.61520562e+01  2.57311875e+01  2.54554312e+01  2.45285625e+01  7.37772875e+02
  2.79839500e+01  2.89025187e+01  2.91752687e+01  2.95842437e+01  2.95843437e+01  2.95860500e+01  2.95918437e+01  2.91752687e+01  2.89025187e+01  2.79839500e+01  8.27070312e+02
  0.00000000e+00  0.00000000e+00  3.41488813e-01  8.53723000e-01  8.53723000e-01  8.53760063e-01  8.55724125e-01  3.41488813e-01  0.00000000e+00  0.00000000e+00  4.79822625e-02
  0.00000000e+00  4.46868125e-02  3.82190000e-01  8.88440625e-01  8.88443625e-01  8.88507500e-01  8.90601625e-01  3.82190000e-01  4.46868125e-02  0.00000000e+00  1.53369187e+00
  0.00000000e+00  1.21004812e-01  4.54693500e-01  9.55216625e-01  9.55222688e-01  9.55314625e-01  9.57540688e-01  4.54693500e-01  1.21004812e-01  0.00000000e+00  3.86975937e+00
  0.00000000e+00  2.30741937e-01  5.60746687e-01  1.05573750e+00  1.05574750e+00  1.05587688e+00  1.05822750e+00  5.60746687e-01  2.30741937e-01  0.00000000e+00  7.24789562e+00
  0.00000000e+00  3.78335250e-01  7.04770062e-01  1.19440500e+00  1.19441500e+00  1.19457500e+00  1.19706563e+00  7.04770062e-01  3.78335250e-01  0.00000000e+00  1.18515437e+01
  0.00000000e+00  5.70772500e-01  8.93741312e-01  1.37816625e+00  1.37818625e+00  1.37838562e+00  1.38101625e+00  8.93741312e-01  5.70772500e-01  0.00000000e+00  1.79436687e+01
  0.00000000e+00  8.13176250e-01  1.13276562e+00  1.61212000e+00  1.61214000e+00  1.61238000e+00  1.61515937e+00  1.13276562e+00  8.13176250e-01  0.00000000e+00  2.57164812e+01
  4.16333750e-17  1.03541000e+00  1.35244250e+00  1.82794625e+00  1.82796625e+00  1.82824562e+00  1.83112625e+00  1.35244250e+00  1.03541000e+00  4.16333750e-17  3.29015312e+01
  6.93095937e-02  1.10292312e+00  1.41921500e+00  1.89361812e+00  1.89364812e+00  1.89392812e+00  1.89684812e+00  1.41921500e+00  1.10292312e+00  6.93095937e-02  3.52488062e+01
  4.60205437e-01  1.48531812e+00  1.79813937e+00  2.26734125e+00  2.26736125e+00  2.26770125e+00  2.27078125e+00  1.79813937e+00  1.48531812e+00  4.60205437e-01  4.72448875e+01
  9.38599500e-01  1.95524250e+00  2.26464312e+00  2.72871312e+00  2.72874312e+00  2.72914312e+00  2.73237375e+00  2.26464312e+00  1.95524250e+00  9.38599500e-01  6.17509812e+01
  1.50765000e+00  2.51584812e+00  2.82187750e+00  3.28086625e+00  3.28089687e+00  3.28136625e+00  3.28476687e+00  2.82187750e+00  2.51584812e+00  1.50765000e+00  7.91235937e+01
  2.17793187e+00  3.17770437e+00  3.48039312e+00  3.93437062e+00  3.93441062e+00  3.93494062e+00  3.93852062e+00  3.48039312e+00  3.17770437e+00  2.17793187e+00  9.96530312e+01
  2.96287312e+00  3.95424125e+00  4.25362875e+00  4.70263562e+00  4.70268562e+00  4.70329500e+00  4.70704625e+00  4.25362875e+00  3.95424125e+00  2.96287312e+00  1.23679875e+02
  3.87447625e+00  4.85743937e+00  5.15355687e+00  5.59766187e+00  5.59771187e+00  5.59840125e+00  5.60235125e+00  5.15355687e+00  4.85743937e+00  3.87447625e+00  1.51473500e+02
  4.92423062e+00  5.89879937e+00  6.19168500e+00  6.63092937e+00  6.63097937e+00  6.63175937e+00  6.63589937e+00  6.19168500e+00  5.89879937e+00  4.92423062e+00  1.83261125e+02
  6.12516750e+00  7.09135125e+00  7.38103625e+00  7.81546875e+00  7.81552875e+00  7.81639875e+00  7.82073875e+00  7.38103625e+00  7.09135125e+00  6.12516750e+00  2.19287750e+02
  7.49064625e+00  8.44844500e+00  8.73495875e+00  9.16462062e+00  9.16468125e+00  9.16566062e+00  9.17020062e+00  8.73495875e+00  8.44844500e+00  7.49064625e+00  2.59780312e+02
  9.03418875e+00  9.98361250e+00  1.02669750e+01  1.06919562e+01  1.06919562e+01  1.06930562e+01  1.06978562e+01  1.02669750e+01  9.98361250e+00  9.03418875e+00  3.04939875e+02
  1.07693875e+01  1.17104437e+01  1.19906937e+01  1.24109750e+01  1.24109812e+01  1.24121812e+01  1.24171750e+01  1.19906937e+01  1.17104437e+01  1.07693875e+01  3.54937625e+02
  1.27097937e+01  1.36423625e+01  1.39196125e+01  1.43351937e+01  1.43352937e+01  1.43365937e+01  1.43417937e+01  1.39196125e+01  1.36423625e+01  1.27097937e+01  4.09916437e+02
  1.48685062e+01  1.57927750e+01  1.60669250e+01  1.64780000e+01  1.64781000e+01  1.64795062e+01  1.64849062e+01  1.60669250e+01  1.57927750e+01  1.48685062e+01  4.69983375e+02
  1.72587125e+01  1.81745875e+01  1.84456375e+01  1.88522125e+01  1.88523062e+01  1.88538125e+01  1.88595125e+01  1.84456375e+01  1.81745875e+01  1.72587125e+01  5.35209500e+02
  1.98925187e+01  2.08000000e+01  2.10681437e+01  2.14701187e+01  2.14702187e+01  2.14719250e+01  2.14779187e+01  2.10681437e+01  2.08000000e+01  1.98925187e+01  6.05625937e+02
  2.27865250e+01  2.36856062e+01  2.39507562e+01  2.43483250e+01  2.43484250e+01  2.43503250e+01  2.43565250e+01  2.39507562e+01  2.36856062e+01  2.27865250e+01  6.81319562e+02
  2.59491312e+01  2.68398187e+01  2.71020625e+01  2.74951375e+01  2.74952375e+01  2.74973375e+01  2.75037375e+01  2.71020625e+01  2.68398187e+01  2.59491312e+01  7.62183500e+02
  0.00000000e+00  0.00000000e+00  3.26534688e-01  8.16336750e-01  8.16336750e-01  8.16386688e-01  8.18638813e-01  3.26534688e-01  0.00000000e+00  0.00000000e+00  5.47951062e-02
  0.00000000e+00  4.55660312e-02  3.68258625e-01  8.52291188e-01  8.52295125e-01  8.52377125e-01  8.54776250e-01  3.68258625e-01  4.55660312e-02  0.00000000e+00  1.55092562e+00
  0.00000000e+00  1.21684062e-01  4.40698812e-01  9.19209938e-01  9.19217875e-01  9.19335875e-01  9.21883938e-01  4.40698812e-01  1.21684062e-01  0.00000000e+00  3.86615250e+00
  0.00000000e+00  2.29636625e-01  5.45101437e-01  1.01828188e+00  1.01829188e+00  1.01845188e+00  1.02115188e+00  5.45101437e-01  2.29636625e-01  0.00000000e+00  7.17549500e+00
  0.00000000e+00  3.73404250e-01  6.85429187e-01  1.15344375e+00  1.15345375e+00  1.15366313e+00  1.15651313e+00  6.85429187e-01  3.73404250e-01  0.00000000e+00  1.16432187e+01
  0.00000000e+00  5.59330625e-01  8.68016625e-01  1.33101812e+00  1.33103812e+00  1.33128812e+00  1.33428875e+00  8.68016625e-01  5.59330625e-01  0.00000000e+00  1.75061750e+01
  0.00000000e+00  7.91961500e-01  1.09739812e+00  1.55550750e+00  1.55552750e+00  1.55583687e+00  1.55899750e+00  1.09739812e+00  7.91961500e-01  0.00000000e+00  2.49328437e+01
  0.00000000e+00  1.00423200e+00  1.30720000e+00  1.76160812e+00  1.76162812e+00  1.76197812e+00  1.76525875e+00  1.30720000e+00  1.00423200e+00  0.00000000e+00  3.17625250e+01
  6.60409312e-02  1.06846625e+00  1.37072437e+00  1.82407125e+00  1.82409187e+00  1.82445187e+00  1.82777187e+00  1.37072437e+00  1.06846625e+00  6.60409312e-02  3.39840562e+01
  4.37558187e-01  1.43142875e+00  1.73034625e+00  2.17868187e+00  2.17871187e+00  2.17913250e+00  2.18263250e+00  1.73034625e+00  1.43142875e+00  4.37558187e-01  4.53036562e+01
  8.89986000e-01  1.87534187e+00  2.17096875e+00  2.61436312e+00  2.61439312e+00  2.61489312e+00  2.61857312e+00  2.17096875e+00  1.87534187e+00  8.89986000e-01  5.89152125e+01
  1.42563812e+00  2.40250687e+00  2.69489250e+00  3.13339625e+00  3.13342687e+00  3.13400625e+00  3.13787625e+00  2.69489250e+00  2.40250687e+00  1.42563812e+00  7.51325125e+01
  2.05385000e+00  3.02224437e+00  3.31140937e+00  3.74509187e+00  3.74513187e+00  3.74579187e+00  3.74985187e+00  3.31140937e+00  3.02224437e+00  2.05385000e+00  9.42042750e+01
  2.78644437e+00  3.74638437e+00  4.03237812e+00  4.46127937e+00  4.46132937e+00  4.46207937e+00  4.46634000e+00  4.03237812e+00  3.74638437e+00  2.78644437e+00  1.16421937e+02
  3.63390125e+00  4.58539625e+00  4.86823937e+00  5.29242937e+00  5.29247937e+00  5.29332937e+00  5.29779937e+00  4.86823937e+00  4.58539625e+00  3.63390125e+00  1.42009000e+02
  4.60614125e+00  5.54920125e+00  5.82894375e+00  6.24845250e+00  6.24851250e+00  6.24946250e+00  6.25415250e+00  5.82894375e+00  5.54920125e+00  4.60614125e+00  1.71152062e+02
  5.71442500e+00  6.64905937e+00  6.92572125e+00  7.34060937e+00  7.34067875e+00  7.34173875e+00  7.34664875e+00  6.92572125e+00  6.64905937e+00  5.71442500e+00  2.04049125e+02
  6.97021250e+00  7.89642187e+00  8.17004250e+00  8.58034937e+00  8.58041937e+00  8.58159937e+00  8.58673937e+00  8.17004250e+00  7.89642187e+00  6.97021250e+00  2.40882187e+02
  8.38504437e+00  9.30282937e+00  9.57342937e+00  9.97921437e+00  9.97928500e+00  9.98059437e+00  9.98596500e+00  9.57342937e+00  9.30282937e+00  8.38504437e+00  2.81807250e+02
  9.97039312e+00  1.08797250e+01  1.11473750e+01  1.15486500e+01  1.15487437e+01  1.15502437e+01  1.15558437e+01  1.11473750e+01  1.08797250e+01  9.97039312e+00  3.26952437e+02
  1.17375812e+01  1.26385625e+01  1.29032125e+01  1.33000812e+01  1.33001812e+01  1.33017812e+01  1.33075875e+01  1.29032125e+01  1.26385625e+01  1.17375812e+01  3.76419812e+02
  1.36977125e+01  1.45903000e+01  1.48520437e+01  1.52445187e+01  1.52445250e+01  1.52463187e+01  1.52524187e+01  1.48520437e+01  1.45903000e+01  1.36977125e+01  4.30279250e+02
  1.58614437e+01  1.67455375e+01  1.70043812e+01  1.73924562e+01  1.73925562e+01  1.73944562e+01  1.74008562e+01  1.70043812e+01  1.67455375e+01  1.58614437e+01  4.88565937e+02
  1.82386750e+01  1.91144687e+01  1.93704187e+01  1.97541875e+01  1.97542875e+01  1.97562875e+01  1.97629875e+01  1.93704187e+01  1.91144687e+01  1.82386750e+01  5.51281875e+02
  2.08431062e+01  2.17104125e+01  2.19635500e+01  2.23430250e+01  2.23431250e+01  2.23453250e+01  2.23523250e+01  2.19635500e+01  2.17104125e+01  2.08431062e+01  6.18473000e+02
  2.36809437e+01  2.45399500e+01  2.47901937e+01  2.51654625e+01  2.51655625e+01  2.51680625e+01  2.51752625e+01  2.47901937e+01  2.45399500e+01  2.36809437e+01  6.90017500e+02
  0.00000000e+00  0.00000000e+00  3.10391313e-01  7.75978750e-01  7.75978750e-01  7.76043688e-01  7.78638875e-01  3.10391313e-01  0.00000000e+00  0.00000000e+00  6.28860812e-02
  0.00000000e+00  4.65406250e-02  3.53246250e-01  8.13297250e-01  8.13301250e-01  8.13408188e-01  8.16170313e-01  3.53246250e-01  4.65406250e-02  0.00000000e+00  1.57109062e+00
  0.00000000e+00  1.22407000e-01  4.25585437e-01  8.80340063e-01  8.80348063e-01  8.80501000e-01  8.83430188e-01  4.25585437e-01  1.22407000e-01  0.00000000e+00  3.86279375e+00
  0.00000000e+00  2.28343312e-01  5.28117812e-01  9.77759125e-01  9.77771188e-01  9.77974062e-01  9.81073250e-01  5.28117812e-01  2.28343312e-01  0.00000000e+00  7.09515187e+00
  0.00000000e+00  3.67843625e-01  6.64320312e-01  1.10901187e+00  1.10902250e+00  1.10928250e+00  1.11255250e+00  6.64320312e-01  3.67843625e-01  0.00000000e+00  1.14120187e+01
  0.00000000e+00  5.46567562e-01  8.39844375e-01  1.27972250e+00  1.27974250e+00  1.28006187e+00  1.28351187e+00  8.39844375e-01  5.46567562e-01  0.00000000e+00  1.70224125e+01
  0.00000000e+00  7.68454875e-01  1.05861375e+00  1.49381625e+00  1.49383687e+00  1.49421687e+00  1.49784625e+00  1.05861375e+00  7.68454875e-01  0.00000000e+00  2.40697500e+01
  2.08167187e-16  9.69817125e-01  1.25761062e+00  1.68926250e+00  1.68929187e+00  1.68972187e+00  1.69348250e+00  1.25761062e+00  9.69817125e-01  2.08167187e-16  3.05112937e+01
  6.24739687e-02  1.03047125e+00  1.31759562e+00  1.74821750e+00  1.74824750e+00  1.74869687e+00  1.75250687e+00  1.31759562e+00  1.03047125e+00  6.24739687e-02  3.25961625e+01
  4.12886500e-01  1.37227187e+00  1.65619562e+00  2.08202562e+00  2.08205562e+00  2.08258562e+00  2.08658625e+00  1.65619562e+00  1.37227187e+00  4.12886500e-01  4.31811062e+01
  8.37140625e-01  1.78795437e+00  2.06872750e+00  2.48982625e+00  2.48986625e+00  2.49047625e+00  2.49468625e+00  2.06872750e+00  1.78795437e+00  8.37140625e-01  5.58251312e+01
  1.33668687e+00  2.27896000e+00  2.55662187e+00  2.97304000e+00  2.97309000e+00  2.97379937e+00  2.97821937e+00  2.55662187e+00  2.27896000e+00  1.33668687e+00  7.07972437e+01
  1.91953125e+00  2.85326937e+00  3.12786062e+00  3.53966750e+00  3.53971750e+00  3.54052687e+00  3.54516750e+00  3.12786062e+00  2.85326937e+00  1.91953125e+00  8.83029562e+01
  2.59584937e+00  3.52109250e+00  3.79265250e+00  4.19988812e+00  4.19994750e+00  4.20086750e+00  4.20572812e+00  3.79265250e+00  3.52109250e+00  2.59584937e+00  1.08582187e+02
  3.37453062e+00  4.29127875e+00  4.55982875e+00  4.96255312e+00  4.96261312e+00  4.96365250e+00  4.96874312e+00  4.55982875e+00  4.29127875e+00  3.37453062e+00  1.31813687e+02
  4.26386687e+00  5.17214000e+00  5.43771875e+00  5.83598187e+00  5.83605187e+00  5.83721187e+00  5.84254187e+00  5.43771875e+00  5.17214000e+00  4.26386687e+00  1.58139125e+02
  5.27329750e+00  6.17308625e+00  6.43573375e+00  6.82957625e+00  6.82964625e+00  6.83094562e+00  6.83652625e+00  6.43573375e+00  6.17308625e+00  5.27329750e+00  1.87710687e+02
  6.41229437e+00  7.30362750e+00  7.56335500e+00  7.95283562e+00  7.95291562e+00  7.95434562e+00  7.96017625e+00  7.56335500e+00  7.30362750e+00  6.41229437e+00  2.20663250e+02
  7.69034812e+00  8.57322562e+00  8.83008187e+00  9.21522250e+00  9.21531187e+00  9.21689187e+00  9.22299187e+00  8.83008187e+00  8.57322562e+00  7.69034812e+00  2.57107875e+02
  9.11679812e+00  9.99122062e+00  1.02452562e+01  1.06261250e+01  1.06262250e+01  1.06279250e+01  1.06343250e+01  1.02452562e+01  9.99122062e+00  9.11679812e+00  2.97130562e+02
  1.07007687e+01  1.15667687e+01  1.18179187e+01  1.21945812e+01  1.21946812e+01  1.21965875e+01  1.22031875e+01  1.18179187e+01  1.15667687e+01  1.07007687e+01  3.40791437e+02
  1.24510250e+01  1.33085375e+01  1.35568812e+01  1.39293500e+01  1.39294500e+01  1.39315437e+01  1.39384500e+01  1.35568812e+01  1.33085375e+01  1.24510250e+01  3.88121437e+02
  1.43757812e+01  1.52249000e+01  1.54705437e+01  1.58388062e+01  1.58389062e+01  1.58412062e+01  1.58484062e+01  1.54705437e+01  1.52249000e+01  1.43757812e+01  4.39124687e+02
  1.64828437e+01  1.73235625e+01  1.75665000e+01  1.79305687e+01  1.79307687e+01  1.79331687e+01  1.79407687e+01  1.75665000e+01  1.73235625e+01  1.64828437e+01  4.93773062e+02
  1.87828000e+01  1.96150312e+01  1.98552687e+01  2.02153312e+01  2.02154375e+01  2.02181312e+01  2.02260312e+01  1.98552687e+01  1.96150312e+01  1.87828000e+01  5.52069750e+02
  2.12798687e+01  2.21038000e+01  2.23412437e+01  2.26973062e+01  2.26975000e+01  2.27004000e+01  2.27086000e+01  2.23412437e+01  2.21038000e+01  2.12798687e+01  6.13885687e+02
  0.00000000e+00  0.00000000e+00  2.94028875e-01  7.35070688e-01  7.35070688e-01  7.35157625e-01  7.38152813e-01  2.94028875e-01  0.00000000e+00  0.00000000e+00  7.23147625e-02
  0.00000000e+00  4.75651000e-02  3.38068313e-01  7.73815750e-01  7.73820688e-01  7.73959625e-01  7.77143813e-01  3.38068313e-01  4.75651000e-02  0.00000000e+00  1.59397875e+00
  0.00000000e+00  1.23115687e-01  4.10247750e-01  8.40930938e-01  8.40939938e-01  8.41136750e-01  8.44510000e-01  4.10247750e-01  1.23115687e-01  0.00000000e+00  3.86004750e+00
  0.00000000e+00  2.26855062e-01  5.10735312e-01  9.36531187e-01  9.36544250e-01  9.36803125e-01  9.40369312e-01  5.10735312e-01  2.26855062e-01  0.00000000e+00  7.00984000e+00
  0.00000000e+00  3.61803250e-01  6.42533687e-01  1.06360187e+00  1.06361250e+00  1.06394250e+00  1.06770250e+00  6.42533687e-01  3.61803250e-01  0.00000000e+00  1.11668562e+01
  0.00000000e+00  5.32942812e-01  8.10617500e-01  1.22708750e+00  1.22711687e+00  1.22751687e+00  1.23146750e+00  8.10617500e-01  5.32942812e-01  0.00000000e+00  1.65127875e+01
  0.00000000e+00  7.43622750e-01  1.01832062e+00  1.43032687e+00  1.43035687e+00  1.43083687e+00  1.43498750e+00  1.01832062e+00  7.43622750e-01  0.00000000e+00  2.31662937e+01
  2.22045000e-16  9.33675937e-01  1.20612250e+00  1.61473750e+00  1.61476812e+00  1.61530750e+00  1.61962750e+00  1.20612250e+00  9.33675937e-01  2.22045000e-16  2.92075875e+01
  5.87963187e-02  9.90639625e-01  1.26243875e+00  1.67008375e+00  1.67011437e+00  1.67067437e+00  1.67503437e+00  1.26243875e+00  9.90639625e-01  5.87963187e-02  3.11521000e+01
  3.87518937e-01  1.31067750e+00  1.57943625e+00  1.98250062e+00  1.98254062e+00  1.98319062e+00  1.98778062e+00  1.57943625e+00  1.31067750e+00  3.87518937e-01  4.09856875e+01
  7.82987375e-01  1.69751812e+00  1.96326750e+00  2.36182000e+00  2.36186062e+00  2.36263000e+00  2.36744062e+00  1.96326750e+00  1.69751812e+00  7.82987375e-01  5.26461812e+01
  1.24583625e+00  2.15176437e+00  2.41455250e+00  2.80864500e+00  2.80869437e+00  2.80957437e+00  2.81462437e+00  2.41455250e+00  2.15176437e+00  1.24583625e+00  6.63599875e+01
  1.78281187e+00  2.68015500e+00  2.94001250e+00  3.32971312e+00  3.32977312e+00  3.33076312e+00  3.33606312e+00  2.94001250e+00  2.68015500e+00  1.78281187e+00  8.22913375e+01
  2.40250312e+00  3.29129062e+00  3.54825750e+00  3.93361687e+00  3.93367687e+00  3.93480625e+00  3.94034750e+00  3.54825750e+00  3.29129062e+00  2.40250312e+00  1.00632437e+02
  3.11225937e+00  3.99250187e+00  4.24661750e+00  4.62767625e+00  4.62774562e+00  4.62900625e+00  4.63481625e+00  4.24661750e+00  3.99250187e+00  3.11225937e+00  1.21517312e+02
  3.91887062e+00  4.79058812e+00  5.04187312e+00  5.41868125e+00  5.41875125e+00  5.42017062e+00  5.42625062e+00  5.04187312e+00  4.79058812e+00  3.91887062e+00  1.45048250e+02
  4.82998937e+00  5.69319125e+00  5.94168562e+00  6.31429250e+00  6.31437250e+00  6.31595125e+00  6.32230187e+00  5.94168562e+00  5.69319125e+00  4.82998937e+00  1.71336187e+02
  5.85328437e+00  6.70799062e+00  6.95371500e+00  7.32217000e+00  7.32225062e+00  7.32399000e+00  7.33063062e+00  6.95371500e+00  6.70799062e+00  5.85328437e+00  2.00472125e+02
  6.99629750e+00  7.84250875e+00  8.08551125e+00  8.44984562e+00  8.44993625e+00  8.45185562e+00  8.45878625e+00  8.08551125e+00  7.84250875e+00  6.99629750e+00  2.32525250e+02
  8.26635937e+00  9.10409500e+00  9.34438687e+00  9.70465062e+00  9.70476000e+00  9.70686000e+00  9.71409062e+00  9.34438687e+00  9.10409500e+00  8.26635937e+00  2.67543500e+02
  9.67052062e+00  1.04997812e+01  1.07374187e+01  1.10936812e+01  1.10937812e+01  1.10960812e+01  1.11035875e+01  1.07374187e+01  1.04997812e+01  9.67052062e+00  3.05550875e+02
  1.12154312e+01  1.20362625e+01  1.22712062e+01  1.26234687e+01  1.26235687e+01  1.26260687e+01  1.26339687e+01  1.22712062e+01  1.20362625e+01  1.12154312e+01  3.46547312e+02
  1.29073125e+01  1.37196500e+01  1.39519937e+01  1.43002562e+01  1.43004500e+01  1.43031562e+01  1.43113562e+01  1.39519937e+01  1.37196500e+01  1.29073125e+01  3.90505062e+02
  1.47516000e+01  1.55555437e+01  1.57852812e+01  1.61296437e+01  1.61298375e+01  1.61328375e+01  1.61413437e+01  1.57852812e+01  1.55555437e+01  1.47516000e+01  4.37372000e+02
  1.67561937e+01  1.75517375e+01  1.77789687e+01  1.81194375e+01  1.81196312e+01  1.81228312e+01  1.81317312e+01  1.77789687e+01  1.75517375e+01  1.67561937e+01  4.87120125e+02
  1.89237812e+01  1.97109312e+01  1.99355687e+01  2.02722250e+01  2.02724250e+01  2.02758312e+01  2.02851250e+01  1.99355687e+01  1.97109312e+01  1.89237812e+01  5.39611500e+02
  0.00000000e+00  0.00000000e+00  2.78828813e-01  6.97071625e-01  6.97071625e-01  6.97185500e-01  7.00639688e-01  2.78828813e-01  0.00000000e+00  0.00000000e+00  8.30850125e-02
  0.00000000e+00  4.85621562e-02  3.24021188e-01  7.37201625e-01  7.37206625e-01  7.37386500e-01  7.41053688e-01  3.24021188e-01  4.85621562e-02  0.00000000e+00  1.61889625e+00
  0.00000000e+00  1.23709125e-01  3.95948250e-01  8.04288563e-01  8.04298563e-01  8.04550375e-01  8.08431625e-01  3.95948250e-01  1.23709125e-01  0.00000000e+00  3.85801750e+00
  0.00000000e+00  2.25155750e-01  4.94289125e-01  8.97962250e-01  8.97977250e-01  8.98307063e-01  9.02404313e-01  4.94289125e-01  2.25155750e-01  0.00000000e+00  6.92369687e+00
  0.00000000e+00  3.55507812e-01  6.21635437e-01  1.02079437e+00  1.02081438e+00  1.02122438e+00  1.02554437e+00  6.21635437e-01  3.55507812e-01  0.00000000e+00  1.09213000e+01
  0.00000000e+00  5.19144937e-01  7.82358812e-01  1.17713375e+00  1.17716375e+00  1.17766312e+00  1.18220375e+00  7.82358812e-01  5.19144937e-01  0.00000000e+00  1.60078687e+01
  0.00000000e+00  7.18914062e-01  9.79293250e-01  1.36980875e+00  1.36983875e+00  1.37043875e+00  1.37519937e+00  9.79293250e-01  7.18914062e-01  0.00000000e+00  2.22812312e+01
  0.00000000e+00  8.98072562e-01  1.15630437e+00  1.54358437e+00  1.54362437e+00  1.54429437e+00  1.54923437e+00  1.15630437e+00  8.98072562e-01  0.00000000e+00  2.79399687e+01
  5.52831625e-02  9.51506562e-01  1.20912187e+00  1.59548187e+00  1.59551187e+00  1.59621187e+00  1.60121187e+00  1.20912187e+00  9.51506562e-01  5.52831625e-02  2.97513250e+01
  3.63396625e-01  1.25087062e+00  1.50557687e+00  1.88757562e+00  1.88761562e+00  1.88843562e+00  1.89367562e+00  1.50557687e+00  1.25087062e+00  3.63396625e-01  3.88768187e+01
  7.31787312e-01  1.61055062e+00  1.86241562e+00  2.24011312e+00  2.24016312e+00  2.24110312e+00  2.24660375e+00  1.86241562e+00  1.61055062e+00  7.31787312e-01  4.96204500e+01
  1.16044250e+00  2.03054500e+00  2.27958000e+00  2.65303687e+00  2.65309625e+00  2.65417625e+00  2.65993687e+00  2.27958000e+00  2.03054500e+00  1.16044250e+00  6.21726125e+01
  1.65501875e+00  2.51648625e+00  2.76274000e+00  3.13201562e+00  3.13208500e+00  3.13330500e+00  3.13934562e+00  2.76274000e+00  2.51648625e+00  1.65501875e+00  7.66636437e+01
  2.22280062e+00  3.07566250e+00  3.31916562e+00  3.68431000e+00  3.68438000e+00  3.68576000e+00  3.69208000e+00  3.31916562e+00  3.07566250e+00  2.22280062e+00  9.32460562e+01
  2.86985875e+00  3.71412562e+00  3.95491812e+00  4.31598125e+00  4.31606125e+00  4.31760125e+00  4.32421187e+00  3.95491812e+00  3.71412562e+00  2.86985875e+00  1.12019687e+02
  3.60172437e+00  4.43742562e+00  4.67553687e+00  5.03255937e+00  5.03264937e+00  5.03436875e+00  5.04127937e+00  4.67553687e+00  4.43742562e+00  3.60172437e+00  1.33057875e+02
  4.42463750e+00  5.25180250e+00  5.48725375e+00  5.84029500e+00  5.84038500e+00  5.84228500e+00  5.84950562e+00  5.48725375e+00  5.25180250e+00  4.42463750e+00  1.56434187e+02
  5.34476812e+00  6.16340750e+00  6.39623812e+00  6.74532812e+00  6.74542875e+00  6.74752812e+00  6.75506875e+00  6.39623812e+00  6.16340750e+00  5.34476812e+00  1.82209562e+02
  6.36811812e+00  7.17825125e+00  7.40849062e+00  7.75367062e+00  7.75378062e+00  7.75609062e+00  7.76395125e+00  7.40849062e+00  7.17825125e+00  6.36811812e+00  2.10423062e+02
  7.50041750e+00  8.30206500e+00  8.52973437e+00  8.87105250e+00  8.87117250e+00  8.87370250e+00  8.88190312e+00  8.52973437e+00  8.30206500e+00  7.50041750e+00  2.41094625e+02
  8.74710687e+00  9.54027875e+00  9.76541687e+00  1.01029500e+01  1.01030562e+01  1.01058500e+01  1.01143562e+01  9.76541687e+00  9.54027875e+00  8.74710687e+00  2.74222375e+02
  1.01132062e+01  1.08978687e+01  1.11205062e+01  1.14542562e+01  1.14543625e+01  1.14573625e+01  1.14662625e+01  1.11205062e+01  1.08978687e+01  1.01132062e+01  3.09783312e+02
  1.16032125e+01  1.23794750e+01  1.25996062e+01  1.29295687e+01  1.29297625e+01  1.29330625e+01  1.29422687e+01  1.25996062e+01  1.23794750e+01  1.16032125e+01  3.47732437e+02
  1.32211187e+01  1.39889812e+01  1.42066187e+01  1.45329687e+01  1.45330750e+01  1.45366687e+01  1.45462750e+01  1.42066187e+01  1.39889812e+01  1.32211187e+01  3.88003687e+02
  1.49726250e+01  1.57320937e+01  1.59473312e+01  1.62699812e+01  1.62701812e+01  1.62739812e+01  1.62839875e+01  1.59473312e+01  1.57320937e+01  1.49726250e+01  4.30547125e+02
  1.68591375e+01  1.76102125e+01  1.78230500e+01  1.81420062e+01  1.81422000e+01  1.81464000e+01  1.81568000e+01  1.78230500e+01  1.76102125e+01  1.68591375e+01  4.75224875e+02
  0.00000000e+00  0.00000000e+00  2.63735875e-01  6.59339625e-01  6.59339625e-01  6.59489500e-01  6.63474750e-01  2.63735875e-01  0.00000000e+00  0.00000000e+00  9.55609437e-02
  0.00000000e+00  4.95070625e-02  3.10043438e-01  7.00837000e-01  7.00842063e-01  7.01074875e-01  7.05301125e-01  3.10043438e-01  4.95070625e-02  0.00000000e+00  1.64475562e+00
  0.00000000e+00  1.24097187e-01  3.81576500e-01  7.67774000e-01  7.67785938e-01  7.68107750e-01  7.72575063e-01  3.81576500e-01  1.24097187e-01  0.00000000e+00  3.85311625e+00
  0.00000000e+00  2.23024125e-01  4.77556750e-01  8.59325125e-01  8.59342125e-01  8.59760875e-01  8.64471250e-01  4.77556750e-01  2.23024125e-01  0.00000000e+00  6.82863562e+00
  0.00000000e+00  3.48508062e-01  6.00190937e-01  9.77674250e-01  9.77697250e-01  9.78218000e-01  9.83175312e-01  6.00190937e-01  3.48508062e-01  0.00000000e+00  1.06594625e+01
  0.00000000e+00  5.04363562e-01  7.53284812e-01  1.12661125e+00  1.12664125e+00  1.12727125e+00  1.13248125e+00  7.53284812e-01  5.04363562e-01  0.00000000e+00  1.54794562e+01
  0.00000000e+00  6.92972625e-01  9.39208187e-01  1.30850125e+00  1.30853187e+00  1.30928125e+00  1.31474125e+00  9.39208187e-01  6.92972625e-01  0.00000000e+00  2.13666750e+01
  1.04083125e-16  8.61083437e-01  1.10528625e+00  1.47151125e+00  1.47155125e+00  1.47239062e+00  1.47805125e+00  1.10528625e+00  8.61083437e-01  1.04083125e-16  2.66402437e+01
  5.17416500e-02  9.10963625e-01  1.15458500e+00  1.51993000e+00  1.51997000e+00  1.52084000e+00  1.52656000e+00  1.15458500e+00  9.10963625e-01  5.17416500e-02  2.83184437e+01
  3.39171875e-01  1.18958437e+00  1.43045687e+00  1.79167062e+00  1.79172062e+00  1.79273000e+00  1.79873062e+00  1.43045687e+00  1.18958437e+00  3.39171875e-01  3.67388312e+01
  6.80601500e-01  1.52226187e+00  1.76042375e+00  2.11757562e+00  2.11763562e+00  2.11879562e+00  2.12508562e+00  1.76042375e+00  1.52226187e+00  6.80601500e-01  4.65767750e+01
  1.07544750e+00  1.90839500e+00  2.14389562e+00  2.49703687e+00  2.49709750e+00  2.49842687e+00  2.50500750e+00  2.14389562e+00  1.90839500e+00  1.07544750e+00  5.79894812e+01
  1.52839312e+00  2.35266500e+00  2.58553500e+00  2.93471562e+00  2.93478562e+00  2.93628500e+00  2.94317562e+00  2.58553500e+00  2.35266500e+00  1.52839312e+00  7.10771687e+01
  2.04547625e+00  2.86112125e+00  3.09139062e+00  3.43666062e+00  3.43674062e+00  3.43842000e+00  3.44563062e+00  3.09139062e+00  2.86112125e+00  2.04547625e+00  8.59562687e+01
  2.63163625e+00  3.43866562e+00  3.66637437e+00  4.00778312e+00  4.00787312e+00  4.00975250e+00  4.01728312e+00  3.66637437e+00  3.43866562e+00  2.63163625e+00  1.02696875e+02
  3.29127375e+00  4.08972687e+00  4.31489562e+00  4.65248312e+00  4.65258312e+00  4.65466312e+00  4.66253312e+00  4.31489562e+00  4.08972687e+00  3.29127375e+00  1.21344437e+02
  4.02934000e+00  4.81923750e+00  5.04190500e+00  5.37572187e+00  5.37582250e+00  5.37813125e+00  5.38634187e+00  5.04190500e+00  4.81923750e+00  4.02934000e+00  1.41945062e+02
  4.85066562e+00  5.63203687e+00  5.85222375e+00  6.18231000e+00  6.18242937e+00  6.18496875e+00  6.19352937e+00  5.85222375e+00  5.63203687e+00  4.85066562e+00  1.64529812e+02
  5.75987062e+00  6.53274562e+00  6.75048250e+00  7.07688687e+00  7.07700687e+00  7.07979625e+00  7.08871687e+00  6.75048250e+00  6.53274562e+00  5.75987062e+00  1.89114625e+02
  6.76129625e+00  7.52570437e+00  7.74101062e+00  8.06376500e+00  8.06389500e+00  8.06694437e+00  8.07624437e+00  7.74101062e+00  7.52570437e+00  6.76129625e+00  2.15693562e+02
  7.85893312e+00  8.61489500e+00  8.82781062e+00  9.14695375e+00  9.14709375e+00  9.15041312e+00  9.16009375e+00  8.82781062e+00  8.61489500e+00  7.85893312e+00  2.44246687e+02
  9.05638187e+00  9.80391750e+00  1.00144806e+01  1.03300312e+01  1.03302312e+01  1.03338312e+01  1.03438375e+01  1.00144806e+01  9.80391750e+00  9.05638187e+00  2.74732875e+02
  1.03567875e+01  1.10958750e+01  1.13041062e+01  1.16161562e+01  1.16162625e+01  1.16202562e+01  1.16306625e+01  1.13041062e+01  1.10958750e+01  1.03567875e+01  3.07093312e+02
  1.17626187e+01  1.24934000e+01  1.26992375e+01  1.30077875e+01  1.30079875e+01  1.30121875e+01  1.30230875e+01  1.26992375e+01  1.24934000e+01  1.17626187e+01  3.41250875e+02
  1.32779500e+01  1.40004312e+01  1.42039687e+01  1.45090187e+01  1.45092187e+01  1.45138187e+01  1.45251187e+01  1.42039687e+01  1.40004312e+01  1.32779500e+01  3.77140687e+02
  1.49029812e+01  1.56171687e+01  1.58184062e+01  1.61200562e+01  1.61202562e+01  1.61252500e+01  1.61369562e+01  1.58184062e+01  1.56171687e+01  1.49029812e+01  4.14628687e+02
  0.00000000e+00  0.00000000e+00  2.49795250e-01  6.24488688e-01  6.24488688e-01  6.24686500e-01  6.29276750e-01  2.49795250e-01  0.00000000e+00  0.00000000e+00  1.09772550e-01
  0.00000000e+00  5.02729500e-02  2.97048375e-01  6.67198688e-01  6.67205688e-01  6.67506438e-01  6.72367750e-01  2.97048375e-01  5.02729500e-02  0.00000000e+00  1.66933812e+00
  0.00000000e+00  1.24088562e-01  3.67979375e-01  7.33790687e-01  7.33803625e-01  7.34214438e-01  7.39347750e-01  3.67979375e-01  1.24088562e-01  0.00000000e+00  3.84279062e+00
  0.00000000e+00  2.20315750e-01  4.61425937e-01  8.23056125e-01  8.23076125e-01  8.23604875e-01  8.29011250e-01  4.61425937e-01  2.20315750e-01  0.00000000e+00  6.72503625e+00
  0.00000000e+00  3.40859187e-01  5.79281625e-01  9.36866875e-01  9.36892937e-01  9.37546687e-01  9.43230000e-01  5.79281625e-01  3.40859187e-01  0.00000000e+00  1.03897062e+01
  0.00000000e+00  4.89052562e-01  7.24869437e-01  1.07853875e+00  1.07856875e+00  1.07935812e+00  1.08531875e+00  7.24869437e-01  4.89052562e-01  0.00000000e+00  1.49504250e+01
  0.00000000e+00  6.66901875e-01  9.00186125e-01  1.25004312e+00  1.25008312e+00  1.25100375e+00  1.25725375e+00  9.00186125e-01  6.66901875e-01  0.00000000e+00  2.04695812e+01
  1.04083125e-16  8.24503250e-01  1.05586687e+00  1.40283625e+00  1.40287687e+00  1.40391687e+00  1.41038687e+00  1.05586687e+00  8.24503250e-01  1.04083125e-16  2.53807500e+01
  4.84001687e-02  8.71036437e-01  1.10184750e+00  1.44798687e+00  1.44803687e+00  1.44911625e+00  1.45564687e+00  1.10184750e+00  8.71036437e-01  4.84001687e-02  2.69348875e+01
  3.16444062e-01  1.13024500e+00  1.35847375e+00  1.70071250e+00  1.70076250e+00  1.70201250e+00  1.70886250e+00  1.35847375e+00  1.13024500e+00  3.16444062e-01  3.47026375e+01
  6.32911437e-01  1.43794812e+00  1.66361687e+00  2.00202375e+00  2.00208437e+00  2.00351375e+00  2.01068437e+00  1.66361687e+00  1.43794812e+00  6.32911437e-01  4.37125625e+01
  9.96792812e-01  1.79310812e+00  2.01626625e+00  2.35088312e+00  2.35095312e+00  2.35258187e+00  2.36008312e+00  2.01626625e+00  1.79310812e+00  9.96792812e-01  5.40950687e+01
  1.41198250e+00  2.19961625e+00  2.42030250e+00  2.75117875e+00  2.75125875e+00  2.75308812e+00  2.76092937e+00  2.42030250e+00  2.19961625e+00  1.41198250e+00  6.59262750e+01
  1.88351437e+00  2.66252125e+00  2.88075750e+00  3.20794250e+00  3.20803250e+00  3.21008187e+00  3.21828250e+00  2.88075750e+00  2.66252125e+00  1.88351437e+00  7.92949937e+01
  2.41540375e+00  3.18582375e+00  3.40163000e+00  3.72518375e+00  3.72528375e+00  3.72756312e+00  3.73611437e+00  3.40163000e+00  3.18582375e+00  2.41540375e+00  9.42483562e+01
  3.01116187e+00  3.77302562e+00  3.98644125e+00  4.30639375e+00  4.30650437e+00  4.30902375e+00  4.31795437e+00  3.98644125e+00  3.77302562e+00  3.01116187e+00  1.10810562e+02
  3.67472937e+00  4.42807625e+00  4.63913125e+00  4.95552375e+00  4.95564375e+00  4.95842312e+00  4.96773375e+00  4.63913125e+00  4.42807625e+00  3.67472937e+00  1.29008500e+02
  4.40989687e+00  5.15476687e+00  5.36348125e+00  5.67635250e+00  5.67648312e+00  5.67954187e+00  5.68923312e+00  5.36348125e+00  5.15476687e+00  4.40989687e+00  1.48853437e+02
  5.22023437e+00  5.95664750e+00  6.16305187e+00  6.47243312e+00  6.47258250e+00  6.47592250e+00  6.48602312e+00  6.16305187e+00  5.95664750e+00  5.22023437e+00  1.70341500e+02
  6.10898312e+00  6.83698000e+00  7.04110312e+00  7.34704312e+00  7.34719375e+00  7.35085250e+00  7.36136312e+00  7.04110312e+00  6.83698000e+00  6.10898312e+00  1.93452812e+02
  7.07908375e+00  7.79869375e+00  8.00055687e+00  8.30309562e+00  8.30326562e+00  8.30723500e+00  8.31816562e+00  8.00055687e+00  7.79869375e+00  7.07908375e+00  2.18154125e+02
  8.13305750e+00  8.84433000e+00  9.04395187e+00  9.34312000e+00  9.34330000e+00  9.34760937e+00  9.35897062e+00  9.04395187e+00  8.84433000e+00  8.13305750e+00  2.44394625e+02
  9.27301312e+00  9.97596875e+00  1.01733687e+01  1.04692187e+01  1.04694187e+01  1.04740187e+01  1.04859187e+01  1.01733687e+01  9.97596875e+00  9.27301312e+00  2.72107312e+02
  1.05004875e+01  1.11951812e+01  1.13904125e+01  1.16829562e+01  1.16831625e+01  1.16881625e+01  1.17004625e+01  1.13904125e+01  1.11951812e+01  1.05004875e+01  3.01212187e+02
  1.18182312e+01  1.25047250e+01  1.26977562e+01  1.29870062e+01  1.29872062e+01  1.29927000e+01  1.30054062e+01  1.26977562e+01  1.25047250e+01  1.18182312e+01  3.31637125e+02
  1.32257750e+01  1.39039812e+01  1.40949125e+01  1.43809562e+01  1.43811562e+01  1.43870562e+01  1.44002562e+01  1.40949125e+01  1.39039812e+01  1.32257750e+01  3.63256312e+02
  0.00000000e+00  0.00000000e+00  2.37860313e-01  5.94651188e-01  5.94651188e-01  5.94910938e-01  6.00184313e-01  2.37860313e-01  0.00000000e+00  0.00000000e+00  1.25799312e-01
  0.00000000e+00  5.07128500e-02  2.85729063e-01  6.38240938e-01  6.38247938e-01  6.38635688e-01  6.44213000e-01  2.85729063e-01  5.07128500e-02  0.00000000e+00  1.68980312e+00
  0.00000000e+00  1.23458937e-01  3.55758875e-01  7.04181750e-01  7.04196750e-01  7.04720500e-01  7.10600875e-01  3.55758875e-01  1.23458937e-01  0.00000000e+00  3.82334250e+00
  0.00000000e+00  2.16835875e-01  4.46518187e-01  7.90999125e-01  7.91021125e-01  7.91688875e-01  7.97875313e-01  4.46518187e-01  2.16835875e-01  0.00000000e+00  6.61148250e+00
  0.00000000e+00  3.32530125e-01  5.59678875e-01  9.00346875e-01  9.00376875e-01  9.01196563e-01  9.07692000e-01  5.59678875e-01  3.32530125e-01  0.00000000e+00  1.01169312e+01
  0.00000000e+00  4.73518437e-01  6.98211625e-01  1.03518562e+00  1.03522563e+00  1.03620500e+00  1.04300625e+00  6.98211625e-01  4.73518437e-01  0.00000000e+00  1.44385375e+01
  0.00000000e+00  6.41546000e-01  8.63851625e-01  1.19722437e+00  1.19727375e+00  1.19842375e+00  1.20554437e+00  8.63851625e-01  6.41546000e-01  0.00000000e+00  1.96273875e+01
  0.00000000e+00  7.89737000e-01  1.01023375e+00  1.34088000e+00  1.34093937e+00  1.34222937e+00  1.34959937e+00  1.01023375e+00  7.89737000e-01  0.00000000e+00  2.42191437e+01
  4.54434250e-02  8.33315875e-01  1.05329500e+00  1.38316062e+00  1.38322000e+00  1.38455000e+00  1.39199062e+00  1.05329500e+00  8.33315875e-01  4.54434250e-02  2.56656062e+01
  2.96499437e-01  1.07555937e+00  1.29309562e+00  1.61928062e+00  1.61935000e+00  1.62088000e+00  1.62867062e+00  1.29309562e+00  1.07555937e+00  2.96499437e-01  3.28725750e+01
  5.91478937e-01  1.36179687e+00  1.57692312e+00  1.89949625e+00  1.89956687e+00  1.90131625e+00  1.90946687e+00  1.57692312e+00  1.36179687e+00  5.91478937e-01  4.11844312e+01
  9.29141812e-01  1.69078187e+00  1.90353750e+00  2.22253000e+00  2.22261062e+00  2.22459000e+00  2.23311062e+00  1.90353750e+00  1.69078187e+00  9.29141812e-01  5.07128750e+01
  1.31282437e+00  2.06583500e+00  2.27624937e+00  2.59171187e+00  2.59180187e+00  2.59403125e+00  2.60293187e+00  2.27624937e+00  2.06583500e+00  1.31282437e+00  6.15187375e+01
  1.74688250e+00  2.49131562e+00  2.69941000e+00  3.01139125e+00  3.01149187e+00  3.01398062e+00  3.02326187e+00  2.69941000e+00  2.49131562e+00  1.74688250e+00  7.36731125e+01
  2.23468937e+00  2.97060500e+00  3.17641875e+00  3.48494937e+00  3.48506937e+00  3.48781875e+00  3.49750937e+00  3.17641875e+00  2.97060500e+00  2.23468937e+00  8.72095437e+01
  2.77919500e+00  3.50662437e+00  3.71017750e+00  4.01530687e+00  4.01543687e+00  4.01847625e+00  4.02857687e+00  3.71017750e+00  3.50662437e+00  2.77919500e+00  1.02142125e+02
  3.38369000e+00  4.10268187e+00  4.30400500e+00  4.60575437e+00  4.60589437e+00  4.60924312e+00  4.61976375e+00  4.30400500e+00  4.10268187e+00  3.38369000e+00  1.18484187e+02
  4.05128625e+00  4.76188125e+00  4.96099312e+00  5.25942125e+00  5.25957125e+00  5.26324062e+00  5.27419125e+00  4.96099312e+00  4.76188125e+00  4.05128625e+00  1.36239375e+02
  4.78489312e+00  5.48714062e+00  5.68407187e+00  5.97919937e+00  5.97936937e+00  5.98336875e+00  5.99475937e+00  5.68407187e+00  5.48714062e+00  4.78489312e+00  1.55394625e+02
  5.58713125e+00  6.28107125e+00  6.47583250e+00  6.76770875e+00  6.76787937e+00  6.77224812e+00  6.78407937e+00  6.47583250e+00  6.28107125e+00  5.58713125e+00  1.75925062e+02
  6.46030125e+00  7.14598375e+00  7.33860437e+00  7.62724062e+00  7.62743062e+00  7.63216937e+00  7.64447062e+00  7.33860437e+00  7.14598375e+00  6.46030125e+00  1.97792562e+02
  7.40634375e+00  8.08379937e+00  8.27430000e+00  8.55974500e+00  8.55995500e+00  8.56508375e+00  8.57785500e+00  8.27430000e+00  8.08379937e+00  7.40634375e+00  2.20945250e+02
  8.42680000e+00  9.09607812e+00  9.28447812e+00  9.56676250e+00  9.56698250e+00  9.57252125e+00  9.58579187e+00  9.28447812e+00  9.09607812e+00  8.42680000e+00  2.45317062e+02
  9.52275937e+00  1.01839125e+01  1.03702375e+01  1.06493812e+01  1.06495875e+01  1.06555812e+01  1.06693812e+01  1.03702375e+01  1.01839125e+01  9.52275937e+00  2.70832000e+02
  1.06962500e+01  1.13492687e+01  1.15335000e+01  1.18095437e+01  1.18098375e+01  1.18162375e+01  1.18305375e+01  1.15335000e+01  1.13492687e+01  1.06962500e+01  2.97419125e+02
  1.19465125e+01  1.25914312e+01  1.27736625e+01  1.30467000e+01  1.30469937e+01  1.30538000e+01  1.30686000e+01  1.27736625e+01  1.25914312e+01  1.19465125e+01  3.24963375e+02
  0.00000000e+00  0.00000000e+00  2.25370125e-01  5.63425375e-01  5.63425375e-01  5.63767063e-01  5.69831500e-01  2.25370125e-01  0.00000000e+00  0.00000000e+00  1.44412500e-01
  0.00000000e+00  5.08109125e-02  2.73501250e-01  6.07520500e-01  6.07529500e-01  6.08028188e-01  6.14434625e-01  2.73501250e-01  5.08109125e-02  0.00000000e+00  1.70442125e+00
  0.00000000e+00  1.22100500e-01  3.42229500e-01  6.72392813e-01  6.72409813e-01  6.73075438e-01  6.79821938e-01  3.42229500e-01  1.22100500e-01  0.00000000e+00  3.78842062e+00
  0.00000000e+00  2.12215812e-01  4.29877125e-01  7.56320625e-01  7.56346625e-01  7.57187313e-01  7.64276750e-01  4.29877125e-01  2.12215812e-01  0.00000000e+00  6.47153625e+00
  0.00000000e+00  3.22618500e-01  5.37890312e-01  8.60734937e-01  8.60769937e-01  8.61795562e-01  8.69230063e-01  5.37890312e-01  3.22618500e-01  0.00000000e+00  9.80546750e+00
  0.00000000e+00  4.55909562e-01  6.68865812e-01  9.88220625e-01  9.88264687e-01  9.89485187e-01  9.97267750e-01  6.68865812e-01  4.55909562e-01  0.00000000e+00  1.38735000e+01
  0.00000000e+00  6.13555125e-01  8.24258750e-01  1.14022187e+00  1.14027187e+00  1.14169188e+00  1.14983187e+00  8.24258750e-01  6.13555125e-01  0.00000000e+00  1.87153437e+01
  0.00000000e+00  7.51843562e-01  9.60838875e-01  1.27422062e+00  1.27429000e+00  1.27587000e+00  1.28428062e+00  9.60838875e-01  7.51843562e-01  0.00000000e+00  2.29727937e+01
  4.23349562e-02  7.92322187e-01  1.00083031e+00  1.31347187e+00  1.31354187e+00  1.31518125e+00  1.32367187e+00  1.00083031e+00  7.92322187e-01  4.23349562e-02  2.43067750e+01
  2.75543812e-01  1.01676187e+00  1.22296500e+00  1.53213562e+00  1.53220562e+00  1.53408562e+00  1.54297562e+00  1.22296500e+00  1.01676187e+00  2.75543812e-01  3.09285687e+01
  5.47972312e-01  1.28050375e+00  1.48443687e+00  1.79017687e+00  1.79026687e+00  1.79240625e+00  1.80168687e+00  1.48443687e+00  1.28050375e+00  5.47972312e-01  3.85121625e+01
  8.58102000e-01  1.58201437e+00  1.78370687e+00  2.08607562e+00  2.08616625e+00  2.08858500e+00  2.09827562e+00  1.78370687e+00  1.58201437e+00  8.58102000e-01  4.71492625e+01
  1.20865750e+00  1.92402312e+00  2.12349500e+00  2.42253312e+00  2.42264312e+00  2.42534250e+00  2.43545312e+00  2.12349500e+00  1.92402312e+00  1.20865750e+00  5.68837812e+01
  1.60322250e+00  2.31010062e+00  2.50739187e+00  2.80311937e+00  2.80324000e+00  2.80624875e+00  2.81678937e+00  2.50739187e+00  2.31010062e+00  1.60322250e+00  6.77666437e+01
  2.04449625e+00  2.74293750e+00  2.93806812e+00  3.23054500e+00  3.23067500e+00  3.23400437e+00  3.24498500e+00  2.93806812e+00  2.74293750e+00  2.04449625e+00  7.98160687e+01
  2.53473062e+00  3.22479375e+00  3.41778437e+00  3.70704062e+00  3.70719062e+00  3.71085937e+00  3.72229062e+00  3.41778437e+00  3.22479375e+00  2.53473062e+00  9.30328562e+01
  3.07648500e+00  3.75822062e+00  3.94910125e+00  4.23516625e+00  4.23533562e+00  4.23935500e+00  4.25124625e+00  3.94910125e+00  3.75822062e+00  3.07648500e+00  1.07418000e+02
  3.67211000e+00  4.34557875e+00  4.53436812e+00  4.81728250e+00  4.81745312e+00  4.82185187e+00  4.83422312e+00  4.53436812e+00  4.34557875e+00  3.67211000e+00  1.22961375e+02
  4.32374687e+00  4.98899750e+00  5.17571687e+00  5.45551062e+00  5.45570062e+00  5.46049000e+00  5.47335062e+00  5.17571687e+00  4.98899750e+00  4.32374687e+00  1.39639875e+02
  5.03324562e+00  5.69032875e+00  5.87500687e+00  6.15171062e+00  6.15191062e+00  6.15712000e+00  6.17047062e+00  5.87500687e+00  5.69032875e+00  5.03324562e+00  1.57421437e+02
  5.80217625e+00  6.45113250e+00  6.63378062e+00  6.90743312e+00  6.90765312e+00  6.91330187e+00  6.92716250e+00  6.63378062e+00  6.45113250e+00  5.80217625e+00  1.76259250e+02
  6.63174062e+00  7.27262875e+00  7.45327625e+00  7.72389812e+00  7.72413812e+00  7.73022750e+00  7.74461812e+00  7.45327625e+00  7.27262875e+00  6.63174062e+00  1.96100062e+02
  7.52278812e+00  8.15566812e+00  8.33432562e+00  8.60195625e+00  8.60220687e+00  8.60877625e+00  8.62369687e+00  8.33432562e+00  8.15566812e+00  7.52278812e+00  2.16875062e+02
  8.47576937e+00  9.10068250e+00  9.27737875e+00  9.54203937e+00  9.54230937e+00  9.54937812e+00  9.56483938e+00  9.27737875e+00  9.10068250e+00  8.47576937e+00  2.38510187e+02
  9.49183437e+00  1.01088187e+01  1.02835500e+01  1.05452875e+01  1.05455875e+01  1.05531875e+01  1.05691875e+01  1.02835500e+01  1.01088187e+01  9.49183437e+00  2.60932437e+02
  1.05698687e+01  1.11789937e+01  1.13518187e+01  1.16106562e+01  1.16109562e+01  1.16190562e+01  1.16356625e+01  1.13518187e+01  1.11789937e+01  1.05698687e+01  2.84037812e+02
  0.00000000e+00  0.00000000e+00  2.13996375e-01  5.34991438e-01  5.34991438e-01  5.35441063e-01  5.42404500e-01  2.13996375e-01  0.00000000e+00  0.00000000e+00  1.65571625e-01
  0.00000000e+00  5.04695812e-02  2.61931250e-01  5.79104438e-01  5.79114438e-01  5.79757063e-01  5.87101563e-01  2.61931250e-01  5.04695812e-02  0.00000000e+00  1.71208500e+00
  0.00000000e+00  1.19921000e-01  3.28958250e-01  6.42478563e-01  6.42498563e-01  6.43344125e-01  6.51069688e-01  3.28958250e-01  1.19921000e-01  0.00000000e+00  3.73887062e+00
  0.00000000e+00  2.06531062e-01  4.13232687e-01  7.23228187e-01  7.23259188e-01  7.24316750e-01  7.32425312e-01  4.13232687e-01  2.06531062e-01  0.00000000e+00  6.31285750e+00
  0.00000000e+00  3.11583500e-01  5.16022625e-01  8.22606437e-01  8.22648375e-01  8.23928875e-01  8.32421562e-01  5.16022625e-01  3.11583500e-01  0.00000000e+00  9.47683687e+00
  0.00000000e+00  4.37368562e-01  6.39613187e-01  9.42889187e-01  9.42941187e-01  9.44455625e-01  9.53337250e-01  6.39613187e-01  4.37368562e-01  0.00000000e+00  1.33012875e+01
  0.00000000e+00  5.85124312e-01  7.85234500e-01  1.08528687e+00  1.08535625e+00  1.08711562e+00  1.09638687e+00  7.85234500e-01  5.85124312e-01  0.00000000e+00  1.78166125e+01
  1.38778125e-17  7.14111812e-01  9.12603562e-01  1.21021750e+00  1.21028750e+00  1.21224625e+00  1.22182750e+00  9.12603562e-01  7.14111812e-01  1.38778125e-17  2.17639250e+01
  3.94332250e-02  7.51710062e-01  9.49737750e-01  1.24664937e+00  1.24672937e+00  1.24873875e+00  1.25840937e+00  9.49737750e-01  7.51710062e-01  3.94332250e-02  2.29946250e+01
  2.56092125e-01  9.59703812e-01  1.15554937e+00  1.44915687e+00  1.44924687e+00  1.45155562e+00  1.46165687e+00  1.15554937e+00  9.59703812e-01  2.56092125e-01  2.90825312e+01
  5.07851937e-01  1.20289500e+00  1.39658562e+00  1.68694187e+00  1.68704187e+00  1.68966062e+00  1.70020187e+00  1.39658562e+00  1.20289500e+00  5.07851937e-01  3.60097375e+01
  7.93005375e-01  1.47955937e+00  1.67112000e+00  1.95827500e+00  1.95838562e+00  1.96132437e+00  1.97232500e+00  1.67112000e+00  1.47955937e+00  7.93005375e-01  4.38516687e+01
  1.11377562e+00  1.79191312e+00  1.98137312e+00  2.26535812e+00  2.26548812e+00  2.26876687e+00  2.28022750e+00  1.98137312e+00  1.79191312e+00  1.11377562e+00  5.26389375e+01
  1.47311687e+00  2.14290625e+00  2.33028625e+00  2.61114937e+00  2.61129000e+00  2.61491937e+00  2.62686000e+00  2.33028625e+00  2.14290625e+00  1.47311687e+00  6.24074562e+01
  1.87315750e+00  2.53466000e+00  2.71999875e+00  2.99776187e+00  2.99792187e+00  3.00193062e+00  3.01435187e+00  2.71999875e+00  2.53466000e+00  1.87315750e+00  7.31640375e+01
  2.31561937e+00  2.96891375e+00  3.15223125e+00  3.42693375e+00  3.42710375e+00  3.43151312e+00  3.44442437e+00  3.15223125e+00  2.96891375e+00  2.31561937e+00  8.49001000e+01
  2.80248125e+00  3.44761812e+00  3.62892562e+00  3.90059750e+00  3.90078750e+00  3.90561625e+00  3.91903750e+00  3.62892562e+00  3.44761812e+00  2.80248125e+00  9.76071562e+01
  3.33548437e+00  3.97253312e+00  4.15185125e+00  4.42053187e+00  4.42073250e+00  4.42600062e+00  4.43995187e+00  4.15185125e+00  3.97253312e+00  3.33548437e+00  1.11267062e+02
  3.91618000e+00  4.54520062e+00  4.72254812e+00  4.98826812e+00  4.98848812e+00  4.99420750e+00  5.00868875e+00  4.72254812e+00  4.54520062e+00  3.91618000e+00  1.25850750e+02
  4.54583750e+00  5.16688062e+00  5.34228750e+00  5.60506750e+00  5.60530687e+00  5.61150625e+00  5.62653687e+00  5.34228750e+00  5.16688062e+00  4.54583750e+00  1.41320500e+02
  5.22545750e+00  5.83857312e+00  6.01206000e+00  6.27193812e+00  6.27218875e+00  6.27889750e+00  6.29447875e+00  6.01206000e+00  5.83857312e+00  5.22545750e+00  1.57628375e+02
  5.95570125e+00  6.56096875e+00  6.73255437e+00  6.98954312e+00  6.98981375e+00  6.99705187e+00  7.01320312e+00  6.73255437e+00  6.56096875e+00  5.95570125e+00  1.74717437e+02
  6.73694750e+00  7.33440750e+00  7.50410312e+00  7.75825125e+00  7.75854125e+00  7.76633000e+00  7.78306125e+00  7.50410312e+00  7.33440750e+00  6.73694750e+00  1.92523562e+02
  7.56915812e+00  8.15888062e+00  8.32670562e+00  8.57803312e+00  8.57834312e+00  8.58670187e+00  8.60403312e+00  8.32670562e+00  8.15888062e+00  7.56915812e+00  2.10974750e+02
  8.45289312e+00  9.03491812e+00  9.20090250e+00  9.44943875e+00  9.44976875e+00  9.45872750e+00  9.47665937e+00  9.20090250e+00  9.03491812e+00  8.45289312e+00  2.30000125e+02
  9.38681187e+00  9.96121875e+00  1.01253562e+01  1.03710937e+01  1.03714875e+01  1.03810875e+01  1.03995937e+01  1.01253562e+01  9.96121875e+00  9.38681187e+00  2.49505562e+02
  0.00000000e+00  0.00000000e+00  2.03020688e-01  5.07550813e-01  5.07550813e-01  5.08142313e-01  5.16129938e-01  2.03020688e-01  0.00000000e+00  0.00000000e+00  1.89806500e-01
  0.00000000e+00  4.97331375e-02  2.50348688e-01  5.51249000e-01  5.51261000e-01  5.52087500e-01  5.60502125e-01  2.50348688e-01  4.97331375e-02  0.00000000e+00  1.71379687e+00
  0.00000000e+00  1.17000187e-01  3.15315813e-01  6.12746313e-01  6.12770313e-01  6.13842750e-01  6.22683375e-01  3.15315813e-01  1.17000187e-01  0.00000000e+00  3.67586437e+00
  0.00000000e+00  1.99853250e-01  3.95950437e-01  6.90033187e-01  6.90070125e-01  6.91398625e-01  7.00665313e-01  3.95950437e-01  1.99853250e-01  0.00000000e+00  6.13529250e+00
  0.00000000e+00  2.99406187e-01  4.93357812e-01  7.84198813e-01  7.84247812e-01  7.85845187e-01  7.95540937e-01  4.93357812e-01  2.99406187e-01  0.00000000e+00  9.12674187e+00
  0.00000000e+00  4.17663875e-01  6.09532062e-01  8.97229375e-01  8.97291375e-01  8.99168687e-01  9.09296437e-01  6.09532062e-01  4.17663875e-01  0.00000000e+00  1.27089125e+01
  0.00000000e+00  5.55650812e-01  7.45493500e-01  1.03012937e+00  1.03020875e+00  1.03237812e+00  1.04293937e+00  7.45493500e-01  5.55650812e-01  0.00000000e+00  1.69038187e+01
  6.93887500e-18  6.75534062e-01  8.63839500e-01  1.14616125e+00  1.14624187e+00  1.14865062e+00  1.15955125e+00  8.63839500e-01  6.75534062e-01  6.93887500e-18  2.05491937e+01
  3.65950437e-02  7.10330937e-01  8.98197125e-01  1.17984437e+00  1.17993437e+00  1.18241312e+00  1.19341437e+00  8.98197125e-01  7.10330937e-01  3.65950437e-02  2.16798187e+01
  2.37131187e-01  9.02382875e-01  1.08817187e+00  1.36669437e+00  1.36679500e+00  1.36961375e+00  1.38109500e+00  1.08817187e+00  9.02382875e-01  2.37131187e-01  2.72532250e+01
  4.68907000e-01  1.12578250e+00  1.30952125e+00  1.58495375e+00  1.58507375e+00  1.58825250e+00  1.60022375e+00  1.30952125e+00  1.12578250e+00  4.68907000e-01  3.35517562e+01
  7.30061062e-01  1.37864187e+00  1.56037000e+00  1.83275125e+00  1.83288187e+00  1.83644125e+00  1.84891187e+00  1.56037000e+00  1.37864187e+00  7.30061062e-01  4.06364187e+01
  1.02236375e+00  1.66273062e+00  1.84246812e+00  2.11183000e+00  2.11198000e+00  2.11594875e+00  2.12892937e+00  1.84246812e+00  1.66273062e+00  1.02236375e+00  4.85263250e+01
  1.34819062e+00  1.98042000e+00  2.15818687e+00  2.42457750e+00  2.42474750e+00  2.42913625e+00  2.44263750e+00  2.15818687e+00  1.98042000e+00  1.34819062e+00  5.72438000e+01
  1.70916812e+00  2.33334875e+00  2.50916562e+00  2.77261562e+00  2.77280562e+00  2.77763437e+00  2.79166562e+00  2.50916562e+00  2.33334875e+00  1.70916812e+00  6.67861437e+01
  2.10657562e+00  2.72275937e+00  2.89665562e+00  3.15720437e+00  3.15740437e+00  3.16269375e+00  3.17727500e+00  2.89665562e+00  2.72275937e+00  2.10657562e+00  7.71373750e+01
  2.54183500e+00  3.15010062e+00  3.32208687e+00  3.57975562e+00  3.57997562e+00  3.58575437e+00  3.60089562e+00  3.32208687e+00  3.15010062e+00  2.54183500e+00  8.82814875e+01
  3.01618625e+00  3.61659437e+00  3.78670000e+00  4.04151812e+00  4.04175750e+00  4.04804687e+00  4.06375812e+00  3.78670000e+00  3.61659437e+00  3.01618625e+00  1.00193687e+02
  3.53065000e+00  4.12327000e+00  4.29151500e+00  4.54352187e+00  4.54377250e+00  4.55060125e+00  4.56689250e+00  4.29151500e+00  4.12327000e+00  3.53065000e+00  1.12840562e+02
  4.08601562e+00  4.67090812e+00  4.83730312e+00  5.08651937e+00  5.08679000e+00  5.09417875e+00  5.11106937e+00  4.83730312e+00  4.67090812e+00  4.08601562e+00  1.26181437e+02
  4.68278437e+00  5.26001937e+00  5.42459312e+00  5.67104937e+00  5.67133937e+00  5.67930812e+00  5.69679937e+00  5.42459312e+00  5.26001937e+00  4.68278437e+00  1.40167500e+02
  5.32121562e+00  5.89084312e+00  6.05360687e+00  6.29733250e+00  6.29764250e+00  6.30622125e+00  6.32433250e+00  6.05360687e+00  5.89084312e+00  5.32121562e+00  1.54742625e+02
  6.00123125e+00  6.56333062e+00  6.72429437e+00  6.96531875e+00  6.96564937e+00  6.97486750e+00  6.99360875e+00  6.72429437e+00  6.56333062e+00  6.00123125e+00  1.69844875e+02
  6.72247062e+00  7.27709187e+00  7.43629500e+00  7.67462937e+00  7.67498937e+00  7.68485812e+00  7.70424937e+00  7.43629500e+00  7.27709187e+00  6.72247062e+00  1.85407125e+02
  7.48497312e+00  8.03217687e+00  8.18962000e+00  8.42530375e+00  8.42568375e+00  8.43625187e+00  8.45630312e+00  8.18962000e+00  8.03217687e+00  7.48497312e+00  2.01361562e+02
  8.28726937e+00  8.82710625e+00  8.98281875e+00  9.21588125e+00  9.21628187e+00  9.22756062e+00  9.24828187e+00  8.98281875e+00  8.82710625e+00  8.28726937e+00  2.17625062e+02
  0.00000000e+00  0.00000000e+00  1.92542188e-01  4.81354563e-01  4.81354563e-01  4.82131000e-01  4.91283750e-01  1.92542188e-01  0.00000000e+00  0.00000000e+00  2.17509250e-01
  0.00000000e+00  4.85776937e-02  2.38835500e-01  5.24196125e-01  5.24211125e-01  5.25272500e-01  5.34903188e-01  2.38835500e-01  4.85776937e-02  0.00000000e+00  1.70936500e+00
  0.00000000e+00  1.13344812e-01  3.01418062e-01  5.83479875e-01  5.83508875e-01  5.84868250e-01  5.94972063e-01  3.01418062e-01  1.13344812e-01  0.00000000e+00  3.60004250e+00
  0.00000000e+00  1.92262687e-01  3.78230437e-01  6.57108562e-01  6.57152563e-01  6.58820875e-01  6.69399688e-01  3.78230437e-01  1.92262687e-01  0.00000000e+00  5.94171000e+00
  0.00000000e+00  2.86292500e-01  4.70221812e-01  7.46017312e-01  7.46076312e-01  7.48066562e-01  7.59121437e-01  4.70221812e-01  2.86292500e-01  0.00000000e+00  8.76162375e+00
  0.00000000e+00  3.97164750e-01  5.79117562e-01  8.51924375e-01  8.51998375e-01  8.54323562e-01  8.65857437e-01  5.79117562e-01  3.97164750e-01  0.00000000e+00  1.21077875e+01
  0.00000000e+00  5.25713500e-01  7.05741000e-01  9.75640125e-01  9.75729125e-01  9.78403250e-01  9.90418250e-01  7.05741000e-01  5.25713500e-01  0.00000000e+00  1.59949562e+01
  0.00000000e+00  6.36872750e-01  8.15441875e-01  1.08313375e+00  1.08323375e+00  1.08619250e+00  1.09858312e+00  8.15441875e-01  6.36872750e-01  0.00000000e+00  1.93526062e+01
  3.38749062e-02  6.69005062e-01  8.47156125e-01  1.11421687e+00  1.11431687e+00  1.11735562e+00  1.12985687e+00  8.47156125e-01  6.69005062e-01  3.38749062e-02  2.03886500e+01
  2.19021937e-01  8.45930187e-01  1.02211062e+00  1.28619062e+00  1.28631062e+00  1.28975937e+00  1.30279062e+00  1.02211062e+00  8.45930187e-01  2.19021937e-01  2.54767625e+01
  4.31866562e-01  1.05065812e+00  1.22490375e+00  1.48604375e+00  1.48618375e+00  1.49006187e+00  1.50362375e+00  1.22490375e+00  1.05065812e+00  4.31866562e-01  3.11868125e+01
  6.70431000e-01  1.28120187e+00  1.45352750e+00  1.71177625e+00  1.71192625e+00  1.71625500e+00  1.73037562e+00  1.45352750e+00  1.28120187e+00  6.70431000e-01  3.75668000e+01
  9.36082687e-01  1.53891562e+00  1.70935062e+00  1.96473875e+00  1.96490875e+00  1.96970750e+00  1.98438875e+00  1.70935062e+00  1.53891562e+00  9.36082687e-01  4.46260562e+01
  1.23069312e+00  1.82567000e+00  1.99423500e+00  2.24680187e+00  2.24699250e+00  2.25228125e+00  2.26753250e+00  1.99423500e+00  1.82567000e+00  1.23069312e+00  5.23758750e+01
  1.55547625e+00  2.14267562e+00  2.30939000e+00  2.55915687e+00  2.55936687e+00  2.56518562e+00  2.58101687e+00  2.30939000e+00  2.14267562e+00  1.55547625e+00  6.08057750e+01
  1.91128125e+00  2.49078250e+00  2.65566687e+00  2.90267250e+00  2.90290312e+00  2.90926125e+00  2.92569250e+00  2.65566687e+00  2.49078250e+00  1.91128125e+00  6.98945562e+01
  2.29911687e+00  2.87098062e+00  3.03406437e+00  3.27833062e+00  3.27858062e+00  3.28550875e+00  3.30255000e+00  3.03406437e+00  2.87098062e+00  2.29911687e+00  7.96202250e+01
  2.71976562e+00  3.28407125e+00  3.44536500e+00  3.68693000e+00  3.68720000e+00  3.69472812e+00  3.71238000e+00  3.44536500e+00  3.28407125e+00  2.71976562e+00  8.99538875e+01
  3.17385625e+00  3.73066437e+00  3.89018750e+00  4.12908187e+00  4.12937187e+00  4.13751062e+00  4.15580250e+00  3.89018750e+00  3.73066437e+00  3.17385625e+00  1.00860125e+02
  3.66174937e+00  4.21112062e+00  4.36890250e+00  4.60514687e+00  4.60545687e+00  4.61424562e+00  4.63318687e+00  4.36890250e+00  4.21112062e+00  3.66174937e+00  1.12295187e+02
  4.18359562e+00  4.72560875e+00  4.88165062e+00  5.11527437e+00  5.11560437e+00  5.12507250e+00  5.14467375e+00  4.88165062e+00  4.72560875e+00  4.18359562e+00  1.24212375e+02
  4.73928437e+00  5.27399062e+00  5.42832187e+00  5.65934500e+00  5.65970500e+00  5.66987375e+00  5.69014500e+00  5.42832187e+00  5.27399062e+00  4.73928437e+00  1.36557562e+02
  5.32845687e+00  5.85592500e+00  6.00855687e+00  6.23701875e+00  6.23739875e+00  6.24829750e+00  6.26924875e+00  6.00855687e+00  5.85592500e+00  5.32845687e+00  1.49272875e+02
  5.95047312e+00  6.47076375e+00  6.62172437e+00  6.84763625e+00  6.84804625e+00  6.85970437e+00  6.88135625e+00  6.62172437e+00  6.47076375e+00  5.95047312e+00  1.62296250e+02
  6.60501312e+00  7.11819562e+00  7.26748625e+00  7.49087750e+00  7.49131750e+00  7.50376562e+00  7.52612750e+00  7.26748625e+00  7.11819562e+00  6.60501312e+00  1.75564750e+02
  7.29053562e+00  7.79666062e+00  7.94430125e+00  8.16520250e+00  8.16566250e+00  8.17893062e+00  8.20202187e+00  7.94430125e+00  7.79666062e+00  7.29053562e+00  1.89006250e+02
  0.00000000e+00  0.00000000e+00  1.82662938e-01  4.56658813e-01  4.56658813e-01  4.57677125e-01  4.68149000e-01  1.82662938e-01  0.00000000e+00  0.00000000e+00  2.49057562e-01
  0.00000000e+00  4.71069562e-02  2.27601813e-01  4.98316000e-01  4.98334000e-01  4.99698250e-01  5.10701125e-01  2.27601813e-01  4.71069562e-02  0.00000000e+00  1.70166312e+00
  0.00000000e+00  1.09184312e-01  2.87607312e-01  5.55183813e-01  5.55218813e-01  5.56942000e-01  5.68470937e-01  2.87607312e-01  1.09184312e-01  0.00000000e+00  3.51741187e+00
  0.00000000e+00  1.84134562e-01  3.60557125e-01  6.25107938e-01  6.25159938e-01  6.27255062e-01  6.39310062e-01  3.60557125e-01  1.84134562e-01  0.00000000e+00  5.74170750e+00
  0.00000000e+00  2.72765375e-01  4.47252500e-01  7.08873688e-01  7.08942688e-01  7.11422812e-01  7.24004750e-01  4.47252500e-01  2.72765375e-01  0.00000000e+00  8.39522437e+00
  0.00000000e+00  3.76561000e-01  5.49170812e-01  8.07950375e-01  8.08037312e-01  8.10917375e-01  8.24027437e-01  5.49170812e-01  3.76561000e-01  0.00000000e+00  1.15164312e+01
  0.00000000e+00  4.96174937e-01  6.66959250e-01  9.22973187e-01  9.23076250e-01  9.26372187e-01  9.40013312e-01  6.66959250e-01  4.96174937e-01  0.00000000e+00  1.51135812e+01
  0.00000000e+00  5.99141000e-01  7.68540062e-01  1.02245500e+00  1.02257437e+00  1.02620312e+00  1.04025500e+00  7.68540062e-01  5.99141000e-01  0.00000000e+00  1.82023937e+01
  3.13178500e-02  6.28784000e-01  7.97785937e-01  1.05109875e+00  1.05122812e+00  1.05494750e+00  1.06912812e+00  7.97785937e-01  6.28784000e-01  3.13178500e-02  1.91504625e+01
  2.02054562e-01  7.91623500e-01  9.58755000e-01  1.20923625e+00  1.20937625e+00  1.21358500e+00  1.22834562e+00  9.58755000e-01  7.91623500e-01  2.02054562e-01  2.37895812e+01
  3.97300937e-01  9.79080187e-01  1.14436625e+00  1.39206250e+00  1.39222250e+00  1.39694125e+00  1.41228250e+00  1.14436625e+00  9.79080187e-01  3.97300937e-01  2.89589500e+01
  6.14998687e-01  1.18908000e+00  1.35255375e+00  1.59749000e+00  1.59767000e+00  1.60291812e+00  1.61886000e+00  1.35255375e+00  1.18908000e+00  6.14998687e-01  3.46958687e+01
  8.56176125e-01  1.42263937e+00  1.58432250e+00  1.82653750e+00  1.82673750e+00  1.83253687e+00  1.84909812e+00  1.58432250e+00  1.42263937e+00  8.56176125e-01  4.10019562e+01
  1.12228437e+00  1.68121875e+00  1.84112187e+00  2.08065625e+00  2.08087625e+00  2.08725562e+00  2.10443687e+00  1.84112187e+00  1.68121875e+00  1.12228437e+00  4.78797125e+01
  1.41416312e+00  1.96564062e+00  2.12379312e+00  2.36067687e+00  2.36091687e+00  2.36790562e+00  2.38572687e+00  2.12379312e+00  1.96564062e+00  1.41416312e+00  5.53131562e+01
  1.73236375e+00  2.27646312e+00  2.43287562e+00  2.66712937e+00  2.66739875e+00  2.67501812e+00  2.69348937e+00  2.43287562e+00  2.27646312e+00  1.73236375e+00  6.32775687e+01
  2.07750687e+00  2.61429875e+00  2.76900062e+00  3.00066312e+00  3.00095312e+00  3.00923187e+00  3.02836312e+00  2.76900062e+00  2.61429875e+00  2.07750687e+00  7.17473750e+01
  2.45008062e+00  2.97962562e+00  3.13263687e+00  3.36172937e+00  3.36203000e+00  3.37100812e+00  3.39081937e+00  3.13263687e+00  2.97962562e+00  2.45008062e+00  8.06915562e+01
  2.85033812e+00  3.37271500e+00  3.52403687e+00  3.75059750e+00  3.75091875e+00  3.76061687e+00  3.78110812e+00  3.52403687e+00  3.37271500e+00  2.85033812e+00  9.00733312e+01
  3.27835750e+00  3.79362750e+00  3.94328875e+00  4.16732937e+00  4.16768937e+00  4.17812812e+00  4.19931937e+00  3.94328875e+00  3.79362750e+00  3.27835750e+00  9.98510750e+01
  3.73401000e+00  4.24223250e+00  4.39025312e+00  4.61180375e+00  4.61218375e+00  4.62341187e+00  4.64531312e+00  4.39025312e+00  4.24223250e+00  3.73401000e+00  1.09978062e+02
  4.21693562e+00  4.71818000e+00  4.86458000e+00  5.08366062e+00  5.08407062e+00  5.09609937e+00  5.11873062e+00  4.86458000e+00  4.71818000e+00  4.21693562e+00  1.20405312e+02
  4.72657375e+00  5.22089187e+00  5.36568125e+00  5.58233062e+00  5.58276125e+00  5.59563875e+00  5.61900062e+00  5.36568125e+00  5.22089187e+00  4.72657375e+00  1.31078688e+02
  5.26211562e+00  5.74958562e+00  5.89277500e+00  6.10701375e+00  6.10747375e+00  6.12121250e+00  6.14533375e+00  5.89277500e+00  5.74958562e+00  5.26211562e+00  1.41942125e+02
  5.82299000e+00  6.30366250e+00  6.44527250e+00  6.65712062e+00  6.65761062e+00  6.67225875e+00  6.69714062e+00  6.44527250e+00  6.30366250e+00  5.82299000e+00  1.52940562e+02
  6.40764812e+00  6.88158312e+00  7.02164187e+00  7.23112000e+00  7.23163062e+00  7.24721812e+00  7.27288000e+00  7.02164187e+00  6.88158312e+00  6.40764812e+00  1.64010062e+02
  0.00000000e+00  0.00000000e+00  1.73250750e-01  4.33127438e-01  4.33127438e-01  4.34462563e-01  4.46426563e-01  1.73250750e-01  0.00000000e+00  0.00000000e+00  2.85025500e-01
  0.00000000e+00  4.54787500e-02  2.16664000e-01  4.73410000e-01  4.73430000e-01  4.75184000e-01  4.87736063e-01  2.16664000e-01  4.54787500e-02  0.00000000e+00  1.69491125e+00
  0.00000000e+00  1.04802500e-01  2.74014437e-01  5.27767750e-01  5.27807750e-01  5.29993750e-01  5.43127875e-01  2.74014437e-01  1.04802500e-01  0.00000000e+00  3.43464375e+00
  0.00000000e+00  1.75823250e-01  3.43131750e-01  5.93999500e-01  5.94059500e-01  5.96691437e-01  6.10405625e-01  3.43131750e-01  1.75823250e-01  0.00000000e+00  5.54312187e+00
  0.00000000e+00  2.59202187e-01  4.24668375e-01  6.72744437e-01  6.72823500e-01  6.75916313e-01  6.90210563e-01  4.24668375e-01  2.59202187e-01  0.00000000e+00  8.03484000e+00
  0.00000000e+00  3.56187687e-01  5.19868437e-01  7.65237000e-01  7.65336000e-01  7.68905750e-01  7.83781062e-01  5.19868437e-01  3.56187687e-01  0.00000000e+00  1.09395812e+01
  0.00000000e+00  4.67270875e-01  6.29214250e-01  8.71949250e-01  8.72067312e-01  8.76130062e-01  8.91589312e-01  6.29214250e-01  4.67270875e-01  0.00000000e+00  1.42600187e+01
  0.00000000e+00  5.62448187e-01  7.23076250e-01  9.63814812e-01  9.63947875e-01  9.68403562e-01  9.84314875e-01  7.23076250e-01  5.62448187e-01  0.00000000e+00  1.70934062e+01
  2.88900375e-02  5.89735812e-01  7.49985812e-01  9.90153187e-01  9.90290250e-01  9.94863937e-01  1.01091125e+00  7.49985812e-01  5.89735812e-01  2.88900375e-02  1.79583937e+01
  1.85980375e-01  7.39269812e-01  8.97742375e-01  1.13521250e+00  1.13537250e+00  1.14052062e+00  1.15719250e+00  8.97742375e-01  7.39269812e-01  1.85980375e-01  2.21745250e+01
  3.64643625e-01  9.10482687e-01  1.06720000e+00  1.30202312e+00  1.30220312e+00  1.30794187e+00  1.32526375e+00  1.06720000e+00  9.10482687e-01  3.64643625e-01  2.68374125e+01
  5.62773562e-01  1.10125062e+00  1.25624250e+00  1.48844500e+00  1.48864500e+00  1.49501312e+00  1.51298562e+00  1.25624250e+00  1.10125062e+00  5.62773562e-01  3.19753625e+01
  7.81101687e-01  1.31230375e+00  1.46559562e+00  1.69520750e+00  1.69542812e+00  1.70244625e+00  1.72108812e+00  1.46559562e+00  1.31230375e+00  7.81101687e-01  3.75836750e+01
  1.02071625e+00  1.54471937e+00  1.69632062e+00  1.92338250e+00  1.92363250e+00  1.93133062e+00  1.95065250e+00  1.69632062e+00  1.54471937e+00  1.02071625e+00  4.36581625e+01
  1.28215062e+00  1.79903625e+00  1.94897687e+00  2.17351812e+00  2.17378812e+00  2.18219625e+00  2.20220812e+00  1.94897687e+00  1.79903625e+00  1.28215062e+00  5.01787250e+01
  1.56569625e+00  2.07553500e+00  2.22383500e+00  2.44587625e+00  2.44617625e+00  2.45531437e+00  2.47603625e+00  2.22383500e+00  2.07553500e+00  1.56569625e+00  5.71185625e+01
  1.87169437e+00  2.37455562e+00  2.52122562e+00  2.74080625e+00  2.74112625e+00  2.75104375e+00  2.77247562e+00  2.52122562e+00  2.37455562e+00  1.87169437e+00  6.44501750e+01
  2.20033437e+00  2.69627875e+00  2.84133875e+00  3.05848812e+00  3.05882812e+00  3.06954625e+00  3.09170750e+00  2.84133875e+00  2.69627875e+00  2.20033437e+00  7.21416625e+01
  2.55161750e+00  3.04071437e+00  3.18419375e+00  3.39892312e+00  3.39929312e+00  3.41084125e+00  3.43374250e+00  3.18419375e+00  3.04071437e+00  2.55161750e+00  8.01568187e+01
  2.92540250e+00  3.40771187e+00  3.54962062e+00  3.76196000e+00  3.76236000e+00  3.77476812e+00  3.79842937e+00  3.54962062e+00  3.40771187e+00  2.92540250e+00  8.84555375e+01
  3.32133000e+00  3.79692250e+00  3.93727125e+00  4.14725937e+00  4.14768000e+00  4.16098750e+00  4.18540937e+00  3.93727125e+00  3.79692250e+00  3.32133000e+00  9.69946250e+01
  3.73888062e+00  4.20781562e+00  4.34662437e+00  4.55427187e+00  4.55473187e+00  4.56896000e+00  4.59416187e+00  4.34662437e+00  4.20781562e+00  3.73888062e+00  1.05727875e+02
  4.17734437e+00  4.63968187e+00  4.77696000e+00  4.98230687e+00  4.98278750e+00  4.99798500e+00  5.02398625e+00  4.77696000e+00  4.63968187e+00  4.17734437e+00  1.14608250e+02
  4.63583000e+00  5.09163000e+00  5.22739812e+00  5.43044500e+00  5.43096500e+00  5.44715312e+00  5.47395500e+00  5.22739812e+00  5.09163000e+00  4.63583000e+00  1.23585750e+02
  5.11356875e+00  5.56289187e+00  5.69716937e+00  5.89795500e+00  5.89849625e+00  5.91572375e+00  5.94334562e+00  5.69716937e+00  5.56289187e+00  5.11356875e+00  1.32611125e+02
  5.60908000e+00  6.05198562e+00  6.18478312e+00  6.38331937e+00  6.38389937e+00  6.40219687e+00  6.43065812e+00  6.18478312e+00  6.05198562e+00  5.60908000e+00  1.41630625e+02
  0.00000000e+00  0.00000000e+00  1.64179750e-01  4.10450313e-01  4.10450313e-01  4.12199250e-01  4.25849438e-01  1.64179750e-01  0.00000000e+00  0.00000000e+00  3.26098937e-01
  0.00000000e+00  4.37984187e-02  2.06012438e-01  4.49296375e-01  4.49319375e-01  4.51573250e-01  4.65872500e-01  2.06012438e-01  4.37984187e-02  0.00000000e+00  1.69210187e+00
  0.00000000e+00  1.00379156e-01  2.60715062e-01  5.01147438e-01  5.01192437e-01  5.03965250e-01  5.18906500e-01  2.60715062e-01  1.00379156e-01  0.00000000e+00  3.35612687e+00
  0.00000000e+00  1.67549875e-01  3.26076375e-01  5.63761125e-01  5.63828125e-01  5.67134875e-01  5.82713250e-01  3.26076375e-01  1.67549875e-01  0.00000000e+00  5.35082875e+00
  0.00000000e+00  2.45831375e-01  4.02607500e-01  6.37633750e-01  6.37722750e-01  6.41580375e-01  6.57794812e-01  4.02607500e-01  2.45831375e-01  0.00000000e+00  7.68507875e+00
  0.00000000e+00  3.36253937e-01  4.91333750e-01  7.23784437e-01  7.23895437e-01  7.28320062e-01  7.45170437e-01  4.91333750e-01  3.36253937e-01  0.00000000e+00  1.03807750e+01
  0.00000000e+00  4.39156812e-01  5.92588250e-01  8.22535375e-01  8.22666500e-01  8.27678000e-01  8.45164500e-01  5.92588250e-01  4.39156812e-01  0.00000000e+00  1.34355062e+01
  1.04083125e-16  5.26897437e-01  6.79078625e-01  9.07128375e-01  9.07277437e-01  9.12752937e-01  9.30733437e-01  6.79078625e-01  5.26897437e-01  1.04083125e-16  1.60250687e+01
  2.65735562e-02  5.51942687e-01  7.03765875e-01  9.31272500e-01  9.31425562e-01  9.37041000e-01  9.55165562e-01  7.03765875e-01  5.51942687e-01  2.65735562e-02  1.68109812e+01
  1.70673375e-01  6.88835437e-01  8.38973187e-01  1.06392125e+00  1.06409187e+00  1.07038937e+00  1.08920125e+00  8.38973187e-01  6.88835437e-01  1.70673375e-01  2.06259187e+01
  3.33624437e-01  8.44681500e-01  9.93159875e-01  1.21558625e+00  1.21578625e+00  1.22277500e+00  1.24229625e+00  9.93159875e-01  8.44681500e-01  3.33624437e-01  2.48113312e+01
  5.13296750e-01  1.01733312e+00  1.16418250e+00  1.38412250e+00  1.38434312e+00  1.39207125e+00  1.41229312e+00  1.16418250e+00  1.01733312e+00  5.13296750e-01  2.93878875e+01
  7.10174375e-01  1.20728125e+00  1.35251062e+00  1.57000000e+00  1.57024062e+00  1.57872875e+00  1.59968062e+00  1.35251062e+00  1.20728125e+00  7.10174375e-01  3.43459250e+01
  9.25025562e-01  1.41527125e+00  1.55890125e+00  1.77397937e+00  1.77425000e+00  1.78352812e+00  1.80521000e+00  1.55890125e+00  1.41527125e+00  9.25025562e-01  3.96760187e+01
  1.15814687e+00  1.64161312e+00  1.78367187e+00  1.99635062e+00  1.99665125e+00  2.00675875e+00  2.02918125e+00  1.78367187e+00  1.64161312e+00  1.15814687e+00  4.53554937e+01
  1.40960750e+00  1.88635687e+00  2.02685562e+00  2.23717375e+00  2.23750375e+00  2.24846250e+00  2.27165375e+00  2.02685562e+00  1.88635687e+00  1.40960750e+00  5.13566250e+01
  1.67950062e+00  2.14960312e+00  2.28857125e+00  2.49654937e+00  2.49690937e+00  2.50876687e+00  2.53271937e+00  2.28857125e+00  2.14960312e+00  1.67950062e+00  5.76512250e+01
  1.96781562e+00  2.43133125e+00  2.56877937e+00  2.77444687e+00  2.77483625e+00  2.78761437e+00  2.81235625e+00  2.56877937e+00  2.43133125e+00  1.96781562e+00  6.42074937e+01
  2.27435312e+00  2.73135125e+00  2.86728937e+00  3.07068562e+00  3.07109625e+00  3.08483437e+00  3.11037625e+00  2.86728937e+00  2.73135125e+00  2.27435312e+00  7.09910062e+01
  2.59878250e+00  3.04932437e+00  3.18378125e+00  3.38490812e+00  3.38535812e+00  3.40008625e+00  3.42643750e+00  3.18378125e+00  3.04932437e+00  2.59878250e+00  7.79639812e+01
  2.94061500e+00  3.38475937e+00  3.51774625e+00  3.71664187e+00  3.71712187e+00  3.73288000e+00  3.76005187e+00  3.51774625e+00  3.38475937e+00  2.94061500e+00  8.50872000e+01
  3.29920000e+00  3.73701625e+00  3.86854312e+00  4.06522875e+00  4.06573875e+00  4.08255687e+00  4.11056875e+00  3.86854312e+00  3.73701625e+00  3.29920000e+00  9.23193562e+01
  3.67375687e+00  4.10528625e+00  4.23537312e+00  4.42986812e+00  4.43041812e+00  4.44833625e+00  4.47719750e+00  4.23537312e+00  4.10528625e+00  3.67375687e+00  9.96185500e+01
  4.06332625e+00  4.48863812e+00  4.61729500e+00  4.80962937e+00  4.81020937e+00  4.82926687e+00  4.85898937e+00  4.61729500e+00  4.48863812e+00  4.06332625e+00  1.06942062e+02
  4.46706812e+00  4.88621250e+00  5.01345875e+00  5.20364313e+00  5.20426312e+00  5.22449125e+00  5.25510250e+00  5.01345875e+00  4.88621250e+00  4.46706812e+00  1.14245562e+02
  4.88357187e+00  5.29659937e+00  5.42244562e+00  5.61051875e+00  5.61116937e+00  5.63260687e+00  5.66410875e+00  5.42244562e+00  5.29659937e+00  4.88357187e+00  1.21487000e+02
  0.00000000e+00  0.00000000e+00  1.55410813e-01  3.88528438e-01  3.88528438e-01  3.90816125e-01  4.06362563e-01  1.55410813e-01  0.00000000e+00  0.00000000e+00  3.72839000e-01
  0.00000000e+00  4.21790750e-02  1.95735688e-01  4.26030688e-01  4.26055750e-01  4.28951375e-01  4.45208875e-01  1.95735688e-01  4.21790750e-02  0.00000000e+00  1.69623750e+00
  0.00000000e+00  9.61153750e-02  2.47901187e-01  4.75500750e-01  4.75550750e-01  4.79069250e-01  4.96027813e-01  2.47901187e-01  9.61153750e-02  0.00000000e+00  3.28660312e+00
  0.00000000e+00  1.59582312e-01  3.09662000e-01  5.34666000e-01  5.34740000e-01  5.38897437e-01  5.56551062e-01  3.09662000e-01  1.59582312e-01  0.00000000e+00  5.17095312e+00
  0.00000000e+00  2.32972812e-01  3.81403125e-01  6.03897562e-01  6.03994687e-01  6.08808000e-01  6.27153688e-01  3.81403125e-01  2.32972812e-01  0.00000000e+00  7.35319625e+00
  0.00000000e+00  3.17119875e-01  4.63951875e-01  6.84015812e-01  6.84136875e-01  6.89624187e-01  7.08660875e-01  4.63951875e-01  3.17119875e-01  0.00000000e+00  9.84822125e+00
  0.00000000e+00  4.12235625e-01  5.57515250e-01  7.75214812e-01  7.75360812e-01  7.81541062e-01  8.01268812e-01  5.57515250e-01  4.12235625e-01  0.00000000e+00  1.26496625e+01
  0.00000000e+00  4.92919625e-01  6.37022062e-01  8.52932187e-01  8.53096250e-01  8.59825437e-01  8.80088250e-01  6.37022062e-01  4.92919625e-01  0.00000000e+00  1.50080000e+01
  2.43765062e-02  5.15844625e-01  6.59609000e-01  8.75007000e-01  8.75176062e-01  8.82070187e-01  9.02489000e-01  6.59609000e-01  5.15844625e-01  2.43765062e-02  1.57191375e+01
  1.56186500e-01  6.40808000e-01  7.82986000e-01  9.95968500e-01  9.96163562e-01  1.00385187e+00  1.02501375e+00  7.82986000e-01  6.40808000e-01  1.56186500e-01  1.91564750e+01
  3.04348437e-01  7.82222000e-01  9.22836750e-01  1.13344250e+00  1.13366312e+00  1.14217125e+00  1.16410250e+00  9.22836750e-01  7.82222000e-01  3.04348437e-01  2.28954875e+01
  4.66741750e-01  9.37950312e-01  1.07702562e+00  1.28528375e+00  1.28553375e+00  1.29490125e+00  1.31759312e+00  1.07702562e+00  9.37950312e-01  4.66741750e-01  2.69503562e+01
  6.43639562e-01  1.10826000e+00  1.24581812e+00  1.45176562e+00  1.45204500e+00  1.46229375e+00  1.48576562e+00  1.24581812e+00  1.10826000e+00  6.43639562e-01  3.13082875e+01
  8.35549125e-01  1.29365500e+00  1.42971250e+00  1.63337937e+00  1.63368875e+00  1.64486687e+00  1.66912875e+00  1.42971250e+00  1.29365500e+00  8.35549125e-01  3.59555812e+01
  1.04257125e+00  1.49423125e+00  1.62879875e+00  1.83021500e+00  1.83055500e+00  1.84269250e+00  1.86775437e+00  1.62879875e+00  1.49423125e+00  1.04257125e+00  4.08686250e+01
  1.26459687e+00  1.70987937e+00  1.84298687e+00  2.04218187e+00  2.04254250e+00  2.05568000e+00  2.08155250e+00  1.84298687e+00  1.70987937e+00  1.26459687e+00  4.60195375e+01
  1.50156375e+00  1.94053000e+00  2.07219625e+00  2.26918187e+00  2.26958187e+00  2.28373937e+00  2.31044187e+00  2.07219625e+00  1.94053000e+00  1.50156375e+00  5.13805000e+01
  1.75326375e+00  2.18598187e+00  2.31621812e+00  2.51102312e+00  2.51145375e+00  2.52668125e+00  2.55422312e+00  2.31621812e+00  2.18598187e+00  1.75326375e+00  5.69212062e+01
  2.01938500e+00  2.44591562e+00  2.57472250e+00  2.76738625e+00  2.76784687e+00  2.78418437e+00  2.81257625e+00  2.57472250e+00  2.44591562e+00  2.01938500e+00  6.26090687e+01
  2.29946812e+00  2.71985250e+00  2.84726875e+00  3.03779250e+00  3.03829312e+00  3.05577000e+00  3.08503187e+00  2.84726875e+00  2.71985250e+00  2.29946812e+00  6.84100625e+01
  2.59292375e+00  3.00723062e+00  3.13325687e+00  3.32168000e+00  3.32222000e+00  3.34086750e+00  3.37101000e+00  3.13325687e+00  3.00723062e+00  2.59292375e+00  7.42885938e+01
  2.89905187e+00  3.30733125e+00  3.43198687e+00  3.61832000e+00  3.61890000e+00  3.63875812e+00  3.66979937e+00  3.43198687e+00  3.30733125e+00  2.89905187e+00  8.02087562e+01
  3.21701187e+00  3.61932437e+00  3.74262937e+00  3.92689250e+00  3.92751187e+00  3.94862000e+00  3.98057125e+00  3.74262937e+00  3.61932437e+00  3.21701187e+00  8.61343313e+01
  3.54587375e+00  3.94226875e+00  4.06423312e+00  4.24645562e+00  4.24710625e+00  4.26951312e+00  4.30237562e+00  4.06423312e+00  3.94226875e+00  3.54587375e+00  9.20289375e+01
  3.88473750e+00  4.27527500e+00  4.39590000e+00  4.57610187e+00  4.57680187e+00  4.60052937e+00  4.63433125e+00  4.39590000e+00  4.27527500e+00  3.88473750e+00  9.78555437e+01
  4.23231313e+00  4.61703375e+00  4.73634750e+00  4.91453938e+00  4.91528937e+00  4.94037687e+00  4.97512937e+00  4.73634750e+00  4.61703375e+00  4.23231313e+00  1.03579062e+02
  0.00000000e+00  0.00000000e+00  1.47939188e-01  3.69848438e-01  3.69848438e-01  3.72840813e-01  3.90454563e-01  1.47939188e-01  0.00000000e+00  0.00000000e+00  4.24726312e-01
  0.00000000e+00  4.07455062e-02  1.86942125e-01  4.06194813e-01  4.06220813e-01  4.09942125e-01  4.28325938e-01  1.86942125e-01  4.07455062e-02  0.00000000e+00  1.71002062e+00
  0.00000000e+00  9.23803687e-02  2.36913312e-01  4.53628500e-01  4.53681500e-01  4.58145750e-01  4.77286625e-01  2.36913312e-01  9.23803687e-02  0.00000000e+00  3.23537687e+00
  0.00000000e+00  1.52662062e-01  2.95592187e-01  5.09862000e-01  5.09941000e-01  5.15165125e-01  5.35057000e-01  2.95592187e-01  1.52662062e-01  0.00000000e+00  5.02358062e+00
  0.00000000e+00  2.21888062e-01  3.63267875e-01  5.75175125e-01  5.75280125e-01  5.81281250e-01  6.01918187e-01  3.63267875e-01  2.21888062e-01  0.00000000e+00  7.07511437e+00
  0.00000000e+00  3.00744812e-01  4.40623312e-01  6.50242062e-01  6.50373125e-01  6.57171125e-01  6.78550125e-01  4.40623312e-01  3.00744812e-01  0.00000000e+00  9.39994500e+00
  0.00000000e+00  3.89359437e-01  5.27777625e-01  7.35171875e-01  7.35328937e-01  7.42943875e-01  7.65063937e-01  5.27777625e-01  3.89359437e-01  0.00000000e+00  1.19894875e+01
  0.00000000e+00  4.64196750e-01  6.01508750e-01  8.07216687e-01  8.07394750e-01  8.15654625e-01  8.38348687e-01  6.01508750e-01  4.64196750e-01  0.00000000e+00  1.41562875e+01
  2.25594375e-02  4.85377312e-01  6.22372250e-01  8.27597125e-01  8.27781187e-01  8.36233062e-01  8.59095125e-01  6.22372250e-01  4.85377312e-01  2.25594375e-02  1.48062437e+01
  1.44258437e-01  6.00571875e-01  7.36073562e-01  9.39023937e-01  9.39237000e-01  9.48616812e-01  9.72278937e-01  7.36073562e-01  6.00571875e-01  1.44258437e-01  1.79359750e+01
  2.80383750e-01  7.30282250e-01  8.64314625e-01  1.06502187e+00  1.06527125e+00  1.07560937e+00  1.10008125e+00  8.64314625e-01  7.30282250e-01  2.80383750e-01  2.13165562e+01
  4.28862437e-01  8.72422937e-01  1.00501000e+00  1.20350562e+00  1.20378562e+00  1.21512312e+00  1.24041500e+00  1.00501000e+00  8.72422937e-01  4.28862437e-01  2.49584937e+01
  5.89846625e-01  1.02713937e+00  1.15829562e+00  1.35462062e+00  1.35492125e+00  1.36728875e+00  1.39341125e+00  1.15829562e+00  1.02713937e+00  5.89846625e-01  2.88477875e+01
  7.63686437e-01  1.19478625e+00  1.32452312e+00  1.51869750e+00  1.51902812e+00  1.53247562e+00  1.55943750e+00  1.32452312e+00  1.19478625e+00  7.63686437e-01  3.29697312e+01
  9.50375937e-01  1.37533625e+00  1.50368250e+00  1.69572625e+00  1.69609687e+00  1.71064437e+00  1.73846625e+00  1.50368250e+00  1.37533625e+00  9.50375937e-01  3.73012250e+01
  1.14974000e+00  1.56862687e+00  1.69559312e+00  1.88553687e+00  1.88594687e+00  1.90163437e+00  1.93031687e+00  1.69559312e+00  1.56862687e+00  1.14974000e+00  4.18163625e+01
  1.36162000e+00  1.77449000e+00  1.90009562e+00  2.08795875e+00  2.08839937e+00  2.10527687e+00  2.13483875e+00  1.90009562e+00  1.77449000e+00  1.36162000e+00  4.64891437e+01
  1.58576187e+00  1.99267437e+00  2.11693000e+00  2.30273312e+00  2.30321312e+00  2.32131062e+00  2.35176312e+00  2.11693000e+00  1.99267437e+00  1.58576187e+00  5.12918687e+01
  1.82178625e+00  2.22280125e+00  2.34571625e+00  2.52948875e+00  2.53000937e+00  2.54936625e+00  2.58072875e+00  2.34571625e+00  2.22280125e+00  1.82178625e+00  5.61955250e+01
  2.06923187e+00  2.46438937e+00  2.58598437e+00  2.76774625e+00  2.76830687e+00  2.78895437e+00  2.82124562e+00  2.58598437e+00  2.46438937e+00  2.06923187e+00  6.11698062e+01
  2.32749937e+00  2.71685937e+00  2.83715375e+00  3.01691562e+00  3.01751625e+00  3.03950375e+00  3.07272562e+00  2.83715375e+00  2.71685937e+00  2.32749937e+00  6.61839125e+01
  2.59591812e+00  2.97953125e+00  3.09852562e+00  3.27630687e+00  3.27695750e+00  3.30032437e+00  3.33448688e+00  3.09852562e+00  2.97953125e+00  2.59591812e+00  7.12066437e+01
  2.87369937e+00  3.25161437e+00  3.36931875e+00  3.54515000e+00  3.54585000e+00  3.57062687e+00  3.60574937e+00  3.36931875e+00  3.25161437e+00  2.87369937e+00  7.62073875e+01
  3.15997187e+00  3.53223000e+00  3.64867375e+00  3.82256437e+00  3.82330500e+00  3.84954187e+00  3.88564375e+00  3.64867375e+00  3.53223000e+00  3.15997187e+00  8.11556438e+01
  3.45389625e+00  3.82055687e+00  3.93574000e+00  4.10771063e+00  4.10850062e+00  4.13622750e+00  4.17332000e+00  3.93574000e+00  3.82055687e+00  3.45389625e+00  8.60201000e+01
  3.75434187e+00  4.11544437e+00  4.22937812e+00  4.39944813e+00  4.40028812e+00  4.42954500e+00  4.46763750e+00  4.22937812e+00  4.11544437e+00  3.75434187e+00  9.07724562e+01
  0.00000000e+00  0.00000000e+00  1.40428563e-01  3.51071438e-01  3.51071438e-01  3.54975500e-01  3.74910563e-01  1.40428563e-01  0.00000000e+00  0.00000000e+00  4.83970187e-01
  0.00000000e+00  3.93089687e-02  1.78102188e-01  3.86244563e-01  3.86273563e-01  3.91049500e-01  4.11813625e-01  1.78102188e-01  3.93089687e-02  0.00000000e+00  1.73017812e+00
  0.00000000e+00  8.85918562e-02  2.25822500e-01  4.31577375e-01  4.31635375e-01  4.37296250e-01  4.58875375e-01  2.25822500e-01  8.85918562e-02  0.00000000e+00  3.18800437e+00
  0.00000000e+00  1.45601000e-01  2.81326625e-01  4.84781062e-01  4.84868062e-01  4.91428937e-01  5.13814125e-01  2.81326625e-01  1.45601000e-01  0.00000000e+00  4.87648375e+00
  0.00000000e+00  2.10550375e-01  3.44819750e-01  5.46049687e-01  5.46165750e-01  5.53646500e-01  5.76831687e-01  3.44819750e-01  2.10550375e-01  0.00000000e+00  6.79304625e+00
  0.00000000e+00  2.83988687e-01  4.16847687e-01  6.15922250e-01  6.16067312e-01  6.24487000e-01  6.48467250e-01  4.16847687e-01  2.83988687e-01  0.00000000e+00  8.94315687e+00
  0.00000000e+00  3.65962875e-01  4.97449625e-01  6.94427812e-01  6.94602875e-01  7.03983437e-01  7.28756750e-01  4.97449625e-01  3.65962875e-01  0.00000000e+00  1.13163125e+01
  1.04083125e-16  4.34842250e-01  5.65289812e-01  7.60679625e-01  7.60878687e-01  7.71015250e-01  7.96402625e-01  5.65289812e-01  4.34842250e-01  1.04083125e-16  1.32883812e+01
  2.07184250e-02  4.54248375e-01  5.84396937e-01  7.79332625e-01  7.79538687e-01  7.89900250e-01  8.15466562e-01  5.84396937e-01  4.54248375e-01  2.07184250e-02  1.38762562e+01
  1.32183062e-01  5.59520875e-01  6.88267062e-01  8.81057375e-01  8.81296500e-01  8.92742937e-01  9.19164312e-01  6.88267062e-01  5.59520875e-01  1.32183062e-01  1.66950500e+01
  2.56145562e-01  6.77377187e-01  8.04741062e-01  9.95420000e-01  9.95694062e-01  1.00825750e+00  1.03554937e+00  8.04741062e-01  6.77377187e-01  2.56145562e-01  1.97146000e+01
  3.90592375e-01  8.05789687e-01  9.31788437e-01  1.12038687e+00  1.12069687e+00  1.13441437e+00  1.16257687e+00  9.31788437e-01  8.05789687e-01  3.90592375e-01  2.29422000e+01
  5.35554625e-01  9.44782750e-01  1.06943250e+00  1.25597500e+00  1.25632500e+00  1.27124250e+00  1.30028500e+00  1.06943250e+00  9.44782750e-01  5.35554625e-01  2.63628437e+01
  6.91227500e-01  1.09454750e+00  1.21787250e+00  1.40238500e+00  1.40276500e+00  1.41892250e+00  1.44886500e+00  1.21787250e+00  1.09454750e+00  6.91227500e-01  2.99608312e+01
  8.57501937e-01  1.25497937e+00  1.37698437e+00  1.55948687e+00  1.55990687e+00  1.57734375e+00  1.60819625e+00  1.37698437e+00  1.25497937e+00  8.57501937e-01  3.37139562e+01
  1.03412250e+00  1.42581312e+00  1.54652750e+00  1.72703937e+00  1.72750000e+00  1.74624687e+00  1.77801937e+00  1.54652750e+00  1.42581312e+00  1.03412250e+00  3.75978187e+01
  1.22086437e+00  1.60681812e+00  1.72624250e+00  1.90479375e+00  1.90529437e+00  1.92540125e+00  1.95811375e+00  1.72624250e+00  1.60681812e+00  1.22086437e+00  4.15886187e+01
  1.41738937e+00  1.79766500e+00  1.91580937e+00  2.09242000e+00  2.09297000e+00  2.11446750e+00  2.14812000e+00  1.91580937e+00  1.79766500e+00  1.41738937e+00  4.56612437e+01
  1.62328500e+00  1.99793312e+00  2.11481750e+00  2.28949812e+00  2.29008875e+00  2.31302562e+00  2.34764812e+00  2.11481750e+00  1.99793312e+00  1.62328500e+00  4.97896000e+01
  1.83805250e+00  2.20711312e+00  2.32275687e+00  2.49552750e+00  2.49616813e+00  2.52057500e+00  2.55617687e+00  2.32275687e+00  2.20711312e+00  1.83805250e+00  5.39473750e+01
  2.06110125e+00  2.42462500e+00  2.53902812e+00  2.70990812e+00  2.71059875e+00  2.73652562e+00  2.77311812e+00  2.53902812e+00  2.42462500e+00  2.06110125e+00  5.81080625e+01
  2.29175250e+00  2.64978812e+00  2.76296187e+00  2.93197125e+00  2.93272125e+00  2.96019812e+00  2.99779062e+00  2.76296187e+00  2.64978812e+00  2.29175250e+00  6.22451687e+01
  2.52926500e+00  2.88186250e+00  2.99382562e+00  3.16098500e+00  3.16177562e+00  3.19086187e+00  3.22947437e+00  2.99382562e+00  2.88186250e+00  2.52926500e+00  6.63332750e+01
  2.77284812e+00  3.12003875e+00  3.23080125e+00  3.39612000e+00  3.39697062e+00  3.42768750e+00  3.46733000e+00  3.23080125e+00  3.12003875e+00  2.77284812e+00  7.03472937e+01
  3.02168313e+00  3.36352562e+00  3.47309812e+00  3.63659625e+00  3.63749750e+00  3.66988438e+00  3.71058625e+00  3.47309812e+00  3.36352562e+00  3.02168313e+00  7.42613125e+01
  3.27477875e+00  3.61131437e+00  3.71970625e+00  3.88139375e+00  3.88235500e+00  3.91646125e+00  3.95821437e+00  3.71970625e+00  3.61131437e+00  3.27477875e+00  7.80535187e+01
  0.00000000e+00  0.00000000e+00  1.33429125e-01  3.33572750e-01  3.33572750e-01  3.38679438e-01  3.61191813e-01  1.33429125e-01  0.00000000e+00  0.00000000e+00  5.51302750e-01
  0.00000000e+00  3.79066500e-02  1.69796937e-01  3.67581125e-01  3.67613188e-01  3.73759750e-01  3.97158188e-01  1.69796937e-01  3.79066500e-02  0.00000000e+00  1.75816312e+00
  0.00000000e+00  8.49027375e-02  2.15321562e-01  4.10852250e-01  4.10917313e-01  4.18114812e-01  4.42383313e-01  2.15321562e-01  8.49027375e-02  0.00000000e+00  3.14896562e+00
  0.00000000e+00  1.38753812e-01  2.67756000e-01  4.61112375e-01  4.61211375e-01  4.69475812e-01  4.94604312e-01  2.67756000e-01  1.38753812e-01  0.00000000e+00  4.73990875e+00
  0.00000000e+00  1.99611375e-01  3.27241312e-01  5.18496250e-01  5.18628312e-01  5.27977687e-01  5.53958250e-01  3.27241312e-01  1.99611375e-01  0.00000000e+00  6.52621375e+00
  0.00000000e+00  2.67905875e-01  3.94205562e-01  5.83423125e-01  5.83589187e-01  5.94044437e-01  6.20873000e-01  3.94205562e-01  2.67905875e-01  0.00000000e+00  8.50982312e+00
  0.00000000e+00  3.43624312e-01  4.68629750e-01  6.55865875e-01  6.56066875e-01  6.67648125e-01  6.95321750e-01  4.68629750e-01  3.43624312e-01  0.00000000e+00  1.06791375e+01
  0.00000000e+00  4.06924312e-01  5.30948625e-01  7.16682437e-01  7.16909500e-01  7.29378625e-01  7.57704375e-01  5.30948625e-01  4.06924312e-01  0.00000000e+00  1.24693500e+01
  1.90052375e-02  4.24674937e-01  5.48418125e-01  7.33721812e-01  7.33956937e-01  7.46688125e-01  7.75205750e-01  5.48418125e-01  4.24674937e-01  1.90052375e-02  1.29997250e+01
  1.20972250e-01  5.20726625e-01  6.43144625e-01  8.26417937e-01  8.26692062e-01  8.40688125e-01  8.70114812e-01  6.43144625e-01  5.20726625e-01  1.20972250e-01  1.55312812e+01
  2.33714312e-01  6.27632250e-01  7.48744937e-01  9.30018875e-01  9.30333000e-01  9.45633000e-01  9.75977687e-01  7.48744937e-01  6.27632250e-01  2.33714312e-01  1.82205812e+01
  3.55285750e-01  7.43434125e-01  8.63258562e-01  1.04255625e+00  1.04291625e+00  1.05955375e+00  1.09083562e+00  8.63258562e-01  7.43434125e-01  3.55285750e-01  2.10726187e+01
  4.85623562e-01  8.68066312e-01  9.86617500e-01  1.16396687e+00  1.16436687e+00  1.18239375e+00  1.21460687e+00  9.86617500e-01  8.68066312e-01  4.85623562e-01  2.40719937e+01
  6.24800812e-01  1.00159419e+00  1.11888812e+00  1.29431875e+00  1.29475875e+00  1.31420625e+00  1.34737812e+00  1.11888812e+00  1.00159419e+00  6.24800812e-01  2.72027062e+01
  7.72630562e-01  1.14383812e+00  1.25988187e+00  1.43340250e+00  1.43389250e+00  1.45480937e+00  1.48894187e+00  1.25988187e+00  1.14383812e+00  7.72630562e-01  3.04437562e+01
  9.28807812e-01  1.29447375e+00  1.40929687e+00  1.58092750e+00  1.58146750e+00  1.60389437e+00  1.63900687e+00  1.40929687e+00  1.29447375e+00  9.28807812e-01  3.37731312e+01
  1.09303500e+00  1.45322062e+00  1.56682375e+00  1.73659312e+00  1.73717375e+00  1.76115062e+00  1.79725375e+00  1.56682375e+00  1.45322062e+00  1.09303500e+00  3.71688375e+01
  1.26495125e+00  1.61969937e+00  1.73209250e+00  1.90001187e+00  1.90065187e+00  1.92621875e+00  1.96333125e+00  1.73209250e+00  1.61969937e+00  1.26495125e+00  4.06085625e+01
  1.44411812e+00  1.79346937e+00  1.90467187e+00  2.07076062e+00  2.07145125e+00  2.09864812e+00  2.13678062e+00  1.90467187e+00  1.79346937e+00  1.44411812e+00  4.40694125e+01
  1.63000750e+00  1.97402062e+00  2.08403312e+00  2.24830187e+00  2.24905187e+00  2.27792875e+00  2.31709125e+00  2.08403312e+00  1.97402062e+00  1.63000750e+00  4.75286750e+01
  1.82203812e+00  2.16075375e+00  2.26959563e+00  2.43207375e+00  2.43287437e+00  2.46346125e+00  2.50368313e+00  2.26959563e+00  2.16075375e+00  1.82203812e+00  5.09637437e+01
  2.01958000e+00  2.35304750e+00  2.46072937e+00  2.62141687e+00  2.62227750e+00  2.65462375e+00  2.69590625e+00  2.46072937e+00  2.35304750e+00  2.01958000e+00  5.43526187e+01
  2.22194312e+00  2.55019250e+00  2.65672375e+00  2.81564187e+00  2.81656250e+00  2.85069875e+00  2.89306125e+00  2.65672375e+00  2.55019250e+00  2.22194312e+00  5.76741000e+01
  2.42836688e+00  2.75144875e+00  2.85683062e+00  3.01399750e+00  3.01498750e+00  3.05095437e+00  3.09440687e+00  2.85683062e+00  2.75144875e+00  2.42836688e+00  6.09081750e+01
  2.63811250e+00  2.95607562e+00  3.06032687e+00  3.21575375e+00  3.21680437e+00  3.25464125e+00  3.29920375e+00  3.06032687e+00  2.95607562e+00  2.63811250e+00  6.40336500e+01
  2.85030812e+00  3.16319375e+00  3.26631500e+00  3.42001187e+00  3.42112250e+00  3.46087875e+00  3.50656125e+00  3.26631500e+00  3.16319375e+00  2.85030812e+00  6.70337187e+01
  0.00000000e+00  0.00000000e+00  1.26766750e-01  3.16917313e-01  3.16917313e-01  3.23555563e-01  3.48849375e-01  1.26766750e-01  0.00000000e+00  0.00000000e+00  6.25931937e-01
  0.00000000e+00  3.64026187e-02  1.61716375e-01  3.49632500e-01  3.49670563e-01  3.57539688e-01  3.83775500e-01  1.61716375e-01  3.64026187e-02  0.00000000e+00  1.78970375e+00
  0.00000000e+00  8.10716250e-02  2.04996812e-01  3.90777563e-01  3.90853625e-01  3.99964625e-01  4.27123500e-01  2.04996812e-01  8.10716250e-02  0.00000000e+00  3.11162000e+00
  0.00000000e+00  1.31800187e-01  2.54386125e-01  4.38108438e-01  4.38223437e-01  4.48590437e-01  4.76662312e-01  2.54386125e-01  1.31800187e-01  0.00000000e+00  4.60537562e+00
  0.00000000e+00  1.88679500e-01  3.09969187e-01  4.91699187e-01  4.91853250e-01  5.03494125e-01  5.32470062e-01  3.09969187e-01  1.88679500e-01  0.00000000e+00  6.26443000e+00
  0.00000000e+00  2.52033812e-01  3.72067250e-01  5.51865812e-01  5.52058937e-01  5.64993750e-01  5.94868750e-01  3.72067250e-01  2.52033812e-01  0.00000000e+00  8.08774562e+00
  0.00000000e+00  3.21794062e-01  4.40604250e-01  6.18523500e-01  6.18756562e-01  6.33007375e-01  6.63779312e-01  4.40604250e-01  3.21794062e-01  0.00000000e+00  1.00629875e+01
  1.56124687e-16  3.79806562e-01  4.97689562e-01  6.74183562e-01  6.74448625e-01  6.89731375e-01  7.21195375e-01  4.97689562e-01  3.79806562e-01  1.56124687e-16  1.16811437e+01
  1.73868625e-02  3.95996500e-01  5.13613437e-01  6.89699312e-01  6.89973437e-01  7.05562125e-01  7.37228125e-01  5.13613437e-01  3.95996500e-01  1.73868625e-02  1.21573375e+01
  1.10402875e-01  4.83366187e-01  5.99728937e-01  7.73889437e-01  7.74208562e-01  7.91265187e-01  8.23895187e-01  5.99728937e-01  4.83366187e-01  1.10402875e-01  1.44198312e+01
  2.12617187e-01  5.80007875e-01  6.95135375e-01  8.67398500e-01  8.67763687e-01  8.86329187e-01  9.19932187e-01  6.95135375e-01  5.80007875e-01  2.12617187e-01  1.68018750e+01
  3.22157875e-01  6.84040812e-01  7.97949062e-01  9.68337812e-01  9.68751062e-01  9.88866500e-01  1.02345187e+00  7.97949062e-01  6.84040812e-01  3.22157875e-01  1.93063500e+01
  4.38881937e-01  7.95317062e-01  9.08019062e-01  1.07655437e+00  1.07702437e+00  1.09873062e+00  1.13431375e+00  9.08019062e-01  7.95317062e-01  4.38881937e-01  2.19181562e+01
  5.62759375e-01  9.13801687e-01  1.02530937e+00  1.19201875e+00  1.19252937e+00  1.21587500e+00  1.25246812e+00  1.02530937e+00  9.13801687e-01  5.62759375e-01  2.46211937e+01
  6.93539187e-01  1.03924250e+00  1.14957500e+00  1.31446437e+00  1.31503437e+00  1.34006062e+00  1.37767375e+00  1.14957500e+00  1.03924250e+00  6.93539187e-01  2.73959625e+01
  8.30878500e-01  1.17129000e+00  1.28046187e+00  1.44356062e+00  1.44418125e+00  1.47091750e+00  1.50957062e+00  1.28046187e+00  1.17129000e+00  8.30878500e-01  3.02225562e+01
  9.74443125e-01  1.30961875e+00  1.41762125e+00  1.57894937e+00  1.57962937e+00  1.60813562e+00  1.64783812e+00  1.41762125e+00  1.30961875e+00  9.74443125e-01  3.30812687e+01
  1.12384000e+00  1.45380937e+00  1.56068062e+00  1.72023875e+00  1.72097937e+00  1.75128562e+00  1.79205812e+00  1.56068062e+00  1.45380937e+00  1.12384000e+00  3.59524000e+01
  1.27859937e+00  1.60343000e+00  1.70916187e+00  1.86697937e+00  1.86778000e+00  1.89993562e+00  1.94177875e+00  1.70916187e+00  1.60343000e+00  1.27859937e+00  3.88163375e+01
  1.43823000e+00  1.75795250e+00  1.86255437e+00  2.01865125e+00  2.01951188e+00  2.05354812e+00  2.09649062e+00  1.86255437e+00  1.75795250e+00  1.43823000e+00  4.16535875e+01
  1.60216187e+00  1.91681625e+00  2.02030750e+00  2.17468437e+00  2.17561500e+00  2.21157187e+00  2.25563375e+00  2.02030750e+00  1.91681625e+00  1.60216187e+00  4.44454375e+01
  1.76979437e+00  2.07942187e+00  2.18181250e+00  2.33448875e+00  2.33547938e+00  2.37340562e+00  2.41858812e+00  2.18181250e+00  2.07942187e+00  1.76979437e+00  4.71738875e+01
  1.94048812e+00  2.24513688e+00  2.34641813e+00  2.49741375e+00  2.49847437e+00  2.53840125e+00  2.58472375e+00  2.34641813e+00  2.24513688e+00  1.94048812e+00  4.98218500e+01
  2.11356250e+00  2.41327312e+00  2.51346437e+00  2.66278000e+00  2.66392062e+00  2.70588687e+00  2.75336875e+00  2.51346437e+00  2.41327312e+00  2.11356250e+00  5.23736938e+01
  2.28833813e+00  2.58315063e+00  2.68227125e+00  2.82991687e+00  2.83112750e+00  2.87517375e+00  2.92382562e+00  2.68227125e+00  2.58315063e+00  2.28833813e+00  5.48126312e+01
  2.46406437e+00  2.75401875e+00  2.85205937e+00  2.99805438e+00  2.99934500e+00  3.04549188e+00  3.09533375e+00  2.85205937e+00  2.75401875e+00  2.46406437e+00  5.71264563e+01
  0.00000000e+00  0.00000000e+00  1.20459500e-01  3.01149125e-01  3.01150125e-01  3.09756875e-01  3.38064063e-01  1.20459500e-01  0.00000000e+00  0.00000000e+00  7.09273750e-01
  0.00000000e+00  3.48782500e-02  1.53964437e-01  3.32534688e-01  3.32578750e-01  3.42640375e-01  3.71941688e-01  1.53964437e-01  3.48782500e-02  0.00000000e+00  1.82814375e+00
  0.00000000e+00  7.72574062e-02  1.95030375e-01  3.71574188e-01  3.71663250e-01  3.83186812e-01  4.13464125e-01  1.95030375e-01  7.72574062e-02  0.00000000e+00  3.08100562e+00
  0.00000000e+00  1.24961437e-01  2.41468187e-01  4.16058625e-01  4.16192687e-01  4.29191188e-01  4.60432500e-01  2.41468187e-01  1.24961437e-01  0.00000000e+00  4.47934562e+00
  0.00000000e+00  1.78024375e-01  2.93305812e-01  4.66005000e-01  4.66184062e-01  4.80674500e-01  5.12871812e-01  2.93305812e-01  1.78024375e-01  0.00000000e+00  6.01514375e+00
  0.00000000e+00  2.36674312e-01  3.50766500e-01  5.21632312e-01  5.21857437e-01  5.37857812e-01  5.71005125e-01  3.50766500e-01  2.36674312e-01  0.00000000e+00  7.68487062e+00
  0.00000000e+00  3.00793187e-01  4.13727250e-01  5.82808687e-01  5.83080812e-01  6.00613125e-01  6.34706437e-01  4.13727250e-01  3.00793187e-01  0.00000000e+00  9.47573562e+00
  0.00000000e+00  3.53820062e-01  4.65875937e-01  6.33604125e-01  6.33912312e-01  6.52643562e-01  6.87469812e-01  4.65875937e-01  3.53820062e-01  0.00000000e+00  1.09317000e+01
  1.58632437e-02  3.68542375e-01  4.80347187e-01  6.47687312e-01  6.48006437e-01  6.67090750e-01  7.02130062e-01  4.80347187e-01  3.68542375e-01  1.58632437e-02  1.13570062e+01
  1.00473250e-01  4.47771000e-01  5.58389562e-01  7.23899312e-01  7.24270562e-01  7.45053687e-01  7.81111062e-01  5.58389562e-01  4.47771000e-01  1.00473250e-01  1.33678500e+01
  1.92849687e-01  5.34835625e-01  6.44283000e-01  8.07990375e-01  8.08415562e-01  8.30936750e-01  8.68023062e-01  6.44283000e-01  5.34835625e-01  1.92849687e-01  1.54646250e+01
  2.91205375e-01  6.27938500e-01  7.36230625e-01  8.98155687e-01  8.98636937e-01  9.22939062e-01  9.61066312e-01  7.36230625e-01  6.27938500e-01  2.91205375e-01  1.76487375e+01
  3.95337437e-01  7.26871687e-01  8.34021625e-01  9.94185375e-01  9.94723687e-01  1.02084687e+00  1.06003000e+00  8.34021625e-01  7.26871687e-01  3.95337437e-01  1.99055750e+01
  5.05134875e-01  8.31522187e-01  9.37541937e-01  1.09596625e+00  1.09656625e+00  1.12455312e+00  1.16480562e+00  9.37541937e-01  8.31522187e-01  5.05134875e-01  2.22197375e+01
  6.20306625e-01  9.41596000e-01  1.04649687e+00  1.20319375e+00  1.20385375e+00  1.23376000e+00  1.27508312e+00  1.04649687e+00  9.41596000e-01  6.20306625e-01  2.45735187e+01
  7.40491625e-01  1.05672437e+00  1.16052500e+00  1.31551187e+00  1.31623250e+00  1.34808875e+00  1.39051187e+00  1.16052500e+00  1.05672437e+00  7.40491625e-01  2.69492187e+01
  8.65330875e-01  1.17656437e+00  1.27925562e+00  1.43255187e+00  1.43334250e+00  1.46718875e+00  1.51073125e+00  1.27925562e+00  1.17656437e+00  8.65330875e-01  2.93297375e+01
  9.94422312e-01  1.30068562e+00  1.40229687e+00  1.55391313e+00  1.55477312e+00  1.59064937e+00  1.63531250e+00  1.40229687e+00  1.30068562e+00  9.94422312e-01  3.16979625e+01
  1.12731750e+00  1.42865812e+00  1.52918875e+00  1.67914437e+00  1.68006562e+00  1.71802125e+00  1.76382437e+00  1.52918875e+00  1.42865812e+00  1.12731750e+00  3.40374937e+01
  1.26351938e+00  1.55997187e+00  1.65944187e+00  1.80773812e+00  1.80873875e+00  1.84880437e+00  1.89576750e+00  1.65944187e+00  1.55997187e+00  1.26351938e+00  3.63322250e+01
  1.40251250e+00  1.69412625e+00  1.79252688e+00  1.93919187e+00  1.94026250e+00  1.98247875e+00  2.03062125e+00  1.79252688e+00  1.69412625e+00  1.40251250e+00  3.85669625e+01
  1.54374563e+00  1.83055125e+00  1.92789187e+00  2.07293625e+00  2.07408750e+00  2.11849313e+00  2.16781562e+00  1.92789187e+00  1.83055125e+00  1.54374563e+00  4.07274875e+01
  1.68663000e+00  1.96866750e+00  2.06496750e+00  2.20839250e+00  2.20962313e+00  2.25624875e+00  2.30678125e+00  2.06496750e+00  1.96866750e+00  1.68663000e+00  4.28006125e+01
  1.83057500e+00  2.10788437e+00  2.20314437e+00  2.34496812e+00  2.34627937e+00  2.39515500e+00  2.44690750e+00  2.20314437e+00  2.10788437e+00  1.83057500e+00  4.47745250e+01
  1.97498000e+00  2.24759125e+00  2.34182125e+00  2.48204562e+00  2.48344625e+00  2.53460250e+00  2.58759438e+00  2.34182125e+00  2.24759125e+00  1.97498000e+00  4.66363250e+01
  2.11918562e+00  2.38713937e+00  2.48034937e+00  2.61899250e+00  2.62048312e+00  2.67394937e+00  2.72820125e+00  2.48034937e+00  2.38713937e+00  2.11918562e+00  4.83777187e+01
  0.00000000e+00  0.00000000e+00  1.14474250e-01  2.86185125e-01  2.86186125e-01  2.97315313e-01  3.28853000e-01  1.14474250e-01  0.00000000e+00  0.00000000e+00  8.01936062e-01
  0.00000000e+00  3.33823125e-02  1.46560312e-01  3.16261813e-01  3.16313875e-01  3.29157937e-01  3.61740688e-01  1.46560312e-01  3.33823125e-02  0.00000000e+00  1.87504000e+00
  0.00000000e+00  7.35512187e-02  1.85489500e-01  3.53270625e-01  3.53374625e-01  3.67934688e-01  4.01543437e-01  1.85489500e-01  7.35512187e-02  0.00000000e+00  3.05954250e+00
  0.00000000e+00  1.18363125e-01  2.29105687e-01  3.95033500e-01  3.95189562e-01  4.11476500e-01  4.46100250e-01  2.29105687e-01  1.18363125e-01  0.00000000e+00  4.36498375e+00
  0.00000000e+00  1.67799562e-01  2.77383875e-01  4.41518313e-01  4.41726437e-01  4.59753375e-01  4.95383062e-01  2.77383875e-01  1.67799562e-01  0.00000000e+00  5.78228250e+00
  0.00000000e+00  2.22001062e-01  3.30461187e-01  4.92855312e-01  4.93116437e-01  5.12900313e-01  5.49530000e-01  3.30461187e-01  2.22001062e-01  0.00000000e+00  7.30588875e+00
  0.00000000e+00  2.80810687e-01  3.88175625e-01  5.48875438e-01  5.49191500e-01  5.70750312e-01  6.08377062e-01  3.88175625e-01  2.80810687e-01  0.00000000e+00  8.92298937e+00
  0.00000000e+00  3.29162812e-01  4.35696625e-01  5.95111188e-01  5.95469375e-01  6.18414125e-01  6.56812750e-01  4.35696625e-01  3.29162812e-01  0.00000000e+00  1.02270500e+01
  1.44400062e-02  3.42513500e-01  4.48810187e-01  6.07855687e-01  6.08225937e-01  6.31578625e-01  6.70202312e-01  4.48810187e-01  3.42513500e-01  1.44400062e-02  1.06050625e+01
  9.12154875e-02  4.14150000e-01  5.19323437e-01  6.76629625e-01  6.77060875e-01  7.02366625e-01  7.42065187e-01  5.19323437e-01  4.14150000e-01  9.12154875e-02  1.23825437e+01
  1.74463875e-01  4.92323437e-01  5.96388750e-01  7.51979625e-01  7.52473812e-01  7.79773562e-01  8.20557062e-01  5.96388750e-01  4.92323437e-01  1.74463875e-01  1.42168562e+01
  2.62491500e-01  5.75329187e-01  6.78299312e-01  8.32194812e-01  8.32754062e-01  8.62089750e-01  9.03971250e-01  6.78299312e-01  5.75329187e-01  2.62491500e-01  1.61086937e+01
  3.55052375e-01  6.62917187e-01  7.64804062e-01  9.17023250e-01  9.17648625e-01  9.49061250e-01  9.92055625e-01  7.64804062e-01  6.62917187e-01  3.55052375e-01  1.80441625e+01
  4.51975562e-01  7.54915312e-01  8.55730062e-01  1.00629250e+00  1.00698312e+00  1.04051875e+00  1.08463250e+00  8.55730062e-01  7.54915312e-01  4.51975562e-01  2.00090375e+01
  5.52948875e-01  8.51006750e-01  9.50760250e-01  1.09967187e+00  1.10044250e+00  1.13613750e+00  1.18140062e+00  9.50760250e-01  8.51006750e-01  5.52948875e-01  2.19873375e+01
  6.57605437e-01  9.50823312e-01  1.04952625e+00  1.19681187e+00  1.19765250e+00  1.23554750e+00  1.28196125e+00  1.04952625e+00  9.50823312e-01  6.57605437e-01  2.39641375e+01
  7.65585000e-01  1.05400750e+00  1.15165812e+00  1.29733312e+00  1.29825312e+00  1.33837937e+00  1.38597250e+00  1.15165812e+00  1.05400750e+00  7.65585000e-01  2.59245562e+01
  8.76487687e-01  1.16015000e+00  1.25677062e+00  1.40084500e+00  1.40183562e+00  1.44424125e+00  1.49302438e+00  1.25677062e+00  1.16015000e+00  8.76487687e-01  2.78544750e+01
  9.89888187e-01  1.26882375e+00  1.36442375e+00  1.50689812e+00  1.50797875e+00  1.55269437e+00  1.60268687e+00  1.36442375e+00  1.26882375e+00  9.89888187e-01  2.97402937e+01
  1.10532687e+00  1.37957813e+00  1.47415812e+00  1.61506187e+00  1.61621313e+00  1.66328813e+00  1.71450063e+00  1.47415812e+00  1.37957813e+00  1.10532687e+00  3.15692063e+01
  1.22233000e+00  1.49193313e+00  1.58550250e+00  1.72483625e+00  1.72607687e+00  1.77552312e+00  1.82797562e+00  1.58550250e+00  1.49193313e+00  1.22233000e+00  3.33293187e+01
  1.34039375e+00  1.60538875e+00  1.69794812e+00  1.83572187e+00  1.83705250e+00  1.88891812e+00  1.94263000e+00  1.69794812e+00  1.60538875e+00  1.34039375e+00  3.50096188e+01
  1.45901812e+00  1.71943500e+00  1.81100375e+00  1.94721750e+00  1.94864813e+00  2.00294437e+00  2.05792625e+00  1.81100375e+00  1.71943500e+00  1.45901812e+00  3.66005125e+01
  1.57768250e+00  1.83355187e+00  1.92413062e+00  2.05881312e+00  2.06033437e+00  2.11710000e+00  2.17337250e+00  1.92413062e+00  1.83355187e+00  1.57768250e+00  3.80933937e+01
  1.69584812e+00  1.94721875e+00  2.03680750e+00  2.16996000e+00  2.17158062e+00  2.23083688e+00  2.28841875e+00  2.03680750e+00  1.94721875e+00  1.69584812e+00  3.94789563e+01
  1.81299375e+00  2.05990562e+00  2.14851437e+00  2.28013688e+00  2.28185750e+00  2.34363375e+00  2.40253500e+00  2.14851437e+00  2.05990562e+00  1.81299375e+00  4.07521063e+01
  0.00000000e+00  0.00000000e+00  1.08922188e-01  2.72305438e-01  2.72306438e-01  2.86652000e-01  3.21592250e-01  1.08922188e-01  0.00000000e+00  0.00000000e+00  9.03882562e-01
  0.00000000e+00  3.19740750e-02  1.39670187e-01  3.01144063e-01  3.01204125e-01  3.17562625e-01  3.53597813e-01  1.39670187e-01  3.19740750e-02  0.00000000e+00  1.93164312e+00
  0.00000000e+00  7.00657000e-02  1.76588625e-01  3.36236125e-01  3.36356187e-01  3.54721687e-01  3.91831875e-01  1.76588625e-01  7.00657000e-02  0.00000000e+00  3.04963437e+00
  0.00000000e+00  1.12165687e-01  2.17556187e-01  3.75441375e-01  3.75621500e-01  3.95998875e-01  4.34173063e-01  2.17556187e-01  1.12165687e-01  0.00000000e+00  4.26591437e+00
  0.00000000e+00  1.58213562e-01  2.62505937e-01  4.18683812e-01  4.18925937e-01  4.41322250e-01  4.80552437e-01  2.62505937e-01  1.58213562e-01  0.00000000e+00  5.57075187e+00
  0.00000000e+00  2.08274687e-01  3.11502750e-01  4.66023375e-01  4.66327500e-01  4.90753875e-01  5.31035937e-01  3.11502750e-01  2.08274687e-01  0.00000000e+00  6.95723312e+00
  0.00000000e+00  2.62164937e-01  3.64355812e-01  5.17263062e-01  5.17629312e-01  5.44100625e-01  5.85432562e-01  3.64355812e-01  2.62164937e-01  0.00000000e+00  8.41290750e+00
  1.04083125e-16  3.06202375e-01  4.07605125e-01  5.59288125e-01  5.59703437e-01  5.87766750e-01  6.29909687e-01  4.07605125e-01  3.06202375e-01  1.04083125e-16  9.57689937e+00
  1.31363500e-02  3.18291375e-01  4.19469062e-01  5.70800062e-01  5.71230313e-01  5.99760625e-01  6.42140562e-01  4.19469062e-01  3.18291375e-01  1.31363500e-02  9.91157000e+00
  8.27515812e-02  3.82966562e-01  4.83077125e-01  6.32750750e-01  6.33252000e-01  6.64016312e-01  7.07527187e-01  4.83077125e-01  3.82966562e-01  8.27515812e-02  1.14763375e+01
  1.57700687e-01  4.53033750e-01  5.52092187e-01  7.00129500e-01  7.00703812e-01  7.33739125e-01  7.78393812e-01  5.52092187e-01  4.53033750e-01  1.57700687e-01  1.30738750e+01
  2.36387000e-01  5.26888187e-01  6.24906375e-01  7.71325437e-01  7.71974812e-01  8.07321062e-01  8.53132750e-01  6.24906375e-01  5.26888187e-01  2.36387000e-01  1.47043375e+01
  3.18541562e-01  6.04255812e-01  7.01245750e-01  8.46063500e-01  8.46790875e-01  8.84484250e-01  9.31469750e-01  7.01245750e-01  6.04255812e-01  3.18541562e-01  1.63553187e+01
  4.03957187e-01  6.84928500e-01  7.80899250e-01  9.24130687e-01  9.24938187e-01  9.65019500e-01  1.01319750e+00  7.80899250e-01  6.84928500e-01  4.03957187e-01  1.80137125e+01
  4.92314937e-01  7.68586187e-01  8.63545812e-01  1.00520875e+00  1.00609938e+00  1.04860437e+00  1.09797813e+00  8.63545812e-01  7.68586187e-01  4.92314937e-01  1.96660125e+01
  5.83260750e-01  8.54870875e-01  9.48829312e-01  1.08893000e+00  1.08990125e+00  1.13486625e+00  1.18546937e+00  9.48829312e-01  8.54870875e-01  5.83260750e-01  2.12995125e+01
  6.76444375e-01  9.43431437e-01  1.03639875e+00  1.17495188e+00  1.17601313e+00  1.22346875e+00  1.27531125e+00  1.03639875e+00  9.43431437e-01  6.76444375e-01  2.29019187e+01
  7.71490875e-01  1.03389250e+00  1.12587188e+00  1.26288500e+00  1.26404562e+00  1.31403125e+00  1.36712437e+00  1.12587188e+00  1.03389250e+00  7.71490875e-01  2.44616312e+01
  8.68004125e-01  1.12585687e+00  1.21685562e+00  1.35234875e+00  1.35359000e+00  1.40613500e+00  1.46050750e+00  1.21685562e+00  1.12585687e+00  8.68004125e-01  2.59680312e+01
  9.65569062e-01  1.21891125e+00  1.30893062e+00  1.44291250e+00  1.44425375e+00  1.49937937e+00  1.55504187e+00  1.30893062e+00  1.21891125e+00  9.65569062e-01  2.74111187e+01
  1.06376437e+00  1.31262687e+00  1.40168562e+00  1.53414812e+00  1.53559875e+00  1.59333437e+00  1.65030687e+00  1.40168562e+00  1.31262687e+00  1.06376437e+00  2.87818062e+01
  1.16214875e+00  1.40657250e+00  1.49467062e+00  1.62563313e+00  1.62718375e+00  1.68755000e+00  1.74585188e+00  1.49467062e+00  1.40657250e+00  1.16214875e+00  3.00722750e+01
  1.26029312e+00  1.50030875e+00  1.58744687e+00  1.71691875e+00  1.71857937e+00  1.78160563e+00  1.84124750e+00  1.58744687e+00  1.50030875e+00  1.26029312e+00  3.12755375e+01
  1.35775750e+00  1.59340437e+00  1.67959312e+00  1.80758438e+00  1.80934563e+00  1.87505125e+00  1.93605312e+00  1.67959312e+00  1.59340437e+00  1.35775750e+00  3.23858812e+01
  1.45409188e+00  1.68540125e+00  1.77064875e+00  1.89715062e+00  1.89903125e+00  1.96742750e+00  2.02980937e+00  1.77064875e+00  1.68540125e+00  1.45409188e+00  3.33969125e+01
  1.54886688e+00  1.77587750e+00  1.86017562e+00  1.98521625e+00  1.98719813e+00  2.05830375e+00  2.12208500e+00  1.86017562e+00  1.77587750e+00  1.54886688e+00  3.43060250e+01
  0.00000000e+00  0.00000000e+00  1.03694125e-01  2.59233875e-01  2.59235875e-01  2.77662875e-01  3.16159500e-01  1.03694125e-01  0.00000000e+00  0.00000000e+00  1.01574625e+00
  0.00000000e+00  3.06584437e-02  1.33187375e-01  2.86903750e-01  2.86974813e-01  3.07753688e-01  3.47394375e-01  1.33187375e-01  3.06584437e-02  0.00000000e+00  1.99847250e+00
  0.00000000e+00  6.67747625e-02  1.68189187e-01  3.20161250e-01  3.20302313e-01  3.43414250e-01  3.84180812e-01  1.68189187e-01  6.67747625e-02  0.00000000e+00  3.05067625e+00
  0.00000000e+00  1.06279750e-01  2.06618250e-01  3.56907062e-01  3.57118188e-01  3.82559062e-01  4.24442500e-01  2.06618250e-01  1.06279750e-01  0.00000000e+00  4.17945687e+00
  0.00000000e+00  1.49080250e-01  2.48376562e-01  3.97035062e-01  3.97317188e-01  4.25087125e-01  4.68079437e-01  2.48376562e-01  1.49080250e-01  0.00000000e+00  5.37492125e+00
  0.00000000e+00  1.95183937e-01  2.93468125e-01  4.40544250e-01  4.40898500e-01  4.71001375e-01  5.15097687e-01  2.93468125e-01  1.95183937e-01  0.00000000e+00  6.62926750e+00
  0.00000000e+00  2.44391812e-01  3.41689812e-01  4.87223625e-01  4.87651875e-01  5.20093812e-01  5.65294000e-01  3.41689812e-01  2.44391812e-01  0.00000000e+00  7.93085062e+00
  3.46945000e-18  2.84336562e-01  3.80886375e-01  5.25249062e-01  5.25735312e-01  5.59993187e-01  6.06047375e-01  3.80886375e-01  2.84336562e-01  3.46945000e-18  8.96215062e+00
  1.19118875e-02  2.95233875e-01  3.91567687e-01  5.35595250e-01  5.36098562e-01  5.70887437e-01  6.17191562e-01  3.91567687e-01  2.95233875e-01  1.19118875e-02  9.25599812e+00
  7.48161250e-02  3.53347687e-01  4.48667375e-01  5.91109563e-01  5.91695937e-01  6.29018875e-01  6.76515813e-01  4.48667375e-01  3.53347687e-01  7.48161250e-02  1.06213437e+01
  1.42021437e-01  4.15820562e-01  5.10140000e-01  6.51016000e-01  6.51687375e-01  6.91578313e-01  7.40281125e-01  5.10140000e-01  4.15820562e-01  1.42021437e-01  1.19988062e+01
  2.12038312e-01  4.81154500e-01  5.74483750e-01  7.13810437e-01  7.14569937e-01  7.57061875e-01  8.06985562e-01  5.74483750e-01  4.81154500e-01  2.12038312e-01  1.33886875e+01
  2.84587250e-01  5.49066437e-01  6.41415500e-01  7.79207875e-01  7.80058437e-01  8.25183437e-01  8.76346937e-01  6.41415500e-01  5.49066437e-01  2.84587250e-01  1.47801750e+01
  3.59440250e-01  6.19327312e-01  7.10704250e-01  8.46976312e-01  8.47920937e-01  8.95712000e-01  9.48131312e-01  7.10704250e-01  6.19327312e-01  3.59440250e-01  1.61616687e+01
  4.36289188e-01  6.91625062e-01  7.82038812e-01  9.16801687e-01  9.17843313e-01  9.68331437e-01  1.02202437e+00  7.82038812e-01  6.91625062e-01  4.36289188e-01  1.75218625e+01
  5.14800875e-01  7.65625625e-01  8.55083250e-01  9.88349750e-01  9.89490562e-01  1.04270375e+00  1.09768687e+00  8.55083250e-01  7.65625625e-01  5.14800875e-01  1.88504562e+01
  5.94647375e-01  8.40998937e-01  9.29508312e-01  1.06129063e+00  1.06253125e+00  1.11849687e+00  1.17479000e+00  9.29508312e-01  8.40998937e-01  5.94647375e-01  2.01375562e+01
  6.75483500e-01  9.17401750e-01  1.00497187e+00  1.13526437e+00  1.13661500e+00  1.19536000e+00  1.25298312e+00  1.00497187e+00  9.17401750e-01  6.75483500e-01  2.13743375e+01
  7.56954250e-01  9.94475187e-01  1.08110625e+00  1.20993812e+00  1.21139875e+00  1.27293437e+00  1.33190687e+00  1.08110625e+00  9.94475187e-01  7.56954250e-01  2.25524188e+01
  8.38695375e-01  1.07185312e+00  1.15755125e+00  1.28492250e+00  1.28649313e+00  1.35084937e+00  1.41119125e+00  1.15755125e+00  1.07185312e+00  8.38695375e-01  2.36644875e+01
  9.20337938e-01  1.14917812e+00  1.23394563e+00  1.35985750e+00  1.36154813e+00  1.42873438e+00  1.49046563e+00  1.23394563e+00  1.14917812e+00  9.20337938e-01  2.47042375e+01
  1.00151062e+00  1.22606375e+00  1.30991125e+00  1.43437250e+00  1.43617375e+00  1.50621937e+00  1.56935125e+00  1.30991125e+00  1.22606375e+00  1.00151062e+00  2.56661813e+01
  1.08185500e+00  1.30214937e+00  1.38507687e+00  1.50810687e+00  1.51002875e+00  1.58293438e+00  1.64748563e+00  1.38507687e+00  1.30214937e+00  1.08185500e+00  2.65460063e+01
  1.16100875e+00  1.37708500e+00  1.45910250e+00  1.58069250e+00  1.58273437e+00  1.65851000e+00  1.72450125e+00  1.45910250e+00  1.37708500e+00  1.16100875e+00  2.73402188e+01
  1.23858312e+00  1.45049063e+00  1.53158812e+00  1.65174750e+00  1.65391938e+00  1.73256563e+00  1.80001625e+00  1.53158812e+00  1.45049063e+00  1.23858312e+00  2.80447188e+01
  1.31425750e+00  1.52202625e+00  1.60222313e+00  1.72094313e+00  1.72325438e+00  1.80478063e+00  1.87369188e+00  1.60222313e+00  1.52202625e+00  1.31425750e+00  2.86590000e+01
  0.00000000e+00  0.00000000e+00  9.85262563e-02  2.46313375e-01  2.46317375e-01  2.69875750e-01  3.12099938e-01  9.85262563e-02  0.00000000e+00  0.00000000e+00  1.13881875e+00
  0.00000000e+00  2.93019250e-02  1.26731750e-01  2.72790750e-01  2.72876750e-01  2.99161125e-01  3.42583188e-01  1.26731750e-01  2.93019250e-02  0.00000000e+00  2.07301187e+00
  0.00000000e+00  6.33941187e-02  1.59774187e-01  3.04179813e-01  3.04347875e-01  3.33326312e-01  3.77928187e-01  1.59774187e-01  6.33941187e-02  0.00000000e+00  3.05608875e+00
  0.00000000e+00  1.00259350e-01  1.95625937e-01  3.38435250e-01  3.38685375e-01  3.70341812e-01  4.16114562e-01  1.95625937e-01  1.00259350e-01  0.00000000e+00  4.09457937e+00
  0.00000000e+00  1.39783500e-01  2.34166937e-01  3.75428875e-01  3.75763125e-01  4.10085563e-01  4.57024187e-01  2.34166937e-01  1.39783500e-01  0.00000000e+00  5.17879000e+00
  0.00000000e+00  1.81924875e-01  2.75354062e-01  4.15111812e-01  4.15532063e-01  4.52513562e-01  5.00614062e-01  2.75354062e-01  1.81924875e-01  0.00000000e+00  6.30046750e+00
  0.00000000e+00  2.26478312e-01  3.18976375e-01  4.57267813e-01  4.57775125e-01  4.97412625e-01  5.46676000e-01  3.18976375e-01  2.26478312e-01  0.00000000e+00  7.44907562e+00
  6.93887500e-18  2.62380187e-01  3.54170125e-01  4.91348375e-01  4.91923750e-01  5.33615312e-01  5.83781437e-01  3.54170125e-01  2.62380187e-01  6.93887500e-18  8.34972875e+00
  1.07040125e-02  2.72103875e-01  3.63691687e-01  5.00549875e-01  5.01145312e-01  5.43435875e-01  5.93865000e-01  3.63691687e-01  2.72103875e-01  1.07040125e-02  8.60367187e+00
  6.70097000e-02  3.23786187e-01  4.14413937e-01  5.49761813e-01  5.50455250e-01  5.95599875e-01  6.47287875e-01  4.14413937e-01  3.23786187e-01  6.70097000e-02  9.77486062e+00
  1.26653000e-01  3.78863500e-01  4.68544062e-01  6.02398687e-01  6.03192187e-01  6.51214875e-01  7.04178625e-01  4.68544062e-01  3.78863500e-01  1.26653000e-01  1.09401375e+01
  1.88260312e-01  4.35951750e-01  5.24694125e-01  6.57070437e-01  6.57968062e-01  7.08893812e-01  7.63150375e-01  5.24694125e-01  4.35951750e-01  1.88260312e-01  1.21001250e+01
  2.51552625e-01  4.94771812e-01  5.82583125e-01  7.13493125e-01  7.14497812e-01  7.68351625e-01  8.23920937e-01  5.82583125e-01  4.94771812e-01  2.51552625e-01  1.32455187e+01
  3.16292750e-01  5.55082750e-01  6.41971813e-01  7.71426625e-01  7.72541375e-01  8.29347250e-01  8.86247437e-01  6.41971813e-01  5.55082750e-01  3.16292750e-01  1.43665125e+01
  3.82189625e-01  6.16592375e-01  7.02565250e-01  8.30574812e-01  8.31802625e-01  8.91581625e-01  9.49833500e-01  7.02565250e-01  6.16592375e-01  3.82189625e-01  1.54541000e+01
  4.48940125e-01  6.78995562e-01  7.64057375e-01  8.90630625e-01  8.91975500e-01  9.54746563e-01  1.01437312e+00  7.64057375e-01  6.78995562e-01  4.48940125e-01  1.65003750e+01
  5.16244250e-01  7.41991312e-01  8.26147937e-01  9.51292937e-01  9.52756875e-01  1.01853437e+00  1.07955625e+00  8.26147937e-01  7.41991312e-01  5.16244250e-01  1.74977562e+01
  5.83795875e-01  8.05273438e-01  8.88528937e-01  1.01225188e+00  1.01384250e+00  1.08263812e+00  1.14507000e+00  8.88528937e-01  8.05273438e-01  5.83795875e-01  1.84398125e+01
  6.51284812e-01  8.68528937e-01  9.50889250e-01  1.07319562e+00  1.07490687e+00  1.14674250e+00  1.21060437e+00  9.50889250e-01  8.68528937e-01  6.51284812e-01  1.93205687e+01
  7.18398063e-01  9.31446687e-01  1.01291000e+00  1.13381000e+00  1.13565125e+00  1.21053688e+00  1.27583875e+00  1.01291000e+00  9.31446687e-01  7.18398063e-01  2.01352063e+01
  7.84826500e-01  9.93716625e-01  1.07429438e+00  1.19378438e+00  1.19575625e+00  1.27369125e+00  1.34046313e+00  1.07429438e+00  9.93716625e-01  7.84826500e-01  2.08797313e+01
  8.50265188e-01  1.05503313e+00  1.13472938e+00  1.25281875e+00  1.25493063e+00  1.33590625e+00  1.40416750e+00  1.13472938e+00  1.05503313e+00  8.50265188e-01  2.15508438e+01
  9.14422813e-01  1.11510750e+00  1.19391438e+00  1.31060375e+00  1.31285563e+00  1.39688125e+00  1.46665187e+00  1.19391438e+00  1.11510750e+00  9.14422813e-01  2.21465375e+01
  9.77012563e-01  1.17365250e+00  1.25157937e+00  1.36686875e+00  1.36926000e+00  1.45633563e+00  1.52762687e+00  1.25157937e+00  1.17365250e+00  9.77012563e-01  2.26652250e+01
  1.03773187e+00  1.23035813e+00  1.30740438e+00  1.42131250e+00  1.42384438e+00  1.51395063e+00  1.58678125e+00  1.30740438e+00  1.23035813e+00  1.03773187e+00  2.31050875e+01
  1.09633563e+00  1.28500188e+00  1.36116875e+00  1.47367750e+00  1.47635875e+00  1.56948500e+00  1.64387500e+00  1.36116875e+00  1.28500188e+00  1.09633563e+00  2.34671375e+01
  0.00000000e+00  0.00000000e+00  9.40404000e-02  2.35097250e-01  2.35105250e-01  2.65071125e-01  3.10936625e-01  9.40404000e-02  0.00000000e+00  0.00000000e+00  1.26821437e+00
  0.00000000e+00  2.80342000e-02  1.21045563e-01  2.60468125e-01  2.60572250e-01  2.93667188e-01  3.40782438e-01  1.21045563e-01  2.80342000e-02  0.00000000e+00  2.15343437e+00
  0.00000000e+00  6.02523500e-02  1.52277625e-01  2.90133938e-01  2.90336125e-01  3.26505062e-01  3.74855188e-01  1.52277625e-01  6.02523500e-02  0.00000000e+00  3.06945250e+00
  0.00000000e+00  9.47025937e-02  1.85774937e-01  3.22117000e-01  3.22418188e-01  3.61628313e-01  4.11206187e-01  1.85774937e-01  9.47025937e-02  0.00000000e+00  4.02293812e+00
  0.00000000e+00  1.31265875e-01  2.21412562e-01  3.56285313e-01  3.56686562e-01  3.98911688e-01  4.49714375e-01  2.21412562e-01  1.31265875e-01  0.00000000e+00  5.00498750e+00
  0.00000000e+00  1.69874750e-01  2.59121187e-01  3.92564687e-01  3.93067063e-01  4.38286250e-01  4.90312688e-01  2.59121187e-01  1.69874750e-01  0.00000000e+00  6.00765562e+00
  0.00000000e+00  2.10332562e-01  2.98699875e-01  4.30747125e-01  4.31353500e-01  4.79548750e-01  5.32802062e-01  2.98699875e-01  2.10332562e-01  0.00000000e+00  7.02186875e+00
  0.00000000e+00  2.42713437e-01  3.30411625e-01  4.61396688e-01  4.62084125e-01  5.12573500e-01  5.66779500e-01  3.30411625e-01  2.42713437e-01  0.00000000e+00  7.80955625e+00
  9.65889187e-03  2.51425312e-01  3.38931500e-01  4.69611500e-01  4.70322937e-01  5.21479313e-01  5.75963312e-01  3.38931500e-01  2.51425312e-01  9.65889187e-03  8.02944250e+00
  6.02903687e-02  2.97590875e-01  3.84188875e-01  5.13426562e-01  5.14253125e-01  5.68578625e-01  6.24395375e-01  3.84188875e-01  2.97590875e-01  6.02903687e-02  9.03654187e+00
  1.13514875e-01  3.46406250e-01  4.32105062e-01  5.59914500e-01  5.60860125e-01  6.18367750e-01  6.75533250e-01  4.32105062e-01  3.46406250e-01  1.13514875e-01  1.00258500e+01
  1.68075375e-01  3.96605375e-01  4.81412062e-01  6.07804250e-01  6.08872000e-01  6.69575688e-01  7.28111937e-01  4.81412062e-01  3.96605375e-01  1.68075375e-01  1.09987312e+01
  2.23711625e-01  4.47926250e-01  5.31846812e-01  6.56830750e-01  6.58024500e-01  7.21936313e-01  7.81865250e-01  5.31846812e-01  4.47926250e-01  2.23711625e-01  1.19476125e+01
  2.80198562e-01  5.00140687e-01  5.83181125e-01  7.06765750e-01  7.08088625e-01  7.75219625e-01  8.36562250e-01  5.83181125e-01  5.00140687e-01  2.80198562e-01  1.28644937e+01
  3.37275000e-01  5.52986687e-01  6.35150937e-01  7.57343312e-01  7.58797375e-01  8.29157438e-01  8.91935750e-01  6.35150937e-01  5.52986687e-01  3.37275000e-01  1.37423625e+01
  3.94676937e-01  6.06197125e-01  6.87490250e-01  8.08295375e-01  8.09886438e-01  8.83479688e-01  9.47714750e-01  6.87490250e-01  6.06197125e-01  3.94676937e-01  1.45754187e+01
  4.52143313e-01  6.59512875e-01  7.39936875e-01  8.59360688e-01  8.61090875e-01  9.37921250e-01  1.00364000e+00  7.39936875e-01  6.59512875e-01  4.52143313e-01  1.53581687e+01
  5.09413000e-01  7.12669937e-01  7.92228750e-01  9.10273375e-01  9.12146625e-01  9.92213187e-01  1.05942375e+00  7.92228750e-01  7.12669937e-01  5.09413000e-01  1.60860125e+01
  5.66223875e-01  7.65406125e-01  8.44100875e-01  9.60771188e-01  9.62789625e-01  1.04608625e+00  1.11482750e+00  8.44100875e-01  7.65406125e-01  5.66223875e-01  1.67551312e+01
  6.22317000e-01  8.17463438e-01  8.95296063e-01  1.01059312e+00  1.01276438e+00  1.09929063e+00  1.16957125e+00  8.95296063e-01  8.17463438e-01  6.22317000e-01  1.73622437e+01
  6.77441125e-01  8.68588812e-01  9.45561250e-01  1.05948750e+00  1.06180875e+00  1.15155437e+00  1.22339500e+00  9.45561250e-01  8.68588812e-01  6.77441125e-01  1.79052375e+01
  7.31352250e-01  9.18538188e-01  9.94652500e-01  1.10721125e+00  1.10968313e+00  1.20262938e+00  1.27604938e+00  9.94652500e-01  9.18538188e-01  7.31352250e-01  1.83824250e+01
  7.83818438e-01  9.67082438e-01  1.04233687e+00  1.15352500e+00  1.15615688e+00  1.25229313e+00  1.32731250e+00  1.04233687e+00  9.67082438e-01  7.83818438e-01  1.87930938e+01
  8.34621438e-01  1.01400438e+00  1.08840063e+00  1.19821875e+00  1.20101062e+00  1.30030688e+00  1.37693688e+00  1.08840063e+00  1.01400438e+00  8.34621438e-01  1.91371437e+01
  8.83519313e-01  1.05904875e+00  1.13259438e+00  1.24105188e+00  1.24400438e+00  1.34643125e+00  1.42470000e+00  1.13259438e+00  1.05904875e+00  8.83519313e-01  1.94138875e+01
  9.30339062e-01  1.10207188e+00  1.17474813e+00  1.28183563e+00  1.28495750e+00  1.39049438e+00  1.47040375e+00  1.17474813e+00  1.10207188e+00  9.30339062e-01  1.96253125e+01
  0.00000000e+00  0.00000000e+00  9.00907625e-02  2.25219375e-01  2.25234438e-01  2.63113938e-01  3.12503500e-01  9.00907625e-02  0.00000000e+00  0.00000000e+00  1.40346687e+00
  0.00000000e+00  2.67839375e-02  1.15908438e-01  2.49486000e-01  2.49618063e-01  2.91041750e-01  3.41744000e-01  1.15908438e-01  2.67839375e-02  0.00000000e+00  2.23735125e+00
  0.00000000e+00  5.71978500e-02  1.45394187e-01  2.77482500e-01  2.77732563e-01  3.22622375e-01  3.74624375e-01  1.45394187e-01  5.71978500e-02  0.00000000e+00  3.08636437e+00
  0.00000000e+00  8.93668437e-02  1.76664125e-01  3.07311063e-01  3.07678375e-01  3.55981188e-01  4.09279000e-01  1.76664125e-01  8.93668437e-02  0.00000000e+00  3.95773687e+00
  0.00000000e+00  1.23178187e-01  2.09601125e-01  3.38845875e-01  3.39333188e-01  3.91002188e-01  4.45595625e-01  2.09601125e-01  1.23178187e-01  0.00000000e+00  4.84376500e+00
  0.00000000e+00  1.58554250e-01  2.44124062e-01  3.72001562e-01  3.72610938e-01  4.27606062e-01  4.83497250e-01  2.44124062e-01  1.58554250e-01  0.00000000e+00  5.73724562e+00
  0.00000000e+00  1.95315250e-01  2.80050875e-01  4.06591125e-01  4.07322625e-01  4.65609875e-01  5.22803812e-01  2.80050875e-01  1.95315250e-01  0.00000000e+00  6.63080375e+00
  0.00000000e+00  2.24549937e-01  3.08649500e-01  4.34171500e-01  4.35000063e-01  4.95814500e-01  5.54021125e-01  3.08649500e-01  2.24549937e-01  0.00000000e+00  7.31870875e+00
  8.73222750e-03  2.32367000e-01  3.16283562e-01  4.41511500e-01  4.42369062e-01  5.03915500e-01  5.62419063e-01  3.16283562e-01  2.32367000e-01  8.73222750e-03  7.50892625e+00
  5.43621563e-02  2.73679500e-01  3.56729875e-01  4.80569562e-01  4.81564188e-01  5.46583813e-01  6.06505063e-01  3.56729875e-01  2.73679500e-01  5.43621563e-02  8.37440562e+00
  1.01998312e-01  3.17053625e-01  3.99245875e-01  5.21708250e-01  5.22842062e-01  5.91331750e-01  6.52691750e-01  3.99245875e-01  3.17053625e-01  1.01998312e-01  9.21483375e+00
  1.50500625e-01  3.61343312e-01  4.42680437e-01  5.63772625e-01  5.65051500e-01  6.37008375e-01  6.99831938e-01  4.42680437e-01  3.61343312e-01  1.50500625e-01  1.00323937e+01
  1.99637500e-01  4.06311625e-01  4.86798562e-01  6.06527437e-01  6.07953437e-01  6.83374500e-01  7.47684750e-01  4.86798562e-01  4.06311625e-01  1.99637500e-01  1.08211625e+01
  2.49205875e-01  4.51754375e-01  5.31395125e-01  6.49764750e-01  6.51341875e-01  7.30223063e-01  7.96044000e-01  5.31395125e-01  4.51754375e-01  2.49205875e-01  1.15749188e+01
  2.98980688e-01  4.97447375e-01  5.76244000e-01  6.93257375e-01  6.94989625e-01  7.77321000e-01  8.44677563e-01  5.76244000e-01  4.97447375e-01  2.98980688e-01  1.22884687e+01
  3.48741750e-01  5.43166750e-01  6.21120250e-01  7.36780375e-01  7.38670688e-01  8.24443250e-01  8.93357500e-01  6.21120250e-01  5.43166750e-01  3.48741750e-01  1.29578063e+01
  3.98270125e-01  5.88694188e-01  6.65805625e-01  7.80114500e-01  7.82166937e-01  8.71363687e-01  9.41860562e-01  6.65805625e-01  5.88694188e-01  3.98270125e-01  1.35791250e+01
  4.47349688e-01  6.33810875e-01  7.10082125e-01  8.23039750e-01  8.25257313e-01  9.17862250e-01  9.89963750e-01  7.10082125e-01  6.33810875e-01  4.47349688e-01  1.41493375e+01
  4.95767313e-01  6.78304625e-01  7.53735687e-01  8.65343063e-01  8.67727813e-01  9.63720875e-01  1.03744688e+00  7.53735687e-01  6.78304625e-01  4.95767313e-01  1.46660375e+01
  5.43314000e-01  7.21968250e-01  7.96557313e-01  9.06814375e-01  9.09370250e-01  1.00872063e+00  1.08410000e+00  7.96557313e-01  7.21968250e-01  5.43314000e-01  1.51275188e+01
  5.89791687e-01  7.64599937e-01  8.38348813e-01  9.47253625e-01  9.49983625e-01  1.05267375e+00  1.12971313e+00  8.38348813e-01  7.64599937e-01  5.89791687e-01  1.55326875e+01
  6.35009313e-01  8.06011438e-01  8.78918188e-01  9.86469813e-01  9.89375938e-01  1.09536750e+00  1.17408687e+00  8.78918188e-01  8.06011438e-01  6.35009313e-01  1.58809438e+01
  6.78788750e-01  8.46023875e-01  9.18087500e-01  1.02428188e+00  1.02737375e+00  1.13662063e+00  1.21704937e+00  9.18087500e-01  8.46023875e-01  6.78788750e-01  1.61724875e+01
  7.20964125e-01  8.84472000e-01  9.55690563e-01  1.06053438e+00  1.06379688e+00  1.17626438e+00  1.25841250e+00  9.55690563e-01  8.84472000e-01  7.20964125e-01  1.64079188e+01
  7.61348313e-01  9.21170062e-01  9.91544375e-01  1.09502688e+00  1.09847000e+00  1.21411687e+00  1.29799500e+00  9.91544375e-01  9.21170062e-01  7.61348313e-01  1.65873438e+01
  7.99821312e-01  9.55997750e-01  1.02552313e+00  1.12764000e+00  1.13127250e+00  1.25004938e+00  1.33566750e+00  1.02552313e+00  9.55997750e-01  7.99821312e-01  1.67130563e+01
  0.00000000e+00  0.00000000e+00  8.62351438e-02  2.15572563e-01  2.15603625e-01  2.63134000e-01  3.15996438e-01  8.62351438e-02  0.00000000e+00  0.00000000e+00  1.54531187e+00
  0.00000000e+00  2.54111000e-02  1.10732250e-01  2.38585750e-01  2.38756875e-01  2.90254438e-01  3.44517438e-01  1.10732250e-01  2.54111000e-02  0.00000000e+00  2.32198312e+00
  0.00000000e+00  5.39118625e-02  1.38352562e-01  2.64777750e-01  2.65091000e-01  3.20445750e-01  3.76099438e-01  1.38352562e-01  5.39118625e-02  0.00000000e+00  3.09944312e+00
  0.00000000e+00  8.37122937e-02  1.67298000e-01  2.92335937e-01  2.92792250e-01  3.51927125e-01  4.08970500e-01  1.67298000e-01  8.37122937e-02  0.00000000e+00  3.88541562e+00
  0.00000000e+00  1.14706062e-01  1.97458250e-01  3.21144938e-01  3.21744375e-01  3.84590500e-01  4.43026438e-01  1.97458250e-01  1.14706062e-01  0.00000000e+00  4.67336687e+00
  0.00000000e+00  1.46802312e-01  2.28739438e-01  3.51104813e-01  3.51849375e-01  4.18345625e-01  4.78178250e-01  2.28739438e-01  1.46802312e-01  0.00000000e+00  5.45687187e+00
  0.00000000e+00  1.79840312e-01  2.60977313e-01  3.82046438e-01  3.82939125e-01  4.53028625e-01  5.14266813e-01  2.60977313e-01  1.79840312e-01  0.00000000e+00  6.23010875e+00
  0.00000000e+00  2.05920750e-01  2.86447625e-01  4.06527562e-01  4.07535313e-01  4.80374875e-01  5.42705875e-01  2.86447625e-01  2.05920750e-01  0.00000000e+00  6.81911687e+00
  7.80705125e-03  2.12842000e-01  2.93193812e-01  4.12987687e-01  4.14029438e-01  4.87662125e-01  5.50313938e-01  2.93193812e-01  2.12842000e-01  7.80705125e-03  6.98007437e+00
  4.84506063e-02  2.49311250e-01  3.28827938e-01  4.47269625e-01  4.48474437e-01  5.25862313e-01  5.90045750e-01  3.28827938e-01  2.49311250e-01  4.84506063e-02  7.70621000e+00
  9.05302438e-02  2.87272000e-01  3.65958625e-01  4.83055938e-01  4.84426937e-01  5.65546000e-01  6.31286125e-01  3.65958625e-01  2.87272000e-01  9.05302438e-02  8.40082937e+00
  1.33020500e-01  3.25691250e-01  4.03551688e-01  5.19306812e-01  5.20847938e-01  6.05679125e-01  6.73002813e-01  4.03551688e-01  3.25691250e-01  1.33020500e-01  9.06671000e+00
  1.75713000e-01  3.64358812e-01  4.41393188e-01  5.55811000e-01  5.57526187e-01  6.46044750e-01  7.14978000e-01  4.41393188e-01  3.64358812e-01  1.75713000e-01  9.69949063e+00
  2.18424750e-01  4.03089687e-01  4.79299875e-01  5.92379500e-01  5.94272812e-01  6.86455500e-01  7.57024438e-01  4.79299875e-01  4.03089687e-01  2.18424750e-01  1.02944375e+01
  2.60962813e-01  4.41689750e-01  5.17075813e-01  6.28819187e-01  6.30892687e-01  7.26711563e-01  7.98943000e-01  5.17075813e-01  4.41689750e-01  2.60962813e-01  1.08480625e+01
  3.03143063e-01  4.79974000e-01  5.54535875e-01  6.64942000e-01  6.67200625e-01  7.66622750e-01  8.40541750e-01  5.54535875e-01  4.79974000e-01  3.03143063e-01  1.13577750e+01
  3.44784375e-01  5.17760250e-01  5.91497063e-01  7.00564875e-01  7.03010625e-01  8.06003000e-01  8.81632625e-01  5.91497063e-01  5.17760250e-01  3.44784375e-01  1.18212750e+01
  3.85707813e-01  5.54870500e-01  6.27780250e-01  7.35507813e-01  7.38143750e-01  8.44668250e-01  9.22031437e-01  6.27780250e-01  5.54870500e-01  3.85707813e-01  1.22368625e+01
  4.25744188e-01  5.91132750e-01  6.63215313e-01  7.69599625e-01  7.72428688e-01  8.82443375e-01  9.61561312e-01  6.63215313e-01  5.91132750e-01  4.25744188e-01  1.26034313e+01
  4.64728500e-01  6.26383875e-01  6.97636313e-01  8.02675375e-01  8.05699625e-01  9.19157563e-01  1.00004812e+00  6.97636313e-01  6.26383875e-01  4.64728500e-01  1.29202875e+01
  5.02505750e-01  6.60469875e-01  7.30890188e-01  8.34580000e-01  8.37802375e-01  9.54653500e-01  1.03734062e+00  7.30890188e-01  6.60469875e-01  5.02505750e-01  1.31875312e+01
  5.38932875e-01  6.93246688e-01  7.62831875e-01  8.65168438e-01  8.68591938e-01  9.88781313e-01  1.07328250e+00  7.62831875e-01  6.93246688e-01  5.38932875e-01  1.34055625e+01
  5.73878813e-01  7.24583250e-01  7.93331313e-01  8.94310688e-01  8.97935313e-01  1.02140750e+00  1.10773500e+00  7.93331313e-01  7.24583250e-01  5.73878813e-01  1.35751875e+01
  6.07222625e-01  7.54359625e-01  8.22267625e-01  9.21886688e-01  9.25714500e-01  1.05240062e+00  1.14056688e+00  8.22267625e-01  7.54359625e-01  6.07222625e-01  1.36978000e+01
  6.38828125e-01  7.82439750e-01  8.49505625e-01  9.47759438e-01  9.51790438e-01  1.08163188e+00  1.17163875e+00  8.49505625e-01  7.82439750e-01  6.38828125e-01  1.37742063e+01
  6.68617500e-01  8.08748625e-01  8.74967375e-01  9.71852000e-01  9.76089000e-01  1.10900438e+00  1.20087063e+00  8.74967375e-01  8.08748625e-01  6.68617500e-01  1.38070000e+01
  0.00000000e+00  0.00000000e+00  8.27526938e-02  2.06851938e-01  2.06912000e-01  2.66049563e-01  3.22197438e-01  8.27526938e-02  0.00000000e+00  0.00000000e+00  1.68873000e+00
  0.00000000e+00  2.40082125e-02  1.05886188e-01  2.28547625e-01  2.28778875e-01  2.92288563e-01  3.49958000e-01  1.05886188e-01  2.40082125e-02  0.00000000e+00  2.40495875e+00
  0.00000000e+00  5.06071437e-02  1.31640937e-01  2.52914125e-01  2.53317438e-01  3.21054438e-01  3.80239437e-01  1.31640937e-01  5.06071437e-02  0.00000000e+00  3.10986750e+00
  0.00000000e+00  7.80997875e-02  1.58310688e-01  2.78231563e-01  2.78808000e-01  3.50666313e-01  4.11368813e-01  1.58310688e-01  7.80997875e-02  0.00000000e+00  3.81178062e+00
  0.00000000e+00  1.06390500e-01  1.85797125e-01  3.04396750e-01  3.05146375e-01  3.81031875e-01  4.43256875e-01  1.85797125e-01  1.06390500e-01  0.00000000e+00  4.50545437e+00
  0.00000000e+00  1.35384750e-01  2.14002312e-01  3.31306687e-01  3.32231438e-01  4.12055125e-01  4.75809750e-01  2.14002312e-01  1.35384750e-01  0.00000000e+00  5.18536687e+00
  0.00000000e+00  1.64941625e-01  2.42783063e-01  3.58813188e-01  3.59915000e-01  4.43597937e-01  5.08892187e-01  2.42783063e-01  1.64941625e-01  0.00000000e+00  5.84723437e+00
  6.93887500e-18  1.88098625e-01  2.65346937e-01  3.80401875e-01  3.81641813e-01  4.68264938e-01  5.34757750e-01  2.65346937e-01  1.88098625e-01  6.93887500e-18  6.34589937e+00
  6.95595750e-03  1.94197938e-01  2.71274187e-01  3.86047125e-01  3.87328063e-01  4.74795313e-01  5.41640000e-01  2.71274187e-01  1.94197938e-01  6.95595750e-03  6.48040500e+00
  4.30323187e-02  2.26230812e-01  3.02492938e-01  4.15930563e-01  4.17404688e-01  5.08862125e-01  5.77386375e-01  3.02492938e-01  2.26230812e-01  4.30323187e-02  7.08149062e+00
  8.00692562e-02  2.59281062e-01  3.34732000e-01  4.46836375e-01  4.48507688e-01  5.43908313e-01  6.14140125e-01  3.34732000e-01  2.59281062e-01  8.00692562e-02  7.64718500e+00
  1.17152750e-01  2.92427562e-01  3.67066375e-01  4.77838500e-01  4.79711875e-01  5.79010875e-01  6.50979188e-01  3.67066375e-01  2.92427562e-01  1.17152750e-01  8.18085750e+00
  1.54100563e-01  3.25486250e-01  3.99312000e-01  5.08752813e-01  5.10830375e-01  6.13983563e-01  6.87715437e-01  3.99312000e-01  3.25486250e-01  1.54100563e-01  8.67950625e+00
  1.90751625e-01  3.58294125e-01  4.31306750e-01  5.39413250e-01  5.41699000e-01  6.48658375e-01  7.24181875e-01  4.31306750e-01  3.58294125e-01  1.90751625e-01  9.13976187e+00
  2.26947750e-01  3.90692000e-01  4.62889500e-01  5.69658813e-01  5.72155688e-01  6.82869313e-01  7.60211375e-01  4.62889500e-01  3.90692000e-01  2.26947750e-01  9.55950250e+00
  2.62539937e-01  4.22529875e-01  4.93910250e-01  5.99339375e-01  6.02049438e-01  7.16463313e-01  7.95649813e-01  4.93910250e-01  4.22529875e-01  2.62539937e-01  9.93743937e+00
  2.97381188e-01  4.53659813e-01  5.24220063e-01  6.28305875e-01  6.31233063e-01  7.49288188e-01  8.30341250e-01  5.24220063e-01  4.53659813e-01  2.97381188e-01  1.02723875e+01
  3.31331313e-01  4.83942563e-01  5.53679750e-01  6.56417250e-01  6.59563625e-01  7.81199000e-01  8.64140625e-01  5.53679750e-01  4.83942563e-01  3.31331313e-01  1.05638438e+01
  3.64257438e-01  5.13244250e-01  5.82155250e-01  6.83539563e-01  6.86907063e-01  8.12056688e-01  8.96906875e-01  5.82155250e-01  5.13244250e-01  3.64257438e-01  1.08114938e+01
  3.96035375e-01  5.41440688e-01  6.09521625e-01  7.09547688e-01  7.13138313e-01  8.41733125e-01  9.28508937e-01  6.09521625e-01  5.41440688e-01  3.96035375e-01  1.10157250e+01
  4.26550188e-01  5.68417000e-01  6.35664813e-01  7.34327625e-01  7.38141438e-01  8.70108438e-01  9.58825813e-01  6.35664813e-01  5.68417000e-01  4.26550188e-01  1.11772500e+01
  4.55697813e-01  5.94071062e-01  6.60480813e-01  7.57775313e-01  7.61814313e-01  8.97073563e-01  9.87745500e-01  6.60480813e-01  5.94071062e-01  4.55697813e-01  1.12970625e+01
  4.83387125e-01  6.18309875e-01  6.83878500e-01  7.79798750e-01  7.84063000e-01  9.22533438e-01  1.01516813e+00  6.83878500e-01  6.18309875e-01  4.83387125e-01  1.13765688e+01
  5.09535375e-01  6.41052500e-01  7.05776000e-01  8.00317000e-01  8.04807375e-01  9.46403000e-01  1.04100938e+00  7.05776000e-01  6.41052500e-01  5.09535375e-01  1.14175688e+01
  5.34046375e-01  6.62203813e-01  7.26078188e-01  8.19233000e-01  8.23949500e-01  9.68579313e-01  1.06516000e+00  7.26078188e-01  6.62203813e-01  5.34046375e-01  1.14213563e+01
  5.56878188e-01  6.81722875e-01  7.44743188e-01  8.36508750e-01  8.41450375e-01  9.89017438e-01  1.08758062e+00  7.44743188e-01  6.81722875e-01  5.56878188e-01  1.13903438e+01
  0.00000000e+00  0.00000000e+00  7.95406813e-02  1.98794375e-01  1.98909500e-01  2.71771563e-01  3.31048500e-01  7.95406813e-02  0.00000000e+00  0.00000000e+00  1.83045062e+00
  0.00000000e+00  2.25612562e-02  1.01254000e-01  2.19092500e-01  2.19418813e-01  2.97014188e-01  3.57985563e-01  1.01254000e-01  2.25612562e-02  0.00000000e+00  2.48307687e+00
  0.00000000e+00  4.72454562e-02  1.25117188e-01  2.41585375e-01  2.42119875e-01  3.24269500e-01  3.86929313e-01  1.25117188e-01  4.72454562e-02  0.00000000e+00  3.11419500e+00
  0.00000000e+00  7.24561813e-02  1.49525062e-01  2.64655000e-01  2.65399688e-01  3.51963563e-01  4.16315813e-01  1.49525062e-01  7.24561813e-02  0.00000000e+00  3.73274875e+00
  0.00000000e+00  9.81121062e-02  1.74394562e-01  2.88211250e-01  2.89167063e-01  3.80019313e-01  4.46071000e-01  1.74394562e-01  9.81121062e-02  0.00000000e+00  4.33474812e+00
  0.00000000e+00  1.24118687e-01  1.99626625e-01  3.12154000e-01  3.13321938e-01  4.08345500e-01  4.76103688e-01  1.99626625e-01  1.24118687e-01  0.00000000e+00  4.91569875e+00
  0.00000000e+00  1.50360188e-01  2.25104000e-01  3.36360125e-01  3.37740250e-01  4.36829125e-01  5.06305750e-01  2.25104000e-01  1.50360188e-01  0.00000000e+00  5.47275000e+00
  3.46945000e-18  1.70755625e-01  2.44913313e-01  3.55194250e-01  3.56739500e-01  4.58912500e-01  5.29724813e-01  2.44913313e-01  1.70755625e-01  3.46945000e-18  5.88729750e+00
  6.15640250e-03  1.76081000e-01  2.50069687e-01  3.60067625e-01  3.61660938e-01  4.64716937e-01  5.35921125e-01  2.50069687e-01  1.76081000e-01  6.15640250e-03  5.99740062e+00
  3.79585375e-02  2.03967250e-01  2.77149813e-01  3.85807500e-01  3.87632875e-01  4.94843250e-01  5.67917938e-01  2.77149813e-01  2.03967250e-01  3.79585375e-02  6.48384938e+00
  7.03143125e-02  2.32466750e-01  3.04843188e-01  4.12161500e-01  4.14220125e-01  5.25511750e-01  6.00486938e-01  3.04843188e-01  2.32466750e-01  7.03143125e-02  6.93280375e+00
  1.02417438e-01  2.60765313e-01  3.32334625e-01  4.38309750e-01  4.40606563e-01  5.55909438e-01  6.32814062e-01  3.32334625e-01  2.60765313e-01  1.02417438e-01  7.34817438e+00
  1.34114563e-01  2.88708938e-01  3.59467250e-01  4.64097062e-01  4.66634000e-01  5.85878187e-01  6.64739313e-01  3.59467250e-01  2.88708938e-01  1.34114563e-01  7.72815937e+00
  1.65268688e-01  3.16158625e-01  3.86103750e-01  4.89384313e-01  4.92163500e-01  6.15273875e-01  6.96118563e-01  3.86103750e-01  3.16158625e-01  1.65268688e-01  8.07061000e+00
  1.95753813e-01  3.42986313e-01  4.12115250e-01  5.14040563e-01  5.17065875e-01  6.43963625e-01  7.26817750e-01  4.12115250e-01  3.42986313e-01  1.95753813e-01  8.37456625e+00
  2.25454875e-01  3.69077813e-01  4.37385688e-01  5.37950750e-01  5.41223250e-01  6.71830125e-01  7.56715813e-01  4.37385688e-01  3.69077813e-01  2.25454875e-01  8.63980750e+00
  2.54258875e-01  3.94319188e-01  4.61802000e-01  5.61000750e-01  5.64522438e-01  6.98753563e-01  7.85690813e-01  4.61802000e-01  3.94319188e-01  2.54258875e-01  8.86612625e+00
  2.82059688e-01  4.18603438e-01  4.85257063e-01  5.83083625e-01  5.86854500e-01  7.24622875e-01  8.13631625e-01  4.85257063e-01  4.18603438e-01  2.82059688e-01  9.05376312e+00
  3.08759438e-01  4.41833438e-01  5.07653000e-01  6.04100313e-01  6.08122375e-01  7.49336938e-01  8.40431250e-01  5.07653000e-01  4.41833438e-01  3.08759438e-01  9.20332750e+00
  3.34268938e-01  4.63919313e-01  5.28899750e-01  6.23962750e-01  6.28236000e-01  7.72801813e-01  8.65993688e-01  5.28899750e-01  4.63919313e-01  3.34268938e-01  9.31575313e+00
  3.58509313e-01  4.84783875e-01  5.48920188e-01  6.42590938e-01  6.47116375e-01  7.94933438e-01  8.90231938e-01  5.48920188e-01  4.84783875e-01  3.58509313e-01  9.39230812e+00
  3.81411438e-01  5.04356250e-01  5.67644438e-01  6.59916938e-01  6.64692563e-01  8.15659813e-01  9.13071875e-01  5.67644438e-01  5.04356250e-01  3.81411438e-01  9.43448500e+00
  4.02917313e-01  5.22580313e-01  5.85014438e-01  6.75881750e-01  6.80907500e-01  8.34918000e-01  9.34445625e-01  5.85014438e-01  5.22580313e-01  4.02917313e-01  9.44401625e+00
  4.22978000e-01  5.39408188e-01  6.00983188e-01  6.90440188e-01  6.95714188e-01  8.52657875e-01  9.54299125e-01  6.00983188e-01  5.39408188e-01  4.22978000e-01  9.42283063e+00
  4.41530500e-01  5.54776750e-01  6.15487688e-01  7.03528500e-01  7.09048625e-01  8.68810500e-01  9.72561375e-01  6.15487688e-01  5.54776750e-01  4.41530500e-01  9.37250063e+00
  4.58562813e-01  5.68674188e-01  6.28516938e-01  7.15136500e-01  7.20899875e-01  8.83361875e-01  9.89212438e-01  6.28516938e-01  5.68674188e-01  4.58562813e-01  9.29556625e+00
  0.00000000e+00  0.00000000e+00  7.65986187e-02  1.91387937e-01  1.91604250e-01  2.80380250e-01  3.42704625e-01  7.65986187e-02  0.00000000e+00  0.00000000e+00  1.96567875e+00
  0.00000000e+00  2.10690938e-02  9.68341813e-02  2.10207375e-01  2.10683813e-01  3.04483312e-01  3.68739938e-01  9.68341813e-02  2.10690938e-02  0.00000000e+00  2.55197312e+00
  0.00000000e+00  4.38277125e-02  1.18782188e-01  2.30779500e-01  2.31513125e-01  3.30115938e-01  3.96295938e-01  1.18782188e-01  4.38277125e-02  0.00000000e+00  3.10862875e+00
  0.00000000e+00  6.67878625e-02  1.40948063e-01  2.51598125e-01  2.52587000e-01  3.55820063e-01  4.23924500e-01  1.40948063e-01  6.67878625e-02  0.00000000e+00  3.64513562e+00
  0.00000000e+00  8.98860312e-02  1.63264438e-01  2.72590188e-01  2.73835250e-01  3.81539688e-01  4.51575500e-01  1.63264438e-01  8.98860312e-02  0.00000000e+00  4.15882000e+00
  0.00000000e+00  1.13034688e-01  1.85641125e-01  2.93661625e-01  2.95162813e-01  4.07190563e-01  4.79163813e-01  1.85641125e-01  1.13034688e-01  0.00000000e+00  4.64619125e+00
  0.00000000e+00  1.36141750e-01  2.07986000e-01  3.14716188e-01  3.16472688e-01  4.32687750e-01  5.06608375e-01  2.07986000e-01  1.36141750e-01  0.00000000e+00  5.10576875e+00
  0.00000000e+00  1.53949438e-01  2.25206625e-01  3.30946625e-01  3.32900250e-01  4.52276500e-01  5.27708750e-01  2.25206625e-01  1.53949438e-01  0.00000000e+00  5.44305375e+00
  5.41073125e-03  1.58556938e-01  2.29644063e-01  3.35096000e-01  3.37107688e-01  4.57384938e-01  5.33259125e-01  2.29644063e-01  1.58556938e-01  5.41073125e-03  5.53098312e+00
  3.32449438e-02  1.82608313e-01  2.52886375e-01  3.56973000e-01  3.59259875e-01  4.83761500e-01  5.61747063e-01  2.52886375e-01  1.82608313e-01  3.32449438e-02  5.91401938e+00
  6.12976625e-02  2.06940875e-01  2.76406813e-01  3.79126188e-01  3.81690187e-01  5.10315125e-01  5.90438125e-01  2.76406813e-01  2.06940875e-01  6.12976625e-02  6.25922000e+00
  8.88667188e-02  2.30845375e-01  2.99496250e-01  4.00843313e-01  4.03685625e-01  5.36336750e-01  6.18623250e-01  2.99496250e-01  2.30845375e-01  8.88667188e-02  6.57092500e+00
  1.15827750e-01  2.54194875e-01  3.22027563e-01  4.21996438e-01  4.25119875e-01  5.61696313e-01  6.46172250e-01  3.22027563e-01  2.54194875e-01  1.15827750e-01  6.84837375e+00
  1.42068875e-01  2.76879188e-01  3.43887813e-01  4.42472375e-01  4.45878000e-01  5.86276750e-01  6.72965188e-01  3.43887813e-01  2.76879188e-01  1.42068875e-01  7.09046813e+00
  1.67494875e-01  2.98799437e-01  3.64978938e-01  4.62173188e-01  4.65861125e-01  6.09978000e-01  6.98898937e-01  3.64978938e-01  2.98799437e-01  1.67494875e-01  7.29718875e+00
  1.92023688e-01  3.19873438e-01  3.85217875e-01  4.81013875e-01  4.84985938e-01  6.32712125e-01  7.23882625e-01  3.85217875e-01  3.19873438e-01  1.92023688e-01  7.46913500e+00
  2.15571375e-01  3.40017313e-01  4.04521625e-01  4.98913313e-01  5.03167688e-01  6.54393063e-01  7.47828063e-01  4.04521625e-01  3.40017313e-01  2.15571375e-01  7.60684063e+00
  2.38064875e-01  3.59156938e-01  4.22815125e-01  5.15794563e-01  5.20332125e-01  6.74942750e-01  7.70651313e-01  4.22815125e-01  3.59156938e-01  2.38064875e-01  7.71118563e+00
  2.59436188e-01  3.77225313e-01  4.40032375e-01  5.31590688e-01  5.36410375e-01  6.94289188e-01  7.92278313e-01  4.40032375e-01  3.77225313e-01  2.59436188e-01  7.78332062e+00
  2.79628250e-01  3.94163500e-01  4.56113438e-01  5.46245437e-01  5.51345375e-01  7.12370375e-01  8.12645063e-01  4.56113438e-01  3.94163500e-01  2.79628250e-01  7.82462750e+00
  2.98590187e-01  4.09924375e-01  4.71010250e-01  5.59709000e-01  5.65087125e-01  7.29135313e-01  8.31692625e-01  4.71010250e-01  4.09924375e-01  2.98590187e-01  7.83669688e+00
  3.16284813e-01  4.24467063e-01  4.84683813e-01  5.71942313e-01  5.77595625e-01  7.44540000e-01  8.49375937e-01  4.84683813e-01  4.24467063e-01  3.16284813e-01  7.82128063e+00
  3.32679312e-01  4.37762500e-01  4.97104188e-01  5.82916437e-01  5.88841875e-01  7.58550500e-01  8.65657000e-01  4.97104188e-01  4.37762500e-01  3.32679312e-01  7.78025000e+00
  3.47754500e-01  4.49788688e-01  5.08250250e-01  5.92611250e-01  5.98803938e-01  7.71144688e-01  8.80506875e-01  5.08250250e-01  4.49788688e-01  3.47754500e-01  7.71560438e+00
  3.61472563e-01  4.60511688e-01  5.18087188e-01  6.00990937e-01  6.07447750e-01  7.82281688e-01  8.93880563e-01  5.18087188e-01  4.60511688e-01  3.61472563e-01  7.62899750e+00
  3.73844500e-01  4.69941500e-01  5.26626813e-01  6.08068375e-01  6.14783375e-01  7.91970500e-01  9.05784063e-01  5.26626813e-01  4.69941500e-01  3.73844500e-01  7.52281750e+00
  0.00000000e+00  0.00000000e+00  7.39394063e-02  1.84649500e-01  1.85047063e-01  2.91860563e-01  3.57278688e-01  7.39394063e-02  0.00000000e+00  0.00000000e+00  2.08782062e+00
  0.00000000e+00  1.95381625e-02  9.26440375e-02  2.01910125e-01  2.02628875e-01  3.14647813e-01  3.82311187e-01  9.26440375e-02  1.95381625e-02  0.00000000e+00  2.60598937e+00
  0.00000000e+00  4.03750000e-02  1.12667813e-01  2.20527250e-01  2.21561188e-01  3.38523562e-01  4.08417250e-01  1.12667813e-01  4.03750000e-02  0.00000000e+00  3.08863250e+00
  0.00000000e+00  6.11377625e-02  1.32630562e-01  2.39108688e-01  2.40454938e-01  3.62152500e-01  4.34272563e-01  1.32630562e-01  6.11377625e-02  0.00000000e+00  3.54575000e+00
  0.00000000e+00  8.17830375e-02  1.52485563e-01  2.57604312e-01  2.59259813e-01  3.85501750e-01  4.59847188e-01  1.52485563e-01  8.17830375e-02  0.00000000e+00  3.97586062e+00
  0.00000000e+00  1.02233813e-01  1.72155688e-01  2.75930188e-01  2.77893875e-01  4.08498188e-01  4.85070938e-01  1.72155688e-01  1.02233813e-01  0.00000000e+00  4.37650437e+00
  0.00000000e+00  1.22426063e-01  1.91572875e-01  2.94016063e-01  2.96286000e-01  4.31088563e-01  5.09890750e-01  1.91572875e-01  1.22426063e-01  0.00000000e+00  4.74737125e+00
  0.00000000e+00  1.37851875e-01  2.06401563e-01  3.07820625e-01  3.10326688e-01  4.48279500e-01  5.28809187e-01  2.06401563e-01  1.37851875e-01  0.00000000e+00  5.01531875e+00
  4.72555938e-03  1.41804313e-01  2.10181000e-01  3.11303000e-01  3.13877188e-01  4.52722938e-01  5.33756563e-01  2.10181000e-01  1.41804313e-01  4.72555938e-03  5.08360188e+00
  2.89332063e-02  1.62374750e-01  2.29925375e-01  3.29635063e-01  3.32534438e-01  4.75554562e-01  5.58988563e-01  2.29925375e-01  1.62374750e-01  2.89332063e-02  5.37574188e+00
  5.30981813e-02  1.82968188e-01  2.49690625e-01  3.47983063e-01  3.51207625e-01  4.98270063e-01  5.84123563e-01  2.49690625e-01  1.82968188e-01  5.30981813e-02  5.63130500e+00
  7.66163813e-02  2.02975438e-01  2.68862813e-01  3.65732875e-01  3.69281813e-01  5.20259438e-01  6.08554375e-01  2.68862813e-01  2.02975438e-01  7.66163813e-02  5.85492188e+00
  9.93915625e-02  2.22296625e-01  2.87344813e-01  3.82784625e-01  3.86657813e-01  5.41422625e-01  6.32175063e-01  2.87344813e-01  2.22296625e-01  9.93915625e-02  6.04665375e+00
  1.21337188e-01  2.40846563e-01  3.05047688e-01  3.99050188e-01  4.03248500e-01  5.61666625e-01  6.54891625e-01  3.05047688e-01  2.40846563e-01  1.21337188e-01  6.20626188e+00
  1.42386938e-01  2.58556250e-01  3.21904250e-01  4.14461500e-01  4.18982125e-01  5.80920500e-01  6.76629938e-01  3.21904250e-01  2.58556250e-01  1.42386938e-01  6.33445750e+00
  1.62485500e-01  2.75369750e-01  3.37858625e-01  4.28962688e-01  4.33804438e-01  5.99129000e-01  6.97328000e-01  3.37858625e-01  2.75369750e-01  1.62485500e-01  6.43238188e+00
  1.81578813e-01  2.91232000e-01  3.52854813e-01  4.42499563e-01  4.47658625e-01  6.16231313e-01  7.16923875e-01  3.52854813e-01  2.91232000e-01  1.81578813e-01  6.50111625e+00
  1.99617938e-01  3.06095063e-01  3.66845750e-01  4.55023188e-01  4.60496500e-01  6.32176375e-01  7.35360563e-01  3.66845750e-01  3.06095063e-01  1.99617938e-01  6.54195125e+00
  2.16563813e-01  3.19918813e-01  3.79790438e-01  4.66492625e-01  4.72278125e-01  6.46923188e-01  7.52592938e-01  3.79790438e-01  3.19918813e-01  2.16563813e-01  6.55635938e+00
  2.32383500e-01  3.32671313e-01  3.91656813e-01  4.76878750e-01  4.82969500e-01  6.60433750e-01  7.68578125e-01  3.91656813e-01  3.32671313e-01  2.32383500e-01  6.54595188e+00
  2.47051938e-01  3.44326625e-01  4.02420063e-01  4.86154750e-01  4.92547625e-01  6.72683000e-01  7.83286125e-01  4.02420063e-01  3.44326625e-01  2.47051938e-01  6.51248938e+00
  2.60553250e-01  3.54868688e-01  4.12065000e-01  4.94306500e-01  5.00995563e-01  6.83651125e-01  7.96692875e-01  4.12065000e-01  3.54868688e-01  2.60553250e-01  6.45778313e+00
  2.72878313e-01  3.64289563e-01  4.20582750e-01  5.01327000e-01  5.08304313e-01  6.93328938e-01  8.08783375e-01  4.20582750e-01  3.64289563e-01  2.72878313e-01  6.38371375e+00
  2.84026188e-01  3.72588250e-01  4.27972313e-01  5.07215313e-01  5.14474813e-01  7.01712563e-01  8.19548813e-01  4.27972313e-01  3.72588250e-01  2.84026188e-01  6.29217250e+00
  2.93980938e-01  3.79751688e-01  4.34220750e-01  5.11959438e-01  5.19493188e-01  7.08784063e-01  8.28966000e-01  4.34220750e-01  3.79751688e-01  2.93980938e-01  6.18481063e+00
  3.02770500e-01  3.85804000e-01  4.39354938e-01  5.15585438e-01  5.23385313e-01  7.14570313e-01  8.37057000e-01  4.39354938e-01  3.85804000e-01  3.02770500e-01  6.06371938e+00
  0.00000000e+00  0.00000000e+00  7.15149313e-02  1.78431063e-01  1.79144000e-01  3.05892500e-01  3.74742750e-01  7.15149313e-02  0.00000000e+00  0.00000000e+00  2.19132312e+00
  0.00000000e+00  1.79689125e-02  8.86323125e-02  1.94043688e-01  1.95150875e-01  3.27150688e-01  3.98646188e-01  8.86323125e-02  1.79689125e-02  0.00000000e+00  2.64053375e+00
  0.00000000e+00  3.68879375e-02  1.06718125e-01  2.10660563e-01  2.12153063e-01  3.49102188e-01  4.23212000e-01  1.06718125e-01  3.68879375e-02  0.00000000e+00  3.05041187e+00
  0.00000000e+00  5.55046688e-02  1.24512438e-01  2.27011563e-01  2.28882375e-01  3.70537813e-01  4.47245938e-01  1.24512438e-01  5.55046688e-02  0.00000000e+00  3.43130062e+00
  0.00000000e+00  7.37967438e-02  1.41991813e-01  2.43066563e-01  2.45310688e-01  3.91451437e-01  4.70744875e-01  1.41991813e-01  7.37967438e-02  0.00000000e+00  3.78280875e+00
  0.00000000e+00  9.17014938e-02  1.59091125e-01  2.58756625e-01  2.61369000e-01  4.11782000e-01  4.93649875e-01  1.59091125e-01  9.17014938e-02  0.00000000e+00  4.10345812e+00
  0.00000000e+00  1.09179063e-01  1.75768375e-01  2.74037563e-01  2.77013188e-01  4.31504500e-01  5.15936813e-01  1.75768375e-01  1.09179063e-01  0.00000000e+00  4.39390875e+00
  0.00000000e+00  1.22410813e-01  1.88382125e-01  2.85577063e-01  2.88830875e-01  4.46363375e-01  5.32775250e-01  1.88382125e-01  1.22410813e-01  0.00000000e+00  4.59984563e+00
  4.09561063e-03  1.25766250e-01  1.91557563e-01  2.88440438e-01  2.91774313e-01  4.50163875e-01  5.37150625e-01  1.91557563e-01  1.25766250e-01  4.09561063e-03  4.65078188e+00
  2.49862438e-02  1.43176563e-01  2.08112688e-01  3.03512313e-01  3.07225438e-01  4.69604250e-01  5.59323438e-01  2.08112688e-01  1.43176563e-01  2.49862438e-02  4.86333250e+00
  4.56347188e-02  1.60415688e-01  2.24491688e-01  3.18404000e-01  3.22493438e-01  4.88698438e-01  5.81158125e-01  2.24491688e-01  1.60415688e-01  4.56347188e-02  5.04174625e+00
  6.55288063e-02  1.76964625e-01  2.40173563e-01  3.32591563e-01  3.37054250e-01  5.06929437e-01  6.02139563e-01  2.40173563e-01  1.76964625e-01  6.55288063e-02  5.19081438e+00
  8.45987000e-02  1.92751313e-01  2.55087125e-01  3.46003875e-01  3.50837750e-01  5.24225188e-01  6.22188875e-01  2.55087125e-01  1.92751313e-01  8.45987000e-02  5.31125000e+00
  1.02781750e-01  2.07713750e-01  2.69169438e-01  3.58577938e-01  3.63777125e-01  5.40517688e-01  6.41234938e-01  2.69169438e-01  2.07713750e-01  1.02781750e-01  5.40347250e+00
  1.20036188e-01  2.21808000e-01  2.82375563e-01  3.70269688e-01  3.75829188e-01  5.55762875e-01  6.59228750e-01  2.82375563e-01  2.21808000e-01  1.20036188e-01  5.46868563e+00
  1.36333375e-01  2.35004875e-01  2.94677375e-01  3.81048313e-01  3.86964000e-01  5.69928813e-01  6.76135313e-01  2.94677375e-01  2.35004875e-01  1.36333375e-01  5.50841875e+00
  1.51641313e-01  2.47269625e-01  3.06041000e-01  3.90883625e-01  3.97148563e-01  5.82981563e-01  6.91913688e-01  3.06041000e-01  2.47269625e-01  1.51641313e-01  5.52407438e+00
  1.65934063e-01  2.58579063e-01  3.16441375e-01  3.99750688e-01  4.06357875e-01  5.94894000e-01  7.06533688e-01  3.16441375e-01  2.58579063e-01  1.65934063e-01  5.51717438e+00
  1.79194563e-01  2.68914250e-01  3.25861438e-01  4.07630563e-01  4.14572938e-01  6.05647188e-01  7.19967625e-01  3.25861438e-01  2.68914250e-01  1.79194563e-01  5.48935875e+00
  1.91409875e-01  2.78262188e-01  3.34288313e-01  4.14513188e-01  4.21781813e-01  6.15225188e-01  7.32197313e-01  3.34288313e-01  2.78262188e-01  1.91409875e-01  5.44233938e+00
  2.02575063e-01  2.86618938e-01  3.41717938e-01  4.20394563e-01  4.27980500e-01  6.23623875e-01  7.43211750e-01  3.41717938e-01  2.86618938e-01  2.02575063e-01  5.37783875e+00
  2.12692938e-01  2.93985500e-01  3.48150500e-01  4.25276813e-01  4.33170875e-01  6.30843375e-01  7.53005063e-01  3.48150500e-01  2.93985500e-01  2.12692938e-01  5.29765500e+00
  2.21769688e-01  3.00368938e-01  3.53595813e-01  4.29168875e-01  4.37360188e-01  6.36889750e-01  7.61579187e-01  3.53595813e-01  3.00368938e-01  2.21769688e-01  5.20352125e+00
  2.29819313e-01  3.05783188e-01  3.58067938e-01  4.32085813e-01  4.40564250e-01  6.41776937e-01  7.68941125e-01  3.58067938e-01  3.05783188e-01  2.29819313e-01  5.09717750e+00
  2.36842813e-01  3.10230250e-01  3.61567938e-01  4.34030625e-01  4.42784250e-01  6.45504000e-01  7.75083063e-01  3.61567938e-01  3.10230250e-01  2.36842813e-01  4.98014500e+00
  2.42876125e-01  3.13745250e-01  3.64131875e-01  4.35041313e-01  4.44057125e-01  6.48108875e-01  7.80038813e-01  3.64131875e-01  3.13745250e-01  2.42876125e-01  4.85420312e+00
  0.00000000e+00  0.00000000e+00  6.92969875e-02  1.72623688e-01  1.73861250e-01  3.22020938e-01  3.94991688e-01  6.92969875e-02  0.00000000e+00  0.00000000e+00  2.26944000e+00
  0.00000000e+00  1.63754938e-02  8.47833563e-02  1.86509938e-01  1.88227750e-01  3.41516813e-01  4.17615875e-01  8.47833563e-02  1.63754938e-02  0.00000000e+00  2.65028937e+00
  0.00000000e+00  3.33997375e-02  1.00935875e-01  2.01100250e-01  2.03282500e-01  3.61367813e-01  4.40538125e-01  1.00935875e-01  3.33997375e-02  0.00000000e+00  2.99000312e+00
  0.00000000e+00  4.99438938e-02  1.16619563e-01  2.15246625e-01  2.17883125e-01  3.80489688e-01  4.62694438e-01  1.16619563e-01  4.99438938e-02  0.00000000e+00  3.29913312e+00
  0.00000000e+00  6.60064250e-02  1.31830063e-01  2.28940813e-01  2.32020688e-01  3.98900375e-01  4.84106563e-01  1.31830063e-01  6.60064250e-02  0.00000000e+00  3.57820188e+00
  0.00000000e+00  8.15401813e-02  1.46518375e-01  2.42130813e-01  2.45644000e-01  4.16555000e-01  5.04732500e-01  1.46518375e-01  8.15401813e-02  0.00000000e+00  3.82660063e+00
  0.00000000e+00  9.65289563e-02  1.60666563e-01  2.54793688e-01  2.58730188e-01  4.33456313e-01  5.24574375e-01  1.60666563e-01  9.65289563e-02  0.00000000e+00  4.04577125e+00
  0.00000000e+00  1.07771250e-01  1.71259125e-01  2.64245000e-01  2.68503750e-01  4.46050000e-01  5.39427688e-01  1.71259125e-01  1.07771250e-01  0.00000000e+00  4.19751500e+00
  3.52409438e-03  1.10590688e-01  1.73890500e-01  2.66544313e-01  2.70896063e-01  4.49231375e-01  5.43261938e-01  1.73890500e-01  1.10590688e-01  3.52409438e-03  4.23350500e+00
  2.14221625e-02  1.25180625e-01  1.87581375e-01  2.78660875e-01  2.83446938e-01  4.65435375e-01  5.62561500e-01  1.87581375e-01  1.25180625e-01  2.14221625e-02  4.37816375e+00
  3.89365750e-02  1.39463375e-01  2.00959938e-01  2.90462125e-01  2.95675563e-01  4.81126188e-01  5.81336813e-01  2.00959938e-01  1.39463375e-01  3.89365750e-02  4.49202813e+00
  5.56388375e-02  1.53003813e-01  2.13588375e-01  3.01508250e-01  3.07140938e-01  4.95872625e-01  5.99155875e-01  2.13588375e-01  1.53003813e-01  5.56388375e-02  4.57989875e+00
  7.14831438e-02  1.65753063e-01  2.25419438e-01  3.11751063e-01  3.17796063e-01  5.09624875e-01  6.15965688e-01  2.25419438e-01  1.65753063e-01  7.14831438e-02  4.64294875e+00
  8.64281875e-02  1.77669000e-01  2.36410313e-01  3.21149625e-01  3.27597875e-01  5.22338750e-01  6.31715313e-01  2.36410313e-01  1.77669000e-01  8.64281875e-02  4.68205938e+00
  1.00453750e-01  1.88731688e-01  2.46540875e-01  3.29681938e-01  3.36523438e-01  5.33991438e-01  6.46378563e-01  2.46540875e-01  1.88731688e-01  1.00453750e-01  4.69876125e+00
  1.13551563e-01  1.98929125e-01  2.55799188e-01  3.37338938e-01  3.44563750e-01  5.44574750e-01  6.59939625e-01  2.55799188e-01  1.98929125e-01  1.13551563e-01  4.69473750e+00
  1.25708188e-01  2.08249250e-01  2.64173250e-01  3.44108688e-01  3.51705750e-01  5.54074813e-01  6.72379500e-01  2.64173250e-01  2.08249250e-01  1.25708188e-01  4.67155875e+00
  1.36916625e-01  2.16684188e-01  2.71656063e-01  3.49983313e-01  3.57940563e-01  5.62482750e-01  6.83685125e-01  2.71656063e-01  2.16684188e-01  1.36916625e-01  4.63083625e+00
  1.47177750e-01  2.24231875e-01  2.78245750e-01  3.54962688e-01  3.63268250e-01  5.69797438e-01  6.93847625e-01  2.78245750e-01  2.24231875e-01  1.47177750e-01  4.57421125e+00
  1.56492750e-01  2.30895438e-01  2.83946188e-01  3.59052875e-01  3.67693625e-01  5.76023813e-01  7.02865813e-01  2.83946188e-01  2.30895438e-01  1.56492750e-01  4.50334563e+00
  1.64872563e-01  2.36684813e-01  2.88767500e-01  3.62262938e-01  3.71225813e-01  5.81169062e-01  7.10741000e-01  2.88767500e-01  2.36684813e-01  1.64872563e-01  4.41988875e+00
  1.72331250e-01  2.41614000e-01  2.92724563e-01  3.64608875e-01  3.73878938e-01  5.85249187e-01  7.17484875e-01  2.92724563e-01  2.41614000e-01  1.72331250e-01  4.32545250e+00
  1.78886813e-01  2.45701125e-01  2.95834563e-01  3.66111625e-01  3.75673875e-01  5.88283187e-01  7.23108750e-01  2.95834563e-01  2.45701125e-01  1.78886813e-01  4.22160687e+00
  1.84564188e-01  2.48969063e-01  2.98123438e-01  3.66794313e-01  3.76633750e-01  5.90297000e-01  7.27631563e-01  2.98123438e-01  2.48969063e-01  1.84564188e-01  4.10984313e+00
  1.89374563e-01  2.51431938e-01  2.99603250e-01  3.66673875e-01  3.76773500e-01  5.91301750e-01  7.31059250e-01  2.99603250e-01  2.51431938e-01  1.89374563e-01  3.99150125e+00
  1.93357813e-01  2.53127750e-01  3.00314938e-01  3.65790375e-01  3.76134188e-01  5.91340437e-01  7.33429875e-01  3.00314938e-01  2.53127750e-01  1.93357813e-01  3.86803187e+00
  0.00000000e+00  0.00000000e+00  6.70628438e-02  1.66614125e-01  1.68700500e-01  3.39266562e-01  4.17697500e-01  6.70628438e-02  0.00000000e+00  0.00000000e+00  2.32383063e+00
  0.00000000e+00  1.47265750e-02  8.08512000e-02  1.78685813e-01  1.81344625e-01  3.56765875e-01  4.38861188e-01  8.08512000e-02  1.47265750e-02  0.00000000e+00  2.63592063e+00
  0.00000000e+00  2.98294313e-02  9.50336375e-02  1.91193500e-01  1.94401688e-01  3.74317063e-01  4.59983813e-01  9.50336375e-02  2.98294313e-02  0.00000000e+00  2.90645188e+00
  0.00000000e+00  4.43072250e-02  1.08602000e-01  2.03115875e-01  2.06854500e-01  3.90965000e-01  4.80138125e-01  1.08602000e-01  4.43072250e-02  0.00000000e+00  3.14597938e+00
  0.00000000e+00  5.81781563e-02  1.21571563e-01  2.14463125e-01  2.18716063e-01  4.06749625e-01  4.99367250e-01  1.21571563e-01  5.81781563e-02  0.00000000e+00  3.35581500e+00
  0.00000000e+00  7.14108938e-02  1.33909813e-01  2.25200000e-01  2.29950313e-01  4.21644000e-01  5.17646188e-01  1.33909813e-01  7.14108938e-02  0.00000000e+00  3.53612125e+00
  0.00000000e+00  8.40111563e-02  1.45620750e-01  2.35325688e-01  2.40557250e-01  4.35671063e-01  5.35003875e-01  1.45620750e-01  8.40111563e-02  0.00000000e+00  3.68898938e+00
  0.00000000e+00  9.33599750e-02  1.54283125e-01  2.42771750e-01  2.48365625e-01  4.45983500e-01  5.47859938e-01  1.54283125e-01  9.33599750e-02  0.00000000e+00  3.79082063e+00
  2.97525688e-03  9.56742938e-02  1.56398375e-01  2.44533000e-01  2.50230938e-01  4.48541750e-01  5.51150125e-01  1.56398375e-01  9.56742938e-02  2.97525688e-03  3.81319313e+00
  1.80117625e-02  1.07611563e-01  1.67384813e-01  2.53845125e-01  2.60026438e-01  4.61525313e-01  5.67589313e-01  1.67384813e-01  1.07611563e-01  1.80117625e-02  3.89644188e+00
  3.25572313e-02  1.19136875e-01  1.77954063e-01  2.62740063e-01  2.69391625e-01  4.73864563e-01  5.83346313e-01  1.77954063e-01  1.19136875e-01  3.25572313e-02  3.95269750e+00
  4.62628125e-02  1.29894938e-01  1.87750000e-01  2.70860625e-01  2.77968563e-01  4.85208500e-01  5.98071937e-01  1.87750000e-01  1.29894938e-01  4.62628125e-02  3.98665313e+00
  5.91045875e-02  1.39860625e-01  1.96746625e-01  2.78178938e-01  2.85729188e-01  4.95532125e-01  6.11734312e-01  1.96746625e-01  1.39860625e-01  5.91045875e-02  3.99984000e+00
  7.10604875e-02  1.49010063e-01  2.04920938e-01  2.84673063e-01  2.92652500e-01  5.04810438e-01  6.24302375e-01  2.04920938e-01  1.49010063e-01  7.10604875e-02  3.99346063e+00
  8.21294250e-02  1.57341250e-01  2.12270063e-01  2.90341875e-01  2.98733563e-01  5.13041500e-01  6.35768250e-01  2.12270063e-01  1.57341250e-01  8.21294250e-02  3.96922688e+00
  9.23200188e-02  1.64861125e-01  2.18801875e-01  2.95193375e-01  3.03981375e-01  5.20235375e-01  6.46137875e-01  2.18801875e-01  1.64861125e-01  9.23200188e-02  3.92893813e+00
  1.01636750e-01  1.71570875e-01  2.24518500e-01  2.99230750e-01  3.08398063e-01  5.26396938e-01  6.55407313e-01  2.24518500e-01  1.71570875e-01  1.01636750e-01  3.87420750e+00
  1.10086813e-01  1.77480375e-01  2.29429875e-01  3.02463000e-01  3.11993438e-01  5.31534313e-01  6.63579625e-01  2.29429875e-01  1.77480375e-01  1.10086813e-01  3.80663688e+00
  1.17683750e-01  1.82600688e-01  2.33547125e-01  3.04905000e-01  3.14780625e-01  5.35661500e-01  6.70662688e-01  2.33547125e-01  1.82600688e-01  1.17683750e-01  3.72783500e+00
  1.24445438e-01  1.86947875e-01  2.36887250e-01  3.06573875e-01  3.16775688e-01  5.38796500e-01  6.76667687e-01  2.36887250e-01  1.86947875e-01  1.24445438e-01  3.63933438e+00
  1.30391063e-01  1.90542000e-01  2.39471250e-01  3.07491563e-01  3.18000688e-01  5.40961375e-01  6.81610562e-01  2.39471250e-01  1.90542000e-01  1.30391063e-01  3.54263500e+00
  1.35544562e-01  1.93406938e-01  2.41324125e-01  3.07683250e-01  3.18481438e-01  5.42183188e-01  6.85512313e-01  2.41324125e-01  1.93406938e-01  1.35544562e-01  3.43916813e+00
  1.39935875e-01  1.95570750e-01  2.42472875e-01  3.07178813e-01  3.18245188e-01  5.42490875e-01  6.88397000e-01  2.42472875e-01  1.95570750e-01  1.39935875e-01  3.33027313e+00
  1.43592250e-01  1.97060625e-01  2.42947625e-01  3.06008375e-01  3.17323875e-01  5.41918438e-01  6.90290688e-01  2.42947625e-01  1.97060625e-01  1.43592250e-01  3.21720125e+00
  1.46536500e-01  1.97900313e-01  2.42770313e-01  3.04195938e-01  3.15739500e-01  5.40486063e-01  6.91207375e-01  2.42770313e-01  1.97900313e-01  1.46536500e-01  3.10110188e+00
  1.48810688e-01  1.98130063e-01  2.41984938e-01  3.01786375e-01  3.13537125e-01  5.38243562e-01  6.91192937e-01  2.41984938e-01  1.98130063e-01  1.48810688e-01  2.98307625e+00
  0.00000000e+00  0.00000000e+00  6.50102438e-02  1.60850500e-01  1.64201188e-01  3.57150313e-01  4.42561250e-01  6.50102438e-02  0.00000000e+00  0.00000000e+00  2.33883250e+00
  0.00000000e+00  1.31226063e-02  7.71295313e-02  1.71112313e-01  1.75128438e-01  3.72453625e-01  4.62104000e-01  7.71295313e-02  1.31226063e-02  0.00000000e+00  2.58681188e+00
  0.00000000e+00  2.64154438e-02  8.94381563e-02  1.81611938e-01  1.86260500e-01  3.87583625e-01  4.81333625e-01  8.94381563e-02  2.64154438e-02  0.00000000e+00  2.79500313e+00
  0.00000000e+00  3.90005938e-02  1.01051563e-01  1.91451250e-01  1.96703188e-01  4.01710313e-01  4.99453875e-01  1.01051563e-01  3.90005938e-02  0.00000000e+00  2.97369188e+00
  0.00000000e+00  5.09136813e-02  1.12001875e-01  2.00657188e-01  2.06487500e-01  4.14890625e-01  5.16528875e-01  1.12001875e-01  5.09136813e-02  0.00000000e+00  3.12474063e+00
  0.00000000e+00  6.21388063e-02  1.22271813e-01  2.09209750e-01  2.15592438e-01  4.27113563e-01  5.32551438e-01  1.22271813e-01  6.21388063e-02  0.00000000e+00  3.24890125e+00
  0.00000000e+00  7.26995938e-02  1.31884375e-01  2.17126000e-01  2.24037125e-01  4.38424063e-01  5.47570688e-01  1.31884375e-01  7.26995938e-02  0.00000000e+00  3.34857813e+00
  0.00000000e+00  8.04584938e-02  1.38911438e-01  2.22853813e-01  2.30160125e-01  4.46613063e-01  5.58573563e-01  1.38911438e-01  8.04584938e-02  0.00000000e+00  3.41128563e+00
  2.50845563e-03  8.23557250e-02  1.40595625e-01  2.24162938e-01  2.31580313e-01  4.48596250e-01  5.61362688e-01  1.40595625e-01  8.23557250e-02  2.50845563e-03  3.42323313e+00
  1.51316750e-02  9.21163438e-02  1.49345625e-01  2.31130625e-01  2.39066375e-01  4.58646250e-01  5.75201437e-01  1.49345625e-01  9.21163438e-02  1.51316750e-02  3.46035313e+00
  2.72198875e-02  1.01423563e-01  1.57636375e-01  2.37645063e-01  2.46078125e-01  4.67989938e-01  5.88262938e-01  1.57636375e-01  1.01423563e-01  2.72198875e-02  3.47479438e+00
  3.84915875e-02  1.09989125e-01  1.65180875e-01  2.43416250e-01  2.52326563e-01  4.76346313e-01  6.00264187e-01  1.65180875e-01  1.09989125e-01  3.84915875e-02  3.47101875e+00
  4.89399000e-02  1.17803375e-01  1.71969000e-01  2.48435125e-01  2.57800688e-01  4.83708313e-01  6.11194125e-01  1.71969000e-01  1.17803375e-01  4.89399000e-02  3.45064813e+00
  5.85580375e-02  1.24859375e-01  1.77993875e-01  2.52694750e-01  2.62492625e-01  4.90065125e-01  6.21035875e-01  1.77993875e-01  1.24859375e-01  5.85580375e-02  3.41502375e+00
  6.73583375e-02  1.31168125e-01  1.83265563e-01  2.56206188e-01  2.66415313e-01  4.95433625e-01  6.29798312e-01  1.83265563e-01  1.31168125e-01  6.73583375e-02  3.36584813e+00
  7.53611125e-02  1.36745688e-01  1.87804000e-01  2.58990375e-01  2.69586750e-01  4.99834063e-01  6.37497688e-01  1.87804000e-01  1.36745688e-01  7.53611125e-02  3.30481125e+00
  8.25812000e-02  1.41608063e-01  1.91621375e-01  2.61060438e-01  2.72022000e-01  5.03285188e-01  6.44144875e-01  1.91621375e-01  1.41608063e-01  8.25812000e-02  3.23342563e+00
  8.90368250e-02  1.45770313e-01  1.94737500e-01  2.62436375e-01  2.73740063e-01  5.05807125e-01  6.49754875e-01  1.94737500e-01  1.45770313e-01  8.90368250e-02  3.15318000e+00
  9.47493000e-02  1.49254375e-01  1.97172500e-01  2.63141125e-01  2.74761125e-01  5.07422062e-01  6.54342875e-01  1.97172500e-01  1.49254375e-01  9.47493000e-02  3.06546750e+00
  9.97423625e-02  1.52081438e-01  1.98950375e-01  2.63197875e-01  2.75111938e-01  5.08157813e-01  6.57931687e-01  1.98950375e-01  1.52081438e-01  9.97423625e-02  2.97164625e+00
  1.04042563e-01  1.54279313e-01  2.00096250e-01  2.62634500e-01  2.74817750e-01  5.08044438e-01  6.60543500e-01  2.00096250e-01  1.54279313e-01  1.04042563e-01  2.87296875e+00
  1.07678938e-01  1.55875125e-01  2.00641000e-01  2.61482125e-01  2.73910438e-01  5.07113125e-01  6.62206250e-01  2.00641000e-01  1.55875125e-01  1.07678938e-01  2.77062437e+00
  1.10682250e-01  1.56897938e-01  2.00613750e-01  2.59772688e-01  2.72421062e-01  5.05399688e-01  6.62949000e-01  2.00613750e-01  1.56897938e-01  1.10682250e-01  2.66567375e+00
  1.13084562e-01  1.57379750e-01  2.00047438e-01  2.57538250e-01  2.70381813e-01  5.02941250e-01  6.62803687e-01  2.00047438e-01  1.57379750e-01  1.13084562e-01  2.55913562e+00
  1.14908875e-01  1.57345563e-01  1.98967125e-01  2.54805875e-01  2.67821438e-01  4.99762813e-01  6.61788438e-01  1.98967125e-01  1.57345563e-01  1.14908875e-01  2.45189187e+00
  1.16198125e-01  1.56834313e-01  1.97412938e-01  2.51618438e-01  2.64781063e-01  4.95914375e-01  6.59949250e-01  1.97412938e-01  1.56834313e-01  1.16198125e-01  2.34476125e+00
  0.00000000e+00  0.00000000e+00  6.31553938e-02  1.55316875e-01  1.60460125e-01  3.74938000e-01  4.69232875e-01  6.31553938e-02  0.00000000e+00  0.00000000e+00  2.30707250e+00
  0.00000000e+00  1.16141438e-02  7.36842250e-02  1.63827313e-01  1.69719125e-01  3.87874875e-01  4.86994437e-01  7.36842250e-02  1.16141438e-02  0.00000000e+00  2.49832125e+00
  0.00000000e+00  2.32700188e-02  8.42771813e-02  1.72461563e-01  1.79053875e-01  4.00508375e-01  5.04253687e-01  8.42771813e-02  2.32700188e-02  0.00000000e+00  2.65379625e+00
  0.00000000e+00  3.42058313e-02  9.41645875e-02  1.80433438e-01  1.87688125e-01  4.12121438e-01  5.20335563e-01  9.41645875e-02  3.42058313e-02  0.00000000e+00  2.78327188e+00
  0.00000000e+00  4.44702313e-02  1.03392000e-01  1.87784875e-01  1.95664000e-01  4.22784063e-01  5.35321063e-01  1.03392000e-01  4.44702313e-02  0.00000000e+00  2.88883125e+00
  0.00000000e+00  5.40616438e-02  1.11957375e-01  1.94508000e-01  2.02977375e-01  4.32501313e-01  5.49217188e-01  1.11957375e-01  5.40616438e-02  0.00000000e+00  2.97154750e+00
  0.00000000e+00  6.30160063e-02  1.19893500e-01  2.00632750e-01  2.09657500e-01  4.41328188e-01  5.62090063e-01  1.19893500e-01  6.30160063e-02  0.00000000e+00  3.03385438e+00
  0.00000000e+00  6.95550125e-02  1.25649125e-01  2.05004125e-01  2.14439125e-01  4.47616688e-01  5.71427500e-01  1.25649125e-01  6.95550125e-02  0.00000000e+00  3.07023063e+00
  2.14254375e-03  7.11414375e-02  1.27008188e-01  2.05963188e-01  2.15513250e-01  4.49090750e-01  5.73768562e-01  1.27008188e-01  7.11414375e-02  2.14254375e-03  3.07551313e+00
  1.28990063e-02  7.92964375e-02  1.34082688e-01  2.11148375e-01  2.21226813e-01  4.56587063e-01  5.85325875e-01  1.34082688e-01  7.92964375e-02  1.28990063e-02  3.08423000e+00
  2.31434563e-02  8.70207750e-02  1.40724938e-01  2.15914313e-01  2.26491063e-01  4.63393125e-01  5.96076938e-01  1.40724938e-01  8.70207750e-02  2.31434563e-02  3.07494250e+00
  3.26463250e-02  9.40783500e-02  1.46695938e-01  2.20020063e-01  2.31067000e-01  4.69276875e-01  6.05791813e-01  1.46695938e-01  9.40783500e-02  3.26463250e-02  3.05168125e+00
  4.14116375e-02  1.00470375e-01  1.51999688e-01  2.23469563e-01  2.34955750e-01  4.74245375e-01  6.14472375e-01  1.51999688e-01  1.00470375e-01  4.14116375e-02  3.01592938e+00
  4.94429250e-02  1.06200000e-01  1.56638250e-01  2.26265813e-01  2.38161313e-01  4.78300688e-01  6.22112875e-01  1.56638250e-01  1.06200000e-01  4.94429250e-02  2.96893813e+00
  5.67598125e-02  1.11283500e-01  1.60629563e-01  2.28427000e-01  2.40702625e-01  4.81465813e-01  6.28731125e-01  1.60629563e-01  1.11283500e-01  5.67598125e-02  2.91219688e+00
  6.33872375e-02  1.15744813e-01  1.63995875e-01  2.29978063e-01  2.42602813e-01  4.83769875e-01  6.34351312e-01  1.63995875e-01  1.15744813e-01  6.33872375e-02  2.84710875e+00
  6.93450125e-02  1.19601000e-01  1.66757938e-01  2.30938937e-01  2.43882938e-01  4.85236750e-01  6.38990437e-01  1.66757938e-01  1.19601000e-01  6.93450125e-02  2.77494313e+00
  7.46545813e-02  1.22873125e-01  1.68936000e-01  2.31331750e-01  2.44564875e-01  4.85891563e-01  6.42669375e-01  1.68936000e-01  1.22873125e-01  7.46545813e-02  2.69689000e+00
  7.93393625e-02  1.25583125e-01  1.70552000e-01  2.31179563e-01  2.44672750e-01  4.85762250e-01  6.45408375e-01  1.70552000e-01  1.25583125e-01  7.93393625e-02  2.61408063e+00
  8.34242688e-02  1.27755125e-01  1.71632813e-01  2.30509313e-01  2.44232625e-01  4.84876938e-01  6.47233250e-01  1.71632813e-01  1.27755125e-01  8.34242688e-02  2.52755563e+00
  8.69356250e-02  1.29413125e-01  1.72202688e-01  2.29348063e-01  2.43271438e-01  4.83267625e-01  6.48168250e-01  1.72202688e-01  1.29413125e-01  8.69356250e-02  2.43828375e+00
  8.99009500e-02  1.30585000e-01  1.72288625e-01  2.27723750e-01  2.41818188e-01  4.80967313e-01  6.48243187e-01  1.72288625e-01  1.30585000e-01  8.99009500e-02  2.34714563e+00
  9.23487562e-02  1.31297000e-01  1.71921438e-01  2.25665562e-01  2.39903938e-01  4.78010000e-01  6.47488063e-01  1.71921438e-01  1.31297000e-01  9.23487562e-02  2.25494188e+00
  9.43081625e-02  1.31578938e-01  1.71127375e-01  2.23205313e-01  2.37557750e-01  4.74431625e-01  6.45933125e-01  1.71127375e-01  1.31578938e-01  9.43081625e-02  2.16239125e+00
  9.58010750e-02  1.31450000e-01  1.69931312e-01  2.20365188e-01  2.34804563e-01  4.70257375e-01  6.43598188e-01  1.69931312e-01  1.31450000e-01  9.58010750e-02  2.07014375e+00
  9.68632063e-02  1.30947000e-01  1.68366313e-01  2.17183062e-01  2.31680500e-01  4.65532125e-01  6.40528250e-01  1.68366313e-01  1.30947000e-01  9.68632063e-02  1.97876062e+00
  0.00000000e+00  0.00000000e+00  6.10972313e-02  1.48950938e-01  1.56534313e-01  3.91354875e-01  4.97020312e-01  6.10972313e-02  0.00000000e+00  0.00000000e+00  2.24743125e+00
  0.00000000e+00  1.01366625e-02  7.00564875e-02  1.55734000e-01  1.64111875e-01  4.01821125e-01  5.12831500e-01  7.00564875e-02  1.01366625e-02  0.00000000e+00  2.38622250e+00
  0.00000000e+00  2.02065813e-02  7.89761938e-02  1.62549875e-01  1.71662125e-01  4.11887063e-01  5.27977438e-01  7.89761938e-02  2.02065813e-02  0.00000000e+00  2.49351313e+00
  0.00000000e+00  2.95582125e-02  8.71959250e-02  1.68722188e-01  1.78514938e-01  4.20941438e-01  5.41895937e-01  8.71959250e-02  2.95582125e-02  0.00000000e+00  2.57836000e+00
  0.00000000e+00  3.82494250e-02  9.47709313e-02  1.74298188e-01  1.84725313e-01  4.29062500e-01  5.54682000e-01  9.47709313e-02  3.82494250e-02  0.00000000e+00  2.64292625e+00
  0.00000000e+00  4.62896563e-02  1.01708750e-01  1.79282813e-01  1.90297250e-01  4.36266063e-01  5.66354750e-01  1.01708750e-01  4.62896563e-02  0.00000000e+00  2.68851375e+00
  0.00000000e+00  5.37239563e-02  1.08052375e-01  1.83713188e-01  1.95271875e-01  4.42615375e-01  5.76992188e-01  1.08052375e-01  5.37239563e-02  0.00000000e+00  2.71748563e+00
  5.89806250e-17  5.91107063e-02  1.12601688e-01  1.86805250e-01  1.98760125e-01  4.47014438e-01  5.84598375e-01  1.12601688e-01  5.91107063e-02  5.89806250e-17  2.73041563e+00
  1.79386625e-03  6.04040500e-02  1.13652688e-01  1.87437188e-01  1.99500188e-01  4.47981375e-01  5.86471313e-01  1.13652688e-01  6.04040500e-02  1.79386625e-03  2.72980375e+00
  1.07717875e-02  6.70439188e-02  1.19141750e-01  1.90948000e-01  2.03509188e-01  4.52949063e-01  5.95658313e-01  1.19141750e-01  6.70439188e-02  1.07717875e-02  2.71350313e+00
  1.92599125e-02  7.32735563e-02  1.24221563e-01  1.94071563e-01  2.07091063e-01  4.57244625e-01  6.04011063e-01  1.24221563e-01  7.32735563e-02  1.92599125e-02  2.68334250e+00
  2.70755063e-02  7.89039813e-02  1.28702250e-01  1.96616000e-01  2.10056688e-01  4.60685938e-01  6.11350625e-01  1.28702250e-01  7.89039813e-02  2.70755063e-02  2.64288250e+00
  3.42314875e-02  8.39455250e-02  1.32594750e-01  1.98592250e-01  2.12417063e-01  4.63289125e-01  6.17686063e-01  1.32594750e-01  8.39455250e-02  3.42314875e-02  2.59349375e+00
  4.07390875e-02  8.84080188e-02  1.35910000e-01  2.00012375e-01  2.14182375e-01  4.65067063e-01  6.23022375e-01  1.35910000e-01  8.84080188e-02  4.07390875e-02  2.53628875e+00
  4.66231375e-02  9.23139875e-02  1.38670188e-01  2.00898375e-01  2.15378500e-01  4.66048000e-01  6.27386563e-01  1.38670188e-01  9.23139875e-02  4.66231375e-02  2.47254750e+00
  5.19122750e-02  9.56895750e-02  1.40902313e-01  2.01280313e-01  2.16032500e-01  4.66267813e-01  6.30807687e-01  1.40902313e-01  9.56895750e-02  5.19122750e-02  2.40344000e+00
  5.66296187e-02  9.85561938e-02  1.42628375e-01  2.01178250e-01  2.16168500e-01  4.65753562e-01  6.33309813e-01  1.42628375e-01  9.85561938e-02  5.66296187e-02  2.32999688e+00
  6.07991938e-02  1.00936750e-01  1.43873375e-01  2.00619062e-01  2.15811438e-01  4.64535250e-01  6.34917875e-01  1.43873375e-01  1.00936750e-01  6.07991938e-02  2.25317813e+00
  6.44459187e-02  1.02853813e-01  1.44660313e-01  1.99626937e-01  2.14987313e-01  4.62643000e-01  6.35657937e-01  1.44660313e-01  1.02853813e-01  6.44459187e-02  2.17387375e+00
  6.75952125e-02  1.04332875e-01  1.45014313e-01  1.98228750e-01  2.13723188e-01  4.60108750e-01  6.35557062e-01  1.45014313e-01  1.04332875e-01  6.75952125e-02  2.09286437e+00
  7.02732937e-02  1.05397938e-01  1.44961313e-01  1.96449688e-01  2.12046063e-01  4.56965438e-01  6.34645187e-01  1.44961313e-01  1.05397938e-01  7.02732937e-02  2.01088875e+00
  7.25065813e-02  1.06074000e-01  1.44527313e-01  1.94317625e-01  2.09983937e-01  4.53245250e-01  6.32952375e-01  1.44527313e-01  1.06074000e-01  7.25065813e-02  1.92859750e+00
  7.43218687e-02  1.06387125e-01  1.43739375e-01  1.91860625e-01  2.07565875e-01  4.48983063e-01  6.30509625e-01  1.43739375e-01  1.06387125e-01  7.43218687e-02  1.84654000e+00
  7.57457812e-02  1.06363250e-01  1.42623500e-01  1.89104688e-01  2.04818875e-01  4.44212938e-01  6.27349875e-01  1.42623500e-01  1.06363250e-01  7.57457812e-02  1.76523563e+00
  7.67988312e-02  1.06020562e-01  1.41201625e-01  1.86073750e-01  2.01767813e-01  4.38961812e-01  6.23494188e-01  1.41201625e-01  1.06020562e-01  7.67988312e-02  1.68513500e+00
  7.75121062e-02  1.05390813e-01  1.39501875e-01  1.82796937e-01  1.98442937e-01  4.33268875e-01  6.18984625e-01  1.39501875e-01  1.05390813e-01  7.75121062e-02  1.60659687e+00
  0.00000000e+00  0.00000000e+00  5.88826813e-02  1.41860813e-01  1.52552625e-01  4.05613813e-01  5.25280625e-01  5.88826813e-02  0.00000000e+00  0.00000000e+00  2.15456063e+00
  0.00000000e+00  8.75574688e-03  6.63613000e-02  1.47017438e-01  1.58499688e-01  4.13569313e-01  5.38994437e-01  6.63613000e-02  8.75574688e-03  0.00000000e+00  2.24825688e+00
  0.00000000e+00  1.73701938e-02  7.37319625e-02  1.52156750e-01  1.64352438e-01  4.21077500e-01  5.51921875e-01  7.37319625e-02  1.73701938e-02  0.00000000e+00  2.31504875e+00
  0.00000000e+00  2.52911000e-02  8.04331625e-02  1.56695625e-01  1.69542563e-01  4.27619188e-01  5.63605937e-01  8.04331625e-02  2.52911000e-02  0.00000000e+00  2.36311313e+00
  0.00000000e+00  3.25813063e-02  8.65242813e-02  1.60686125e-01  1.74125375e-01  4.33275563e-01  5.74146562e-01  8.65242813e-02  3.25813063e-02  0.00000000e+00  2.39453250e+00
  0.00000000e+00  3.92573813e-02  9.20202563e-02  1.64139375e-01  1.78113875e-01  4.38067625e-01  5.83571000e-01  9.20202563e-02  3.92573813e-02  0.00000000e+00  2.41067813e+00
  0.00000000e+00  4.53690625e-02  9.69681563e-02  1.67096313e-01  1.81554063e-01  4.42065375e-01  5.91965125e-01  9.69681563e-02  4.53690625e-02  0.00000000e+00  2.41367250e+00
  8.84708438e-17  4.97608313e-02  1.00469063e-01  1.69086125e-01  1.83888063e-01  4.44682063e-01  5.97843062e-01  1.00469063e-01  4.97608313e-02  8.84708438e-17  2.40862188e+00
  1.48816313e-03  5.08035063e-02  1.01254000e-01  1.69438063e-01  1.84333000e-01  4.45171000e-01  5.99246000e-01  1.01254000e-01  5.08035063e-02  1.48816313e-03  2.40359750e+00
  8.91161500e-03  5.61483375e-02  1.05379750e-01  1.71523563e-01  1.86835688e-01  4.47771313e-01  6.06078813e-01  1.05379750e-01  5.61483375e-02  8.91161500e-03  2.36894750e+00
  1.58747625e-02  6.11090938e-02  1.09126375e-01  1.73263937e-01  1.88945188e-01  4.49736500e-01  6.12063375e-01  1.09126375e-01  6.11090938e-02  1.58747625e-02  2.32396063e+00
  2.22338375e-02  6.55360938e-02  1.12344750e-01  1.74505188e-01  1.90511500e-01  4.50923438e-01  6.17057875e-01  1.12344750e-01  6.55360938e-02  2.22338375e-02  2.27171688e+00
  2.80069625e-02  6.94447688e-02  1.15049063e-01  1.75262375e-01  1.91549750e-01  4.51353375e-01  6.21083250e-01  1.15049063e-01  6.94447688e-02  2.80069625e-02  2.21337813e+00
  3.32099625e-02  7.28495563e-02  1.17256250e-01  1.75553375e-01  1.92077875e-01  4.51044250e-01  6.24150500e-01  1.17256250e-01  7.28495563e-02  3.32099625e-02  2.14993563e+00
  3.78703625e-02  7.57753688e-02  1.18990375e-01  1.75402375e-01  1.92122875e-01  4.50031063e-01  6.26289750e-01  1.18990375e-01  7.57753688e-02  3.78703625e-02  2.08243750e+00
  4.20177937e-02  7.82495437e-02  1.20280438e-01  1.74838375e-01  1.91713875e-01  4.48350813e-01  6.27537063e-01  1.20280438e-01  7.82495437e-02  4.20177937e-02  2.01182438e+00
  4.56768750e-02  8.02947938e-02  1.21148625e-01  1.73885375e-01  1.90876875e-01  4.46032625e-01  6.27920312e-01  1.21148625e-01  8.02947938e-02  4.56768750e-02  1.93892687e+00
  4.88723250e-02  8.19341500e-02  1.21620688e-01  1.72567437e-01  1.89637813e-01  4.43109438e-01  6.27468562e-01  1.21620688e-01  8.19341500e-02  4.88723250e-02  1.86448500e+00
  5.16289625e-02  8.31912125e-02  1.21719813e-01  1.70910500e-01  1.88021813e-01  4.39613250e-01  6.26210875e-01  1.21719813e-01  8.31912125e-02  5.16289625e-02  1.78917813e+00
  5.39720000e-02  8.40894062e-02  1.21470938e-01  1.68939563e-01  1.86057750e-01  4.35576125e-01  6.24177250e-01  1.21470938e-01  8.40894062e-02  5.39720000e-02  1.71362500e+00
  5.59263500e-02  8.46524375e-02  1.20899063e-01  1.66678687e-01  1.83769750e-01  4.31031000e-01  6.21400625e-01  1.20899063e-01  8.46524375e-02  5.59263500e-02  1.63833625e+00
  5.75169250e-02  8.49038187e-02  1.20027312e-01  1.64154875e-01  1.81185813e-01  4.26011000e-01  6.17912062e-01  1.20027312e-01  8.49038187e-02  5.75169250e-02  1.56378250e+00
  5.87685250e-02  8.48670437e-02  1.18881500e-01  1.61391125e-01  1.78331000e-01  4.20548125e-01  6.13743625e-01  1.18881500e-01  8.48670437e-02  5.87685250e-02  1.49037125e+00
  5.97053687e-02  8.45650312e-02  1.17483875e-01  1.58412438e-01  1.75233125e-01  4.14677250e-01  6.08931250e-01  1.17483875e-01  8.45650312e-02  5.97053687e-02  1.41844250e+00
  6.03465437e-02  8.40163812e-02  1.15855313e-01  1.55238875e-01  1.71912375e-01  4.08424437e-01  6.03496875e-01  1.15855313e-01  8.40163812e-02  6.03465437e-02  1.34829687e+00
  6.07192625e-02  8.32464875e-02  1.14021750e-01  1.51898375e-01  1.68398625e-01  4.01826750e-01  5.97481687e-01  1.14021750e-01  8.32464875e-02  6.07192625e-02  1.28016375e+00
  0.00000000e+00  0.00000000e+00  5.65250500e-02  1.34121625e-01  1.48503125e-01  4.17279688e-01  5.53445062e-01  5.65250500e-02  0.00000000e+00  0.00000000e+00  2.03033625e+00
  0.00000000e+00  7.50807750e-03  6.26538250e-02  1.37815625e-01  1.52911563e-01  4.22753375e-01  5.64937250e-01  6.26538250e-02  7.50807750e-03  0.00000000e+00  2.08757313e+00
  0.00000000e+00  1.48379125e-02  6.86459563e-02  1.41479437e-01  1.57204563e-01  4.27784750e-01  5.75574187e-01  6.86459563e-02  1.48379125e-02  0.00000000e+00  2.12277375e+00
  0.00000000e+00  2.15245500e-02  7.40257000e-02  1.44615812e-01  1.60896125e-01  4.31931813e-01  5.84982875e-01  7.40257000e-02  2.15245500e-02  0.00000000e+00  2.14312313e+00
  0.00000000e+00  2.76312625e-02  7.88526188e-02  1.47273875e-01  1.64043375e-01  4.35273625e-01  5.93269188e-01  7.88526188e-02  2.76312625e-02  0.00000000e+00  2.15048250e+00
  0.00000000e+00  3.31791063e-02  8.31459688e-02  1.49469750e-01  1.66663375e-01  4.37836125e-01  6.00464312e-01  8.31459688e-02  3.31791063e-02  0.00000000e+00  2.14610375e+00
  0.00000000e+00  3.82182375e-02  8.69527188e-02  1.51241438e-01  1.68802188e-01  4.39684500e-01  6.06659187e-01  8.69527188e-02  3.82182375e-02  0.00000000e+00  2.13181938e+00
  5.55112000e-17  4.18159688e-02  8.96097875e-02  1.52361062e-01  1.70171875e-01  4.40690875e-01  6.10854000e-01  8.96097875e-02  4.18159688e-02  5.55112000e-17  2.11530313e+00
  1.23845563e-03  4.26622875e-02  9.01850938e-02  1.52496937e-01  1.70371750e-01  4.40749687e-01  6.11797937e-01  9.01850938e-02  4.26622875e-02  1.23845563e-03  2.10765813e+00
  7.40098625e-03  4.69972750e-02  9.32391938e-02  1.53487313e-01  1.71643188e-01  4.41238750e-01  6.16358562e-01  9.32391938e-02  4.69972750e-02  7.40098625e-03  2.06280500e+00
  1.31471000e-02  5.09874500e-02  9.59596875e-02  1.54187562e-01  1.72572438e-01  4.41150750e-01  6.20076125e-01  9.59596875e-02  5.09874500e-02  1.31471000e-02  2.01056938e+00
  1.83627313e-02  5.45131250e-02  9.82256937e-02  1.54473750e-01  1.73037625e-01  4.40372625e-01  6.22843562e-01  9.82256937e-02  5.45131250e-02  1.83627313e-02  1.95355875e+00
  2.30680625e-02  5.75918438e-02  1.00054750e-01  1.54363875e-01  1.73058750e-01  4.38928500e-01  6.24683062e-01  1.00054750e-01  5.75918438e-02  2.30680625e-02  1.89270563e+00
  2.72808250e-02  6.02396250e-02  1.01464938e-01  1.53874063e-01  1.72654750e-01  4.36840375e-01  6.25612500e-01  1.01464938e-01  6.02396250e-02  2.72808250e-02  1.82880875e+00
  3.10280438e-02  6.24812875e-02  1.02481125e-01  1.53030187e-01  1.71851813e-01  4.34143188e-01  6.25665937e-01  1.02481125e-01  6.24812875e-02  3.10280438e-02  1.76268813e+00
  3.43386312e-02  6.43429500e-02  1.03129313e-01  1.51859312e-01  1.70679875e-01  4.30873125e-01  6.24881375e-01  1.03129313e-01  6.43429500e-02  3.43386312e-02  1.69504312e+00
  3.72359187e-02  6.58465313e-02  1.03432563e-01  1.50382562e-01  1.69162937e-01  4.27062000e-01  6.23288875e-01  1.03432563e-01  6.58465313e-02  3.72359187e-02  1.62649500e+00
  3.97436000e-02  6.70136500e-02  1.03413750e-01  1.48624812e-01  1.67327000e-01  4.22740063e-01  6.20920437e-01  1.03413750e-01  6.70136500e-02  3.97436000e-02  1.55762062e+00
  4.18848000e-02  6.78661000e-02  1.03095062e-01  1.46608062e-01  1.65196063e-01  4.17940125e-01  6.17807000e-01  1.03095062e-01  6.78661000e-02  4.18848000e-02  1.48889125e+00
  4.36824312e-02  6.84253000e-02  1.02498437e-01  1.44353437e-01  1.62794250e-01  4.12694250e-01  6.13979750e-01  1.02498437e-01  6.84253000e-02  4.36824312e-02  1.42074625e+00
  4.51593875e-02  6.87124625e-02  1.01646875e-01  1.41884875e-01  1.60145500e-01  4.07032438e-01  6.09473500e-01  1.01646875e-01  6.87124625e-02  4.51593875e-02  1.35355562e+00
  4.63377812e-02  6.87485750e-02  1.00562313e-01  1.39223375e-01  1.57275688e-01  4.00986750e-01  6.04321250e-01  1.00562313e-01  6.87485750e-02  4.63377812e-02  1.28763812e+00
  4.72395125e-02  6.85540437e-02  9.92642312e-02  1.36390937e-01  1.54206063e-01  3.94588188e-01  5.98556125e-01  9.92642312e-02  6.85540437e-02  4.72395125e-02  1.22327250e+00
  4.78858875e-02  6.81487812e-02  9.77748125e-02  1.33407625e-01  1.50960438e-01  3.87868625e-01  5.92212063e-01  9.77748125e-02  6.81487812e-02  4.78858875e-02  1.16066000e+00
  4.82937000e-02  6.75490750e-02  9.61108625e-02  1.30291312e-01  1.47557875e-01  3.80854125e-01  5.85316063e-01  9.61108625e-02  6.75490750e-02  4.82937000e-02  1.10002875e+00
  4.84859625e-02  6.67763187e-02  9.42942687e-02  1.27064125e-01  1.44023375e-01  3.73576750e-01  5.77907125e-01  9.42942687e-02  6.67763187e-02  4.84859625e-02  1.04149937e+00
  0.00000000e+00  0.00000000e+00  5.38906125e-02  1.25493375e-01  1.43960625e-01  4.26115250e-01  5.80994563e-01  5.38906125e-02  0.00000000e+00  0.00000000e+00  1.88923188e+00
  0.00000000e+00  6.36881063e-03  5.87850813e-02  1.27893937e-01  1.46911375e-01  4.29202250e-01  5.90155375e-01  5.87850813e-02  6.36881063e-03  0.00000000e+00  1.91668938e+00
  0.00000000e+00  1.25359313e-02  6.35287438e-02  1.30266250e-01  1.49744688e-01  4.31874125e-01  5.98417938e-01  6.35287438e-02  1.25359313e-02  0.00000000e+00  1.92645938e+00
  0.00000000e+00  1.81138813e-02  6.77219063e-02  1.32186250e-01  1.52047750e-01  4.33756625e-01  6.05484250e-01  6.77219063e-02  1.81138813e-02  0.00000000e+00  1.92476313e+00
  0.00000000e+00  2.31643875e-02  7.14221313e-02  1.33701000e-01  1.53875625e-01  4.34922000e-01  6.11459313e-01  7.14221313e-02  2.31643875e-02  0.00000000e+00  1.91320188e+00
  0.00000000e+00  2.77109000e-02  7.46505625e-02  1.34825625e-01  1.55248188e-01  4.35397250e-01  6.16379187e-01  7.46505625e-02  2.77109000e-02  0.00000000e+00  1.89290813e+00
  0.00000000e+00  3.18023688e-02  7.74527500e-02  1.35597125e-01  1.56208625e-01  4.35245312e-01  6.20334000e-01  7.74527500e-02  3.18023688e-02  0.00000000e+00  1.86540063e+00
  6.93887500e-18  3.47006375e-02  7.93702562e-02  1.35986687e-01  1.56710125e-01  4.34755625e-01  6.22818813e-01  7.93702562e-02  3.47006375e-02  6.93887500e-18  1.84022500e+00
  1.01608437e-03  3.53746313e-02  7.97625375e-02  1.35944500e-01  1.56691000e-01  4.34415438e-01  6.23293750e-01  7.97625375e-02  3.53746313e-02  1.01608437e-03  1.83068000e+00
  6.05694562e-03  3.88233750e-02  8.18825063e-02  1.36024875e-01  1.56861187e-01  4.32953313e-01  6.25550375e-01  8.18825063e-02  3.88233750e-02  6.05694562e-03  1.77866125e+00
  1.07229187e-02  4.19635500e-02  8.37113125e-02  1.35867125e-01  1.56740313e-01  4.30975250e-01  6.26976937e-01  8.37113125e-02  4.19635500e-02  1.07229187e-02  1.72169000e+00
  1.49253687e-02  4.47013937e-02  8.51536875e-02  1.35373313e-01  1.56232375e-01  4.28392188e-01  6.27492563e-01  8.51536875e-02  4.47013937e-02  1.49253687e-02  1.66190625e+00
  1.86857750e-02  4.70556250e-02  8.62289437e-02  1.34559562e-01  1.55359438e-01  4.25232188e-01  6.27127187e-01  8.62289437e-02  4.70556250e-02  1.86857750e-02  1.60006125e+00
  2.20227625e-02  4.90434562e-02  8.69548125e-02  1.33443937e-01  1.54140500e-01  4.21519125e-01  6.25899812e-01  8.69548125e-02  4.90434562e-02  2.20227625e-02  1.53680250e+00
  2.49628437e-02  5.06889125e-02  8.73559062e-02  1.32052188e-01  1.52602563e-01  4.17287187e-01  6.23850438e-01  8.73559062e-02  5.06889125e-02  2.49628437e-02  1.47274125e+00
  2.75334312e-02  5.20169062e-02  8.74576375e-02  1.30407562e-01  1.50772688e-01  4.12574250e-01  6.21017188e-01  8.74576375e-02  5.20169062e-02  2.75334312e-02  1.40841500e+00
  2.97570500e-02  5.30483375e-02  8.72814187e-02  1.28531000e-01  1.48674875e-01  4.07409500e-01  6.17435937e-01  8.72814187e-02  5.30483375e-02  2.97570500e-02  1.34429437e+00
  3.16560812e-02  5.38036187e-02  8.68486437e-02  1.26443500e-01  1.46334063e-01  4.01825750e-01  6.13138813e-01  8.68486437e-02  5.38036187e-02  3.16560812e-02  1.28076875e+00
  3.32520562e-02  5.43028625e-02  8.61799312e-02  1.24166062e-01  1.43771313e-01  3.95853063e-01  6.08160687e-01  8.61799312e-02  5.43028625e-02  3.32520562e-02  1.21819750e+00
  3.45662625e-02  5.45659500e-02  8.52956812e-02  1.21719687e-01  1.41010625e-01  3.89522500e-01  6.02535625e-01  8.52956812e-02  5.45659500e-02  3.45662625e-02  1.15687937e+00
  3.56193187e-02  5.46118125e-02  8.42158875e-02  1.19121437e-01  1.38073000e-01  3.82864063e-01  5.96297688e-01  8.42158875e-02  5.46118125e-02  3.56193187e-02  1.09705437e+00
  3.64312187e-02  5.44593312e-02  8.29596625e-02  1.16392187e-01  1.34980437e-01  3.75908625e-01  5.89482750e-01  8.29596625e-02  5.44593312e-02  3.64312187e-02  1.03895187e+00
  3.70215562e-02  5.41264062e-02  8.15457000e-02  1.13550000e-01  1.31753000e-01  3.68685313e-01  5.82125938e-01  8.15457000e-02  5.41264062e-02  3.70215562e-02  9.82709562e-01
  3.74089375e-02  5.36305437e-02  7.99920875e-02  1.10612875e-01  1.28412500e-01  3.61223063e-01  5.74262125e-01  7.99920875e-02  5.36305437e-02  3.74089375e-02  9.28471812e-01
  3.76084562e-02  5.29861312e-02  7.83139375e-02  1.07594875e-01  1.24975125e-01  3.53547875e-01  5.65919375e-01  7.83139375e-02  5.29861312e-02  3.76084562e-02  8.76364437e-01
  3.76398187e-02  5.22111687e-02  7.65296375e-02  1.04514875e-01  1.21459813e-01  3.45690750e-01  5.57138687e-01  7.65296375e-02  5.22111687e-02  3.76398187e-02  8.26431937e-01
  0.00000000e+00  0.00000000e+00  5.10316000e-02  1.16254437e-01  1.38903125e-01  4.31912875e-01  6.07347375e-01  5.10316000e-02  0.00000000e+00  0.00000000e+00  1.73312938e+00
  0.00000000e+00  5.37102625e-03  5.48451875e-02  1.17575500e-01  1.40527063e-01  4.32752313e-01  6.14086812e-01  5.48451875e-02  5.37102625e-03  0.00000000e+00  1.73840000e+00
  0.00000000e+00  1.05359250e-02  5.85135375e-02  1.18887312e-01  1.42053875e-01  4.33230687e-01  6.19919062e-01  5.85135375e-02  1.05359250e-02  0.00000000e+00  1.72993875e+00
  0.00000000e+00  1.51730625e-02  6.17013937e-02  1.19826062e-01  1.43135438e-01  4.33025938e-01  6.24607125e-01  6.17013937e-02  1.51730625e-02  0.00000000e+00  1.71299750e+00
  0.00000000e+00  1.93402500e-02  6.44616938e-02  1.20435562e-01  1.43820875e-01  4.32206000e-01  6.28252062e-01  6.44616938e-02  1.93402500e-02  0.00000000e+00  1.68888500e+00
  0.00000000e+00  2.30614125e-02  6.68156938e-02  1.20729062e-01  1.44130125e-01  4.30795062e-01  6.30892937e-01  6.68156938e-02  2.30614125e-02  0.00000000e+00  1.65856250e+00
  0.00000000e+00  2.63826062e-02  6.88055125e-02  1.20739500e-01  1.44102312e-01  4.28848125e-01  6.32617688e-01  6.88055125e-02  2.63826062e-02  0.00000000e+00  1.62324875e+00
  0.00000000e+00  2.87185812e-02  7.01322313e-02  1.20583000e-01  1.43882688e-01  4.27026375e-01  6.33409500e-01  7.01322313e-02  2.87185812e-02  0.00000000e+00  1.59328813e+00
  8.33398812e-04  2.92560625e-02  7.03808000e-02  1.20410875e-01  1.43685500e-01  4.26331188e-01  6.33417438e-01  7.03808000e-02  2.92560625e-02  8.33398812e-04  1.58285438e+00
  4.95696437e-03  3.20039437e-02  7.17686125e-02  1.19829250e-01  1.42959563e-01  4.23145188e-01  6.33400187e-01  7.17686125e-02  3.20039437e-02  4.95696437e-03  1.52814438e+00
  8.74906687e-03  3.44809125e-02  7.29093187e-02  1.19061625e-01  1.41999625e-01  4.19512187e-01  6.32578938e-01  7.29093187e-02  3.44809125e-02  8.74906687e-03  1.47034313e+00
  1.21407437e-02  3.66131937e-02  7.37277375e-02  1.18027000e-01  1.40727750e-01  4.15361313e-01  6.30895750e-01  7.37277375e-02  3.66131937e-02  1.21407437e-02  1.41118063e+00
  1.51532937e-02  3.84196000e-02  7.42425812e-02  1.16743375e-01  1.39166750e-01  4.10721500e-01  6.28382562e-01  7.42425812e-02  3.84196000e-02  1.51532937e-02  1.35125500e+00
  1.78049562e-02  3.99167437e-02  7.44712687e-02  1.15226937e-01  1.37334938e-01  4.05617750e-01  6.25062437e-01  7.44712687e-02  3.99167437e-02  1.78049562e-02  1.29105687e+00
  2.01207437e-02  4.11273375e-02  7.44368062e-02  1.13500437e-01  1.35258063e-01  4.00083062e-01  6.20977375e-01  7.44368062e-02  4.11273375e-02  2.01207437e-02  1.23103500e+00
  2.21257687e-02  4.20741875e-02  7.41621062e-02  1.11586000e-01  1.32960313e-01  3.94153437e-01  6.16169375e-01  7.41621062e-02  4.20741875e-02  2.21257687e-02  1.17158812e+00
  2.38409312e-02  4.27764875e-02  7.36670625e-02  1.09499750e-01  1.30463625e-01  3.87858938e-01  6.10674437e-01  7.36670625e-02  4.27764875e-02  2.38409312e-02  1.11302687e+00
  2.52866437e-02  4.32529562e-02  7.29706812e-02  1.07263437e-01  1.27790938e-01  3.81228562e-01  6.04528500e-01  7.29706812e-02  4.32529562e-02  2.52866437e-02  1.05564875e+00
  2.64826937e-02  4.35217812e-02  7.20916625e-02  1.04892312e-01  1.24961375e-01  3.74293187e-01  5.97767687e-01  7.20916625e-02  4.35217812e-02  2.64826937e-02  9.99688250e-01
  2.74479937e-02  4.36004687e-02  7.10480062e-02  1.02405187e-01  1.21995813e-01  3.67081938e-01  5.90427937e-01  7.10480062e-02  4.36004687e-02  2.74479937e-02  9.45346375e-01
  2.82009437e-02  4.35060125e-02  6.98572125e-02  9.98189187e-02  1.18913375e-01  3.59623812e-01  5.82545250e-01  6.98572125e-02  4.35060125e-02  2.82009437e-02  8.92780750e-01
  2.87593312e-02  4.32548187e-02  6.85359812e-02  9.71486375e-02  1.15732000e-01  3.51946688e-01  5.74157562e-01  6.85359812e-02  4.32548187e-02  2.87593312e-02  8.42114937e-01
  2.91400687e-02  4.28625750e-02  6.71003938e-02  9.44100125e-02  1.12470687e-01  3.44079625e-01  5.65300000e-01  6.71003938e-02  4.28625750e-02  2.91400687e-02  7.93440375e-01
  2.93595375e-02  4.23442750e-02  6.55656625e-02  9.16177312e-02  1.09146375e-01  3.36047688e-01  5.56009437e-01  6.55656625e-02  4.23442750e-02  2.93595375e-02  7.46820687e-01
  2.94308500e-02  4.17124125e-02  6.39451750e-02  8.87850000e-02  1.05773125e-01  3.27876750e-01  5.46314938e-01  6.39451750e-02  4.17124125e-02  2.94308500e-02  7.02328687e-01
  2.93706875e-02  4.09820000e-02  6.22537312e-02  8.59255125e-02  1.02368938e-01  3.19593875e-01  5.36258437e-01  6.22537312e-02  4.09820000e-02  2.93706875e-02  6.59956062e-01
  0.00000000e+00  0.00000000e+00  4.79398000e-02  1.06579687e-01  1.33119313e-01  4.34857813e-01  6.32094687e-01  4.79398000e-02  0.00000000e+00  0.00000000e+00  1.57155000e+00
  0.00000000e+00  4.50347438e-03  5.08214063e-02  1.07034375e-01  1.33554688e-01  4.33613938e-01  6.36333875e-01  5.08214063e-02  4.50347438e-03  0.00000000e+00  1.56085438e+00
  0.00000000e+00  8.80607500e-03  5.35732500e-02  1.07502000e-01  1.33931000e-01  4.32078000e-01  6.39680937e-01  5.35732500e-02  8.80607500e-03  0.00000000e+00  1.53976250e+00
  0.00000000e+00  1.26420500e-02  5.59143000e-02  1.07674500e-01  1.33951188e-01  4.29971063e-01  6.41950875e-01  5.59143000e-02  1.26420500e-02  0.00000000e+00  1.51264375e+00
  0.00000000e+00  1.60645000e-02  5.78920750e-02  1.07586937e-01  1.33656250e-01  4.27350125e-01  6.43239750e-01  5.78920750e-02  1.60645000e-02  0.00000000e+00  1.48052750e+00
  0.00000000e+00  1.90965062e-02  5.95267187e-02  1.07252375e-01  1.33065313e-01  4.24238250e-01  6.43584625e-01  5.95267187e-02  1.90965062e-02  0.00000000e+00  1.44422250e+00
  0.00000000e+00  2.17804062e-02  6.08559562e-02  1.06698750e-01  1.32211375e-01  4.20683375e-01  6.43073500e-01  6.08559562e-02  2.17804062e-02  0.00000000e+00  1.40464938e+00
  7.80625312e-17  2.36545437e-02  6.17068437e-02  1.06142312e-01  1.31398625e-01  4.17673750e-01  6.42170375e-01  6.17068437e-02  2.36545437e-02  7.80625312e-17  1.37237625e+00
  6.80637687e-04  2.40810250e-02  6.18414125e-02  1.05879250e-01  1.31054438e-01  4.16662562e-01  6.41710375e-01  6.18414125e-02  2.40810250e-02  6.80637687e-04  1.36167500e+00
  4.03949562e-03  2.62598125e-02  6.26484437e-02  1.04827750e-01  1.29603500e-01  4.11947813e-01  6.39428250e-01  6.26484437e-02  2.62598125e-02  4.03949562e-03  1.30692688e+00
  7.10833625e-03  2.82030250e-02  6.32504000e-02  1.03636187e-01  1.27974500e-01  4.06857063e-01  6.36379187e-01  6.32504000e-02  2.82030250e-02  7.10833625e-03  1.25047750e+00
  9.83392312e-03  2.98531875e-02  6.35876062e-02  1.02239750e-01  1.26106563e-01  4.01333438e-01  6.32522250e-01  6.35876062e-02  2.98531875e-02  9.83392312e-03  1.19373625e+00
  1.22364687e-02  3.12281000e-02  6.36778687e-02  1.00653437e-01  1.24018750e-01  3.95405937e-01  6.27894250e-01  6.36778687e-02  3.12281000e-02  1.22364687e-02  1.13714250e+00
  1.43335437e-02  3.23438750e-02  6.35377000e-02  9.88943750e-02  1.21730000e-01  3.89099437e-01  6.22520375e-01  6.35377000e-02  3.23438750e-02  1.43335437e-02  1.08106562e+00
  1.61480687e-02  3.32211187e-02  6.31878875e-02  9.69805312e-02  1.19263250e-01  3.82446063e-01  6.16444625e-01  6.31878875e-02  3.32211187e-02  1.61480687e-02  1.02584312e+00
  1.77027500e-02  3.38806187e-02  6.26489437e-02  9.49306750e-02  1.16640625e-01  3.75478813e-01  6.09711812e-01  6.26489437e-02  3.38806187e-02  1.77027500e-02  9.71735062e-01
  1.90167812e-02  3.43395875e-02  6.19384750e-02  9.27614750e-02  1.13882000e-01  3.68226687e-01  6.02360125e-01  6.19384750e-02  3.43395875e-02  1.90167812e-02  9.18969000e-01
  2.01085562e-02  3.46150187e-02  6.10735625e-02  9.04886562e-02  1.11004500e-01  3.60719562e-01  5.94426500e-01  6.10735625e-02  3.46150187e-02  2.01085562e-02  8.67737937e-01
  2.09954937e-02  3.47229125e-02  6.00705187e-02  8.81275875e-02  1.08028062e-01  3.52985563e-01  5.85948937e-01  6.00705187e-02  3.47229125e-02  2.09954937e-02  8.18197250e-01
  2.16947750e-02  3.46789500e-02  5.89451312e-02  8.56928875e-02  1.04968688e-01  3.45051563e-01  5.76967375e-01  5.89451312e-02  3.46789500e-02  2.16947750e-02  7.70468375e-01
  2.22224000e-02  3.44978500e-02  5.77124000e-02  8.31985437e-02  1.01844375e-01  3.36944750e-01  5.67516937e-01  5.77124000e-02  3.44978500e-02  2.22224000e-02  7.24642875e-01
  2.25938687e-02  3.41939000e-02  5.63867125e-02  8.06579437e-02  9.86692125e-02  3.28692875e-01  5.57637500e-01  5.63867125e-02  3.41939000e-02  2.25938687e-02  6.80783375e-01
  2.28240687e-02  3.37805812e-02  5.49815687e-02  7.80834937e-02  9.54592000e-02  3.20321125e-01  5.47366062e-01  5.49815687e-02  3.37805812e-02  2.28240687e-02  6.38928437e-01
  2.29268062e-02  3.32706062e-02  5.35098625e-02  7.54871750e-02  9.22279250e-02  3.11853375e-01  5.36739625e-01  5.35098625e-02  3.32706062e-02  2.29268062e-02  5.99093812e-01
  2.29135750e-02  3.26748625e-02  5.19828000e-02  7.28797937e-02  8.89885000e-02  3.03314688e-01  5.25790250e-01  5.19828000e-02  3.26748625e-02  2.29135750e-02  5.61310312e-01
  2.27984625e-02  3.20057500e-02  5.04125625e-02  7.02721437e-02  8.57534062e-02  2.94728000e-01  5.14557875e-01  5.04125625e-02  3.20057500e-02  2.27984625e-02  5.25535687e-01
  0.00000000e+00  0.00000000e+00  4.46710125e-02  9.68184625e-02  1.26536250e-01  4.35172437e-01  6.54738687e-01  4.46710125e-02  0.00000000e+00  0.00000000e+00  1.41141000e+00
  0.00000000e+00  3.76506375e-03  4.67725500e-02  9.66116437e-02  1.25950125e-01  4.32027500e-01  6.56416688e-01  4.67725500e-02  3.76506375e-03  0.00000000e+00  1.39008938e+00
  0.00000000e+00  7.34091125e-03  4.87656000e-02  9.64421500e-02  1.25352063e-01  4.28665625e-01  6.57243625e-01  4.87656000e-02  7.34091125e-03  0.00000000e+00  1.36107563e+00
  0.00000000e+00  1.05083437e-02  5.04141438e-02  9.60455562e-02  1.24485875e-01  4.24844687e-01  6.57072500e-01  5.04141438e-02  1.05083437e-02  0.00000000e+00  1.32795750e+00
  0.00000000e+00  1.33149625e-02  5.17595937e-02  9.54505750e-02  1.23384813e-01  4.20610938e-01  6.55992438e-01  5.17595937e-02  1.33149625e-02  0.00000000e+00  1.29153250e+00
  0.00000000e+00  1.57825937e-02  5.28205687e-02  9.46691312e-02  1.22066688e-01  4.15985188e-01  6.54041437e-01  5.28205687e-02  1.57825937e-02  0.00000000e+00  1.25244000e+00
  0.00000000e+00  1.79494750e-02  5.36297875e-02  9.37227375e-02  1.20556688e-01  4.11007500e-01  6.51302437e-01  5.36297875e-02  1.79494750e-02  0.00000000e+00  1.21136938e+00
  2.60208750e-17  1.94519125e-02  5.41102937e-02  9.28952875e-02  1.19277938e-01  4.06951063e-01  6.48718438e-01  5.41102937e-02  1.94519125e-02  2.60208750e-17  1.17866625e+00
  5.55357625e-04  1.97901000e-02  5.41578687e-02  9.25741062e-02  1.18822750e-01  4.05660937e-01  6.47791500e-01  5.41578687e-02  1.97901000e-02  5.55357625e-04  1.16815813e+00
  3.28902812e-03  2.15159437e-02  5.45212625e-02  9.12180062e-02  1.16816813e-01  3.99609500e-01  6.43271563e-01  5.45212625e-02  2.15159437e-02  3.28902812e-03  1.11528313e+00
  5.77090437e-03  2.30387375e-02  5.47177062e-02  8.97606625e-02  1.14687875e-01  3.93251062e-01  6.38033687e-01  5.47177062e-02  2.30387375e-02  5.77090437e-03  1.06169687e+00
  7.96001812e-03  2.43134062e-02  5.47000250e-02  8.81499000e-02  1.12386000e-01  3.86542750e-01  6.32049937e-01  5.47000250e-02  2.43134062e-02  7.96001812e-03  1.00854812e+00
  9.87520250e-03  2.53567375e-02  5.44845187e-02  8.63998125e-02  1.09929250e-01  3.79510562e-01  6.25360187e-01  5.44845187e-02  2.53567375e-02  9.87520250e-03  9.56147437e-01
  1.15328750e-02  2.61835437e-02  5.40863812e-02  8.45243062e-02  1.07333563e-01  3.72179437e-01  6.17993563e-01  5.40863812e-02  2.61835437e-02  1.15328750e-02  9.04785812e-01
  1.29535625e-02  2.68125250e-02  5.35239250e-02  8.25397687e-02  1.04619000e-01  3.64581437e-01  6.09995937e-01  5.35239250e-02  2.68125250e-02  1.29535625e-02  8.54689312e-01
  1.41579000e-02  2.72621687e-02  5.28152375e-02  8.04620062e-02  1.01805437e-01  3.56746500e-01  6.01412438e-01  5.28152375e-02  2.72621687e-02  1.41579000e-02  8.06034187e-01
  1.51629937e-02  2.75479812e-02  5.19758062e-02  7.83050000e-02  9.89083000e-02  3.48702625e-01  5.92284937e-01  5.19758062e-02  2.75479812e-02  1.51629937e-02  7.58975625e-01
  1.59850500e-02  2.76849437e-02  5.10204437e-02  7.60821562e-02  9.59442250e-02  3.40477812e-01  5.82650500e-01  5.10204437e-02  2.76849437e-02  1.59850500e-02  7.13636000e-01
  1.66398437e-02  2.76872625e-02  4.99633375e-02  7.38063687e-02  9.29285063e-02  3.32098062e-01  5.72551125e-01  4.99633375e-02  2.76872625e-02  1.66398437e-02  6.70107875e-01
  1.71420937e-02  2.75684375e-02  4.88179750e-02  7.14897312e-02  8.98755500e-02  3.23589375e-01  5.62024750e-01  4.88179750e-02  2.75684375e-02  1.71420937e-02  6.28458687e-01
  1.75060812e-02  2.73415437e-02  4.75971625e-02  6.91439312e-02  8.67991375e-02  3.14977687e-01  5.51111438e-01  4.75971625e-02  2.73415437e-02  1.75060812e-02  5.88731062e-01
  1.77451062e-02  2.70185937e-02  4.63129875e-02  6.67796687e-02  8.37119813e-02  3.06287125e-01  5.39850063e-01  4.63129875e-02  2.70185937e-02  1.77451062e-02  5.50945687e-01
  1.78719562e-02  2.66112750e-02  4.49767375e-02  6.44070375e-02  8.06259625e-02  2.97541500e-01  5.28277812e-01  4.49767375e-02  2.66112750e-02  1.78719562e-02  5.15102312e-01
  1.78984375e-02  2.61303750e-02  4.35989312e-02  6.20356250e-02  7.75522875e-02  2.88763938e-01  5.16433500e-01  4.35989312e-02  2.61303750e-02  1.78984375e-02  4.81184812e-01
  1.78344437e-02  2.55850062e-02  4.21891375e-02  5.96743312e-02  7.45016375e-02  2.79975437e-01  5.04350187e-01  4.21891375e-02  2.55850062e-02  1.78344437e-02  4.49195937e-01
  1.76917562e-02  2.49856437e-02  4.07570625e-02  5.73311562e-02  7.14833125e-02  2.71199812e-01  4.92067875e-01  4.07570625e-02  2.49856437e-02  1.76917562e-02  4.19069625e-01
  0.00000000e+00  0.00000000e+00  4.12289563e-02  8.70985187e-02  1.19045813e-01  4.33039312e-01  6.75147312e-01  4.12289563e-02  0.00000000e+00  0.00000000e+00  1.25576438e+00
  0.00000000e+00  3.14097875e-03  4.26897375e-02  8.64134562e-02  1.17608375e-01  4.28153500e-01  6.74181250e-01  4.26897375e-02  3.14097875e-03  0.00000000e+00  1.22820625e+00
  0.00000000e+00  6.10802250e-03  4.40659062e-02  8.57865875e-02  1.16211000e-01  4.23134687e-01  6.72430250e-01  4.40659062e-02  6.10802250e-03  0.00000000e+00  1.19502813e+00
  0.00000000e+00  8.72036187e-03  4.51587375e-02  8.49915812e-02  1.14629688e-01  4.17765063e-01  6.69773250e-01  4.51587375e-02  8.72036187e-03  0.00000000e+00  1.15919500e+00
  0.00000000e+00  1.10203312e-02  4.60034375e-02  8.40510437e-02  1.12892438e-01  4.12083500e-01  6.66293250e-01  4.60034375e-02  1.10203312e-02  0.00000000e+00  1.12127625e+00
  0.00000000e+00  1.30279500e-02  4.66167125e-02  8.29747812e-02  1.11010313e-01  4.06106000e-01  6.62028312e-01  4.66167125e-02  1.30279500e-02  0.00000000e+00  1.08178938e+00
  0.00000000e+00  1.47771562e-02  4.70260687e-02  8.17793937e-02  1.09004250e-01  3.99863750e-01  6.57053438e-01  4.70260687e-02  1.47771562e-02  0.00000000e+00  1.04125375e+00
  2.60208750e-17  1.59815375e-02  4.72257187e-02  8.07863437e-02  1.07381562e-01  3.94882500e-01  6.52787625e-01  4.72257187e-02  1.59815375e-02  2.60208750e-17  1.00946187e+00
  4.52964812e-04  1.62496437e-02  4.72090125e-02  8.04340937e-02  1.06845375e-01  3.93346500e-01  6.51394687e-01  4.72090125e-02  1.62496437e-02  4.52964812e-04  9.99459812e-01
  2.67720062e-03  1.76167687e-02  4.72436000e-02  7.89062562e-02  1.04444438e-01  3.86122375e-01  6.44649000e-01  4.72436000e-02  1.76167687e-02  2.67720062e-03  9.49738500e-01
  4.68427062e-03  1.88096687e-02  4.71453562e-02  7.73099875e-02  1.01970563e-01  3.78661313e-01  6.37245375e-01  4.71453562e-02  1.88096687e-02  4.68427062e-03  8.99983375e-01
  6.44270687e-03  1.97934500e-02  4.68767000e-02  7.56025937e-02  9.93833562e-02  3.70928375e-01  6.29169750e-01  4.68767000e-02  1.97934500e-02  6.44270687e-03  8.51115062e-01
  7.96974875e-03  2.05833062e-02  4.64522250e-02  7.37961875e-02  9.66980063e-02  3.62949500e-01  6.20462187e-01  4.64522250e-02  2.05833062e-02  7.96974875e-03  8.03371437e-01
  9.28038312e-03  2.11929375e-02  4.58856187e-02  7.19030500e-02  9.39293438e-02  3.54749750e-01  6.11154813e-01  4.58856187e-02  2.11929375e-02  9.28038312e-03  7.56960500e-01
  1.03930562e-02  2.16389375e-02  4.51927937e-02  6.99368812e-02  9.10937625e-02  3.46358000e-01  6.01296375e-01  4.51927937e-02  2.16389375e-02  1.03930562e-02  7.12041500e-01
  1.13259625e-02  2.19375062e-02  4.43892312e-02  6.79109750e-02  8.82066625e-02  3.37802375e-01  5.90933000e-01  4.43892312e-02  2.19375062e-02  1.13259625e-02  6.68727625e-01
  1.20943187e-02  2.21026250e-02  4.34885250e-02  6.58370187e-02  8.52820250e-02  3.29110750e-01  5.80106625e-01  4.34885250e-02  2.21026250e-02  1.20943187e-02  6.27120125e-01
  1.27124312e-02  2.21472937e-02  4.25031750e-02  6.37262125e-02  8.23328563e-02  3.20307187e-01  5.68857375e-01  4.25031750e-02  2.21472937e-02  1.27124312e-02  5.87292562e-01
  1.31941875e-02  2.20840062e-02  4.14454625e-02  6.15890500e-02  7.93717437e-02  3.11416687e-01  5.57228125e-01  4.14454625e-02  2.20840062e-02  1.31941875e-02  5.49293625e-01
  1.35522875e-02  2.19244625e-02  4.03265937e-02  5.94357187e-02  7.64102750e-02  3.02465188e-01  5.45258812e-01  4.03265937e-02  2.19244625e-02  1.35522875e-02  5.13153750e-01
  1.37992125e-02  2.16797500e-02  3.91573625e-02  5.72754125e-02  7.34591562e-02  2.93473750e-01  5.32988563e-01  3.91573625e-02  2.16797500e-02  1.37992125e-02  4.78879875e-01
  1.39463750e-02  2.13604625e-02  3.79478562e-02  5.51168312e-02  7.05284750e-02  2.84467250e-01  5.20457312e-01  3.79478562e-02  2.13604625e-02  1.39463750e-02  4.46464562e-01
  1.40046562e-02  2.09762875e-02  3.67071750e-02  5.29680562e-02  6.76273313e-02  2.75465813e-01  5.07704000e-01  3.67071750e-02  2.09762875e-02  1.40046562e-02  4.15881875e-01
  1.39841562e-02  2.05363375e-02  3.54441062e-02  5.08364937e-02  6.47641125e-02  2.66490312e-01  4.94765687e-01  3.54441062e-02  2.05363375e-02  1.39841562e-02  3.87095625e-01
  1.38931812e-02  2.00484937e-02  3.41664500e-02  4.87292437e-02  6.19473125e-02  2.57561875e-01  4.81676437e-01  3.41664500e-02  2.00484937e-02  1.38931812e-02  3.60087625e-01
  1.37416125e-02  1.95210625e-02  3.28817000e-02  4.66522937e-02  5.91831438e-02  2.48699312e-01  4.68475125e-01  3.28817000e-02  1.95210625e-02  1.37416125e-02  3.34779062e-01
  0.00000000e+00  0.00000000e+00  3.77037250e-02  7.77974687e-02  1.10720938e-01  4.28878000e-01  6.92856688e-01  3.77037250e-02  0.00000000e+00  0.00000000e+00  1.11093250e+00
  0.00000000e+00  2.61780625e-03  3.86509625e-02  7.67821625e-02  1.08616313e-01  4.22407438e-01  6.89189750e-01  3.86509625e-02  2.61780625e-03  0.00000000e+00  1.08013438e+00
  0.00000000e+00  5.07727625e-03  3.95361500e-02  7.58405875e-02  1.06601875e-01  4.15889938e-01  6.84828687e-01  3.95361500e-02  5.07727625e-03  0.00000000e+00  1.04527500e+00
  0.00000000e+00  7.22950812e-03  4.01916500e-02  7.47789250e-02  1.04482500e-01  4.09126625e-01  6.79665812e-01  4.01916500e-02  7.22950812e-03  0.00000000e+00  1.00875125e+00
  0.00000000e+00  9.11194687e-03  4.06469687e-02  7.36144687e-02  1.02275188e-01  4.02146437e-01  6.73778937e-01  4.06469687e-02  9.11194687e-03  0.00000000e+00  9.71019062e-01
  0.00000000e+00  1.07426125e-02  4.09165875e-02  7.23551125e-02  9.99894062e-02  3.94963312e-01  6.67203187e-01  4.09165875e-02  1.07426125e-02  0.00000000e+00  9.32475187e-01
  0.00000000e+00  1.21519750e-02  4.10238125e-02  7.10134437e-02  9.76384063e-02  3.87601375e-01  6.60009500e-01  4.10238125e-02  1.21519750e-02  0.00000000e+00  8.93521375e-01
  0.00000000e+00  1.31150187e-02  4.10139312e-02  6.99288000e-02  9.57840000e-02  3.81803438e-01  6.54082750e-01  4.10139312e-02  1.31150187e-02  0.00000000e+00  8.63296062e-01
  3.68904937e-04  1.33268375e-02  4.09507437e-02  6.95637812e-02  9.51976313e-02  3.80051437e-01  6.52227875e-01  4.09507437e-02  1.33268375e-02  3.68904937e-04  8.53938937e-01
  2.17581312e-03  1.44060625e-02  4.07462312e-02  6.79553812e-02  9.25455000e-02  3.71799687e-01  6.43295375e-01  4.07462312e-02  1.44060625e-02  2.17581312e-03  8.07839875e-01
  3.79595687e-03  1.53362625e-02  4.04382062e-02  6.63043625e-02  8.98656688e-02  3.63380000e-01  6.33779812e-01  4.04382062e-02  1.53362625e-02  3.79595687e-03  7.62161312e-01
  5.20539687e-03  1.60904500e-02  3.99967625e-02  6.45761187e-02  8.71241313e-02  3.54765312e-01  6.23673437e-01  3.99967625e-02  1.60904500e-02  5.20539687e-03  7.17650937e-01
  6.41978812e-03  1.66825062e-02  3.94347000e-02  6.27810437e-02  8.43329938e-02  3.45978750e-01  6.13020062e-01  3.94347000e-02  1.66825062e-02  6.41978812e-03  6.74482687e-01
  7.45275250e-03  1.71247500e-02  3.87642062e-02  6.09296375e-02  8.15049438e-02  3.37045250e-01  6.01854750e-01  3.87642062e-02  1.71247500e-02  7.45275250e-03  6.32816812e-01
  8.32071562e-03  1.74320500e-02  3.79989750e-02  5.90334937e-02  7.86531750e-02  3.27991812e-01  5.90227437e-01  3.79989750e-02  1.74320500e-02  8.32071562e-03  5.92760437e-01
  9.03971625e-03  1.76188000e-02  3.71522125e-02  5.71035000e-02  7.57897687e-02  3.18845438e-01  5.78183187e-01  3.71522125e-02  1.76188000e-02  9.03971625e-03  5.54382000e-01
  9.62315000e-03  1.76970000e-02  3.62354937e-02  5.51495375e-02  7.29257375e-02  3.09631000e-01  5.65766937e-01  3.62354937e-02  1.76970000e-02  9.62315000e-03  5.17743000e-01
  1.00837000e-02  1.76782375e-02  3.52595125e-02  5.31806187e-02  7.00715500e-02  3.00370625e-01  5.53020687e-01  3.52595125e-02  1.76782375e-02  1.00837000e-02  4.82882062e-01
  1.04333000e-02  1.75733125e-02  3.42344750e-02  5.12056187e-02  6.72367187e-02  2.91089250e-01  5.39984500e-01  3.42344750e-02  1.75733125e-02  1.04333000e-02  4.49815937e-01
  1.06833250e-02  1.73923187e-02  3.31698625e-02  4.92325437e-02  6.44302250e-02  2.81807875e-01  5.26701250e-01  3.31698625e-02  1.73923187e-02  1.06833250e-02  4.18547250e-01
  1.08440875e-02  1.71449375e-02  3.20745750e-02  4.72688812e-02  6.16601750e-02  2.72549437e-01  5.13210000e-01  3.20745750e-02  1.71449375e-02  1.08440875e-02  3.89058000e-01
  1.09256625e-02  1.68398812e-02  3.09567062e-02  4.53215250e-02  5.89340437e-02  2.63333063e-01  4.99550750e-01  3.09567062e-02  1.68398812e-02  1.09256625e-02  3.61320062e-01
  1.09372562e-02  1.64855312e-02  2.98239437e-02  4.33966750e-02  5.62583438e-02  2.54178625e-01  4.85760437e-01  2.98239437e-02  1.64855312e-02  1.09372562e-02  3.35290250e-01
  1.08872750e-02  1.60894875e-02  2.86829937e-02  4.15000250e-02  5.36389625e-02  2.45104188e-01  4.71877125e-01  2.86829937e-02  1.60894875e-02  1.08872750e-02  3.10917687e-01
  1.07829875e-02  1.56583500e-02  2.75403437e-02  3.96372687e-02  5.10823000e-02  2.36129687e-01  4.57934813e-01  2.75403437e-02  1.56583500e-02  1.07829875e-02  2.88169250e-01
  1.06323187e-02  1.51991125e-02  2.64017000e-02  3.78126062e-02  4.85922500e-02  2.27269187e-01  4.43970437e-01  2.64017000e-02  1.51991125e-02  1.06323187e-02  2.66959062e-01
  0.00000000e+00  0.00000000e+00  3.41435188e-02  6.90370625e-02  1.01680813e-01  4.22826812e-01  7.07547812e-01  3.41435188e-02  0.00000000e+00  0.00000000e+00  9.78497250e-01
  0.00000000e+00  2.18537375e-03  3.46936125e-02  6.78155812e-02  9.90937625e-02  4.14915625e-01  7.01135938e-01  3.46936125e-02  2.18537375e-03  0.00000000e+00  9.46789687e-01
  0.00000000e+00  4.22766562e-03  3.52020062e-02  6.66783687e-02  9.66443250e-02  4.07044500e-01  6.94142000e-01  3.52020062e-02  4.22766562e-03  0.00000000e+00  9.12094375e-01
  0.00000000e+00  6.00403437e-03  3.55266437e-02  6.54589875e-02  9.41562625e-02  3.99028625e-01  6.86466250e-01  3.55266437e-02  6.00403437e-03  0.00000000e+00  8.76403687e-01
  0.00000000e+00  7.54747687e-03  3.56920250e-02  6.41705375e-02  9.16403688e-02  3.90889750e-01  6.78178562e-01  3.56920250e-02  7.54747687e-03  0.00000000e+00  8.40060875e-01
  0.00000000e+00  8.87436375e-03  3.57105312e-02  6.28192937e-02  8.91028250e-02  3.82637000e-01  6.69312937e-01  3.57105312e-02  8.87436375e-03  0.00000000e+00  8.03400375e-01
  0.00000000e+00  1.00115475e-02  3.56015437e-02  6.14145500e-02  8.65504125e-02  3.74287437e-01  6.59933312e-01  3.56015437e-02  1.00115475e-02  0.00000000e+00  7.66735875e-01
  3.46945000e-18  1.07826562e-02  3.54447375e-02  6.02980875e-02  8.45693937e-02  3.67775688e-01  6.52377688e-01  3.54447375e-02  1.07826562e-02  3.46945000e-18  7.38503437e-01
  3.00979875e-04  1.09501062e-02  3.53507750e-02  5.99349000e-02  8.39603438e-02  3.65834812e-01  6.50071812e-01  3.53507750e-02  1.09501062e-02  3.00979875e-04  7.29865937e-01
  1.77150312e-03  1.18026187e-02  3.49853625e-02  5.83182250e-02  8.11918250e-02  3.56692375e-01  6.39010500e-01  3.49853625e-02  1.18026187e-02  1.77150312e-03  6.87614500e-01
  3.08165187e-03  1.25278250e-02  3.45410437e-02  5.66793250e-02  7.84336063e-02  3.47451937e-01  6.27454125e-01  3.45410437e-02  1.25278250e-02  3.08165187e-03  6.46067625e-01
  4.21333875e-03  1.31051000e-02  3.39939937e-02  5.49895937e-02  7.56562875e-02  3.38088562e-01  6.15401750e-01  3.39939937e-02  1.31051000e-02  4.21333875e-03  6.05836250e-01
  5.18069437e-03  1.35467500e-02  3.33553250e-02  5.32579250e-02  7.28694562e-02  3.28627250e-01  6.02896500e-01  3.33553250e-02  1.35467500e-02  5.18069437e-03  5.67055500e-01
  5.99602062e-03  1.38641625e-02  3.26355250e-02  5.14934125e-02  7.00834062e-02  3.19089937e-01  5.89977250e-01  3.26355250e-02  1.38641625e-02  5.99602062e-03  5.29848687e-01
  6.67388812e-03  1.40703312e-02  3.18465750e-02  4.97057375e-02  6.73080375e-02  3.09502625e-01  5.76693000e-01  3.18465750e-02  1.40703312e-02  6.67388812e-03  4.94287187e-01
  7.22837875e-03  1.41778375e-02  3.09994750e-02  4.79038000e-02  6.45524188e-02  2.99889375e-01  5.63090812e-01  3.09994750e-02  1.41778375e-02  7.22837875e-03  4.60408625e-01
  7.67130375e-03  1.41972937e-02  3.01040062e-02  4.60955937e-02  6.18248625e-02  2.90272125e-01  5.49214563e-01  3.01040062e-02  1.41972937e-02  7.67130375e-03  4.28247562e-01
  8.01373687e-03  1.41387750e-02  2.91691687e-02  4.42888062e-02  5.91330563e-02  2.80674750e-01  5.35106375e-01  2.91691687e-02  1.41387750e-02  8.01373687e-03  3.97814937e-01
  8.26609187e-03  1.40117687e-02  2.82033625e-02  4.24903312e-02  5.64841813e-02  2.71116437e-01  5.20807125e-01  2.82033625e-02  1.40117687e-02  8.26609187e-03  3.69107437e-01
  8.43808187e-03  1.38247937e-02  2.72144750e-02  4.07066687e-02  5.38846375e-02  2.61618063e-01  5.06359813e-01  2.72144750e-02  1.38247937e-02  8.43808187e-03  3.42106000e-01
  8.53877250e-03  1.35861250e-02  2.62097000e-02  3.89437062e-02  5.13400250e-02  2.52198750e-01  4.91801563e-01  2.62097000e-02  1.35861250e-02  8.53877250e-03  3.16776625e-01
  8.57658875e-03  1.33032687e-02  2.51956375e-02  3.72068437e-02  4.88554375e-02  2.42876312e-01  4.77171250e-01  2.51956375e-02  1.33032687e-02  8.57658875e-03  2.93076250e-01
  8.55932750e-03  1.29832125e-02  2.41782750e-02  3.55007812e-02  4.64353625e-02  2.33668875e-01  4.62505937e-01  2.41782750e-02  1.29832125e-02  8.55932750e-03  2.70949875e-01
  8.49419312e-03  1.26323562e-02  2.31630187e-02  3.38298062e-02  4.40834062e-02  2.24591375e-01  4.47840563e-01  2.31630187e-02  1.26323562e-02  8.49419312e-03  2.50336500e-01
  8.38715437e-03  1.22560000e-02  2.21550562e-02  3.21983187e-02  4.18040562e-02  2.15660875e-01  4.33211187e-01  2.21550562e-02  1.22560000e-02  8.38715437e-03  2.31193312e-01
  8.24487750e-03  1.18600375e-02  2.11585937e-02  3.06092187e-02  3.95992125e-02  2.06891250e-01  4.18650687e-01  2.11585937e-02  1.18600375e-02  8.24487750e-03  2.13431250e-01
  0.00000000e+00  0.00000000e+00  3.06129437e-02  6.09584312e-02  9.21064875e-02  4.15179125e-01  7.18959500e-01  3.06129437e-02  0.00000000e+00  0.00000000e+00  8.60162687e-01
  0.00000000e+00  1.82489875e-03  3.08612750e-02  5.96158187e-02  8.92141563e-02  4.05943375e-01  7.09770688e-01  3.08612750e-02  1.82489875e-03  0.00000000e+00  8.28787750e-01
  0.00000000e+00  3.52050375e-03  3.10849312e-02  5.83635937e-02  8.64965813e-02  3.96837687e-01  7.00134937e-01  3.10849312e-02  3.52050375e-03  0.00000000e+00  7.95167562e-01
  0.00000000e+00  4.98564500e-03  3.11631500e-02  5.70587250e-02  8.37958125e-02  3.87687125e-01  6.89955312e-01  3.11631500e-02  4.98564500e-03  0.00000000e+00  7.60976250e-01
  0.00000000e+00  6.24955000e-03  3.11162187e-02  5.57112687e-02  8.11163188e-02  3.78503625e-01  6.79291688e-01  3.11162187e-02  6.24955000e-03  0.00000000e+00  7.26498437e-01
  0.00000000e+00  7.32707437e-03  3.09547187e-02  5.43260312e-02  7.84610875e-02  3.69295250e-01  6.68174188e-01  3.09547187e-02  7.32707437e-03  0.00000000e+00  6.92029437e-01
  0.00000000e+00  8.24203000e-03  3.06946312e-02  5.29097875e-02  7.58314938e-02  3.60071875e-01  6.56658750e-01  3.06946312e-02  8.24203000e-03  0.00000000e+00  6.57828250e-01
  4.33680625e-18  8.85716937e-03  3.04378937e-02  5.17976062e-02  7.38141625e-02  3.52931375e-01  6.47521187e-01  3.04378937e-02  8.85716937e-03  4.33680625e-18  6.31648125e-01
  2.45165437e-04  8.98885937e-03  3.03246562e-02  5.14447312e-02  7.32060313e-02  3.50824562e-01  6.44778375e-01  3.03246562e-02  8.98885937e-03  2.45165437e-04  6.23718687e-01
  1.43979250e-03  9.65862625e-03  2.98557375e-02  4.98623562e-02  7.04340375e-02  3.40910313e-01  6.31669062e-01  2.98557375e-02  9.65862625e-03  1.43979250e-03  5.85164375e-01
  2.49689437e-03  1.02199812e-02  2.93284062e-02  4.82735375e-02  6.77024313e-02  3.30965125e-01  6.18164812e-01  2.93284062e-02  1.02199812e-02  2.49689437e-03  5.47503875e-01
  3.40305000e-03  1.06570375e-02  2.87235437e-02  4.66548812e-02  6.49855250e-02  3.20970875e-01  6.04269562e-01  2.87235437e-02  1.06570375e-02  3.40305000e-03  5.11243250e-01
  4.17100687e-03  1.09810500e-02  2.80507437e-02  4.50138687e-02  6.22904000e-02  3.10948687e-01  5.90028250e-01  2.80507437e-02  1.09810500e-02  4.17100687e-03  4.76486875e-01
  4.81182812e-03  1.12023125e-02  2.73192000e-02  4.33583000e-02  5.96250375e-02  3.00921500e-01  5.75480063e-01  2.73192000e-02  1.12023125e-02  4.81182812e-03  4.43330312e-01
  5.33843187e-03  1.13322250e-02  2.65390000e-02  4.16962625e-02  5.69964438e-02  2.90912312e-01  5.60673813e-01  2.65390000e-02  1.13322250e-02  5.33843187e-03  4.11821000e-01
  5.76316125e-03  1.13817687e-02  2.57193312e-02  4.00348500e-02  5.44109063e-02  2.80942063e-01  5.45655625e-01  2.57193312e-02  1.13817687e-02  5.76316125e-03  3.81971750e-01
  6.09638625e-03  1.13603437e-02  2.48683000e-02  3.83807500e-02  5.18743125e-02  2.71031813e-01  5.30469312e-01  2.48683000e-02  1.13603437e-02  6.09638625e-03  3.53792437e-01
  6.34776250e-03  1.12767312e-02  2.39934812e-02  3.67400625e-02  4.93921500e-02  2.61201438e-01  5.15156063e-01  2.39934812e-02  1.12767312e-02  6.34776250e-03  3.27277000e-01
  6.52631312e-03  1.11388437e-02  2.31017812e-02  3.51183750e-02  4.69690250e-02  2.51469125e-01  4.99755750e-01  2.31017812e-02  1.11388437e-02  6.52631312e-03  3.02403250e-01
  6.64040187e-03  1.09542625e-02  2.21994937e-02  3.35206937e-02  4.46093187e-02  2.41853687e-01  4.84308437e-01  2.21994937e-02  1.09542625e-02  6.64040187e-03  2.79136312e-01
  6.69778500e-03  1.07299812e-02  2.12925125e-02  3.19516062e-02  4.23165312e-02  2.32370313e-01  4.68853062e-01  2.12925125e-02  1.07299812e-02  6.69778500e-03  2.57429187e-01
  6.70559875e-03  1.04722062e-02  2.03859375e-02  3.04152062e-02  4.00938562e-02  2.23036750e-01  4.53423750e-01  2.03859375e-02  1.04722062e-02  6.70559875e-03  2.37226000e-01
  6.67041937e-03  1.01868250e-02  1.94845562e-02  2.89150000e-02  3.79436000e-02  2.13865188e-01  4.38057312e-01  1.94845562e-02  1.01868250e-02  6.67041937e-03  2.18464687e-01
  6.59827375e-03  9.87913437e-03  1.85925687e-02  2.74539812e-02  3.58677562e-02  2.04869625e-01  4.22786750e-01  1.85925687e-02  9.87913437e-03  6.59827375e-03  2.01077375e-01
  6.49416000e-03  9.55361687e-03  1.77137875e-02  2.60355437e-02  3.38692125e-02  1.96066000e-01  4.07644312e-01  1.77137875e-02  9.55361687e-03  6.49416000e-03  1.85013250e-01
  6.36353625e-03  9.21490187e-03  1.68514875e-02  2.46614875e-02  3.19481687e-02  1.87463250e-01  3.92659750e-01  1.68514875e-02  9.21490187e-03  6.36353625e-03  1.70182312e-01
  0.00000000e+00  0.00000000e+00  2.71680000e-02  5.35888750e-02  8.22512125e-02  4.06019063e-01  7.26764687e-01  2.71680000e-02  0.00000000e+00  0.00000000e+00  7.55936687e-01
  0.00000000e+00  1.52614250e-03  2.71969250e-02  5.21896562e-02  7.92152000e-02  3.95566687e-01  7.14799000e-01  2.71969250e-02  1.52614250e-03  0.00000000e+00  7.25623812e-01
  0.00000000e+00  2.93540375e-03  2.72146812e-02  5.08837375e-02  7.63811688e-02  3.85336375e-01  7.02546375e-01  2.72146812e-02  2.93540375e-03  0.00000000e+00  6.93573125e-01
  0.00000000e+00  4.14454500e-03  2.71183125e-02  4.95481687e-02  7.36068375e-02  3.75161125e-01  6.89902812e-01  2.71183125e-02  4.14454500e-03  0.00000000e+00  6.61216375e-01
  0.00000000e+00  5.17956812e-03  2.69247875e-02  4.81905125e-02  7.08914875e-02  3.65043937e-01  6.76916312e-01  2.69247875e-02  5.17956812e-03  0.00000000e+00  6.28811312e-01
  0.00000000e+00  6.05406687e-03  2.66431875e-02  4.68145625e-02  6.82353875e-02  3.54989750e-01  6.63615937e-01  2.66431875e-02  6.05406687e-03  0.00000000e+00  5.96632375e-01
  0.00000000e+00  6.78924937e-03  2.62865000e-02  4.54252062e-02  6.56356250e-02  3.45000562e-01  6.50047563e-01  2.62865000e-02  6.78924937e-03  0.00000000e+00  5.64904062e-01
  8.58687813e-17  7.27892062e-03  2.59688312e-02  4.43441750e-02  6.36589875e-02  3.37316187e-01  6.39399063e-01  2.59688312e-02  7.27892062e-03  8.58687813e-17  5.40738312e-01
  1.99681875e-04  7.38207562e-03  2.58459000e-02  4.40075187e-02  6.30714875e-02  3.35068375e-01  6.36241188e-01  2.58459000e-02  7.38207562e-03  1.99681875e-04  5.33482437e-01
  1.16998062e-03  7.90628687e-03  2.53208687e-02  4.24904000e-02  6.03907125e-02  3.24495312e-01  6.21194937e-01  2.53208687e-02  7.90628687e-03  1.16998062e-03  4.98391875e-01
  2.02248750e-03  8.33825062e-03  2.47541062e-02  4.09791312e-02  5.77725188e-02  3.13962187e-01  6.05867687e-01  2.47541062e-02  8.33825062e-03  2.02248750e-03  4.64324375e-01
  2.74743812e-03  8.66608562e-03  2.41302062e-02  3.94544062e-02  5.51942125e-02  3.03452063e-01  5.90265438e-01  2.41302062e-02  8.66608562e-03  2.74743812e-03  4.31700375e-01
  3.35630187e-03  8.89995250e-03  2.34574500e-02  3.79225250e-02  5.26605687e-02  2.92984875e-01  5.74431250e-01  2.34574500e-02  8.89995250e-03  3.35630187e-03  4.00600437e-01
  3.85904875e-03  9.04894937e-03  2.27437437e-02  3.63903625e-02  5.01772937e-02  2.82580750e-01  5.58407937e-01  2.27437437e-02  9.04894937e-03  3.85904875e-03  3.71099312e-01
  4.26706062e-03  9.12324000e-03  2.19974687e-02  3.48642312e-02  4.77491625e-02  2.72261438e-01  5.42240625e-01  2.19974687e-02  9.12324000e-03  4.26706062e-03  3.43222750e-01
  4.59115750e-03  9.13245437e-03  2.12262250e-02  3.33501062e-02  4.53798812e-02  2.62044188e-01  5.25973438e-01  2.12262250e-02  9.13245437e-03  4.59115750e-03  3.16962687e-01
  4.84039375e-03  9.08469812e-03  2.04368875e-02  3.18531875e-02  4.30734313e-02  2.51947812e-01  5.09650063e-01  2.04368875e-02  9.08469812e-03  4.84039375e-03  2.92313000e-01
  5.02317312e-03  8.98751375e-03  1.96354750e-02  3.03783687e-02  4.08331063e-02  2.41989438e-01  4.93307688e-01  1.96354750e-02  8.98751375e-03  5.02317312e-03  2.69248937e-01
  5.14728937e-03  8.84784687e-03  1.88276687e-02  2.89298562e-02  3.86616062e-02  2.32185938e-01  4.76986375e-01  1.88276687e-02  8.84784687e-03  5.14728937e-03  2.47735312e-01
  5.21988937e-03  8.67207375e-03  1.80184625e-02  2.75117250e-02  3.65614250e-02  2.22551438e-01  4.60723938e-01  1.80184625e-02  8.67207375e-03  5.21988937e-03  2.27723375e-01
  5.24758750e-03  8.46603125e-03  1.72125562e-02  2.61272937e-02  3.45344562e-02  2.13099875e-01  4.44555437e-01  1.72125562e-02  8.46603125e-03  5.24758750e-03  2.09156187e-01
  5.23640187e-03  8.23504562e-03  1.64138562e-02  2.47795375e-02  3.25820875e-02  2.03845188e-01  4.28512937e-01  1.64138562e-02  8.23504562e-03  5.23640187e-03  1.91969875e-01
  5.19184062e-03  7.98392562e-03  1.56260437e-02  2.34708750e-02  3.07051437e-02  1.94797500e-01  4.12630375e-01  1.56260437e-02  7.98392562e-03  5.19184062e-03  1.76096437e-01
  5.11892000e-03  7.71700937e-03  1.48522312e-02  2.22033000e-02  2.89043875e-02  1.85967750e-01  3.96935812e-01  1.48522312e-02  7.71700937e-03  5.11892000e-03  1.61461125e-01
  5.02179812e-03  7.43803437e-03  1.40953062e-02  2.09794062e-02  2.71810437e-02  1.77369000e-01  3.81462125e-01  1.40953062e-02  7.43803437e-03  5.02179812e-03  1.48011000e-01
  4.90491500e-03  7.15068125e-03  1.33576750e-02  1.97998937e-02  2.55342000e-02  1.69007063e-01  3.66232500e-01  1.33576750e-02  7.15068125e-03  4.90491500e-03  1.35655125e-01
  0.00000000e+00  0.00000000e+00  2.38601813e-02  4.69251812e-02  7.23756188e-02  3.95426625e-01  7.30709187e-01  2.38601813e-02  0.00000000e+00  0.00000000e+00  6.65319812e-01
  0.00000000e+00  1.27763312e-03  2.37368375e-02  4.55141750e-02  6.93361875e-02  3.83857625e-01  7.16000688e-01  2.37368375e-02  1.27763312e-03  0.00000000e+00  6.36313625e-01
  0.00000000e+00  2.44943625e-03  2.36124250e-02  4.41972625e-02  6.65150250e-02  3.72607562e-01  7.01188125e-01  2.36124250e-02  2.44943625e-03  0.00000000e+00  6.05934812e-01
  0.00000000e+00  3.44712062e-03  2.33992750e-02  4.28686875e-02  6.37840688e-02  3.61512500e-01  6.86153687e-01  2.33992750e-02  3.44712062e-03  0.00000000e+00  5.75432562e-01
  0.00000000e+00  4.29396687e-03  2.31113625e-02  4.15340125e-02  6.11386750e-02  3.50566437e-01  6.70933250e-01  2.31113625e-02  4.29396687e-03  0.00000000e+00  5.45053312e-01
  0.00000000e+00  5.00249562e-03  2.27566625e-02  4.01964375e-02  5.85769250e-02  3.39772375e-01  6.55551875e-01  2.27566625e-02  5.00249562e-03  0.00000000e+00  5.15061687e-01
  0.00000000e+00  5.59165687e-03  2.23459562e-02  3.88593312e-02  5.60926063e-02  3.29124313e-01  6.40043562e-01  2.23459562e-02  5.59165687e-03  0.00000000e+00  4.85662562e-01
  5.46438375e-17  5.98002187e-03  2.19974437e-02  3.78267437e-02  5.42173562e-02  3.20978000e-01  6.27979125e-01  2.19974437e-02  5.98002187e-03  5.46438375e-17  4.63378187e-01
  1.62486375e-04  6.06034937e-03  2.18720312e-02  3.75099875e-02  5.36660813e-02  3.18611188e-01  6.24433250e-01  2.18720312e-02  6.06034937e-03  1.62486375e-04  4.56741312e-01
  9.49756250e-04  6.46829812e-03  2.13269625e-02  3.60774062e-02  5.11495125e-02  3.07494125e-01  6.07592937e-01  2.13269625e-02  6.46829812e-03  9.49756250e-04  4.24808875e-01
  1.63627437e-03  6.79798875e-03  2.07534500e-02  3.46601562e-02  4.87102250e-02  2.96487938e-01  5.90596688e-01  2.07534500e-02  6.79798875e-03  1.63627437e-03  3.93996187e-01
  2.21518437e-03  7.04065937e-03  2.01390875e-02  3.32425375e-02  4.63279062e-02  2.85575750e-01  5.73449375e-01  2.01390875e-02  7.04065937e-03  2.21518437e-03  3.64653812e-01
  2.69678562e-03  7.20545875e-03  1.94908687e-02  3.18296500e-02  4.40054375e-02  2.74775500e-01  5.56194063e-01  1.94908687e-02  7.20545875e-03  2.69678562e-03  3.36840687e-01
  3.09000125e-03  7.30050937e-03  1.88156750e-02  3.04272812e-02  4.17466250e-02  2.64106250e-01  5.38871750e-01  1.88156750e-02  7.30050937e-03  3.09000125e-03  3.10613562e-01
  3.40489000e-03  7.33477187e-03  1.81204062e-02  2.90406187e-02  3.95543500e-02  2.53586875e-01  5.21526438e-01  1.81204062e-02  7.33477187e-03  3.40489000e-03  2.85975562e-01
  3.65086687e-03  7.31657187e-03  1.74113562e-02  2.76741625e-02  3.74302063e-02  2.43230438e-01  5.04199000e-01  1.74113562e-02  7.31657187e-03  3.65086687e-03  2.62903625e-01
  3.83583500e-03  7.25299187e-03  1.66940187e-02  2.63321062e-02  3.53764875e-02  2.33052938e-01  4.86927625e-01  1.66940187e-02  7.25299187e-03  3.83583500e-03  2.41373000e-01
  3.96706000e-03  7.15047812e-03  1.59733812e-02  2.50182437e-02  3.33946875e-02  2.23069375e-01  4.69751125e-01  1.59733812e-02  7.15047812e-03  3.96706000e-03  2.21347687e-01
  4.05123562e-03  7.01497687e-03  1.52537562e-02  2.37356750e-02  3.14861062e-02  2.13292688e-01  4.52703625e-01  1.52537562e-02  7.01497687e-03  4.05123562e-03  2.02776812e-01
  4.09446000e-03  6.85186562e-03  1.45394250e-02  2.24874875e-02  2.96517312e-02  2.03734063e-01  4.35820062e-01  1.45394250e-02  6.85186562e-03  4.09446000e-03  1.85602562e-01
  4.10230937e-03  6.66607000e-03  1.38335937e-02  2.12758937e-02  2.78919625e-02  1.94405313e-01  4.19131500e-01  1.38335937e-02  6.66607000e-03  4.10230937e-03  1.69759062e-01
  4.07985187e-03  6.46197062e-03  1.31395562e-02  2.01028937e-02  2.62070063e-02  1.85316500e-01  4.02667938e-01  1.31395562e-02  6.46197062e-03  4.07985187e-03  1.55176500e-01
  4.03167562e-03  6.24355375e-03  1.24598125e-02  1.89701687e-02  2.45965500e-02  1.76475563e-01  3.86458188e-01  1.24598125e-02  6.24355375e-03  4.03167562e-03  1.41780937e-01
  3.96189875e-03  6.01433937e-03  1.17967562e-02  1.78789312e-02  2.30601000e-02  1.67889625e-01  3.70526500e-01  1.17967562e-02  6.01433937e-03  3.96189875e-03  1.29496625e-01
  3.87397937e-03  5.77737625e-03  1.11525000e-02  1.68308687e-02  2.15981437e-02  1.59568625e-01  3.54902750e-01  1.11525000e-02  5.77737625e-03  3.87397937e-03  1.18266562e-01
  3.77149750e-03  5.53556437e-03  1.05285312e-02  1.58259000e-02  2.02085875e-02  1.51514625e-01  3.39605000e-01  1.05285312e-02  5.53556437e-03  3.77149750e-03  1.08002875e-01
  0.00000000e+00  0.00000000e+00  2.07643937e-02  4.09723375e-02  6.28498063e-02  3.83557625e-01  7.30594937e-01  2.07643937e-02  0.00000000e+00  0.00000000e+00  5.87777187e-01
  0.00000000e+00  1.07078000e-03  2.05419937e-02  3.95793375e-02  5.99178813e-02  3.70977813e-01  7.13249500e-01  2.05419937e-02  1.07078000e-03  0.00000000e+00  5.59974750e-01
  0.00000000e+00  2.04560312e-03  2.03256125e-02  3.82801250e-02  5.72098250e-02  3.58819813e-01  6.95998062e-01  2.03256125e-02  2.04560312e-03  0.00000000e+00  5.31104000e-01
  0.00000000e+00  2.86863937e-03  2.00403875e-02  3.69835312e-02  5.46109438e-02  3.46916813e-01  6.78706625e-01  2.00403875e-02  2.86863937e-03  0.00000000e+00  5.02267812e-01
  0.00000000e+00  3.56088062e-03  1.96983750e-02  3.56936250e-02  5.21139125e-02  3.35254812e-01  6.61397250e-01  1.96983750e-02  3.56088062e-03  0.00000000e+00  4.73710875e-01
  0.00000000e+00  4.13388062e-03  1.93063625e-02  3.44130937e-02  4.97152062e-02  3.23832750e-01  6.44089937e-01  1.93063625e-02  4.13388062e-03  0.00000000e+00  4.45691375e-01
  0.00000000e+00  4.60465750e-03  1.88733250e-02  3.31439250e-02  4.74066000e-02  3.12638625e-01  6.26805563e-01  1.88733250e-02  4.60465750e-03  0.00000000e+00  4.18392750e-01
  2.60208750e-18  4.91144500e-03  1.85161625e-02  3.21702500e-02  4.56740438e-02  3.04117250e-01  6.13457000e-01  1.85161625e-02  4.91144500e-03  2.60208750e-18  3.97805875e-01
  1.32112562e-04  4.97358062e-03  1.83934562e-02  3.18753000e-02  4.51690875e-02  3.01656438e-01  6.09562187e-01  1.83934562e-02  4.97358062e-03  1.32112562e-04  3.91723500e-01
  7.70279062e-04  5.28898125e-03  1.78542375e-02  3.05380250e-02  4.28643187e-02  2.90114250e-01  5.91115875e-01  1.78542375e-02  5.28898125e-03  7.70279062e-04  3.62610937e-01
  1.32240375e-03  5.53818312e-03  1.72969625e-02  2.92235750e-02  4.06447125e-02  2.78752000e-01  5.72646563e-01  1.72969625e-02  5.53818312e-03  1.32240375e-03  3.34704000e-01
  1.78386250e-03  5.71489250e-03  1.67115187e-02  2.79188437e-02  3.84921625e-02  2.67554687e-01  5.54157187e-01  1.67115187e-02  5.71489250e-03  1.78386250e-03  3.08287687e-01
  2.16391250e-03  5.82729000e-03  1.61040062e-02  2.66281312e-02  3.64078625e-02  2.56537250e-01  5.35686750e-01  1.61040062e-02  5.82729000e-03  2.16391250e-03  2.83401937e-01
  2.47052562e-03  5.88261937e-03  1.54800250e-02  2.53560375e-02  3.43942937e-02  2.45716750e-01  5.17276312e-01  1.54800250e-02  5.88261937e-03  2.47052562e-03  2.60081875e-01
  2.71252500e-03  5.88871437e-03  1.48455437e-02  2.41068375e-02  3.24526562e-02  2.35106250e-01  4.98963938e-01  1.48455437e-02  5.88871437e-03  2.71252500e-03  2.38313562e-01
  2.89812375e-03  5.85280812e-03  1.42053875e-02  2.28838312e-02  3.05830438e-02  2.24717563e-01  4.80787438e-01  1.42053875e-02  5.85280812e-03  2.89812375e-03  2.18055250e-01
  3.03416750e-03  5.78098687e-03  1.35642250e-02  2.16902250e-02  2.87862437e-02  2.14562875e-01  4.62781875e-01  1.35642250e-02  5.78098687e-03  3.03416750e-03  1.99269062e-01
  3.12691187e-03  5.67877750e-03  1.29258687e-02  2.05286125e-02  2.70627562e-02  2.04653063e-01  4.44981250e-01  1.29258687e-02  5.67877750e-03  3.12691187e-03  1.81902250e-01
  3.18208375e-03  5.55120687e-03  1.22938187e-02  1.94014812e-02  2.54124813e-02  1.94998250e-01  4.27414688e-01  1.22938187e-02  5.55120687e-03  3.18208375e-03  1.65894937e-01
  3.20485000e-03  5.40280375e-03  1.16711562e-02  1.83107437e-02  2.38353125e-02  1.85606313e-01  4.10115000e-01  1.16711562e-02  5.40280375e-03  3.20485000e-03  1.51181250e-01
  3.19990937e-03  5.23765500e-03  1.10605937e-02  1.72578937e-02  2.23307500e-02  1.76486313e-01  3.93108250e-01  1.10605937e-02  5.23765500e-03  3.19990937e-03  1.37686500e-01
  3.17148875e-03  5.05939000e-03  1.04643187e-02  1.62443250e-02  2.08978875e-02  1.67643313e-01  3.76419500e-01  1.04643187e-02  5.05939000e-03  3.17148875e-03  1.25337750e-01
  3.12337750e-03  4.87123750e-03  9.88425312e-03  1.52706437e-02  1.95357313e-02  1.59082250e-01  3.60071750e-01  9.88425312e-03  4.87123750e-03  3.12337750e-03  1.14058125e-01
  3.05896500e-03  4.67604750e-03  9.32196687e-03  1.43375500e-02  1.82430625e-02  1.50808125e-01  3.44086875e-01  9.32196687e-03  4.67604750e-03  3.05896500e-03  1.03769875e-01
  2.98107937e-03  4.47627875e-03  8.77904375e-03  1.34460375e-02  1.70194000e-02  1.42828000e-01  3.28489063e-01  8.77904375e-03  4.47627875e-03  2.98107937e-03  9.44148687e-02
  2.89259125e-03  4.27419312e-03  8.25628125e-03  1.25956125e-02  1.58623375e-02  1.35140750e-01  3.13292125e-01  8.25628125e-03  4.27419312e-03  2.89259125e-03  8.59079937e-02
  0.00000000e+00  0.00000000e+00  1.78532187e-02  3.55528000e-02  5.37131250e-02  3.70150750e-01  7.26280875e-01  1.78532187e-02  0.00000000e+00  0.00000000e+00  5.20341625e-01
  0.00000000e+00  8.94871812e-04  1.75721750e-02  3.42017937e-02  5.09741188e-02  3.56659938e-01  7.06396438e-01  1.75721750e-02  8.94871812e-04  0.00000000e+00  4.93550000e-01
  0.00000000e+00  1.70297437e-03  1.73017375e-02  3.29435625e-02  4.84554625e-02  3.43696938e-01  6.86824000e-01  1.73017375e-02  1.70297437e-03  0.00000000e+00  4.65984562e-01
  0.00000000e+00  2.37902625e-03  1.69786125e-02  3.16994375e-02  4.60553562e-02  3.31091875e-01  6.67406625e-01  1.69786125e-02  2.37902625e-03  0.00000000e+00  4.38624875e-01
  0.00000000e+00  2.94197500e-03  1.66128937e-02  3.04723750e-02  4.37647813e-02  3.18821813e-01  6.48150250e-01  1.66128937e-02  2.94197500e-03  0.00000000e+00  4.11708250e-01
  0.00000000e+00  3.40252312e-03  1.62105562e-02  2.92643812e-02  4.15793000e-02  3.06882625e-01  6.29070813e-01  1.62105562e-02  3.40252312e-03  0.00000000e+00  3.85483250e-01
  0.00000000e+00  3.77592312e-03  1.57789812e-02  2.80766250e-02  3.94892062e-02  2.95253313e-01  6.10171438e-01  1.57789812e-02  3.77592312e-03  0.00000000e+00  3.60112500e-01
  0.00000000e+00  4.01613250e-03  1.54298500e-02  2.71708562e-02  3.79286250e-02  2.86441813e-01  5.95666875e-01  1.54298500e-02  4.01613250e-03  0.00000000e+00  3.41087500e-01
  1.06897062e-04  4.06361437e-03  1.53137500e-02  2.68995062e-02  3.74769875e-02  2.83911937e-01  5.91461062e-01  1.53137500e-02  4.06361437e-03  1.06897062e-04  3.35514250e-01
  6.21621562e-04  4.30456375e-03  1.47997625e-02  2.56670250e-02  3.54165063e-02  2.72060563e-01  5.71596688e-01  1.47997625e-02  4.30456375e-03  6.21621562e-04  3.08978500e-01
  1.06325312e-03  4.48992312e-03  1.42756062e-02  2.44631562e-02  3.34434750e-02  2.60461125e-01  5.51848187e-01  1.42756062e-02  4.48992312e-03  1.06325312e-03  2.83724875e-01
  1.42892250e-03  4.61530937e-03  1.37332750e-02  2.32769000e-02  3.15419812e-02  2.49097438e-01  5.32214750e-01  1.37332750e-02  4.61530937e-03  1.42892250e-03  2.59980312e-01
  1.72687187e-03  4.68801500e-03  1.31777687e-02  2.21115562e-02  2.97118250e-02  2.37977875e-01  5.12733250e-01  1.31777687e-02  4.68801500e-03  1.72687187e-03  2.37763000e-01
  1.96419562e-03  4.71444500e-03  1.26140750e-02  2.09710125e-02  2.79544938e-02  2.27118125e-01  4.93438750e-01  1.26140750e-02  4.71444500e-03  1.96419562e-03  2.17085187e-01
  2.14858750e-03  4.70140250e-03  1.20466875e-02  1.98583625e-02  2.62697750e-02  2.16528313e-01  4.74368125e-01  1.20466875e-02  4.70140250e-03  2.14858750e-03  1.97916062e-01
  2.28713375e-03  4.65509437e-03  1.14798062e-02  1.87758125e-02  2.46567812e-02  2.06215375e-01  4.55550500e-01  1.14798062e-02  4.65509437e-03  2.28713375e-03  1.80194937e-01
  2.38574812e-03  4.58070750e-03  1.09168250e-02  1.77257500e-02  2.31151937e-02  1.96186438e-01  4.37016812e-01  1.09168250e-02  4.58070750e-03  2.38574812e-03  1.63870937e-01
  2.44976937e-03  4.48293937e-03  1.03609375e-02  1.67100812e-02  2.16445188e-02  1.86449438e-01  4.18795188e-01  1.03609375e-02  4.48293937e-03  2.44976937e-03  1.48878500e-01
  2.48403500e-03  4.36599875e-03  9.81463562e-03  1.57302000e-02  2.02439437e-02  1.77011375e-01  4.00913375e-01  9.81463562e-03  4.36599875e-03  2.48403500e-03  1.35149562e-01
  2.49289250e-03  4.23365250e-03  9.28035500e-03  1.47874000e-02  1.89125688e-02  1.67877188e-01  3.83395563e-01  9.28035500e-03  4.23365250e-03  2.49289250e-03  1.22607562e-01
  2.48027000e-03  4.08926062e-03  8.75998875e-03  1.38823937e-02  1.76489063e-02  1.59050000e-01  3.66263688e-01  8.75998875e-03  4.08926062e-03  2.48027000e-03  1.11176500e-01
  2.44964687e-03  3.93576250e-03  8.25513562e-03  1.30157750e-02  1.64517375e-02  1.50532813e-01  3.49536875e-01  8.25513562e-03  3.93576250e-03  2.44964687e-03  1.00777625e-01
  2.40413250e-03  3.77576750e-03  7.76706562e-03  1.21878437e-02  1.53194625e-02  1.42328500e-01  3.33234938e-01  7.76706562e-03  3.77576750e-03  2.40413250e-03  9.13329125e-02
  2.34647562e-03  3.61153500e-03  7.29678937e-03  1.13985000e-02  1.42501000e-02  1.34435188e-01  3.17372000e-01  7.29678937e-03  3.61153500e-03  2.34647562e-03  8.27674000e-02
  2.27897563e-03  3.44501562e-03  6.84540500e-03  1.06483312e-02  1.32430250e-02  1.26859813e-01  3.01969000e-01  6.84540500e-03  3.44501562e-03  2.27897563e-03  7.50207250e-02
  2.20390375e-03  3.27795000e-03  6.41322375e-03  9.93632187e-03  1.22953437e-02  1.19595500e-01  2.87033000e-01  6.41322375e-03  3.27795000e-03  2.20390375e-03  6.80126625e-02
  0.00000000e+00  0.00000000e+00  1.51937750e-02  3.06863812e-02  4.52823125e-02  3.55364687e-01  7.17743750e-01  1.51937750e-02  0.00000000e+00  0.00000000e+00  4.62459687e-01
  0.00000000e+00  7.46562062e-04  1.48855687e-02  2.93959625e-02  4.27919313e-02  3.41089625e-01  6.95503375e-01  1.48855687e-02  7.46562062e-04  0.00000000e+00  4.36416437e-01
  0.00000000e+00  1.41493687e-03  1.45906500e-02  2.81966062e-02  4.05111625e-02  3.27450500e-01  6.73801938e-01  1.45906500e-02  1.41493687e-03  0.00000000e+00  4.09916250e-01
  0.00000000e+00  1.96866250e-03  1.42555312e-02  2.70205250e-02  3.83504188e-02  3.14273250e-01  6.52459500e-01  1.42555312e-02  1.96866250e-03  0.00000000e+00  3.83819625e-01
  0.00000000e+00  2.42484375e-03  1.38889875e-02  2.58696000e-02  3.62997750e-02  3.01524938e-01  6.31463063e-01  1.38889875e-02  2.42484375e-03  0.00000000e+00  3.58349312e-01
  0.00000000e+00  2.79337687e-03  1.34962062e-02  2.47454187e-02  3.43544063e-02  2.89197437e-01  6.10820688e-01  1.34962062e-02  2.79337687e-03  0.00000000e+00  3.33738187e-01
  0.00000000e+00  3.08789687e-03  1.30833750e-02  2.36479625e-02  3.25040125e-02  2.77257937e-01  5.90520188e-01  1.30833750e-02  3.08789687e-03  0.00000000e+00  3.10119375e-01
  0.00000000e+00  3.27469937e-03  1.27538750e-02  2.28158937e-02  3.11284875e-02  2.68254250e-01  5.75027562e-01  1.27538750e-02  3.27469937e-03  0.00000000e+00  2.92521812e-01
  8.62402187e-05  3.31059375e-03  1.26468812e-02  2.25690375e-02  3.07326688e-02  2.65681312e-01  5.70559687e-01  1.26468812e-02  3.31059375e-03  8.62402187e-05  2.87411312e-01
  5.00144437e-04  3.49281000e-03  1.21709062e-02  2.14466312e-02  2.89283500e-02  2.53652625e-01  5.49509187e-01  1.21709062e-02  3.49281000e-03  5.00144437e-04  2.63213062e-01
  8.52225500e-04  3.62861687e-03  1.16905687e-02  2.03568375e-02  2.72092750e-02  2.41943875e-01  5.28714688e-01  1.16905687e-02  3.62861687e-03  8.52225500e-04  2.40366437e-01
  1.14093812e-03  3.71512125e-03  1.11996375e-02  1.92904500e-02  2.55616187e-02  2.30536000e-01  5.08173063e-01  1.11996375e-02  3.71512125e-03  1.14093812e-03  2.19043750e-01
  1.37357000e-03  3.75875750e-03  1.07023187e-02  1.82498625e-02  2.39843937e-02  2.19436063e-01  4.87912438e-01  1.07023187e-02  3.75875750e-03  1.37357000e-03  1.99237312e-01
  1.55638750e-03  3.76513187e-03  1.02025062e-02  1.72381750e-02  2.24779875e-02  2.08655000e-01  4.67966750e-01  1.02025062e-02  3.76513187e-03  1.55638750e-03  1.80941250e-01
  1.69606750e-03  3.74012937e-03  9.70403375e-03  1.62574812e-02  2.10414875e-02  1.98196875e-01  4.48365062e-01  9.70403375e-03  3.74012937e-03  1.69606750e-03  1.64101000e-01
  1.79869500e-03  3.68901750e-03  9.21004937e-03  1.53091812e-02  1.96732000e-02  1.88064750e-01  4.29130312e-01  9.21004937e-03  3.68901750e-03  1.79869500e-03  1.48643875e-01
  1.86931812e-03  3.61619500e-03  8.72328250e-03  1.43948687e-02  1.83721250e-02  1.78262562e-01  4.10287500e-01  8.72328250e-03  3.61619500e-03  1.86931812e-03  1.34504062e-01
  1.91246437e-03  3.52560875e-03  8.24606375e-03  1.35156437e-02  1.71371500e-02  1.68794250e-01  3.91860625e-01  8.24606375e-03  3.52560875e-03  1.91246437e-03  1.21605937e-01
  1.93220250e-03  3.42074875e-03  7.78040937e-03  1.26722062e-02  1.59669688e-02  1.59661938e-01  3.73868750e-01  7.78040937e-03  3.42074875e-03  1.93220250e-03  1.09871625e-01
  1.93216062e-03  3.30471312e-03  7.32796000e-03  1.18651625e-02  1.48598938e-02  1.50867500e-01  3.56331812e-01  7.32796000e-03  3.30471312e-03  1.93216062e-03  9.92221750e-02
  1.91556812e-03  3.18023187e-03  6.89006562e-03  1.10948062e-02  1.38143187e-02  1.42409188e-01  3.39265875e-01  6.89006562e-03  3.18023187e-03  1.91556812e-03  8.95760312e-02
  1.88530375e-03  3.04967500e-03  6.46780437e-03  1.03610375e-02  1.28284500e-02  1.34288688e-01  3.22684875e-01  6.46780437e-03  3.04967500e-03  1.88530375e-03  8.08539187e-02
  1.84387687e-03  2.91510187e-03  6.06197750e-03  9.66368062e-03  1.19003687e-02  1.26502188e-01  3.06600875e-01  6.06197750e-03  2.91510187e-03  1.84387687e-03  7.29783687e-02
  1.79349875e-03  2.77830312e-03  5.67316375e-03  9.00233062e-03  1.10280938e-02  1.19046750e-01  2.91023813e-01  5.67316375e-03  2.77830312e-03  1.79349875e-03  6.58755812e-02
  1.73601813e-03  2.64079812e-03  5.30204437e-03  8.37697937e-03  1.02104062e-02  1.11926188e-01  2.75970688e-01  5.30204437e-03  2.64079812e-03  1.73601813e-03  5.94865375e-02
  1.67321500e-03  2.50390875e-03  4.94861937e-03  7.78646875e-03  9.44450438e-03  1.05129688e-01  2.61439625e-01  4.94861937e-03  2.50390875e-03  1.67321500e-03  5.37359313e-02
  0.00000000e+00  0.00000000e+00  1.27899500e-02  2.62946562e-02  3.76548125e-02  3.39145875e-01  7.05024563e-01  1.27899500e-02  0.00000000e+00  0.00000000e+00  4.12223250e-01
  0.00000000e+00  6.20263687e-04  1.24770687e-02  2.50803062e-02  3.54441188e-02  3.24228563e-01  6.80645125e-01  1.24770687e-02  6.20263687e-04  0.00000000e+00  3.86700937e-01
  0.00000000e+00  1.17053875e-03  1.21786562e-02  2.39546125e-02  3.34267188e-02  3.10058063e-01  6.57038687e-01  1.21786562e-02  1.17053875e-03  0.00000000e+00  3.61069500e-01
  0.00000000e+00  1.62174250e-03  1.18500187e-02  2.28594625e-02  3.15247125e-02  2.96450500e-01  6.33997250e-01  1.18500187e-02  1.62174250e-03  0.00000000e+00  3.36075812e-01
  0.00000000e+00  1.98927250e-03  1.14984375e-02  2.17954562e-02  2.97283813e-02  2.83363875e-01  6.11490750e-01  1.14984375e-02  1.98927250e-03  0.00000000e+00  3.11913312e-01
  0.00000000e+00  2.28221750e-03  1.11288000e-02  2.07638750e-02  2.80327125e-02  2.70784063e-01  5.89517250e-01  1.11288000e-02  2.28221750e-03  0.00000000e+00  2.88790000e-01
  0.00000000e+00  2.51270500e-03  1.07459937e-02  1.97636187e-02  2.64274875e-02  2.58669188e-01  5.68047625e-01  1.07459937e-02  2.51270500e-03  0.00000000e+00  2.66799500e-01
  0.00000000e+00  2.65662125e-03  1.04437125e-02  1.90094375e-02  2.52388125e-02  2.49574250e-01  5.51744000e-01  1.04437125e-02  2.65662125e-03  0.00000000e+00  2.50533375e-01
  6.92283875e-05  2.68337812e-03  1.03474187e-02  1.87876687e-02  2.48984000e-02  2.46987250e-01  5.47066063e-01  1.03474187e-02  2.68337812e-03  6.92283875e-05  2.45852312e-01
  4.00378812e-04  2.81934125e-03  9.91708125e-03  1.77786437e-02  2.33480375e-02  2.34916188e-01  5.25073438e-01  9.91708125e-03  2.81934125e-03  4.00378812e-04  2.23812437e-01
  6.79573437e-04  2.91687875e-03  9.48678687e-03  1.68047187e-02  2.18779000e-02  2.23230063e-01  5.03478750e-01  9.48678687e-03  2.91687875e-03  6.79573437e-04  2.03184187e-01
  9.06229812e-04  2.97422562e-03  9.05140187e-03  1.58580937e-02  2.04755812e-02  2.11905938e-01  4.82269000e-01  9.05140187e-03  2.97422562e-03  9.06229812e-04  1.84085875e-01
  1.08674937e-03  2.99696937e-03  8.61436375e-03  1.49404625e-02  1.91397750e-02  2.00946625e-01  4.61467313e-01  8.61436375e-03  2.99696937e-03  1.08674937e-03  1.66485812e-01
  1.22662562e-03  2.99002625e-03  8.17898875e-03  1.40539312e-02  1.78703750e-02  1.90359250e-01  4.41103500e-01  8.17898875e-03  2.99002625e-03  1.22662562e-03  1.50355375e-01
  1.33158812e-03  2.95839250e-03  7.74824312e-03  1.31998937e-02  1.66655937e-02  1.80142875e-01  4.21199625e-01  7.74824312e-03  2.95839250e-03  1.33158812e-03  1.35622000e-01
  1.40681562e-03  2.90649812e-03  7.32452625e-03  1.23790437e-02  1.55235125e-02  1.70295500e-01  4.01768750e-01  7.32452625e-03  2.90649812e-03  1.40681562e-03  1.22198937e-01
  1.45657625e-03  2.83805062e-03  6.90992625e-03  1.15921875e-02  1.44428250e-02  1.60817938e-01  3.82831813e-01  6.90992625e-03  2.83805062e-03  1.45657625e-03  1.10008375e-01
  1.48469625e-03  2.75630000e-03  6.50618250e-03  1.08398250e-02  1.34216500e-02  1.51707438e-01  3.64404813e-01  6.50618250e-03  2.75630000e-03  1.48469625e-03  9.89665937e-02
  1.49454687e-03  2.66414375e-03  6.11473312e-03  1.01222437e-02  1.24585750e-02  1.42963938e-01  3.46500813e-01  6.11473312e-03  2.66414375e-03  1.49454687e-03  8.89900375e-02
  1.48912750e-03  2.56407312e-03  5.73672000e-03  9.43931625e-03  1.15516875e-02  1.34585313e-01  3.29133813e-01  5.73672000e-03  2.56407312e-03  1.48912750e-03  7.99947875e-02
  1.47109563e-03  2.45827812e-03  5.37305063e-03  8.79094875e-03  1.06991062e-02  1.26565750e-01  3.12313688e-01  5.37305063e-03  2.45827812e-03  1.47109563e-03  7.18988000e-02
  1.44276250e-03  2.34865750e-03  5.02436562e-03  8.17669125e-03  9.89881625e-03  1.18903125e-01  2.96047625e-01  5.02436562e-03  2.34865750e-03  1.44276250e-03  6.46229000e-02
  1.40616625e-03  2.23682188e-03  4.69111625e-03  7.59595500e-03  9.14884062e-03  1.11590500e-01  2.80342500e-01  4.69111625e-03  2.23682188e-03  1.40616625e-03  5.80915000e-02
  1.36305938e-03  2.12414187e-03  4.37356187e-03  7.04801000e-03  8.44706375e-03  1.04622813e-01  2.65201313e-01  4.37356187e-03  2.12414187e-03  1.36305938e-03  5.22337750e-02
  1.31491000e-03  2.01179750e-03  4.07207250e-03  6.53254687e-03  7.79215437e-03  9.79976875e-02  2.50635125e-01  4.07207250e-03  2.01179750e-03  1.31491000e-03  4.69929188e-02
  1.26311813e-03  1.90076938e-03  3.78643937e-03  6.04823562e-03  7.18140375e-03  9.17047438e-02  2.36638000e-01  3.78643937e-03  1.90076938e-03  1.26311813e-03  4.22994750e-02
  0.00000000e+00  0.00000000e+00  1.06489437e-02  2.23369062e-02  3.09078125e-02  3.21532813e-01  6.88280313e-01  1.06489437e-02  0.00000000e+00  0.00000000e+00  3.68148625e-01
  0.00000000e+00  5.12392500e-04  1.03469625e-02  2.12117125e-02  2.89855813e-02  3.06138125e-01  6.62018813e-01  1.03469625e-02  5.12392500e-04  0.00000000e+00  3.42998562e-01
  0.00000000e+00  9.62708750e-04  1.00595375e-02  2.01720625e-02  2.72372188e-02  2.91597250e-01  6.36766312e-01  1.00595375e-02  9.62708750e-04  0.00000000e+00  3.18121750e-01
  0.00000000e+00  1.32799937e-03  9.74964562e-03  1.91680312e-02  2.55959250e-02  2.77718250e-01  6.12284750e-01  9.74964562e-03  1.32799937e-03  0.00000000e+00  2.94142625e-01
  0.00000000e+00  1.62203375e-03  9.42361000e-03  1.81993312e-02  2.40522813e-02  2.64446250e-01  5.88523187e-01  9.42361000e-03  1.62203375e-03  0.00000000e+00  2.71212875e-01
  0.00000000e+00  1.85307812e-03  9.08551500e-03  1.72665562e-02  2.26013875e-02  2.51763000e-01  5.65472500e-01  9.08551500e-03  1.85307812e-03  0.00000000e+00  2.49505875e-01
  0.00000000e+00  2.03181437e-03  8.73958125e-03  1.63681875e-02  2.12338188e-02  2.39615813e-01  5.43082875e-01  8.73958125e-03  2.03181437e-03  0.00000000e+00  2.29067562e-01
  0.00000000e+00  2.14150875e-03  8.46878312e-03  1.56943875e-02  2.02245812e-02  2.30536563e-01  5.26160063e-01  8.46878312e-03  2.14150875e-03  0.00000000e+00  2.14070062e-01
  5.52373812e-05  2.16112625e-03  8.38369187e-03  1.54978125e-02  1.99368750e-02  2.27965438e-01  5.21325125e-01  8.38369187e-03  2.16112625e-03  5.52373812e-05  2.09793375e-01
  3.18567687e-04  2.26101062e-03  8.00282687e-03  1.46032625e-02  1.86273500e-02  2.15991063e-01  4.98648375e-01  8.00282687e-03  2.26101062e-03  3.18567687e-04  1.89776312e-01
  5.38569062e-04  2.32940250e-03  7.62488875e-03  1.37450062e-02  1.73908375e-02  2.04460625e-01  4.76504563e-01  7.62488875e-03  2.32940250e-03  5.38569062e-04  1.71215937e-01
  7.15334750e-04  2.36530000e-03  7.24581500e-03  1.29160437e-02  1.62167375e-02  1.93348063e-01  4.54873688e-01  7.24581500e-03  2.36530000e-03  7.15334750e-04  1.54177750e-01
  8.54436437e-04  2.37357937e-03  6.86840312e-03  1.21174812e-02  1.51033500e-02  1.82649500e-01  4.33772812e-01  6.86840312e-03  2.37357937e-03  8.54436437e-04  1.38608062e-01
  9.60619375e-04  2.35842875e-03  6.49532125e-03  1.13509062e-02  1.40500625e-02  1.72367875e-01  4.13223875e-01  6.49532125e-03  2.35842875e-03  9.60619375e-04  1.24456312e-01
  1.03876937e-03  2.32406625e-03  6.12886750e-03  1.06167312e-02  1.30550687e-02  1.62499188e-01  3.93240875e-01  6.12886750e-03  2.32406625e-03  1.03876937e-03  1.11633812e-01
  1.09325500e-03  2.27420125e-03  5.77085000e-03  9.91533375e-03  1.21159875e-02  1.53034500e-01  3.73830875e-01  5.77085000e-03  2.27420125e-03  1.09325500e-03  1.00040894e-01
  1.12765125e-03  2.21189312e-03  5.42280937e-03  9.24678750e-03  1.12312125e-02  1.43970750e-01  3.55004813e-01  5.42280937e-03  2.21189312e-03  1.12765125e-03  8.95902250e-02
  1.14514625e-03  2.13982062e-03  5.08599375e-03  8.61113187e-03  1.03990313e-02  1.35301000e-01  3.36773750e-01  5.08599375e-03  2.13982062e-03  1.14514625e-03  8.01928062e-02
  1.14851063e-03  2.06030375e-03  4.76138438e-03  8.00813875e-03  9.61760188e-03  1.27021250e-01  3.19144625e-01  4.76138438e-03  2.06030375e-03  1.14851063e-03  7.17607312e-02
  1.14020375e-03  1.97536312e-03  4.44975063e-03  7.43744625e-03  8.88496562e-03  1.19124500e-01  3.02123437e-01  4.44975063e-03  1.97536312e-03  1.14020375e-03  6.42086563e-02
  1.12237438e-03  1.88672875e-03  4.15162187e-03  6.89846625e-03  8.19920688e-03  1.11603688e-01  2.85713250e-01  4.15162187e-03  1.88672875e-03  1.12237438e-03  5.74549062e-02
  1.09687375e-03  1.79588000e-03  3.86733875e-03  6.39051750e-03  7.55831750e-03  1.04450000e-01  2.69916063e-01  3.86733875e-03  1.79588000e-03  1.09687375e-03  5.14223875e-02
  1.06533125e-03  1.70405750e-03  3.59708250e-03  5.91275250e-03  6.96028562e-03  9.76564188e-02  2.54729875e-01  3.59708250e-03  1.70405750e-03  1.06533125e-03  4.60384875e-02
  1.02911750e-03  1.61232188e-03  3.34089188e-03  5.46424125e-03  6.40308250e-03  9.12127625e-02  2.40154688e-01  3.34089188e-03  1.61232188e-03  1.02911750e-03  4.12365750e-02
  9.89400813e-04  1.52155250e-03  3.09891813e-03  5.04446375e-03  5.88533688e-03  8.51153313e-02  2.26196375e-01  3.09891813e-03  1.52155250e-03  9.89400813e-04  3.69630125e-02
  9.47245563e-04  1.43246125e-03  2.87081125e-03  4.65198125e-03  5.40454062e-03  7.93500125e-02  2.12841125e-01  2.87081125e-03  1.43246125e-03  9.47245563e-04  3.31548313e-02
  0.00000000e+00  0.00000000e+00  8.76299437e-03  1.87776437e-02  2.50372875e-02  3.02562250e-01  6.67695813e-01  8.76299437e-03  0.00000000e+00  0.00000000e+00  3.28909000e-01
  0.00000000e+00  4.20105437e-04  8.48212063e-03  1.77522937e-02  2.33978875e-02  2.86876000e-01  6.39837312e-01  8.48212063e-03  4.20105437e-04  0.00000000e+00  3.04086062e-01
  0.00000000e+00  7.85784812e-04  8.21545250e-03  1.68084625e-02  2.19112437e-02  2.72142688e-01  6.13218687e-01  8.21545250e-03  7.85784812e-04  0.00000000e+00  2.79938312e-01
  0.00000000e+00  1.07916250e-03  7.93235625e-03  1.59031500e-02  2.05209312e-02  2.58161313e-01  5.87573000e-01  7.93235625e-03  1.07916250e-03  0.00000000e+00  2.56958812e-01
  0.00000000e+00  1.31241937e-03  7.63825437e-03  1.50355562e-02  1.92181625e-02  2.44867813e-01  5.62828313e-01  7.63825437e-03  1.31241937e-03  0.00000000e+00  2.35248437e-01
  0.00000000e+00  1.49297312e-03  7.33671062e-03  1.42057625e-02  1.79986188e-02  2.32236188e-01  5.38964563e-01  7.33671062e-03  1.49297312e-03  0.00000000e+00  2.14934875e-01
  0.00000000e+00  1.63015062e-03  7.03117750e-03  1.34116750e-02  1.68534938e-02  2.20203563e-01  5.15912750e-01  7.03117750e-03  1.63015062e-03  0.00000000e+00  1.96015812e-01
  0.00000000e+00  1.71275812e-03  6.79372375e-03  1.28189625e-02  1.60110812e-02  2.11249000e-01  4.98564875e-01  6.79372375e-03  1.71275812e-03  0.00000000e+00  1.82248687e-01
  4.37552688e-05  1.72687500e-03  6.72000312e-03  1.26472875e-02  1.57718750e-02  2.08722938e-01  4.93628875e-01  6.72000312e-03  1.72687500e-03  4.37552688e-05  1.78361250e-01
  2.51638563e-04  1.79895687e-03  6.38952500e-03  1.18664125e-02  1.46839750e-02  1.96987125e-01  4.70527000e-01  6.38952500e-03  1.79895687e-03  2.51638563e-04  1.60266687e-01
  4.23717375e-04  1.84550187e-03  6.06382000e-03  1.11214250e-02  1.36608812e-02  1.85745313e-01  4.48087062e-01  6.06382000e-03  1.84550187e-03  4.23717375e-04  1.43652125e-01
  5.60530812e-04  1.86607812e-03  5.73966562e-03  1.04064312e-02  1.26933938e-02  1.74968438e-01  4.26280063e-01  5.73966562e-03  1.86607812e-03  5.60530812e-04  1.28539000e-01
  6.66867750e-04  1.86483375e-03  5.41929062e-03  9.72177500e-03  1.17799062e-02  1.64646563e-01  4.05114062e-01  5.41929062e-03  1.86483375e-03  6.66867750e-04  1.14848812e-01
  7.46787500e-04  1.84533750e-03  5.10482313e-03  9.06848000e-03  1.09194187e-02  1.54778688e-01  3.84605938e-01  5.10482313e-03  1.84533750e-03  7.46787500e-04  1.02510875e-01
  8.04404750e-04  1.81108875e-03  4.79800187e-03  8.44656812e-03  1.01099375e-02  1.45355750e-01  3.64759875e-01  4.79800187e-03  1.81108875e-03  8.04404750e-04  9.14242125e-02
  8.43358688e-04  1.76514625e-03  4.50011812e-03  7.85570812e-03  9.34922125e-03  1.36362875e-01  3.45575688e-01  4.50011812e-03  1.76514625e-03  8.43358688e-04  8.14798125e-02
  8.66621688e-04  1.71001063e-03  4.21229937e-03  7.29570062e-03  8.63556438e-03  1.27793875e-01  3.27055563e-01  4.21229937e-03  1.71001063e-03  8.66621688e-04  7.25830125e-02
  8.76798188e-04  1.64783188e-03  3.93539750e-03  6.76615562e-03  7.96713625e-03  1.19638000e-01  3.09204313e-01  3.93539750e-03  1.64783188e-03  8.76798188e-04  6.46411875e-02
  8.76162250e-04  1.58048875e-03  3.67005125e-03  6.26654250e-03  7.34208625e-03  1.11887063e-01  2.92021063e-01  3.67005125e-03  1.58048875e-03  8.76162250e-04  5.75649063e-02
  8.66695625e-04  1.50956250e-03  3.41671188e-03  5.79617438e-03  6.75854500e-03  1.04529125e-01  2.75503875e-01  3.41671188e-03  1.50956250e-03  8.66695625e-04  5.12695938e-02
  8.50114313e-04  1.43640375e-03  3.17565813e-03  5.35427875e-03  6.21462125e-03  9.75548688e-02  2.59651625e-01  3.17565813e-03  1.43640375e-03  8.50114313e-04  4.56755563e-02
  8.27897375e-04  1.36216188e-03  2.94699250e-03  4.93994812e-03  5.70840625e-03  9.09532000e-02  2.44459312e-01  2.94699250e-03  1.36216188e-03  8.27897375e-04  4.07090750e-02
  8.01314000e-04  1.28777688e-03  2.73073250e-03  4.55221187e-03  5.23800938e-03  8.47123500e-02  2.29919063e-01  2.73073250e-03  1.28777688e-03  8.01314000e-04  3.63021188e-02
  7.71446313e-04  1.21402063e-03  2.52675063e-03  4.19003125e-03  4.80153062e-03  7.88206313e-02  2.16023750e-01  2.52675063e-03  1.21402063e-03  7.71446313e-04  3.23927313e-02
  7.39185313e-04  1.14157188e-03  2.33504625e-03  3.85274562e-03  4.39764125e-03  7.32716375e-02  2.02773438e-01  2.33504625e-03  1.14157188e-03  7.39185313e-04  2.89315563e-02
  7.05349313e-04  1.07093125e-03  2.15519000e-03  3.53892750e-03  4.02412062e-03  6.80490688e-02  1.90151125e-01  2.15519000e-03  1.07093125e-03  7.05349313e-04  2.58620250e-02
  0.00000000e+00  0.00000000e+00  7.12617625e-03  1.56021625e-02  2.00287188e-02  2.82393813e-01  6.43580188e-01  7.12617625e-03  0.00000000e+00  0.00000000e+00  2.93511750e-01
  0.00000000e+00  3.41358812e-04  6.87251625e-03  1.46840375e-02  1.86544250e-02  2.66617000e-01  6.14437563e-01  6.87251625e-03  3.41358812e-04  0.00000000e+00  2.69069500e-01
  0.00000000e+00  6.35643062e-04  6.63222625e-03  1.38422312e-02  1.74118563e-02  2.51882125e-01  5.86756813e-01  6.63222625e-03  6.35643062e-04  0.00000000e+00  2.45702125e-01
  0.00000000e+00  8.69114875e-04  6.38025437e-03  1.30401250e-02  1.62536188e-02  2.37978250e-01  5.60240000e-01  6.38025437e-03  8.69114875e-04  0.00000000e+00  2.23770937e-01
  0.00000000e+00  1.05241375e-03  6.12120375e-03  1.22764250e-02  1.51721938e-02  2.24831375e-01  5.34796125e-01  6.12120375e-03  1.05241375e-03  0.00000000e+00  2.03314000e-01
  0.00000000e+00  1.19210000e-03  5.85811187e-03  1.15506250e-02  1.41634813e-02  2.12408375e-01  5.10392250e-01  5.85811187e-03  1.19210000e-03  0.00000000e+00  1.84408125e-01
  0.00000000e+00  1.29621125e-03  5.59377375e-03  1.08603187e-02  1.32196875e-02  2.00638375e-01  4.86941375e-01  5.59377375e-03  1.29621125e-03  0.00000000e+00  1.66998187e-01
  1.73472500e-18  1.35761000e-03  5.38962063e-03  1.03475937e-02  1.25274938e-02  1.91916500e-01  4.69366313e-01  5.38962063e-03  1.35761000e-03  1.73472500e-18  1.54439312e-01
  3.43803375e-05  1.36755563e-03  5.32688875e-03  1.02000125e-02  1.23315937e-02  1.89466313e-01  4.64384375e-01  5.32688875e-03  1.36755563e-03  3.43803375e-05  1.50927062e-01
  1.97171250e-04  1.41854250e-03  5.04537625e-03  9.52939875e-03  1.14416062e-02  1.78104250e-01  4.41118250e-01  5.04537625e-03  1.41854250e-03  1.97171250e-04  1.34674000e-01
  3.30676562e-04  1.44906938e-03  4.76965312e-03  8.89308750e-03  1.06078188e-02  1.67278125e-01  4.18631188e-01  4.76965312e-03  1.44906938e-03  3.30676562e-04  1.19901375e-01
  4.35698438e-04  1.45908500e-03  4.49718750e-03  8.28602937e-03  9.82244437e-03  1.56953000e-01  3.96886125e-01  4.49718750e-03  1.45908500e-03  4.35698438e-04  1.06588625e-01
  5.16299688e-04  1.45207813e-03  4.22969000e-03  7.70822500e-03  9.08383937e-03  1.47114875e-01  3.75882938e-01  4.22969000e-03  1.45207813e-03  5.16299688e-04  9.46369187e-02
  5.75908375e-04  1.43101875e-03  3.96883937e-03  7.16006375e-03  8.39092438e-03  1.37758688e-01  3.55630750e-01  3.96883937e-03  1.43101875e-03  5.75908375e-04  8.39609438e-02
  6.17946938e-04  1.39879625e-03  3.71590438e-03  6.64121500e-03  7.74176750e-03  1.28867625e-01  3.36124563e-01  3.71590438e-03  1.39879625e-03  6.17946938e-04  7.44477687e-02
  6.45413000e-04  1.35788125e-03  3.47179625e-03  6.15099937e-03  7.13420875e-03  1.20426500e-01  3.17356312e-01  3.47179625e-03  1.35788125e-03  6.45413000e-04  6.59827375e-02
  6.60741313e-04  1.31029250e-03  3.23728500e-03  5.68890687e-03  6.56651812e-03  1.12420438e-01  2.99321000e-01  3.23728500e-03  1.31029250e-03  6.60741313e-04  5.84673438e-02
  6.66045000e-04  1.25775125e-03  3.01292938e-03  5.25427938e-03  6.03696625e-03  1.04838375e-01  2.82014688e-01  3.01292938e-03  1.25775125e-03  6.66045000e-04  5.18075500e-02
  6.63156938e-04  1.20173625e-03  2.79910062e-03  4.84637562e-03  5.54379125e-03  9.76663375e-02  2.65429438e-01  2.79910062e-03  1.20173625e-03  6.63156938e-04  4.59150688e-02
  6.53659188e-04  1.14346938e-03  2.59602000e-03  4.46433750e-03  5.08523500e-03  9.08913375e-02  2.49559063e-01  2.59602000e-03  1.14346938e-03  6.53659188e-04  4.07076125e-02
  6.38908000e-04  1.08399063e-03  2.40377625e-03  4.10725375e-03  4.65954688e-03  8.44996750e-02  2.34392750e-01  2.40377625e-03  1.08399063e-03  6.38908000e-04  3.61095438e-02
  6.20064438e-04  1.02417938e-03  2.22234063e-03  3.77412688e-03  4.26496750e-03  7.84776438e-02  2.19920438e-01  2.22234063e-03  1.02417938e-03  6.20064438e-04  3.20514375e-02
  5.98113750e-04  9.64721813e-04  2.05159250e-03  3.46393500e-03  3.89976688e-03  7.28112500e-02  2.06130000e-01  2.05159250e-03  9.64721813e-04  5.98113750e-04  2.84707313e-02
  5.73889063e-04  9.06200813e-04  1.89131250e-03  3.17560062e-03  3.56226563e-03  6.74864938e-02  1.93005688e-01  1.89131250e-03  9.06200813e-04  5.73889063e-04  2.53110688e-02
  5.48072625e-04  8.49099750e-04  1.74140188e-03  2.90839375e-03  3.25124188e-03  6.24948750e-02  1.80546313e-01  1.74140188e-03  8.49099750e-04  5.48072625e-04  2.25276625e-02
  5.21280375e-04  7.93766750e-04  1.60141000e-03  2.66097437e-03  2.96472937e-03  5.78183000e-02  1.68726000e-01  1.60141000e-03  7.93766750e-04  5.21280375e-04  2.00704500e-02
  0.00000000e+00  0.00000000e+00  5.72460438e-03  1.27963875e-02  1.58266812e-02  2.61229125e-01  6.16284313e-01  5.72460438e-03  0.00000000e+00  0.00000000e+00  2.61149000e-01
  0.00000000e+00  2.74441125e-04  5.50102875e-03  1.19890875e-02  1.46926562e-02  2.45571813e-01  5.86187563e-01  5.50102875e-03  2.74441125e-04  0.00000000e+00  2.37228750e-01
  0.00000000e+00  5.08790438e-04  5.28975187e-03  1.12520875e-02  1.36701500e-02  2.31030500e-01  5.57758688e-01  5.28975187e-03  5.08790438e-04  0.00000000e+00  2.14760562e-01
  0.00000000e+00  6.92644625e-04  5.07053125e-03  1.05543875e-02  1.27201500e-02  2.17387063e-01  5.30672750e-01  5.07053125e-03  6.92644625e-04  0.00000000e+00  1.93972000e-01
  0.00000000e+00  8.35156938e-04  4.84715375e-03  9.89414312e-03  1.18360625e-02  2.04555750e-01  5.04818687e-01  4.84715375e-03  8.35156938e-04  0.00000000e+00  1.74835125e-01
  0.00000000e+00  9.42023125e-04  4.62218750e-03  9.27058000e-03  1.10141750e-02  1.92496438e-01  4.80149750e-01  4.62218750e-03  9.42023125e-04  0.00000000e+00  1.57371875e-01
  0.00000000e+00  1.02007000e-03  4.39784062e-03  8.68096125e-03  1.02478938e-02  1.81131125e-01  4.56562625e-01  4.39784062e-03  1.02007000e-03  0.00000000e+00  1.41476000e-01
  1.73472500e-18  1.06505688e-03  4.22557500e-03  8.24510062e-03  9.68744625e-03  1.72744125e-01  4.38954500e-01  4.22557500e-03  1.06505688e-03  1.73472500e-18  1.30113312e-01
  2.67674063e-05  1.07189125e-03  4.17311125e-03  8.12041625e-03  9.52931000e-03  1.70397813e-01  4.33981500e-01  4.17311125e-03  1.07189125e-03  2.67674063e-05  1.26965375e-01
  1.53088688e-04  1.10715188e-03  3.93752312e-03  7.55421937e-03  8.81180938e-03  1.59538375e-01  4.10802313e-01  3.93752312e-03  1.10715188e-03  1.53088688e-04  1.12482062e-01
  2.55727125e-04  1.12622125e-03  3.70813187e-03  7.01991687e-03  8.14195750e-03  1.49244000e-01  3.88508125e-01  3.70813187e-03  1.12622125e-03  2.55727125e-04  9.94542250e-02
  3.35609313e-04  1.12929813e-03  3.48292687e-03  6.51311687e-03  7.51348375e-03  1.39475688e-01  3.67052875e-01  3.48292687e-03  1.12929813e-03  3.35609313e-04  8.78247062e-02
  3.96135813e-04  1.11926125e-03  3.26320875e-03  6.03348000e-03  6.92468875e-03  1.30216313e-01  3.46425563e-01  3.26320875e-03  1.11926125e-03  3.96135813e-04  7.74795687e-02
  4.40159313e-04  1.09856125e-03  3.05026625e-03  5.58101750e-03  6.37449125e-03  1.21454063e-01  3.26629313e-01  3.05026625e-03  1.09856125e-03  4.40159313e-04  6.83206875e-02
  4.70487750e-04  1.06953875e-03  2.84498125e-03  5.15511813e-03  5.86108125e-03  1.13169813e-01  3.07650937e-01  2.84498125e-03  1.06953875e-03  4.70487750e-04  6.02282000e-02
  4.89560125e-04  1.03416313e-03  2.64798250e-03  4.75487375e-03  5.38244875e-03  1.05341625e-01  2.89470625e-01  2.64798250e-03  1.03416313e-03  4.89560125e-04  5.30848188e-02
  4.99341563e-04  9.94038438e-04  2.45976063e-03  4.37958375e-03  4.93699437e-03  9.79548125e-02  2.72079250e-01  2.45976063e-03  9.94038438e-04  4.99341563e-04  4.67911875e-02
  5.01529125e-04  9.50520125e-04  2.28063687e-03  4.02843937e-03  4.52310813e-03  9.09917750e-02  2.55463875e-01  2.28063687e-03  9.50520125e-04  5.01529125e-04  4.12546313e-02
  4.97579063e-04  9.04744875e-04  2.11081000e-03  3.70057063e-03  4.13917938e-03  8.44366813e-02  2.39610500e-01  2.11081000e-03  9.04744875e-04  4.97579063e-04  3.63897438e-02
  4.88735563e-04  8.57662938e-04  1.95034125e-03  3.39504875e-03  3.78360938e-03  7.82735438e-02  2.24506125e-01  1.95034125e-03  8.57662938e-04  4.88735563e-04  3.21185938e-02
  4.76061813e-04  8.10058563e-04  1.79919063e-03  3.11090250e-03  3.45481875e-03  7.24864375e-02  2.10134688e-01  1.79919063e-03  8.10058563e-04  4.76061813e-04  2.83703438e-02
  4.60453063e-04  7.62573063e-04  1.65723813e-03  2.84712437e-03  3.15126625e-03  6.70591938e-02  1.96478250e-01  1.65723813e-03  7.62573063e-04  4.60453063e-04  2.50816188e-02
  4.42668375e-04  7.15723750e-04  1.52426500e-03  2.60269313e-03  2.87142313e-03  6.19759938e-02  1.83519875e-01  1.52426500e-03  7.15723750e-04  4.42668375e-04  2.21954688e-02
  4.23340000e-04  6.69921625e-04  1.40004063e-03  2.37657000e-03  2.61380938e-03  5.72212375e-02  1.71240438e-01  1.40004063e-03  6.69921625e-04  4.23340000e-04  1.96616000e-02
  4.02983188e-04  6.25512125e-04  1.28438625e-03  2.16802500e-03  2.37734500e-03  5.27844313e-02  1.59631063e-01  1.28438625e-03  6.25512125e-04  4.02983188e-04  1.74401313e-02
  3.82054938e-04  5.82727375e-04  1.17688063e-03  1.97582812e-03  2.16038000e-03  4.86465750e-02  1.48664688e-01  1.17688063e-03  5.82727375e-04  3.82054938e-04  1.54876813e-02
  0.00000000e+00  0.00000000e+00  4.53977687e-03  1.03462500e-02  1.23526375e-02  2.39312125e-01  5.86183187e-01  4.53977687e-03  0.00000000e+00  0.00000000e+00  2.31217625e-01
  0.00000000e+00  2.17910188e-04  4.34683937e-03  9.64994125e-03  1.14304625e-02  2.23989313e-01  5.55471250e-01  4.34683937e-03  2.17910188e-04  0.00000000e+00  2.08027375e-01
  0.00000000e+00  4.02264938e-04  4.16504313e-03  9.01701937e-03  1.06013938e-02  2.09836500e-01  5.26615250e-01  4.16504313e-03  4.02264938e-04  0.00000000e+00  1.86621937e-01
  0.00000000e+00  5.45304563e-04  3.97818437e-03  8.42154000e-03  9.83342250e-03  1.96628813e-01  4.99264188e-01  3.97818437e-03  5.45304563e-04  0.00000000e+00  1.67099750e-01
  0.00000000e+00  6.54766188e-04  3.78934250e-03  7.86133250e-03  9.12102063e-03  1.84275125e-01  4.73286000e-01  3.78934250e-03  6.54766188e-04  0.00000000e+00  1.49366937e-01
  0.00000000e+00  7.35504125e-04  3.60061750e-03  7.33545625e-03  8.46102875e-03  1.72727438e-01  4.48623875e-01  3.60061750e-03  7.35504125e-04  0.00000000e+00  1.33391375e-01
  0.00000000e+00  7.93223063e-04  3.41370813e-03  6.84102375e-03  7.84775375e-03  1.61899813e-01  4.25154625e-01  3.41370813e-03  7.93223063e-04  0.00000000e+00  1.19018875e-01
  4.33680625e-19  8.25669313e-04  3.27094000e-03  6.47718062e-03  7.40043188e-03  1.53941688e-01  4.07701438e-01  3.27094000e-03  8.25669313e-04  4.33680625e-19  1.08837750e-01
  2.06218125e-05  8.30226500e-04  3.22780500e-03  6.37368250e-03  7.27459625e-03  1.51724313e-01  4.02788375e-01  3.22780500e-03  8.30226500e-04  2.06218125e-05  1.06044125e-01
  1.17621813e-04  8.53958000e-04  3.03408938e-03  5.90415812e-03  6.70430750e-03  1.41480688e-01  3.79938063e-01  3.03408938e-03  8.53958000e-04  1.17621813e-04  9.32605062e-02
  1.95713000e-04  8.65074438e-04  2.84650125e-03  5.46343750e-03  6.17378625e-03  1.31820188e-01  3.58062750e-01  2.84650125e-03  8.65074438e-04  1.95713000e-04  8.18815750e-02
  2.55844375e-04  8.63886438e-04  2.66346813e-03  5.04772063e-03  5.67790125e-03  1.22699688e-01  3.37108375e-01  2.66346813e-03  8.63886438e-04  2.55844375e-04  7.18210937e-02
  3.00816938e-04  8.52739313e-04  2.48596125e-03  4.65644750e-03  5.21507375e-03  1.14097188e-01  3.17054000e-01  2.48596125e-03  8.52739313e-04  3.00816938e-04  6.29538563e-02
  3.32968750e-04  8.33622188e-04  2.31491125e-03  4.28936875e-03  4.78426313e-03  1.05996813e-01  2.97896563e-01  2.31491125e-03  8.33622188e-04  3.32968750e-04  5.51732875e-02
  3.54574063e-04  8.08394313e-04  2.15094813e-03  3.94567500e-03  4.38382000e-03  9.83770750e-02  2.79612188e-01  2.15094813e-03  8.08394313e-04  3.54574063e-04  4.83564938e-02
  3.67585188e-04  7.78615188e-04  1.99444188e-03  3.62437625e-03  4.01194437e-03  9.12114938e-02  2.62174750e-01  1.99444188e-03  7.78615188e-04  3.67585188e-04  4.23870188e-02
  3.73571313e-04  7.45532125e-04  1.84570313e-03  3.32465438e-03  3.66719688e-03  8.44814688e-02  2.45566313e-01  1.84570313e-03  7.45532125e-04  3.73571313e-04  3.71673813e-02
  3.73870688e-04  7.10191438e-04  1.70488250e-03  3.04563813e-03  3.34811750e-03  7.81678063e-02  2.29767813e-01  1.70488250e-03  7.10191438e-04  3.73870688e-04  3.26085688e-02
  3.69626625e-04  6.73462375e-04  1.57203063e-03  2.78642875e-03  3.05329625e-03  7.22521063e-02  2.14758438e-01  1.57203063e-03  6.73462375e-04  3.69626625e-04  2.86300313e-02
  3.61806375e-04  6.36060313e-04  1.44711688e-03  2.54606750e-03  2.78131375e-03  6.67161563e-02  2.00519938e-01  1.44711688e-03  6.36060313e-04  3.61806375e-04  2.51592375e-02
  3.51228125e-04  5.98567500e-04  1.33003188e-03  2.32361313e-03  2.53079125e-03  6.15418688e-02  1.87028500e-01  1.33003188e-03  5.98567500e-04  3.51228125e-04  2.21318063e-02
  3.38578063e-04  5.61453188e-04  1.22057688e-03  2.11808812e-03  2.30040688e-03  5.67117438e-02  1.74263063e-01  1.22057688e-03  5.61453188e-04  3.38578063e-04  1.94903625e-02
  3.24428438e-04  5.25088438e-04  1.11854000e-03  1.92855063e-03  2.08884188e-03  5.22085688e-02  1.62200625e-01  1.11854000e-03  5.25088438e-04  3.24428438e-04  1.71843313e-02
  3.09253438e-04  4.89759625e-04  1.02363375e-03  1.75403188e-03  1.89483750e-03  4.80153500e-02  1.50818125e-01  1.02363375e-03  4.89759625e-04  3.09253438e-04  1.51696188e-02
  2.93440063e-04  4.55709750e-04  9.35689000e-04  1.59383250e-03  1.71745250e-03  4.41205875e-02  1.40101750e-01  9.35689000e-04  4.55709750e-04  2.93440063e-04  1.34114313e-02
  2.77321500e-04  4.23087063e-04  8.54297000e-04  1.44687187e-03  1.55532688e-03  4.05046750e-02  1.30020375e-01  8.54297000e-04  4.23087063e-04  2.77321500e-04  1.18726688e-02
  0.00000000e+00  0.00000000e+00  3.55339125e-03  8.24154000e-03  9.52543500e-03  2.16994688e-01  5.53755875e-01  3.55339125e-03  0.00000000e+00  0.00000000e+00  2.03406437e-01
  0.00000000e+00  1.70680750e-04  3.39002000e-03  7.65229562e-03  8.78574000e-03  2.02210438e-01  5.22771688e-01  3.39002000e-03  1.70680750e-04  0.00000000e+00  1.81187937e-01
  0.00000000e+00  3.13798375e-04  3.23663312e-03  7.11915000e-03  8.12258062e-03  1.88629313e-01  4.93807563e-01  3.23663312e-03  3.13798375e-04  0.00000000e+00  1.61026125e-01
  0.00000000e+00  4.23653500e-04  3.08037875e-03  6.62057250e-03  7.51030500e-03  1.76023313e-01  4.66490250e-01  3.08037875e-03  4.23653500e-04  0.00000000e+00  1.42898562e-01
  0.00000000e+00  5.06658813e-04  2.92367875e-03  6.15423500e-03  6.94414375e-03  1.64293313e-01  4.40667063e-01  2.92367875e-03  5.06658813e-04  0.00000000e+00  1.26649062e-01
  0.00000000e+00  5.66868750e-04  2.76822125e-03  5.71900687e-03  6.42143625e-03  1.53386500e-01  4.16272688e-01  2.76822125e-03  5.66868750e-04  0.00000000e+00  1.12195687e-01
  0.00000000e+00  6.08960813e-04  2.61526812e-03  5.31206063e-03  5.93734438e-03  1.43211688e-01  3.93164313e-01  2.61526812e-03  6.08960813e-04  0.00000000e+00  9.93436937e-02
  3.29597744e-17  6.31985125e-04  2.49902625e-03  5.01390750e-03  5.58523313e-03  1.35763375e-01  3.76042062e-01  2.49902625e-03  6.31985125e-04  3.29597744e-17  9.03212937e-02
  1.57124063e-05  6.34920313e-04  2.46416063e-03  4.92952687e-03  5.48646750e-03  1.33696000e-01  3.71239000e-01  2.46416063e-03  6.34920313e-04  1.57124063e-05  8.78685250e-02
  8.93851938e-05  6.50420688e-04  2.30758875e-03  4.54720875e-03  5.03940750e-03  1.24163313e-01  3.48941500e-01  2.30758875e-03  6.50420688e-04  8.93851938e-05  7.67052063e-02
  1.48159938e-04  6.56230750e-04  2.15678375e-03  4.19020438e-03  4.62499438e-03  1.15219563e-01  3.27693063e-01  2.15678375e-03  6.56230750e-04  1.48159938e-04  6.68718125e-02
  1.92940188e-04  6.52711250e-04  2.01050438e-03  3.85525437e-03  4.23906750e-03  1.06817000e-01  3.07429625e-01  2.01050438e-03  6.52711250e-04  1.92940188e-04  5.82606688e-02
  2.25997125e-04  6.41741688e-04  1.86943188e-03  3.54167875e-03  3.88022688e-03  9.89300125e-02  2.88125125e-01  1.86943188e-03  6.41741688e-04  2.25997125e-04  5.07403000e-02
  2.49218125e-04  6.24902563e-04  1.73426500e-03  3.24905812e-03  3.54749375e-03  9.15408813e-02  2.69765625e-01  1.73426500e-03  6.24902563e-04  2.49218125e-04  4.41997750e-02
  2.64414563e-04  6.03654125e-04  1.60537688e-03  2.97649438e-03  3.23940813e-03  8.46230188e-02  2.52320188e-01  1.60537688e-03  6.03654125e-04  2.64414563e-04  3.85171500e-02
  2.73129813e-04  5.79202000e-04  1.48300563e-03  2.72298625e-03  2.95440000e-03  7.81488313e-02  2.35755625e-01  1.48300563e-03  5.79202000e-04  2.73129813e-04  3.35798250e-02
  2.76595250e-04  5.52507438e-04  1.36728313e-03  2.48767500e-03  2.69119000e-03  7.20968188e-02  2.20046125e-01  1.36728313e-03  5.52507438e-04  2.76595250e-04  2.92947750e-02
  2.75854188e-04  5.24364813e-04  1.25826938e-03  2.26970188e-03  2.44852875e-03  6.64458750e-02  2.05165688e-01  1.25826938e-03  5.24364813e-04  2.75854188e-04  2.55784625e-02
  2.71789938e-04  4.95425438e-04  1.15593375e-03  2.06818625e-03  2.22517562e-03  6.11756000e-02  1.91090188e-01  1.15593375e-03  4.95425438e-04  2.71789938e-04  2.23566188e-02
  2.65144688e-04  4.66219500e-04  1.06016750e-03  1.88222875e-03  2.01992250e-03  5.62663938e-02  1.77792625e-01  1.06016750e-03  4.66219500e-04  2.65144688e-04  1.95633750e-02
  2.56539688e-04  4.37172313e-04  9.70816688e-04  1.71093000e-03  1.83160750e-03  5.16990563e-02  1.65246188e-01  9.70816688e-04  4.37172313e-04  2.56539688e-04  1.71408563e-02
  2.46492250e-04  4.08620938e-04  8.87679563e-04  1.55343000e-03  1.65908313e-03  4.74548813e-02  1.53424688e-01  8.87679563e-04  4.08620938e-04  2.46492250e-04  1.50386563e-02
  2.35430313e-04  3.80823625e-04  8.10519188e-04  1.40883875e-03  1.50126813e-03  4.35158625e-02  1.42300250e-01  8.10519188e-04  3.80823625e-04  2.35430313e-04  1.32125063e-02
  2.23705188e-04  3.53978500e-04  7.39076750e-04  1.27631750e-03  1.35711250e-03  3.98645125e-02  1.31846750e-01  7.39076750e-04  3.53978500e-04  2.23705188e-04  1.16244813e-02
  2.11600938e-04  3.28249688e-04  6.73164375e-04  1.15523563e-03  1.22581750e-03  3.64885125e-02  1.22046313e-01  6.73164375e-04  3.28249688e-04  2.11600938e-04  1.02445063e-02
  1.99357625e-04  3.03728250e-04  6.12426188e-04  1.04466313e-03  1.10627188e-03  3.33680688e-02  1.12863938e-01  6.12426188e-04  3.03728250e-04  1.99357625e-04  9.04153688e-03
  0.00000000e+00  0.00000000e+00  2.74134625e-03  6.45728937e-03  7.24945187e-03  1.94553938e-01  5.19351188e-01  2.74134625e-03  0.00000000e+00  0.00000000e+00  1.77433000e-01
  0.00000000e+00  1.31558938e-04  2.60552125e-03  5.96860937e-03  6.66432063e-03  1.80499375e-01  4.88430938e-01  2.60552125e-03  1.31558938e-04  0.00000000e+00  1.56439500e-01
  0.00000000e+00  2.40955188e-04  2.47854750e-03  5.52852625e-03  6.14134000e-03  1.67656000e-01  4.59671563e-01  2.47854750e-03  2.40955188e-04  0.00000000e+00  1.37701750e-01
  0.00000000e+00  3.24064000e-04  2.35035250e-03  5.11942875e-03  5.66011000e-03  1.55798750e-01  4.32676188e-01  2.35035250e-03  3.24064000e-04  0.00000000e+00  1.21089187e-01
  0.00000000e+00  3.86085063e-04  2.22276938e-03  4.73895000e-03  5.21662125e-03  1.44821625e-01  4.07277750e-01  2.22276938e-03  3.86085063e-04  0.00000000e+00  1.06390687e-01
  0.00000000e+00  4.30328313e-04  2.09709812e-03  4.38587125e-03  4.80861438e-03  1.34667625e-01  3.83396313e-01  2.09709812e-03  4.30328313e-04  0.00000000e+00  9.34818750e-02
  0.00000000e+00  4.60549063e-04  1.97424125e-03  4.05749375e-03  4.43205125e-03  1.25241750e-01  3.60876813e-01  1.97424125e-03  4.60549063e-04  0.00000000e+00  8.21344937e-02
  2.25514250e-17  4.76597500e-04  1.88133500e-03  3.81793250e-03  4.15890938e-03  1.18370375e-01  3.44251437e-01  1.88133500e-03  4.76597500e-04  2.25514250e-17  7.42399063e-02
  1.18186375e-05  4.78408750e-04  1.85364813e-03  3.75046875e-03  4.08253313e-03  1.16469000e-01  3.39602313e-01  1.85364813e-03  4.78408750e-04  1.18186375e-05  7.21130000e-02
  6.70647250e-05  4.88171125e-04  1.72938188e-03  3.44517062e-03  3.73719125e-03  1.07724188e-01  3.18062813e-01  1.72938188e-03  4.88171125e-04  6.70647250e-05  6.24839500e-02
  1.10750063e-04  4.90615063e-04  1.61033125e-03  3.16153562e-03  3.41822500e-03  9.95586063e-02  2.97630250e-01  1.61033125e-03  4.90615063e-04  1.10750063e-04  5.40896438e-02
  1.43688438e-04  4.86097813e-04  1.49548750e-03  2.89681563e-03  3.12228563e-03  9.19254125e-02  2.78231688e-01  1.49548750e-03  4.86097813e-04  1.43688438e-04  4.68084250e-02
  1.67689500e-04  4.76096750e-04  1.38535000e-03  2.65026125e-03  2.84816313e-03  8.47955000e-02  2.59831125e-01  1.38535000e-03  4.76096750e-04  1.67689500e-04  4.05070563e-02
  1.84248750e-04  4.61846625e-04  1.28038000e-03  2.42137313e-03  2.59497688e-03  7.81479875e-02  2.42409563e-01  1.28038000e-03  4.61846625e-04  1.84248750e-04  3.50745625e-02
  1.94787563e-04  4.44470750e-04  1.18082813e-03  2.20925125e-03  2.36143875e-03  7.19542625e-02  2.25928938e-01  1.18082813e-03  4.44470750e-04  1.94787563e-04  3.03934375e-02
  2.00504438e-04  4.24888625e-04  1.08676438e-03  2.01292750e-03  2.14622812e-03  6.61851188e-02  2.10346438e-01  1.08676438e-03  4.24888625e-04  2.00504438e-04  2.63574625e-02
  2.02350750e-04  4.03824563e-04  9.98265625e-04  1.83159125e-03  1.94823750e-03  6.08172625e-02  1.95631875e-01  9.98265625e-04  4.03824563e-04  2.02350750e-04  2.28800625e-02
  2.01127813e-04  3.81871875e-04  9.15294375e-04  1.66442313e-03  1.76641438e-03  5.58283813e-02  1.81753313e-01  9.15294375e-04  3.81871875e-04  2.01127813e-04  1.98847813e-02
  1.97506938e-04  3.59511750e-04  8.37771750e-04  1.51060375e-03  1.59970063e-03  5.11969813e-02  1.68680750e-01  8.37771750e-04  3.59511750e-04  1.97506938e-04  1.73045375e-02
  1.92047375e-04  3.37127563e-04  7.65564625e-04  1.36933250e-03  1.44709625e-03  4.69026500e-02  1.56382250e-01  7.65564625e-04  3.37127563e-04  1.92047375e-04  1.50809313e-02
  1.85217188e-04  3.15025375e-04  6.98501313e-04  1.23980125e-03  1.30761250e-03  4.29255875e-02  1.44827688e-01  6.98501313e-04  3.15025375e-04  1.85217188e-04  1.31630813e-02
  1.77398688e-04  2.93439313e-04  6.36381875e-04  1.12124937e-03  1.18032750e-03  3.92465938e-02  1.33985250e-01  6.36381875e-04  2.93439313e-04  1.77398688e-04  1.15072813e-02
  1.68906000e-04  2.72549563e-04  5.78982500e-04  1.01290688e-03  1.06434188e-03  3.58474625e-02  1.23825750e-01  5.78982500e-04  2.72549563e-04  1.68906000e-04  1.00757375e-02
  1.59997125e-04  2.52486125e-04  5.26066250e-04  9.14065688e-04  9.58795188e-04  3.27107813e-02  1.14317250e-01  5.26066250e-04  2.52486125e-04  1.59997125e-04  8.83613875e-03
  1.50877250e-04  2.33358188e-04  4.77457250e-04  8.24159563e-04  8.63041250e-04  2.98236688e-02  1.05440813e-01  4.77457250e-04  2.33358188e-04  1.50877250e-04  7.76341250e-03
  1.41716500e-04  2.15217688e-04  4.32852563e-04  7.42414313e-04  7.76188438e-04  2.71670063e-02  9.71589188e-02  4.32852563e-04  2.15217688e-04  1.41716500e-04  6.83161563e-03
  0.00000000e+00  0.00000000e+00  2.08898062e-03  4.98582312e-03  5.45908875e-03  1.72584938e-01  4.83808250e-01  2.08898062e-03  0.00000000e+00  0.00000000e+00  1.53464500e-01
  0.00000000e+00  9.99045000e-05  1.97779437e-03  4.58786375e-03  5.00139062e-03  1.59415188e-01  4.53276750e-01  1.97779437e-03  9.99045000e-05  0.00000000e+00  1.33919625e-01
  0.00000000e+00  1.82353313e-04  1.87438750e-03  4.23121062e-03  4.59365187e-03  1.47443688e-01  4.25014250e-01  1.87438750e-03  1.82353313e-04  0.00000000e+00  1.16747625e-01
  0.00000000e+00  2.44394750e-04  1.77091937e-03  3.90159313e-03  4.21982062e-03  1.36447313e-01  3.98608750e-01  1.77091937e-03  2.44394750e-04  0.00000000e+00  1.01727813e-01
  0.00000000e+00  2.90151813e-04  1.66875188e-03  3.59674437e-03  3.87654000e-03  1.26317188e-01  3.73877188e-01  1.66875188e-03  2.90151813e-04  0.00000000e+00  8.86054000e-02
  0.00000000e+00  3.22264750e-04  1.56881688e-03  3.31540562e-03  3.56187062e-03  1.16995125e-01  3.50730625e-01  1.56881688e-03  3.22264750e-04  0.00000000e+00  7.72229688e-02
  0.00000000e+00  3.43691188e-04  1.47173500e-03  3.05511938e-03  3.27248500e-03  1.08383188e-01  3.28999063e-01  1.47173500e-03  3.43691188e-04  0.00000000e+00  6.73289250e-02
  4.33680625e-19  3.54716125e-04  1.39867563e-03  2.86602063e-03  3.06318062e-03  1.02128813e-01  3.13012563e-01  1.39867563e-03  3.54716125e-04  4.33680625e-19  6.05054750e-02
  8.79416750e-06  3.55781750e-04  1.37703813e-03  2.81300563e-03  3.00482375e-03  1.00404438e-01  3.08556438e-01  1.37703813e-03  3.55781750e-04  8.79416750e-06  5.86833250e-02
  4.97843063e-05  3.61705063e-04  1.27997750e-03  2.57344813e-03  2.74130938e-03  9.24894813e-02  2.87948813e-01  1.27997750e-03  3.61705063e-04  4.97843063e-05  5.04746438e-02
  8.19223813e-05  3.62180250e-04  1.18747313e-03  2.35197562e-03  2.49882000e-03  8.51345313e-02  2.68486188e-01  1.18747313e-03  3.62180250e-04  8.19223813e-05  4.33909500e-02
  1.05912375e-04  3.57532563e-04  1.09872563e-03  2.14631938e-03  2.27467812e-03  7.82919813e-02  2.50089563e-01  1.09872563e-03  3.57532563e-04  1.05912375e-04  3.73034188e-02
  1.23171625e-04  3.48901750e-04  1.01405625e-03  1.95572875e-03  2.06785250e-03  7.19306438e-02  2.32715875e-01  1.01405625e-03  3.48901750e-04  1.23171625e-04  3.20817500e-02
  1.34868250e-04  3.37238188e-04  9.33790750e-04  1.77967500e-03  1.87755438e-03  6.60281000e-02  2.16337250e-01  9.33790750e-04  3.37238188e-04  1.34868250e-04  2.76181375e-02
  1.42097813e-04  3.23392438e-04  8.58040938e-04  1.61730938e-03  1.70270500e-03  6.05542563e-02  2.00909625e-01  8.58040938e-04  3.23392438e-04  1.42097813e-04  2.38025188e-02
  1.45780750e-04  3.08053750e-04  7.86824938e-04  1.46776125e-03  1.54219375e-03  5.54791063e-02  1.86385063e-01  7.86824938e-04  3.08053750e-04  1.45780750e-04  2.05371438e-02
  1.46641375e-04  2.91760563e-04  7.20132063e-04  1.33027250e-03  1.39509187e-03  5.07785438e-02  1.72727438e-01  7.20132063e-04  2.91760563e-04  1.46641375e-04  1.77432313e-02
  1.45285000e-04  2.74949063e-04  6.57899625e-04  1.20412125e-03  1.26051875e-03  4.64297625e-02  1.59899875e-01  6.57899625e-04  2.74949063e-04  1.45285000e-04  1.53522813e-02
  1.42216938e-04  2.57967438e-04  6.00018813e-04  1.08857063e-03  1.13760500e-03  4.24109500e-02  1.47867313e-01  6.00018813e-04  2.57967438e-04  1.42216938e-04  1.33052063e-02
  1.37854313e-04  2.41091875e-04  5.46348813e-04  9.82936750e-04  1.02552063e-03  3.87012250e-02  1.36594750e-01  5.46348813e-04  2.41091875e-04  1.37854313e-04  1.15508063e-02
  1.32541375e-04  2.24536563e-04  4.96721813e-04  8.86519063e-04  9.23475000e-04  3.52808625e-02  1.26047250e-01  4.96721813e-04  2.24536563e-04  1.32541375e-04  1.00455688e-02
  1.26560188e-04  2.08462563e-04  4.50951875e-04  7.98661125e-04  8.30702500e-04  3.21310625e-02  1.16191750e-01  4.50951875e-04  2.08462563e-04  1.26560188e-04  8.75214625e-03
  1.20139875e-04  1.92991938e-04  4.08839188e-04  7.18729875e-04  7.46484000e-04  2.92337250e-02  1.06994250e-01  4.08839188e-04  1.92991938e-04  1.20139875e-04  7.63878063e-03
  1.13463625e-04  1.78208813e-04  3.70178688e-04  6.46119563e-04  6.70140563e-04  2.65717438e-02  9.84219688e-02  3.70178688e-04  1.78208813e-04  1.13463625e-04  6.67855563e-03
  1.06681313e-04  1.64184063e-04  3.34813563e-04  5.80366188e-04  6.01144250e-04  2.41325188e-02  9.04527250e-02  3.34813563e-04  1.64184063e-04  1.06681313e-04  5.85065375e-03
  9.99115625e-05  1.50942938e-04  3.02493750e-04  5.20837000e-04  5.38798188e-04  2.18978438e-02  8.30479000e-02  3.02493750e-04  1.50942938e-04  9.99115625e-05  5.13392000e-03
  0.00000000e+00  0.00000000e+00  1.56366375e-03  3.77369312e-03  4.04462375e-03  1.51061875e-01  4.46976063e-01  1.56366375e-03  0.00000000e+00  0.00000000e+00  1.31082375e-01
  0.00000000e+00  7.42418688e-05  1.47432187e-03  3.45667187e-03  3.69219188e-03  1.38916125e-01  4.17145438e-01  1.47432187e-03  7.42418688e-05  0.00000000e+00  1.13197813e-01
  0.00000000e+00  1.35107000e-04  1.39173937e-03  3.17399687e-03  3.37939812e-03  1.27933563e-01  3.89663750e-01  1.39173937e-03  1.35107000e-04  0.00000000e+00  9.77223375e-02
  0.00000000e+00  1.80507313e-04  1.30991563e-03  2.91428937e-03  3.09376250e-03  1.17896188e-01  3.64106063e-01  1.30991563e-03  1.80507313e-04  0.00000000e+00  8.43651188e-02
  0.00000000e+00  2.13623500e-04  1.22976313e-03  2.67544125e-03  2.83247750e-03  1.08695063e-01  3.40276375e-01  1.22976313e-03  2.13623500e-04  0.00000000e+00  7.28402313e-02
  0.00000000e+00  2.36500063e-04  1.15193313e-03  2.45624375e-03  2.59391437e-03  1.00271063e-01  3.18074688e-01  1.15193313e-03  2.36500063e-04  0.00000000e+00  6.29640813e-02
  0.00000000e+00  2.51406438e-04  1.07680750e-03  2.25448937e-03  2.37533500e-03  9.25252250e-02  2.97323000e-01  1.07680750e-03  2.51406438e-04  0.00000000e+00  5.44741188e-02
  0.00000000e+00  2.58823375e-04  1.02054563e-03  2.10850563e-03  2.21773750e-03  8.69214938e-02  2.82110438e-01  1.02054563e-03  2.58823375e-04  0.00000000e+00  4.86697563e-02
  6.43299500e-06  2.59404625e-04  1.00398688e-03  2.06776875e-03  2.17393062e-03  8.53822313e-02  2.77883313e-01  1.00398688e-03  2.59404625e-04  6.43299500e-06  4.71329688e-02
  3.63358875e-05  2.62809625e-04  9.29750063e-04  1.88392563e-03  1.97638188e-03  7.83296438e-02  2.58372625e-01  9.29750063e-04  2.62809625e-04  3.63358875e-05  4.02434813e-02
  5.95901563e-05  2.62240125e-04  8.59362250e-04  1.71479750e-03  1.79528063e-03  7.18076000e-02  2.40027875e-01  8.59362250e-04  2.62240125e-04  5.95901563e-05  3.43576625e-02
  7.67796875e-05  2.57973375e-04  7.92200813e-04  1.55852625e-03  1.62853625e-03  6.57687563e-02  2.22763188e-01  7.92200813e-04  2.57973375e-04  7.67796875e-05  2.93459125e-02
  8.89921125e-05  2.50871875e-04  7.28464250e-04  1.41442125e-03  1.47527875e-03  6.01810375e-02  2.06528500e-01  7.28464250e-04  2.50871875e-04  8.89921125e-05  2.50843938e-02
  9.71197375e-05  2.41649063e-04  6.68346000e-04  1.28195438e-03  1.33482000e-03  5.50209125e-02  1.91291813e-01  6.68346000e-04  2.41649063e-04  9.71197375e-05  2.14720500e-02
  1.01991875e-04  2.30936313e-04  6.11894500e-04  1.16037625e-03  1.20627938e-03  5.02578938e-02  1.77001188e-01  6.11894500e-04  2.30936313e-04  1.01991875e-04  1.84080000e-02
  1.04300125e-04  2.19237125e-04  5.59074313e-04  1.04891625e-03  1.08872813e-03  4.58620625e-02  1.63604562e-01  5.59074313e-04  2.19237125e-04  1.04300125e-04  1.58047500e-02
  1.04584438e-04  2.06945563e-04  5.09842438e-04  9.46931313e-04  9.81435250e-04  4.18093250e-02  1.51061875e-01  5.09842438e-04  2.06945563e-04  1.04584438e-04  1.35923063e-02
  1.03294938e-04  1.94373063e-04  4.64112313e-04  8.53779438e-04  8.83654125e-04  3.80768625e-02  1.39330312e-01  4.64112313e-04  1.94373063e-04  1.03294938e-04  1.17108625e-02
  1.00803938e-04  1.81769500e-04  4.21771063e-04  7.68848125e-04  7.94693500e-04  3.46430750e-02  1.28372750e-01  4.21771063e-04  1.81769500e-04  1.00803938e-04  1.01092125e-02
  9.74163688e-05  1.69326250e-04  3.82683750e-04  6.91548312e-04  7.13885750e-04  3.14877625e-02  1.18151125e-01  3.82683750e-04  1.69326250e-04  9.74163688e-05  8.74403188e-03
  9.33823750e-05  1.57191313e-04  3.46696625e-04  6.21308375e-04  6.40596938e-04  2.85915125e-02  1.08626625e-01  3.46696625e-04  1.57191313e-04  9.33823750e-05  7.57835875e-03
  8.89048625e-05  1.45473688e-04  3.13648625e-04  5.57586313e-04  5.74228000e-04  2.59361250e-02  9.97638500e-02  3.13648625e-04  1.45473688e-04  8.89048625e-05  6.58117063e-03
  8.41475125e-05  1.34252563e-04  2.83367938e-04  4.99866125e-04  5.14210188e-04  2.35043938e-02  9.15274688e-02  2.83367938e-04  1.34252563e-04  8.41475125e-05  5.72627938e-03
  7.92409938e-05  1.23580813e-04  2.55683563e-04  4.47658000e-04  4.60010563e-04  2.12800188e-02  8.38831063e-02  2.55683563e-04  1.23580813e-04  7.92409938e-05  4.99170500e-03
  7.42895500e-05  1.13502563e-04  2.30463500e-04  4.00585063e-04  4.11218063e-04  1.92508875e-02  7.68064750e-02  2.30463500e-04  1.13502563e-04  7.42895500e-05  4.36052125e-03
  6.93764125e-05  1.04028750e-04  2.07506875e-04  3.58150125e-04  3.67295750e-04  1.74001000e-02  7.02584625e-02  2.07506875e-04  1.04028750e-04  6.93764125e-05  3.81578125e-03
  0.00000000e+00  0.00000000e+00  1.15137437e-03  2.80394437e-03  2.95294750e-03  1.30517063e-01  4.09637563e-01  1.15137437e-03  0.00000000e+00  0.00000000e+00  1.10555500e-01
  0.00000000e+00  5.40011625e-05  1.08078437e-03  2.55653000e-03  2.68540687e-03  1.19492375e-01  3.80797750e-01  1.08078437e-03  5.40011625e-05  0.00000000e+00  9.44784000e-02
  0.00000000e+00  9.80356250e-05  1.01602438e-03  2.33708375e-03  2.44891625e-03  1.09573875e-01  3.54352938e-01  1.01602438e-03  9.80356250e-05  0.00000000e+00  8.07689250e-02
  0.00000000e+00  1.30637063e-04  9.52504875e-04  2.13668625e-03  2.23392375e-03  1.00554625e-01  3.29871125e-01  9.52504875e-04  1.30637063e-04  0.00000000e+00  6.90877250e-02
  0.00000000e+00  1.54182250e-04  8.90814000e-04  1.95341938e-03  2.03809312e-03  9.23273625e-02  3.07147313e-01  8.90814000e-04  1.54182250e-04  0.00000000e+00  5.91308938e-02
  0.00000000e+00  1.70209563e-04  8.31368688e-04  1.78616438e-03  1.86004562e-03  8.48307938e-02  2.86071563e-01  8.31368688e-04  1.70209563e-04  0.00000000e+00  5.06990250e-02
  0.00000000e+00  1.80414563e-04  7.74365500e-04  1.63301375e-03  1.69757187e-03  7.79707813e-02  2.66457750e-01  7.74365500e-04  1.80414563e-04  0.00000000e+00  4.35287500e-02
  6.50520937e-18  1.85318938e-04  7.31881375e-04  1.52265563e-03  1.58079188e-03  7.30266500e-02  2.52129188e-01  7.31881375e-04  1.85318938e-04  6.50520937e-18  3.86680188e-02
  4.63284688e-06  1.85606875e-04  7.19449188e-04  1.49198813e-03  1.54843438e-03  7.16732125e-02  2.48161000e-01  7.19449188e-04  1.85606875e-04  4.63284688e-06  3.73917813e-02
  2.61139313e-05  1.87448563e-04  6.63776125e-04  1.35380000e-03  1.40272375e-03  6.54840875e-02  2.29877188e-01  6.63776125e-04  1.87448563e-04  2.61139313e-05  3.16970688e-02
  4.26907625e-05  1.86445250e-04  6.11262688e-04  1.22729750e-03  1.26967938e-03  5.97877875e-02  2.12760500e-01  6.11262688e-04  1.86445250e-04  4.26907625e-05  2.68795250e-02
  5.48309938e-05  1.82822188e-04  5.61424938e-04  1.11098313e-03  1.14766375e-03  5.45381000e-02  1.96722750e-01  5.61424938e-04  1.82822188e-04  5.48309938e-05  2.28139188e-02
  6.33519813e-05  1.77216688e-04  5.14371688e-04  1.00423625e-03  1.03596500e-03  4.97032313e-02  1.81708000e-01  5.14371688e-04  1.77216688e-04  6.33519813e-05  1.93862438e-02
  6.89220750e-05  1.70152313e-04  4.70212188e-04  9.06582625e-04  9.34015375e-04  4.52591625e-02  1.67677250e-01  4.70212188e-04  1.70152313e-04  6.89220750e-05  1.65041188e-02
  7.21570188e-05  1.62088375e-04  4.28947813e-04  8.17384625e-04  8.41085375e-04  4.11760875e-02  1.54575563e-01  4.28947813e-04  1.62088375e-04  7.21570188e-05  1.40777438e-02
  7.35658375e-05  1.53387188e-04  3.90519938e-04  7.35985750e-04  7.56444500e-04  3.74248063e-02  1.42344937e-01  3.90519938e-04  1.53387188e-04  7.35658375e-05  1.20305063e-02
  7.35458875e-05  1.44329875e-04  3.54864750e-04  6.61841125e-04  6.79485063e-04  3.39819063e-02  1.30942313e-01  3.54864750e-04  1.44329875e-04  7.35458875e-05  1.03017063e-02
  7.24249938e-05  1.35137625e-04  3.21894375e-04  5.94425938e-04  6.09628250e-04  3.08252875e-02  1.20323688e-01  3.21894375e-04  1.35137625e-04  7.24249938e-05  8.84029563e-03
  7.04723250e-05  1.25982500e-04  2.91501063e-04  5.33234500e-04  5.46321188e-04  2.79343313e-02  1.10447125e-01  2.91501063e-04  1.25982500e-04  7.04723250e-05  7.60293938e-03
  6.79079063e-05  1.16996750e-04  2.63564750e-04  4.77785813e-04  4.89041000e-04  2.52895438e-02  1.01272563e-01  2.63564750e-04  1.16996750e-04  6.79079063e-05  6.55341813e-03
  6.49100625e-05  1.08281250e-04  2.37951750e-04  4.27622000e-04  4.37292813e-04  2.28726125e-02  9.27601375e-02  2.37951750e-04  1.08281250e-04  6.49100625e-05  5.66134063e-03
  6.16227688e-05  9.99059375e-05  2.14527875e-04  3.82309250e-04  3.90611625e-04  2.06665375e-02  8.48724438e-02  2.14527875e-04  9.99059375e-05  6.16227688e-05  4.90130438e-03
  5.81612688e-05  9.19223813e-05  1.93153313e-04  3.41438563e-04  3.48559563e-04  1.86550188e-02  7.75729750e-02  1.93153313e-04  9.19223813e-05  5.81612688e-05  4.25213938e-03
  5.46166375e-05  8.43627938e-05  1.73690063e-04  3.04628000e-04  3.10730688e-04  1.68231375e-02  7.08265313e-02  1.73690063e-04  8.43627938e-05  5.46166375e-05  3.69619750e-03
  5.10613813e-05  7.72533313e-05  1.56030063e-04  2.71579500e-04  2.76806937e-04  1.51594000e-02  6.46078063e-02  1.56030063e-04  7.72533313e-05  5.10613813e-05  3.21998125e-03
  4.75519438e-05  7.05965750e-05  1.40017438e-04  2.41911125e-04  2.46384438e-04  1.36484063e-02  5.88776188e-02  1.40017438e-04  7.05965750e-05  4.75519438e-05  2.81014313e-03
  0.00000000e+00  0.00000000e+00  8.32907437e-04  2.04308062e-03  2.12145250e-03  1.11235688e-01  3.72234750e-01  8.32907437e-04  0.00000000e+00  0.00000000e+00  9.19328438e-02
  0.00000000e+00  3.83385375e-05  7.78084625e-04  1.85398375e-03  1.92142187e-03  1.01391125e-01  3.44645813e-01  7.78084625e-04  3.83385375e-05  0.00000000e+00  7.77507563e-02
  0.00000000e+00  6.94855688e-05  7.28217250e-04  1.68720625e-03  1.74542250e-03  9.25779250e-02  3.19467813e-01  7.28217250e-04  6.94855688e-05  0.00000000e+00  6.58260875e-02
  0.00000000e+00  9.24103000e-05  6.79859250e-04  1.53584937e-03  1.58621375e-03  8.46026500e-02  2.96263938e-01  6.79859250e-04  9.24103000e-05  0.00000000e+00  5.57919688e-02
  0.00000000e+00  1.08829750e-04  6.33319500e-04  1.39822563e-03  1.44187687e-03  7.73622750e-02  2.74821062e-01  6.33319500e-04  1.08829750e-04  0.00000000e+00  4.73395563e-02
  0.00000000e+00  1.19860375e-04  5.88831500e-04  1.27333438e-03  1.31123500e-03  7.07969938e-02  2.55025125e-01  5.88831500e-04  1.19860375e-04  0.00000000e+00  4.02640125e-02
  0.00000000e+00  1.26735375e-04  5.46463375e-04  1.15957875e-03  1.19252813e-03  6.48169750e-02  2.36681313e-01  5.46463375e-04  1.26735375e-04  0.00000000e+00  3.43104438e-02
  3.25260937e-17  1.29926750e-04  5.15045438e-04  1.07793750e-03  1.10750563e-03  6.05231813e-02  2.23326688e-01  5.15045438e-04  1.29926750e-04  3.25260937e-17  3.03078375e-02
  3.27968938e-06  1.30048500e-04  5.05902938e-04  1.05533937e-03  1.08402687e-03  5.93516875e-02  2.19640500e-01  5.05902938e-04  1.30048500e-04  3.27968938e-06  2.92653188e-02
  1.84520938e-05  1.30971500e-04  4.65012375e-04  9.53706188e-04  9.78438063e-04  5.40051500e-02  2.02685625e-01  4.65012375e-04  1.30971500e-04  1.84520938e-05  2.46344938e-02
  3.00769563e-05  1.29899938e-04  4.26646813e-04  8.61106625e-04  8.82424563e-04  4.91072375e-02  1.86883813e-01  4.26646813e-04  1.29899938e-04  3.00769563e-05  2.07542813e-02
  3.85166563e-05  1.27006000e-04  3.90429625e-04  7.76381938e-04  7.94743063e-04  4.46141375e-02  1.72142063e-01  3.90429625e-04  1.27006000e-04  3.85166563e-05  1.75081813e-02
  4.43718750e-05  1.22750125e-04  3.56410188e-04  6.98997563e-04  7.14799000e-04  4.04951438e-02  1.58400313e-01  3.56410188e-04  1.22750125e-04  4.43718750e-05  1.47937000e-02
  4.81324125e-05  1.17508688e-04  3.24641938e-04  6.28543000e-04  6.42135750e-04  3.67265438e-02  1.45615625e-01  3.24641938e-04  1.17508688e-04  4.81324125e-05  1.25290063e-02
  5.02464000e-05  1.11608875e-04  2.95098125e-04  5.64488375e-04  5.76172625e-04  3.32797438e-02  1.33729938e-01  2.95098125e-04  1.11608875e-04  5.02464000e-05  1.06360875e-02
  5.10815250e-05  1.05306875e-04  2.67711938e-04  5.06300125e-04  5.16334938e-04  3.01273188e-02  1.22683250e-01  2.67711938e-04  1.05306875e-04  5.10815250e-05  9.04934125e-03
  5.09238063e-05  9.87980000e-05  2.42415625e-04  4.53535438e-04  4.62145813e-04  2.72469688e-02  1.12427625e-01  2.42415625e-04  9.87980000e-05  5.09238063e-05  7.71754813e-03
  5.00078875e-05  9.22351813e-05  2.19127188e-04  4.05772438e-04  4.13154438e-04  2.46178875e-02  1.02918000e-01  2.19127188e-04  9.22351813e-05  5.00078875e-05  6.59787813e-03
  4.85252188e-05  8.57366688e-05  1.97750875e-04  3.62609250e-04  3.68931938e-04  2.22205688e-02  9.41104438e-02  1.97750875e-04  8.57366688e-05  4.85252188e-05  5.65466313e-03
  4.66311000e-05  7.93915438e-05  1.78183813e-04  3.23666938e-04  3.29076438e-04  2.00371063e-02  8.59636063e-02  1.78183813e-04  7.93915438e-05  4.66311000e-05  4.85825875e-03
  4.44510063e-05  7.32657250e-05  1.60319813e-04  2.88587625e-04  2.93211938e-04  1.80505875e-02  7.84372000e-02  1.60319813e-04  7.32657250e-05  4.44510063e-05  4.18410000e-03
  4.20853000e-05  6.74055500e-05  1.44048063e-04  2.57035438e-04  2.60984563e-04  1.62451313e-02  7.14929188e-02  1.44048063e-04  6.74055500e-05  4.20853000e-05  3.61184688e-03
  3.96136250e-05  6.18424188e-05  1.29258563e-04  2.28696250e-04  2.32066250e-04  1.46062063e-02  6.50936688e-02  1.29258563e-04  6.18424188e-05  3.96136250e-05  3.12468750e-03
  3.70987063e-05  5.65953375e-05  1.15843375e-04  2.03278250e-04  2.06152000e-04  1.31200250e-02  5.92043438e-02  1.15843375e-04  5.65953375e-05  3.70987063e-05  2.70875500e-03
  3.45899750e-05  5.16795000e-05  1.03719375e-04  1.80554313e-04  1.83003000e-04  1.17761750e-02  5.37990438e-02  1.03719375e-04  5.16795000e-05  3.45899750e-05  2.35346125e-03
  3.21255375e-05  4.70933938e-05  9.27682563e-05  1.60237563e-04  1.62322125e-04  1.05609625e-02  4.88395750e-02  9.27682563e-05  4.70933938e-05  3.21255375e-05  2.04846188e-03
  0.00000000e+00  0.00000000e+00  5.91073937e-04  1.45806500e-03  1.49730500e-03  9.34502375e-02  3.35190625e-01  5.91073937e-04  0.00000000e+00  0.00000000e+00  7.52620000e-02
  0.00000000e+00  2.64764313e-05  5.49253250e-04  1.31662625e-03  1.35020500e-03  8.48047188e-02  3.09085500e-01  5.49253250e-04  2.64764313e-05  0.00000000e+00  6.29976375e-02
  0.00000000e+00  4.79546063e-05  5.11590625e-04  1.19261938e-03  1.22146688e-03  7.71033688e-02  2.85371500e-01  5.11590625e-04  4.79546063e-05  0.00000000e+00  5.28249250e-02
  0.00000000e+00  6.37045563e-05  4.75518000e-04  1.08082500e-03  1.10564188e-03  7.01674438e-02  2.63617438e-01  4.75518000e-04  6.37045563e-05  0.00000000e+00  4.43681938e-02
  0.00000000e+00  7.49159750e-05  4.41143063e-04  9.79783062e-04  1.00118000e-03  6.39001125e-02  2.43602500e-01  4.41143063e-04  7.49159750e-05  0.00000000e+00  3.73262438e-02
  0.00000000e+00  8.23687750e-05  4.08564875e-04  8.88614375e-04  9.07102375e-04  5.82442563e-02  2.25208563e-01  4.08564875e-04  8.23687750e-05  0.00000000e+00  3.14974688e-02
  0.00000000e+00  8.69274688e-05  3.77760500e-04  8.06009875e-04  8.22008250e-04  5.31160563e-02  2.08238688e-01  3.77760500e-04  8.69274688e-05  0.00000000e+00  2.66431875e-02
  0.00000000e+00  8.89777063e-05  3.55037313e-04  7.46977125e-04  7.61276000e-04  4.94473375e-02  1.95928063e-01  3.55037313e-04  8.89777063e-05  0.00000000e+00  2.34059188e-02
  2.27857938e-06  8.90140313e-05  3.48462563e-04  7.30706313e-04  7.44562062e-04  4.84496875e-02  1.92539813e-01  3.48462563e-04  8.90140313e-05  2.27857938e-06  2.25692813e-02
  1.27985750e-05  8.94369938e-05  3.19095938e-04  6.57639875e-04  6.69525062e-04  4.39053688e-02  1.76988937e-01  3.19095938e-04  8.94369938e-05  1.27985750e-05  1.88690813e-02
  2.08067000e-05  8.84904625e-05  2.91690813e-04  5.91393500e-04  6.01584250e-04  3.97616625e-02  1.62559125e-01  2.91690813e-04  8.84904625e-05  2.08067000e-05  1.57973750e-02
  2.65740750e-05  8.63017625e-05  2.65957563e-04  5.31074563e-04  5.39805938e-04  3.59776688e-02  1.49157313e-01  2.65957563e-04  8.63017625e-05  2.65740750e-05  1.32491313e-02
  3.05318938e-05  8.31944063e-05  2.41909375e-04  4.76243375e-04  4.83718375e-04  3.25244625e-02  1.36719563e-01  2.41909375e-04  8.31944063e-05  3.05318938e-05  1.11350313e-02
  3.30308750e-05  7.94335500e-05  2.19563625e-04  4.26559250e-04  4.32955063e-04  2.93793500e-02  1.25198875e-01  2.19563625e-04  7.94335500e-05  3.30308750e-05  9.38425563e-03
  3.43898938e-05  7.52460938e-05  1.98880500e-04  3.81596563e-04  3.87066063e-04  2.65159063e-02  1.14535188e-01  1.98880500e-04  7.52460938e-05  3.43898938e-05  7.93082063e-03
  3.48692500e-05  7.08085125e-05  1.79794188e-04  3.40936375e-04  3.45609563e-04  2.39085438e-02  1.04667500e-01  1.79794188e-04  7.08085125e-05  3.48692500e-05  6.71997563e-03
  3.46704250e-05  6.62547938e-05  1.62242750e-04  3.04230813e-04  3.08218938e-04  2.15367438e-02  9.55458813e-02  1.62242750e-04  6.62547938e-05  3.46704250e-05  5.70937625e-03
  3.39580313e-05  6.16887313e-05  1.46153375e-04  2.71150188e-04  2.74551063e-04  1.93814000e-02  8.71244000e-02  1.46153375e-04  6.16887313e-05  3.39580313e-05  4.86406188e-03
  3.28654813e-05  5.71893875e-05  1.31447063e-04  2.41384438e-04  2.44282188e-04  1.74246125e-02  7.93586438e-02  1.31447063e-04  5.71893875e-05  3.28654813e-05  4.15522375e-03
  3.15008313e-05  5.28158875e-05  1.18040938e-04  2.14645688e-04  2.17111313e-04  1.56501688e-02  7.22062313e-02  1.18040938e-04  5.28158875e-05  3.15008313e-05  3.55916625e-03
  2.99502563e-05  4.86106625e-05  1.05850938e-04  1.90661875e-04  1.92758438e-04  1.40427688e-02  6.56270438e-02  1.05850938e-04  4.86106625e-05  2.99502563e-05  3.05646500e-03
  2.82827813e-05  4.46034188e-05  9.47902250e-05  1.69179188e-04  1.70960688e-04  1.25882125e-02  5.95827938e-02  9.47902250e-05  4.46034188e-05  2.82827813e-05  2.63114125e-03
  2.65524500e-05  4.08131500e-05  8.47764750e-05  1.49965563e-04  1.51477000e-04  1.12735813e-02  5.40369625e-02  8.47764750e-05  4.08131500e-05  2.65524500e-05  2.27014313e-03
  2.48017688e-05  3.72506625e-05  7.57280313e-05  1.32803125e-04  1.34084438e-04  1.00864938e-02  4.89549625e-02  7.57280313e-05  3.72506625e-05  2.48017688e-05  1.96274500e-03
  2.30639625e-05  3.39244500e-05  6.75811938e-05  1.17522750e-04  1.18609000e-04  9.01786125e-03  4.43109938e-02  6.75811938e-05  3.39244500e-05  2.30639625e-05  1.70082938e-03
  2.13641375e-05  3.08313875e-05  6.02496625e-05  1.03917438e-04  1.04836688e-04  8.05564750e-03  4.00684438e-02  6.02496625e-05  3.08313875e-05  2.13641375e-05  1.47650313e-03
  0.00000000e+00  0.00000000e+00  4.10858875e-04  1.01781937e-03  1.03647500e-03  7.73314625e-02  2.98914188e-01  4.10858875e-04  0.00000000e+00  0.00000000e+00  6.05649688e-02
  0.00000000e+00  1.77123000e-05  3.79553187e-04  9.14375875e-04  9.30255125e-04  6.98693625e-02  2.74488000e-01  3.79553187e-04  1.77123000e-05  0.00000000e+00  5.01801625e-02
  0.00000000e+00  3.21046000e-05  3.51682063e-04  8.24265812e-04  8.37831500e-04  6.32543250e-02  2.52404875e-01  3.51682063e-04  3.21046000e-05  0.00000000e+00  4.16791375e-02
  0.00000000e+00  4.26511250e-05  3.25350625e-04  7.43591625e-04  7.55205750e-04  5.73248813e-02  2.32237813e-01  3.25350625e-04  4.26511250e-05  0.00000000e+00  3.46952750e-02
  0.00000000e+00  5.01353938e-05  3.00528125e-04  6.71136812e-04  6.81096500e-04  5.19916250e-02  2.13766813e-01  3.00528125e-04  5.01353938e-05  0.00000000e+00  2.89447625e-02
  0.00000000e+00  5.50762875e-05  2.77220438e-04  6.06155250e-04  6.14716563e-04  4.72014250e-02  1.96868813e-01  2.77220438e-04  5.50762875e-05  0.00000000e+00  2.42370125e-02
  0.00000000e+00  5.80572938e-05  2.55348375e-04  5.47598812e-04  5.54970813e-04  4.28775688e-02  1.81347875e-01  2.55348375e-04  5.80572938e-05  0.00000000e+00  2.03554750e-02
  6.50520937e-18  5.93646188e-05  2.39303250e-04  5.05930188e-04  5.12492938e-04  3.97955250e-02  1.70128188e-01  2.39303250e-04  5.93646188e-05  6.50520937e-18  1.77871250e-02
  1.55122500e-06  5.93648563e-05  2.34686438e-04  4.94492063e-04  5.00844750e-04  3.89601313e-02  1.67050000e-01  2.34686438e-04  5.93648563e-05  1.55122500e-06  1.71284000e-02
  8.70119063e-06  5.95447313e-05  2.14099125e-04  4.43219875e-04  4.48639375e-04  3.51620438e-02  1.52948125e-01  2.14099125e-04  5.95447313e-05  8.70119063e-06  1.42269938e-02
  1.41131875e-05  5.88052625e-05  1.94992875e-04  3.96962375e-04  4.01585563e-04  3.17145563e-02  1.39922313e-01  1.94992875e-04  5.88052625e-05  1.41131875e-05  1.18400125e-02
  1.79830375e-05  5.72359188e-05  1.77149625e-04  3.55049563e-04  3.58988687e-04  2.85805625e-02  1.27878500e-01  1.77149625e-04  5.72359188e-05  1.79830375e-05  9.87563063e-03
  2.06123875e-05  5.50584375e-05  1.60558875e-04  3.17131000e-04  3.20485875e-04  2.57333500e-02  1.16749750e-01  1.60558875e-04  5.50584375e-05  2.06123875e-05  8.25817000e-03
  2.22461938e-05  5.24542188e-05  1.45217688e-04  2.82934750e-04  2.85789563e-04  2.31519125e-02  1.06489063e-01  1.45217688e-04  5.24542188e-05  2.22461938e-05  6.92806313e-03
  2.31061438e-05  4.95773938e-05  1.31084313e-04  2.52130125e-04  2.54558750e-04  2.08121375e-02  9.70336563e-02  1.31084313e-04  4.95773938e-05  2.31061438e-05  5.83085375e-03
  2.33721188e-05  4.65468875e-05  1.18100813e-04  2.24399125e-04  2.26462688e-04  1.86909250e-02  8.83220250e-02  1.18100813e-04  4.65468875e-05  2.33721188e-05  4.92196250e-03
  2.31831313e-05  4.34525688e-05  1.06212250e-04  1.99474938e-04  2.01226438e-04  1.67697688e-02  8.03048250e-02  1.06212250e-04  4.34525688e-05  2.31831313e-05  4.16729313e-03
  2.26523625e-05  4.03632063e-05  9.53590938e-05  1.77109750e-04  1.78595125e-04  1.50315563e-02  7.29353688e-02  9.53590938e-05  4.03632063e-05  2.26523625e-05  3.53893500e-03
  2.18707938e-05  3.73308313e-05  8.54797063e-05  1.57073375e-04  1.58331750e-04  1.34603875e-02  6.61694375e-02  8.54797063e-05  3.73308313e-05  2.18707938e-05  3.01419063e-03
  2.09118813e-05  3.43939563e-05  7.65095563e-05  1.39150125e-04  1.40215375e-04  1.20417500e-02  5.99652500e-02  7.65095563e-05  3.43939563e-05  2.09118813e-05  2.57454438e-03
  1.98341500e-05  3.15796938e-05  6.83842500e-05  1.23140813e-04  1.24041125e-04  1.07621563e-02  5.42832875e-02  6.83842500e-05  3.15796938e-05  1.98341500e-05  2.20493563e-03
  1.86839375e-05  2.89065563e-05  6.10405000e-05  1.08860688e-04  1.09621875e-04  9.60932500e-03  4.90861625e-02  6.10405000e-05  2.89065563e-05  1.86839375e-05  1.89312438e-03
  1.74973625e-05  2.63858375e-05  5.44164188e-05  9.61409500e-05  9.67832188e-05  8.57173188e-03  4.43383688e-02  5.44164188e-05  2.63858375e-05  1.74973625e-05  1.62915125e-03
  1.63027375e-05  2.40236250e-05  4.84527938e-05  8.48257125e-05  8.53672500e-05  7.63892063e-03  4.00067000e-02  4.84527938e-05  2.40236250e-05  1.63027375e-05  1.40490125e-03
  1.51220625e-05  2.18245250e-05  4.31030250e-05  7.47924625e-05  7.52488750e-05  6.80276000e-03  3.60660563e-02  4.31030250e-05  2.18245250e-05  1.51220625e-05  1.21425000e-03
  1.39716563e-05  1.97854063e-05  3.83058938e-05  6.58941938e-05  6.62784938e-05  6.05308687e-03  3.24817438e-02  3.83058938e-05  1.97854063e-05  1.39716563e-05  1.05132188e-03
  0.00000000e+00  0.00000000e+00  2.79200312e-04  6.93805187e-04  7.02193437e-04  6.29836875e-02  2.63778563e-01  2.79200312e-04  0.00000000e+00  0.00000000e+00  4.78256688e-02
  0.00000000e+00  1.14140063e-05  2.56234750e-04  6.19915750e-04  6.27015625e-04  5.66573500e-02  2.41191313e-01  2.56234750e-04  1.14140063e-05  0.00000000e+00  3.92272938e-02
  0.00000000e+00  2.07454500e-05  2.36054250e-04  5.56000750e-04  5.62033375e-04  5.10759438e-02  2.20868063e-01  2.36054250e-04  2.07454500e-05  0.00000000e+00  3.22784625e-02
  0.00000000e+00  2.76076813e-05  2.17273938e-04  4.99206312e-04  5.04342688e-04  4.60960250e-02  2.02393938e-01  2.17273938e-04  2.76076813e-05  0.00000000e+00  2.66353188e-02
  0.00000000e+00  3.24830813e-05  1.99781688e-04  4.48538500e-04  4.52920625e-04  4.16373563e-02  1.85549875e-01  1.99781688e-04  3.24830813e-05  0.00000000e+00  2.20394938e-02
  0.00000000e+00  3.56960250e-05  1.83521063e-04  4.03385875e-04  4.07131875e-04  3.76512250e-02  1.70210875e-01  1.83521063e-04  3.56960250e-05  0.00000000e+00  1.83170313e-02
  0.00000000e+00  3.76224750e-05  1.68386750e-04  3.62928188e-04  3.66137063e-04  3.40691188e-02  1.56184000e-01  1.68386750e-04  3.76224750e-05  0.00000000e+00  1.52777313e-02
  0.00000000e+00  3.84559000e-05  1.57348938e-04  3.34265250e-04  3.37110062e-04  3.15248625e-02  1.46081313e-01  1.57348938e-04  3.84559000e-05  0.00000000e+00  1.32819188e-02
  1.03278938e-06  3.84468688e-05  1.54190063e-04  3.26429875e-04  3.29180625e-04  3.08375063e-02  1.43318125e-01  1.54190063e-04  3.84468688e-05  1.03278938e-06  1.27738250e-02
  5.78711375e-06  3.85287188e-05  1.40133438e-04  2.91371500e-04  2.93706125e-04  2.77181500e-02  1.30685250e-01  1.40133438e-04  3.85287188e-05  5.78711375e-06  1.05444250e-02
  9.36894438e-06  3.80076000e-05  1.27162063e-04  2.59902188e-04  2.61882688e-04  2.48994750e-02  1.19070375e-01  1.27162063e-04  3.80076000e-05  9.36894438e-06  8.72614125e-03
  1.19146125e-05  3.69437188e-05  1.15114125e-04  2.31529000e-04  2.33207438e-04  2.23484813e-02  1.08378625e-01  1.15114125e-04  3.69437188e-05  1.19146125e-05  7.24120875e-03
  1.36291813e-05  3.54843625e-05  1.03968813e-04  2.05983250e-04  2.07404625e-04  2.00411500e-02  9.85444688e-02  1.03968813e-04  3.54843625e-05  1.36291813e-05  6.02717813e-03
  1.46792313e-05  3.37503625e-05  9.37128375e-05  1.83055000e-04  1.84257313e-04  1.79586688e-02  8.95181813e-02  9.37128375e-05  3.37503625e-05  1.46792313e-05  5.03534188e-03
  1.52147125e-05  3.18436313e-05  8.43080063e-05  1.62495500e-04  1.63512750e-04  1.60793500e-02  8.12380250e-02  8.43080063e-05  3.18436313e-05  1.52147125e-05  4.22195438e-03
  1.53572313e-05  2.98427250e-05  7.57055125e-05  1.44069750e-04  1.44929063e-04  1.43830813e-02  7.36433250e-02  7.57055125e-05  2.98427250e-05  1.53572313e-05  3.55165563e-03
  1.52004750e-05  2.78062188e-05  6.78617313e-05  1.27581938e-04  1.28308125e-04  1.28534500e-02  6.66853563e-02  6.78617313e-05  2.78062188e-05  1.52004750e-05  2.99764125e-03
  1.48201125e-05  2.57791313e-05  6.07304063e-05  1.12851063e-04  1.13463250e-04  1.14754500e-02  6.03181250e-02  6.07304063e-05  2.57791313e-05  1.48201125e-05  2.53824250e-03
  1.42772875e-05  2.37949938e-05  5.42642563e-05  9.97099938e-05  1.00225375e-04  1.02351875e-02  5.44984313e-02  5.42642563e-05  2.37949938e-05  1.42772875e-05  2.15596313e-03
  1.36207438e-05  2.18785125e-05  4.84157125e-05  8.80043125e-05  8.84384250e-05  9.12019750e-03  4.91857750e-02  4.84157125e-05  2.18785125e-05  1.36207438e-05  1.83667188e-03
  1.28893938e-05  2.00466000e-05  4.31377875e-05  7.75919625e-05  7.79569625e-05  8.11880375e-03  4.43419500e-02  4.31377875e-05  2.00466000e-05  1.28893938e-05  1.56898688e-03
  1.21137688e-05  1.83108500e-05  3.83848750e-05  6.83425688e-05  6.86491500e-05  7.22041187e-03  3.99312563e-02  3.83848750e-05  1.83108500e-05  1.21137688e-05  1.34372063e-03
  1.13177688e-05  1.66781500e-05  3.41131750e-05  6.01369313e-05  6.03942000e-05  6.41530625e-03  3.59199000e-02  3.41131750e-05  1.66781500e-05  1.13177688e-05  1.15342625e-03
  1.05196125e-05  1.51516125e-05  3.02808000e-05  5.28666500e-05  5.30822125e-05  5.69456750e-03  3.22765563e-02  3.02808000e-05  1.51516125e-05  1.05196125e-05  9.92104625e-04
  9.73388125e-06  1.37340063e-05  2.68549313e-05  4.64459313e-05  4.66265813e-05  5.05129125e-03  2.89769563e-02  2.68549313e-05  1.37340063e-05  9.73388125e-06  8.55228188e-04
  8.97091813e-06  1.24224438e-05  2.37932688e-05  4.07738750e-05  4.09251188e-05  4.47699687e-03  2.59892688e-02  2.37932688e-05  1.24224438e-05  8.97091813e-06  7.38474750e-04
  0.00000000e+00  0.00000000e+00  1.85088500e-04  4.60946375e-04  4.64493312e-04  5.04498000e-02  2.30135625e-01  1.85088500e-04  0.00000000e+00  0.00000000e+00  3.69904250e-02
  0.00000000e+00  7.03039875e-06  1.68603437e-04  4.09469062e-04  4.12453875e-04  4.51847500e-02  2.09508250e-01  1.68603437e-04  7.03039875e-06  0.00000000e+00  3.00401000e-02
  0.00000000e+00  1.28524250e-05  1.54329750e-04  3.65284562e-04  3.67806250e-04  4.05615938e-02  1.91037063e-01  1.54329750e-04  1.28524250e-05  0.00000000e+00  2.44931188e-02
  0.00000000e+00  1.71752875e-05  1.41268375e-04  3.26340062e-04  3.28475562e-04  3.64555875e-02  1.74324938e-01  1.41268375e-04  1.71752875e-05  0.00000000e+00  2.00389500e-02
  0.00000000e+00  2.02683500e-05  1.29262938e-04  2.91849062e-04  2.93660500e-04  3.27958063e-02  1.59156875e-01  1.29262938e-04  2.02683500e-05  0.00000000e+00  1.64500563e-02
  0.00000000e+00  2.23178063e-05  1.18225938e-04  2.61317250e-04  2.62858625e-04  2.95388375e-02  1.45409875e-01  1.18225938e-04  2.23178063e-05  0.00000000e+00  1.35733500e-02
  0.00000000e+00  2.35517625e-05  1.08043750e-04  2.34125875e-04  2.35438250e-04  2.66247688e-02  1.32895000e-01  1.08043750e-04  2.35517625e-05  0.00000000e+00  1.12467188e-02
  6.50518750e-19  2.40880000e-05  1.00664500e-04  2.14949062e-04  2.16108313e-04  2.45623813e-02  1.23915250e-01  1.00664500e-04  2.40880000e-05  6.50518750e-19  9.73009500e-03
  6.71021125e-07  2.40818250e-05  9.85647688e-05  2.09729437e-04  2.10848750e-04  2.40068875e-02  1.21467063e-01  9.85647688e-05  2.40818250e-05  6.71021125e-07  9.34669250e-03
  3.75751188e-06  2.41382188e-05  8.92397063e-05  1.86419250e-04  1.87364500e-04  2.14909375e-02  1.10296188e-01  8.92397063e-05  2.41382188e-05  3.75751188e-06  7.67085500e-03
  6.07470750e-06  2.38087313e-05  8.06866313e-05  1.65605375e-04  1.66401562e-04  1.92276563e-02  1.00072438e-01  8.06866313e-05  2.38087313e-05  6.07470750e-06  6.31519438e-03
  7.71368813e-06  2.31315500e-05  7.27861625e-05  1.46931938e-04  1.47603125e-04  1.71883375e-02  9.07049625e-02  7.27861625e-05  2.31315500e-05  7.71368813e-06  5.21604438e-03
  8.80955313e-06  2.22016000e-05  6.55150313e-05  1.30202125e-04  1.30767250e-04  1.53518688e-02  8.21287563e-02  6.55150313e-05  2.22016000e-05  8.80955313e-06  4.32332875e-03
  9.47226688e-06  2.10969688e-05  5.88565313e-05  1.15257938e-04  1.15734063e-04  1.37016438e-02  7.42936938e-02  5.88565313e-05  2.10969688e-05  9.47226688e-06  3.59837125e-03
  9.80059375e-06  1.98832313e-05  5.27780500e-05  1.01919688e-04  1.02319750e-04  1.22189563e-02  6.71393813e-02  5.27780500e-05  1.98832313e-05  9.80059375e-06  3.00696813e-03
  9.87447438e-06  1.86109313e-05  4.72416500e-05  9.00195813e-05  9.03557688e-05  1.08865000e-02  6.06074125e-02  4.72416500e-05  1.86109313e-05  9.87447438e-06  2.52184188e-03
  9.75537500e-06  1.73176063e-05  4.22139625e-05  7.94174500e-05  7.96996250e-05  9.69009688e-03  5.46503813e-02  4.22139625e-05  1.73176063e-05  9.75537500e-06  2.12248188e-03
  9.49294938e-06  1.60319813e-05  3.76609188e-05  6.99859875e-05  7.02224563e-05  8.61686750e-03  4.92239938e-02  3.76609188e-05  1.60319813e-05  9.49294938e-06  1.79248188e-03
  9.12706000e-06  1.47754625e-05  3.35480375e-05  6.16077250e-05  6.18058750e-05  7.65509938e-03  4.42868438e-02  3.35480375e-05  1.47754625e-05  9.12706000e-06  1.51868875e-03
  8.68955063e-06  1.35635625e-05  2.98416313e-05  5.41757625e-05  5.43415063e-05  6.79410938e-03  3.98004250e-02  2.98416313e-05  1.35635625e-05  8.68955063e-06  1.29061188e-03
  8.20561625e-06  1.24069750e-05  2.65087063e-05  4.75918375e-05  4.77303750e-05  6.02414500e-03  3.57287313e-02  2.65087063e-05  1.24069750e-05  8.20561625e-06  1.09984188e-03
  7.69505000e-06  1.13128063e-05  2.35176625e-05  4.17670375e-05  4.18826688e-05  5.33631375e-03  3.20379813e-02  2.35176625e-05  1.13128063e-05  7.69505000e-06  9.39618063e-04
  7.17323688e-06  1.02852438e-05  2.08385000e-05  3.66200750e-05  3.67165063e-05  4.72251312e-03  2.86967563e-02  2.08385000e-05  1.02852438e-05  7.17323688e-06  8.04530438e-04
  6.65198188e-06  9.32612375e-06  1.84428188e-05  3.20776625e-05  3.21580813e-05  4.17535187e-03  2.56759500e-02  1.84428188e-05  9.32612375e-06  6.65198188e-06  6.90214188e-04
  6.14047750e-06  8.43694250e-06  1.63083125e-05  2.80819813e-05  2.81489063e-05  3.68909750e-03  2.29528813e-02  1.63083125e-05  8.43694250e-06  6.14047750e-06  5.93396500e-04
  5.64534375e-06  7.61579875e-06  1.44069688e-05  2.45657500e-05  2.46214625e-05  3.25680937e-03  2.04985313e-02  1.44069688e-05  7.61579875e-06  5.64534375e-06  5.10962875e-04
  0.00000000e+00  0.00000000e+00  1.19383812e-04  2.97758312e-04  2.99159687e-04  3.97081563e-02  1.98291500e-01  1.19383812e-04  0.00000000e+00  0.00000000e+00  2.79619813e-02
  0.00000000e+00  4.09104250e-06  1.07827562e-04  2.62846750e-04  2.64018062e-04  3.54100750e-02  1.79703125e-01  1.07827562e-04  4.09104250e-06  0.00000000e+00  2.24877500e-02
  0.00000000e+00  7.56001625e-06  9.79869250e-05  2.33135125e-04  2.34119375e-04  3.16534500e-02  1.63139875e-01  9.79869250e-05  7.56001625e-06  0.00000000e+00  1.81720438e-02
  0.00000000e+00  1.01843688e-05  8.91491750e-05  2.07181500e-04  2.08010687e-04  2.83320438e-02  1.48224750e-01  8.91491750e-05  1.01843688e-05  0.00000000e+00  1.47446563e-02
  0.00000000e+00  1.20912438e-05  8.11451938e-05  1.84376250e-04  1.85075437e-04  2.53847313e-02  1.34750750e-01  8.11451938e-05  1.20912438e-05  0.00000000e+00  1.20117500e-02
  0.00000000e+00  1.33739063e-05  7.38770688e-05  1.64336687e-04  1.64926937e-04  2.27736125e-02  1.22598688e-01  7.38770688e-05  1.33739063e-05  0.00000000e+00  9.84338188e-03
  0.00000000e+00  1.41601250e-05  6.72369500e-05  1.46601250e-04  1.47102375e-04  2.04475625e-02  1.11585875e-01  6.72369500e-05  1.41601250e-05  0.00000000e+00  8.10546313e-03
  4.33680625e-19  1.45110500e-05  6.24568875e-05  1.34155687e-04  1.34595813e-04  1.88070250e-02  1.03713188e-01  6.24568875e-05  1.45110500e-05  4.33680625e-19  6.98062813e-03
  4.24347000e-07  1.45117250e-05  6.11049250e-05  1.30782000e-04  1.31207062e-04  1.83665687e-02  1.01574000e-01  6.11049250e-05  1.45117250e-05  4.24347000e-07  6.69819625e-03
  2.37572750e-06  1.45714625e-05  5.51146813e-05  1.15751188e-04  1.16107313e-04  1.63751125e-02  9.18333813e-02  5.51146813e-05  1.45714625e-05  2.37572750e-06  5.46801313e-03
  3.83769188e-06  1.43905563e-05  4.96548063e-05  1.02401938e-04  1.02700062e-04  1.45916062e-02  8.29611125e-02  4.96548063e-05  1.43905563e-05  3.83769188e-06  4.48055750e-03
  4.86836938e-06  1.39915688e-05  4.46400750e-05  9.04875125e-05  9.07377750e-05  1.29915437e-02  7.48700000e-02  4.46400750e-05  1.39915688e-05  4.86836938e-06  3.68527438e-03
  5.55374625e-06  1.34335750e-05  4.00484750e-05  7.98659500e-05  8.00754063e-05  1.15569125e-02  6.74972313e-02  4.00484750e-05  1.34335750e-05  5.55374625e-06  3.04322313e-03
  5.96401625e-06  1.27652438e-05  3.58638750e-05  7.04241000e-05  7.05993438e-05  1.02735062e-02  6.07937188e-02  3.58638750e-05  1.27652438e-05  5.96401625e-06  2.52461000e-03
  6.16227000e-06  1.20278125e-05  3.20606250e-05  6.20365188e-05  6.21829625e-05  9.12532125e-03  5.47016500e-02  3.20606250e-05  1.20278125e-05  6.16227000e-06  2.10349563e-03
  6.19957000e-06  1.12529188e-05  2.86107625e-05  5.45863563e-05  5.47086938e-05  8.09787625e-03  4.91656188e-02  2.86107625e-05  1.12529188e-05  6.19957000e-06  1.75939813e-03
  6.11516313e-06  1.04641813e-05  2.54902125e-05  4.79780563e-05  4.80800813e-05  7.17926937e-03  4.41405313e-02  2.54902125e-05  1.04641813e-05  6.11516313e-06  1.47708938e-03
  5.94072875e-06  9.67952938e-06  2.26746000e-05  4.21245250e-05  4.22095500e-05  6.35876625e-03  3.95843938e-02  2.26746000e-05  9.67952938e-06  5.94072875e-06  1.24447563e-03
  5.70169625e-06  8.91241500e-06  2.01402313e-05  3.69464938e-05  3.70173125e-05  5.62658687e-03  3.54585813e-02  2.01402313e-05  8.91241500e-06  5.70169625e-06  1.05194750e-03
  5.41831063e-06  8.17253875e-06  1.78642063e-05  3.23721625e-05  3.24309813e-05  4.97391687e-03  3.17271000e-02  1.78642063e-05  8.17253875e-06  5.41831063e-06  8.91899688e-04
  5.10658188e-06  7.46663125e-06  1.58242438e-05  2.83361563e-05  2.83850688e-05  4.39271437e-03  2.83562563e-02  1.58242438e-05  7.46663125e-06  5.10658188e-06  7.58272938e-04
  4.77905625e-06  6.79913938e-06  1.39994313e-05  2.47795750e-05  2.48201813e-05  3.87569875e-03  2.53153313e-02  1.39994313e-05  6.79913938e-06  4.77905625e-06  6.46234563e-04
  4.44544813e-06  6.17265938e-06  1.23700688e-05  2.16493063e-05  2.16829188e-05  3.41626812e-03  2.25752500e-02  1.23700688e-05  6.17265938e-06  4.44544813e-06  5.51922625e-04
  4.11320938e-06  5.58840563e-06  1.09175625e-05  1.88972688e-05  1.89251750e-05  3.00845125e-03  2.01095813e-02  1.09175625e-05  5.58840563e-06  4.11320938e-06  4.72239438e-04
  3.78811125e-06  5.04724500e-06  9.62732813e-06  1.64859500e-05  1.65089625e-05  2.64757625e-03  1.78975438e-02  9.62732813e-06  5.04724500e-06  3.78811125e-06  4.04868750e-04
  3.47426375e-06  4.54804000e-06  8.48138875e-06  1.43718625e-05  1.43909688e-05  2.32810375e-03  1.59132313e-02  8.48138875e-06  4.54804000e-06  3.47426375e-06  3.47608938e-04
  0.00000000e+00  0.00000000e+00  7.46211625e-05  1.86297062e-04  1.86808250e-04  3.06682250e-02  1.68460125e-01  7.46211625e-05  0.00000000e+00  0.00000000e+00  2.05942813e-02
  0.00000000e+00  2.20366125e-06  6.67353062e-05  1.63319750e-04  1.63744875e-04  2.72304938e-02  1.51952813e-01  6.67353062e-05  2.20366125e-06  0.00000000e+00  1.64051500e-02
  0.00000000e+00  4.15357875e-06  6.01440687e-05  1.43952062e-04  1.44307125e-04  2.42395750e-02  1.37317625e-01  6.01440687e-05  4.15357875e-06  0.00000000e+00  1.31422125e-02
  0.00000000e+00  5.67826313e-06  5.43474000e-05  1.27202187e-04  1.27499250e-04  2.16069375e-02  1.24203500e-01  5.43474000e-05  5.67826313e-06  0.00000000e+00  1.05787438e-02
  0.00000000e+00  6.81676000e-06  4.91845250e-05  1.12611250e-04  1.12860312e-04  1.92810688e-02  1.12414438e-01  4.91845250e-05  6.81676000e-06  0.00000000e+00  8.55553000e-03
  0.00000000e+00  7.60402625e-06  4.45608938e-05  9.98915562e-05  1.00100625e-04  1.72296562e-02  1.01832563e-01  4.45608938e-05  7.60402625e-06  0.00000000e+00  6.96589875e-03
  0.00000000e+00  8.10350938e-06  4.03824688e-05  8.87126250e-05  8.88888750e-05  1.54099937e-02  9.22898813e-02  4.03824688e-05  8.10350938e-06  0.00000000e+00  5.70296875e-03
  1.33356981e-17  8.33797750e-06  3.73968250e-05  8.09079938e-05  8.10622375e-05  1.41310937e-02  8.54936625e-02  3.73968250e-05  8.33797750e-06  1.33356981e-17  4.89104438e-03
  2.60143563e-07  8.34479938e-06  3.65576563e-05  7.88024938e-05  7.89511375e-05  1.37887687e-02  8.36534938e-02  3.65576563e-05  8.34479938e-06  2.60143563e-07  4.68849250e-03
  1.45693250e-06  8.41344188e-06  3.28493875e-05  6.94413500e-05  6.95652813e-05  1.22438750e-02  7.52910125e-02  3.28493875e-05  8.41344188e-06  1.45693250e-06  3.80917313e-03
  2.35322688e-06  8.33591625e-06  2.94920063e-05  6.11746000e-05  6.12778313e-05  1.08663125e-02  6.77114875e-02  2.94920063e-05  8.33591625e-06  2.35322688e-06  3.10841438e-03
  2.98418813e-06  8.12455125e-06  2.64264563e-05  5.38363188e-05  5.39222438e-05  9.63585125e-03  6.08328313e-02  2.64264563e-05  8.12455125e-06  2.98418813e-06  2.54742000e-03
  3.40234563e-06  7.81462563e-06  2.36341063e-05  4.73275563e-05  4.73990750e-05  8.53735062e-03  5.45953125e-02  2.36341063e-05  7.81462563e-06  3.40234563e-06  2.09692188e-03
  3.65086375e-06  7.43551938e-06  2.11013875e-05  4.15703688e-05  4.16297875e-05  7.55884625e-03  4.89520438e-02  2.11013875e-05  7.43551938e-06  3.65086375e-06  1.73471375e-03
  3.76864688e-06  7.01222938e-06  1.88092500e-05  3.64801000e-05  3.65295125e-05  6.68728562e-03  4.38484313e-02  1.88092500e-05  7.01222938e-06  3.76864688e-06  1.44173125e-03
  3.78726813e-06  6.56409438e-06  1.67383063e-05  3.19791813e-05  3.20201875e-05  5.91066625e-03  3.92331500e-02  1.67383063e-05  6.56409438e-06  3.78726813e-06  1.20310563e-03
  3.73103000e-06  6.10558750e-06  1.48718688e-05  2.80044188e-05  2.80383313e-05  5.21926437e-03  3.50640125e-02  1.48718688e-05  6.10558750e-06  3.73103000e-06  1.00783375e-03
  3.61955125e-06  5.64782563e-06  1.31937438e-05  2.44985500e-05  2.45265625e-05  4.60430937e-03  3.13023188e-02  1.31937438e-05  5.64782563e-06  3.61955125e-06  8.47289750e-04
  3.46858375e-06  5.19908250e-06  1.16881563e-05  2.14100813e-05  2.14333813e-05  4.05787875e-03  2.79124500e-02  1.16881563e-05  5.19908250e-06  3.46858375e-06  7.14655875e-04
  3.29069625e-06  4.76543000e-06  1.03402000e-05  1.86928125e-05  1.87120125e-05  3.57284125e-03  2.48613125e-02  1.03402000e-05  4.76543000e-06  3.29069625e-06  6.04571688e-04
  3.09579500e-06  4.35111563e-06  9.13579313e-06  1.63048500e-05  1.63207500e-05  3.14273625e-03  2.21185125e-02  9.13579313e-06  4.35111563e-06  3.09579500e-06  5.12788688e-04
  2.89165313e-06  3.95895938e-06  8.06152000e-06  1.42087938e-05  1.42218938e-05  2.76175125e-03  1.96561375e-02  8.06152000e-06  3.95895938e-06  2.89165313e-06  4.35939125e-04
  2.68427375e-06  3.59068625e-06  7.10495938e-06  1.23709625e-05  1.23817563e-05  2.42462687e-03  1.74482813e-02  7.10495938e-06  3.59068625e-06  2.68427375e-06  3.71338375e-04
  2.47825625e-06  3.24712500e-06  6.25459875e-06  1.07614313e-05  1.07702313e-05  2.12663250e-03  1.54710563e-02  6.25459875e-06  3.24712500e-06  2.47825625e-06  3.16838500e-04
  2.27715188e-06  2.92892000e-06  5.50132500e-06  9.35629125e-06  9.36354375e-06  1.86405687e-03  1.37061500e-02  5.50132500e-06  2.92892000e-06  2.27715188e-06  2.70836875e-04
  2.08347063e-06  2.63544000e-06  4.83405688e-06  8.12898313e-06  8.13494438e-06  1.63259937e-03  1.21305688e-02  4.83405688e-06  2.63544000e-06  2.08347063e-06  2.31811500e-04
  0.00000000e+00  0.00000000e+00  4.52352000e-05  1.13001500e-04  1.13174500e-04  2.32793875e-02  1.41113688e-01  4.52352000e-05  0.00000000e+00  0.00000000e+00  1.47784125e-02
  0.00000000e+00  1.06658000e-06  3.99931000e-05  9.83116250e-05  9.84540625e-05  2.05815562e-02  1.26670375e-01  3.99931000e-05  1.06658000e-06  0.00000000e+00  1.16646250e-02
  0.00000000e+00  2.08847625e-06  3.57007000e-05  8.60599875e-05  8.61781187e-05  1.82450875e-02  1.13931188e-01  3.57007000e-05  2.08847625e-06  0.00000000e+00  9.26777938e-03
  0.00000000e+00  2.93396375e-06  3.20126500e-05  7.55816437e-05  7.56798688e-05  1.61973812e-02  1.02572188e-01  3.20126500e-05  2.93396375e-06  0.00000000e+00  7.40428625e-03
  0.00000000e+00  3.59381500e-06  2.87891313e-05  6.65413062e-05  6.66230375e-05  1.43959125e-02  9.24118938e-02  2.87891313e-05  3.59381500e-06  0.00000000e+00  5.94791000e-03
  0.00000000e+00  4.07022500e-06  2.59472313e-05  5.87286812e-05  5.87969062e-05  1.28140750e-02  8.33384188e-02  2.59472313e-05  4.07022500e-06  0.00000000e+00  4.81430500e-03
  0.00000000e+00  4.38838188e-06  2.34100313e-05  5.19137750e-05  5.19709937e-05  1.14167687e-02  7.51955125e-02  2.34100313e-05  4.38838188e-06  0.00000000e+00  3.92107500e-03
  0.00000000e+00  4.54845938e-06  2.16120813e-05  4.71826250e-05  4.72324375e-05  1.04380687e-02  6.94191313e-02  2.16120813e-05  4.54845938e-06  0.00000000e+00  3.35042000e-03
  1.54756313e-07  4.55905438e-06  2.11100063e-05  4.59124562e-05  4.59603688e-05  1.01768750e-02  6.78605688e-02  2.11100063e-05  4.55905438e-06  1.54756313e-07  3.20891188e-03
  8.67579500e-07  4.63158438e-06  1.88984188e-05  4.02788375e-05  4.03184563e-05  9.00036187e-03  6.07927500e-02  1.88984188e-05  4.63158438e-06  8.67579500e-07  2.59644563e-03
  1.40234313e-06  4.61735500e-06  1.69104000e-05  3.53335313e-05  3.53663438e-05  7.95576375e-03  5.44188938e-02  1.69104000e-05  4.61735500e-06  1.40234313e-06  2.11149500e-03
  1.77903313e-06  4.52236188e-06  1.51060875e-05  3.09680750e-05  3.09951875e-05  7.02663750e-03  4.86633813e-02  1.51060875e-05  4.52236188e-06  1.77903313e-06  1.72527938e-03
  2.02845625e-06  4.36683375e-06  1.34711063e-05  2.71163125e-05  2.71387188e-05  6.20068875e-03  4.34702313e-02  1.34711063e-05  4.36683375e-06  2.02845625e-06  1.41650938e-03
  2.17615750e-06  4.16785438e-06  1.19949875e-05  2.37264625e-05  2.37449688e-05  5.46812500e-03  3.87955188e-02  1.19949875e-05  4.16785438e-06  2.17615750e-06  1.16917375e-03
  2.24531375e-06  3.94021938e-06  1.06646500e-05  2.07436563e-05  2.07588688e-05  4.81839562e-03  3.45892563e-02  1.06646500e-05  3.94021938e-06  2.24531375e-06  9.69708750e-04
  2.25485313e-06  3.69548063e-06  9.46701500e-06  1.81180188e-05  1.81306250e-05  4.24186812e-03  3.08041313e-02  9.46701500e-06  3.69548063e-06  2.25485313e-06  8.07625063e-04
  2.21936188e-06  3.44238500e-06  8.39123813e-06  1.58093563e-05  1.58196625e-05  3.73075187e-03  2.74020438e-02  8.39123813e-06  3.44238500e-06  2.21936188e-06  6.75240250e-04
  2.15067938e-06  3.18768750e-06  7.42695188e-06  1.37815875e-05  1.37900875e-05  3.27806375e-03  2.43476938e-02  7.42695188e-06  3.18768750e-06  2.15067938e-06  5.66557500e-04
  2.05832313e-06  2.93651813e-06  6.56433188e-06  1.20025125e-05  1.20095125e-05  2.87749562e-03  2.16089688e-02  6.56433188e-06  2.93651813e-06  2.05832313e-06  4.76880938e-04
  1.94988813e-06  2.69265938e-06  5.79412938e-06  1.04434375e-05  1.04491375e-05  2.52342437e-03  1.91561813e-02  5.79412938e-06  2.69265938e-06  1.94988813e-06  4.02531188e-04
  1.83138750e-06  2.45882813e-06  5.10767563e-06  9.07860000e-06  9.08328188e-06  2.21077125e-03  1.69623250e-02  5.10767563e-06  2.45882813e-06  1.83138750e-06  3.40608750e-04
  1.70752313e-06  2.23687500e-06  4.49692000e-06  7.88507063e-06  7.88890250e-06  1.93497500e-03  1.50025813e-02  4.49692000e-06  2.23687500e-06  1.70752313e-06  2.88818375e-04
  1.58194625e-06  2.02796750e-06  3.95438188e-06  6.84243750e-06  6.84556875e-06  1.69195562e-03  1.32541688e-02  3.95438188e-06  2.02796750e-06  1.58194625e-06  2.45338000e-04
  1.45742688e-06  1.83275375e-06  3.47320000e-06  5.93257938e-06  5.93513063e-06  1.47804250e-03  1.16962813e-02  3.47320000e-06  1.83275375e-06  1.45742688e-06  2.08709438e-04
  1.33611625e-06  1.65173063e-06  3.04792438e-06  5.14117813e-06  5.14325938e-06  1.29035625e-03  1.03128000e-02  3.04792438e-06  1.65173063e-06  1.33611625e-06  1.77844688e-04
  1.21953313e-06  1.48464688e-06  2.67206125e-06  4.45232375e-06  4.45402375e-06  1.12559687e-03  9.08394750e-03  2.67206125e-06  1.48464688e-06  1.21953313e-06  1.51712875e-04
  0.00000000e+00  0.00000000e+00  2.63038375e-05  6.57335250e-05  6.57857375e-05  1.72897000e-02  1.16065063e-01  2.63038375e-05  0.00000000e+00  0.00000000e+00  1.02521688e-02
  0.00000000e+00  4.20995313e-07  2.29394187e-05  5.66956125e-05  5.67383312e-05  1.52206125e-02  1.03655875e-01  2.29394187e-05  4.20995313e-07  0.00000000e+00  8.02074000e-03
  0.00000000e+00  9.00662875e-07  2.02467125e-05  4.92481937e-05  4.92834000e-05  1.34365562e-02  9.27697688e-02  2.02467125e-05  9.00662875e-07  0.00000000e+00  6.32292125e-03
  0.00000000e+00  1.33981438e-06  1.79932438e-05  4.29587062e-05  4.29878125e-05  1.18797250e-02  8.31140813e-02  1.79932438e-05  1.33981438e-06  0.00000000e+00  5.01632563e-03
  0.00000000e+00  1.70737188e-06  1.60657438e-05  3.75912062e-05  3.76152125e-05  1.05160125e-02  7.45209813e-02  1.60657438e-05  1.70737188e-06  0.00000000e+00  4.00482750e-03
  0.00000000e+00  1.98982938e-06  1.43971375e-05  3.29981187e-05  3.30180250e-05  9.32377375e-03  6.68877688e-02  1.43971375e-05  1.98982938e-06  0.00000000e+00  3.22449438e-03
  0.00000000e+00  2.19161188e-06  1.29282625e-05  2.90250125e-05  2.90416125e-05  8.27499687e-03  6.00722313e-02  1.29282625e-05  2.19161188e-06  0.00000000e+00  2.61433750e-03
  4.33680625e-19  2.30165313e-06  1.18974250e-05  2.62838312e-05  2.62981375e-05  7.54287937e-03  5.52573000e-02  1.18974250e-05  2.30165313e-06  4.33680625e-19  2.22678438e-03
  8.83289375e-08  2.31347188e-06  1.16115500e-05  2.55517188e-05  2.55655250e-05  7.34810375e-03  5.39628625e-02  1.16115500e-05  2.31347188e-06  8.83289375e-08  2.13122125e-03
  4.96091688e-07  2.38247875e-06  1.03570563e-05  2.23133188e-05  2.23246187e-05  6.47220125e-03  4.81060125e-02  1.03570563e-05  2.38247875e-06  4.96091688e-07  1.71869250e-03
  8.03295938e-07  2.40148500e-06  9.23834000e-06  1.94889938e-05  1.94982000e-05  5.69787062e-03  4.28520125e-02  9.23834000e-06  2.40148500e-06  8.03295938e-07  1.39388563e-03
  1.02038438e-06  2.37288375e-06  8.22945563e-06  1.70104812e-05  1.70180875e-05  5.01207812e-03  3.81323688e-02  8.22945563e-06  2.37288375e-06  1.02038438e-06  1.13630000e-03
  1.16440875e-06  2.30763188e-06  7.32012125e-06  1.48357000e-05  1.48420000e-05  4.40502437e-03  3.38960813e-02  7.32012125e-06  2.30763188e-06  1.16440875e-06  9.31091250e-04
  1.24972688e-06  2.21524375e-06  6.50286250e-06  1.29317625e-05  1.29368625e-05  3.86890750e-03  3.01029313e-02  6.50286250e-06  2.21524375e-06  1.24972688e-06  7.67156750e-04
  1.28953500e-06  2.10414750e-06  5.76912063e-06  1.12644937e-05  1.12686938e-05  3.39544687e-03  2.67076250e-02  5.76912063e-06  2.10414750e-06  1.28953500e-06  6.35214625e-04
  1.29469313e-06  1.98107000e-06  5.11076438e-06  9.80359125e-06  9.80701250e-06  2.97710125e-03  2.36683563e-02  5.11076438e-06  1.98107000e-06  1.29469313e-06  5.28157625e-04
  1.27363000e-06  1.85116500e-06  4.52111063e-06  8.52462312e-06  8.52741375e-06  2.60779000e-03  2.09507188e-02  4.52111063e-06  1.85116500e-06  1.27363000e-06  4.40811438e-04
  1.23322125e-06  1.71850438e-06  3.99394125e-06  7.40595500e-06  7.40822625e-06  2.28206375e-03  1.85236188e-02  3.99394125e-06  1.71850438e-06  1.23322125e-06  3.69161688e-04
  1.17901125e-06  1.58620000e-06  3.52345938e-06  6.42841250e-06  6.43027250e-06  1.99506250e-03  1.63586438e-02  3.52345938e-06  1.58620000e-06  1.17901125e-06  3.10084188e-04
  1.11545188e-06  1.45662188e-06  3.10428625e-06  5.57503688e-06  5.57653750e-06  1.74244500e-03  1.44298063e-02  3.10428625e-06  1.45662188e-06  1.11545188e-06  2.61137938e-04
  1.04606625e-06  1.33149875e-06  2.73145188e-06  4.83075125e-06  4.83197188e-06  1.52031187e-03  1.27136813e-02  2.73145188e-06  1.33149875e-06  1.04606625e-06  2.20405688e-04
  9.73621938e-07  1.21208063e-06  2.40034688e-06  4.18225625e-06  4.18324625e-06  1.32520375e-03  1.11886813e-02  2.40034688e-06  1.21208063e-06  9.73621938e-07  1.86372875e-04
  9.00266188e-07  1.09918563e-06  2.10677063e-06  3.61773375e-06  3.61854313e-06  1.15400937e-03  9.83534250e-03  2.10677063e-06  1.09918563e-06  9.00266188e-07  1.57836250e-04
  8.27633250e-07  9.93319375e-07  1.84684313e-06  3.12680187e-06  3.12745250e-06  1.00396019e-03  8.63581250e-03  1.84684313e-06  9.93319375e-07  8.27633250e-07  1.33834875e-04
  7.56995813e-07  8.94873063e-07  1.61752313e-06  2.70124375e-06  2.70177313e-06  8.72872125e-04  7.57620000e-03  1.61752313e-06  8.94873063e-07  7.56995813e-07  1.13649250e-04
  6.89231875e-07  8.03822750e-07  1.41520875e-06  2.33206688e-06  2.33248688e-06  7.58293125e-04  6.64002250e-03  1.41520875e-06  8.03822750e-07  6.89231875e-07  9.65965125e-05
  0.00000000e+00  0.00000000e+00  1.46270937e-05  3.65611312e-05  3.65745312e-05  1.25759312e-02  9.36276625e-02  1.46270937e-05  0.00000000e+00  0.00000000e+00  6.86110438e-03
  0.00000000e+00  9.30631063e-08  1.25466000e-05  3.12214375e-05  3.12322437e-05  1.10235250e-02  8.31716188e-02  1.25466000e-05  9.30631063e-08  0.00000000e+00  5.32316438e-03
  0.00000000e+00  2.81038250e-07  1.09228937e-05  2.68813437e-05  2.68901437e-05  9.69083312e-03  7.40502063e-02  1.09228937e-05  2.81038250e-07  0.00000000e+00  4.16624750e-03
  0.00000000e+00  4.91477375e-07  9.60378687e-06  2.32686937e-05  2.32758000e-05  8.53288875e-03  6.60035938e-02  9.60378687e-06  4.91477375e-07  0.00000000e+00  3.28459125e-03
  0.00000000e+00  6.88087000e-07  8.50357313e-06  2.02238937e-05  2.02297000e-05  7.52283000e-03  5.88807813e-02  8.50357313e-06  6.88087000e-07  0.00000000e+00  2.60816188e-03
  0.00000000e+00  8.52429625e-07  7.57141812e-06  1.76474500e-05  1.76523437e-05  6.64355500e-03  5.25884438e-02  7.57141812e-06  8.52429625e-07  0.00000000e+00  2.09060625e-03
  0.00000000e+00  9.79527938e-07  6.76450688e-06  1.54399750e-05  1.54439750e-05  5.87331312e-03  4.69997875e-02  6.76450688e-06  9.79527938e-07  0.00000000e+00  1.68872188e-03
  0.00000000e+00  1.05473438e-06  6.20455313e-06  1.39275437e-05  1.39309437e-05  5.33743625e-03  4.30686125e-02  6.20455313e-06  1.05473438e-06  0.00000000e+00  1.43475625e-03
  4.82108563e-08  1.06578750e-06  6.05051313e-06  1.35260000e-05  1.35292062e-05  5.19529375e-03  4.20157875e-02  6.05051313e-06  1.06578750e-06  4.82108563e-08  1.37243938e-03
  2.71556438e-07  1.12523875e-06  5.37761063e-06  1.17548625e-05  1.17574625e-05  4.55722687e-03  3.72631125e-02  5.37761063e-06  1.12523875e-06  2.71556438e-07  1.10406563e-03
  4.41069938e-07  1.15667188e-06  4.78289313e-06  1.02211562e-05  1.02232562e-05  3.99558125e-03  3.30229938e-02  4.78289313e-06  1.15667188e-06  4.41069938e-07  8.93714688e-04
  5.61594813e-07  1.16062313e-06  4.25026125e-06  8.88385187e-06  8.88560250e-06  3.50025625e-03  2.92348188e-02  4.25026125e-06  1.16062313e-06  5.61594813e-07  7.27409438e-04
  6.41971938e-07  1.14268313e-06  3.77281438e-06  7.71728687e-06  7.71870750e-06  3.06366312e-03  2.58531875e-02  3.77281438e-06  1.14268313e-06  6.41971938e-07  5.95219188e-04
  6.89817750e-07  1.10790688e-06  3.34559250e-06  6.70154000e-06  6.70269062e-06  2.67976000e-03  2.28419000e-02  3.34559250e-06  1.10790688e-06  6.89817750e-07  4.89784938e-04
  7.12277438e-07  1.06093125e-06  2.96336188e-06  5.81655125e-06  5.81748125e-06  2.34216750e-03  2.01612563e-02  2.96336188e-06  1.06093125e-06  7.12277438e-07  4.05008063e-04
  7.15302188e-07  1.00556000e-06  2.62136625e-06  5.04468625e-06  5.04542688e-06  2.04513625e-03  1.77747438e-02  2.62136625e-06  1.00556000e-06  7.15302188e-07  3.36257563e-04
  7.03561313e-07  9.44799188e-07  2.31575063e-06  4.37187125e-06  4.37248125e-06  1.78403562e-03  1.56523625e-02  2.31575063e-06  9.44799188e-07  7.03561313e-07  2.80181500e-04
  6.80891813e-07  8.81031750e-07  2.04304500e-06  3.78580812e-06  3.78629812e-06  1.55472687e-03  1.37673063e-02  2.04304500e-06  8.81031750e-07  6.80891813e-07  2.34193063e-04
  6.50414750e-07  8.16154938e-07  1.80004313e-06  3.27568000e-06  3.27607000e-06  1.35354000e-03  1.20948813e-02  1.80004313e-06  8.16154938e-07  6.50414750e-07  1.96283813e-04
  6.14643625e-07  7.51639750e-07  1.58384438e-06  2.83198938e-06  2.83230000e-06  1.17721500e-03  1.06131750e-02  1.58384438e-06  7.51639750e-07  6.14643625e-07  1.64889563e-04
  5.75581250e-07  6.88601063e-07  1.39176938e-06  2.44640688e-06  2.44665688e-06  1.02283312e-03  9.30200250e-03  1.39176938e-06  6.88601063e-07  5.75581250e-07  1.38782000e-04
  5.34807125e-07  6.27863313e-07  1.22139813e-06  2.11159313e-06  2.11179313e-06  8.87818500e-04  8.14327000e-03  1.22139813e-06  6.27863313e-07  5.34807125e-07  1.16991125e-04
  4.93547438e-07  5.70010063e-07  1.07048063e-06  1.82109937e-06  1.82125938e-06  7.69858875e-04  7.12057438e-03  1.07048063e-06  5.70010063e-07  4.93547438e-07  9.87451188e-05
  4.52735313e-07  5.15432625e-07  9.37000688e-07  1.56928563e-06  1.56941563e-06  6.66915187e-04  6.21912563e-03  9.37000688e-07  5.15432625e-07  4.52735313e-07  8.34265688e-05
  4.13100688e-07  4.64435500e-07  8.19365000e-07  1.35171188e-06  1.35181188e-06  5.77378812e-04  5.42729125e-03  8.19365000e-07  4.64435500e-07  4.13100688e-07  7.05724000e-05
  3.75144375e-07  4.17095000e-07  7.15687125e-07  1.16353875e-06  1.16361875e-06  4.99458187e-04  4.73157875e-03  7.15687125e-07  4.17095000e-07  3.75144375e-07  5.97417313e-05
  0.00000000e+00  0.00000000e+00  7.72626187e-06  1.93142312e-05  1.93170312e-05  8.94868187e-03  7.38593000e-02  7.72626187e-06  0.00000000e+00  0.00000000e+00  4.40545688e-03
  0.00000000e+00  0.00000000e+00  6.49364937e-06  1.63023187e-05  1.63045187e-05  7.81014812e-03  6.52415625e-02  6.49364937e-06  0.00000000e+00  0.00000000e+00  3.39209000e-03
  0.00000000e+00  1.20725875e-09  5.55791937e-06  1.38921125e-05  1.38939125e-05  6.83702250e-03  5.77679500e-02  5.55791937e-06  1.20725875e-09  0.00000000e+00  2.63814688e-03
  0.00000000e+00  9.14852250e-08  4.82280562e-06  1.19190687e-05  1.19204687e-05  5.99507687e-03  5.12123438e-02  4.82280562e-06  9.14852250e-08  0.00000000e+00  2.06883875e-03
  0.00000000e+00  1.92131313e-07  4.22755125e-06  1.02801500e-05  1.02812562e-05  5.26375125e-03  4.54421188e-02  4.22755125e-06  1.92131313e-07  0.00000000e+00  1.63562813e-03
  0.00000000e+00  2.85774813e-07  3.73617375e-06  8.91130562e-06  8.91222625e-06  4.62984687e-03  4.03739750e-02  3.73617375e-06  2.85774813e-07  0.00000000e+00  1.30657813e-03
  0.00000000e+00  3.64634000e-07  3.31944625e-06  7.75129312e-06  7.75204375e-06  4.07686437e-03  3.58975938e-02  3.31944625e-06  3.64634000e-07  0.00000000e+00  1.05258500e-03
  0.00000000e+00  4.14931875e-07  3.03424500e-06  6.96290687e-06  6.96353750e-06  3.69343312e-03  3.27629875e-02  3.03424500e-06  4.14931875e-07  0.00000000e+00  8.92730500e-04
  2.49826125e-08  4.24052563e-07  2.95652062e-06  6.75492437e-06  6.75552562e-06  3.59203625e-03  3.19269750e-02  2.95652062e-06  4.24052563e-07  2.49826125e-08  8.53670875e-04
  1.41326125e-07  4.70814688e-07  2.61891000e-06  5.84081312e-06  5.84130312e-06  3.13767562e-03  2.81616750e-02  2.61891000e-06  4.70814688e-07  1.41326125e-07  6.85765875e-04
  2.30643750e-07  5.02306188e-07  2.32367438e-06  5.05553187e-06  5.05592187e-06  2.73945937e-03  2.48218313e-02  2.32367438e-06  5.02306188e-07  2.30643750e-07  5.54560688e-04
  2.94773813e-07  5.18291563e-07  2.06128813e-06  4.37561750e-06  4.37592750e-06  2.38976812e-03  2.18549313e-02  2.06128813e-06  5.18291563e-07  2.94773813e-07  4.50997063e-04
  3.37927688e-07  5.21426313e-07  1.82738875e-06  3.78621875e-06  3.78646875e-06  2.08286437e-03  1.92216625e-02  1.82738875e-06  5.21426313e-07  3.37927688e-07  3.68750813e-04
  3.63871500e-07  5.14241063e-07  1.61896813e-06  3.27596125e-06  3.27616125e-06  1.81417687e-03  1.68903438e-02  1.61896813e-06  5.14241063e-07  3.63871500e-07  3.03166000e-04
  3.76249375e-07  4.99206563e-07  1.43303125e-06  2.83367937e-06  2.83383875e-06  1.57892687e-03  1.48270563e-02  1.43303125e-06  4.99206563e-07  3.76249375e-07  2.50421063e-04
  3.78157500e-07  4.78430625e-07  1.26697125e-06  2.44972687e-06  2.44984687e-06  1.37283562e-03  1.30005938e-02  1.26697125e-06  4.78430625e-07  3.78157500e-07  2.07630375e-04
  3.72061938e-07  4.53603500e-07  1.11876875e-06  2.11647750e-06  2.11656750e-06  1.19245312e-03  1.13856625e-02  1.11876875e-06  4.53603500e-07  3.72061938e-07  1.72712938e-04
  3.60012188e-07  4.26119000e-07  9.86620688e-07  1.82733250e-06  1.82741187e-06  1.03473062e-03  9.95940500e-03  9.86620688e-07  4.26119000e-07  3.60012188e-07  1.44068313e-04
  3.43691313e-07  3.97112313e-07  8.68911813e-07  1.57658312e-06  1.57664312e-06  8.96951000e-04  8.70140063e-03  8.68911813e-07  3.97112313e-07  3.43691313e-07  1.20454875e-04
  3.24466000e-07  3.67487750e-07  7.64195750e-07  1.35923125e-06  1.35928125e-06  7.76723750e-04  7.59321625e-03  7.64195750e-07  3.67487750e-07  3.24466000e-07  1.00905438e-04
  3.03435625e-07  3.37952188e-07  6.71163563e-07  1.17095750e-06  1.17099750e-06  6.71923625e-04  6.61825063e-03  6.71163563e-07  3.37952188e-07  3.03435625e-07  8.46614438e-05
  2.81466438e-07  3.09048438e-07  5.88627563e-07  1.00798187e-06  1.00801125e-06  5.80672187e-04  5.76162125e-03  5.88627563e-07  3.09048438e-07  2.81466438e-07  7.11197000e-05
  2.59235500e-07  2.81181313e-07  5.15510625e-07  8.66994062e-07  8.67016063e-07  5.01303937e-04  5.00994625e-03  5.15510625e-07  2.81181313e-07  2.59235500e-07  5.98006188e-05
  2.37260813e-07  2.54637688e-07  4.50834938e-07  7.45121750e-07  7.45138750e-07  4.32347687e-04  4.35123438e-03  4.50834938e-07  2.54637688e-07  2.37260813e-07  5.03185063e-05
  2.15944438e-07  2.29645125e-07  3.93834250e-07  6.40110875e-07  6.40123875e-07  3.72644750e-04  3.77603500e-03  3.93834250e-07  2.29645125e-07  2.15944438e-07  4.23833313e-05
  1.95564125e-07  2.06307438e-07  3.43600500e-07  5.49535563e-07  5.49545562e-07  3.20921750e-04  3.27360625e-03  3.43600500e-07  2.06307438e-07  1.95564125e-07  3.57181438e-05
  0.00000000e+00  0.00000000e+00  3.84326062e-06  9.60795187e-06  9.60835250e-06  6.22207312e-03  5.67707750e-02  3.84326062e-06  0.00000000e+00  0.00000000e+00  2.69576938e-03
  0.00000000e+00  0.00000000e+00  3.14857062e-06  7.99768375e-06  7.99799375e-06  5.40645125e-03  4.98468563e-02  3.14857062e-06  0.00000000e+00  0.00000000e+00  2.06223500e-03
  0.00000000e+00  0.00000000e+00  2.63678375e-06  6.73186062e-06  6.73210125e-06  4.71238187e-03  4.38792625e-02  2.63678375e-06  0.00000000e+00  0.00000000e+00  1.59577250e-03
  0.00000000e+00  0.00000000e+00  2.24974562e-06  5.71555562e-06  5.71574562e-06  4.11444937e-03  3.86762563e-02  2.24974562e-06  0.00000000e+00  0.00000000e+00  1.24644500e-03
  0.00000000e+00  0.00000000e+00  1.94720750e-06  4.88564250e-06  4.88579250e-06  3.59726875e-03  3.41237250e-02  1.94720750e-06  0.00000000e+00  0.00000000e+00  9.82512938e-04
  0.00000000e+00  4.01609813e-08  1.70539562e-06  4.20319062e-06  4.20330062e-06  3.15095125e-03  3.01494813e-02  1.70539562e-06  4.01609813e-08  0.00000000e+00  7.83229813e-04
  0.00000000e+00  8.77704438e-08  1.50561625e-06  3.63232937e-06  3.63242875e-06  2.76323937e-03  2.66599813e-02  1.50561625e-06  8.77704438e-08  0.00000000e+00  6.30078500e-04
  0.00000000e+00  1.20139875e-07  1.37131812e-06  3.24803625e-06  3.24811625e-06  2.49533250e-03  2.42280438e-02  1.37131812e-06  1.20139875e-07  0.00000000e+00  5.33960875e-04
  1.21670063e-08  1.26917313e-07  1.33513937e-06  3.14742875e-06  3.14749875e-06  2.42470625e-03  2.35821500e-02  1.33513937e-06  1.26917313e-07  1.21670063e-08  5.10548563e-04
  6.92607563e-08  1.60600688e-07  1.17917062e-06  2.70699187e-06  2.70704250e-06  2.10878687e-03  2.06807313e-02  1.17917062e-06  1.60600688e-07  6.92607563e-08  4.10025688e-04
  1.13835125e-07  1.86214438e-07  1.04457750e-06  2.33209375e-06  2.33213375e-06  1.83312875e-03  1.81228563e-02  1.04457750e-06  1.86214438e-07  1.13835125e-07  3.31570188e-04
  1.46301750e-07  2.03316188e-07  9.26013625e-07  2.01003750e-06  2.01007750e-06  1.59212375e-03  1.58644188e-02  9.26013625e-07  2.03316188e-07  1.46301750e-07  2.69631375e-04
  1.68445563e-07  2.13051188e-07  8.20953937e-07  1.73279625e-06  1.73281687e-06  1.38155187e-03  1.38719250e-02  8.20953937e-07  2.13051188e-07  1.68445563e-07  2.20403125e-04
  1.81965813e-07  2.16617938e-07  7.27669875e-07  1.49423500e-06  1.49425500e-06  1.19802562e-03  1.21188625e-02  7.27669875e-07  2.16617938e-07  1.81965813e-07  1.81100188e-04
  1.88590438e-07  2.15279063e-07  6.44594250e-07  1.28856375e-06  1.28857375e-06  1.03805687e-03  1.05768250e-02  6.44594250e-07  2.15279063e-07  1.88590438e-07  1.49447688e-04
  1.89834000e-07  2.10167438e-07  5.70433688e-07  1.11082687e-06  1.11083687e-06  8.98540125e-04  9.22000938e-03  5.70433688e-07  2.10167438e-07  1.89834000e-07  1.23735750e-04
  1.86928250e-07  2.02213813e-07  5.04211000e-07  9.57201875e-07  9.57208937e-07  7.76976312e-04  8.02759438e-03  5.04211000e-07  2.02213813e-07  1.86928250e-07  1.02733500e-04
  1.80911063e-07  1.92215563e-07  4.45088188e-07  8.24394062e-07  8.24400062e-07  6.71160250e-04  6.98093938e-03  4.45088188e-07  1.92215563e-07  1.80911063e-07  8.54931188e-05
  1.72650813e-07  1.80835000e-07  3.92339500e-07  7.09594250e-07  7.09598250e-07  5.79146937e-04  6.06336438e-03  3.92339500e-07  1.80835000e-07  1.72650813e-07  7.12792750e-05
  1.62857875e-07  1.68615250e-07  3.45323438e-07  6.10383250e-07  6.10386187e-07  4.99222187e-04  5.25999625e-03  3.45323438e-07  1.68615250e-07  1.62857875e-07  5.95172750e-05
  1.52108313e-07  1.55996375e-07  3.03468187e-07  5.24674438e-07  5.24676375e-07  4.29873750e-04  4.55754250e-03  3.03468187e-07  1.55996375e-07  1.52108313e-07  4.97536375e-05
  1.40858375e-07  1.43323375e-07  2.66259875e-07  4.50663250e-07  4.50664250e-07  3.69769500e-04  3.94413250e-03  2.66259875e-07  1.43323375e-07  1.40858375e-07  4.16280000e-05
  1.29468063e-07  1.30863125e-07  2.33232688e-07  3.86787000e-07  3.86788000e-07  3.17735937e-04  3.40918438e-03  2.33232688e-07  1.30863125e-07  1.29468063e-07  3.48512313e-05
  1.18211313e-07  1.18816625e-07  2.03967563e-07  3.31692937e-07  3.31693000e-07  2.72741750e-04  2.94328688e-03  2.03967563e-07  1.18816625e-07  1.18211313e-07  2.91899688e-05
  1.07303063e-07  1.07338875e-07  1.78132563e-07  2.84322187e-07  2.84322187e-07  2.33971562e-04  2.53900938e-03  1.78132563e-07  1.07338875e-07  1.07303063e-07  2.44681875e-05
  9.68890375e-08  9.65261875e-08  1.55334688e-07  2.43546875e-07  2.43546875e-07  2.00541812e-04  2.18807000e-03  1.55334688e-07  9.65261875e-08  9.68890375e-08  2.05168125e-05
  0.00000000e+00  0.00000000e+00  1.77961187e-06  4.44901937e-06  4.44903937e-06  4.21991875e-03  4.23152125e-02  1.77961187e-06  0.00000000e+00  0.00000000e+00  1.55823063e-03
  0.00000000e+00  0.00000000e+00  1.41057812e-06  3.64083937e-06  3.64085000e-06  3.64978937e-03  3.69159375e-02  1.41057812e-06  0.00000000e+00  0.00000000e+00  1.18627188e-03
  0.00000000e+00  0.00000000e+00  1.14732000e-06  3.01833062e-06  3.01833062e-06  3.16682250e-03  3.22932563e-02  1.14732000e-06  0.00000000e+00  0.00000000e+00  9.14987000e-04
  0.00000000e+00  0.00000000e+00  9.56671750e-07  2.52981375e-06  2.52982312e-06  2.75257812e-03  2.82886563e-02  9.56671750e-07  0.00000000e+00  0.00000000e+00  7.13186250e-04
  0.00000000e+00  0.00000000e+00  8.13896375e-07  2.13900750e-06  2.13901687e-06  2.39586000e-03  2.48068375e-02  8.13896375e-07  0.00000000e+00  0.00000000e+00  5.61535313e-04
  0.00000000e+00  0.00000000e+00  7.04428562e-07  1.82368187e-06  1.82369125e-06  2.08941187e-03  2.17871750e-02  7.04428562e-07  0.00000000e+00  0.00000000e+00  4.47475063e-04
  0.00000000e+00  0.00000000e+00  6.17128187e-07  1.56413312e-06  1.56413312e-06  1.82436750e-03  1.91523688e-02  6.17128187e-07  0.00000000e+00  0.00000000e+00  3.60018625e-04
  1.02999000e-18  5.50772750e-09  5.59886062e-07  1.39145687e-06  1.39144750e-06  1.64187937e-03  1.73254875e-02  5.59886062e-07  5.50772750e-09  1.02999000e-18  3.05186313e-04
  5.48395313e-09  1.00711469e-08  5.44706625e-07  1.34666062e-06  1.34666062e-06  1.59393000e-03  1.68425125e-02  5.44706625e-07  1.00711469e-08  5.48395313e-09  2.91852063e-04
  3.15068313e-08  3.22667000e-08  4.79973875e-07  1.15153125e-06  1.15153125e-06  1.37983437e-03  1.46785750e-02  4.79973875e-07  3.22667000e-08  3.15068313e-08  2.34624813e-04
  5.23268063e-08  5.03546250e-08  4.25124812e-07  9.87281375e-07  9.87279375e-07  1.19389812e-03  1.27833750e-02  4.25124812e-07  5.03546250e-08  5.23268063e-08  1.89910000e-04
  6.78038125e-08  6.39365563e-08  3.77357375e-07  8.47488312e-07  8.47486312e-07  1.03208500e-03  1.11208063e-02  3.77357375e-07  6.39365563e-08  6.78038125e-08  1.54525000e-04
  7.85620938e-08  7.34472875e-08  3.35303062e-07  7.28087437e-07  7.28085437e-07  8.91360125e-04  9.66356188e-03  3.35303062e-07  7.34472875e-08  7.85620938e-08  1.26326500e-04
  8.52751750e-08  7.94127438e-08  2.98062750e-07  6.26037187e-07  6.26035187e-07  7.69295562e-04  8.38982313e-03  2.98062750e-07  7.94127438e-08  8.52751750e-08  1.03752438e-04
  8.86894438e-08  8.24516313e-08  2.64885562e-07  5.38536937e-07  5.38534937e-07  6.63407062e-04  7.27671000e-03  2.64885562e-07  8.24516313e-08  8.86894438e-08  8.55275875e-05
  8.94905938e-08  8.31496875e-08  2.35197187e-07  4.63269750e-07  4.63267812e-07  5.71493937e-04  6.30365750e-03  2.35197187e-07  8.31496875e-08  8.94905938e-08  7.06937813e-05
  8.82520375e-08  8.20054938e-08  2.08585187e-07  3.98454562e-07  3.98453500e-07  4.91790312e-04  5.45404438e-03  2.08585187e-07  8.20054938e-08  8.82520375e-08  5.85601750e-05
  8.54703750e-08  7.94568188e-08  1.84712937e-07  3.42597875e-07  3.42596875e-07  4.22744437e-04  4.71312875e-03  1.84712937e-07  7.94568188e-08  8.54703750e-08  4.85931125e-05
  8.15665000e-08  7.58788563e-08  1.63302812e-07  2.94438250e-07  2.94437250e-07  3.62997000e-04  4.06782813e-03  1.63302812e-07  7.58788563e-08  8.15665000e-08  4.03765563e-05
  7.68908375e-08  7.15867250e-08  1.44115062e-07  2.52907125e-07  2.52906125e-07  3.11353125e-04  3.50653125e-03  1.44115062e-07  7.15867250e-08  7.68908375e-08  3.35832438e-05
  7.17295688e-08  6.68400938e-08  1.26940813e-07  2.17091687e-07  2.17090687e-07  2.66764500e-04  3.01895625e-03  1.26940813e-07  6.68400938e-08  7.17295688e-08  2.79532125e-05
  6.63125313e-08  6.18489125e-08  1.11593187e-07  1.86210312e-07  1.86209312e-07  2.28311875e-04  2.59598188e-03  1.11593187e-07  6.18489125e-08  6.63125313e-08  2.32785875e-05
  6.08204313e-08  5.67791125e-08  9.79044062e-08  1.59593062e-07  1.59592062e-07  1.95189875e-04  2.22954688e-03  9.79044062e-08  5.67791125e-08  6.08204313e-08  1.93914563e-05
  5.53921813e-08  5.17595875e-08  8.57201875e-08  1.36661250e-07  1.36661187e-07  1.66692187e-04  1.91251063e-03  8.57201875e-08  5.17595875e-08  5.53921813e-08  1.61558188e-05
  5.01358625e-08  4.68908438e-08  7.49209937e-08  1.16966812e-07  1.16965812e-07  1.42265187e-04  1.63926125e-03  7.49209937e-08  4.68908438e-08  5.01358625e-08  1.34682188e-05
  4.51255688e-08  4.22425875e-08  6.53582750e-08  1.00031950e-07  1.00031931e-07  1.21310500e-04  1.40363813e-03  6.53582750e-08  4.22425875e-08  4.51255688e-08  1.12293188e-05
  0.00000000e+00  0.00000000e+00  7.55821500e-07  1.88956125e-06  1.88955125e-06  2.78461187e-03  3.04008688e-02  7.55821500e-07  0.00000000e+00  0.00000000e+00  8.41289750e-04
  0.00000000e+00  0.00000000e+00  5.73207312e-07  1.51338375e-06  1.51337375e-06  2.39636500e-03  2.63379188e-02  5.73207312e-07  0.00000000e+00  0.00000000e+00  6.39030750e-04
  0.00000000e+00  0.00000000e+00  4.47287062e-07  1.23026625e-06  1.23025687e-06  2.06905000e-03  2.28839625e-02  4.47287062e-07  0.00000000e+00  0.00000000e+00  4.92633188e-04
  0.00000000e+00  0.00000000e+00  3.60469187e-07  1.01403937e-06  1.01403937e-06  1.78962625e-03  1.99123813e-02  3.60469187e-07  0.00000000e+00  0.00000000e+00  3.84190938e-04
  0.00000000e+00  0.00000000e+00  2.98810500e-07  8.45394125e-07  8.45389125e-07  1.55014812e-03  1.73464625e-02  2.98810500e-07  0.00000000e+00  0.00000000e+00  3.02904188e-04
  0.00000000e+00  0.00000000e+00  2.54118875e-07  7.12549937e-07  7.12545000e-07  1.34542000e-03  1.51366938e-02  2.54118875e-07  0.00000000e+00  0.00000000e+00  2.41811250e-04
  0.00000000e+00  0.00000000e+00  2.20268250e-07  6.05455812e-07  6.05451875e-07  1.16918687e-03  1.32215688e-02  2.20268250e-07  0.00000000e+00  0.00000000e+00  1.94927938e-04
  4.06575937e-19  0.00000000e+00  1.98912562e-07  5.35295562e-07  5.35292562e-07  1.04831750e-03  1.19009500e-02  1.98912562e-07  0.00000000e+00  4.06575937e-19  1.65486875e-04
  2.23502375e-09  0.00000000e+00  1.93388187e-07  5.17316812e-07  5.17313812e-07  1.01666219e-03  1.15534938e-02  1.93388187e-07  0.00000000e+00  2.23502375e-09  1.58325750e-04
  1.30249875e-08  0.00000000e+00  1.70240937e-07  4.39492125e-07  4.39489187e-07  8.75647625e-04  1.00014813e-02  1.70240937e-07  0.00000000e+00  1.30249875e-08  1.27572500e-04
  2.19780313e-08  2.05605812e-09  1.51198937e-07  3.74913875e-07  3.74911875e-07  7.53790937e-04  8.65171063e-03  1.51198937e-07  2.05605812e-09  2.19780313e-08  1.03444875e-04
  2.88298188e-08  1.11031750e-08  1.34899625e-07  3.20593812e-07  3.20592750e-07  6.48278250e-04  7.47583563e-03  1.34899625e-07  1.11031750e-08  2.88298188e-08  8.42589250e-05
  3.37197375e-08  1.80149625e-08  1.20665562e-07  2.74642562e-07  2.74640562e-07  5.56982187e-04  6.45239500e-03  1.20665562e-07  1.80149625e-08  3.37197375e-08  6.88988813e-05
  3.68622063e-08  2.30021437e-08  1.08069250e-07  2.35670937e-07  2.35669000e-07  4.78204125e-04  5.56415813e-03  1.08069250e-07  2.30021437e-08  3.68622063e-08  5.65512875e-05
  3.85398875e-08  2.63514625e-08  9.67912687e-08  2.02451625e-07  2.02450625e-07  4.10220750e-04  4.79340938e-03  9.67912687e-08  2.63514625e-08  3.85398875e-08  4.65498000e-05
  3.90332188e-08  2.83519187e-08  8.66112812e-08  1.74000125e-07  1.74000125e-07  3.51517187e-04  4.12433813e-03  8.66112812e-08  2.83519187e-08  3.90332188e-08  3.83901000e-05
  3.85879438e-08  2.92578062e-08  7.73852875e-08  1.49576875e-07  1.49575875e-07  3.00877812e-04  3.54423250e-03  7.73852875e-08  2.92578062e-08  3.85879438e-08  3.17068188e-05
  3.74234813e-08  2.92986937e-08  6.90081312e-08  1.28572187e-07  1.28572187e-07  2.57242437e-04  3.04189000e-03  6.90081312e-08  2.92986937e-08  3.74234813e-08  2.62150938e-05
  3.57306063e-08  2.86762062e-08  6.13997937e-08  1.10485375e-07  1.10485375e-07  2.19685062e-04  2.60745938e-03  6.13997937e-08  2.86762062e-08  3.57306063e-08  2.16910438e-05
  3.36709625e-08  2.75628375e-08  5.44964062e-08  9.48969125e-08  9.48965187e-08  1.87396500e-04  2.23224875e-03  5.44964062e-08  2.75628375e-08  3.36709625e-08  1.79566875e-05
  3.13781813e-08  2.61035437e-08  4.82440937e-08  8.14551000e-08  8.14548062e-08  1.59671437e-04  1.90861813e-03  4.82440937e-08  2.61035437e-08  3.13781813e-08  1.48695188e-05
  2.89604875e-08  2.44170937e-08  4.25952250e-08  6.98624687e-08  6.98622687e-08  1.35892625e-04  1.62986563e-03  4.25952250e-08  2.44170937e-08  2.89604875e-08  1.23146313e-05
  2.65035750e-08  2.25995187e-08  3.75059812e-08  5.98657312e-08  5.98656250e-08  1.15523562e-04  1.39008938e-03  3.75059812e-08  2.25995187e-08  2.65035750e-08  1.01985750e-05
  2.40734563e-08  2.07266312e-08  3.29353062e-08  5.12483687e-08  5.12482687e-08  9.80969437e-05  1.18412938e-03  3.29353062e-08  2.07266312e-08  2.40734563e-08  8.44505813e-06
  2.17214250e-08  1.88576687e-08  2.88516437e-08  4.38425625e-08  4.38424625e-08  8.32447250e-05  1.00789500e-03  2.88516437e-08  1.88576687e-08  2.17214250e-08  6.99602438e-06
  1.94827625e-08  1.70371375e-08  2.52106312e-08  3.74709687e-08  3.74708750e-08  7.05769562e-05  8.57014688e-04  2.52106312e-08  1.70371375e-08  1.94827625e-08  5.79549750e-06
  0.00000000e+00  0.00000000e+00  2.87476312e-07  7.18690937e-07  7.18687937e-07  1.77606625e-03  2.08493688e-02  2.87476312e-07  0.00000000e+00  0.00000000e+00  4.16693250e-04
  0.00000000e+00  0.00000000e+00  2.04887000e-07  5.59478625e-07  5.59475687e-07  1.51987562e-03  1.79254563e-02  2.04887000e-07  0.00000000e+00  0.00000000e+00  3.17132000e-04
  0.00000000e+00  0.00000000e+00  1.49875062e-07  4.42746625e-07  4.42744625e-07  1.30504000e-03  1.54590188e-02  1.49875062e-07  0.00000000e+00  0.00000000e+00  2.45363875e-04
  0.00000000e+00  0.00000000e+00  1.13991812e-07  3.56460687e-07  3.56458687e-07  1.12259875e-03  1.33530438e-02  1.13991812e-07  0.00000000e+00  0.00000000e+00  1.92183250e-04
  0.00000000e+00  0.00000000e+00  9.01644625e-08  2.91291750e-07  2.91290750e-07  9.67053125e-04  1.15481188e-02  9.01644625e-08  0.00000000e+00  0.00000000e+00  1.52228750e-04
  0.00000000e+00  0.00000000e+00  7.42366687e-08  2.41582250e-07  2.41581187e-07  8.34800750e-04  1.00056375e-02  7.42366687e-08  0.00000000e+00  0.00000000e+00  1.22069500e-04
  0.00000000e+00  0.00000000e+00  6.31520062e-08  2.02650062e-07  2.02650000e-07  7.21562000e-04  8.67865188e-03  6.31520062e-08  0.00000000e+00  0.00000000e+00  9.87975688e-05
  0.00000000e+00  0.00000000e+00  5.66373062e-08  1.77701875e-07  1.77700875e-07  6.44237250e-04  7.76914313e-03  5.66373062e-08  0.00000000e+00  0.00000000e+00  8.41080813e-05
  7.87175563e-10  0.00000000e+00  5.50338062e-08  1.71421437e-07  1.71420437e-07  6.24067437e-04  7.53113875e-03  5.50338062e-08  0.00000000e+00  7.87175563e-10  8.05242625e-05
  4.70088125e-09  0.00000000e+00  4.85537812e-08  1.44477312e-07  1.44476375e-07  5.34411187e-04  6.47127063e-03  4.85537812e-08  0.00000000e+00  4.70088125e-09  6.51078813e-05
  8.14364313e-09  0.00000000e+00  4.35542687e-08  1.22579625e-07  1.22578625e-07  4.57378312e-04  5.55662813e-03  4.35542687e-08  0.00000000e+00  8.14364313e-09  5.29199063e-05
  1.08954563e-08  0.00000000e+00  3.94331187e-08  1.04465687e-07  1.04465625e-07  3.91057000e-04  4.76588750e-03  3.94331187e-08  0.00000000e+00  1.08954563e-08  4.31545438e-05
  1.29343625e-08  2.48948437e-10  3.58857625e-08  8.93446875e-08  8.93443875e-08  3.34001875e-04  4.08290625e-03  3.58857625e-08  2.48948437e-10  1.29343625e-08  3.52858875e-05
  1.42982875e-08  3.45081562e-09  3.27290187e-08  7.66463750e-08  7.66460812e-08  2.85060125e-04  3.49476250e-03  3.27290187e-08  3.45081562e-09  1.42982875e-08  2.89274250e-05
  1.50728188e-08  5.81372250e-09  2.98459000e-08  6.58941125e-08  6.58940125e-08  2.43074250e-04  2.98833375e-03  2.98459000e-08  5.81372250e-09  1.50728188e-08  2.37581625e-05
  1.53571250e-08  7.46831875e-09  2.71695000e-08  5.67213437e-08  5.67211500e-08  2.07033250e-04  2.55207750e-03  2.71695000e-08  7.46831875e-09  1.53571250e-08  1.95317063e-05
  1.52446500e-08  8.53546562e-09  2.46653625e-08  4.88601812e-08  4.88600812e-08  1.76129312e-04  2.17673313e-03  2.46653625e-08  8.53546562e-09  1.52446500e-08  1.60673938e-05
  1.48230375e-08  9.12741500e-09  2.23160187e-08  4.20989875e-08  4.20988875e-08  1.49660187e-04  1.85420813e-03  2.23160187e-08  9.12741500e-09  1.48230375e-08  1.32224438e-05
  1.41713063e-08  9.34463937e-09  2.01139500e-08  3.62679937e-08  3.62679875e-08  1.27016687e-04  1.57742313e-03  2.01139500e-08  9.34463937e-09  1.41713063e-08  1.08828563e-05
  1.33576875e-08  9.27454687e-09  1.80566437e-08  3.12298062e-08  3.12298000e-08  1.07670375e-04  1.34022500e-03  1.80566437e-08  9.27454687e-09  1.33576875e-08  8.95708875e-06
  1.24396750e-08  8.99144312e-09  1.61433687e-08  2.68713125e-08  2.68713125e-08  9.11604000e-05  1.13722375e-03  1.61433687e-08  8.99144312e-09  1.24396750e-08  7.37106063e-06
  1.14641938e-08  8.55714437e-09  1.43736625e-08  2.30984937e-08  2.30984937e-08  7.70899062e-05  9.63738438e-04  1.43736625e-08  8.55714437e-09  1.14641938e-08  6.06443375e-06
  1.04688313e-08  8.02208000e-09  1.27461750e-08  1.98324000e-08  1.98323062e-08  6.51133125e-05  8.15672750e-04  1.27461750e-08  8.02208000e-09  1.04688313e-08  4.98787438e-06
  9.48260563e-09  7.42658375e-09  1.12583312e-08  1.70058937e-08  1.70058937e-08  5.49324125e-05  6.89483313e-04  1.12583312e-08  7.42658375e-09  9.48260563e-09  4.10094438e-06
  8.52791563e-09  6.80212187e-09  9.90823062e-09  1.45674000e-08  1.45674000e-08  4.63121500e-05  5.82370813e-04  9.90823062e-09  6.80212187e-09  8.52791563e-09  3.37264375e-06
  7.62024938e-09  6.17358250e-09  8.68895750e-09  1.24620500e-08  1.24620500e-08  3.90077625e-05  4.91394500e-04  8.68895750e-09  6.17358250e-09  7.62024938e-09  2.77323438e-06
  0.00000000e+00  0.00000000e+00  9.56432812e-08  2.39108687e-07  2.39107687e-07  1.08991375e-03  1.35226375e-02  9.56432812e-08  0.00000000e+00  0.00000000e+00  1.86014063e-04
  0.00000000e+00  0.00000000e+00  6.21011812e-08  1.78922812e-07  1.78922750e-07  9.26561937e-04  1.15281563e-02  6.21011812e-08  0.00000000e+00  0.00000000e+00  1.42845500e-04
  0.00000000e+00  0.00000000e+00  4.04725500e-08  1.36035312e-07  1.36035312e-07  7.90442750e-04  9.86015313e-03  4.04725500e-08  0.00000000e+00  0.00000000e+00  1.11626875e-04
  0.00000000e+00  0.00000000e+00  2.71936875e-08  1.05554562e-07  1.05553625e-07  6.75565000e-04  8.44775563e-03  2.71936875e-08  0.00000000e+00  0.00000000e+00  8.82847500e-05
  0.00000000e+00  0.00000000e+00  1.91032937e-08  8.34845437e-08  8.34843500e-08  5.78228375e-04  7.24723750e-03  1.91032937e-08  0.00000000e+00  0.00000000e+00  7.05587375e-05
  0.00000000e+00  0.00000000e+00  1.43344062e-08  6.74004625e-08  6.74002687e-08  4.96001062e-04  6.22993375e-03  1.43344062e-08  0.00000000e+00  0.00000000e+00  5.70096000e-05
  0.00000000e+00  0.00000000e+00  1.15236375e-08  5.53481937e-08  5.53480937e-08  4.26033875e-04  5.36186938e-03  1.15236375e-08  0.00000000e+00  0.00000000e+00  4.64241375e-05
  4.06575625e-20  0.00000000e+00  1.01415881e-08  4.78948500e-08  4.78947500e-08  3.78501187e-04  4.77085875e-03  1.01415881e-08  0.00000000e+00  4.06575625e-20  3.96751813e-05
  2.19467625e-10  0.00000000e+00  9.85172500e-09  4.60751062e-08  4.60750125e-08  3.66160812e-04  4.61710813e-03  9.85172500e-09  0.00000000e+00  2.19467625e-10  3.80185438e-05
  1.38030250e-09  0.00000000e+00  8.82537312e-09  3.83804500e-08  3.83803500e-08  3.11450437e-04  3.93482813e-03  8.82537312e-09  0.00000000e+00  1.38030250e-09  3.08694688e-05
  2.51834313e-09  0.00000000e+00  8.24499437e-09  3.23478937e-08  3.23477937e-08  2.64757062e-04  3.35104688e-03  8.24499437e-09  0.00000000e+00  2.51834313e-09  2.51516938e-05
  3.49524625e-09  0.00000000e+00  7.87071250e-09  2.75034562e-08  2.75033625e-08  2.24825250e-04  2.85058250e-03  7.87071250e-09  0.00000000e+00  3.49524625e-09  2.05244438e-05
  4.26110938e-09  0.00000000e+00  7.57867187e-09  2.35503812e-08  2.35503750e-08  1.90703500e-04  2.42196313e-03  7.57867187e-09  0.00000000e+00  4.26110938e-09  1.67668938e-05
  4.80313875e-09  0.00000000e+00  7.29876187e-09  2.02829750e-08  2.02829750e-08  1.61635875e-04  2.05602500e-03  7.29876187e-09  0.00000000e+00  4.80313875e-09  1.37137875e-05
  5.13622938e-09  0.00000000e+00  6.99524750e-09  1.75408562e-08  1.75407625e-08  1.36871500e-04  1.74361875e-03  6.99524750e-09  0.00000000e+00  5.13622938e-09  1.12238688e-05
  5.28797750e-09  9.53457375e-10  6.65530375e-09  1.52080625e-08  1.52080625e-08  1.15760187e-04  1.47677125e-03  6.65530375e-09  9.53457375e-10  5.28797750e-09  9.18573750e-06
  5.28843688e-09  1.66080125e-09  6.27845812e-09  1.32049562e-08  1.32049562e-08  9.77840812e-05  1.24912250e-03  6.27845812e-09  1.66080125e-09  5.28843688e-09  7.51606500e-06
  5.16833875e-09  2.13690125e-09  5.87097812e-09  1.14721187e-08  1.14721187e-08  8.24957750e-05  1.05517000e-03  5.87097812e-09  2.13690125e-09  5.16833875e-09  6.14773875e-06
  4.95670188e-09  2.42731375e-09  5.44233812e-09  9.96487937e-09  9.96487937e-09  6.95098875e-05  8.90155688e-04  5.44233812e-09  2.42731375e-09  4.95670188e-09  5.02629125e-06
  4.67950125e-09  2.57219000e-09  5.00292750e-09  8.64902875e-09  8.64902875e-09  5.84941187e-05  7.49947688e-04  5.00292750e-09  2.57219000e-09  4.67950125e-09  4.10736125e-06
  4.35904125e-09  2.60601562e-09  4.56267812e-09  7.49767625e-09  7.49767625e-09  4.91619187e-05  6.30987125e-04  4.56267812e-09  2.60601562e-09  4.35904125e-09  3.35462688e-06
  4.01385438e-09  2.55772000e-09  4.13034375e-09  6.48927437e-09  6.48927437e-09  4.12664000e-05  5.30195563e-04  4.13034375e-09  2.55772000e-09  4.01385438e-09  2.73830563e-06
  3.65883188e-09  2.45108125e-09  3.71307687e-09  5.60605187e-09  5.60606125e-09  3.45954875e-05  4.44919313e-04  3.71307687e-09  2.45108125e-09  3.65883188e-09  2.23393688e-06
  3.30554500e-09  2.30528187e-09  3.31642437e-09  4.83312000e-09  4.83312000e-09  2.89667875e-05  3.72873000e-04  3.31642437e-09  2.30528187e-09  3.30554500e-09  1.82143375e-06
  2.96298375e-09  2.13524250e-09  2.94482000e-09  4.15918562e-09  4.15918562e-09  2.42373250e-05  3.12261063e-04  2.94482000e-09  2.13524250e-09  2.96298375e-09  1.48534313e-06
  2.63734875e-09  1.95317375e-09  2.60058437e-09  3.57169625e-09  3.57169687e-09  2.02599500e-05  2.61229375e-04  2.60058437e-09  1.95317375e-09  2.63734875e-09  1.21093188e-06
  0.00000000e+00  0.00000000e+00  2.65146062e-08  6.62864187e-08  6.62864125e-08  6.32492562e-04  8.13876563e-03  2.65146062e-08  0.00000000e+00  0.00000000e+00  7.22161125e-05
  0.00000000e+00  0.00000000e+00  1.47173750e-08  4.67115562e-08  4.67115562e-08  5.33416687e-04  6.87213500e-03  1.47173750e-08  0.00000000e+00  0.00000000e+00  5.66545688e-05
  0.00000000e+00  0.00000000e+00  7.29808125e-09  3.31572187e-08  3.31572187e-08  4.51492375e-04  5.82303875e-03  7.29808125e-09  0.00000000e+00  0.00000000e+00  4.51706938e-05
  0.00000000e+00  0.00000000e+00  3.01579000e-09  2.39663750e-08  2.39663750e-08  3.82874875e-04  4.94301750e-03  3.01579000e-09  0.00000000e+00  0.00000000e+00  3.63479688e-05
  0.00000000e+00  0.00000000e+00  6.78977875e-10  1.76856062e-08  1.76856062e-08  3.25174000e-04  4.20196500e-03  6.78977875e-10  0.00000000e+00  0.00000000e+00  2.94677063e-05
  0.00000000e+00  0.00000000e+00  0.00000000e+00  1.34235187e-08  1.34235187e-08  2.76811187e-04  3.57998813e-03  0.00000000e+00  0.00000000e+00  0.00000000e+00  2.40698063e-05
  0.00000000e+00  0.00000000e+00  0.00000000e+00  1.04712187e-08  1.04712187e-08  2.35970500e-04  3.05413063e-03  0.00000000e+00  0.00000000e+00  0.00000000e+00  1.97566250e-05
  1.52465625e-19  0.00000000e+00  0.00000000e+00  8.77070687e-09  8.77070625e-09  2.08398312e-04  2.69878125e-03  0.00000000e+00  0.00000000e+00  1.52465625e-19  1.69614313e-05
  3.42074562e-11  0.00000000e+00  0.00000000e+00  8.38326000e-09  8.38326000e-09  2.01279250e-04  2.60696125e-03  0.00000000e+00  0.00000000e+00  3.42074562e-11  1.62684625e-05
  2.60743500e-10  0.00000000e+00  0.00000000e+00  6.79611125e-09  6.79611125e-09  1.69823375e-04  2.20106938e-03  0.00000000e+00  0.00000000e+00  2.60743500e-10  1.32646438e-05
  5.54906000e-10  0.00000000e+00  0.00000000e+00  5.65831937e-09  5.65831937e-09  1.43193187e-04  1.85710063e-03  0.00000000e+00  0.00000000e+00  5.54906000e-10  1.08252688e-05
  8.45311938e-10  0.00000000e+00  1.18370625e-11  4.81594562e-09  4.81594562e-09  1.20602750e-04  1.56502438e-03  1.18370625e-11  0.00000000e+00  8.45311938e-10  8.82818188e-06
  1.09548813e-09  0.00000000e+00  3.12835312e-10  4.17258375e-09  4.17258375e-09  1.01456244e-04  1.31726688e-03  3.12835312e-10  0.00000000e+00  1.09548813e-09  7.19367313e-06
  1.28794688e-09  0.00000000e+00  5.69803250e-10  3.66438750e-09  3.66438750e-09  8.52813750e-05  1.10778813e-03  5.69803250e-10  0.00000000e+00  1.28794688e-09  5.85965688e-06
  1.41896000e-09  0.00000000e+00  7.68517500e-10  3.24665437e-09  3.24665437e-09  7.16157812e-05  9.30680625e-04  7.68517500e-10  0.00000000e+00  1.41896000e-09  4.77003000e-06
  1.49258125e-09  0.00000000e+00  9.09765437e-10  2.89081500e-09  2.89081500e-09  6.00624437e-05  7.80843250e-04  9.09765437e-10  0.00000000e+00  1.49258125e-09  3.87886438e-06
  1.51602250e-09  0.00000000e+00  9.98543750e-10  2.57937250e-09  2.57938187e-09  5.03069187e-05  6.54243250e-04  9.98543750e-10  0.00000000e+00  1.51602250e-09  3.15085313e-06
  1.49804688e-09  2.02771250e-10  1.04220375e-09  2.30135375e-09  2.30135375e-09  4.20801750e-05  5.47421688e-04  1.04220375e-09  2.02771250e-10  1.49804688e-09  2.55684188e-06
  1.44771563e-09  3.81593625e-10  1.04894875e-09  2.04998250e-09  2.04998250e-09  3.51517312e-05  4.57412125e-04  1.04894875e-09  3.81593625e-10  1.44771563e-09  2.07277438e-06
  1.37354125e-09  4.97325375e-10  1.02685437e-09  1.82114812e-09  1.82114812e-09  2.93249250e-05  3.81678750e-04  1.02685437e-09  4.97325375e-10  1.37354125e-09  1.67878000e-06
  1.28306625e-09  5.63999750e-10  9.83344312e-10  1.61235562e-09  1.61236500e-09  2.44312687e-05  3.18047250e-04  9.83344312e-10  5.63999750e-10  1.28306625e-09  1.35848188e-06
  1.18270938e-09  5.93471687e-10  9.24891937e-10  1.42201750e-09  1.42202687e-09  2.03272250e-05  2.64662188e-04  9.24891937e-10  5.93471687e-10  1.18270938e-09  1.09837563e-06
  1.07768313e-09  5.95539750e-10  8.56935625e-10  1.24902500e-09  1.24903437e-09  1.68902125e-05  2.19939125e-04  8.56935625e-10  5.95539750e-10  1.07768313e-09  8.87376813e-07
  9.72078813e-10  5.78140062e-10  7.83878312e-10  1.09248625e-09  1.09248625e-09  1.40158375e-05  1.82526875e-04  7.83878312e-10  5.78140062e-10  9.72078813e-10  7.16382125e-07
  8.69073500e-10  5.47436312e-10  7.09186625e-10  9.51812125e-10  9.51812125e-10  1.16225375e-05  1.51368125e-04  7.09186625e-10  5.47436312e-10  8.69073500e-10  5.78400188e-07
  7.70896313e-10  5.08586875e-10  6.35532625e-10  8.25952687e-10  8.25952750e-10  9.62803375e-06  1.25395563e-04  6.35532625e-10  5.08586875e-10  7.70896313e-10  4.66836688e-07
  0.00000000e+00  0.00000000e+00  5.69756062e-09  1.42439250e-08  1.42439250e-08  3.38316062e-04  4.42519313e-03  5.69756062e-09  0.00000000e+00  0.00000000e+00  2.31565875e-05
  0.00000000e+00  0.00000000e+00  2.28723125e-09  9.04921125e-09  9.04921187e-09  2.82499000e-04  3.69509938e-03  2.28723125e-09  0.00000000e+00  0.00000000e+00  1.89998563e-05
  0.00000000e+00  0.00000000e+00  1.54576156e-10  5.53017625e-09  5.53018562e-09  2.36791812e-04  3.09711625e-03  1.54576156e-10  0.00000000e+00  0.00000000e+00  1.57092188e-05
  0.00000000e+00  0.00000000e+00  0.00000000e+00  3.26798875e-09  3.26798875e-09  1.98870812e-04  2.60093625e-03  0.00000000e+00  0.00000000e+00  0.00000000e+00  1.29953375e-05
  0.00000000e+00  0.00000000e+00  0.00000000e+00  1.84406625e-09  1.84406687e-09  1.67283750e-04  2.18760500e-03  0.00000000e+00  0.00000000e+00  0.00000000e+00  1.07515313e-05
  0.00000000e+00  0.00000000e+00  0.00000000e+00  9.92505875e-10  9.92506937e-10  1.41067375e-04  1.84451125e-03  0.00000000e+00  0.00000000e+00  0.00000000e+00  8.90324875e-06
  0.00000000e+00  0.00000000e+00  0.00000000e+00  4.99177000e-10  4.99178000e-10  1.19136687e-04  1.55752000e-03  0.00000000e+00  0.00000000e+00  0.00000000e+00  7.37178875e-06
  0.00000000e+00  0.00000000e+00  0.00000000e+00  2.69479687e-10  2.69480687e-10  1.04445812e-04  1.36526250e-03  0.00000000e+00  0.00000000e+00  0.00000000e+00  6.35564563e-06
  0.00000000e+00  0.00000000e+00  0.00000000e+00  2.30502000e-10  2.30503000e-10  1.00679319e-04  1.31598000e-03  0.00000000e+00  0.00000000e+00  0.00000000e+00  6.10041563e-06
  0.00000000e+00  0.00000000e+00  0.00000000e+00  9.45293500e-11  9.45302562e-11  8.41016375e-05  1.09904625e-03  0.00000000e+00  0.00000000e+00  0.00000000e+00  4.98800063e-06
  3.51572312e-11  0.00000000e+00  0.00000000e+00  5.08078344e-11  5.08085400e-11  7.02085125e-05  9.17269000e-04  0.00000000e+00  0.00000000e+00  3.51572312e-11  4.06888875e-06
  1.01998187e-10  0.00000000e+00  0.00000000e+00  5.75809125e-11  5.75816125e-11  5.85396187e-05  7.64609250e-04  0.00000000e+00  0.00000000e+00  1.01998187e-10  3.30802375e-06
  1.70611625e-10  0.00000000e+00  0.00000000e+00  8.82960562e-11  8.82965625e-11  4.87493187e-05  6.36546563e-04  0.00000000e+00  0.00000000e+00  1.70611625e-10  2.68164313e-06
  2.30434125e-10  0.00000000e+00  0.00000000e+00  1.26439187e-10  1.26439250e-10  4.05629562e-05  5.29486063e-04  0.00000000e+00  0.00000000e+00  2.30434125e-10  2.16957813e-06
  2.76646375e-10  0.00000000e+00  0.00000000e+00  1.62364187e-10  1.62365125e-10  3.37174250e-05  4.39979875e-04  0.00000000e+00  0.00000000e+00  2.76646375e-10  1.75204063e-06
  3.08147250e-10  0.00000000e+00  0.00000000e+00  1.91394875e-10  1.91394937e-10  2.79888625e-05  3.65096375e-04  0.00000000e+00  0.00000000e+00  3.08147250e-10  1.41196563e-06
  3.25687188e-10  0.00000000e+00  0.00000000e+00  2.11731625e-10  2.11732562e-10  2.32013250e-05  3.02531938e-04  0.00000000e+00  0.00000000e+00  3.25687188e-10  1.13585125e-06
  3.31059563e-10  0.00000000e+00  2.55899937e-11  2.23278812e-10  2.23278875e-10  1.92056937e-05  2.50332188e-04  2.55899937e-11  0.00000000e+00  3.31059563e-10  9.12261125e-07
  3.26494063e-10  0.00000000e+00  7.38086187e-11  2.26890687e-10  2.26890687e-10  1.58758187e-05  2.06842688e-04  7.38086187e-11  0.00000000e+00  3.26494063e-10  7.31637875e-07
  3.14290063e-10  2.69437625e-11  1.05717375e-10  2.23877062e-10  2.23877062e-10  1.31047125e-05  1.70664000e-04  1.05717375e-10  2.69437625e-11  3.14290063e-10  5.86033688e-07
  2.96591125e-10  6.41969750e-11  1.24794062e-10  2.15690687e-10  2.15690687e-10  1.08019625e-05  1.40611938e-04  1.24794062e-10  6.41969750e-11  2.96591125e-10  4.68876688e-07
  2.75274500e-10  8.76150187e-11  1.34063875e-10  2.03736625e-10  2.03736625e-10  8.89136750e-06  1.15686250e-04  1.34063875e-10  8.76150187e-11  2.75274500e-10  3.74762500e-07
  2.51903438e-10  1.00601237e-10  1.36069687e-10  1.89271937e-10  1.89271937e-10  7.30844562e-06  9.50448250e-05  1.36069687e-10  1.00601237e-10  2.51903438e-10  2.99266188e-07
  2.27725125e-10  1.05923375e-10  1.32897687e-10  1.73358250e-10  1.73358250e-10  5.99898500e-06  7.79763625e-05  1.32897687e-10  1.05923375e-10  2.27725125e-10  2.38782063e-07
  2.03708750e-10  1.05724000e-10  1.26175625e-10  1.56853500e-10  1.56853500e-10  4.92071875e-06  6.39278063e-05  1.26175625e-10  1.05724000e-10  2.03708750e-10  1.90550625e-07
  1.80559563e-10  1.01826750e-10  1.17270062e-10  1.40435500e-10  1.40435500e-10  4.03193250e-06  5.23535000e-05  1.17270062e-10  1.01826750e-10  1.80559563e-10  1.52011500e-07
  0.00000000e+00  0.00000000e+00  8.30461875e-10  2.07615687e-09  2.07615687e-09  1.59342500e-04  2.07747438e-03  8.30461875e-10  0.00000000e+00  0.00000000e+00  5.60810375e-06
  0.00000000e+00  0.00000000e+00  8.97479375e-11  1.04809937e-09  1.04809937e-09  1.31377687e-04  1.71158625e-03  8.97479375e-11  0.00000000e+00  0.00000000e+00  5.05141125e-06
  0.00000000e+00  0.00000000e+00  0.00000000e+00  3.48328437e-10  3.48328437e-10  1.08762812e-04  1.41588688e-03  0.00000000e+00  0.00000000e+00  0.00000000e+00  4.44515125e-06
  0.00000000e+00  0.00000000e+00  0.00000000e+00  0.00000000e+00  0.00000000e+00  9.02275062e-05  1.17371125e-03  0.00000000e+00  0.00000000e+00  0.00000000e+00  3.82892688e-06
  0.00000000e+00  0.00000000e+00  0.00000000e+00  0.00000000e+00  0.00000000e+00  7.49751375e-05  9.74574375e-04  0.00000000e+00  0.00000000e+00  0.00000000e+00  3.24973250e-06
  0.00000000e+00  0.00000000e+00  0.00000000e+00  0.00000000e+00  0.00000000e+00  6.24731687e-05  8.11468375e-04  0.00000000e+00  0.00000000e+00  0.00000000e+00  2.73051438e-06
  0.00000000e+00  0.00000000e+00  0.00000000e+00  0.00000000e+00  0.00000000e+00  5.21407875e-05  6.76764063e-04  0.00000000e+00  0.00000000e+00  0.00000000e+00  2.27730563e-06
  0.00000000e+00  0.00000000e+00  0.00000000e+00  0.00000000e+00  0.00000000e+00  4.52876062e-05  5.87470250e-04  0.00000000e+00  0.00000000e+00  0.00000000e+00  1.96776500e-06
  0.00000000e+00  0.00000000e+00  0.00000000e+00  0.00000000e+00  0.00000000e+00  4.35459812e-05  5.64790875e-04  0.00000000e+00  0.00000000e+00  0.00000000e+00  1.88892000e-06
  0.00000000e+00  0.00000000e+00  0.00000000e+00  0.00000000e+00  0.00000000e+00  3.59196687e-05  4.65510000e-04  0.00000000e+00  0.00000000e+00  0.00000000e+00  1.54362063e-06
  0.00000000e+00  0.00000000e+00  0.00000000e+00  0.00000000e+00  0.00000000e+00  2.96097000e-05  3.83429813e-04  0.00000000e+00  0.00000000e+00  0.00000000e+00  1.25392313e-06
  0.00000000e+00  0.00000000e+00  0.00000000e+00  0.00000000e+00  0.00000000e+00  2.43765812e-05  3.15411500e-04  0.00000000e+00  0.00000000e+00  0.00000000e+00  1.01241500e-06
  0.00000000e+00  0.00000000e+00  0.00000000e+00  0.00000000e+00  0.00000000e+00  2.00417750e-05  2.59113438e-04  0.00000000e+00  0.00000000e+00  0.00000000e+00  8.13401875e-07
  1.22328187e-11  0.00000000e+00  0.00000000e+00  0.00000000e+00  0.00000000e+00  1.64641750e-05  2.12686125e-04  0.00000000e+00  0.00000000e+00  1.22328187e-11  6.51301313e-07
  2.63207188e-11  0.00000000e+00  0.00000000e+00  0.00000000e+00  0.00000000e+00  1.35110562e-05  1.74395063e-04  0.00000000e+00  0.00000000e+00  2.63207188e-11  5.20018313e-07
  3.74631750e-11  0.00000000e+00  0.00000000e+00  0.00000000e+00  0.00000000e+00  1.10715500e-05  1.42789813e-04  0.00000000e+00  0.00000000e+00  3.74631750e-11  4.14049500e-07
  4.54118813e-11  0.00000000e+00  0.00000000e+00  0.00000000e+00  0.00000000e+00  9.05913500e-06  1.16738250e-04  0.00000000e+00  0.00000000e+00  4.54118813e-11  3.28910750e-07
  5.03504375e-11  0.00000000e+00  0.00000000e+00  0.00000000e+00  0.00000000e+00  7.40147687e-06  9.52978813e-05  0.00000000e+00  0.00000000e+00  5.03504375e-11  2.60772438e-07
  5.26842500e-11  0.00000000e+00  0.00000000e+00  0.00000000e+00  0.00000000e+00  6.03808375e-06  7.76780688e-05  0.00000000e+00  0.00000000e+00  5.26842500e-11  2.06414750e-07
  5.29055250e-11  0.00000000e+00  0.00000000e+00  0.00000000e+00  0.00000000e+00  4.91846250e-06  6.32208688e-05  0.00000000e+00  0.00000000e+00  5.29055250e-11  1.63166063e-07
  5.15108750e-11  0.00000000e+00  1.73493750e-13  4.95744437e-12  4.95744500e-12  4.00045187e-06  5.13772188e-05  1.73493750e-13  0.00000000e+00  5.15108750e-11  1.28833750e-07
  4.89554063e-11  5.67259375e-12  7.79594312e-12  1.09809500e-11  1.09809500e-11  3.24894562e-06  4.16900000e-05  7.79594312e-12  5.67259375e-12  4.89554063e-11  1.01629625e-07
  4.56303750e-11  1.13468500e-11  1.26992312e-11  1.47277000e-11  1.47277000e-11  2.63470625e-06  3.37791063e-05  1.26992312e-11  1.13468500e-11  4.56303750e-11  8.01077313e-08
  4.18559563e-11  1.47419625e-11  1.55516937e-11  1.67662437e-11  1.67662437e-11  2.13347500e-06  2.73291500e-05  1.55516937e-11  1.47419625e-11  4.18559563e-11  6.31030500e-08
  3.78830938e-11  1.64502437e-11  1.68874562e-11  1.75432750e-11  1.75432750e-11  1.72644187e-06  2.20961438e-05  1.68874562e-11  1.64502437e-11  3.78830938e-11  4.97320125e-08
  3.39061250e-11  1.69816000e-11  1.71679437e-11  1.74473625e-11  1.74473625e-11  1.39552562e-06  1.78454375e-05  1.71679437e-11  1.69816000e-11  3.39061250e-11  3.91934000e-08
  0.00000000e+00  0.00000000e+00  5.99150562e-11  1.49787437e-10  1.49787437e-10  6.06259937e-05  7.74139875e-04  5.99150562e-11  0.00000000e+00  0.00000000e+00  8.58027875e-07
  0.00000000e+00  0.00000000e+00  0.00000000e+00  2.48196687e-11  2.48196750e-11  4.91517562e-05  6.26920688e-04  0.00000000e+00  0.00000000e+00  0.00000000e+00  9.52499625e-07
  0.00000000e+00  0.00000000e+00  0.00000000e+00  0.00000000e+00  0.00000000e+00  4.00255687e-05  5.09960563e-04  0.00000000e+00  0.00000000e+00  0.00000000e+00  9.28592188e-07
  0.00000000e+00  0.00000000e+00  0.00000000e+00  0.00000000e+00  0.00000000e+00  3.26664687e-05  4.15750313e-04  0.00000000e+00  0.00000000e+00  0.00000000e+00  8.43583063e-07
  0.00000000e+00  0.00000000e+00  0.00000000e+00  0.00000000e+00  0.00000000e+00  2.67081562e-05  3.39557500e-04  0.00000000e+00  0.00000000e+00  0.00000000e+00  7.35874438e-07
  0.00000000e+00  0.00000000e+00  0.00000000e+00  0.00000000e+00  0.00000000e+00  2.19050562e-05  2.78206188e-04  0.00000000e+00  0.00000000e+00  0.00000000e+00  6.25720500e-07
  0.00000000e+00  0.00000000e+00  0.00000000e+00  0.00000000e+00  0.00000000e+00  1.79987125e-05  2.28362438e-04  0.00000000e+00  0.00000000e+00  0.00000000e+00  5.23467688e-07
  0.00000000e+00  0.00000000e+00  0.00000000e+00  0.00000000e+00  0.00000000e+00  1.54416500e-05  1.95764063e-04  0.00000000e+00  0.00000000e+00  0.00000000e+00  4.51678125e-07
  0.00000000e+00  0.00000000e+00  0.00000000e+00  0.00000000e+00  0.00000000e+00  1.47994500e-05  1.87584438e-04  0.00000000e+00  0.00000000e+00  0.00000000e+00  4.33216625e-07
  0.00000000e+00  0.00000000e+00  0.00000000e+00  0.00000000e+00  0.00000000e+00  1.20060062e-05  1.52016063e-04  0.00000000e+00  0.00000000e+00  0.00000000e+00  3.52215813e-07
  0.00000000e+00  0.00000000e+00  0.00000000e+00  0.00000000e+00  0.00000000e+00  9.73379375e-06  1.23116750e-04  0.00000000e+00  0.00000000e+00  0.00000000e+00  2.83741313e-07
  0.00000000e+00  0.00000000e+00  0.00000000e+00  0.00000000e+00  0.00000000e+00  7.88075625e-06  9.95746563e-05  0.00000000e+00  0.00000000e+00  0.00000000e+00  2.26718000e-07
  0.00000000e+00  0.00000000e+00  0.00000000e+00  0.00000000e+00  0.00000000e+00  6.37160437e-06  8.04229063e-05  0.00000000e+00  0.00000000e+00  0.00000000e+00  1.80036125e-07
  0.00000000e+00  0.00000000e+00  0.00000000e+00  0.00000000e+00  0.00000000e+00  5.14736500e-06  6.49040313e-05  0.00000000e+00  0.00000000e+00  0.00000000e+00  1.42406750e-07
  3.39560813e-12  0.00000000e+00  0.00000000e+00  0.00000000e+00  0.00000000e+00  4.15404500e-06  5.23263875e-05  0.00000000e+00  0.00000000e+00  3.39560813e-12  1.12311125e-07
  6.23275750e-12  0.00000000e+00  0.00000000e+00  0.00000000e+00  0.00000000e+00  3.34735937e-06  4.21229125e-05  0.00000000e+00  0.00000000e+00  6.23275750e-12  8.83477938e-08
  8.37803688e-12  0.00000000e+00  0.00000000e+00  0.00000000e+00  0.00000000e+00  2.69323250e-06  3.38579625e-05  0.00000000e+00  0.00000000e+00  8.37803688e-12  6.93682688e-08
  9.84952625e-12  0.00000000e+00  0.00000000e+00  0.00000000e+00  0.00000000e+00  2.16362500e-06  2.71736250e-05  0.00000000e+00  0.00000000e+00  9.84952625e-12  5.43972813e-08
  1.07227875e-11  0.00000000e+00  0.00000000e+00  0.00000000e+00  0.00000000e+00  1.73551750e-06  2.17762000e-05  0.00000000e+00  0.00000000e+00  1.07227875e-11  4.26247750e-08
  1.10980313e-11  8.95902250e-13  4.19157125e-13  0.00000000e+00  0.00000000e+00  1.39002000e-06  1.74248313e-05  4.19157125e-13  8.95902250e-13  1.10980313e-11  3.33888250e-08
  1.10802188e-11  3.06576875e-12  2.65068312e-12  2.02805938e-12  2.02805938e-12  1.11164687e-06  1.39226375e-05  2.65068312e-12  3.06576875e-12  1.10802188e-11  2.61548438e-08
  1.07675750e-11  4.46740062e-12  4.11319750e-12  3.58189375e-12  3.58189375e-12  8.87728625e-07  1.11083750e-05  4.11319750e-12  4.46740062e-12  1.07675750e-11  2.04952375e-08
  1.02461188e-11  5.28860313e-12  4.99151125e-12  4.54587375e-12  4.54587375e-12  7.07900625e-07  8.85055313e-06  4.99151125e-12  5.28860313e-12  1.02461188e-11  1.60703500e-08
  9.58760625e-12  5.68137438e-12  5.43596375e-12  5.06786188e-12  5.06786188e-12  5.63717000e-07  7.04212875e-06  5.43596375e-12  5.68137438e-12  9.58760625e-12  1.26116375e-08
  8.84872938e-12  5.76261063e-12  5.56263063e-12  5.26266438e-12  5.26266438e-12  4.48706750e-07  5.60104938e-06  5.56263063e-12  5.76261063e-12  8.84872938e-12  9.91838375e-09
  8.07568813e-12  5.63174938e-12  5.47089000e-12  5.22959188e-12  5.22959188e-12  3.56835125e-07  4.45101813e-06  5.47089000e-12  5.63174938e-12  8.07568813e-12  7.81309500e-09
  0.00000000e+00  0.00000000e+00  0.00000000e+00  0.00000000e+00  0.00000000e+00  1.50906875e-05  1.86090688e-04  0.00000000e+00  0.00000000e+00  0.00000000e+00  5.08684063e-08
  0.00000000e+00  0.00000000e+00  0.00000000e+00  0.00000000e+00  0.00000000e+00  1.19471125e-05  1.47128625e-04  0.00000000e+00  0.00000000e+00  0.00000000e+00  1.01513438e-07
  0.00000000e+00  0.00000000e+00  0.00000000e+00  0.00000000e+00  0.00000000e+00  9.50511625e-06  1.16906688e-04  0.00000000e+00  0.00000000e+00  0.00000000e+00  1.16480500e-07
  0.00000000e+00  0.00000000e+00  0.00000000e+00  0.00000000e+00  0.00000000e+00  7.58088062e-06  9.31276000e-05  0.00000000e+00  0.00000000e+00  0.00000000e+00  1.13191500e-07
  0.00000000e+00  0.00000000e+00  0.00000000e+00  0.00000000e+00  0.00000000e+00  6.05852250e-06  7.43411875e-05  0.00000000e+00  0.00000000e+00  0.00000000e+00  1.01960500e-07
  0.00000000e+00  0.00000000e+00  0.00000000e+00  0.00000000e+00  0.00000000e+00  4.86020187e-06  5.95746188e-05  0.00000000e+00  0.00000000e+00  0.00000000e+00  8.80987875e-08
  0.00000000e+00  0.00000000e+00  0.00000000e+00  0.00000000e+00  0.00000000e+00  3.90767687e-06  4.78525500e-05  0.00000000e+00  0.00000000e+00  0.00000000e+00  7.43852563e-08
  1.58819062e-21  0.00000000e+00  0.00000000e+00  0.00000000e+00  0.00000000e+00  3.29582312e-06  4.03309375e-05  0.00000000e+00  0.00000000e+00  1.58819062e-21  6.45288938e-08
  7.12146188e-14  0.00000000e+00  0.00000000e+00  0.00000000e+00  0.00000000e+00  3.14475125e-06  3.84756375e-05  0.00000000e+00  0.00000000e+00  7.12146188e-14  6.19781313e-08
  6.62127250e-13  0.00000000e+00  0.00000000e+00  0.00000000e+00  0.00000000e+00  2.49369187e-06  3.04836313e-05  0.00000000e+00  0.00000000e+00  6.62127250e-13  5.07648875e-08
  1.62419688e-12  0.00000000e+00  0.00000000e+00  0.00000000e+00  0.00000000e+00  1.97686187e-06  2.41477250e-05  0.00000000e+00  0.00000000e+00  1.62419688e-12  4.12225250e-08
  2.67181875e-12  0.00000000e+00  0.00000000e+00  0.00000000e+00  0.00000000e+00  1.56534250e-06  1.91088063e-05  0.00000000e+00  0.00000000e+00  2.67181875e-12  3.32633625e-08
  3.64142688e-12  0.00000000e+00  0.00000000e+00  0.00000000e+00  0.00000000e+00  1.23816062e-06  1.51072688e-05  0.00000000e+00  0.00000000e+00  3.64142688e-12  2.67489875e-08
  4.44141750e-12  3.42559000e-13  4.14179750e-13  5.21611375e-13  5.21611375e-13  9.79132875e-07  1.19426500e-05  4.14179750e-13  3.42559000e-13  4.44141750e-12  2.14963438e-08
  5.03672063e-12  1.49396937e-12  1.59233500e-12  1.73989250e-12  1.73989250e-12  7.73952437e-07  9.43846063e-06  1.59233500e-12  1.49396937e-12  5.03672063e-12  1.72850813e-08
  5.42789875e-12  2.34858875e-12  2.46446937e-12  2.63828937e-12  2.63828937e-12  6.11215937e-07  7.45400938e-06  2.46446937e-12  2.34858875e-12  5.42789875e-12  1.39138563e-08
  5.63199500e-12  2.94438250e-12  3.07016937e-12  3.25884500e-12  3.25884500e-12  4.82315125e-07  5.88336625e-06  3.07016937e-12  2.94438250e-12  5.63199500e-12  1.12199188e-08
  5.67524750e-12  3.32292625e-12  3.45255187e-12  3.64699562e-12  3.64699562e-12  3.80349062e-07  4.64171000e-06  3.45255187e-12  3.32292625e-12  5.67524750e-12  9.06772563e-09
  5.58723375e-12  3.52503562e-12  3.65383187e-12  3.84703500e-12  3.84703500e-12  2.99790625e-07  3.66120500e-06  3.65383187e-12  3.52503562e-12  5.58723375e-12  7.34668625e-09
  5.39720875e-12  3.58826687e-12  3.71278375e-12  3.89954937e-12  3.89954937e-12  2.36220437e-07  2.88772000e-06  3.71278375e-12  3.58826687e-12  5.39720875e-12  5.96795625e-09
  5.13208563e-12  3.54567500e-12  3.66347375e-12  3.84016312e-12  3.84017250e-12  1.86111187e-07  2.27807000e-06  3.66347375e-12  3.54567500e-12  5.13208563e-12  4.86078500e-09
  4.81536688e-12  3.42541625e-12  3.53490812e-12  3.69915125e-12  3.69915125e-12  1.46647937e-07  1.79790125e-06  3.53490812e-12  3.42541625e-12  4.81536688e-12  3.96918688e-09
  4.46682438e-12  3.25079750e-12  3.35108250e-12  3.50152000e-12  3.50152000e-12  1.15594562e-07  1.41992188e-06  3.35108250e-12  3.25079750e-12  4.46682438e-12  3.24900750e-09
  4.10254750e-12  3.04070562e-12  3.13140375e-12  3.26744625e-12  3.26744625e-12  9.11727875e-08  1.12248500e-06  3.13140375e-12  3.04070562e-12  4.10254750e-12  2.66546688e-09
  3.73532750e-12  2.80991812e-12  2.89104937e-12  3.01274625e-12  3.01274625e-12  7.20466062e-08  8.89312563e-07  2.89104937e-12  2.80991812e-12  3.73532750e-12  2.19268938e-09
  3.37508313e-12  2.57045187e-12  2.64232687e-12  2.75013875e-12  2.75013875e-12  5.70199062e-08  7.05890875e-07  2.64232687e-12  2.57045187e-12  3.37508313e-12  1.80740750e-09
  0.00000000e+00  0.00000000e+00  1.07495125e-12  2.68737875e-12  2.68737875e-12  0.00000000e+00  0.00000000e+00  1.07495125e-12  0.00000000e+00  0.00000000e+00  7.15101875e-09
  0.00000000e+00  0.00000000e+00  2.46524062e-14  1.26469187e-12  1.26469187e-12  0.00000000e+00  0.00000000e+00  2.46524062e-14  0.00000000e+00  0.00000000e+00  4.52534875e-09
  0.00000000e+00  0.00000000e+00  0.00000000e+00  3.96163062e-13  3.96163125e-13  0.00000000e+00  0.00000000e+00  0.00000000e+00  0.00000000e+00  0.00000000e+00  3.06678813e-09
  0.00000000e+00  0.00000000e+00  0.00000000e+00  0.00000000e+00  0.00000000e+00  0.00000000e+00  0.00000000e+00  0.00000000e+00  0.00000000e+00  0.00000000e+00  2.21282938e-09
  0.00000000e+00  0.00000000e+00  0.00000000e+00  0.00000000e+00  0.00000000e+00  0.00000000e+00  0.00000000e+00  0.00000000e+00  0.00000000e+00  0.00000000e+00  1.67899813e-09
  0.00000000e+00  0.00000000e+00  0.00000000e+00  0.00000000e+00  0.00000000e+00  0.00000000e+00  0.00000000e+00  0.00000000e+00  0.00000000e+00  0.00000000e+00  1.32145250e-09
  0.00000000e+00  0.00000000e+00  0.00000000e+00  0.00000000e+00  0.00000000e+00  0.00000000e+00  0.00000000e+00  0.00000000e+00  0.00000000e+00  0.00000000e+00  1.05877188e-09
  9.09900000e-24  0.00000000e+00  0.00000000e+00  0.00000000e+00  0.00000000e+00  0.00000000e+00  0.00000000e+00  0.00000000e+00  0.00000000e+00  9.09900000e-24  8.93789000e-10
  0.00000000e+00  0.00000000e+00  0.00000000e+00  0.00000000e+00  0.00000000e+00  0.00000000e+00  0.00000000e+00  0.00000000e+00  0.00000000e+00  0.00000000e+00  8.52873188e-10
  0.00000000e+00  0.00000000e+00  0.00000000e+00  0.00000000e+00  0.00000000e+00  0.00000000e+00  0.00000000e+00  0.00000000e+00  0.00000000e+00  0.00000000e+00  6.75228375e-10
  0.00000000e+00  0.00000000e+00  0.00000000e+00  0.00000000e+00  0.00000000e+00  0.00000000e+00  0.00000000e+00  0.00000000e+00  0.00000000e+00  0.00000000e+00  5.30593437e-10
  0.00000000e+00  0.00000000e+00  0.00000000e+00  0.00000000e+00  0.00000000e+00  0.00000000e+00  0.00000000e+00  0.00000000e+00  0.00000000e+00  0.00000000e+00  4.11029313e-10
  0.00000000e+00  0.00000000e+00  0.00000000e+00  0.00000000e+00  0.00000000e+00  0.00000000e+00  0.00000000e+00  0.00000000e+00  0.00000000e+00  0.00000000e+00  3.12441750e-10
  0.00000000e+00  0.00000000e+00  0.00000000e+00  0.00000000e+00  0.00000000e+00  0.00000000e+00  0.00000000e+00  0.00000000e+00  0.00000000e+00  0.00000000e+00  2.32132563e-10
  0.00000000e+00  0.00000000e+00  0.00000000e+00  0.00000000e+00  0.00000000e+00  0.00000000e+00  0.00000000e+00  0.00000000e+00  0.00000000e+00  0.00000000e+00  1.67553875e-10
  0.00000000e+00  0.00000000e+00  0.00000000e+00  0.00000000e+00  0.00000000e+00  0.00000000e+00  0.00000000e+00  0.00000000e+00  0.00000000e+00  0.00000000e+00  1.16337938e-10
  0.00000000e+00  0.00000000e+00  0.00000000e+00  0.00000000e+00  0.00000000e+00  0.00000000e+00  0.00000000e+00  0.00000000e+00  0.00000000e+00  0.00000000e+00  7.64395250e-11
  0.00000000e+00  0.00000000e+00  0.00000000e+00  0.00000000e+00  0.00000000e+00  0.00000000e+00  0.00000000e+00  0.00000000e+00  0.00000000e+00  0.00000000e+00  4.59651938e-11
  0.00000000e+00  0.00000000e+00  0.00000000e+00  0.00000000e+00  0.00000000e+00  0.00000000e+00  0.00000000e+00  0.00000000e+00  0.00000000e+00  0.00000000e+00  2.32022313e-11
  0.00000000e+00  0.00000000e+00  0.00000000e+00  0.00000000e+00  0.00000000e+00  0.00000000e+00  2.72727437e-09  0.00000000e+00  0.00000000e+00  0.00000000e+00  6.64121750e-12
  0.00000000e+00  0.00000000e+00  0.00000000e+00  0.00000000e+00  0.00000000e+00  4.67247375e-11  4.42646312e-09  0.00000000e+00  0.00000000e+00  0.00000000e+00  0.00000000e+00
  0.00000000e+00  0.00000000e+00  0.00000000e+00  0.00000000e+00  0.00000000e+00  1.86627812e-10  5.11625250e-09  0.00000000e+00  0.00000000e+00  0.00000000e+00  0.00000000e+00
  0.00000000e+00  0.00000000e+00  0.00000000e+00  0.00000000e+00  0.00000000e+00  2.54903375e-10  5.15916875e-09  0.00000000e+00  0.00000000e+00  0.00000000e+00  0.00000000e+00
  0.00000000e+00  0.00000000e+00  0.00000000e+00  0.00000000e+00  0.00000000e+00  2.76273250e-10  4.81209562e-09  0.00000000e+00  0.00000000e+00  0.00000000e+00  0.00000000e+00
  0.00000000e+00  0.00000000e+00  0.00000000e+00  0.00000000e+00  0.00000000e+00  2.68088937e-10  4.25185687e-09  0.00000000e+00  0.00000000e+00  0.00000000e+00  0.00000000e+00
  0.00000000e+00  0.00000000e+00  0.00000000e+00  0.00000000e+00  0.00000000e+00  2.43243812e-10  3.60315438e-09  0.00000000e+00  0.00000000e+00  0.00000000e+00  0.00000000e+00
  0.00000000e+00  0.00000000e+00  0.00000000e+00  0.00000000e+00  0.00000000e+00  0.00000000e+00  0.00000000e+00  0.00000000e+00  0.00000000e+00  0.00000000e+00  0.00000000e+00
  0.00000000e+00  0.00000000e+00  0.00000000e+00  0.00000000e+00  0.00000000e+00  0.00000000e+00  0.00000000e+00  0.00000000e+00  0.00000000e+00  0.00000000e+00  0.00000000e+00
  0.00000000e+00  0.00000000e+00  0.00000000e+00  0.00000000e+00  0.00000000e+00  0.00000000e+00  0.00000000e+00  0.00000000e+00  0.00000000e+00  0.00000000e+00  0.00000000e+00
  0.00000000e+00  0.00000000e+00  0.00000000e+00  0.00000000e+00  0.00000000e+00  0.00000000e+00  0.00000000e+00  0.00000000e+00  0.00000000e+00  0.00000000e+00  0.00000000e+00
  0.00000000e+00  0.00000000e+00  0.00000000e+00  0.00000000e+00  0.00000000e+00  0.00000000e+00  0.00000000e+00  0.00000000e+00  0.00000000e+00  0.00000000e+00  0.00000000e+00
  0.00000000e+00  0.00000000e+00  0.00000000e+00  0.00000000e+00  0.00000000e+00  0.00000000e+00  0.00000000e+00  0.00000000e+00  0.00000000e+00  0.00000000e+00  0.00000000e+00
  0.00000000e+00  0.00000000e+00  0.00000000e+00  0.00000000e+00  0.00000000e+00  0.00000000e+00  0.00000000e+00  0.00000000e+00  0.00000000e+00  0.00000000e+00  0.00000000e+00
  0.00000000e+00  0.00000000e+00  0.00000000e+00  0.00000000e+00  0.00000000e+00  0.00000000e+00  0.00000000e+00  0.00000000e+00  0.00000000e+00  0.00000000e+00  0.00000000e+00
  0.00000000e+00  0.00000000e+00  0.00000000e+00  0.00000000e+00  0.00000000e+00  0.00000000e+00  0.00000000e+00  0.00000000e+00  0.00000000e+00  0.00000000e+00  0.00000000e+00
  0.00000000e+00  0.00000000e+00  0.00000000e+00  0.00000000e+00  0.00000000e+00  0.00000000e+00  0.00000000e+00  0.00000000e+00  0.00000000e+00  0.00000000e+00  0.00000000e+00
  0.00000000e+00  0.00000000e+00  0.00000000e+00  0.00000000e+00  0.00000000e+00  0.00000000e+00  0.00000000e+00  0.00000000e+00  0.00000000e+00  0.00000000e+00  0.00000000e+00
  0.00000000e+00  0.00000000e+00  0.00000000e+00  0.00000000e+00  0.00000000e+00  0.00000000e+00  0.00000000e+00  0.00000000e+00  0.00000000e+00  0.00000000e+00  0.00000000e+00
  0.00000000e+00  0.00000000e+00  0.00000000e+00  0.00000000e+00  0.00000000e+00  0.00000000e+00  0.00000000e+00  0.00000000e+00  0.00000000e+00  0.00000000e+00  0.00000000e+00
  0.00000000e+00  0.00000000e+00  0.00000000e+00  0.00000000e+00  0.00000000e+00  0.00000000e+00  0.00000000e+00  0.00000000e+00  0.00000000e+00  0.00000000e+00  0.00000000e+00
  0.00000000e+00  0.00000000e+00  0.00000000e+00  0.00000000e+00  0.00000000e+00  0.00000000e+00  0.00000000e+00  0.00000000e+00  0.00000000e+00  0.00000000e+00  0.00000000e+00
  0.00000000e+00  0.00000000e+00  0.00000000e+00  0.00000000e+00  0.00000000e+00  0.00000000e+00  0.00000000e+00  0.00000000e+00  0.00000000e+00  0.00000000e+00  0.00000000e+00
  0.00000000e+00  0.00000000e+00  0.00000000e+00  0.00000000e+00  0.00000000e+00  0.00000000e+00  0.00000000e+00  0.00000000e+00  0.00000000e+00  0.00000000e+00  0.00000000e+00
  0.00000000e+00  0.00000000e+00  0.00000000e+00  0.00000000e+00  0.00000000e+00  0.00000000e+00  0.00000000e+00  0.00000000e+00  0.00000000e+00  0.00000000e+00  0.00000000e+00
  0.00000000e+00  0.00000000e+00  0.00000000e+00  0.00000000e+00  0.00000000e+00  0.00000000e+00  0.00000000e+00  0.00000000e+00  0.00000000e+00  0.00000000e+00  0.00000000e+00
  0.00000000e+00  0.00000000e+00  0.00000000e+00  0.00000000e+00  0.00000000e+00  0.00000000e+00  0.00000000e+00  0.00000000e+00  0.00000000e+00  0.00000000e+00  0.00000000e+00
  0.00000000e+00  0.00000000e+00  0.00000000e+00  0.00000000e+00  0.00000000e+00  0.00000000e+00  0.00000000e+00  0.00000000e+00  0.00000000e+00  0.00000000e+00  0.00000000e+00
  0.00000000e+00  0.00000000e+00  0.00000000e+00  0.00000000e+00  0.00000000e+00  0.00000000e+00  0.00000000e+00  0.00000000e+00  0.00000000e+00  0.00000000e+00  0.00000000e+00
  0.00000000e+00  0.00000000e+00  0.00000000e+00  0.00000000e+00  0.00000000e+00  0.00000000e+00  0.00000000e+00  0.00000000e+00  0.00000000e+00  0.00000000e+00  0.00000000e+00
  0.00000000e+00  0.00000000e+00  0.00000000e+00  0.00000000e+00  0.00000000e+00  0.00000000e+00  0.00000000e+00  0.00000000e+00  0.00000000e+00  0.00000000e+00  0.00000000e+00
  0.00000000e+00  0.00000000e+00  0.00000000e+00  0.00000000e+00  0.00000000e+00  0.00000000e+00  0.00000000e+00  0.00000000e+00  0.00000000e+00  0.00000000e+00  0.00000000e+00
  0.00000000e+00  0.00000000e+00  0.00000000e+00  0.00000000e+00  0.00000000e+00  0.00000000e+00  0.00000000e+00  0.00000000e+00  0.00000000e+00  0.00000000e+00  0.00000000e+00
---
