PdfType: error
Format: lhagrid1
---
1.00000E-06 1.28121E-06 1.64152E-06 2.10317E-06 2.69463E-06 3.45242E-06 4.42329E-06 5.66715E-06 7.26076E-06 9.30241E-06 1.19180E-05 1.52689E-05 1.95617E-05 2.50609E-05 3.21053E-05 4.11287E-05 5.26863E-05 6.74889E-05 8.64459E-05 1.10720E-04 1.41800E-04 1.81585E-04 2.32503E-04 2.97652E-04 3.80981E-04 4.87518E-04 6.26039E-04 8.00452E-04 1.02297E-03 1.30657E-03 1.66759E-03 2.12729E-03 2.71054E-03 3.44865E-03 4.37927E-03 5.54908E-03 7.01192E-03 8.83064E-03 1.10763E-02 1.38266E-02 1.71641E-02 2.11717E-02 2.59364E-02 3.15062E-02 3.79623E-02 4.53425E-02 5.36750E-02 6.29705E-02 7.32221E-02 8.44039E-02 9.64793E-02 1.09332E-01 1.23067E-01 1.37507E-01 1.52639E-01 1.68416E-01 1.84794E-01 2.01731E-01 2.19016E-01 2.36948E-01 2.55242E-01 2.73927E-01 2.92954E-01 3.12340E-01 3.32036E-01 3.52019E-01 3.72282E-01 3.92772E-01 4.13533E-01 4.34326E-01 4.55495E-01 4.76836E-01 4.98342E-01 5.20006E-01 5.41818E-01 5.63773E-01 5.85861E-01 6.08077E-01 6.30459E-01 6.52800E-01 6.75387E-01 6.98063E-01 7.20830E-01 7.43683E-01 7.66623E-01 7.89636E-01 8.12791E-01 8.35940E-01 8.59175E-01 8.82485E-01 9.05866E-01 9.29311E-01 9.52817E-01 9.76387E-01 1.00000E+00
1.30000E+00 1.50159E+00 1.75516E+00 2.07810E+00 2.49495E+00 3.04086E+00 3.76715E+00 4.50000E+00 4.75000E+00 6.23113E+00 8.37423E+00 1.15549E+01 1.64076E+01 2.40380E+01 3.64361E+01 5.73145E+01 9.38707E+01 1.60654E+02 2.88438E+02 5.45587E+02 1.09231E+03 2.32646E+03 5.30043E+03 1.29956E+04 3.45140E+04 1.00000E+05
900 901 902 903 904 905 906 907 908 909 910
 1.14482E+00 9.33213E-02 1.10220E+00 8.99152E-02 3.81035E+02 1.53359E+00 1.25135E-01 2.04616E+02 1.14484E+00 9.33223E-02 5.44023E-02
 1.25064E+00 1.27190E-01 1.19537E+00 1.25482E-01 4.15267E+02 1.65979E+00 1.75793E-01 2.22998E+02 1.25065E+00 1.27191E-01 7.90985E-02
 1.43194E+00 1.82972E-01 1.35770E+00 1.82889E-01 4.51078E+02 1.88083E+00 2.57134E-01 2.42229E+02 1.43197E+00 1.82975E-01 1.17377E-01
 1.69490E+00 2.62677E-01 1.59505E+00 2.63506E-01 4.88654E+02 2.20483E+00 3.70839E-01 2.62407E+02 1.69494E+00 2.62684E-01 1.78226E-01
 2.05512E+00 3.69663E-01 1.92144E+00 3.69213E-01 5.28131E+02 2.65089E+00 5.18991E-01 2.83606E+02 2.05519E+00 3.69677E-01 2.77593E-01
 2.54008E+00 5.11276E-01 2.36105E+00 5.05046E-01 5.69746E+02 3.25175E+00 7.07788E-01 3.05954E+02 2.54022E+00 5.11306E-01 4.44701E-01
 3.17597E+00 6.93948E-01 2.93766E+00 6.74370E-01 6.13609E+02 4.03998E+00 9.40796E-01 3.29508E+02 3.17623E+00 6.94009E-01 7.34628E-01
 3.78050E+00 8.64176E-01 3.48626E+00 8.27681E-01 6.49028E+02 4.79007E+00 1.14993E+00 3.48528E+02 3.78095E+00 8.64284E-01 1.10800E+00
 3.97769E+00 9.22317E-01 3.67599E+00 8.80512E-01 6.59844E+02 5.05402E+00 1.22219E+00 3.54336E+02 3.97823E+00 9.22445E-01 1.25478E+00
 5.10452E+00 1.22209E+00 4.75084E+00 1.14974E+00 7.12823E+02 6.54559E+00 1.58913E+00 3.82786E+02 5.10574E+00 1.22238E+00 2.32838E+00
 6.52704E+00 1.57958E+00 6.11069E+00 1.47244E+00 7.69365E+02 8.43386E+00 2.02963E+00 4.13149E+02 6.52999E+00 1.58029E+00 4.52300E+00
 8.26386E+00 1.99173E+00 7.78629E+00 1.85749E+00 8.29719E+02 1.07667E+01 2.56075E+00 4.45559E+02 8.27159E+00 1.99357E+00 9.22099E+00
 1.03500E+01 2.45006E+00 9.83181E+00 2.30595E+00 8.94120E+02 1.36274E+01 3.18758E+00 4.80142E+02 1.03727E+01 2.45537E+00 1.97359E+01
 1.28230E+01 2.94200E+00 1.22655E+01 2.80519E+00 9.62882E+02 1.70345E+01 3.89236E+00 5.17068E+02 1.29001E+01 2.95963E+00 4.41179E+01
 1.57176E+01 3.44887E+00 1.51382E+01 3.32778E+00 1.03625E+03 2.10656E+01 4.63317E+00 5.56464E+02 1.60242E+01 3.51628E+00 1.01011E+02
 1.90777E+01 3.95558E+00 1.84552E+01 3.84858E+00 1.11442E+03 2.57134E+01 5.37085E+00 5.98446E+02 2.03730E+01 4.22603E+00 2.25242E+02
 2.29350E+01 4.45504E+00 2.22599E+01 4.35594E+00 1.19769E+03 3.10432E+01 6.08728E+00 6.43158E+02 2.76093E+01 5.37138E+00 4.45394E+02
 2.73485E+01 4.94483E+00 2.66084E+01 4.84722E+00 1.28631E+03 3.71330E+01 6.77865E+00 6.90747E+02 3.89385E+01 7.06018E+00 7.12424E+02
 3.23751E+01 5.42413E+00 3.15573E+01 5.32362E+00 1.38057E+03 4.40622E+01 7.44742E+00 7.41366E+02 5.19437E+01 8.73116E+00 9.26635E+02
 3.80706E+01 5.89126E+00 3.71613E+01 5.78537E+00 1.48076E+03 5.19073E+01 8.09466E+00 7.95169E+02 6.43339E+01 9.98639E+00 1.06711E+03
 4.44928E+01 6.34338E+00 4.34788E+01 6.23107E+00 1.58718E+03 6.07507E+01 8.71892E+00 8.52317E+02 7.64764E+01 1.09332E+01 1.16887E+03
 5.16987E+01 6.77683E+00 5.05663E+01 6.65786E+00 1.70014E+03 7.06716E+01 9.31651E+00 9.12973E+02 8.92952E+01 1.17327E+01 1.25920E+03
 5.97440E+01 7.18764E+00 5.84792E+01 7.06218E+00 1.81994E+03 8.17477E+01 9.88256E+00 9.77307E+02 1.03336E+02 1.24572E+01 1.34969E+03
 6.86838E+01 7.57193E+00 6.72715E+01 7.44034E+00 1.94691E+03 9.40546E+01 1.04120E+01 1.04549E+03 1.18862E+02 1.31264E+01 1.44423E+03
 7.85893E+01 7.92750E+00 7.70134E+01 7.79022E+00 2.08152E+03 1.07691E+02 1.09018E+01 1.11778E+03 1.36047E+02 1.37437E+01 1.54416E+03
 8.95034E+01 8.25031E+00 8.77469E+01 8.10787E+00 2.22405E+03 1.22715E+02 1.13465E+01 1.19431E+03 1.54977E+02 1.43039E+01 1.64990E+03
 1.13440E+00 9.21580E-02 1.09214E+00 8.88006E-02 3.23374E+02 1.51959E+00 1.23587E-01 1.73652E+02 1.13441E+00 9.21589E-02 4.61698E-02
 1.24098E+00 1.26322E-01 1.18600E+00 1.24658E-01 3.52124E+02 1.64674E+00 1.74651E-01 1.89090E+02 1.24099E+00 1.26324E-01 6.70712E-02
 1.42161E+00 1.81978E-01 1.34773E+00 1.81926E-01 3.82130E+02 1.86694E+00 2.55793E-01 2.05204E+02 1.42163E+00 1.81981E-01 9.94356E-02
 1.68208E+00 2.60990E-01 1.58281E+00 2.61844E-01 4.13552E+02 2.18782E+00 3.68512E-01 2.22077E+02 1.68213E+00 2.60997E-01 1.50834E-01
 2.03764E+00 3.66553E-01 1.90492E+00 3.66156E-01 4.46504E+02 2.62801E+00 5.14712E-01 2.39773E+02 2.03772E+00 3.66568E-01 2.34688E-01
 2.51516E+00 5.05764E-01 2.33763E+00 4.99695E-01 4.81186E+02 3.21941E+00 7.00325E-01 2.58397E+02 2.51530E+00 5.05793E-01 3.75578E-01
 3.14025E+00 6.84833E-01 2.90414E+00 6.65667E-01 5.17689E+02 3.99367E+00 9.28716E-01 2.77999E+02 3.14051E+00 6.84893E-01 6.19790E-01
 3.73403E+00 8.51412E-01 3.44251E+00 8.15644E-01 5.47132E+02 4.72960E+00 1.13328E+00 2.93810E+02 3.73448E+00 8.51518E-01 9.34048E-01
 3.92754E+00 9.08240E-01 3.62869E+00 8.67265E-01 5.56127E+02 4.98860E+00 1.20388E+00 2.98640E+02 3.92807E+00 9.08366E-01 1.05755E+00
 5.03427E+00 1.20101E+00 4.68421E+00 1.13006E+00 6.00155E+02 6.45329E+00 1.56199E+00 3.22283E+02 5.03547E+00 1.20130E+00 1.96036E+00
 6.43099E+00 1.54954E+00 6.01910E+00 1.44441E+00 6.47081E+02 8.30677E+00 1.99099E+00 3.47483E+02 6.43389E+00 1.55024E+00 3.80411E+00
 8.13583E+00 1.95068E+00 7.66349E+00 1.81893E+00 6.97113E+02 1.05960E+01 2.50748E+00 3.74349E+02 8.14344E+00 1.95249E+00 7.74729E+00
 1.01833E+01 2.39607E+00 9.67085E+00 2.25464E+00 7.50438E+02 1.34033E+01 3.11646E+00 4.02985E+02 1.02056E+01 2.40127E+00 1.65644E+01
 1.26102E+01 2.87333E+00 1.20591E+01 2.73916E+00 8.07315E+02 1.67468E+01 3.80052E+00 4.33528E+02 1.26860E+01 2.89055E+00 3.69900E+01
 1.54510E+01 3.36416E+00 1.48784E+01 3.24556E+00 8.67936E+02 2.07029E+01 4.51851E+00 4.66081E+02 1.57522E+01 3.42991E+00 8.46050E+01
 1.87487E+01 3.85382E+00 1.81338E+01 3.74921E+00 9.32475E+02 2.52644E+01 5.23203E+00 5.00739E+02 2.00213E+01 4.11728E+00 1.88467E+02
 2.25344E+01 4.33543E+00 2.18680E+01 4.23874E+00 1.00115E+03 3.04954E+01 5.92339E+00 5.37617E+02 2.71262E+01 5.22711E+00 3.72305E+02
 2.68663E+01 4.80674E+00 2.61362E+01 4.71168E+00 1.07418E+03 3.64728E+01 6.58903E+00 5.76834E+02 3.82502E+01 6.86292E+00 5.94936E+02
 3.18003E+01 5.26706E+00 3.09940E+01 5.16932E+00 1.15179E+03 4.32745E+01 7.23151E+00 6.18512E+02 5.10192E+01 8.47821E+00 7.73080E+02
 3.73914E+01 5.71486E+00 3.64953E+01 5.61203E+00 1.23422E+03 5.09758E+01 7.85208E+00 6.62777E+02 6.31834E+01 9.68727E+00 8.89440E+02
 4.36962E+01 6.14751E+00 4.26973E+01 6.03856E+00 1.32171E+03 5.96575E+01 8.44952E+00 7.09757E+02 7.51043E+01 1.05955E+01 9.73361E+02
 5.07705E+01 6.56153E+00 4.96555E+01 6.44625E+00 1.41449E+03 6.93974E+01 9.02036E+00 7.59584E+02 8.76892E+01 1.13599E+01 1.04764E+03
 5.86692E+01 6.95318E+00 5.74242E+01 6.83172E+00 1.51283E+03 8.02717E+01 9.56004E+00 8.12392E+02 1.01475E+02 1.20508E+01 1.12194E+03
 6.74460E+01 7.31879E+00 6.60562E+01 7.19151E+00 1.61698E+03 9.23543E+01 1.00637E+01 8.68320E+02 1.16717E+02 1.26875E+01 1.19949E+03
 7.71707E+01 7.65630E+00 7.56203E+01 7.52363E+00 1.72732E+03 1.05741E+02 1.05287E+01 9.27571E+02 1.33588E+02 1.32735E+01 1.28140E+03
 8.78851E+01 7.96190E+00 8.61575E+01 7.82436E+00 1.84406E+03 1.20491E+02 1.09497E+01 9.90260E+02 1.52172E+02 1.38038E+01 1.36801E+03
 1.12188E+00 9.07410E-02 1.08006E+00 8.74431E-02 2.77256E+02 1.50278E+00 1.21700E-01 1.48887E+02 1.12190E+00 9.07420E-02 3.95853E-02
 1.22929E+00 1.25260E-01 1.17468E+00 1.23649E-01 3.01676E+02 1.63095E+00 1.73254E-01 1.62000E+02 1.22930E+00 1.25262E-01 5.74622E-02
 1.40914E+00 1.80761E-01 1.33569E+00 1.80749E-01 3.27105E+02 1.85019E+00 2.54151E-01 1.75655E+02 1.40916E+00 1.80765E-01 8.51172E-02
 1.66683E+00 2.58943E-01 1.56822E+00 2.59824E-01 3.53679E+02 2.16756E+00 3.65683E-01 1.89926E+02 1.66687E+00 2.58950E-01 1.28997E-01
 2.01717E+00 3.62809E-01 1.88553E+00 3.62468E-01 3.81500E+02 2.60117E+00 5.09547E-01 2.04865E+02 2.01724E+00 3.62823E-01 2.00521E-01
 2.48632E+00 4.99162E-01 2.31052E+00 4.93272E-01 4.10733E+02 3.18195E+00 6.91362E-01 2.20564E+02 2.48646E+00 4.99191E-01 3.20587E-01
 3.09925E+00 6.73951E-01 2.86569E+00 6.55259E-01 4.41456E+02 3.94057E+00 9.14260E-01 2.37062E+02 3.09951E+00 6.74010E-01 5.28523E-01
 3.68086E+00 8.36195E-01 3.39256E+00 8.01277E-01 4.66210E+02 4.66058E+00 1.11340E+00 2.50355E+02 3.68130E+00 8.36300E-01 7.95900E-01
 3.87020E+00 8.91465E-01 3.57473E+00 8.51462E-01 4.73775E+02 4.91400E+00 1.18203E+00 2.54417E+02 3.87072E+00 8.91589E-01 9.00943E-01
 4.95395E+00 1.17592E+00 4.60823E+00 1.10662E+00 5.10774E+02 6.34810E+00 1.52967E+00 2.74285E+02 4.95514E+00 1.17620E+00 1.66840E+00
 6.32101E+00 1.51380E+00 5.91446E+00 1.41109E+00 5.50156E+02 8.16167E+00 1.94506E+00 2.95434E+02 6.32386E+00 1.51448E+00 3.23430E+00
 7.98884E+00 1.90186E+00 7.52278E+00 1.77312E+00 5.92091E+02 1.04005E+01 2.44420E+00 3.17953E+02 7.99631E+00 1.90362E+00 6.58014E+00
 9.99129E+00 2.33186E+00 9.48574E+00 2.19369E+00 6.36735E+02 1.31456E+01 3.03199E+00 3.41927E+02 1.00132E+01 2.33692E+00 1.40546E+01
 1.23644E+01 2.79169E+00 1.18209E+01 2.66071E+00 6.84297E+02 1.64147E+01 3.69143E+00 3.67467E+02 1.24387E+01 2.80841E+00 3.13535E+01
 1.51417E+01 3.26347E+00 1.45773E+01 3.14788E+00 7.34935E+02 2.02827E+01 4.38230E+00 3.94660E+02 1.54369E+01 3.32724E+00 7.16403E+01
 1.83656E+01 3.73291E+00 1.77600E+01 3.63117E+00 7.88791E+02 2.47422E+01 5.06715E+00 4.23581E+02 1.96120E+01 3.98807E+00 1.59427E+02
 2.20664E+01 4.19339E+00 2.14104E+01 4.09957E+00 8.46040E+02 2.98559E+01 5.72880E+00 4.54324E+02 2.65620E+01 5.05577E+00 3.14624E+02
 2.63010E+01 4.64283E+00 2.55827E+01 4.55081E+00 9.06863E+02 3.56990E+01 6.36398E+00 4.86985E+02 3.74435E+01 6.62879E+00 5.02268E+02
 3.11240E+01 5.08073E+00 3.03313E+01 4.98629E+00 9.71444E+02 4.23478E+01 6.97540E+00 5.21665E+02 4.99314E+01 8.17816E+00 6.52031E+02
 3.65891E+01 5.50573E+00 3.57087E+01 5.40652E+00 1.03997E+03 4.98757E+01 7.56450E+00 5.58464E+02 6.18246E+01 9.33265E+00 7.49453E+02
 4.27517E+01 5.91540E+00 4.17708E+01 5.81045E+00 1.11264E+03 5.83616E+01 8.13029E+00 5.97486E+02 7.34776E+01 1.01953E+01 8.19392E+02
 4.96661E+01 6.30654E+00 4.85717E+01 6.19562E+00 1.18964E+03 6.78814E+01 8.66961E+00 6.38836E+02 8.57783E+01 1.09183E+01 8.81103E+02
 5.73857E+01 6.67563E+00 5.61644E+01 6.55891E+00 1.27118E+03 7.85093E+01 9.17824E+00 6.82625E+02 9.92513E+01 1.15696E+01 9.42727E+02
 6.59628E+01 7.01925E+00 6.46000E+01 6.89708E+00 1.35747E+03 9.03170E+01 9.65167E+00 7.28961E+02 1.14147E+02 1.21681E+01 1.00698E+03
 7.54651E+01 7.33551E+00 7.39454E+01 7.20832E+00 1.44881E+03 1.03398E+02 1.00874E+01 7.78011E+02 1.30632E+02 1.27173E+01 1.07478E+03
 8.59331E+01 7.62089E+00 8.42403E+01 7.48916E+00 1.54537E+03 1.17808E+02 1.04806E+01 8.29864E+02 1.48789E+02 1.32125E+01 1.14643E+03
 1.10696E+00 8.90391E-02 1.06567E+00 8.58130E-02 2.40135E+02 1.48274E+00 1.19436E-01 1.28953E+02 1.10698E+00 8.90400E-02 3.42853E-02
 1.21525E+00 1.23980E-01 1.16110E+00 1.22434E-01 2.61121E+02 1.61203E+00 1.71570E-01 1.40222E+02 1.21527E+00 1.23981E-01 4.97373E-02
 1.39423E+00 1.79295E-01 1.32131E+00 1.79330E-01 2.82925E+02 1.83017E+00 2.52174E-01 1.51931E+02 1.39426E+00 1.79299E-01 7.36211E-02
 1.64884E+00 2.56496E-01 1.55101E+00 2.57410E-01 3.05670E+02 2.14366E+00 3.62299E-01 1.64145E+02 1.64888E+00 2.56503E-01 1.11486E-01
 1.99341E+00 3.58372E-01 1.86301E+00 3.58088E-01 3.29441E+02 2.56997E+00 5.03411E-01 1.76910E+02 1.99348E+00 3.58386E-01 1.73158E-01
 2.45330E+00 4.91386E-01 2.27946E+00 4.85688E-01 3.54380E+02 3.13901E+00 6.80772E-01 1.90302E+02 2.45344E+00 4.91414E-01 2.76602E-01
 3.05272E+00 6.61181E-01 2.82207E+00 6.43016E-01 3.80553E+02 3.88036E+00 8.97247E-01 2.04357E+02 3.05298E+00 6.61239E-01 4.55607E-01
 3.62076E+00 8.18370E-01 3.33621E+00 7.84418E-01 4.01617E+02 4.58277E+00 1.09006E+00 2.15668E+02 3.62120E+00 8.18472E-01 6.85629E-01
 3.80544E+00 8.71822E-01 3.51390E+00 8.32930E-01 4.08056E+02 4.82996E+00 1.15640E+00 2.19126E+02 3.80596E+00 8.71943E-01 7.75970E-01
 4.86327E+00 1.14657E+00 4.52264E+00 1.07921E+00 4.39522E+02 6.22968E+00 1.49185E+00 2.36024E+02 4.86443E+00 1.14685E+00 1.43567E+00
 6.19659E+00 1.47204E+00 5.79638E+00 1.37218E+00 4.72971E+02 7.99804E+00 1.89143E+00 2.53985E+02 6.19939E+00 1.47270E+00 2.78054E+00
 7.82209E+00 1.84484E+00 7.36348E+00 1.71967E+00 5.08542E+02 1.01794E+01 2.37040E+00 2.73087E+02 7.82940E+00 1.84655E+00 5.65163E+00
 9.77268E+00 2.25688E+00 9.27535E+00 2.12260E+00 5.46364E+02 1.28529E+01 2.93350E+00 2.93398E+02 9.79408E+00 2.26178E+00 1.20599E+01
 1.20834E+01 2.69637E+00 1.15489E+01 2.56920E+00 5.86612E+02 1.60358E+01 3.56421E+00 3.15010E+02 1.21560E+01 2.71252E+00 2.68777E+01
 1.47869E+01 3.14596E+00 1.42322E+01 3.03394E+00 6.29413E+02 1.98010E+01 4.22345E+00 3.37995E+02 1.50751E+01 3.20742E+00 6.13542E+01
 1.79245E+01 3.59188E+00 1.73296E+01 3.49353E+00 6.74885E+02 2.41411E+01 4.87490E+00 3.62413E+02 1.91406E+01 3.83736E+00 1.36405E+02
 2.15253E+01 4.02782E+00 2.08814E+01 3.93738E+00 7.23170E+02 2.91167E+01 5.50203E+00 3.88342E+02 2.59096E+01 4.85607E+00 2.68931E+02
 2.56447E+01 4.45192E+00 2.49402E+01 4.36344E+00 7.74417E+02 3.48010E+01 6.10187E+00 4.15862E+02 3.65068E+01 6.35608E+00 4.28912E+02
 3.03356E+01 4.86385E+00 2.95589E+01 4.77326E+00 8.28776E+02 4.12678E+01 6.67732E+00 4.45052E+02 4.86634E+01 7.82893E+00 5.56272E+02
 3.56501E+01 5.26248E+00 3.47882E+01 5.16751E+00 8.86399E+02 4.85884E+01 7.23002E+00 4.75996E+02 6.02344E+01 8.92019E+00 6.38782E+02
 4.16418E+01 5.64562E+00 4.06823E+01 5.54532E+00 9.47444E+02 5.68391E+01 7.75924E+00 5.08777E+02 7.15662E+01 9.73025E+00 6.97737E+02
 4.83632E+01 6.01034E+00 4.72934E+01 5.90450E+00 1.01207E+03 6.60933E+01 8.26219E+00 5.43482E+02 8.35242E+01 1.04054E+01 7.49588E+02
 5.58658E+01 6.35341E+00 5.46726E+01 6.24221E+00 1.08044E+03 7.64224E+01 8.73501E+00 5.80199E+02 9.66186E+01 1.10111E+01 8.01273E+02
 6.41999E+01 6.67171E+00 6.28693E+01 6.55548E+00 1.15273E+03 8.78958E+01 9.17359E+00 6.19016E+02 1.11093E+02 1.15655E+01 8.55104E+02
 7.34307E+01 6.96353E+00 7.19477E+01 6.84267E+00 1.22918E+03 1.00603E+02 9.57567E+00 6.60068E+02 1.27107E+02 1.20723E+01 9.11853E+02
 8.35969E+01 7.22566E+00 8.19459E+01 7.10066E+00 1.30992E+03 1.14598E+02 9.93684E+00 7.03428E+02 1.44740E+02 1.25271E+01 9.71759E+02
 1.08927E+00 8.70274E-02 1.04860E+00 8.38864E-02 2.10138E+02 1.45898E+00 1.16759E-01 1.12844E+02 1.08928E+00 8.70283E-02 3.00025E-02
 1.19846E+00 1.22460E-01 1.14485E+00 1.20993E-01 2.28387E+02 1.58940E+00 1.69574E-01 1.22644E+02 1.19848E+00 1.22462E-01 4.35022E-02
 1.37641E+00 1.77556E-01 1.30412E+00 1.77646E-01 2.47310E+02 1.80624E+00 2.49828E-01 1.32806E+02 1.37643E+00 1.77559E-01 6.43537E-02
 1.62757E+00 2.53618E-01 1.53064E+00 2.54566E-01 2.67017E+02 2.11537E+00 3.58314E-01 1.43388E+02 1.62761E+00 2.53625E-01 9.73885E-02
 1.96577E+00 3.53200E-01 1.83677E+00 3.52973E-01 2.87581E+02 2.53361E+00 4.96239E-01 1.54431E+02 1.96584E+00 3.53214E-01 1.51156E-01
 2.41544E+00 4.82383E-01 2.24380E+00 4.76885E-01 3.09124E+02 3.08970E+00 6.68469E-01 1.65999E+02 2.41557E+00 4.82411E-01 2.41278E-01
 2.99993E+00 6.46463E-01 2.77258E+00 6.28872E-01 3.31702E+02 3.81203E+00 8.77576E-01 1.78124E+02 3.00018E+00 6.46520E-01 3.97122E-01
 3.55291E+00 7.97872E-01 3.27268E+00 7.64994E-01 3.49854E+02 4.49509E+00 1.06316E+00 1.87872E+02 3.55334E+00 7.97971E-01 5.97261E-01
 3.73242E+00 8.49246E-01 3.44541E+00 8.11595E-01 3.55403E+02 4.73539E+00 1.12687E+00 1.90851E+02 3.73293E+00 8.49365E-01 6.75844E-01
 4.76119E+00 1.11290E+00 4.42647E+00 1.04774E+00 3.82500E+02 6.09671E+00 1.44844E+00 2.05402E+02 4.76233E+00 1.11317E+00 1.24941E+00
 6.05643E+00 1.42417E+00 5.66364E+00 1.32761E+00 4.11265E+02 7.81421E+00 1.83002E+00 2.20849E+02 6.05916E+00 1.42481E+00 2.41778E+00
 7.63380E+00 1.77953E+00 7.18399E+00 1.65853E+00 4.41816E+02 9.93031E+00 2.28603E+00 2.37255E+02 7.64094E+00 1.78118E+00 4.91008E+00
 9.52508E+00 2.17105E+00 9.03743E+00 2.04132E+00 4.74261E+02 1.25221E+01 2.82095E+00 2.54678E+02 9.54593E+00 2.17575E+00 1.04684E+01
 1.17641E+01 2.58729E+00 1.12403E+01 2.46459E+00 5.08745E+02 1.56058E+01 3.41881E+00 2.73196E+02 1.18348E+01 2.60278E+00 2.33100E+01
 1.43822E+01 3.01157E+00 1.38388E+01 2.90371E+00 5.45373E+02 1.92522E+01 4.04192E+00 2.92866E+02 1.46624E+01 3.07038E+00 5.31621E+01
 1.74193E+01 3.43069E+00 1.68370E+01 3.33627E+00 5.84243E+02 2.34532E+01 4.65527E+00 3.13739E+02 1.86007E+01 3.66512E+00 1.18085E+02
 2.09031E+01 3.83874E+00 2.02734E+01 3.75220E+00 6.25473E+02 2.82673E+01 5.24313E+00 3.35879E+02 2.51595E+01 4.62803E+00 2.32600E+02
 2.48870E+01 4.23411E+00 2.41989E+01 4.14970E+00 6.69183E+02 3.37647E+01 5.80287E+00 3.59351E+02 3.54258E+01 6.04496E+00 3.70628E+02
 2.94218E+01 4.61665E+00 2.86639E+01 4.53045E+00 7.15498E+02 4.00165E+01 6.33757E+00 3.84222E+02 4.71939E+01 7.43086E+00 4.80240E+02
 3.45575E+01 4.98546E+00 3.37173E+01 4.89531E+00 7.64543E+02 4.70909E+01 6.84911E+00 4.10559E+02 5.83841E+01 8.45047E+00 5.50967E+02
 4.03453E+01 5.33865E+00 3.94108E+01 5.24364E+00 8.16446E+02 5.50609E+01 7.33705E+00 4.38432E+02 6.93336E+01 9.20102E+00 6.01265E+02
 4.68354E+01 5.67358E+00 4.57945E+01 5.57352E+00 8.71339E+02 6.39967E+01 7.79898E+00 4.67909E+02 8.08811E+01 9.82220E+00 6.45355E+02
 5.40769E+01 5.98735E+00 5.29170E+01 5.88241E+00 9.29355E+02 7.39665E+01 8.23146E+00 4.99063E+02 9.35201E+01 1.03765E+01 6.89223E+02
 6.21176E+01 6.27716E+00 6.08252E+01 6.16766E+00 9.90629E+02 8.50360E+01 8.63084E+00 5.31968E+02 1.07485E+02 1.08815E+01 7.34856E+02
 7.10194E+01 6.54152E+00 6.95802E+01 6.42785E+00 1.05536E+03 9.72907E+01 8.99511E+00 5.66731E+02 1.22928E+02 1.13405E+01 7.82912E+02
 8.08190E+01 6.77756E+00 7.92179E+01 6.66019E+00 1.12367E+03 1.10781E+02 9.32039E+00 6.03411E+02 1.39926E+02 1.17502E+01 8.33589E+02
 1.06826E+00 8.46885E-02 1.02833E+00 8.16471E-02 1.85721E+02 1.43077E+00 1.13648E-01 9.97320E+01 1.06827E+00 8.46894E-02 2.65163E-02
 1.17836E+00 1.20687E-01 1.12542E+00 1.19312E-01 2.01771E+02 1.56232E+00 1.67245E-01 1.08351E+02 1.17837E+00 1.20689E-01 3.84325E-02
 1.35511E+00 1.75522E-01 1.28359E+00 1.75679E-01 2.18388E+02 1.77766E+00 2.47087E-01 1.17274E+02 1.35514E+00 1.75525E-01 5.68276E-02
 1.60245E+00 2.50276E-01 1.50658E+00 2.51263E-01 2.35667E+02 2.08194E+00 3.53684E-01 1.26553E+02 1.60249E+00 2.50283E-01 8.59543E-02
 1.93359E+00 3.47250E-01 1.80620E+00 3.47078E-01 2.53674E+02 2.49124E+00 4.87971E-01 1.36223E+02 1.93366E+00 3.47263E-01 1.33334E-01
 2.37196E+00 4.72104E-01 2.20281E+00 4.66810E-01 2.72514E+02 3.03301E+00 6.54379E-01 1.46340E+02 2.37209E+00 4.72132E-01 2.12704E-01
 2.93988E+00 6.29747E-01 2.71629E+00 6.12766E-01 2.92234E+02 3.73429E+00 8.55161E-01 1.56930E+02 2.94013E+00 6.29803E-01 3.49870E-01
 3.47610E+00 7.74652E-01 3.20082E+00 7.42941E-01 3.08075E+02 4.39592E+00 1.03259E+00 1.65436E+02 3.47652E+00 7.74749E-01 5.25936E-01
 3.64985E+00 8.23692E-01 3.36802E+00 7.87393E-01 3.12915E+02 4.62855E+00 1.09335E+00 1.68035E+02 3.65034E+00 8.23807E-01 5.95048E-01
 4.64591E+00 1.07488E+00 4.31798E+00 1.01215E+00 3.36540E+02 5.94674E+00 1.39933E+00 1.80722E+02 4.64702E+00 1.07514E+00 1.09928E+00
 5.89800E+00 1.37020E+00 5.51382E+00 1.27737E+00 3.61587E+02 7.60683E+00 1.76079E+00 1.94172E+02 5.90066E+00 1.37081E+00 2.12573E+00
 7.42053E+00 1.70598E+00 6.98099E+00 1.58975E+00 3.88157E+02 9.64879E+00 2.19113E+00 2.08440E+02 7.42746E+00 1.70755E+00 4.31374E+00
 9.24379E+00 2.07446E+00 8.76750E+00 1.94997E+00 4.16339E+02 1.21469E+01 2.69449E+00 2.23574E+02 9.26402E+00 2.07895E+00 9.18984E+00
 1.14001E+01 2.46463E+00 1.08887E+01 2.34708E+00 4.46255E+02 1.51162E+01 3.25553E+00 2.39639E+02 1.14685E+01 2.47938E+00 2.04468E+01
 1.39192E+01 2.86055E+00 1.33890E+01 2.75747E+00 4.77995E+02 1.86248E+01 3.83811E+00 2.56684E+02 1.41903E+01 2.91640E+00 4.65942E+01
 1.68391E+01 3.24974E+00 1.62716E+01 3.15980E+00 5.11639E+02 2.26639E+01 4.40884E+00 2.74750E+02 1.79809E+01 3.47176E+00 1.03410E+02
 2.01860E+01 3.62671E+00 1.95730E+01 3.54457E+00 5.47284E+02 2.72888E+01 4.95285E+00 2.93891E+02 2.42952E+01 4.37230E+00 2.03523E+02
 2.40106E+01 3.99011E+00 2.33416E+01 3.91028E+00 5.85031E+02 3.25665E+01 5.46795E+00 3.14162E+02 3.41754E+01 5.69646E+00 3.24021E+02
 2.83611E+01 4.34003E+00 2.76251E+01 4.25876E+00 6.24984E+02 3.85643E+01 5.95742E+00 3.35616E+02 4.54883E+01 6.98543E+00 4.19488E+02
 3.32846E+01 4.67581E+00 3.24699E+01 4.59105E+00 6.67245E+02 4.53466E+01 6.42334E+00 3.58310E+02 5.62288E+01 7.92542E+00 4.80849E+02
 3.88297E+01 4.99586E+00 3.79248E+01 4.90676E+00 7.11920E+02 5.29826E+01 6.86561E+00 3.82301E+02 6.67239E+01 8.61006E+00 5.24288E+02
 4.50435E+01 5.29788E+00 4.40368E+01 5.20427E+00 7.59117E+02 6.15382E+01 7.28223E+00 4.07646E+02 7.77814E+01 9.17162E+00 5.62238E+02
 5.19722E+01 5.57934E+00 5.08517E+01 5.48138E+00 8.08946E+02 7.10773E+01 7.67023E+00 4.34404E+02 8.98748E+01 9.66923E+00 5.99926E+02
 5.96603E+01 5.83778E+00 5.84133E+01 5.73579E+00 8.61517E+02 8.16617E+01 8.02642E+00 4.62635E+02 1.03227E+02 1.01196E+01 6.39080E+02
 6.81660E+01 6.07193E+00 6.67787E+01 5.96628E+00 9.16997E+02 9.33711E+01 8.34913E+00 4.92428E+02 1.17984E+02 1.05263E+01 6.80265E+02
 7.75229E+01 6.27934E+00 7.59811E+01 6.17045E+00 9.75475E+02 1.06252E+02 8.63499E+00 5.23830E+02 1.34213E+02 1.08863E+01 7.23651E+02
 1.04361E+00 8.20359E-02 1.00456E+00 7.91082E-02 1.65665E+02 1.39767E+00 1.10121E-01 8.89623E+01 1.04362E+00 8.20368E-02 2.36529E-02
 1.15458E+00 1.18669E-01 1.10245E+00 1.17401E-01 1.79933E+02 1.53033E+00 1.64598E-01 9.66243E+01 1.15460E+00 1.18671E-01 3.42731E-02
 1.32997E+00 1.73198E-01 1.25936E+00 1.73432E-01 1.94686E+02 1.74394E+00 2.43958E-01 1.04547E+02 1.32999E+00 1.73201E-01 5.06602E-02
 1.57310E+00 2.46483E-01 1.47848E+00 2.47513E-01 2.10009E+02 2.04290E+00 3.48428E-01 1.12775E+02 1.57314E+00 2.46489E-01 7.65963E-02
 1.89659E+00 3.40564E-01 1.77103E+00 3.40445E-01 2.25960E+02 2.44248E+00 4.78664E-01 1.21340E+02 1.89666E+00 3.40578E-01 1.18767E-01
 2.32271E+00 4.60661E-01 2.15633E+00 4.55564E-01 2.42629E+02 2.96872E+00 6.38642E-01 1.30292E+02 2.32283E+00 4.60687E-01 1.89377E-01
 2.87263E+00 6.11264E-01 2.65322E+00 5.94905E-01 2.60058E+02 3.64720E+00 8.30284E-01 1.39651E+02 2.87287E+00 6.11318E-01 3.11347E-01
 3.39056E+00 7.49068E-01 3.12086E+00 7.18579E-01 2.74045E+02 4.28562E+00 9.98804E-01 1.47162E+02 3.39097E+00 7.49162E-01 4.67842E-01
 3.55802E+00 7.95562E-01 3.28203E+00 7.60686E-01 2.78318E+02 4.50985E+00 1.05634E+00 1.49457E+02 3.55850E+00 7.95673E-01 5.29256E-01
 4.51799E+00 1.03314E+00 4.19769E+00 9.73049E-01 2.99159E+02 5.78051E+00 1.34535E+00 1.60648E+02 4.51907E+00 1.03339E+00 9.77179E-01
 5.72215E+00 1.31110E+00 5.34774E+00 1.22236E+00 3.21228E+02 7.37703E+00 1.68500E+00 1.72500E+02 5.72473E+00 1.31169E+00 1.88846E+00
 7.18336E+00 1.62558E+00 6.75561E+00 1.51466E+00 3.44611E+02 9.33636E+00 2.08756E+00 1.85056E+02 7.19007E+00 1.62709E+00 3.82980E+00
 8.93008E+00 1.96903E+00 8.46688E+00 1.85041E+00 3.69384E+02 1.17291E+01 2.55673E+00 1.98359E+02 8.94961E+00 1.97330E+00 8.15342E+00
 1.09927E+01 2.33089E+00 1.04958E+01 2.21911E+00 3.95651E+02 1.45692E+01 3.07779E+00 2.12464E+02 1.10587E+01 2.34484E+00 1.81282E+01
 1.33991E+01 2.69609E+00 1.28842E+01 2.59835E+00 4.23486E+02 1.79208E+01 3.61639E+00 2.27412E+02 1.36599E+01 2.74872E+00 4.12807E+01
 1.61849E+01 3.05294E+00 1.56344E+01 2.96796E+00 4.52956E+02 2.17743E+01 4.14097E+00 2.43238E+02 1.72818E+01 3.26147E+00 9.15494E+01
 1.93742E+01 3.39643E+00 1.87804E+01 3.31913E+00 4.84145E+02 2.61816E+01 4.63769E+00 2.59986E+02 2.33166E+01 4.09458E+00 1.80043E+02
 2.30145E+01 3.72551E+00 2.23674E+01 3.65067E+00 5.17135E+02 3.12051E+01 5.10482E+00 2.77702E+02 3.27545E+01 5.31854E+00 2.86416E+02
 2.71508E+01 4.04050E+00 2.64402E+01 3.96459E+00 5.52014E+02 3.69078E+01 5.54582E+00 2.96431E+02 4.35424E+01 6.50314E+00 3.70510E+02
 3.18269E+01 4.34100E+00 3.10416E+01 4.26209E+00 5.88866E+02 4.33494E+01 5.96300E+00 3.16221E+02 5.37606E+01 7.35773E+00 4.24365E+02
 3.70877E+01 4.62573E+00 3.62169E+01 4.54302E+00 6.27780E+02 5.05941E+01 6.35658E+00 3.37118E+02 6.37244E+01 7.97197E+00 4.62323E+02
 4.29767E+01 4.89275E+00 4.20096E+01 4.80610E+00 6.68844E+02 5.87027E+01 6.72500E+00 3.59169E+02 7.42063E+01 8.47008E+00 4.95378E+02
 4.95364E+01 5.13990E+00 4.84617E+01 5.04947E+00 7.12151E+02 6.77341E+01 7.06578E+00 3.82425E+02 8.56564E+01 8.90750E+00 5.28141E+02
 5.68077E+01 5.36511E+00 5.56133E+01 5.27120E+00 7.57789E+02 7.77448E+01 7.37623E+00 4.06933E+02 9.82851E+01 9.30011E+00 5.62134E+02
 6.48436E+01 5.56734E+00 6.35168E+01 5.47030E+00 8.05899E+02 8.88077E+01 7.65500E+00 4.32768E+02 1.12226E+02 9.65139E+00 5.97848E+02
 7.36745E+01 5.74455E+00 7.22021E+01 5.64478E+00 8.56550E+02 1.00965E+02 7.89931E+00 4.59968E+02 1.27544E+02 9.95899E+00 6.35428E+02
 1.01483E+00 7.91056E-02 9.76803E-01 7.63048E-02 1.49048E+02 1.35903E+00 1.06228E-01 8.00388E+01 1.01484E+00 7.91064E-02 2.12804E-02
 1.12668E+00 1.16431E-01 1.07549E+00 1.15282E-01 1.61854E+02 1.49278E+00 1.61664E-01 8.69155E+01 1.12670E+00 1.16432E-01 3.08293E-02
 1.30052E+00 1.70601E-01 1.23099E+00 1.70923E-01 1.75081E+02 1.70445E+00 2.40462E-01 9.40188E+01 1.30054E+00 1.70604E-01 4.55587E-02
 1.53905E+00 2.42257E-01 1.44588E+00 2.43336E-01 1.88807E+02 1.99761E+00 3.42574E-01 1.01389E+02 1.53909E+00 2.42264E-01 6.88632E-02
 1.85420E+00 3.33187E-01 1.73074E+00 3.33120E-01 2.03081E+02 2.38663E+00 4.68385E-01 1.09055E+02 1.85427E+00 3.33201E-01 1.06742E-01
 2.26701E+00 4.48159E-01 2.10378E+00 4.43256E-01 2.17983E+02 2.89601E+00 6.21409E-01 1.17057E+02 2.26713E+00 4.48185E-01 1.70141E-01
 2.79736E+00 5.91234E-01 2.58264E+00 5.75503E-01 2.33549E+02 3.54976E+00 8.03241E-01 1.25416E+02 2.79760E+00 5.91286E-01 2.79611E-01
 3.29534E+00 7.21470E-01 3.03192E+00 6.92234E-01 2.46033E+02 4.16294E+00 9.62237E-01 1.32120E+02 3.29573E+00 7.21560E-01 4.20020E-01
 3.45591E+00 7.65255E-01 3.18646E+00 7.31842E-01 2.49844E+02 4.37796E+00 1.01634E+00 1.34166E+02 3.45637E+00 7.65362E-01 4.75109E-01
 4.37606E+00 9.88368E-01 4.06423E+00 9.31017E-01 2.68424E+02 5.59608E+00 1.28729E+00 1.44143E+02 4.37710E+00 9.88607E-01 8.76785E-01
 5.52710E+00 1.24791E+00 5.16361E+00 1.16351E+00 2.88077E+02 7.12227E+00 1.60390E+00 1.54697E+02 5.52959E+00 1.24847E+00 1.69357E+00
 6.92003E+00 1.53985E+00 6.50559E+00 1.43464E+00 3.08876E+02 8.98986E+00 1.97722E+00 1.65866E+02 6.92649E+00 1.54127E+00 3.43266E+00
 8.58106E+00 1.85684E+00 8.13275E+00 1.74460E+00 3.30887E+02 1.12650E+01 2.41038E+00 1.77686E+02 8.59982E+00 1.86086E+00 7.30367E+00
 1.05383E+01 2.18884E+00 1.00578E+01 2.08334E+00 3.54199E+02 1.39596E+01 2.88927E+00 1.90205E+02 1.06015E+01 2.20193E+00 1.62289E+01
 1.28171E+01 2.52170E+00 1.23198E+01 2.42975E+00 3.78875E+02 1.71337E+01 3.38153E+00 2.03456E+02 1.30665E+01 2.57091E+00 3.69321E+01
 1.54506E+01 2.84464E+00 1.49195E+01 2.76500E+00 4.04971E+02 2.07765E+01 3.85762E+00 2.17469E+02 1.64972E+01 3.03891E+00 8.18509E+01
 1.84600E+01 3.15316E+00 1.78882E+01 3.08103E+00 4.32557E+02 2.49354E+01 4.30486E+00 2.32283E+02 2.22148E+01 3.80121E+00 1.60859E+02
 2.18892E+01 3.44654E+00 2.12673E+01 3.37700E+00 4.61705E+02 2.96678E+01 4.72202E+00 2.47936E+02 3.11494E+01 4.92012E+00 2.55716E+02
 2.57792E+01 3.72531E+00 2.50978E+01 3.65506E+00 4.92486E+02 3.50312E+01 5.11273E+00 2.64465E+02 4.13375E+01 5.99564E+00 3.30556E+02
 3.01699E+01 3.98934E+00 2.94184E+01 3.91658E+00 5.24973E+02 4.10798E+01 5.47951E+00 2.81911E+02 5.09553E+01 6.76147E+00 3.78321E+02
 3.51018E+01 4.23766E+00 3.42703E+01 4.16167E+00 5.59239E+02 4.78719E+01 5.82290E+00 3.00311E+02 6.03055E+01 7.30296E+00 4.11847E+02
 4.06142E+01 4.46870E+00 3.96927E+01 4.38935E+00 5.95357E+02 5.54621E+01 6.14177E+00 3.19707E+02 7.01199E+01 7.73579E+00 4.40950E+02
 4.67450E+01 4.68068E+00 4.57230E+01 4.59813E+00 6.33404E+02 6.39033E+01 6.43413E+00 3.40138E+02 8.08222E+01 8.11148E+00 4.69741E+02
 5.35306E+01 4.87192E+00 5.23971E+01 4.78645E+00 6.73454E+02 7.32455E+01 6.69782E+00 3.61645E+02 9.26077E+01 8.44502E+00 4.99573E+02
 6.10183E+01 5.04162E+00 5.97616E+01 4.95356E+00 7.15624E+02 8.35539E+01 6.93181E+00 3.84290E+02 1.05598E+02 8.73983E+00 5.30879E+02
 6.92344E+01 5.18815E+00 6.78423E+01 5.09787E+00 7.59971E+02 9.48650E+01 7.13389E+00 4.08105E+02 1.19849E+02 8.99422E+00 5.63781E+02
 9.81690E-01 7.59783E-02 9.44836E-01 7.33148E-02 1.35115E+02 1.31453E+00 1.02076E-01 7.25565E+01 9.81700E-01 7.59790E-02 1.92910E-02
 1.09441E+00 1.14027E-01 1.04431E+00 1.13008E-01 1.46697E+02 1.44936E+00 1.58517E-01 7.87765E+01 1.09443E+00 1.14029E-01 2.79424E-02
 1.26651E+00 1.67774E-01 1.19824E+00 1.68193E-01 1.58652E+02 1.65887E+00 2.36660E-01 8.51963E+01 1.26654E+00 1.67778E-01 4.12836E-02
 1.50004E+00 2.37659E-01 1.40854E+00 2.38793E-01 1.71048E+02 1.94574E+00 3.36207E-01 9.18528E+01 1.50008E+00 2.37666E-01 6.23860E-02
 1.80620E+00 3.25237E-01 1.68513E+00 3.25223E-01 1.83929E+02 2.32341E+00 4.57301E-01 9.87701E+01 1.80626E+00 3.25249E-01 9.66757E-02
 2.20468E+00 4.34837E-01 2.04499E+00 4.30124E-01 1.97365E+02 2.81470E+00 6.03016E-01 1.05985E+02 2.20480E+00 4.34862E-01 1.54049E-01
 2.71398E+00 5.70105E-01 2.50451E+00 5.54993E-01 2.11389E+02 3.44189E+00 7.74637E-01 1.13516E+02 2.71421E+00 5.70155E-01 2.53080E-01
 3.19046E+00 6.92532E-01 2.93405E+00 6.64546E-01 2.22627E+02 4.02801E+00 9.23780E-01 1.19551E+02 3.19084E+00 6.92619E-01 3.80062E-01
 3.34361E+00 7.33530E-01 3.08144E+00 7.01578E-01 2.26055E+02 4.23306E+00 9.74341E-01 1.21392E+02 3.34406E+00 7.33632E-01 4.29873E-01
 4.22041E+00 9.41773E-01 3.91784E+00 8.87197E-01 2.42764E+02 5.39376E+00 1.22673E+00 1.30364E+02 4.22141E+00 9.42001E-01 7.92970E-01
 5.31342E+00 1.18245E+00 4.96186E+00 1.10250E+00 2.60419E+02 6.84312E+00 1.51981E+00 1.39845E+02 5.31582E+00 1.18298E+00 1.53097E+00
 6.63155E+00 1.45140E+00 6.23177E+00 1.35213E+00 2.79085E+02 8.61042E+00 1.86346E+00 1.49868E+02 6.63774E+00 1.45274E+00 3.10158E+00
 8.19829E+00 1.74147E+00 7.76653E+00 1.63593E+00 2.98817E+02 1.07563E+01 2.26013E+00 1.60465E+02 8.21620E+00 1.74525E+00 6.59578E+00
 1.00390E+01 2.04317E+00 9.57694E+00 1.94429E+00 3.19692E+02 1.32905E+01 2.69627E+00 1.71675E+02 1.00992E+01 2.05539E+00 1.46478E+01
 1.21762E+01 2.34335E+00 1.16984E+01 2.25748E+00 3.41765E+02 1.62676E+01 3.14161E+00 1.83528E+02 1.24130E+01 2.38907E+00 3.33147E+01
 1.46397E+01 2.63216E+00 1.41305E+01 2.55808E+00 3.65082E+02 1.96754E+01 3.56878E+00 1.96049E+02 1.56310E+01 2.81188E+00 7.37888E+01
 1.74479E+01 2.90567E+00 1.69008E+01 2.83887E+00 3.89705E+02 2.35564E+01 3.96638E+00 2.09272E+02 2.09952E+01 3.50277E+00 1.44923E+02
 2.06402E+01 3.16347E+00 2.00466E+01 3.09935E+00 4.15693E+02 2.79621E+01 4.33367E+00 2.23227E+02 2.93681E+01 4.51586E+00 2.30232E+02
 2.42530E+01 3.40632E+00 2.36043E+01 3.34182E+00 4.43106E+02 3.29436E+01 4.67446E+00 2.37948E+02 3.88842E+01 5.48203E+00 2.97412E+02
 2.83216E+01 3.63432E+00 2.76081E+01 3.56778E+00 4.72006E+02 3.85488E+01 4.99143E+00 2.53467E+02 4.78265E+01 6.15953E+00 3.40151E+02
 3.28815E+01 3.84681E+00 3.20942E+01 3.77759E+00 5.02455E+02 4.48288E+01 5.28543E+00 2.69818E+02 5.64832E+01 6.62918E+00 3.70029E+02
 3.79670E+01 4.04257E+00 3.70968E+01 3.97057E+00 5.34514E+02 5.18315E+01 5.55571E+00 2.87034E+02 6.55414E+01 6.99791E+00 3.95886E+02
 4.36109E+01 4.22021E+00 4.26483E+01 4.14556E+00 5.68246E+02 5.96025E+01 5.80078E+00 3.05148E+02 7.53948E+01 7.31329E+00 4.21420E+02
 4.98443E+01 4.37839E+00 4.87795E+01 4.30138E+00 6.03715E+02 6.81848E+01 6.01897E+00 3.24195E+02 8.62216E+01 7.58934E+00 4.47840E+02
 5.67079E+01 4.51657E+00 5.55303E+01 4.43749E+00 6.41016E+02 7.76344E+01 6.20957E+00 3.44226E+02 9.81296E+01 7.82946E+00 4.75532E+02
 6.42235E+01 4.63351E+00 6.29222E+01 4.55270E+00 6.80199E+02 8.79813E+01 6.37091E+00 3.65267E+02 1.11166E+02 8.03252E+00 5.04602E+02
 9.44196E-01 7.27657E-02 9.08670E-01 7.02463E-02 1.23245E+02 1.26418E+00 9.78159E-02 6.61825E+01 9.44206E-01 7.27664E-02 1.75963E-02
 1.05784E+00 1.11539E-01 1.00898E+00 1.10655E-01 1.33780E+02 1.40014E+00 1.55259E-01 7.18396E+01 1.05786E+00 1.11540E-01 2.54818E-02
 1.22808E+00 1.64782E-01 1.16121E+00 1.65301E-01 1.44647E+02 1.60735E+00 2.32633E-01 7.76752E+01 1.22810E+00 1.64785E-01 3.76391E-02
 1.45624E+00 2.32764E-01 1.36662E+00 2.33958E-01 1.55908E+02 1.88752E+00 3.29429E-01 8.37223E+01 1.45627E+00 2.32771E-01 5.68639E-02
 1.75274E+00 3.16832E-01 1.63439E+00 3.16878E-01 1.67602E+02 2.25309E+00 4.45589E-01 9.00025E+01 1.75281E+00 3.16845E-01 8.80940E-02
 2.13592E+00 4.20912E-01 1.98022E+00 4.16394E-01 1.79792E+02 2.72515E+00 5.83784E-01 9.65482E+01 2.13604E+00 4.20937E-01 1.40332E-01
 2.62275E+00 5.48262E-01 2.41917E+00 5.33770E-01 1.92504E+02 3.32413E+00 7.45031E-01 1.03375E+02 2.62297E+00 5.48310E-01 2.30471E-01
 3.07628E+00 6.62831E-01 2.82772E+00 6.36091E-01 2.02686E+02 3.88148E+00 8.84242E-01 1.08842E+02 3.07665E+00 6.62914E-01 3.46020E-01
 3.22150E+00 7.01036E-01 2.96741E+00 6.70537E-01 2.05790E+02 4.07579E+00 9.31247E-01 1.10509E+02 3.22193E+00 7.01134E-01 3.91336E-01
 4.05164E+00 8.94413E-01 3.75912E+00 8.42591E-01 2.20911E+02 5.17441E+00 1.16506E+00 1.18629E+02 4.05260E+00 8.94629E-01 7.21590E-01
 5.08207E+00 1.11632E+00 4.74330E+00 1.04081E+00 2.36874E+02 6.54067E+00 1.43475E+00 1.27201E+02 5.08436E+00 1.11682E+00 1.39255E+00
 6.31947E+00 1.36253E+00 5.93548E+00 1.26922E+00 2.53733E+02 8.19980E+00 1.74916E+00 1.36255E+02 6.32537E+00 1.36379E+00 2.81984E+00
 7.78427E+00 1.62613E+00 7.37048E+00 1.52735E+00 2.71538E+02 1.02063E+01 2.11004E+00 1.45816E+02 7.80127E+00 1.62965E+00 5.99366E+00
 9.49858E+00 1.89813E+00 9.05670E+00 1.80597E+00 2.90355E+02 1.25666E+01 2.50433E+00 1.55920E+02 9.55551E+00 1.90948E+00 1.33036E+01
 1.14819E+01 2.16644E+00 1.10256E+01 2.08672E+00 3.10230E+02 1.53297E+01 2.90384E+00 1.66593E+02 1.17050E+01 2.20870E+00 3.02407E+01
 1.37602E+01 2.42215E+00 1.32750E+01 2.35367E+00 3.31204E+02 1.84816E+01 3.28348E+00 1.77857E+02 1.46913E+01 2.58751E+00 6.69414E+01
 1.63486E+01 2.66193E+00 1.58287E+01 2.60043E+00 3.53328E+02 2.20592E+01 3.63313E+00 1.89737E+02 1.96704E+01 3.20886E+00 1.31395E+02
 1.92816E+01 2.88566E+00 1.87192E+01 2.82689E+00 3.76654E+02 2.61074E+01 3.95260E+00 2.02263E+02 2.74306E+01 4.11913E+00 2.08610E+02
 2.25907E+01 3.09429E+00 2.19779E+01 3.03544E+00 4.01232E+02 3.06704E+01 4.24581E+00 2.15462E+02 3.62124E+01 4.97966E+00 2.69306E+02
 2.63058E+01 3.28816E+00 2.56341E+01 3.22772E+00 4.27115E+02 3.57890E+01 4.51558E+00 2.29361E+02 4.44145E+01 5.57264E+00 3.07800E+02
 3.04572E+01 3.46689E+00 2.97185E+01 3.40427E+00 4.54355E+02 4.15068E+01 4.76301E+00 2.43989E+02 5.23101E+01 5.97425E+00 3.34606E+02
 3.50736E+01 3.62958E+00 3.42598E+01 3.56470E+00 4.83003E+02 4.78638E+01 4.98773E+00 2.59373E+02 6.05372E+01 6.28279E+00 3.57735E+02
 4.01819E+01 3.77518E+00 3.92848E+01 3.70819E+00 5.13113E+02 5.48978E+01 5.18868E+00 2.75542E+02 6.94571E+01 6.54188E+00 3.80532E+02
 4.58078E+01 3.90270E+00 4.48186E+01 3.83384E+00 5.44736E+02 6.26440E+01 5.36466E+00 2.92523E+02 7.92292E+01 6.76459E+00 4.04089E+02
 5.19847E+01 4.01179E+00 5.08942E+01 3.94136E+00 5.77955E+02 7.11486E+01 5.51524E+00 3.10362E+02 8.99461E+01 6.95425E+00 4.28750E+02
 5.87293E+01 4.10162E+00 5.75280E+01 4.02990E+00 6.12808E+02 8.04344E+01 5.63925E+00 3.29078E+02 1.01645E+02 7.11027E+00 4.54609E+02
 9.03101E-01 6.96183E-02 8.69026E-01 6.72444E-02 1.12950E+02 1.20899E+00 9.36503E-02 6.06539E+01 9.03110E-01 6.96190E-02 1.61264E-02
 1.01772E+00 1.09061E-01 9.70199E-01 1.08313E-01 1.22560E+02 1.34613E+00 1.52018E-01 6.58147E+01 1.01774E+00 1.09063E-01 2.33448E-02
 1.18598E+00 1.61698E-01 1.12065E+00 1.62317E-01 1.32470E+02 1.55090E+00 2.28475E-01 7.11361E+01 1.18600E+00 1.61701E-01 3.44704E-02
 1.40843E+00 2.27664E-01 1.32089E+00 2.28917E-01 1.42734E+02 1.82400E+00 3.22364E-01 7.66480E+01 1.40847E+00 2.27670E-01 5.20590E-02
 1.69472E+00 3.08139E-01 1.57935E+00 3.08246E-01 1.53388E+02 2.17684E+00 4.33475E-01 8.23693E+01 1.69478E+00 3.08151E-01 8.06227E-02
 2.06173E+00 4.06686E-01 1.91045E+00 4.02367E-01 1.64485E+02 2.62872E+00 5.64136E-01 8.83285E+01 2.06184E+00 4.06709E-01 1.28385E-01
 2.52492E+00 5.26224E-01 2.32784E+00 5.12351E-01 1.76050E+02 3.19819E+00 7.15149E-01 9.45390E+01 2.52513E+00 5.26270E-01 2.10772E-01
 2.95439E+00 6.33121E-01 2.71446E+00 6.07608E-01 1.85309E+02 3.72551E+00 8.44660E-01 9.95108E+01 2.95475E+00 6.33200E-01 3.16354E-01
 3.09129E+00 6.68615E-01 2.84605E+00 6.39544E-01 1.88129E+02 3.90852E+00 8.88210E-01 1.01025E+02 3.09171E+00 6.68708E-01 3.57751E-01
 3.87232E+00 8.47627E-01 3.59055E+00 7.98485E-01 2.01864E+02 4.94147E+00 1.10406E+00 1.08401E+02 3.87324E+00 8.47832E-01 6.59372E-01
 4.83693E+00 1.05155E+00 4.51165E+00 9.80343E-01 2.16349E+02 6.22008E+00 1.35137E+00 1.16179E+02 4.83911E+00 1.05202E+00 1.27189E+00
 5.98950E+00 1.27611E+00 5.62205E+00 1.18859E+00 2.31633E+02 7.76538E+00 1.63798E+00 1.24387E+02 5.99508E+00 1.27729E+00 2.57423E+00
 7.34733E+00 1.51468E+00 6.95245E+00 1.42249E+00 2.47759E+02 9.62566E+00 1.96510E+00 1.33047E+02 7.36337E+00 1.51796E+00 5.46878E+00
 8.92901E+00 1.75882E+00 8.50846E+00 1.67319E+00 2.64784E+02 1.18038E+01 2.32012E+00 1.42189E+02 8.98249E+00 1.76933E+00 1.21320E+01
 1.07506E+01 1.99740E+00 1.03173E+01 1.92365E+00 2.82747E+02 1.43424E+01 2.67682E+00 1.51835E+02 1.09594E+01 2.03636E+00 2.75617E+01
 1.28343E+01 2.22249E+00 1.23748E+01 2.15940E+00 3.01684E+02 1.72255E+01 3.01236E+00 1.62005E+02 1.37022E+01 2.37420E+00 6.09751E+01
 1.51918E+01 2.43130E+00 1.47009E+01 2.37488E+00 3.21639E+02 2.04843E+01 3.31790E+00 1.72720E+02 1.82766E+01 2.93077E+00 1.19611E+02
 1.78524E+01 2.62399E+00 1.73231E+01 2.57031E+00 3.42654E+02 2.41570E+01 3.59374E+00 1.84005E+02 2.53928E+01 3.74548E+00 1.89780E+02
 2.08424E+01 2.80169E+00 2.02679E+01 2.74817E+00 3.64775E+02 2.82805E+01 3.84389E+00 1.95884E+02 3.34028E+01 4.50859E+00 2.44836E+02
 2.41865E+01 2.96493E+00 2.35591E+01 2.91020E+00 3.88044E+02 3.28883E+01 4.07127E+00 2.08380E+02 4.08275E+01 5.02463E+00 2.79643E+02
 2.79093E+01 3.11356E+00 2.72220E+01 3.05710E+00 4.12505E+02 3.80160E+01 4.27717E+00 2.21515E+02 4.79244E+01 5.36517E+00 3.03786E+02
 3.20336E+01 3.24697E+00 3.12795E+01 3.18871E+00 4.38202E+02 4.36959E+01 4.46156E+00 2.35315E+02 5.52800E+01 5.62028E+00 3.24554E+02
 3.65808E+01 3.36440E+00 3.57528E+01 3.30449E+00 4.65180E+02 4.99577E+01 4.62374E+00 2.49802E+02 6.32218E+01 5.82987E+00 3.44985E+02
 4.15707E+01 3.46518E+00 4.06612E+01 3.40385E+00 4.93482E+02 5.68286E+01 4.76290E+00 2.65000E+02 7.18897E+01 6.00606E+00 3.66069E+02
 4.70293E+01 3.54913E+00 4.60306E+01 3.48663E+00 5.23177E+02 6.43447E+01 4.87885E+00 2.80946E+02 8.13607E+01 6.15208E+00 3.88114E+02
 5.29684E+01 3.61572E+00 5.18724E+01 3.55232E+00 5.54297E+02 7.25219E+01 4.97088E+00 2.97658E+02 9.16627E+01 6.26779E+00 4.11203E+02
 8.60245E-01 6.66620E-02 8.27677E-01 6.44311E-02 1.03832E+02 1.15142E+00 8.97488E-02 5.57579E+01 8.60254E-01 6.66627E-02 1.48247E-02
 9.75872E-01 1.06665E-01 9.29722E-01 1.06047E-01 1.12603E+02 1.28973E+00 1.48881E-01 6.04678E+01 9.75885E-01 1.06667E-01 2.14482E-02
 1.14200E+00 1.58561E-01 1.07826E+00 1.59273E-01 1.21644E+02 1.49189E+00 2.24230E-01 6.53228E+01 1.14202E+00 1.58564E-01 3.16535E-02
 1.35840E+00 2.22393E-01 1.27304E+00 2.23701E-01 1.31005E+02 1.75755E+00 3.15050E-01 7.03498E+01 1.35843E+00 2.22399E-01 4.77813E-02
 1.63394E+00 2.99213E-01 1.52176E+00 2.99384E-01 1.40718E+02 2.09707E+00 4.21038E-01 7.55653E+01 1.63400E+00 2.99225E-01 7.39630E-02
 1.98410E+00 3.92270E-01 1.83755E+00 3.88158E-01 1.50827E+02 2.52802E+00 5.44235E-01 8.09943E+01 1.98420E+00 3.92293E-01 1.17724E-01
 2.42282E+00 5.04190E-01 2.23270E+00 4.90942E-01 1.61357E+02 3.06706E+00 6.85283E-01 8.66485E+01 2.42302E+00 5.04235E-01 1.93180E-01
 2.82752E+00 6.03684E-01 2.59680E+00 5.79393E-01 1.69781E+02 3.56358E+00 8.05451E-01 9.11725E+01 2.82785E+00 6.03759E-01 2.89845E-01
 2.95587E+00 6.36583E-01 2.72007E+00 6.08927E-01 1.72346E+02 3.73497E+00 8.45698E-01 9.25496E+01 2.95627E+00 6.36672E-01 3.27737E-01
 3.68652E+00 8.01915E-01 3.41603E+00 7.55388E-01 1.84830E+02 4.70037E+00 1.04445E+00 9.92538E+01 3.68740E+00 8.02108E-01 6.03733E-01
 4.58403E+00 9.88880E-01 4.27269E+00 9.21829E-01 1.97984E+02 5.88939E+00 1.27068E+00 1.06318E+02 4.58610E+00 9.89325E-01 1.16393E+00
 5.65060E+00 1.19324E+00 5.30009E+00 1.11127E+00 2.11851E+02 7.31913E+00 1.53137E+00 1.13764E+02 5.65586E+00 1.19434E+00 2.35438E+00
 6.90047E+00 1.40865E+00 6.52488E+00 1.32274E+00 2.26466E+02 9.03179E+00 1.82722E+00 1.21612E+02 6.91552E+00 1.41170E+00 4.99878E+00
 8.34888E+00 1.62723E+00 7.95008E+00 1.54781E+00 2.41880E+02 1.10270E+01 2.14617E+00 1.29889E+02 8.39885E+00 1.63696E+00 1.10826E+01
 1.00086E+01 1.83881E+00 9.59867E+00 1.77070E+00 2.58126E+02 1.33408E+01 2.46389E+00 1.38614E+02 1.02029E+01 1.87467E+00 2.51617E+01
 1.18982E+01 2.03632E+00 1.14648E+01 1.97829E+00 2.75235E+02 1.59559E+01 2.75963E+00 1.47801E+02 1.27021E+01 2.17530E+00 5.56292E+01
 1.40259E+01 2.21749E+00 1.35645E+01 2.16580E+00 2.93243E+02 1.88977E+01 3.02571E+00 1.57472E+02 1.68718E+01 2.67298E+00 1.09051E+02
 1.64164E+01 2.38274E+00 1.59209E+01 2.33376E+00 3.12189E+02 2.21981E+01 3.26292E+00 1.67645E+02 2.33455E+01 3.40099E+00 1.72906E+02
 1.90912E+01 2.53332E+00 1.85554E+01 2.48470E+00 3.32108E+02 2.58872E+01 3.47529E+00 1.78342E+02 3.05888E+01 4.07655E+00 2.22910E+02
 2.20697E+01 2.66994E+00 2.14871E+01 2.62043E+00 3.53038E+02 2.99918E+01 3.66581E+00 1.89582E+02 3.72453E+01 4.52451E+00 2.54416E+02
 2.53716E+01 2.79263E+00 2.47361E+01 2.74177E+00 3.75016E+02 3.45401E+01 3.83592E+00 2.01384E+02 4.35568E+01 4.81195E+00 2.76178E+02
 2.90143E+01 2.90102E+00 2.83200E+01 2.84877E+00 3.98078E+02 3.95572E+01 3.98584E+00 2.13768E+02 5.00591E+01 5.02128E+00 2.94836E+02
 3.30139E+01 2.99463E+00 3.22548E+01 2.94111E+00 4.22262E+02 4.50654E+01 4.11519E+00 2.26755E+02 5.70462E+01 5.18893E+00 3.13156E+02
 3.73850E+01 3.07300E+00 3.65548E+01 3.01842E+00 4.47604E+02 5.10846E+01 4.22350E+00 2.40363E+02 6.46397E+01 5.32612E+00 3.32036E+02
 4.21469E+01 3.13612E+00 4.12391E+01 3.08071E+00 4.74161E+02 5.76418E+01 4.31078E+00 2.54624E+02 7.29021E+01 5.43599E+00 3.51752E+02
 4.73068E+01 3.18369E+00 4.63147E+01 3.12770E+00 5.01959E+02 6.47467E+01 4.37662E+00 2.69552E+02 8.18528E+01 5.51872E+00 3.72376E+02
 8.20256E-01 6.39398E-02 7.89076E-01 6.18483E-02 9.54705E+01 1.09767E+00 8.61702E-02 5.12677E+01 8.20264E-01 6.39405E-02 1.36308E-02
 9.36641E-01 1.04337E-01 8.91749E-01 1.03841E-01 1.03460E+02 1.23682E+00 1.45825E-01 5.55579E+01 9.36653E-01 1.04338E-01 1.97066E-02
 1.10040E+00 1.55328E-01 1.03814E+00 1.56123E-01 1.11694E+02 1.43605E+00 2.19831E-01 5.99794E+01 1.10042E+00 1.55331E-01 2.90642E-02
 1.31058E+00 2.16906E-01 1.22731E+00 2.18259E-01 1.20216E+02 1.69405E+00 3.07415E-01 6.45560E+01 1.31061E+00 2.16912E-01 4.38462E-02
 1.57536E+00 2.90024E-01 1.46629E+00 2.90254E-01 1.29054E+02 2.02026E+00 4.08223E-01 6.93021E+01 1.57542E+00 2.90035E-01 6.78326E-02
 1.90893E+00 3.77661E-01 1.76703E+00 3.73760E-01 1.38248E+02 2.43064E+00 5.24070E-01 7.42392E+01 1.90904E+00 3.77682E-01 1.07906E-01
 2.32392E+00 4.82202E-01 2.14062E+00 4.69582E-01 1.47817E+02 2.94019E+00 6.55488E-01 7.93775E+01 2.32411E+00 4.82245E-01 1.76970E-01
 2.70477E+00 5.74611E-01 2.48307E+00 5.51530E-01 1.55468E+02 3.40708E+00 7.66733E-01 8.34865E+01 2.70510E+00 5.74683E-01 2.65411E-01
 2.82496E+00 6.05045E-01 2.59839E+00 5.78786E-01 1.57796E+02 3.56738E+00 8.03847E-01 8.47363E+01 2.82534E+00 6.05130E-01 3.00069E-01
 3.50763E+00 7.57451E-01 3.24817E+00 7.13471E-01 1.69123E+02 4.46853E+00 9.86483E-01 9.08189E+01 3.50846E+00 7.57634E-01 5.52426E-01
 4.34171E+00 9.28549E-01 4.04392E+00 8.65492E-01 1.81045E+02 5.57286E+00 1.19298E+00 9.72214E+01 4.34366E+00 9.28967E-01 1.06434E+00
 5.32770E+00 1.11419E+00 4.99363E+00 1.03751E+00 1.93601E+02 6.89445E+00 1.42967E+00 1.03964E+02 5.33266E+00 1.11522E+00 2.15156E+00
 6.47720E+00 1.30837E+00 6.12027E+00 1.22841E+00 2.06821E+02 8.46996E+00 1.69686E+00 1.11063E+02 6.49131E+00 1.31120E+00 4.56515E+00
 7.80254E+00 1.50372E+00 7.42464E+00 1.43015E+00 2.20748E+02 1.02961E+01 1.98295E+00 1.18541E+02 7.84920E+00 1.51271E+00 1.01143E+01
 9.31389E+00 1.69098E+00 8.92626E+00 1.62815E+00 2.35411E+02 1.24039E+01 2.26546E+00 1.26416E+02 9.49450E+00 1.72395E+00 2.29475E+01
 1.10265E+01 1.86390E+00 1.06180E+01 1.81057E+00 2.50836E+02 1.47747E+01 2.52559E+00 1.34699E+02 1.17710E+01 1.99109E+00 5.06977E+01
 1.29464E+01 2.02066E+00 1.25128E+01 1.97335E+00 2.67053E+02 1.74296E+01 2.75677E+00 1.43408E+02 1.55712E+01 2.43566E+00 9.93113E+01
 1.50939E+01 2.16190E+00 1.46300E+01 2.11725E+00 2.84095E+02 2.03949E+01 2.96013E+00 1.52559E+02 2.14602E+01 3.08566E+00 1.57347E+02
 1.74866E+01 2.28899E+00 1.69869E+01 2.24484E+00 3.01993E+02 2.36955E+01 3.13973E+00 1.62170E+02 2.80109E+01 3.68321E+00 2.02697E+02
 2.01401E+01 2.40273E+00 1.95989E+01 2.35797E+00 3.20778E+02 2.73525E+01 3.29857E+00 1.72258E+02 3.39804E+01 4.07151E+00 2.31168E+02
 2.30696E+01 2.50334E+00 2.24818E+01 2.45755E+00 3.40480E+02 3.13884E+01 3.43820E+00 1.82838E+02 3.95956E+01 4.31329E+00 2.50744E+02
 2.62886E+01 2.59064E+00 2.56490E+01 2.54379E+00 3.61130E+02 3.58223E+01 3.55905E+00 1.93927E+02 4.53465E+01 4.48388E+00 2.67470E+02
 2.98090E+01 2.66436E+00 2.91126E+01 2.61655E+00 3.82758E+02 4.06709E+01 3.66101E+00 2.05541E+02 5.14979E+01 4.61649E+00 2.83859E+02
 3.36411E+01 2.72423E+00 3.28827E+01 2.67567E+00 4.05395E+02 4.59485E+01 3.74385E+00 2.17697E+02 5.81557E+01 4.72148E+00 3.00725E+02
 3.77994E+01 2.77038E+00 3.69734E+01 2.72127E+00 4.29090E+02 5.16749E+01 3.80775E+00 2.30421E+02 6.53711E+01 4.80188E+00 3.18316E+02
 4.22876E+01 2.80269E+00 4.13886E+01 2.75324E+00 4.53861E+02 5.78554E+01 3.85258E+00 2.43723E+02 7.31570E+01 4.85813E+00 3.36695E+02
 7.81231E-01 6.14541E-02 7.51391E-01 5.94991E-02 8.79090E+01 1.04519E+00 8.29189E-02 4.72071E+01 7.81239E-01 6.14548E-02 1.25512E-02
 8.98140E-01 1.02030E-01 8.54454E-01 1.01646E-01 9.51791E+01 1.18484E+00 1.42781E-01 5.11112E+01 8.98152E-01 1.02031E-01 1.81294E-02
 1.05926E+00 1.51938E-01 9.98451E-01 1.52801E-01 1.02671E+02 1.38079E+00 2.15186E-01 5.51341E+01 1.05928E+00 1.51941E-01 2.67164E-02
 1.26294E+00 2.11151E-01 1.18176E+00 2.12535E-01 1.10423E+02 1.63079E+00 2.99378E-01 5.92972E+01 1.26297E+00 2.11157E-01 4.02744E-02
 1.51670E+00 2.80551E-01 1.41078E+00 2.80833E-01 1.18459E+02 1.94340E+00 3.94995E-01 6.36126E+01 1.51675E+00 2.80562E-01 6.22637E-02
 1.83348E+00 3.62879E-01 1.69636E+00 3.59192E-01 1.26814E+02 2.33307E+00 5.03666E-01 6.80989E+01 1.83358E+00 3.62900E-01 9.89811E-02
 2.22469E+00 4.60315E-01 2.04844E+00 4.48333E-01 1.35503E+02 2.81325E+00 6.25851E-01 7.27649E+01 2.22488E+00 4.60356E-01 1.62227E-01
 2.58189E+00 5.45987E-01 2.36947E+00 5.24117E-01 1.42447E+02 3.25087E+00 7.28647E-01 7.64942E+01 2.58220E+00 5.46055E-01 2.43182E-01
 2.69403E+00 5.74097E-01 2.47695E+00 5.49230E-01 1.44558E+02 3.40024E+00 7.62818E-01 7.76277E+01 2.69439E+00 5.74177E-01 2.74896E-01
 3.32951E+00 7.14402E-01 3.08128E+00 6.72911E-01 1.54827E+02 4.23814E+00 9.30398E-01 8.31421E+01 3.33030E+00 7.14574E-01 5.05731E-01
 4.10158E+00 8.70813E-01 3.81740E+00 8.11595E-01 1.65625E+02 5.25953E+00 1.11866E+00 8.89408E+01 4.10342E+00 8.71205E-01 9.73692E-01
 5.00923E+00 1.03928E+00 4.69140E+00 9.67603E-01 1.76985E+02 6.47567E+00 1.33328E+00 9.50411E+01 5.01389E+00 1.04024E+00 1.96691E+00
 6.06183E+00 1.21418E+00 5.72330E+00 1.13979E+00 1.88933E+02 7.91877E+00 1.57436E+00 1.01457E+02 6.07502E+00 1.21681E+00 4.17033E+00
 7.26900E+00 1.38867E+00 6.91172E+00 1.32053E+00 2.01507E+02 9.58271E+00 1.83089E+00 1.08209E+02 7.31243E+00 1.39697E+00 9.23276E+00
 8.63847E+00 1.55430E+00 8.27290E+00 1.49636E+00 2.14731E+02 1.14935E+01 2.08201E+00 1.15310E+02 8.80583E+00 1.58460E+00 2.09316E+01
 1.01827E+01 1.70556E+00 9.79861E+00 1.65657E+00 2.28625E+02 1.36318E+01 2.31070E+00 1.22772E+02 1.08696E+01 1.82193E+00 4.62087E+01
 1.19053E+01 1.84103E+00 1.14992E+01 1.79774E+00 2.43218E+02 1.60147E+01 2.51136E+00 1.30608E+02 1.43172E+01 2.21909E+00 9.04476E+01
 1.38233E+01 1.96154E+00 1.33903E+01 1.92084E+00 2.58535E+02 1.86636E+01 2.68545E+00 1.38833E+02 1.96493E+01 2.79959E+00 1.43190E+02
 1.59506E+01 2.06853E+00 1.54861E+01 2.02845E+00 2.74603E+02 2.15986E+01 2.83700E+00 1.47462E+02 2.55437E+01 3.32832E+00 1.84313E+02
 1.82993E+01 2.16290E+00 1.77983E+01 2.12242E+00 2.91447E+02 2.48359E+01 2.96898E+00 1.56507E+02 3.08664E+01 3.66494E+00 2.10031E+02
 2.08810E+01 2.24499E+00 2.03391E+01 2.20374E+00 3.09093E+02 2.83930E+01 3.08304E+00 1.65983E+02 3.58300E+01 3.86798E+00 2.27629E+02
 2.37054E+01 2.31479E+00 2.31184E+01 2.27275E+00 3.27567E+02 3.22839E+01 3.17977E+00 1.75903E+02 4.08811E+01 4.00626E+00 2.42611E+02
 2.67812E+01 2.37218E+00 2.61448E+01 2.32945E+00 3.46892E+02 3.65206E+01 3.25924E+00 1.86281E+02 4.62570E+01 4.11008E+00 2.57260E+02
 3.01151E+01 2.41707E+00 2.94250E+01 2.37382E+00 3.67095E+02 4.11125E+01 3.32144E+00 1.97130E+02 5.20498E+01 4.18897E+00 2.72314E+02
 3.37173E+01 2.44966E+00 3.29688E+01 2.40608E+00 3.88214E+02 4.60734E+01 3.36666E+00 2.08471E+02 5.83004E+01 4.24583E+00 2.87993E+02
 3.75887E+01 2.46999E+00 3.67775E+01 2.42627E+00 4.10267E+02 5.14050E+01 3.39499E+00 2.20313E+02 6.50165E+01 4.28130E+00 3.04354E+02
 7.43583E-01 5.92676E-02 7.15019E-01 5.74447E-02 8.10163E+01 9.94530E-01 8.00805E-02 4.35057E+01 7.43591E-01 5.92682E-02 1.15671E-02
 8.60869E-01 9.97563E-02 8.18334E-01 9.94726E-02 8.76128E+01 1.13448E+00 1.39763E-01 4.70481E+01 8.60881E-01 9.97577E-02 1.66882E-02
 1.01911E+00 1.48377E-01 9.59721E-01 1.49291E-01 9.44100E+01 1.32687E+00 2.10272E-01 5.06982E+01 1.01913E+00 1.48379E-01 2.45668E-02
 1.21602E+00 2.05103E-01 1.13692E+00 2.06501E-01 1.01442E+02 1.56853E+00 2.90901E-01 5.44745E+01 1.21605E+00 2.05108E-01 3.69989E-02
 1.45851E+00 2.70766E-01 1.35578E+00 2.71087E-01 1.08729E+02 1.86728E+00 3.81305E-01 5.83875E+01 1.45856E+00 2.70777E-01 5.71494E-02
 1.75839E+00 3.47894E-01 1.62611E+00 3.44412E-01 1.16300E+02 2.23614E+00 4.82963E-01 6.24529E+01 1.75849E+00 3.47914E-01 9.07746E-02
 2.12596E+00 4.38478E-01 1.95685E+00 4.27129E-01 1.24168E+02 2.68717E+00 5.96277E-01 6.66781E+01 2.12614E+00 4.38517E-01 1.48657E-01
 2.45984E+00 5.17706E-01 2.25681E+00 4.97042E-01 1.30453E+02 3.09604E+00 6.91035E-01 7.00533E+01 2.46014E+00 5.17771E-01 2.22706E-01
 2.56410E+00 5.43609E-01 2.35666E+00 5.20128E-01 1.32362E+02 3.23476E+00 7.22425E-01 7.10785E+01 2.56445E+00 5.43685E-01 2.51703E-01
 3.15380E+00 6.72490E-01 2.91698E+00 6.33463E-01 1.41646E+02 4.01147E+00 8.75868E-01 7.60639E+01 3.15454E+00 6.72653E-01 4.62676E-01
 3.86650E+00 8.15207E-01 3.59605E+00 7.59738E-01 1.51398E+02 4.95352E+00 1.04716E+00 8.13010E+01 3.86823E+00 8.15573E-01 8.90053E-01
 4.70000E+00 9.67839E-01 4.39837E+00 9.00975E-01 1.61647E+02 6.06980E+00 1.24142E+00 8.68045E+01 4.70436E+00 9.68734E-01 1.79645E+00
 5.66179E+00 1.12511E+00 5.34127E+00 1.05599E+00 1.72415E+02 7.38846E+00 1.45853E+00 9.25868E+01 5.67411E+00 1.12754E+00 3.80571E+00
 6.75950E+00 1.28071E+00 6.42217E+00 1.21764E+00 1.83733E+02 8.90192E+00 1.68815E+00 9.86647E+01 6.79985E+00 1.28836E+00 8.41839E+00
 7.99897E+00 1.42697E+00 7.65462E+00 1.37355E+00 1.95623E+02 1.06322E+01 1.91105E+00 1.05050E+02 8.15380E+00 1.45478E+00 1.90690E+01
 9.39033E+00 1.55903E+00 9.02966E+00 1.51404E+00 2.08102E+02 1.25595E+01 2.11181E+00 1.11751E+02 1.00232E+01 1.66538E+00 4.20607E+01
 1.09357E+01 1.67582E+00 1.05555E+01 1.63621E+00 2.21193E+02 1.46976E+01 2.28564E+00 1.18781E+02 1.31492E+01 2.01990E+00 8.22569E+01
 1.26490E+01 1.77829E+00 1.22452E+01 1.74121E+00 2.34917E+02 1.70645E+01 2.43424E+00 1.26151E+02 1.79759E+01 2.53795E+00 1.30109E+02
 1.45417E+01 1.86795E+00 1.41100E+01 1.83157E+00 2.49298E+02 1.96761E+01 2.56158E+00 1.33873E+02 2.32810E+01 3.00545E+00 1.67328E+02
 1.66230E+01 1.94577E+00 1.61592E+01 1.90917E+00 2.64354E+02 2.25454E+01 2.67061E+00 1.41958E+02 2.80312E+01 3.29687E+00 1.90507E+02
 1.89019E+01 2.01219E+00 1.84023E+01 1.97505E+00 2.80109E+02 2.56857E+01 2.76304E+00 1.50419E+02 3.24257E+01 3.46673E+00 2.06284E+02
 2.13856E+01 2.06734E+00 2.08465E+01 2.02963E+00 2.96583E+02 2.91076E+01 2.83956E+00 1.59265E+02 3.68716E+01 3.57784E+00 2.19663E+02
 2.40800E+01 2.11122E+00 2.34979E+01 2.07304E+00 3.13795E+02 3.28193E+01 2.90042E+00 1.68508E+02 4.15822E+01 3.65779E+00 2.32715E+02
 2.69896E+01 2.14389E+00 2.63607E+01 2.10538E+00 3.31766E+02 3.68271E+01 2.94577E+00 1.78158E+02 4.66380E+01 3.71538E+00 2.46106E+02
 3.01212E+01 2.16559E+00 2.94419E+01 2.12692E+00 3.50529E+02 4.11405E+01 2.97600E+00 1.88234E+02 5.20724E+01 3.75334E+00 2.60036E+02
 3.34742E+01 2.17649E+00 3.27408E+01 2.13783E+00 3.70095E+02 4.57586E+01 2.99134E+00 1.98741E+02 5.78894E+01 3.77244E+00 2.74553E+02
 7.13321E-01 5.72972E-02 6.85744E-01 5.56063E-02 7.45470E+01 9.53742E-01 7.75457E-02 4.00317E+01 7.13329E-01 5.72978E-02 1.06435E-02
 8.30201E-01 9.74250E-02 7.88596E-01 9.72335E-02 8.05103E+01 1.09302E+00 1.36650E-01 4.32340E+01 8.30212E-01 9.74263E-02 1.53353E-02
 9.84989E-01 1.44567E-01 9.26838E-01 1.45521E-01 8.66549E+01 1.28111E+00 2.04985E-01 4.65337E+01 9.85007E-01 1.44569E-01 2.25488E-02
 1.17495E+00 1.98709E-01 1.09775E+00 2.00107E-01 9.30107E+01 1.51418E+00 2.81909E-01 4.99467E+01 1.17498E+00 1.98714E-01 3.39236E-02
 1.40658E+00 2.60637E-01 1.30677E+00 2.60980E-01 9.95940E+01 1.79948E+00 3.67103E-01 5.34820E+01 1.40663E+00 2.60647E-01 5.23479E-02
 1.69079E+00 3.32678E-01 1.56292E+00 3.29386E-01 1.06429E+02 2.14897E+00 4.61906E-01 5.71526E+01 1.69088E+00 3.32697E-01 8.30707E-02
 2.03699E+00 4.16649E-01 1.87432E+00 4.05912E-01 1.13529E+02 2.57359E+00 5.66676E-01 6.09649E+01 2.03716E+00 4.16686E-01 1.35919E-01
 2.35014E+00 4.89712E-01 2.15551E+00 4.70219E-01 1.19197E+02 2.95680E+00 6.53764E-01 6.40086E+01 2.35042E+00 4.89774E-01 2.03489E-01
 2.44753E+00 5.13514E-01 2.24871E+00 4.91380E-01 1.20917E+02 3.08627E+00 6.82515E-01 6.49323E+01 2.44785E+00 5.13585E-01 2.29939E-01
 2.99747E+00 6.31556E-01 2.77104E+00 5.94922E-01 1.29280E+02 3.81021E+00 8.22586E-01 6.94231E+01 2.99818E+00 6.31709E-01 4.22282E-01
 3.65930E+00 7.61360E-01 3.40148E+00 7.09529E-01 1.38055E+02 4.68473E+00 9.77951E-01 7.41356E+01 3.66094E+00 7.61702E-01 8.11609E-01
 4.43007E+00 8.99159E-01 4.14337E+00 8.36953E-01 1.47267E+02 5.71692E+00 1.15317E+00 7.90826E+01 4.43419E+00 8.99989E-01 1.63664E+00
 5.31598E+00 1.04003E+00 5.01203E+00 9.75992E-01 1.56936E+02 6.93180E+00 1.34798E+00 8.42746E+01 5.32754E+00 1.04228E+00 3.46405E+00
 6.32324E+00 1.17817E+00 6.00402E+00 1.11998E+00 1.67087E+02 8.32086E+00 1.55267E+00 8.97258E+01 6.36096E+00 1.18521E+00 7.65570E+00
 7.45645E+00 1.30665E+00 7.13109E+00 1.25754E+00 1.77739E+02 9.90333E+00 1.74956E+00 9.54457E+01 7.60068E+00 1.33211E+00 1.73257E+01
 8.72430E+00 1.42122E+00 8.38426E+00 1.38001E+00 1.88906E+02 1.16599E+01 1.92478E+00 1.01442E+02 9.31187E+00 1.51815E+00 3.81807E+01
 1.01278E+01 1.52110E+00 9.77029E+00 1.48496E+00 2.00606E+02 1.36021E+01 2.07429E+00 1.07725E+02 1.21764E+01 1.83337E+00 7.46010E+01
 1.16792E+01 1.60738E+00 1.13003E+01 1.57368E+00 2.12858E+02 1.57454E+01 2.19996E+00 1.14305E+02 1.65943E+01 2.29393E+00 1.17892E+02
 1.33876E+01 1.68158E+00 1.29839E+01 1.64866E+00 2.25681E+02 1.81033E+01 2.30568E+00 1.21190E+02 2.14284E+01 2.70544E+00 1.51476E+02
 1.52609E+01 1.74472E+00 1.48284E+01 1.71174E+00 2.39090E+02 2.06860E+01 2.39437E+00 1.28391E+02 2.57283E+01 2.95607E+00 1.72300E+02
 1.73061E+01 1.79736E+00 1.68416E+01 1.76402E+00 2.53104E+02 2.35046E+01 2.46775E+00 1.35917E+02 2.96817E+01 3.09645E+00 1.86397E+02
 1.95288E+01 1.83970E+00 1.90292E+01 1.80599E+00 2.67739E+02 2.65673E+01 2.52661E+00 1.43776E+02 3.36634E+01 3.18374E+00 1.98300E+02
 2.19335E+01 1.87189E+00 2.13956E+01 1.83788E+00 2.83012E+02 2.98802E+01 2.57135E+00 1.51977E+02 3.78684E+01 3.24299E+00 2.09886E+02
 2.45231E+01 1.89406E+00 2.39439E+01 1.85989E+00 2.98937E+02 3.34477E+01 2.60224E+00 1.60529E+02 4.23686E+01 3.28229E+00 2.21754E+02
 2.73028E+01 1.90653E+00 2.66790E+01 1.87235E+00 3.15543E+02 3.72766E+01 2.61975E+00 1.69446E+02 4.71925E+01 3.30422E+00 2.34082E+02
 3.02711E+01 1.90956E+00 2.95996E+01 1.87550E+00 3.32837E+02 4.13652E+01 2.62423E+00 1.78733E+02 5.23424E+01 3.30965E+00 2.46913E+02
 6.81066E-01 5.55367E-02 6.54533E-01 5.39788E-02 6.87383E+01 9.10254E-01 7.53080E-02 3.69124E+01 6.81073E-01 5.55373E-02 9.81412E-03
 7.97094E-01 9.50376E-02 7.56543E-01 9.49329E-02 7.41229E+01 1.04835E+00 1.33448E-01 3.98040E+01 7.97105E-01 9.50389E-02 1.41187E-02
 9.47900E-01 1.40532E-01 8.91183E-01 1.41517E-01 7.96722E+01 1.23152E+00 1.99367E-01 4.27840E+01 9.47918E-01 1.40535E-01 2.07318E-02
 1.13032E+00 1.92022E-01 1.05529E+00 1.93410E-01 8.54123E+01 1.45530E+00 2.72488E-01 4.58664E+01 1.13035E+00 1.92028E-01 3.11523E-02
 1.35039E+00 2.50249E-01 1.25388E+00 2.50604E-01 9.13564E+01 1.72636E+00 3.52516E-01 4.90584E+01 1.35044E+00 2.50259E-01 4.80181E-02
 1.61811E+00 3.17348E-01 1.49515E+00 3.14234E-01 9.75252E+01 2.05554E+00 4.40668E-01 5.23710E+01 1.61820E+00 3.17367E-01 7.61208E-02
 1.94203E+00 3.94975E-01 1.78645E+00 3.84831E-01 1.03928E+02 2.45273E+00 5.37260E-01 5.58096E+01 1.94219E+00 3.95010E-01 1.24426E-01
 2.23363E+00 4.62164E-01 2.04822E+00 4.43811E-01 1.09039E+02 2.80944E+00 6.17066E-01 5.85537E+01 2.23390E+00 4.62222E-01 1.86147E-01
 2.32387E+00 4.83973E-01 2.13452E+00 4.63152E-01 1.10588E+02 2.92929E+00 6.43323E-01 5.93859E+01 2.32419E+00 4.84041E-01 2.10298E-01
 2.83259E+00 5.91776E-01 2.61737E+00 5.57467E-01 1.18120E+02 3.59839E+00 7.70804E-01 6.34305E+01 2.83326E+00 5.91919E-01 3.85830E-01
 3.44184E+00 7.09483E-01 3.19744E+00 6.61164E-01 1.26016E+02 4.40294E+00 9.11280E-01 6.76706E+01 3.44339E+00 7.09802E-01 7.40833E-01
 4.14794E+00 8.33488E-01 3.87692E+00 7.75751E-01 1.34297E+02 5.34823E+00 1.06882E+00 7.21174E+01 4.15179E+00 8.34258E-01 1.49249E+00
 4.95567E+00 9.59214E-01 4.66902E+00 9.00019E-01 1.42979E+02 6.45607E+00 1.24300E+00 7.67796E+01 4.96644E+00 9.61288E-01 3.15597E+00
 5.86980E+00 1.08134E+00 5.56949E+00 1.02776E+00 1.52084E+02 7.71705E+00 1.42476E+00 8.16693E+01 5.90479E+00 1.08780E+00 6.96829E+00
 6.89362E+00 1.19363E+00 6.58814E+00 1.14859E+00 1.61628E+02 9.14745E+00 1.59792E+00 8.67945E+01 7.02685E+00 1.21689E+00 1.57553E+01
 8.03412E+00 1.29240E+00 7.71571E+00 1.25475E+00 1.71623E+02 1.07280E+01 1.75001E+00 9.21615E+01 8.57476E+00 1.38054E+00 3.46876E+01
 9.29127E+00 1.37714E+00 8.95744E+00 1.34425E+00 1.82083E+02 1.24682E+01 1.87767E+00 9.77787E+01 1.11691E+01 1.65982E+00 6.77129E+01
 1.06750E+01 1.44903E+00 1.03225E+01 1.41848E+00 1.93025E+02 1.43804E+01 1.98293E+00 1.03654E+02 1.51642E+01 2.06785E+00 1.06907E+02
 1.21928E+01 1.50960E+00 1.18183E+01 1.47988E+00 2.04462E+02 1.64755E+01 2.06958E+00 1.09796E+02 1.95107E+01 2.42862E+00 1.37234E+02
 1.38504E+01 1.55992E+00 1.34507E+01 1.53027E+00 2.16408E+02 1.87612E+01 2.14047E+00 1.16211E+02 2.33439E+01 2.64281E+00 1.55954E+02
 1.56530E+01 1.60059E+00 1.52253E+01 1.57075E+00 2.28878E+02 2.12458E+01 2.19732E+00 1.22908E+02 2.68394E+01 2.75733E+00 1.68556E+02
 1.76044E+01 1.63195E+00 1.71460E+01 1.60189E+00 2.41885E+02 2.39350E+01 2.24102E+00 1.29892E+02 3.03386E+01 2.82406E+00 1.79152E+02
 1.97072E+01 1.65420E+00 1.92156E+01 1.62400E+00 2.55442E+02 2.68325E+01 2.27205E+00 1.37172E+02 3.40169E+01 2.86571E+00 1.89439E+02
 2.19631E+01 1.66757E+00 2.14357E+01 1.63735E+00 2.69560E+02 2.99405E+01 2.29082E+00 1.44754E+02 3.79375E+01 2.88966E+00 1.99961E+02
 2.43749E+01 1.67242E+00 2.38090E+01 1.64230E+00 2.84262E+02 3.32631E+01 2.29782E+00 1.52649E+02 4.21233E+01 2.89835E+00 2.10877E+02
 2.69404E+01 1.66907E+00 2.63335E+01 1.63917E+00 2.99554E+02 3.67972E+01 2.29351E+00 1.60860E+02 4.65744E+01 2.89271E+00 2.22223E+02
 6.52543E-01 5.40077E-02 6.26901E-01 5.25844E-02 6.33521E+01 8.71738E-01 7.33985E-02 3.40201E+01 6.52550E-01 5.40082E-02 9.04511E-03
 7.66727E-01 9.26484E-02 7.27199E-01 9.26273E-02 6.81994E+01 1.00748E+00 1.30238E-01 3.66231E+01 7.66737E-01 9.26497E-02 1.29904E-02
 9.12751E-01 1.36366E-01 8.57528E-01 1.37376E-01 7.31968E+01 1.18476E+00 1.93553E-01 3.93067E+01 9.12767E-01 1.36369E-01 1.90468E-02
 1.08716E+00 1.85173E-01 1.01440E+00 1.86542E-01 7.83668E+01 1.39867E+00 2.62824E-01 4.20829E+01 1.08719E+00 1.85178E-01 2.85826E-02
 1.29561E+00 2.39766E-01 1.20249E+00 2.40123E-01 8.37200E+01 1.65539E+00 3.37781E-01 4.49576E+01 1.29566E+00 2.39776E-01 4.40043E-02
 1.54731E+00 3.02099E-01 1.42928E+00 2.99149E-01 8.92734E+01 1.96481E+00 4.19518E-01 4.79398E+01 1.54739E+00 3.02116E-01 6.96801E-02
 1.85000E+00 3.73672E-01 1.70143E+00 3.64095E-01 9.50352E+01 2.33584E+00 5.08317E-01 5.10339E+01 1.85015E+00 3.73705E-01 1.13779E-01
 2.12136E+00 4.35291E-01 1.94492E+00 4.18031E-01 9.96318E+01 2.66761E+00 5.81233E-01 5.35023E+01 2.12161E+00 4.35345E-01 1.70088E-01
 2.20497E+00 4.55219E-01 2.02482E+00 4.35657E-01 1.01025E+02 2.77855E+00 6.05140E-01 5.42503E+01 2.20526E+00 4.55282E-01 1.92111E-01
 2.67556E+00 5.53390E-01 2.47125E+00 5.21311E-01 1.07793E+02 3.39708E+00 7.20813E-01 5.78847E+01 2.67620E+00 5.53524E-01 3.52096E-01
 3.23663E+00 6.59788E-01 3.00526E+00 6.14830E-01 1.14881E+02 4.13766E+00 8.47408E-01 6.16913E+01 3.23808E+00 6.60085E-01 6.75374E-01
 3.88391E+00 7.70989E-01 3.62808E+00 7.17515E-01 1.22309E+02 5.00412E+00 9.88554E-01 6.56798E+01 3.88752E+00 7.71701E-01 1.35926E+00
 4.62107E+00 8.82748E-01 4.35109E+00 8.28162E-01 1.30088E+02 6.01538E+00 1.14371E+00 6.98573E+01 4.63110E+00 8.84656E-01 2.87143E+00
 5.45163E+00 9.90212E-01 5.16944E+00 9.41005E-01 1.38239E+02 7.16143E+00 1.30443E+00 7.42341E+01 5.48410E+00 9.96124E-01 6.33389E+00
 6.37782E+00 1.08780E+00 6.09127E+00 1.04660E+00 1.46772E+02 8.45598E+00 1.45596E+00 7.88167E+01 6.50099E+00 1.10899E+00 1.43071E+01
 7.40529E+00 1.17234E+00 7.10730E+00 1.13803E+00 1.55699E+02 9.88030E+00 1.58715E+00 8.36105E+01 7.90323E+00 1.25228E+00 3.14692E+01
 8.53314E+00 1.24357E+00 8.22153E+00 1.21371E+00 1.65032E+02 1.14419E+01 1.69526E+00 8.86221E+01 1.02564E+01 1.49879E+00 6.13718E+01
 9.76958E+00 1.30273E+00 9.44142E+00 1.27510E+00 1.74782E+02 1.31509E+01 1.78244E+00 9.38581E+01 1.38749E+01 1.85898E+00 9.68035E+01
 1.11204E+01 1.35136E+00 1.07729E+01 1.32460E+00 1.84963E+02 1.50158E+01 1.85236E+00 9.93249E+01 1.77900E+01 2.17392E+00 1.24147E+02
 1.25898E+01 1.39055E+00 1.22201E+01 1.36397E+00 1.95584E+02 1.70423E+01 1.90779E+00 1.05029E+02 2.12136E+01 2.35573E+00 1.40947E+02
 1.41814E+01 1.42096E+00 1.37872E+01 1.39432E+00 2.06657E+02 1.92365E+01 1.95045E+00 1.10975E+02 2.43099E+01 2.44773E+00 1.52191E+02
 1.58977E+01 1.44298E+00 1.54768E+01 1.41626E+00 2.18193E+02 2.16020E+01 1.98127E+00 1.17169E+02 2.73908E+01 2.49693E+00 1.61604E+02
 1.77401E+01 1.45691E+00 1.72902E+01 1.43017E+00 2.30200E+02 2.41409E+01 2.00083E+00 1.23618E+02 3.06145E+01 2.52380E+00 1.70720E+02
 1.97088E+01 1.46302E+00 1.92278E+01 1.43638E+00 2.42689E+02 2.68537E+01 2.00959E+00 1.30324E+02 3.40364E+01 2.53510E+00 1.80029E+02
 2.18053E+01 1.46172E+00 2.12911E+01 1.43527E+00 2.55678E+02 2.97423E+01 2.00811E+00 1.37299E+02 3.76752E+01 2.53309E+00 1.89672E+02
 2.40267E+01 1.45337E+00 2.34771E+01 1.42722E+00 2.69169E+02 3.28026E+01 1.99690E+00 1.44544E+02 4.15294E+01 2.51876E+00 1.99682E+02
 6.25068E-01 5.27208E-02 6.00260E-01 5.14348E-02 5.84012E+01 8.34595E-01 7.18342E-02 3.13614E+01 6.25074E-01 5.27214E-02 8.33824E-03
 7.36762E-01 9.03149E-02 6.98307E-01 9.03773E-02 6.27550E+01 9.67265E-01 1.27106E-01 3.36994E+01 7.36772E-01 9.03162E-02 1.19533E-02
 8.77430E-01 1.32172E-01 8.23832E-01 1.33206E-01 6.72464E+01 1.13800E+00 1.87699E-01 3.61113E+01 8.77446E-01 1.32175E-01 1.74985E-02
 1.04341E+00 1.78313E-01 9.73111E-01 1.79661E-01 7.18946E+01 1.34155E+00 2.53141E-01 3.86074E+01 1.04343E+00 1.78318E-01 2.62220E-02
 1.24002E+00 2.29384E-01 1.15050E+00 2.29739E-01 7.67080E+01 1.58366E+00 3.23178E-01 4.11922E+01 1.24006E+00 2.29393E-01 4.03187E-02
 1.47569E+00 2.87167E-01 1.36283E+00 2.84368E-01 8.17001E+01 1.87333E+00 3.98793E-01 4.38730E+01 1.47577E+00 2.87184E-01 6.37689E-02
 1.75746E+00 3.53016E-01 1.61610E+00 3.43976E-01 8.68778E+01 2.21860E+00 4.80232E-01 4.66534E+01 1.75761E+00 3.53047E-01 1.04012E-01
 2.00903E+00 4.09400E-01 1.84175E+00 3.93180E-01 9.10072E+01 2.52602E+00 5.46685E-01 4.88709E+01 2.00927E+00 4.09451E-01 1.55365E-01
 2.08619E+00 4.27567E-01 1.91544E+00 4.09202E-01 9.22576E+01 2.62832E+00 5.68397E-01 4.95423E+01 2.08647E+00 4.27627E-01 1.75440E-01
 2.51985E+00 5.16749E-01 2.32656E+00 4.86789E-01 9.83317E+01 3.19783E+00 6.73078E-01 5.28041E+01 2.52044E+00 5.16874E-01 3.21193E-01
 3.03452E+00 6.12665E-01 2.81622E+00 5.70894E-01 1.04688E+02 3.87683E+00 7.86842E-01 5.62176E+01 3.03588E+00 6.12941E-01 6.15450E-01
 3.62555E+00 7.12074E-01 3.38483E+00 6.62629E-01 1.11342E+02 4.66784E+00 9.12911E-01 5.97909E+01 3.62891E+00 7.12731E-01 1.23739E+00
 4.29555E+00 8.11063E-01 4.04210E+00 7.60816E-01 1.18305E+02 5.58719E+00 1.05067E+00 6.35300E+01 4.30486E+00 8.12817E-01 2.61136E+00
 5.04696E+00 9.05223E-01 4.78264E+00 8.60116E-01 1.25593E+02 6.62435E+00 1.19226E+00 6.74436E+01 5.07700E+00 9.10628E-01 5.75451E+00
 5.88107E+00 9.89585E-01 5.61313E+00 9.51961E-01 1.33216E+02 7.79075E+00 1.32425E+00 7.15369E+01 5.99456E+00 1.00886E+00 1.29857E+01
 6.80232E+00 1.06144E+00 6.52435E+00 1.03023E+00 1.41181E+02 9.06822E+00 1.43674E+00 7.58141E+01 7.25935E+00 1.13380E+00 2.85348E+01
 7.80909E+00 1.12074E+00 7.51917E+00 1.09368E+00 1.49498E+02 1.04625E+01 1.52755E+00 8.02807E+01 9.38493E+00 1.35070E+00 5.55953E+01
 8.90803E+00 1.16877E+00 8.60359E+00 1.14384E+00 1.58179E+02 1.19818E+01 1.59889E+00 8.49420E+01 1.26485E+01 1.66775E+00 8.76076E+01
 1.01035E+01 1.20708E+00 9.78213E+00 1.18303E+00 1.67231E+02 1.36326E+01 1.65433E+00 8.98031E+01 1.61588E+01 1.94171E+00 1.12245E+02
 1.13983E+01 1.23676E+00 1.10576E+01 1.21297E+00 1.76664E+02 1.54187E+01 1.69654E+00 9.48685E+01 1.92007E+01 2.09507E+00 1.27313E+02
 1.27950E+01 1.25850E+00 1.24329E+01 1.23477E+00 1.86486E+02 1.73444E+01 1.72720E+00 1.00143E+02 2.19274E+01 2.16775E+00 1.37336E+02
 1.42947E+01 1.27275E+00 1.39094E+01 1.24905E+00 1.96705E+02 1.94117E+01 1.74730E+00 1.05631E+02 2.46226E+01 2.20224E+00 1.45689E+02
 1.58977E+01 1.27986E+00 1.54874E+01 1.25624E+00 2.07329E+02 2.16211E+01 1.75745E+00 1.11336E+02 2.74284E+01 2.21698E+00 1.53758E+02
 1.76034E+01 1.28016E+00 1.71664E+01 1.25672E+00 2.18364E+02 2.39717E+01 1.75818E+00 1.17261E+02 3.03935E+01 2.21811E+00 1.61984E+02
 1.94120E+01 1.27405E+00 1.89464E+01 1.25088E+00 2.29824E+02 2.64639E+01 1.75007E+00 1.23416E+02 3.35326E+01 2.20775E+00 1.70493E+02
 2.13200E+01 1.26194E+00 2.08243E+01 1.23912E+00 2.41712E+02 2.90929E+01 1.73367E+00 1.29799E+02 3.68434E+01 2.18689E+00 1.79313E+02
 5.99175E-01 5.16934E-02 5.75127E-01 5.05479E-02 5.38207E+01 7.99545E-01 7.06407E-02 2.89017E+01 5.99181E-01 5.16940E-02 7.68426E-03
 7.07538E-01 8.81249E-02 6.70220E-01 8.82738E-02 5.77217E+01 9.28203E-01 1.24181E-01 3.09966E+01 7.07548E-01 8.81261E-02 1.09946E-02
 8.42223E-01 1.28094E-01 7.90406E-01 1.29156E-01 6.17498E+01 1.09168E+00 1.82014E-01 3.31596E+01 8.42238E-01 1.28096E-01 1.60682E-02
 9.99457E-01 1.71625E-01 9.31819E-01 1.72956E-01 6.59208E+01 1.28450E+00 2.43706E-01 3.53995E+01 9.99482E-01 1.71630E-01 2.40432E-02
 1.18424E+00 2.19322E-01 1.09853E+00 2.19673E-01 7.02412E+01 1.51203E+00 3.09022E-01 3.77195E+01 1.18428E+00 2.19331E-01 3.69197E-02
 1.40427E+00 2.72800E-01 1.29675E+00 2.70140E-01 7.47216E+01 1.78244E+00 3.78839E-01 4.01255E+01 1.40435E+00 2.72816E-01 5.83220E-02
 1.66592E+00 3.33277E-01 1.53186E+00 3.24739E-01 7.93673E+01 2.10294E+00 4.53374E-01 4.26202E+01 1.66606E+00 3.33306E-01 9.50205E-02
 1.89860E+00 3.84771E-01 1.74049E+00 3.69527E-01 8.30717E+01 2.38714E+00 5.13797E-01 4.46095E+01 1.89883E+00 3.84819E-01 1.41818E-01
 1.96966E+00 4.01299E-01 1.80828E+00 3.84059E-01 8.41926E+01 2.48122E+00 5.33470E-01 4.52114E+01 1.96992E+00 4.01355E-01 1.60103E-01
 2.36838E+00 4.82143E-01 2.18602E+00 4.54173E-01 8.96361E+01 3.00438E+00 6.27974E-01 4.81346E+01 2.36894E+00 4.82260E-01 2.92789E-01
 2.83948E+00 5.68408E-01 2.63404E+00 5.29630E-01 9.53283E+01 3.62556E+00 7.29959E-01 5.11913E+01 2.84075E+00 5.68663E-01 5.60424E-01
 3.37792E+00 6.57029E-01 3.15197E+00 6.11359E-01 1.01282E+02 4.34603E+00 8.42257E-01 5.43884E+01 3.38105E+00 6.57636E-01 1.12559E+00
 3.98544E+00 7.44419E-01 3.74806E+00 6.98220E-01 1.07506E+02 5.17985E+00 9.64194E-01 5.77308E+01 3.99408E+00 7.46029E-01 2.37298E+00
 4.66355E+00 8.26592E-01 4.41654E+00 7.85296E-01 1.14014E+02 6.11615E+00 1.08850E+00 6.12256E+01 4.69129E+00 8.31526E-01 5.22397E+00
 5.41273E+00 8.99140E-01 5.16276E+00 8.64831E-01 1.20814E+02 7.16430E+00 1.20300E+00 6.48771E+01 5.51710E+00 9.16650E-01 1.17767E+01
 6.23637E+00 9.59783E-01 5.97762E+00 9.31425E-01 1.27912E+02 8.30678E+00 1.29890E+00 6.86885E+01 6.65504E+00 1.02520E+00 2.58529E+01
 7.13229E+00 1.00865E+00 6.86311E+00 9.84161E-01 1.35315E+02 9.54790E+00 1.37453E+00 7.26643E+01 8.57041E+00 1.21558E+00 5.03208E+01
 8.10579E+00 1.04708E+00 7.82392E+00 1.02460E+00 1.43033E+02 1.08941E+01 1.43217E+00 7.68086E+01 1.15067E+01 1.49402E+00 7.92190E+01
 9.16001E+00 1.07658E+00 8.86339E+00 1.05499E+00 1.51071E+02 1.23501E+01 1.47523E+00 8.11252E+01 1.46457E+01 1.73168E+00 1.01399E+02
 1.02968E+01 1.09824E+00 9.98332E+00 1.07699E+00 1.59437E+02 1.39185E+01 1.50629E+00 8.56179E+01 1.73400E+01 1.86030E+00 1.14898E+02
 1.15174E+01 1.11279E+00 1.11855E+01 1.09167E+00 1.68138E+02 1.56018E+01 1.52699E+00 9.02899E+01 1.97324E+01 1.91665E+00 1.23824E+02
 1.28223E+01 1.12070E+00 1.24702E+01 1.09970E+00 1.77178E+02 1.74007E+01 1.53832E+00 9.51444E+01 2.20803E+01 1.93902E+00 1.31226E+02
 1.42108E+01 1.12235E+00 1.38372E+01 1.10152E+00 1.86563E+02 1.93147E+01 1.54095E+00 1.00184E+02 2.45115E+01 1.94403E+00 1.38358E+02
 1.56815E+01 1.11812E+00 1.52851E+01 1.09753E+00 1.96299E+02 2.13418E+01 1.53542E+00 1.05412E+02 2.70685E+01 1.93724E+00 1.45616E+02
 1.72338E+01 1.10841E+00 1.68131E+01 1.08813E+00 2.06395E+02 2.34812E+01 1.52233E+00 1.10834E+02 2.97631E+01 1.92061E+00 1.53112E+02
 1.88640E+01 1.09363E+00 1.84177E+01 1.07374E+00 2.16853E+02 2.57277E+01 1.50224E+00 1.16450E+02 3.25920E+01 1.89511E+00 1.60871E+02
 5.74851E-01 5.09422E-02 5.51489E-01 4.99416E-02 4.95837E+01 7.66568E-01 6.98434E-02 2.66265E+01 5.74857E-01 5.09427E-02 7.07933E-03
 6.79188E-01 8.61531E-02 6.43049E-01 8.63936E-02 5.30709E+01 8.90447E-01 1.21572E-01 2.84990E+01 6.79197E-01 8.61544E-02 1.01087E-02
 8.07406E-01 1.24236E-01 7.57491E-01 1.25331E-01 5.66757E+01 1.04612E+00 1.76649E-01 3.04349E+01 8.07421E-01 1.24238E-01 1.47478E-02
 9.55713E-01 1.65219E-01 8.90886E-01 1.66541E-01 6.04114E+01 1.22801E+00 2.34682E-01 3.24409E+01 9.55737E-01 1.65224E-01 2.20337E-02
 1.12882E+00 2.09672E-01 1.04705E+00 2.10024E-01 6.42822E+01 1.44115E+00 2.95456E-01 3.45196E+01 1.12886E+00 2.09680E-01 3.37876E-02
 1.33375E+00 2.59061E-01 1.23162E+00 2.56536E-01 6.82965E+01 1.69292E+00 3.59761E-01 3.66752E+01 1.33382E+00 2.59076E-01 5.33071E-02
 1.57621E+00 3.14477E-01 1.44941E+00 3.06413E-01 7.24581E+01 1.98977E+00 4.27786E-01 3.89100E+01 1.57634E+00 3.14504E-01 8.67487E-02
 1.79101E+00 3.61386E-01 1.64192E+00 3.47062E-01 7.57759E+01 2.25198E+00 4.82560E-01 4.06917E+01 1.79123E+00 3.61431E-01 1.29362E-01
 1.85632E+00 3.76383E-01 1.70417E+00 3.60203E-01 7.67790E+01 2.33833E+00 5.00329E-01 4.12303E+01 1.85657E+00 3.76436E-01 1.46005E-01
 2.22226E+00 4.49456E-01 2.05055E+00 4.23357E-01 8.16494E+01 2.81794E+00 5.85355E-01 4.38457E+01 2.22279E+00 4.49565E-01 2.66701E-01
 2.65280E+00 5.26784E-01 2.45982E+00 4.90814E-01 8.67383E+01 3.38533E+00 6.76450E-01 4.65784E+01 2.65399E+00 5.27021E-01 5.09924E-01
 3.14259E+00 6.05502E-01 2.93090E+00 5.63373E-01 9.20563E+01 4.04061E+00 7.76130E-01 4.94342E+01 3.14550E+00 6.06061E-01 1.02306E+00
 3.69261E+00 6.82317E-01 3.47066E+00 6.39904E-01 9.76109E+01 4.79567E+00 8.83635E-01 5.24170E+01 3.70061E+00 6.83792E-01 2.15457E+00
 4.30363E+00 7.53648E-01 4.07314E+00 7.15899E-01 1.03413E+02 5.63958E+00 9.92270E-01 5.55327E+01 4.32920E+00 7.58146E-01 4.73823E+00
 4.97548E+00 8.15614E-01 4.74258E+00 7.84374E-01 1.09468E+02 6.57998E+00 1.09103E+00 5.87846E+01 5.07134E+00 8.31494E-01 1.06708E+01
 5.71069E+00 8.66320E-01 5.47014E+00 8.40595E-01 1.15782E+02 7.60011E+00 1.17219E+00 6.21751E+01 6.09376E+00 9.25356E-01 2.34014E+01
 6.50669E+00 9.06060E-01 6.25702E+00 8.83925E-01 1.22361E+02 8.70311E+00 1.23448E+00 6.57078E+01 7.81759E+00 1.09191E+00 4.55034E+01
 7.36765E+00 9.36179E-01 7.10691E+00 9.15947E-01 1.29210E+02 9.89394E+00 1.28024E+00 6.93857E+01 1.04564E+01 1.33571E+00 7.15632E+01
 8.29575E+00 9.58160E-01 8.02217E+00 9.38811E-01 1.36335E+02 1.11760E+01 1.31272E+00 7.32119E+01 1.32600E+01 1.54110E+00 9.15077E+01
 9.29197E+00 9.73085E-01 9.00377E+00 9.54119E-01 1.43741E+02 1.25507E+01 1.33439E+00 7.71889E+01 1.56431E+01 1.64818E+00 1.03587E+02
 1.03569E+01 9.81681E-01 1.00526E+01 9.62920E-01 1.51432E+02 1.40195E+01 1.34685E+00 8.13192E+01 1.77387E+01 1.69071E+00 1.11521E+02
 1.14900E+01 9.84446E-01 1.11685E+01 9.65871E-01 1.59414E+02 1.55820E+01 1.35107E+00 8.56051E+01 1.97805E+01 1.70316E+00 1.18069E+02
 1.26903E+01 9.81785E-01 1.23504E+01 9.63438E-01 1.67688E+02 1.72368E+01 1.34773E+00 9.00484E+01 2.18830E+01 1.70043E+00 1.24360E+02
 1.39560E+01 9.74084E-01 1.35965E+01 9.56027E-01 1.76259E+02 1.89815E+01 1.33742E+00 9.46509E+01 2.40837E+01 1.68757E+00 1.30750E+02
 1.52855E+01 9.61745E-01 1.49054E+01 9.44041E-01 1.85134E+02 2.08142E+01 1.32070E+00 9.94168E+01 2.63918E+01 1.66637E+00 1.37340E+02
 1.66754E+01 9.45183E-01 1.62735E+01 9.27889E-01 1.94313E+02 2.27297E+01 1.29815E+00 1.04346E+02 2.88037E+01 1.63778E+00 1.44150E+02
 5.52196E-01 5.04712E-02 5.29444E-01 4.96216E-02 4.56281E+01 7.35802E-01 6.94509E-02 2.45023E+01 5.52201E-01 5.04717E-02 6.51455E-03
 6.51943E-01 8.44558E-02 6.16993E-01 8.47942E-02 4.87408E+01 8.54262E-01 1.19361E-01 2.61738E+01 6.51951E-01 8.44570E-02 9.28397E-03
 7.73420E-01 1.20687E-01 7.25460E-01 1.21824E-01 5.19631E+01 1.00182E+00 1.71734E-01 2.79042E+01 7.73434E-01 1.20690E-01 1.35215E-02
 9.12841E-01 1.59207E-01 8.50885E-01 1.60528E-01 5.53053E+01 1.17286E+00 2.26227E-01 2.96990E+01 9.12864E-01 1.59212E-01 2.01714E-02
 1.07463E+00 2.00553E-01 9.96838E-01 2.00917E-01 5.87702E+01 1.37206E+00 2.82653E-01 3.15596E+01 1.07467E+00 2.00561E-01 3.08904E-02
 1.26522E+00 2.46074E-01 1.16843E+00 2.43682E-01 6.23636E+01 1.60611E+00 3.41738E-01 3.34893E+01 1.26528E+00 2.46088E-01 4.86763E-02
 1.48964E+00 2.96752E-01 1.36993E+00 2.89137E-01 6.60883E+01 1.88071E+00 4.03663E-01 3.54894E+01 1.48977E+00 2.96778E-01 7.91226E-02
 1.68773E+00 3.39397E-01 1.54736E+00 3.25934E-01 6.90574E+01 2.12232E+00 4.53178E-01 3.70838E+01 1.68794E+00 3.39439E-01 1.17893E-01
 1.74770E+00 3.52976E-01 1.60443E+00 3.37784E-01 6.99542E+01 2.20147E+00 4.69182E-01 3.75654E+01 1.74793E+00 3.53025E-01 1.33027E-01
 2.08313E+00 4.18867E-01 1.92162E+00 3.94507E-01 7.43075E+01 2.64053E+00 5.45450E-01 3.99032E+01 2.08362E+00 4.18968E-01 2.42720E-01
 2.47603E+00 4.87982E-01 2.29491E+00 4.54610E-01 7.88526E+01 3.15797E+00 6.26531E-01 4.23439E+01 2.47714E+00 4.88201E-01 4.63565E-01
 2.92093E+00 5.57674E-01 2.72281E+00 5.18820E-01 8.35983E+01 3.75317E+00 7.14730E-01 4.48923E+01 2.92363E+00 5.58189E-01 9.29061E-01
 3.41805E+00 6.24935E-01 3.21078E+00 5.86030E-01 8.85504E+01 4.43583E+00 8.09217E-01 4.75516E+01 3.42545E+00 6.26286E-01 1.95457E+00
 3.96752E+00 6.86548E-01 3.75270E+00 6.52080E-01 9.37176E+01 5.19497E+00 9.03781E-01 5.03264E+01 3.99108E+00 6.90645E-01 4.29401E+00
 4.56867E+00 7.39120E-01 4.35193E+00 7.10709E-01 9.91048E+01 6.03683E+00 9.88530E-01 5.32193E+01 4.65662E+00 7.53508E-01 9.66057E+00
 5.22328E+00 7.81108E-01 4.99989E+00 7.57799E-01 1.04715E+02 6.94542E+00 1.05669E+00 5.62321E+01 5.57337E+00 8.34327E-01 2.11646E+01
 5.92851E+00 8.12940E-01 5.69720E+00 7.92958E-01 1.10554E+02 7.92290E+00 1.10739E+00 5.93675E+01 7.12192E+00 9.79656E-01 4.11127E+01
 6.68757E+00 8.35969E-01 6.44664E+00 8.17776E-01 1.16625E+02 8.97305E+00 1.14297E+00 6.26277E+01 9.48890E+00 1.19266E+00 6.45931E+01
 7.50186E+00 8.51635E-01 7.24980E+00 8.34310E-01 1.22933E+02 1.00982E+01 1.16655E+00 6.60149E+01 1.19874E+01 1.36966E+00 8.25123E+01
 8.37171E+00 8.60995E-01 8.10700E+00 8.44088E-01 1.29480E+02 1.12987E+01 1.18046E+00 6.95310E+01 1.40894E+01 1.45822E+00 9.33099E+01
 9.29701E+00 8.64771E-01 9.01851E+00 8.48121E-01 1.36271E+02 1.25751E+01 1.18623E+00 7.31775E+01 1.59184E+01 1.48924E+00 1.00356E+02
 1.02769E+01 8.63470E-01 9.98355E+00 8.47058E-01 1.43307E+02 1.39265E+01 1.18482E+00 7.69559E+01 1.76866E+01 1.49375E+00 1.06140E+02
 1.13097E+01 8.57507E-01 1.10007E+01 8.41368E-01 1.50591E+02 1.53507E+01 1.17693E+00 8.08674E+01 1.94966E+01 1.48508E+00 1.11681E+02
 1.23935E+01 8.47273E-01 1.20678E+01 8.31455E-01 1.58125E+02 1.68450E+01 1.16311E+00 8.49129E+01 2.13813E+01 1.46777E+00 1.17298E+02
 1.35263E+01 8.33155E-01 1.31833E+01 8.17711E-01 1.65913E+02 1.84067E+01 1.14393E+00 8.90954E+01 2.33481E+01 1.44347E+00 1.23081E+02
 1.47047E+01 8.15559E-01 1.43433E+01 8.00536E-01 1.73956E+02 2.00310E+01 1.11994E+00 9.34142E+01 2.53931E+01 1.41308E+00 1.29048E+02
 5.30868E-01 5.02994E-02 5.08668E-01 4.96077E-02 4.19362E+01 7.06798E-01 6.94916E-02 2.25197E+01 5.30874E-01 5.02999E-02 5.98745E-03
 6.25718E-01 8.30721E-02 5.91938E-01 8.35147E-02 4.47142E+01 8.19476E-01 1.17601E-01 2.40115E+01 6.25726E-01 8.30733E-02 8.51699E-03
 7.40404E-01 1.17500E-01 6.94390E-01 1.18684E-01 4.75938E+01 9.58878E-01 1.67337E-01 2.55579E+01 7.40417E-01 1.17502E-01 1.23846E-02
 8.71137E-01 1.53645E-01 8.12033E-01 1.54971E-01 5.05833E+01 1.11931E+00 2.18415E-01 2.71633E+01 8.71159E-01 1.53649E-01 1.84492E-02
 1.02203E+00 1.92026E-01 9.48170E-01 1.92406E-01 5.36839E+01 1.30512E+00 2.70693E-01 2.88283E+01 1.02207E+00 1.92033E-01 2.82170E-02
 1.19894E+00 2.33881E-01 1.10742E+00 2.31629E-01 5.68996E+01 1.52232E+00 3.24843E-01 3.05551E+01 1.19900E+00 2.33895E-01 4.44115E-02
 1.40634E+00 2.80120E-01 1.29355E+00 2.72944E-01 6.02321E+01 1.77594E+00 3.81062E-01 3.23446E+01 1.40646E+00 2.80145E-01 7.21114E-02
 1.58875E+00 3.18811E-01 1.45681E+00 3.06171E-01 6.28880E+01 1.99822E+00 4.25703E-01 3.37709E+01 1.58894E+00 3.18851E-01 1.07361E-01
 1.64371E+00 3.31084E-01 1.50904E+00 3.16833E-01 6.36893E+01 2.07062E+00 4.40081E-01 3.42011E+01 1.64392E+00 3.31131E-01 1.21113E-01
 1.95061E+00 3.90394E-01 1.79887E+00 3.67658E-01 6.75782E+01 2.47165E+00 5.08316E-01 3.62895E+01 1.95107E+00 3.90488E-01 2.20739E-01
 2.30835E+00 4.52039E-01 2.13849E+00 4.21068E-01 7.16350E+01 2.94230E+00 5.80280E-01 3.84680E+01 2.30938E+00 4.52242E-01 4.21134E-01
 2.71138E+00 5.13571E-01 2.52604E+00 4.77710E-01 7.58671E+01 3.48136E+00 6.58064E-01 4.07406E+01 2.71389E+00 5.14045E-01 8.43141E-01
 3.15942E+00 5.72288E-01 2.96600E+00 5.36578E-01 8.02789E+01 4.09691E+00 7.40897E-01 4.31098E+01 3.16625E+00 5.73525E-01 1.77200E+00
 3.65191E+00 6.25307E-01 3.45193E+00 5.93830E-01 8.48774E+01 4.77771E+00 8.23014E-01 4.55792E+01 3.67358E+00 6.29038E-01 3.88896E+00
 4.18775E+00 6.69661E-01 3.98631E+00 6.43828E-01 8.96662E+01 5.52855E+00 8.95467E-01 4.81507E+01 4.26830E+00 6.82695E-01 8.74051E+00
 4.76813E+00 7.04119E-01 4.56096E+00 6.83003E-01 9.46476E+01 6.33440E+00 9.52349E-01 5.08257E+01 5.08743E+00 7.52084E-01 1.91297E+01
 5.38999E+00 7.29224E-01 5.17600E+00 7.11186E-01 9.98250E+01 7.19662E+00 9.93151E-01 5.36060E+01 6.47404E+00 8.78741E-01 3.71228E+01
 6.05577E+00 7.46321E-01 5.83348E+00 7.29962E-01 1.05202E+02 8.11797E+00 1.02019E+00 5.64932E+01 8.59019E+00 1.06470E+00 5.82661E+01
 6.76622E+00 7.56803E-01 6.53435E+00 7.41288E-01 1.10780E+02 9.09984E+00 1.03644E+00 5.94888E+01 1.08084E+01 1.21705E+00 7.43553E+01
 7.52113E+00 7.61692E-01 7.27842E+00 7.46616E-01 1.16562E+02 1.01420E+01 1.04410E+00 6.25940E+01 1.26535E+01 1.28993E+00 8.40005E+01
 8.31993E+00 7.61693E-01 8.06543E+00 7.46912E-01 1.22551E+02 1.12441E+01 1.04463E+00 6.58096E+01 1.42406E+01 1.31162E+00 9.02513E+01
 9.16134E+00 7.57312E-01 8.89426E+00 7.42805E-01 1.28746E+02 1.24048E+01 1.03896E+00 6.91365E+01 1.57615E+01 1.30999E+00 9.53553E+01
 1.00436E+01 7.48959E-01 9.76318E+00 7.34753E-01 1.35150E+02 1.36215E+01 1.02775E+00 7.25753E+01 1.73083E+01 1.29699E+00 1.00229E+02
 1.09643E+01 7.37019E-01 1.06700E+01 7.23156E-01 1.41762E+02 1.48913E+01 1.01157E+00 7.61262E+01 1.89099E+01 1.27668E+00 1.05160E+02
 1.19215E+01 7.21862E-01 1.16126E+01 7.08381E-01 1.48587E+02 1.62111E+01 9.90942E-01 7.97912E+01 2.05718E+01 1.25056E+00 1.10228E+02
 1.29117E+01 7.03874E-01 1.25876E+01 6.90812E-01 1.55622E+02 1.75763E+01 9.66398E-01 8.35693E+01 2.22904E+01 1.21948E+00 1.15448E+02
 5.09249E-01 5.04896E-02 4.87601E-01 4.99625E-02 3.85333E+01 6.77385E-01 7.00531E-02 2.06924E+01 5.09254E-01 5.04901E-02 5.50159E-03
 5.99274E-01 8.20493E-02 5.66660E-01 8.26004E-02 4.10121E+01 7.84377E-01 1.16357E-01 2.20235E+01 5.99282E-01 8.20505E-02 7.81184E-03
 7.07256E-01 1.14707E-01 6.63176E-01 1.15941E-01 4.35845E+01 9.15724E-01 1.63498E-01 2.34049E+01 7.07269E-01 1.14709E-01 1.13413E-02
 8.29408E-01 1.48554E-01 7.73141E-01 1.49887E-01 4.62569E+01 1.06571E+00 2.11269E-01 2.48399E+01 8.29429E-01 1.48558E-01 1.68712E-02
 9.69564E-01 1.84100E-01 8.99615E-01 1.84497E-01 4.90292E+01 1.23833E+00 2.59578E-01 2.63287E+01 9.69599E-01 1.84108E-01 2.57704E-02
 1.13300E+00 2.22492E-01 1.04675E+00 2.20373E-01 5.19040E+01 1.43902E+00 3.09066E-01 2.78725E+01 1.13307E+00 2.22505E-01 4.05124E-02
 1.32369E+00 2.64563E-01 1.21784E+00 2.57811E-01 5.48824E+01 1.67213E+00 3.59944E-01 2.94718E+01 1.32381E+00 2.64587E-01 6.57065E-02
 1.49080E+00 2.99564E-01 1.36734E+00 2.87716E-01 5.72553E+01 1.87565E+00 4.00054E-01 3.07461E+01 1.49098E+00 2.99601E-01 9.77446E-02
 1.54089E+00 3.10627E-01 1.41485E+00 2.97281E-01 5.79703E+01 1.94147E+00 4.12933E-01 3.11301E+01 1.54110E+00 3.10670E-01 1.10238E-01
 1.82018E+00 3.63881E-01 1.67817E+00 3.42694E-01 6.14396E+01 2.30565E+00 4.73803E-01 3.29930E+01 1.82061E+00 3.63969E-01 2.00688E-01
 2.14419E+00 4.18743E-01 1.98540E+00 3.90028E-01 6.50553E+01 2.73126E+00 5.37493E-01 3.49347E+01 2.14515E+00 4.18931E-01 3.82452E-01
 2.50730E+00 4.72945E-01 2.33435E+00 4.39856E-01 6.88236E+01 3.21653E+00 6.05892E-01 3.69582E+01 2.50962E+00 4.73382E-01 7.64863E-01
 2.90884E+00 5.24053E-01 2.72868E+00 4.91249E-01 7.27477E+01 3.76826E+00 6.78266E-01 3.90655E+01 2.91513E+00 5.25185E-01 1.60576E+00
 3.34783E+00 5.69523E-01 3.16197E+00 5.40735E-01 7.68331E+01 4.37536E+00 7.49380E-01 4.12594E+01 3.36768E+00 5.72920E-01 3.52038E+00
 3.82278E+00 6.06767E-01 3.63591E+00 5.83239E-01 8.10823E+01 5.04138E+00 8.11149E-01 4.35412E+01 3.89624E+00 6.18574E-01 7.90377E+00
 4.33438E+00 6.34808E-01 4.14264E+00 6.15651E-01 8.54968E+01 5.75206E+00 8.58390E-01 4.59118E+01 4.62434E+00 6.78042E-01 1.72802E+01
 4.87951E+00 6.54277E-01 4.68194E+00 6.37973E-01 9.00789E+01 6.50817E+00 8.90865E-01 4.83723E+01 5.85988E+00 7.88396E-01 3.34984E+01
 5.45997E+00 6.66499E-01 5.25530E+00 6.51770E-01 9.48305E+01 7.31169E+00 9.10865E-01 5.09240E+01 7.74272E+00 9.50761E-01 5.25221E+01
 6.07606E+00 6.72812E-01 5.86321E+00 6.58902E-01 9.97534E+01 8.16337E+00 9.21205E-01 5.35676E+01 9.70232E+00 1.08189E+00 6.69543E+01
 6.72720E+00 6.74199E-01 6.50512E+00 6.60740E-01 1.04849E+02 9.06246E+00 9.23961E-01 5.63037E+01 1.13134E+01 1.14165E+00 7.55590E+01
 7.41253E+00 6.71340E-01 7.18045E+00 6.58201E-01 1.10117E+02 1.00083E+01 9.20513E-01 5.91328E+01 1.26825E+01 1.15593E+00 8.10947E+01
 8.13054E+00 6.64729E-01 7.88785E+00 6.51888E-01 1.15559E+02 1.09989E+01 9.11749E-01 6.20550E+01 1.39828E+01 1.14974E+00 8.55882E+01
 8.87934E+00 6.54766E-01 8.62548E+00 6.42243E-01 1.21174E+02 1.20319E+01 8.98308E-01 6.50704E+01 1.52964E+01 1.13377E+00 8.98644E+01
 9.65662E+00 6.41819E-01 9.39110E+00 6.29647E-01 1.26963E+02 1.31040E+01 8.80730E-01 6.81789E+01 1.66486E+01 1.11168E+00 9.41818E+01
 1.04602E+01 6.26236E-01 1.01825E+01 6.14445E-01 1.32927E+02 1.42122E+01 8.59500E-01 7.13816E+01 1.80440E+01 1.08480E+00 9.86103E+01
 1.12868E+01 6.08375E-01 1.09966E+01 5.96995E-01 1.39063E+02 1.53522E+01 8.35120E-01 7.46770E+01 1.94788E+01 1.05394E+00 1.03163E+02
 4.91390E-01 5.10318E-02 4.70152E-01 5.06783E-02 3.52976E+01 6.53006E-01 7.11258E-02 1.89548E+01 4.91395E-01 5.10323E-02 5.03962E-03
 5.76889E-01 8.13429E-02 5.45245E-01 8.20076E-02 3.75024E+01 7.54634E-01 1.15567E-01 2.01388E+01 5.76896E-01 8.13440E-02 7.14332E-03
 6.78875E-01 1.12220E-01 6.36425E-01 1.13506E-01 3.97927E+01 8.78730E-01 1.60094E-01 2.13687E+01 6.78887E-01 1.12223E-01 1.03546E-02
 7.93555E-01 1.43797E-01 7.39665E-01 1.45135E-01 4.21733E+01 1.01954E+00 2.04588E-01 2.26470E+01 7.93575E-01 1.43801E-01 1.53818E-02
 9.24507E-01 1.76581E-01 8.57808E-01 1.76987E-01 4.46433E+01 1.18079E+00 2.49022E-01 2.39735E+01 9.24540E-01 1.76588E-01 2.34651E-02
 1.07653E+00 2.11635E-01 9.94612E-01 2.09634E-01 4.72043E+01 1.36736E+00 2.94011E-01 2.53487E+01 1.07659E+00 2.11647E-01 3.68441E-02
 1.25314E+00 2.49735E-01 1.15297E+00 2.43375E-01 4.98564E+01 1.58308E+00 3.39795E-01 2.67729E+01 1.25325E+00 2.49757E-01 5.96893E-02
 1.40738E+00 2.81242E-01 1.29086E+00 2.70136E-01 5.19688E+01 1.77074E+00 3.75617E-01 2.79072E+01 1.40755E+00 2.81277E-01 8.87195E-02
 1.45340E+00 2.91164E-01 1.33445E+00 2.78668E-01 5.26043E+01 1.83111E+00 3.87085E-01 2.82485E+01 1.45360E+00 2.91204E-01 1.00034E-01
 1.70973E+00 3.38721E-01 1.57588E+00 3.19002E-01 5.56872E+01 2.16491E+00 4.41048E-01 2.99040E+01 1.71013E+00 3.38803E-01 1.81898E-01
 2.00589E+00 3.87248E-01 1.85653E+00 3.60679E-01 5.88972E+01 2.55364E+00 4.97043E-01 3.16278E+01 2.00678E+00 3.87422E-01 3.46249E-01
 2.33636E+00 4.34671E-01 2.17403E+00 4.04215E-01 6.22391E+01 2.99514E+00 5.56780E-01 3.34224E+01 2.33852E+00 4.35073E-01 6.91688E-01
 2.70019E+00 4.78814E-01 2.53135E+00 4.48761E-01 6.57155E+01 3.49510E+00 6.19571E-01 3.52892E+01 2.70603E+00 4.79848E-01 1.45054E+00
 3.09620E+00 5.17429E-01 2.92225E+00 4.91163E-01 6.93302E+01 4.04282E+00 6.80635E-01 3.72303E+01 3.11454E+00 5.20515E-01 3.17661E+00
 3.52282E+00 5.48291E-01 3.34808E+00 5.26904E-01 7.30850E+01 4.64129E+00 7.32750E-01 3.92466E+01 3.59045E+00 5.58957E-01 7.12421E+00
 3.98048E+00 5.70656E-01 3.80148E+00 5.53306E-01 7.69805E+01 5.27720E+00 7.71413E-01 4.13385E+01 4.24651E+00 6.09509E-01 1.55589E+01
 4.46612E+00 5.85213E-01 4.28202E+00 5.70504E-01 8.10182E+01 5.95096E+00 7.96602E-01 4.35068E+01 5.36257E+00 7.05141E-01 3.01289E+01
 4.98118E+00 5.93255E-01 4.79087E+00 5.80023E-01 8.51990E+01 6.66411E+00 8.10549E-01 4.57519E+01 7.06179E+00 8.46212E-01 4.71876E+01
 5.52574E+00 5.96062E-01 5.32829E+00 5.83620E-01 8.95236E+01 7.41707E+00 8.15907E-01 4.80742E+01 8.82053E+00 9.58383E-01 6.00881E+01
 6.09909E+00 5.94568E-01 5.89359E+00 5.82583E-01 9.39923E+01 8.20889E+00 8.14624E-01 5.04739E+01 1.02534E+01 1.00671E+00 6.77354E+01
 6.70028E+00 5.89427E-01 6.48610E+00 5.77779E-01 9.86049E+01 9.03873E+00 8.07997E-01 5.29509E+01 1.14598E+01 1.01479E+00 7.26168E+01
 7.32782E+00 5.81113E-01 7.10445E+00 5.69779E-01 1.03361E+02 9.90472E+00 7.96868E-01 5.55049E+01 1.25979E+01 1.00502E+00 7.65542E+01
 7.97988E+00 5.70011E-01 7.74689E+00 5.59005E-01 1.08260E+02 1.08044E+01 7.81843E-01 5.81357E+01 1.37423E+01 9.86917E-01 8.02873E+01
 8.65431E+00 5.56468E-01 8.41130E+00 5.45815E-01 1.13301E+02 1.17348E+01 7.63430E-01 6.08425E+01 1.49158E+01 9.63749E-01 8.40474E+01
 9.34903E+00 5.40805E-01 9.09563E+00 5.30528E-01 1.18484E+02 1.26931E+01 7.42078E-01 6.36259E+01 1.61223E+01 9.36726E-01 8.78962E+01
 1.00612E+01 5.23353E-01 9.79708E+00 5.13474E-01 1.23807E+02 1.36754E+01 7.18249E-01 6.64842E+01 1.73585E+01 9.06564E-01 9.18454E+01
 4.74189E-01 5.18918E-02 4.53334E-01 5.17243E-02 3.23028E+01 6.29505E-01 7.26673E-02 1.73466E+01 4.74194E-01 5.18924E-02 4.61204E-03
 5.55256E-01 8.08927E-02 5.24539E-01 8.16787E-02 3.42666E+01 7.25872E-01 1.15150E-01 1.84012E+01 5.55263E-01 8.08938E-02 6.52698E-03
 6.51409E-01 1.09963E-01 6.10525E-01 1.11304E-01 3.63084E+01 8.42907E-01 1.57020E-01 1.94976E+01 6.51421E-01 1.09965E-01 9.44797E-03
 7.58833E-01 1.39284E-01 7.07237E-01 1.40628E-01 3.84320E+01 9.74817E-01 1.98254E-01 2.06380E+01 7.58852E-01 1.39287E-01 1.40172E-02
 8.80849E-01 1.69367E-01 8.17297E-01 1.69782E-01 4.06359E+01 1.12502E+00 2.38894E-01 2.18215E+01 8.80881E-01 1.69374E-01 2.13588E-02
 1.02179E+00 2.01204E-01 9.44084E-01 1.99314E-01 4.29204E+01 1.29791E+00 2.79542E-01 2.30483E+01 1.02185E+00 2.01215E-01 3.35004E-02
 1.18475E+00 2.35514E-01 1.09012E+00 2.29527E-01 4.52855E+01 1.49682E+00 3.20464E-01 2.43183E+01 1.18485E+00 2.35535E-01 5.42169E-02
 1.32652E+00 2.63712E-01 1.21677E+00 2.53313E-01 4.71685E+01 1.66914E+00 3.52231E-01 2.53295E+01 1.32668E+00 2.63745E-01 8.05248E-02
 1.36863E+00 2.72559E-01 1.25659E+00 2.60873E-01 4.77342E+01 1.72426E+00 3.62371E-01 2.56333E+01 1.36881E+00 2.72597E-01 9.07726E-02
 1.60276E+00 3.14776E-01 1.47683E+00 2.96448E-01 5.04770E+01 2.02865E+00 4.09864E-01 2.71062E+01 1.60314E+00 3.14852E-01 1.64879E-01
 1.87200E+00 3.57415E-01 1.73177E+00 3.32870E-01 5.33302E+01 2.38168E+00 4.58711E-01 2.86383E+01 1.87283E+00 3.57575E-01 3.13522E-01
 2.17090E+00 3.98580E-01 2.01884E+00 3.70602E-01 5.62975E+01 2.78084E+00 5.10459E-01 3.02318E+01 2.17290E+00 3.98948E-01 6.25657E-01
 2.49827E+00 4.36337E-01 2.34040E+00 4.08869E-01 5.93806E+01 3.23079E+00 5.64461E-01 3.18874E+01 2.50366E+00 4.37280E-01 1.31071E+00
 2.85272E+00 4.68730E-01 2.69041E+00 4.44833E-01 6.25824E+01 3.72125E+00 6.16391E-01 3.36067E+01 2.86961E+00 4.71524E-01 2.86744E+00
 3.23258E+00 4.93857E-01 3.06975E+00 4.74481E-01 6.59036E+01 4.25445E+00 6.59802E-01 3.53902E+01 3.29459E+00 5.03461E-01 6.42417E+00
 3.63801E+00 5.11179E-01 3.47152E+00 4.95522E-01 6.93442E+01 4.81800E+00 6.90805E-01 3.72379E+01 3.88091E+00 5.45973E-01 1.40155E+01
 4.06602E+00 5.21437E-01 3.89516E+00 5.08215E-01 7.29049E+01 5.41202E+00 7.09581E-01 3.91500E+01 4.88132E+00 6.28266E-01 2.71118E+01
 4.51771E+00 5.25885E-01 4.34150E+00 5.14039E-01 7.65859E+01 6.03761E+00 7.18295E-01 4.11266E+01 6.40276E+00 7.50053E-01 4.24173E+01
 4.99290E+00 5.25735E-01 4.81057E+00 5.14647E-01 8.03870E+01 6.69485E+00 7.19437E-01 4.31678E+01 7.96693E+00 8.45219E-01 5.39556E+01
 5.49077E+00 5.21873E-01 5.30156E+00 5.11242E-01 8.43077E+01 7.38261E+00 7.14824E-01 4.52732E+01 9.22695E+00 8.83523E-01 6.07562E+01
 6.01028E+00 5.14918E-01 5.81366E+00 5.04633E-01 8.83473E+01 8.09988E+00 7.05664E-01 4.74425E+01 1.02755E+01 8.86410E-01 6.50626E+01
 6.54992E+00 5.05320E-01 6.34551E+00 4.95358E-01 9.25046E+01 8.84476E+00 6.92745E-01 4.96749E+01 1.12561E+01 8.73836E-01 6.85133E+01
 7.10792E+00 4.93442E-01 6.89538E+00 4.83813E-01 9.67782E+01 9.61486E+00 6.76637E-01 5.19699E+01 1.22360E+01 8.54250E-01 7.17721E+01
 7.68226E+00 4.79609E-01 7.46130E+00 4.70331E-01 1.01166E+02 1.04074E+01 6.57813E-01 5.43264E+01 1.32356E+01 8.30546E-01 7.50460E+01
 8.27094E+00 4.64115E-01 8.04131E+00 4.55203E-01 1.05669E+02 1.12197E+01 6.36681E-01 5.67443E+01 1.42580E+01 8.03804E-01 7.83896E+01
 8.87141E+00 4.47260E-01 8.63291E+00 4.38729E-01 1.10283E+02 1.20482E+01 6.13661E-01 5.92220E+01 1.53006E+01 7.74671E-01 8.18129E+01
 4.58063E-01 5.31365E-02 4.37549E-01 5.31699E-02 2.94764E+01 6.07438E-01 7.47766E-02 1.58288E+01 4.58067E-01 5.31370E-02 4.20850E-03
 5.34893E-01 8.07236E-02 5.05038E-01 8.16409E-02 3.12213E+01 6.98779E-01 1.15147E-01 1.67659E+01 5.34900E-01 8.07247E-02 5.94693E-03
 6.25399E-01 1.07925E-01 5.85986E-01 1.09329E-01 3.30375E+01 8.08961E-01 1.54266E-01 1.77412E+01 6.25410E-01 1.07927E-01 8.59683E-03
 7.25775E-01 1.34973E-01 6.76349E-01 1.36329E-01 3.49278E+01 9.32211E-01 1.92212E-01 1.87562E+01 7.25793E-01 1.34977E-01 1.27391E-02
 8.39130E-01 1.62388E-01 7.78563E-01 1.62813E-01 3.68900E+01 1.07169E+00 2.29098E-01 1.98099E+01 8.39160E-01 1.62394E-01 1.93899E-02
 9.69383E-01 1.91093E-01 8.95674E-01 1.89311E-01 3.89237E+01 1.23136E+00 2.65517E-01 2.09021E+01 9.69436E-01 1.91105E-01 3.03809E-02
 1.11923E+00 2.21760E-01 1.02987E+00 2.16130E-01 4.10283E+01 1.41409E+00 3.01763E-01 2.20322E+01 1.11933E+00 2.21780E-01 4.91202E-02
 1.24908E+00 2.46801E-01 1.14576E+00 2.37078E-01 4.27034E+01 1.57174E+00 3.29660E-01 2.29317E+01 1.24923E+00 2.46832E-01 7.29020E-02
 1.28745E+00 2.54629E-01 1.18198E+00 2.43717E-01 4.32056E+01 1.62185E+00 3.38541E-01 2.32014E+01 1.28762E+00 2.54664E-01 8.21610E-02
 1.50050E+00 2.91797E-01 1.38212E+00 2.74799E-01 4.56399E+01 1.89836E+00 3.79929E-01 2.45086E+01 1.50085E+00 2.91868E-01 1.49079E-01
 1.74432E+00 3.28915E-01 1.61282E+00 3.06303E-01 4.81696E+01 2.21776E+00 4.22091E-01 2.58671E+01 1.74510E+00 3.29063E-01 2.83183E-01
 2.01360E+00 3.64271E-01 1.87139E+00 3.38654E-01 5.07974E+01 2.57726E+00 4.66434E-01 2.72782E+01 2.01546E+00 3.64608E-01 5.64531E-01
 2.30697E+00 3.96162E-01 2.15961E+00 3.71146E-01 5.35241E+01 2.98057E+00 5.12352E-01 2.87424E+01 2.31194E+00 3.97017E-01 1.18144E+00
 2.62289E+00 4.22897E-01 2.47166E+00 4.01237E-01 5.63516E+01 3.41788E+00 5.55942E-01 3.02608E+01 2.63840E+00 4.25418E-01 2.58195E+00
 2.95963E+00 4.42879E-01 2.80810E+00 4.25390E-01 5.92800E+01 3.89084E+00 5.91494E-01 3.18334E+01 3.01634E+00 4.51489E-01 5.77852E+00
 3.31716E+00 4.55750E-01 3.16252E+00 4.41674E-01 6.23088E+01 4.38802E+00 6.15690E-01 3.34598E+01 3.53839E+00 4.86761E-01 1.25936E+01
 3.69258E+00 4.62285E-01 3.53422E+00 4.50446E-01 6.54376E+01 4.90927E+00 6.28877E-01 3.51400E+01 4.43216E+00 5.56965E-01 2.43348E+01
 4.08670E+00 4.63691E-01 3.92380E+00 4.53131E-01 6.86662E+01 5.45532E+00 6.33139E-01 3.68737E+01 5.78999E+00 6.61285E-01 3.80309E+01
 4.49918E+00 4.61110E-01 4.33106E+00 4.51271E-01 7.19936E+01 6.02601E+00 6.30798E-01 3.86606E+01 7.17615E+00 7.41233E-01 4.83219E+01
 4.92911E+00 4.55371E-01 4.75515E+00 4.45983E-01 7.54188E+01 6.62010E+00 6.23535E-01 4.04999E+01 8.27945E+00 7.70838E-01 5.43504E+01
 5.37538E+00 4.47055E-01 5.19517E+00 4.38018E-01 7.89404E+01 7.23645E+00 6.12468E-01 4.23910E+01 9.18600E+00 7.69487E-01 5.81350E+01
 5.83653E+00 4.36584E-01 5.64976E+00 4.27873E-01 8.25567E+01 7.87317E+00 5.98328E-01 4.43329E+01 1.00258E+01 7.54876E-01 6.11454E+01
 6.31086E+00 4.24296E-01 6.11729E+00 4.15915E-01 8.62659E+01 8.52800E+00 5.81640E-01 4.63248E+01 1.08593E+01 7.34449E-01 6.39760E+01
 6.79649E+00 4.10489E-01 6.59593E+00 4.02451E-01 9.00658E+01 9.19835E+00 5.62837E-01 4.83653E+01 1.17047E+01 7.10758E-01 6.68115E+01
 7.29154E+00 3.95426E-01 7.08381E+00 3.87741E-01 9.39554E+01 9.88164E+00 5.42288E-01 5.04540E+01 1.25647E+01 6.84755E-01 6.96999E+01
 7.79376E+00 3.79377E-01 7.57872E+00 3.72053E-01 9.79312E+01 1.05748E+01 5.20366E-01 5.25890E+01 1.34367E+01 6.57013E-01 7.26498E+01
 4.42839E-01 5.47196E-02 4.22638E-01 5.49636E-02 2.69103E+01 5.86591E-01 7.73789E-02 1.44508E+01 4.42843E-01 5.47201E-02 3.84212E-03
 5.15299E-01 8.08427E-02 4.86310E-01 8.18986E-02 2.84657E+01 6.72775E-01 1.15562E-01 1.52861E+01 5.15305E-01 8.08439E-02 5.42203E-03
 6.00141E-01 1.06183E-01 5.62211E-01 1.07656E-01 3.00867E+01 7.76095E-01 1.51940E-01 1.61565E+01 6.00151E-01 1.06185E-01 7.82897E-03
 6.93610E-01 1.31023E-01 6.46359E-01 1.32396E-01 3.17751E+01 8.90869E-01 1.86688E-01 1.70632E+01 6.93628E-01 1.31027E-01 1.15893E-02
 7.98616E-01 1.55894E-01 7.41010E-01 1.56332E-01 3.35283E+01 1.02002E+00 2.19990E-01 1.80047E+01 7.98645E-01 1.55900E-01 1.76229E-02
 9.18698E-01 1.81662E-01 8.48913E-01 1.79981E-01 3.53451E+01 1.16710E+00 2.52436E-01 1.89803E+01 9.18748E-01 1.81673E-01 2.75877E-02
 1.05619E+00 2.08954E-01 9.71930E-01 2.03655E-01 3.72243E+01 1.33457E+00 2.84347E-01 1.99894E+01 1.05628E+00 2.08973E-01 4.45658E-02
 1.17486E+00 2.31096E-01 1.07775E+00 2.21996E-01 3.87191E+01 1.47847E+00 3.08690E-01 2.07922E+01 1.17500E+00 2.31124E-01 6.61001E-02
 1.20974E+00 2.37992E-01 1.11061E+00 2.27794E-01 3.91663E+01 1.52391E+00 3.16424E-01 2.10323E+01 1.20990E+00 2.38026E-01 7.44798E-02
 1.40313E+00 2.70573E-01 1.29200E+00 2.54798E-01 4.13331E+01 1.77440E+00 3.52272E-01 2.21959E+01 1.40346E+00 2.70638E-01 1.35011E-01
 1.62334E+00 3.02717E-01 1.50017E+00 2.81880E-01 4.35819E+01 2.06253E+00 3.88424E-01 2.34035E+01 1.62406E+00 3.02853E-01 2.56213E-01
 1.86522E+00 3.32889E-01 1.73237E+00 3.09431E-01 4.59148E+01 2.38534E+00 4.26166E-01 2.46562E+01 1.86694E+00 3.33197E-01 5.10269E-01
 2.12723E+00 3.59599E-01 1.98985E+00 3.36821E-01 4.83318E+01 2.74567E+00 4.64939E-01 2.59542E+01 2.13182E+00 3.60375E-01 1.06683E+00
 2.40776E+00 3.81396E-01 2.26703E+00 3.61771E-01 5.08340E+01 3.13415E+00 5.01223E-01 2.72978E+01 2.42198E+00 3.83669E-01 2.32914E+00
 2.70500E+00 3.96950E-01 2.56418E+00 3.81173E-01 5.34206E+01 3.55194E+00 5.29969E-01 2.86869E+01 2.75677E+00 4.04665E-01 5.20736E+00
 3.01878E+00 4.06060E-01 2.87535E+00 3.93410E-01 5.60908E+01 3.98849E+00 5.48368E-01 3.01208E+01 3.21988E+00 4.33680E-01 1.13368E+01
 3.34632E+00 4.09520E-01 3.19976E+00 3.98922E-01 5.88437E+01 4.44347E+00 5.56899E-01 3.15991E+01 4.01576E+00 4.93364E-01 2.18827E+01
 3.68818E+00 4.08484E-01 3.53779E+00 3.99071E-01 6.16783E+01 4.91731E+00 5.57560E-01 3.31212E+01 5.22353E+00 5.82492E-01 3.41606E+01
 4.04391E+00 4.04021E-01 3.88912E+00 3.95291E-01 6.45933E+01 5.40966E+00 5.52505E-01 3.46866E+01 6.44711E+00 6.49377E-01 4.33549E+01
 4.41252E+00 3.96903E-01 4.25282E+00 3.88614E-01 6.75871E+01 5.91920E+00 5.43284E-01 3.62943E+01 7.40820E+00 6.71770E-01 4.87065E+01
 4.79291E+00 3.87669E-01 4.62799E+00 3.79728E-01 7.06579E+01 6.44475E+00 5.30923E-01 3.79433E+01 8.18670E+00 6.67173E-01 5.20354E+01
 5.18367E+00 3.76710E-01 5.01331E+00 3.69092E-01 7.38037E+01 6.98448E+00 5.16091E-01 3.96326E+01 8.90016E+00 6.51255E-01 5.46626E+01
 5.58322E+00 3.64334E-01 5.40723E+00 3.57041E-01 7.70223E+01 7.53625E+00 4.99269E-01 4.13610E+01 9.60280E+00 6.30566E-01 5.71209E+01
 5.98982E+00 3.50814E-01 5.80809E+00 3.43851E-01 8.03113E+01 8.09772E+00 4.80848E-01 4.31271E+01 1.03108E+01 6.07344E-01 5.95755E+01
 6.40174E+00 3.36381E-01 6.21416E+00 3.29754E-01 8.36689E+01 8.66648E+00 4.61154E-01 4.49302E+01 1.10265E+01 5.82423E-01 6.20689E+01
 6.81702E+00 3.21272E-01 6.62352E+00 3.14985E-01 8.70918E+01 9.23984E+00 4.40516E-01 4.67683E+01 1.17477E+01 5.56306E-01 6.46086E+01
 4.28653E-01 5.66603E-02 4.08742E-01 5.71282E-02 2.45326E+01 5.67162E-01 8.05080E-02 1.31740E+01 4.28657E-01 5.66609E-02 3.50265E-03
 4.96632E-01 8.12530E-02 4.68506E-01 8.24569E-02 2.59227E+01 6.48068E-01 1.16404E-01 1.39205E+01 4.96639E-01 8.12542E-02 4.93766E-03
 5.75844E-01 1.04710E-01 5.39385E-01 1.06259E-01 2.73733E+01 7.44559E-01 1.50004E-01 1.46995E+01 5.75855E-01 1.04712E-01 7.12293E-03
 6.62609E-01 1.27366E-01 6.17497E-01 1.28762E-01 2.88853E+01 8.51100E-01 1.81587E-01 1.55114E+01 6.62625E-01 1.27370E-01 1.05353E-02
 7.59627E-01 1.49765E-01 7.04909E-01 1.50220E-01 3.04554E+01 9.70354E-01 2.11403E-01 1.63545E+01 7.59655E-01 1.49771E-01 1.60078E-02
 8.70080E-01 1.72721E-01 8.04093E-01 1.71140E-01 3.20816E+01 1.10553E+00 2.40043E-01 1.72278E+01 8.70127E-01 1.72731E-01 2.50405E-02
 9.95955E-01 1.96824E-01 9.16609E-01 1.91842E-01 3.37622E+01 1.25865E+00 2.67858E-01 1.81303E+01 9.96038E-01 1.96841E-01 4.04210E-02
 1.10417E+00 2.16251E-01 1.01299E+00 2.07745E-01 3.50981E+01 1.38968E+00 2.88877E-01 1.88477E+01 1.10430E+00 2.16278E-01 5.99184E-02
 1.13581E+00 2.22282E-01 1.04273E+00 2.12761E-01 3.54967E+01 1.43077E+00 2.95544E-01 1.90617E+01 1.13596E+00 2.22313E-01 6.75015E-02
 1.31092E+00 2.50619E-01 1.20670E+00 2.35997E-01 3.74267E+01 1.65707E+00 3.26273E-01 2.00982E+01 1.31123E+00 2.50680E-01 1.22252E-01
 1.50928E+00 2.78214E-01 1.39401E+00 2.59036E-01 3.94267E+01 1.91626E+00 3.56934E-01 2.11721E+01 1.50995E+00 2.78339E-01 2.31785E-01
 1.72590E+00 3.03690E-01 1.60188E+00 2.82239E-01 4.14978E+01 2.20521E+00 3.88696E-01 2.22843E+01 1.72749E+00 3.03970E-01 4.61181E-01
 1.95915E+00 3.25760E-01 1.83116E+00 3.05051E-01 4.36395E+01 2.52610E+00 4.21055E-01 2.34344E+01 1.96337E+00 3.26463E-01 9.63255E-01
 2.20734E+00 3.43195E-01 2.07649E+00 3.25444E-01 4.58520E+01 2.86998E+00 4.50857E-01 2.46225E+01 2.22037E+00 3.45239E-01 2.10087E+00
 2.46867E+00 3.54901E-01 2.33790E+00 3.40693E-01 4.81343E+01 3.23758E+00 4.73648E-01 2.58481E+01 2.51587E+00 3.61796E-01 4.69205E+00
 2.74284E+00 3.60809E-01 2.60990E+00 3.49462E-01 5.04849E+01 3.61923E+00 4.87067E-01 2.71104E+01 2.92533E+00 3.85342E-01 1.02038E+01
 3.02724E+00 3.61721E-01 2.89169E+00 3.52251E-01 5.29026E+01 4.01447E+00 4.91704E-01 2.84087E+01 3.63207E+00 4.35750E-01 1.96733E+01
 3.32223E+00 3.58732E-01 3.18347E+00 3.50356E-01 5.53859E+01 4.42353E+00 4.89456E-01 2.97423E+01 4.70344E+00 5.11486E-01 3.06756E+01
 3.62727E+00 3.52835E-01 3.48485E+00 3.45103E-01 5.79333E+01 4.84591E+00 4.82315E-01 3.11102E+01 5.78009E+00 5.67023E-01 3.88847E+01
 3.94140E+00 3.44743E-01 3.79489E+00 3.37438E-01 6.05427E+01 5.28031E+00 4.71700E-01 3.25114E+01 6.61380E+00 5.83394E-01 4.36300E+01
 4.26353E+00 3.34952E-01 4.11269E+00 3.27988E-01 6.32121E+01 5.72554E+00 4.58542E-01 3.39449E+01 7.27864E+00 5.76352E-01 4.65520E+01
 4.59233E+00 3.23816E-01 4.43702E+00 3.17170E-01 6.59392E+01 6.17988E+00 4.43451E-01 3.54093E+01 7.88076E+00 5.59721E-01 4.88377E+01
 4.92637E+00 3.11616E-01 4.76647E+00 3.05283E-01 6.87216E+01 6.64138E+00 4.26857E-01 3.69035E+01 8.46873E+00 5.39236E-01 5.09650E+01
 5.26409E+00 2.98593E-01 5.09953E+00 2.92576E-01 7.15568E+01 7.10793E+00 4.09108E-01 3.84260E+01 9.05701E+00 5.16851E-01 5.30814E+01
 5.60392E+00 2.84948E-01 5.43465E+00 2.79248E-01 7.44428E+01 7.57736E+00 3.90489E-01 3.99758E+01 9.64757E+00 4.93290E-01 5.52246E+01
 5.94418E+00 2.70888E-01 5.77019E+00 2.65505E-01 7.73761E+01 8.04737E+00 3.71285E-01 4.15510E+01 1.02386E+01 4.68985E-01 5.74011E+01
 4.15170E-01 5.89524E-02 3.95536E-01 5.96563E-02 2.23391E+01 5.48697E-01 8.41526E-02 1.19961E+01 4.15174E-01 5.89531E-02 3.18948E-03
 4.78618E-01 8.19457E-02 4.51350E-01 8.33053E-02 2.35878E+01 6.24272E-01 1.17656E-01 1.26667E+01 4.78624E-01 8.19469E-02 4.49292E-03
 5.52284E-01 1.03494E-01 5.17275E-01 1.05124E-01 2.48917E+01 7.14023E-01 1.48440E-01 1.33668E+01 5.52294E-01 1.03496E-01 6.47717E-03
 6.32573E-01 1.23985E-01 5.89555E-01 1.25408E-01 2.62506E+01 8.12607E-01 1.76882E-01 1.40966E+01 6.32589E-01 1.23989E-01 9.57433E-03
 7.21976E-01 1.43981E-01 6.70057E-01 1.44456E-01 2.76608E+01 9.22413E-01 2.03305E-01 1.48538E+01 7.22002E-01 1.43986E-01 1.45389E-02
 8.23323E-01 1.64249E-01 7.60992E-01 1.62765E-01 2.91197E+01 1.04631E+00 2.28304E-01 1.56373E+01 8.23368E-01 1.64258E-01 2.27286E-02
 9.38272E-01 1.85344E-01 8.63625E-01 1.80664E-01 3.06252E+01 1.18594E+00 2.52256E-01 1.64458E+01 9.38350E-01 1.85360E-01 3.66653E-02
 1.03669E+00 2.02235E-01 9.51174E-01 1.94291E-01 3.18202E+01 1.30490E+00 2.70173E-01 1.70875E+01 1.03682E+00 2.02261E-01 5.43226E-02
 1.06530E+00 2.07465E-01 9.77991E-01 1.98584E-01 3.21758E+01 1.34193E+00 2.75853E-01 1.72784E+01 1.06544E+00 2.07494E-01 6.11863E-02
 1.22337E+00 2.31888E-01 1.12570E+00 2.18347E-01 3.38955E+01 1.54568E+00 3.01868E-01 1.82019E+01 1.22366E+00 2.31944E-01 1.10717E-01
 1.40147E+00 2.55337E-01 1.29368E+00 2.37711E-01 3.56737E+01 1.77804E+00 3.27540E-01 1.91568E+01 1.40209E+00 2.55451E-01 2.09721E-01
 1.59478E+00 2.76588E-01 1.47909E+00 2.57006E-01 3.75111E+01 2.03573E+00 3.53927E-01 2.01434E+01 1.59625E+00 2.76843E-01 4.16875E-01
 1.80160E+00 2.94535E-01 1.68244E+00 2.75740E-01 3.94066E+01 2.32034E+00 3.80568E-01 2.11613E+01 1.80548E+00 2.95170E-01 8.69821E-01
 2.02024E+00 3.08152E-01 1.89864E+00 2.92122E-01 4.13598E+01 2.62342E+00 4.04657E-01 2.22102E+01 2.03215E+00 3.09986E-01 1.89505E+00
 2.24892E+00 3.16554E-01 2.12754E+00 3.03780E-01 4.33693E+01 2.94538E+00 4.22288E-01 2.32893E+01 2.29186E+00 3.22702E-01 4.22757E+00
 2.48727E+00 3.19782E-01 2.36412E+00 3.09619E-01 4.54335E+01 3.27736E+00 4.31493E-01 2.43978E+01 2.65253E+00 3.41517E-01 9.18281E+00
 2.73284E+00 3.18632E-01 2.60755E+00 3.10182E-01 4.75507E+01 3.61884E+00 4.32938E-01 2.55348E+01 3.27808E+00 3.83814E-01 1.76831E+01
 2.98586E+00 3.14134E-01 2.85792E+00 3.06692E-01 4.97194E+01 3.96988E+00 4.28414E-01 2.66993E+01 4.22546E+00 4.47838E-01 2.75372E+01
 3.24578E+00 3.07205E-01 3.11481E+00 3.00367E-01 5.19374E+01 4.32995E+00 4.19752E-01 2.78904E+01 5.16942E+00 4.93611E-01 3.48603E+01
 3.51163E+00 2.98498E-01 3.37730E+00 2.92069E-01 5.42029E+01 4.69777E+00 4.08239E-01 2.91070E+01 5.88926E+00 5.05043E-01 3.90613E+01
 3.78242E+00 2.88461E-01 3.64456E+00 2.82363E-01 5.65136E+01 5.07221E+00 3.94717E-01 3.03478E+01 6.45355E+00 4.96262E-01 4.16190E+01
 4.05693E+00 2.77413E-01 3.91543E+00 2.71622E-01 5.88671E+01 5.45172E+00 3.79731E-01 3.16116E+01 6.95795E+00 4.79422E-01 4.35997E+01
 4.33387E+00 2.65604E-01 4.18867E+00 2.60114E-01 6.12609E+01 5.83452E+00 3.63663E-01 3.28971E+01 7.44593E+00 4.59527E-01 4.54320E+01
 4.61188E+00 2.53244E-01 4.46296E+00 2.48052E-01 6.36925E+01 6.21878E+00 3.46816E-01 3.42029E+01 7.93040E+00 4.38271E-01 4.72475E+01
 4.88956E+00 2.40505E-01 4.73691E+00 2.35610E-01 6.61596E+01 6.60257E+00 3.29434E-01 3.55277E+01 8.41310E+00 4.16273E-01 4.90798E+01
 5.16553E+00 2.27562E-01 5.00917E+00 2.22960E-01 6.86591E+01 6.98399E+00 3.11758E-01 3.68699E+01 8.89258E+00 3.93901E-01 5.09344E+01
 4.03005E-01 6.15649E-02 3.83612E-01 6.25149E-02 2.03048E+01 5.32022E-01 8.82660E-02 1.09037E+01 4.03009E-01 6.15655E-02 2.89903E-03
 4.61973E-01 8.28767E-02 4.35513E-01 8.43973E-02 2.14338E+01 6.02311E-01 1.19253E-01 1.15099E+01 4.61979E-01 8.28779E-02 4.08263E-03
 5.30338E-01 1.02479E-01 4.96690E-01 1.04195E-01 2.26118E+01 6.85596E-01 1.47166E-01 1.21426E+01 5.30348E-01 1.02481E-01 5.88392E-03
 6.04579E-01 1.20817E-01 5.63513E-01 1.22271E-01 2.38381E+01 7.76733E-01 1.72482E-01 1.28010E+01 6.04594E-01 1.20820E-01 8.69441E-03
 6.86970E-01 1.38468E-01 6.37636E-01 1.38967E-01 2.51084E+01 8.77811E-01 1.95596E-01 1.34832E+01 6.86995E-01 1.38473E-01 1.31973E-02
 7.80020E-01 1.56166E-01 7.21034E-01 1.54779E-01 2.64199E+01 9.91402E-01 2.17110E-01 1.41875E+01 7.80062E-01 1.56175E-01 2.06214E-02
 8.85050E-01 1.74435E-01 8.14674E-01 1.70042E-01 2.77702E+01 1.11873E+00 2.37428E-01 1.49126E+01 8.85124E-01 1.74450E-01 3.32472E-02
 9.74588E-01 1.88969E-01 8.94194E-01 1.81552E-01 2.88399E+01 1.22674E+00 2.52461E-01 1.54870E+01 9.74704E-01 1.88992E-01 4.92346E-02
 1.00046E+00 1.93457E-01 9.18383E-01 1.85178E-01 2.91569E+01 1.26010E+00 2.57230E-01 1.56573E+01 1.00059E+00 1.93484E-01 5.54456E-02
 1.14317E+00 2.14286E-01 1.05145E+00 2.01755E-01 3.06887E+01 1.44354E+00 2.78922E-01 1.64798E+01 1.14344E+00 2.14337E-01 1.00242E-01
 1.30305E+00 2.33972E-01 1.20208E+00 2.17786E-01 3.22683E+01 1.65183E+00 3.00072E-01 1.73281E+01 1.30363E+00 2.34077E-01 1.89701E-01
 1.47550E+00 2.51444E-01 1.36744E+00 2.33595E-01 3.38958E+01 1.88165E+00 3.21667E-01 1.82020E+01 1.47686E+00 2.51676E-01 3.76697E-01
 1.65875E+00 2.65753E-01 1.54766E+00 2.48729E-01 3.55699E+01 2.13389E+00 3.43262E-01 1.91011E+01 1.66231E+00 2.66326E-01 7.85135E-01
 1.85113E+00 2.76053E-01 1.73798E+00 2.61610E-01 3.72899E+01 2.40073E+00 3.62357E-01 2.00247E+01 1.86203E+00 2.77697E-01 1.70857E+00
 2.05093E+00 2.81648E-01 1.93813E+00 2.70186E-01 3.90540E+01 2.68230E+00 3.75552E-01 2.09720E+01 2.09005E+00 2.87116E-01 3.80692E+00
 2.25777E+00 2.82665E-01 2.14353E+00 2.73579E-01 4.08604E+01 2.97057E+00 3.81227E-01 2.19420E+01 2.40757E+00 3.01868E-01 8.25852E+00
 2.46936E+00 2.79883E-01 2.35337E+00 2.72356E-01 4.27075E+01 3.26497E+00 3.80102E-01 2.29339E+01 2.96131E+00 3.37111E-01 1.58820E+01
 2.68585E+00 2.74267E-01 2.56769E+00 2.67664E-01 4.45934E+01 3.56551E+00 3.73857E-01 2.39466E+01 3.79922E+00 3.90946E-01 2.46981E+01
 2.90667E+00 2.66654E-01 2.78604E+00 2.60615E-01 4.65161E+01 3.87159E+00 3.64159E-01 2.49791E+01 4.62673E+00 4.28373E-01 3.12215E+01
 3.13095E+00 2.57634E-01 3.00758E+00 2.51984E-01 4.84734E+01 4.18206E+00 3.52171E-01 2.60302E+01 5.24762E+00 4.35813E-01 3.49323E+01
 3.35776E+00 2.47609E-01 3.23153E+00 2.42277E-01 5.04631E+01 4.49587E+00 3.38643E-01 2.70987E+01 5.72543E+00 4.25891E-01 3.71632E+01
 3.58602E+00 2.36862E-01 3.45687E+00 2.31823E-01 5.24829E+01 4.81161E+00 3.24055E-01 2.81833E+01 6.14648E+00 4.09254E-01 3.88714E+01
 3.81460E+00 2.25610E-01 3.68250E+00 2.20856E-01 5.45304E+01 5.12776E+00 3.08741E-01 2.92828E+01 6.54975E+00 3.90248E-01 4.04406E+01
 4.04234E+00 2.14033E-01 3.90729E+00 2.09558E-01 5.66031E+01 5.44273E+00 2.92961E-01 3.03958E+01 6.94680E+00 3.70329E-01 4.19886E+01
 4.26802E+00 2.02274E-01 4.13007E+00 1.98075E-01 5.86986E+01 5.75487E+00 2.76919E-01 3.15211E+01 7.33924E+00 3.50024E-01 4.35449E+01
 4.49052E+00 1.90479E-01 4.34969E+00 1.86549E-01 6.08140E+01 6.06260E+00 2.60815E-01 3.26571E+01 7.72594E+00 3.29638E-01 4.51146E+01
 3.91626E-01 6.44527E-02 3.72460E-01 6.56564E-02 1.84251E+01 5.16429E-01 9.27800E-02 9.89430E+00 3.91630E-01 6.44534E-02 2.63065E-03
 4.46337E-01 8.39831E-02 4.20639E-01 8.56674E-02 1.94544E+01 5.81685E-01 1.21101E-01 1.04470E+01 4.46343E-01 8.39843E-02 3.70559E-03
 5.09717E-01 1.01597E-01 4.77338E-01 1.03398E-01 2.05253E+01 6.58867E-01 1.46078E-01 1.10221E+01 5.09726E-01 1.01599E-01 5.34099E-03
 5.78298E-01 1.17789E-01 5.39049E-01 1.19275E-01 2.16368E+01 7.43026E-01 1.68283E-01 1.16190E+01 5.78312E-01 1.17792E-01 7.89156E-03
 6.54129E-01 1.33155E-01 6.07203E-01 1.33682E-01 2.27848E+01 8.35934E-01 1.88175E-01 1.22354E+01 6.54153E-01 1.33160E-01 1.19760E-02
 7.39437E-01 1.48397E-01 6.83566E-01 1.47109E-01 2.39660E+01 9.39904E-01 2.06365E-01 1.28698E+01 7.39477E-01 1.48406E-01 1.87061E-02
 8.35254E-01 1.64017E-01 7.68842E-01 1.59906E-01 2.51782E+01 1.05580E+00 2.23283E-01 1.35207E+01 8.35324E-01 1.64032E-01 3.01440E-02
 9.16555E-01 1.76376E-01 8.40909E-01 1.69465E-01 2.61358E+01 1.15362E+00 2.35657E-01 1.40349E+01 9.16665E-01 1.76398E-01 4.46183E-02
 9.39907E-01 1.80188E-01 8.62670E-01 1.72481E-01 2.64185E+01 1.18361E+00 2.39596E-01 1.41867E+01 9.40032E-01 1.80213E-01 5.02381E-02
 1.06840E+00 1.97753E-01 9.82190E-01 1.86168E-01 2.77817E+01 1.34825E+00 2.57364E-01 1.49188E+01 1.06865E+00 1.97800E-01 9.07467E-02
 1.21143E+00 2.14063E-01 1.11676E+00 1.99210E-01 2.91827E+01 1.53426E+00 2.74459E-01 1.56711E+01 1.21197E+00 2.14159E-01 1.71562E-01
 1.36467E+00 2.28190E-01 1.26367E+00 2.11929E-01 3.06213E+01 1.73842E+00 2.91807E-01 1.64437E+01 1.36592E+00 2.28400E-01 3.40307E-01
 1.52631E+00 2.39341E-01 1.42273E+00 2.23937E-01 3.20961E+01 1.96109E+00 3.09019E-01 1.72356E+01 1.52959E+00 2.39857E-01 7.08458E-01
 1.69472E+00 2.46820E-01 1.58944E+00 2.33825E-01 3.36060E+01 2.19486E+00 3.23840E-01 1.80464E+01 1.70469E+00 2.48289E-01 1.53978E+00
 1.86826E+00 2.50085E-01 1.76343E+00 2.39817E-01 3.51491E+01 2.43969E+00 3.33304E-01 1.88751E+01 1.90384E+00 2.54938E-01 3.42628E+00
 2.04656E+00 2.49335E-01 1.94060E+00 2.41224E-01 3.67238E+01 2.68838E+00 3.36103E-01 1.97207E+01 2.18215E+00 2.66266E-01 7.42244E+00
 2.22753E+00 2.45326E-01 2.12019E+00 2.38628E-01 3.83282E+01 2.94037E+00 3.32991E-01 2.05822E+01 2.67059E+00 2.95462E-01 1.42534E+01
 2.41126E+00 2.38948E-01 2.30217E+00 2.33095E-01 3.99605E+01 3.19561E+00 3.25533E-01 2.14588E+01 3.40916E+00 3.40546E-01 2.21322E+01
 2.59722E+00 2.30963E-01 2.48615E+00 2.25632E-01 4.16186E+01 3.45354E+00 3.15238E-01 2.23492E+01 4.13159E+00 3.70958E-01 2.79343E+01
 2.78460E+00 2.21897E-01 2.67134E+00 2.16933E-01 4.33006E+01 3.71311E+00 3.03146E-01 2.32524E+01 4.66397E+00 3.75274E-01 3.12045E+01
 2.97258E+00 2.12106E-01 2.85705E+00 2.07444E-01 4.50041E+01 3.97339E+00 2.89917E-01 2.41672E+01 5.06515E+00 3.64737E-01 3.31429E+01
 3.16024E+00 2.01835E-01 3.04241E+00 1.97450E-01 4.67271E+01 4.23315E+00 2.75971E-01 2.50924E+01 5.41293E+00 3.48648E-01 3.46083E+01
 3.34660E+00 1.91270E-01 3.22648E+00 1.87152E-01 4.84672E+01 4.49110E+00 2.61591E-01 2.60269E+01 5.74221E+00 3.30766E-01 3.59439E+01
 3.53068E+00 1.80560E-01 3.40830E+00 1.76702E-01 5.02220E+01 4.74591E+00 2.46997E-01 2.69692E+01 6.06336E+00 3.12336E-01 3.72550E+01
 3.71149E+00 1.69825E-01 3.58689E+00 1.66220E-01 5.19893E+01 4.99618E+00 2.32354E-01 2.79182E+01 6.37788E+00 2.93799E-01 3.85677E+01
 3.88811E+00 1.59181E-01 3.76136E+00 1.55821E-01 5.37665E+01 5.24069E+00 2.17825E-01 2.88726E+01 6.68497E+00 2.75403E-01 3.98864E+01
 3.79547E-01 6.75532E-02 3.60653E-01 6.90120E-02 1.67258E+01 4.99929E-01 9.75956E-02 8.98177E+00 3.79550E-01 6.75539E-02 2.38803E-03
 4.30078E-01 8.52000E-02 4.05179E-01 8.70451E-02 1.76708E+01 5.60252E-01 1.23100E-01 9.48922E+00 4.30084E-01 8.52013E-02 3.36587E-03
 4.88544E-01 1.00789E-01 4.57470E-01 1.02673E-01 1.86495E+01 6.31428E-01 1.45089E-01 1.00148E+01 4.88552E-01 1.00791E-01 4.85286E-03
 5.51541E-01 1.14861E-01 5.14152E-01 1.16378E-01 1.96606E+01 7.08725E-01 1.64220E-01 1.05577E+01 5.51555E-01 1.14864E-01 7.17077E-03
 6.20885E-01 1.28021E-01 5.76417E-01 1.28575E-01 2.07003E+01 7.93581E-01 1.81005E-01 1.11161E+01 6.20907E-01 1.28026E-01 1.08804E-02
 6.98523E-01 1.40939E-01 6.45846E-01 1.39753E-01 2.17656E+01 8.88081E-01 1.96059E-01 1.16881E+01 6.98561E-01 1.40948E-01 1.69885E-02
 7.85228E-01 1.54092E-01 7.22888E-01 1.50260E-01 2.28541E+01 9.92732E-01 2.09826E-01 1.22727E+01 7.85293E-01 1.54106E-01 2.73615E-02
 8.58440E-01 1.64453E-01 7.87661E-01 1.58036E-01 2.37111E+01 1.08060E+00 2.19775E-01 1.27329E+01 8.58543E-01 1.64473E-01 4.04789E-02
 8.79321E-01 1.67651E-01 8.07040E-01 1.60501E-01 2.39629E+01 1.10727E+00 2.22963E-01 1.28681E+01 8.79439E-01 1.67674E-01 4.55685E-02
 9.93921E-01 1.82283E-01 9.13277E-01 1.71599E-01 2.51748E+01 1.25347E+00 2.37222E-01 1.35189E+01 9.94155E-01 1.82327E-01 8.22316E-02
 1.12058E+00 1.95617E-01 1.03218E+00 1.82009E-01 2.64154E+01 1.41772E+00 2.50747E-01 1.41850E+01 1.12108E+00 1.95705E-01 1.55293E-01
 1.25525E+00 2.06842E-01 1.16116E+00 1.92037E-01 2.76842E+01 1.59690E+00 2.64390E-01 1.48664E+01 1.25640E+00 2.07033E-01 3.07665E-01
 1.39617E+00 2.15306E-01 1.29988E+00 2.01361E-01 2.89798E+01 1.79112E+00 2.77829E-01 1.55622E+01 1.39916E+00 2.15770E-01 6.39672E-01
 1.54174E+00 2.20450E-01 1.44410E+00 2.08749E-01 3.03010E+01 1.99341E+00 2.89071E-01 1.62716E+01 1.55080E+00 2.21761E-01 1.38835E+00
 1.69042E+00 2.21855E-01 1.59335E+00 2.12649E-01 3.16460E+01 2.20348E+00 2.95506E-01 1.69939E+01 1.72256E+00 2.26158E-01 3.08480E+00
 1.84185E+00 2.19766E-01 1.74394E+00 2.12517E-01 3.30131E+01 2.41492E+00 2.96066E-01 1.77280E+01 1.96365E+00 2.34680E-01 6.67245E+00
 1.99416E+00 2.14903E-01 1.89521E+00 2.08937E-01 3.44006E+01 2.62722E+00 2.91520E-01 1.84731E+01 2.39006E+00 2.58796E-01 1.27928E+01
 2.14742E+00 2.08088E-01 2.04712E+00 2.02892E-01 3.58066E+01 2.84032E+00 2.83314E-01 1.92281E+01 3.03441E+00 2.96511E-01 1.98316E+01
 2.30115E+00 2.00003E-01 2.19931E+00 1.95290E-01 3.72293E+01 3.05374E+00 2.72809E-01 1.99922E+01 3.65794E+00 3.21157E-01 2.49882E+01
 2.45466E+00 1.91117E-01 2.35113E+00 1.86747E-01 3.86668E+01 3.26656E+00 2.60927E-01 2.07640E+01 4.10806E+00 3.23134E-01 2.78651E+01
 2.60724E+00 1.81738E-01 2.50196E+00 1.77652E-01 4.01168E+01 3.47799E+00 2.48246E-01 2.15427E+01 4.43897E+00 3.12432E-01 2.95437E+01
 2.75810E+00 1.72077E-01 2.65109E+00 1.68251E-01 4.15775E+01 3.68702E+00 2.35126E-01 2.23271E+01 4.72023E+00 2.97162E-01 3.07943E+01
 2.90646E+00 1.62288E-01 2.79774E+00 1.58710E-01 4.30467E+01 3.89257E+00 2.21805E-01 2.31161E+01 4.98288E+00 2.80569E-01 3.19241E+01
 3.05152E+00 1.52494E-01 2.94114E+00 1.49156E-01 4.45223E+01 4.09358E+00 2.08462E-01 2.39085E+01 5.23615E+00 2.63712E-01 3.30269E+01
 3.19247E+00 1.42790E-01 3.08048E+00 1.39684E-01 4.60020E+01 4.28890E+00 1.95231E-01 2.47031E+01 5.48147E+00 2.46957E-01 3.41261E+01
 3.32863E+00 1.33267E-01 3.21510E+00 1.30383E-01 4.74837E+01 4.47762E+00 1.82238E-01 2.54987E+01 5.71832E+00 2.30502E-01 3.52255E+01
 3.68657E-01 7.08156E-02 3.49987E-01 7.25233E-02 1.51823E+01 4.85016E-01 1.02628E-01 8.15287E+00 3.68661E-01 7.08164E-02 2.16765E-03
 4.15316E-01 8.64626E-02 3.91127E-01 8.84587E-02 1.60508E+01 5.40762E-01 1.25145E-01 8.61927E+00 4.15321E-01 8.64638E-02 3.05729E-03
 4.69255E-01 9.99778E-02 4.39350E-01 1.01935E-01 1.69445E+01 6.06394E-01 1.44079E-01 9.09920E+00 4.69264E-01 9.99798E-02 4.40920E-03
 5.27159E-01 1.11939E-01 4.91431E-01 1.13479E-01 1.78624E+01 6.77409E-01 1.60153E-01 9.59211E+00 5.27173E-01 1.11942E-01 6.51492E-03
 5.90624E-01 1.22955E-01 5.48338E-01 1.23532E-01 1.88011E+01 7.54930E-01 1.73922E-01 1.00962E+01 5.90646E-01 1.22960E-01 9.88213E-03
 6.61368E-01 1.33660E-01 6.11520E-01 1.32570E-01 1.97578E+01 8.40892E-01 1.85995E-01 1.06100E+01 6.61403E-01 1.33667E-01 1.54215E-02
 7.39914E-01 1.44503E-01 6.81177E-01 1.40941E-01 2.07306E+01 9.35454E-01 1.96825E-01 1.11323E+01 7.39976E-01 1.44516E-01 2.48192E-02
 8.05905E-01 1.53010E-01 7.39437E-01 1.47070E-01 2.14934E+01 1.01443E+00 2.04537E-01 1.15420E+01 8.06001E-01 1.53029E-01 3.66929E-02
 8.24600E-01 1.55643E-01 7.56720E-01 1.49031E-01 2.17164E+01 1.03819E+00 2.07039E-01 1.16617E+01 8.24710E-01 1.55664E-01 4.12964E-02
 9.26990E-01 1.67593E-01 8.51340E-01 1.57776E-01 2.27870E+01 1.16828E+00 2.18115E-01 1.22366E+01 9.27209E-01 1.67634E-01 7.44321E-02
 1.03946E+00 1.78255E-01 9.56695E-01 1.65833E-01 2.38780E+01 1.31371E+00 2.28453E-01 1.28225E+01 1.03993E+00 1.78335E-01 1.40376E-01
 1.15825E+00 1.86929E-01 1.07035E+00 1.73493E-01 2.49889E+01 1.47157E+00 2.38837E-01 1.34191E+01 1.15931E+00 1.87101E-01 2.77712E-01
 1.28164E+00 1.93075E-01 1.19180E+00 1.80483E-01 2.61183E+01 1.64162E+00 2.48987E-01 1.40255E+01 1.28439E+00 1.93491E-01 5.76508E-01
 1.40819E+00 1.96254E-01 1.31723E+00 1.85731E-01 2.72647E+01 1.81755E+00 2.57154E-01 1.46412E+01 1.41645E+00 1.97421E-01 1.24923E+00
 1.53650E+00 1.96157E-01 1.44615E+00 1.87906E-01 2.84268E+01 1.99907E+00 2.61079E-01 1.52652E+01 1.56566E+00 1.99959E-01 2.77100E+00
 1.66623E+00 1.93054E-01 1.57526E+00 1.86577E-01 2.96028E+01 2.18037E+00 2.59885E-01 1.58967E+01 1.77621E+00 2.06145E-01 5.98318E+00
 1.79574E+00 1.87620E-01 1.70397E+00 1.82305E-01 3.07912E+01 2.36105E+00 2.54321E-01 1.65349E+01 2.15155E+00 2.25913E-01 1.14506E+01
 1.92511E+00 1.80602E-01 1.83228E+00 1.75990E-01 3.19902E+01 2.54108E+00 2.45709E-01 1.71787E+01 2.71868E+00 2.57290E-01 1.77178E+01
 2.05393E+00 1.72610E-01 1.95990E+00 1.68444E-01 3.31982E+01 2.72007E+00 2.35268E-01 1.78274E+01 3.26251E+00 2.77094E-01 2.22825E+01
 2.18164E+00 1.64055E-01 2.08628E+00 1.60209E-01 3.44132E+01 2.89726E+00 2.23811E-01 1.84799E+01 3.64816E+00 2.77295E-01 2.47999E+01
 2.30764E+00 1.55202E-01 2.21092E+00 1.51622E-01 3.56336E+01 3.07201E+00 2.11837E-01 1.91353E+01 3.92560E+00 2.66730E-01 2.62421E+01
 2.43129E+00 1.46229E-01 2.33324E+00 1.42891E-01 3.68574E+01 3.24350E+00 1.99652E-01 1.97924E+01 4.15745E+00 2.52443E-01 2.72983E+01
 2.55197E+00 1.37260E-01 2.45261E+00 1.34151E-01 3.80827E+01 3.41086E+00 1.87451E-01 2.04504E+01 4.37148E+00 2.37222E-01 2.82427E+01
 2.66904E+00 1.28394E-01 2.56844E+00 1.25505E-01 3.93077E+01 3.57324E+00 1.75377E-01 2.11082E+01 4.57603E+00 2.21961E-01 2.91587E+01
 2.78184E+00 1.19703E-01 2.68006E+00 1.17025E-01 4.05302E+01 3.72975E+00 1.63533E-01 2.17647E+01 4.77248E+00 2.06959E-01 3.00670E+01
 2.88988E+00 1.11257E-01 2.78699E+00 1.08780E-01 4.17486E+01 3.87968E+00 1.52015E-01 2.24190E+01 4.96053E+00 1.92367E-01 3.09710E+01
 3.59620E-01 7.40520E-02 3.41082E-01 7.59940E-02 1.37847E+01 4.72545E-01 1.07597E-01 7.40238E+00 3.59623E-01 7.40528E-02 1.96811E-03
 4.02842E-01 8.75935E-02 3.79222E-01 8.97254E-02 1.45812E+01 5.24240E-01 1.26978E-01 7.83013E+00 4.02847E-01 8.75948E-02 2.77738E-03
 4.52823E-01 9.89977E-02 4.23887E-01 1.01015E-01 1.53949E+01 5.85021E-01 1.42808E-01 8.26707E+00 4.52831E-01 9.89997E-02 4.00598E-03
 5.06344E-01 1.08866E-01 4.71998E-01 1.10421E-01 1.62252E+01 6.50610E-01 1.55859E-01 8.71292E+00 5.06357E-01 1.08869E-01 5.91778E-03
 5.64782E-01 1.17804E-01 5.24283E-01 1.18400E-01 1.70692E+01 7.21786E-01 1.66713E-01 9.16614E+00 5.64802E-01 1.17809E-01 8.97178E-03
 6.29699E-01 1.26405E-01 5.82179E-01 1.25409E-01 1.79244E+01 8.00521E-01 1.75962E-01 9.62540E+00 6.29733E-01 1.26412E-01 1.39904E-02
 7.01356E-01 1.35088E-01 6.45571E-01 1.31789E-01 1.87893E+01 8.86511E-01 1.84056E-01 1.00899E+01 7.01414E-01 1.35100E-01 2.24950E-02
 7.61258E-01 1.41885E-01 6.98316E-01 1.36405E-01 1.94646E+01 9.57951E-01 1.89716E-01 1.04525E+01 7.61349E-01 1.41903E-01 3.32294E-02
 7.78144E-01 1.44000E-01 7.13873E-01 1.37905E-01 1.96609E+01 9.79321E-01 1.91592E-01 1.05579E+01 7.78248E-01 1.44020E-01 3.73877E-02
 8.70365E-01 1.53510E-01 7.98878E-01 1.44517E-01 2.06012E+01 1.09610E+00 1.99784E-01 1.10629E+01 8.70570E-01 1.53547E-01 6.72924E-02
 9.71030E-01 1.61766E-01 8.93028E-01 1.50465E-01 2.15548E+01 1.22601E+00 2.07269E-01 1.15749E+01 9.71461E-01 1.61838E-01 1.26718E-01
 1.07666E+00 1.68170E-01 9.94050E-01 1.56023E-01 2.25210E+01 1.36630E+00 2.14763E-01 1.20938E+01 1.07765E+00 1.68324E-01 2.50285E-01
 1.18565E+00 1.72289E-01 1.10136E+00 1.60967E-01 2.34987E+01 1.51655E+00 2.22029E-01 1.26188E+01 1.18818E+00 1.72660E-01 5.18686E-01
 1.29669E+00 1.73790E-01 1.21146E+00 1.64371E-01 2.44864E+01 1.67102E+00 2.27541E-01 1.31492E+01 1.30428E+00 1.74822E-01 1.12193E+00
 1.40849E+00 1.72449E-01 1.32389E+00 1.65089E-01 2.54829E+01 1.82934E+00 2.29334E-01 1.36843E+01 1.43517E+00 1.75788E-01 2.48403E+00
 1.52082E+00 1.68554E-01 1.43574E+00 1.62793E-01 2.64867E+01 1.98643E+00 2.26715E-01 1.42233E+01 1.62103E+00 1.79976E-01 5.35336E+00
 1.63222E+00 1.62737E-01 1.54652E+00 1.58022E-01 2.74962E+01 2.14197E+00 2.20404E-01 1.47655E+01 1.95503E+00 1.95923E-01 1.02252E+01
 1.74278E+00 1.55667E-01 1.65626E+00 1.51590E-01 2.85100E+01 2.29596E+00 2.11602E-01 1.53099E+01 2.45983E+00 2.21711E-01 1.57903E+01
 1.85219E+00 1.47884E-01 1.76471E+00 1.44215E-01 2.95265E+01 2.44810E+00 2.01389E-01 1.58557E+01 2.93996E+00 2.37323E-01 1.98181E+01
 1.95996E+00 1.39742E-01 1.87143E+00 1.36371E-01 3.05441E+01 2.59776E+00 1.90471E-01 1.64022E+01 3.27493E+00 2.36115E-01 2.20116E+01
 2.06563E+00 1.31468E-01 1.97604E+00 1.28343E-01 3.15612E+01 2.74445E+00 1.79277E-01 1.69484E+01 3.51112E+00 2.25854E-01 2.32430E+01
 2.16868E+00 1.23205E-01 2.07805E+00 1.20304E-01 3.25761E+01 2.88750E+00 1.68059E-01 1.74934E+01 3.70542E+00 2.12613E-01 2.41274E+01
 2.26860E+00 1.15053E-01 2.17698E+00 1.12364E-01 3.35872E+01 3.02622E+00 1.56975E-01 1.80363E+01 3.88298E+00 1.98764E-01 2.49087E+01
 2.36492E+00 1.07088E-01 2.27235E+00 1.04600E-01 3.45928E+01 3.15997E+00 1.46134E-01 1.85763E+01 4.05141E+00 1.85055E-01 2.56612E+01
 2.45711E+00 9.93630E-02 2.36366E+00 9.70655E-02 3.55911E+01 3.28803E+00 1.35612E-01 1.91124E+01 4.21205E+00 1.71722E-01 2.64029E+01
 2.54481E+00 9.19266E-02 2.45055E+00 8.98098E-02 3.65805E+01 3.40990E+00 1.25478E-01 1.96438E+01 4.36477E+00 1.58879E-01 2.71371E+01
 3.49860E-01 7.71419E-02 3.31414E-01 7.92900E-02 1.25537E+01 4.58986E-01 1.12310E-01 6.74136E+00 3.49864E-01 7.71427E-02 1.79236E-03
 3.89628E-01 8.84984E-02 3.66555E-01 9.07401E-02 1.32823E+01 5.06638E-01 1.28446E-01 7.13259E+00 3.89633E-01 8.84997E-02 2.52996E-03
 4.35579E-01 9.77788E-02 4.07630E-01 9.98353E-02 1.40209E+01 5.62536E-01 1.41165E-01 7.52921E+00 4.35586E-01 9.77807E-02 3.64843E-03
 4.84630E-01 1.05595E-01 4.51718E-01 1.07151E-01 1.47694E+01 6.22640E-01 1.51262E-01 7.93115E+00 4.84642E-01 1.05598E-01 5.38681E-03
 5.37969E-01 1.12539E-01 4.99382E-01 1.13148E-01 1.55255E+01 6.87500E-01 1.59332E-01 8.33720E+00 5.37989E-01 1.12543E-01 8.16041E-03
 5.96908E-01 1.19162E-01 5.51842E-01 1.18257E-01 1.62871E+01 7.58798E-01 1.65941E-01 8.74617E+00 5.96940E-01 1.19169E-01 1.27125E-02
 6.61555E-01 1.25850E-01 6.08888E-01 1.22808E-01 1.70530E+01 8.36117E-01 1.71526E-01 9.15746E+00 6.61610E-01 1.25861E-01 2.04163E-02
 7.15280E-01 1.31086E-01 6.56060E-01 1.26052E-01 1.76482E+01 8.99952E-01 1.75329E-01 9.47710E+00 7.15366E-01 1.31102E-01 3.01285E-02
 7.30325E-01 1.32731E-01 6.69861E-01 1.27138E-01 1.78203E+01 9.18883E-01 1.76643E-01 9.56951E+00 7.30423E-01 1.32750E-01 3.38876E-02
 8.12220E-01 1.40045E-01 7.45071E-01 1.31843E-01 1.86424E+01 1.02209E+00 1.82264E-01 1.00110E+01 8.12411E-01 1.40079E-01 6.08940E-02
 9.00958E-01 1.46175E-01 8.27861E-01 1.35936E-01 1.94717E+01 1.13624E+00 1.87244E-01 1.04563E+01 9.01358E-01 1.46240E-01 1.14472E-01
 9.93361E-01 1.50612E-01 9.16143E-01 1.39674E-01 2.03078E+01 1.25881E+00 1.92235E-01 1.09053E+01 9.94269E-01 1.50750E-01 2.25689E-01
 1.08790E+00 1.53014E-01 1.00923E+00 1.42872E-01 2.11495E+01 1.38915E+00 1.97035E-01 1.13573E+01 1.09023E+00 1.53343E-01 4.66834E-01
 1.18341E+00 1.53134E-01 1.10399E+00 1.44733E-01 2.19956E+01 1.52211E+00 2.00314E-01 1.18117E+01 1.19033E+00 1.54043E-01 1.00781E+00
 1.27873E+00 1.50824E-01 1.19996E+00 1.44279E-01 2.28449E+01 1.65729E+00 2.00383E-01 1.22677E+01 1.30292E+00 1.53742E-01 2.22688E+00
 1.37369E+00 1.46377E-01 1.29460E+00 1.41266E-01 2.36960E+01 1.79025E+00 1.96692E-01 1.27248E+01 1.46401E+00 1.56287E-01 4.78933E+00
 1.46701E+00 1.40372E-01 1.38749E+00 1.36199E-01 2.45478E+01 1.92070E+00 1.89925E-01 1.31821E+01 1.75649E+00 1.68970E-01 9.12878E+00
 1.55880E+00 1.33406E-01 1.47867E+00 1.29809E-01 2.53987E+01 2.04869E+00 1.81158E-01 1.36391E+01 2.19866E+00 1.89949E-01 1.40671E+01
 1.64882E+00 1.25950E-01 1.56799E+00 1.22727E-01 2.62476E+01 2.17401E+00 1.71342E-01 1.40949E+01 2.61485E+00 2.02047E-01 1.76173E+01
 1.73667E+00 1.18308E-01 1.65507E+00 1.15358E-01 2.70928E+01 2.29617E+00 1.61085E-01 1.45489E+01 2.89902E+00 1.99813E-01 1.95244E+01
 1.82199E+00 1.10665E-01 1.73963E+00 1.07943E-01 2.79332E+01 2.41477E+00 1.50746E-01 1.50001E+01 3.09389E+00 1.90032E-01 2.05712E+01
 1.90438E+00 1.03138E-01 1.82128E+00 1.00623E-01 2.87671E+01 2.52931E+00 1.40531E-01 1.54479E+01 3.25055E+00 1.77902E-01 2.13063E+01
 1.98346E+00 9.58026E-02 1.89967E+00 9.34804E-02 2.95933E+01 2.63926E+00 1.30561E-01 1.58916E+01 3.39146E+00 1.65429E-01 2.19468E+01
 2.05885E+00 8.87138E-02 1.97443E+00 8.65737E-02 3.04104E+01 2.74415E+00 1.20919E-01 1.63304E+01 3.52347E+00 1.53229E-01 2.25586E+01
 2.13018E+00 8.19077E-02 2.04518E+00 7.99396E-02 3.12167E+01 2.84342E+00 1.11656E-01 1.67633E+01 3.64787E+00 1.41485E-01 2.31578E+01
 2.19719E+00 7.54169E-02 2.11169E+00 7.36104E-02 3.20110E+01 2.93675E+00 1.02818E-01 1.71899E+01 3.76468E+00 1.30279E-01 2.37472E+01
 3.41322E-01 7.99415E-02 3.22817E-01 8.22535E-02 1.14539E+01 4.46876E-01 1.16540E-01 6.15077E+00 3.41326E-01 7.99424E-02 1.63534E-03
 3.77868E-01 8.90718E-02 3.55175E-01 9.13863E-02 1.21166E+01 4.90780E-01 1.29383E-01 6.50664E+00 3.77873E-01 8.90731E-02 2.30793E-03
 4.20079E-01 9.62480E-02 3.92938E-01 9.83155E-02 1.27834E+01 5.42185E-01 1.39032E-01 6.86469E+00 4.20087E-01 9.62499E-02 3.32642E-03
 4.65030E-01 1.02079E-01 4.33348E-01 1.03617E-01 1.34545E+01 5.97278E-01 1.46286E-01 7.22506E+00 4.65042E-01 1.02082E-01 4.90723E-03
 5.13740E-01 1.07134E-01 4.76843E-01 1.07744E-01 1.41281E+01 6.56450E-01 1.51735E-01 7.58680E+00 5.13759E-01 1.07138E-01 7.42593E-03
 5.67242E-01 1.11919E-01 5.24344E-01 1.11100E-01 1.48025E+01 7.20957E-01 1.55908E-01 7.94892E+00 5.67273E-01 1.11926E-01 1.15537E-02
 6.25554E-01 1.16784E-01 5.75652E-01 1.13992E-01 1.54767E+01 7.90437E-01 1.59224E-01 8.31097E+00 6.25606E-01 1.16795E-01 1.85291E-02
 6.73706E-01 1.20612E-01 6.17793E-01 1.16009E-01 1.59981E+01 8.47402E-01 1.61372E-01 8.59100E+00 6.73786E-01 1.20627E-01 2.73116E-02
 6.87114E-01 1.21838E-01 6.30040E-01 1.16728E-01 1.61480E+01 8.64182E-01 1.62189E-01 8.67149E+00 6.87205E-01 1.21855E-01 3.07075E-02
 7.59785E-01 1.27203E-01 6.96534E-01 1.19754E-01 1.68621E+01 9.55328E-01 1.65553E-01 9.05494E+00 7.59963E-01 1.27234E-01 5.50787E-02
 8.37904E-01 1.31477E-01 7.69228E-01 1.22239E-01 1.75785E+01 1.05548E+00 1.68365E-01 9.43964E+00 8.38275E-01 1.31536E-01 1.03342E-01
 9.18591E-01 1.34231E-01 8.46247E-01 1.24422E-01 1.82968E+01 1.16238E+00 1.71218E-01 9.82539E+00 9.19431E-01 1.34355E-01 2.03340E-01
 1.00041E+00 1.35202E-01 9.26817E-01 1.26153E-01 1.90161E+01 1.27520E+00 1.73941E-01 1.02116E+01 1.00254E+00 1.35493E-01 4.19742E-01
 1.08233E+00 1.34215E-01 1.00814E+00 1.26748E-01 1.97351E+01 1.38933E+00 1.75381E-01 1.05978E+01 1.08864E+00 1.35011E-01 9.04236E-01
 1.16330E+00 1.31179E-01 1.08977E+00 1.25378E-01 2.04529E+01 1.50436E+00 1.74089E-01 1.09832E+01 1.18526E+00 1.33714E-01 1.99372E+00
 1.24324E+00 1.26384E-01 1.16952E+00 1.21863E-01 2.11684E+01 1.61642E+00 1.69633E-01 1.13674E+01 1.32480E+00 1.34931E-01 4.27846E+00
 1.32102E+00 1.20356E-01 1.24703E+00 1.16672E-01 2.18804E+01 1.72531E+00 1.62653E-01 1.17498E+01 1.58107E+00 1.44848E-01 8.13684E+00
 1.39678E+00 1.13621E-01 1.32238E+00 1.10454E-01 2.25877E+01 1.83110E+00 1.54107E-01 1.21296E+01 1.96870E+00 1.61722E-01 1.25103E+01
 1.47033E+00 1.06586E-01 1.39544E+00 1.03757E-01 2.32893E+01 1.93365E+00 1.44819E-01 1.25063E+01 2.32959E+00 1.70904E-01 1.56317E+01
 1.54137E+00 9.95034E-02 1.46595E+00 9.69258E-02 2.39838E+01 2.03260E+00 1.35309E-01 1.28793E+01 2.57035E+00 1.67968E-01 1.72839E+01
 1.60964E+00 9.25255E-02 1.53369E+00 9.01578E-02 2.46701E+01 2.12765E+00 1.25872E-01 1.32479E+01 2.73035E+00 1.58797E-01 1.81681E+01
 1.67482E+00 8.57416E-02 1.59839E+00 8.35629E-02 2.53471E+01 2.21844E+00 1.16671E-01 1.36114E+01 2.85558E+00 1.47813E-01 1.87733E+01
 1.73663E+00 7.92071E-02 1.65977E+00 7.72040E-02 2.60135E+01 2.30457E+00 1.07796E-01 1.39693E+01 2.96614E+00 1.36695E-01 1.92920E+01
 1.79483E+00 7.29586E-02 1.71758E+00 7.11202E-02 2.66683E+01 2.38572E+00 9.93041E-02 1.43209E+01 3.06820E+00 1.25943E-01 1.97827E+01
 1.84911E+00 6.70182E-02 1.77154E+00 6.53340E-02 2.73100E+01 2.46148E+00 9.12267E-02 1.46654E+01 3.16299E+00 1.15696E-01 2.02596E+01
 1.89934E+00 6.14042E-02 1.82152E+00 5.98641E-02 2.79377E+01 2.53165E+00 8.35902E-02 1.50025E+01 3.25067E+00 1.06008E-01 2.07254E+01
 3.33328E-01 8.22572E-02 3.14616E-01 8.46745E-02 1.04677E+01 4.35264E-01 1.19984E-01 5.62117E+00 3.33331E-01 8.22581E-02 1.49453E-03
 3.66904E-01 8.91617E-02 3.44417E-01 9.14993E-02 1.10677E+01 4.75731E-01 1.29550E-01 5.94335E+00 3.66909E-01 8.91630E-02 2.10813E-03
 4.05579E-01 9.42907E-02 3.79076E-01 9.63300E-02 1.16667E+01 5.22937E-01 1.36229E-01 6.26504E+00 4.05587E-01 9.42926E-02 3.03585E-03
 4.46663E-01 9.82351E-02 4.16042E-01 9.97280E-02 1.22654E+01 5.73346E-01 1.40799E-01 6.58654E+00 4.46675E-01 9.82378E-02 4.47355E-03
 4.91001E-01 1.01532E-01 4.55618E-01 1.02127E-01 1.28624E+01 6.27182E-01 1.43830E-01 6.90713E+00 4.91019E-01 1.01536E-01 6.76067E-03
 5.39379E-01 1.04640E-01 4.98466E-01 1.03896E-01 1.34563E+01 6.85327E-01 1.45808E-01 7.22601E+00 5.39408E-01 1.04646E-01 1.05029E-02
 5.91733E-01 1.07871E-01 5.44399E-01 1.05318E-01 1.40463E+01 7.47467E-01 1.47119E-01 7.54287E+00 5.91783E-01 1.07880E-01 1.68166E-02
 6.34655E-01 1.10453E-01 5.81822E-01 1.06265E-01 1.45004E+01 7.97997E-01 1.47828E-01 7.78672E+00 6.34730E-01 1.10467E-01 2.47547E-02
 6.46542E-01 1.11310E-01 5.92638E-01 1.06665E-01 1.46301E+01 8.12797E-01 1.48215E-01 7.85638E+00 6.46629E-01 1.11326E-01 2.78210E-02
 7.10622E-01 1.14982E-01 6.51031E-01 1.08249E-01 1.52463E+01 8.92739E-01 1.49649E-01 8.18724E+00 7.10789E-01 1.15009E-01 4.98007E-02
 7.78894E-01 1.17674E-01 7.14365E-01 1.09377E-01 1.58607E+01 9.79914E-01 1.50639E-01 8.51722E+00 7.79239E-01 1.17727E-01 9.32434E-02
 8.48789E-01 1.19029E-01 7.81007E-01 1.10269E-01 1.64733E+01 1.07238E+00 1.51717E-01 8.84617E+00 8.49564E-01 1.19139E-01 1.83074E-01
 9.18956E-01 1.18848E-01 8.50114E-01 1.10805E-01 1.70831E+01 1.16915E+00 1.52743E-01 9.17361E+00 9.20913E-01 1.19104E-01 3.77075E-01
 9.88519E-01 1.17016E-01 9.19224E-01 1.10403E-01 1.76890E+01 1.26616E+00 1.52722E-01 9.49900E+00 9.94278E-01 1.17709E-01 8.10486E-01
 1.05654E+00 1.13484E-01 9.87902E-01 1.08357E-01 1.82902E+01 1.36298E+00 1.50411E-01 9.82186E+00 1.07644E+00 1.15675E-01 1.78290E+00
 1.12300E+00 1.08533E-01 1.05428E+00 1.04541E-01 1.88859E+01 1.45629E+00 1.45478E-01 1.01417E+01 1.19649E+00 1.15863E-01 3.81713E+00
 1.18693E+00 1.02631E-01 1.11809E+00 9.93824E-02 1.94750E+01 1.54595E+00 1.38507E-01 1.04581E+01 1.41997E+00 1.23489E-01 7.24233E+00
 1.24849E+00 9.62382E-02 1.17940E+00 9.34512E-02 2.00566E+01 1.63208E+00 1.30343E-01 1.07704E+01 1.75829E+00 1.36923E-01 1.11084E+01
 1.30757E+00 8.96981E-02 1.23818E+00 8.72175E-02 2.06297E+01 1.71462E+00 1.21694E-01 1.10781E+01 2.06954E+00 1.43747E-01 1.38466E+01
 1.36394E+00 8.32208E-02 1.29422E+00 8.09688E-02 2.11933E+01 1.79329E+00 1.12995E-01 1.13808E+01 2.27181E+00 1.40396E-01 1.52729E+01
 1.41741E+00 7.69257E-02 1.34737E+00 7.48655E-02 2.17465E+01 1.86791E+00 1.04486E-01 1.16779E+01 2.40135E+00 1.31939E-01 1.60150E+01
 1.46776E+00 7.08789E-02 1.39746E+00 6.89908E-02 2.22883E+01 1.93823E+00 9.62911E-02 1.19688E+01 2.49943E+00 1.22109E-01 1.65077E+01
 1.51482E+00 6.51176E-02 1.44429E+00 6.33886E-02 2.28177E+01 2.00400E+00 8.84742E-02 1.22531E+01 2.58402E+00 1.12302E-01 1.69219E+01
 1.55841E+00 5.96637E-02 1.48771E+00 5.80827E-02 2.33339E+01 2.06499E+00 8.10698E-02 1.25303E+01 2.66064E+00 1.02920E-01 1.73092E+01
 1.59833E+00 5.45270E-02 1.52753E+00 5.30839E-02 2.38357E+01 2.12094E+00 7.40933E-02 1.27998E+01 2.73050E+00 9.40639E-02 1.76823E+01
 1.63454E+00 4.97148E-02 1.56368E+00 4.83996E-02 2.43224E+01 2.17175E+00 6.75554E-02 1.30611E+01 2.79382E+00 8.57634E-02 1.80435E+01
 3.25969E-01 8.38948E-02 3.06910E-01 8.63420E-02 9.57454E+00 4.24298E-01 1.22340E-01 5.14153E+00 3.25972E-01 8.38957E-02 1.36701E-03
 3.56977E-01 8.86275E-02 3.34482E-01 9.09254E-02 1.01154E+01 4.61757E-01 1.28728E-01 5.43197E+00 3.56982E-01 8.86288E-02 1.92674E-03
 3.92350E-01 9.18118E-02 3.66284E-01 9.37739E-02 1.06512E+01 5.05116E-01 1.32606E-01 5.71967E+00 3.92357E-01 9.18136E-02 2.77158E-03
 4.29801E-01 9.40050E-02 4.00029E-01 9.54172E-02 1.11827E+01 5.51153E-01 1.34707E-01 6.00508E+00 4.29812E-01 9.40076E-02 4.07863E-03
 4.70039E-01 9.57050E-02 4.35950E-01 9.62610E-02 1.17090E+01 6.00020E-01 1.35567E-01 6.28771E+00 4.70056E-01 9.57088E-02 6.15438E-03
 5.13621E-01 9.73192E-02 4.74474E-01 9.66348E-02 1.22289E+01 6.52263E-01 1.35620E-01 6.56690E+00 5.13649E-01 9.73249E-02 9.54493E-03
 5.60417E-01 9.91180E-02 5.15413E-01 9.67905E-02 1.27421E+01 7.07597E-01 1.35214E-01 6.84251E+00 5.60464E-01 9.91268E-02 1.52552E-02
 5.98454E-01 1.00624E-01 5.48421E-01 9.68304E-02 1.31349E+01 7.52096E-01 1.34711E-01 7.05345E+00 5.98525E-01 1.00636E-01 2.24236E-02
 6.08963E-01 1.01165E-01 5.57967E-01 9.69604E-02 1.32464E+01 7.65152E-01 1.34738E-01 7.11332E+00 6.09044E-01 1.01179E-01 2.51897E-02
 6.65130E-01 1.03398E-01 6.08921E-01 9.73426E-02 1.37742E+01 8.34815E-01 1.34570E-01 7.39673E+00 6.65286E-01 1.03423E-01 4.49923E-02
 7.24390E-01 1.04782E-01 6.63703E-01 9.73662E-02 1.42972E+01 9.10140E-01 1.34085E-01 7.67758E+00 7.24710E-01 1.04829E-01 8.40513E-02
 7.84475E-01 1.05013E-01 7.20913E-01 9.72233E-02 1.48152E+01 9.89489E-01 1.33742E-01 7.95574E+00 7.85190E-01 1.05109E-01 1.64647E-01
 8.44134E-01 1.03945E-01 7.79672E-01 9.68213E-02 1.53274E+01 1.07177E+00 1.33430E-01 8.23083E+00 8.45929E-01 1.04168E-01 3.38322E-01
 9.02642E-01 1.01510E-01 8.37849E-01 9.56698E-02 1.58331E+01 1.15345E+00 1.32300E-01 8.50239E+00 9.07889E-01 1.02111E-01 7.25452E-01
 9.59165E-01 9.76908E-02 8.95023E-01 9.31681E-02 1.63315E+01 1.23409E+00 1.29284E-01 8.77003E+00 9.77183E-01 9.95741E-02 1.59197E+00
 1.01374E+00 9.27484E-02 9.49630E-01 8.92275E-02 1.68219E+01 1.31088E+00 1.24125E-01 9.03337E+00 1.07991E+00 9.90030E-02 3.39997E+00
 1.06558E+00 8.70967E-02 1.00145E+00 8.42325E-02 1.73036E+01 1.38375E+00 1.17351E-01 9.29201E+00 1.27418E+00 1.04769E-01 6.43482E+00
 1.11484E+00 8.11305E-02 1.05061E+00 7.86773E-02 1.77756E+01 1.45282E+00 1.09696E-01 9.54552E+00 1.56867E+00 1.15372E-01 9.84508E+00
 1.16146E+00 7.51383E-02 1.09709E+00 7.29606E-02 1.82374E+01 1.51814E+00 1.01763E-01 9.79348E+00 1.83615E+00 1.20336E-01 1.22409E+01
 1.20531E+00 6.92897E-02 1.14078E+00 6.73195E-02 1.86880E+01 1.57951E+00 9.39096E-02 1.00355E+01 2.00500E+00 1.16809E-01 1.34675E+01
 1.24626E+00 6.36760E-02 1.18160E+00 6.18802E-02 1.91268E+01 1.63685E+00 8.63277E-02 1.02711E+01 2.10855E+00 1.09130E-01 1.40858E+01
 1.28419E+00 5.83434E-02 1.21943E+00 5.67038E-02 1.95529E+01 1.69001E+00 7.91085E-02 1.04999E+01 2.18379E+00 1.00433E-01 1.44818E+01
 1.31897E+00 5.33140E-02 1.25417E+00 5.18179E-02 1.99658E+01 1.73884E+00 7.22929E-02 1.07216E+01 2.24675E+00 9.18699E-02 1.48069E+01
 1.35052E+00 4.85974E-02 1.28572E+00 4.72340E-02 2.03645E+01 1.78322E+00 6.58979E-02 1.09358E+01 2.30241E+00 8.37594E-02 1.51066E+01
 1.37873E+00 4.41942E-02 1.31399E+00 4.29537E-02 2.07484E+01 1.82298E+00 5.99260E-02 1.11419E+01 2.35190E+00 7.61723E-02 1.53920E+01
 1.40359E+00 4.01028E-02 1.33896E+00 3.89757E-02 2.11169E+01 1.85814E+00 5.43757E-02 1.13398E+01 2.39552E+00 6.91195E-02 1.56655E+01
 3.19951E-01 8.47395E-02 3.00188E-01 8.71308E-02 8.76358E+00 4.14578E-01 1.23428E-01 4.70604E+00 3.19954E-01 8.47405E-02 1.25122E-03
 3.48328E-01 8.74044E-02 3.25589E-01 8.95921E-02 9.24907E+00 4.49160E-01 1.26811E-01 4.96675E+00 3.48332E-01 8.74056E-02 1.76173E-03
 3.80634E-01 8.87844E-02 3.54768E-01 9.06138E-02 9.72595E+00 4.88998E-01 1.28112E-01 5.22283E+00 3.80641E-01 8.87862E-02 2.53083E-03
 4.14680E-01 8.93884E-02 3.85512E-01 9.06788E-02 1.01953E+01 5.30971E-01 1.27998E-01 5.47487E+00 4.14690E-01 8.93909E-02 3.71851E-03
 4.51071E-01 8.96668E-02 4.18025E-01 9.01553E-02 1.06566E+01 5.75212E-01 1.26956E-01 5.72257E+00 4.51088E-01 8.96703E-02 5.60123E-03
 4.90179E-01 8.99766E-02 4.52543E-01 8.93314E-02 1.11089E+01 6.22000E-01 1.25366E-01 5.96547E+00 4.90205E-01 8.99818E-02 8.67075E-03
 5.31808E-01 9.05448E-02 4.88866E-01 8.84228E-02 1.15522E+01 6.71054E-01 1.23526E-01 6.20353E+00 5.31852E-01 9.05528E-02 1.38306E-02
 5.65376E-01 9.11372E-02 5.17912E-01 8.77141E-02 1.18895E+01 7.10175E-01 1.22034E-01 6.38464E+00 5.65444E-01 9.11486E-02 2.02973E-02
 5.74572E-01 9.14115E-02 5.26200E-01 8.76220E-02 1.19845E+01 7.21483E-01 1.21765E-01 6.43568E+00 5.74648E-01 9.14243E-02 2.27901E-02
 6.23496E-01 9.24439E-02 5.70371E-01 8.70252E-02 1.24328E+01 7.81782E-01 1.20305E-01 6.67642E+00 6.23642E-01 9.24662E-02 4.06108E-02
 6.74584E-01 9.27651E-02 6.17412E-01 8.61706E-02 1.28739E+01 8.46387E-01 1.18656E-01 6.91328E+00 6.74882E-01 9.28067E-02 7.56840E-02
 7.25865E-01 9.21164E-02 6.66166E-01 8.52244E-02 1.33076E+01 9.13979E-01 1.17212E-01 7.14620E+00 7.26526E-01 9.22009E-02 1.47893E-01
 7.76180E-01 9.03932E-02 7.15713E-01 8.41111E-02 1.37334E+01 9.83357E-01 1.15879E-01 7.37486E+00 7.77827E-01 9.05869E-02 3.03138E-01
 8.24956E-01 8.75627E-02 7.64255E-01 8.24212E-02 1.41507E+01 1.05152E+00 1.13937E-01 7.59890E+00 8.29742E-01 8.80799E-02 6.48363E-01
 8.71464E-01 8.36275E-02 8.11400E-01 7.96458E-02 1.45587E+01 1.11806E+00 1.10476E-01 7.81802E+00 8.87792E-01 8.52371E-02 1.41916E+00
 9.15810E-01 7.88261E-02 8.55852E-01 7.57234E-02 1.49571E+01 1.18060E+00 1.05295E-01 8.03194E+00 9.75406E-01 8.41323E-02 3.02305E+00
 9.57321E-01 7.35176E-02 8.97447E-01 7.09920E-02 1.53451E+01 1.23912E+00 9.88622E-02 8.24034E+00 1.14414E+00 8.84065E-02 5.70653E+00
 9.96190E-01 6.80364E-02 9.36329E-01 6.58750E-02 1.57224E+01 1.29380E+00 9.18056E-02 8.44291E+00 1.40037E+00 9.66943E-02 8.70786E+00
 1.03241E+00 6.26205E-02 9.72541E-01 6.07060E-02 1.60881E+01 1.34472E+00 8.46313E-02 8.63932E+00 1.63007E+00 1.00211E-01 1.07983E+01
 1.06591E+00 5.74041E-02 1.00602E+00 5.56771E-02 1.64418E+01 1.39178E+00 7.76316E-02 8.82926E+00 1.77058E+00 9.66881E-02 1.18488E+01
 1.09661E+00 5.24545E-02 1.03673E+00 5.08855E-02 1.67829E+01 1.43497E+00 7.09541E-02 9.01242E+00 1.85259E+00 8.98153E-02 1.23596E+01
 1.12447E+00 4.78011E-02 1.06464E+00 4.63732E-02 1.71108E+01 1.47423E+00 6.46630E-02 9.18852E+00 1.90925E+00 8.22066E-02 1.26731E+01
 1.14942E+00 4.34537E-02 1.08968E+00 4.21550E-02 1.74251E+01 1.50949E+00 5.87808E-02 9.35727E+00 1.95488E+00 7.48043E-02 1.29227E+01
 1.17145E+00 3.94125E-02 1.11185E+00 3.82326E-02 1.77252E+01 1.54071E+00 5.33106E-02 9.51841E+00 1.99393E+00 6.78592E-02 1.31487E+01
 1.19048E+00 3.56711E-02 1.13108E+00 3.46006E-02 1.80104E+01 1.56782E+00 4.82452E-02 9.67160E+00 2.02749E+00 6.14170E-02 1.33609E+01
 1.20658E+00 3.22215E-02 1.14741E+00 3.12514E-02 1.82806E+01 1.59088E+00 4.35741E-02 9.81666E+00 2.05589E+00 5.54750E-02 1.35613E+01
 3.15249E-01 8.46347E-02 2.94508E-01 8.68755E-02 8.02314E+00 4.06218E-01 1.23012E-01 4.30843E+00 3.15252E-01 8.46356E-02 1.14551E-03
 3.41176E-01 8.54021E-02 3.17938E-01 8.74025E-02 8.45704E+00 4.38212E-01 1.23661E-01 4.54143E+00 3.41180E-01 8.54033E-02 1.61087E-03
 3.70659E-01 8.51691E-02 3.44726E-01 8.68052E-02 8.87944E+00 4.74853E-01 1.22683E-01 4.76826E+00 3.70666E-01 8.51708E-02 2.31056E-03
 4.01551E-01 8.43847E-02 3.72717E-01 8.55083E-02 9.29166E+00 5.13106E-01 1.20664E-01 4.98962E+00 4.01561E-01 8.43870E-02 3.38893E-03
 4.34367E-01 8.34457E-02 4.02084E-01 8.38346E-02 9.69353E+00 5.53088E-01 1.18031E-01 5.20543E+00 4.34383E-01 8.34490E-02 5.09505E-03
 4.69341E-01 8.26605E-02 4.32928E-01 8.20302E-02 1.00845E+01 5.94886E-01 1.15105E-01 5.41536E+00 4.69366E-01 8.26653E-02 7.87118E-03
 5.06222E-01 8.22151E-02 4.65034E-01 8.02733E-02 1.04647E+01 6.38212E-01 1.12135E-01 5.61953E+00 5.06264E-01 8.22224E-02 1.25286E-02
 5.35708E-01 8.20653E-02 4.90495E-01 7.89800E-02 1.07520E+01 6.72479E-01 1.09881E-01 5.77383E+00 5.35772E-01 8.20756E-02 1.83555E-02
 5.43702E-01 8.21234E-02 4.97626E-01 7.87146E-02 1.08324E+01 6.82178E-01 1.09385E-01 5.81698E+00 5.43775E-01 8.21349E-02 2.05991E-02
 5.86068E-01 8.21954E-02 5.35689E-01 7.73638E-02 1.12098E+01 7.34062E-01 1.06944E-01 6.01968E+00 5.86205E-01 8.22152E-02 3.66160E-02
 6.29795E-01 8.16929E-02 5.75770E-01 7.58513E-02 1.15783E+01 7.89032E-01 1.04432E-01 6.21754E+00 6.30073E-01 8.17295E-02 6.80673E-02
 6.73240E-01 8.03972E-02 6.17030E-01 7.43223E-02 1.19377E+01 8.46216E-01 1.02193E-01 6.41054E+00 6.73852E-01 8.04709E-02 1.32668E-01
 7.15289E-01 7.82322E-02 6.58433E-01 7.27115E-02 1.22876E+01 9.04188E-01 1.00139E-01 6.59846E+00 7.16804E-01 7.83996E-02 2.71225E-01
 7.55534E-01 7.51882E-02 6.98528E-01 7.06738E-02 1.26276E+01 9.60510E-01 9.76572E-02 6.78101E+00 7.59907E-01 7.56316E-02 5.78578E-01
 7.93338E-01 7.12815E-02 7.36951E-01 6.77808E-02 1.29571E+01 1.01477E+00 9.39753E-02 6.95798E+00 8.08161E-01 7.26509E-02 1.26304E+00
 8.28867E-01 6.67246E-02 7.72653E-01 6.39902E-02 1.32759E+01 1.06504E+00 8.89371E-02 7.12918E+00 8.82638E-01 7.12070E-02 2.68327E+00
 8.61565E-01 6.18247E-02 8.05517E-01 5.95947E-02 1.35836E+01 1.11132E+00 8.29485E-02 7.29439E+00 1.02913E+00 7.43177E-02 5.05145E+00
 8.91644E-01 5.68611E-02 8.35708E-01 5.49522E-02 1.38797E+01 1.15381E+00 7.65430E-02 7.45338E+00 1.25212E+00 8.07558E-02 7.68728E+00
 9.19143E-01 5.20270E-02 8.63306E-01 5.03385E-02 1.41637E+01 1.19265E+00 7.01395E-02 7.60592E+00 1.44925E+00 8.31819E-02 9.50667E+00
 9.44035E-01 4.74260E-02 8.88296E-01 4.59066E-02 1.44354E+01 1.22783E+00 6.39720E-02 7.75180E+00 1.56575E+00 7.97991E-02 1.04028E+01
 9.66315E-01 4.31054E-02 9.10702E-01 4.17289E-02 1.46942E+01 1.25939E+00 5.81520E-02 7.89080E+00 1.62983E+00 7.37266E-02 1.08214E+01
 9.85969E-01 3.90814E-02 9.30522E-01 3.78322E-02 1.49399E+01 1.28732E+00 5.27213E-02 8.02272E+00 1.67130E+00 6.71342E-02 1.10652E+01
 1.00300E+00 3.53544E-02 9.47759E-01 3.42213E-02 1.51721E+01 1.31163E+00 4.76880E-02 8.14740E+00 1.70293E+00 6.07899E-02 1.12518E+01
 1.01742E+00 3.19177E-02 9.62430E-01 3.08908E-02 1.53904E+01 1.33236E+00 4.30454E-02 8.26466E+00 1.72873E+00 5.48879E-02 1.14167E+01
 1.02922E+00 2.87600E-02 9.74530E-01 2.78305E-02 1.55945E+01 1.34949E+00 3.87794E-02 8.37424E+00 1.74972E+00 4.94555E-02 1.15686E+01
 1.03849E+00 2.58690E-02 9.84135E-01 2.50287E-02 1.57841E+01 1.36312E+00 3.48736E-02 8.47609E+00 1.76627E+00 4.44803E-02 1.17094E+01
 3.11836E-01 8.35182E-02 2.89905E-01 8.55135E-02 7.34510E+00 3.99292E-01 1.21003E-01 3.94432E+00 3.11839E-01 8.35191E-02 1.04870E-03
 3.35567E-01 8.26101E-02 3.11592E-01 8.43467E-02 7.73084E+00 4.29007E-01 1.19264E-01 4.15146E+00 3.35571E-01 8.26112E-02 1.47254E-03
 3.62448E-01 8.09917E-02 3.36191E-01 8.23747E-02 8.10284E+00 4.62728E-01 1.16356E-01 4.35123E+00 3.62455E-01 8.09933E-02 2.10847E-03
 3.90400E-01 7.90442E-02 3.61635E-01 7.99558E-02 8.46263E+00 4.97550E-01 1.12775E-01 4.54443E+00 3.90410E-01 7.90464E-02 3.08656E-03
 4.19864E-01 7.71056E-02 3.88074E-01 7.73616E-02 8.81035E+00 5.33575E-01 1.08878E-01 4.73116E+00 4.19880E-01 7.71087E-02 4.63084E-03
 4.50981E-01 7.54358E-02 4.15520E-01 7.47950E-02 9.14572E+00 5.70769E-01 1.04928E-01 4.91125E+00 4.51006E-01 7.54402E-02 7.13846E-03
 4.83474E-01 7.41860E-02 4.43754E-01 7.23994E-02 9.46912E+00 6.08849E-01 1.01123E-01 5.08491E+00 4.83515E-01 7.41926E-02 1.13367E-02
 5.09217E-01 7.34587E-02 4.65939E-01 7.06787E-02 9.71176E+00 6.38689E-01 9.83247E-02 5.21522E+00 5.09278E-01 7.34679E-02 1.65796E-02
 5.16125E-01 7.33495E-02 4.72036E-01 7.02869E-02 9.77904E+00 6.46952E-01 9.76662E-02 5.25134E+00 5.16194E-01 7.33597E-02 1.85961E-02
 5.52552E-01 7.26904E-02 5.04602E-01 6.83952E-02 1.00937E+01 6.91274E-01 9.45367E-02 5.42030E+00 5.52681E-01 7.27080E-02 3.29702E-02
 5.89633E-01 7.15861E-02 5.38389E-01 6.64279E-02 1.03981E+01 7.37529E-01 9.14417E-02 5.58376E+00 5.89893E-01 7.16182E-02 6.11290E-02
 6.26113E-01 6.98487E-02 5.73026E-01 6.45065E-02 1.06923E+01 7.85530E-01 8.86699E-02 5.74176E+00 6.26681E-01 6.99127E-02 1.18828E-01
 6.60876E-01 6.74292E-02 6.07268E-01 6.25870E-02 1.09760E+01 8.33481E-01 8.61612E-02 5.89414E+00 6.62273E-01 6.75733E-02 2.42274E-01
 6.93665E-01 6.43288E-02 6.39989E-01 6.03701E-02 1.12490E+01 8.79465E-01 8.33805E-02 6.04070E+00 6.97670E-01 6.47075E-02 5.15412E-01
 7.23926E-01 6.05680E-02 6.70852E-01 5.74901E-02 1.15108E+01 9.23092E-01 7.96664E-02 6.18131E+00 7.37413E-01 6.17291E-02 1.12206E+00
 7.51890E-01 5.63332E-02 6.99045E-01 5.39197E-02 1.17614E+01 9.62821E-01 7.48989E-02 6.31588E+00 8.00508E-01 6.01085E-02 2.37716E+00
 7.77099E-01 5.18837E-02 7.24490E-01 4.99090E-02 1.20005E+01 9.98691E-01 6.94265E-02 6.44424E+00 9.27700E-01 6.23409E-02 4.46271E+00
 7.99781E-01 4.74496E-02 7.47367E-01 4.57573E-02 1.22277E+01 1.03093E+00 6.36962E-02 6.56627E+00 1.12190E+00 6.73350E-02 6.77233E+00
 8.20012E-01 4.31853E-02 7.67789E-01 4.16894E-02 1.24429E+01 1.05972E+00 5.80510E-02 6.68182E+00 1.29107E+00 6.89720E-02 8.35163E+00
 8.37809E-01 3.91690E-02 7.85782E-01 3.78252E-02 1.26457E+01 1.08510E+00 5.26753E-02 6.79075E+00 1.38728E+00 6.58267E-02 9.11312E+00
 8.53209E-01 3.54319E-02 8.01406E-01 3.42171E-02 1.28360E+01 1.10715E+00 4.76510E-02 6.89293E+00 1.43656E+00 6.05247E-02 9.45297E+00
 8.66241E-01 3.19799E-02 8.14698E-01 3.08800E-02 1.30135E+01 1.12594E+00 4.30024E-02 6.98826E+00 1.46570E+00 5.48625E-02 9.63844E+00
 8.76942E-01 2.88070E-02 8.25698E-01 2.78114E-02 1.31781E+01 1.14152E+00 3.87273E-02 7.07664E+00 1.48614E+00 4.94641E-02 9.77307E+00
 8.85363E-01 2.59017E-02 8.34458E-01 2.50014E-02 1.33296E+01 1.15397E+00 3.48123E-02 7.15798E+00 1.50148E+00 4.44795E-02 9.88798E+00
 8.91534E-01 2.32500E-02 8.41006E-01 2.24366E-02 1.34676E+01 1.16332E+00 3.12391E-02 7.23213E+00 1.51268E+00 3.99223E-02 9.99084E+00
 8.95552E-01 2.08371E-02 8.45439E-01 2.01031E-02 1.35923E+01 1.16971E+00 2.79880E-02 7.29908E+00 1.52011E+00 3.57746E-02 1.00834E+01
 3.09339E-01 8.14426E-02 2.86050E-01 8.31036E-02 6.73674E+00 3.93354E-01 1.17487E-01 3.61763E+00 3.09342E-01 8.14435E-02 9.61840E-04
 3.31035E-01 7.91235E-02 3.06128E-01 8.05266E-02 7.07848E+00 4.20969E-01 1.13765E-01 3.80114E+00 3.31040E-01 7.91246E-02 1.34828E-03
 3.55365E-01 7.63751E-02 3.28585E-01 7.74511E-02 7.40469E+00 4.51834E-01 1.09316E-01 3.97632E+00 3.55371E-01 7.63766E-02 1.92680E-03
 3.80369E-01 7.35064E-02 3.51488E-01 7.41648E-02 7.71712E+00 4.83239E-01 1.04536E-01 4.14409E+00 3.80378E-01 7.35084E-02 2.81465E-03
 4.06443E-01 7.07944E-02 3.74981E-01 7.08851E-02 8.01622E+00 5.15290E-01 9.97084E-02 4.30471E+00 4.06458E-01 7.07971E-02 4.21343E-03
 4.33671E-01 6.84514E-02 3.99030E-01 6.77725E-02 8.30197E+00 5.47895E-01 9.50384E-02 4.45816E+00 4.33694E-01 6.84554E-02 6.47989E-03
 4.61775E-01 6.65951E-02 4.23425E-01 6.49353E-02 8.57493E+00 5.80786E-01 9.06754E-02 4.60474E+00 4.61813E-01 6.66010E-02 1.02661E-02
 4.83820E-01 6.54391E-02 4.42397E-01 6.29302E-02 8.77808E+00 6.06292E-01 8.75326E-02 4.71383E+00 4.83877E-01 6.54473E-02 1.49857E-02
 4.89667E-01 6.52066E-02 4.47488E-01 6.24544E-02 8.83388E+00 6.13161E-01 8.67708E-02 4.74379E+00 4.89732E-01 6.52157E-02 1.67987E-02
 5.20313E-01 6.40236E-02 4.74703E-01 6.02143E-02 9.09350E+00 6.50123E-01 8.32183E-02 4.88321E+00 5.20435E-01 6.40390E-02 2.97032E-02
 5.51059E-01 6.25195E-02 5.02536E-01 5.79761E-02 9.34211E+00 6.88150E-01 7.97915E-02 5.01671E+00 5.51301E-01 6.25475E-02 5.49211E-02
 5.80855E-01 6.05237E-02 5.30727E-01 5.58303E-02 9.57985E+00 7.27180E-01 7.67171E-02 5.14438E+00 5.81382E-01 6.05791E-02 1.06465E-01
 6.08769E-01 5.80070E-02 5.58230E-01 5.37550E-02 9.80659E+00 7.65695E-01 7.39670E-02 5.26614E+00 6.10053E-01 5.81308E-02 2.16461E-01
 6.34629E-01 5.49788E-02 5.84103E-01 5.14981E-02 1.00221E+01 8.02081E-01 7.10874E-02 5.38186E+00 6.38283E-01 5.53017E-02 4.59198E-01
 6.57954E-01 5.14554E-02 6.08022E-01 4.87386E-02 1.02262E+01 8.35941E-01 6.74982E-02 5.49149E+00 6.70171E-01 5.24393E-02 9.96838E-01
 6.79022E-01 4.75950E-02 6.29375E-01 4.54538E-02 1.04190E+01 8.66074E-01 6.30985E-02 5.59501E+00 7.22763E-01 5.07759E-02 2.10584E+00
 6.97473E-01 4.36138E-02 6.48125E-01 4.18546E-02 1.06002E+01 8.92554E-01 5.81830E-02 5.69233E+00 8.32085E-01 5.23783E-02 3.94200E+00
 7.13545E-01 3.96999E-02 6.64467E-01 3.81892E-02 1.07698E+01 9.15635E-01 5.31237E-02 5.78339E+00 9.99661E-01 5.62857E-02 5.96488E+00
 7.27348E-01 3.59754E-02 6.78541E-01 3.46399E-02 1.09276E+01 9.35529E-01 4.81996E-02 5.86812E+00 1.14323E+00 5.73872E-02 7.33457E+00
 7.38937E-01 3.24981E-02 6.90411E-01 3.12997E-02 1.10735E+01 9.52326E-01 4.35550E-02 5.94645E+00 1.22122E+00 5.45414E-02 7.98008E+00
 7.48383E-01 2.92871E-02 7.00164E-01 2.82054E-02 1.12073E+01 9.66157E-01 3.92486E-02 6.01834E+00 1.25749E+00 4.99564E-02 8.25356E+00
 7.55746E-01 2.63414E-02 7.07868E-01 2.53636E-02 1.13291E+01 9.77120E-01 3.52922E-02 6.08375E+00 1.27602E+00 4.51223E-02 8.39091E+00
 7.61093E-01 2.36506E-02 7.13592E-01 2.27670E-02 1.14388E+01 9.85313E-01 3.16769E-02 6.14265E+00 1.28697E+00 4.05480E-02 8.48320E+00
 7.64500E-01 2.12008E-02 7.17411E-01 2.04030E-02 1.15363E+01 9.90839E-01 2.83854E-02 6.19502E+00 1.29357E+00 3.63497E-02 8.55775E+00
 7.66022E-01 1.89767E-02 7.19379E-01 1.82569E-02 1.16215E+01 9.93776E-01 2.53975E-02 6.24077E+00 1.29669E+00 3.25322E-02 8.62133E+00
 7.65771E-01 1.69627E-02 7.19606E-01 1.63139E-02 1.16946E+01 9.94277E-01 2.26924E-02 6.27998E+00 1.29671E+00 2.90746E-02 8.67555E+00
 3.08519E-01 7.85503E-02 2.83776E-01 7.98058E-02 6.18134E+00 3.89603E-01 1.12696E-01 3.31938E+00 3.08522E-01 7.85512E-02 8.82541E-04
 3.28336E-01 7.51021E-02 3.02345E-01 7.61180E-02 6.48153E+00 4.15238E-01 1.07419E-01 3.48058E+00 3.28341E-01 7.51032E-02 1.23458E-03
 3.50240E-01 7.14816E-02 3.22745E-01 7.22101E-02 6.76498E+00 4.43350E-01 1.01814E-01 3.63280E+00 3.50246E-01 7.14830E-02 1.76034E-03
 3.72431E-01 6.79256E-02 3.43217E-01 6.82992E-02 7.03361E+00 4.71482E-01 9.61799E-02 3.77705E+00 3.72440E-01 6.79274E-02 2.56536E-03
 3.95292E-01 6.46510E-02 3.63912E-01 6.45494E-02 7.28812E+00 4.99757E-01 9.07262E-02 3.91372E+00 3.95307E-01 6.46536E-02 3.83073E-03
 4.18890E-01 6.18262E-02 3.84796E-01 6.10814E-02 7.52872E+00 5.28088E-01 8.56048E-02 4.04292E+00 4.18913E-01 6.18298E-02 5.87635E-03
 4.42947E-01 5.95389E-02 4.05664E-01 5.79723E-02 7.75612E+00 5.56216E-01 8.09200E-02 4.16504E+00 4.42983E-01 5.95441E-02 9.28583E-03
 4.61625E-01 5.80782E-02 4.21732E-01 5.57992E-02 7.92380E+00 5.77817E-01 7.75930E-02 4.25508E+00 4.61680E-01 5.80855E-02 1.35273E-02
 4.66519E-01 5.77573E-02 4.25927E-01 5.52729E-02 7.96937E+00 5.83450E-01 7.67748E-02 4.27955E+00 4.66581E-01 5.77654E-02 1.51548E-02
 4.92050E-01 5.62099E-02 4.48458E-01 5.28336E-02 8.18013E+00 6.13988E-01 7.30050E-02 4.39273E+00 4.92165E-01 5.62234E-02 2.67198E-02
 5.17318E-01 5.44564E-02 4.71183E-01 5.04628E-02 8.37952E+00 6.44974E-01 6.94363E-02 4.49980E+00 5.17545E-01 5.44808E-02 4.92622E-02
 5.41426E-01 5.23379E-02 4.93884E-01 4.82215E-02 8.56776E+00 6.76359E-01 6.62379E-02 4.60089E+00 5.41916E-01 5.23857E-02 9.52169E-02
 5.63626E-01 4.98335E-02 5.15741E-01 4.60984E-02 8.74485E+00 7.06961E-01 6.33977E-02 4.69599E+00 5.64812E-01 4.99396E-02 1.93025E-01
 5.83838E-01 4.69571E-02 5.36015E-01 4.38874E-02 8.91068E+00 7.35493E-01 6.05423E-02 4.78504E+00 5.87190E-01 4.72322E-02 4.08275E-01
 6.01635E-01 4.37207E-02 5.54391E-01 4.13106E-02 9.06527E+00 7.61552E-01 5.71702E-02 4.86805E+00 6.12769E-01 4.45544E-02 8.83668E-01
 6.17331E-01 4.02535E-02 5.70409E-01 3.83420E-02 9.20868E+00 7.84198E-01 5.31858E-02 4.94506E+00 6.56945E-01 4.29351E-02 1.86121E+00
 6.30629E-01 3.67322E-02 5.84053E-01 3.51540E-02 9.34089E+00 8.03515E-01 4.88301E-02 5.01606E+00 7.51829E-01 4.40885E-02 3.47368E+00
 6.41776E-01 3.33089E-02 5.95521E-01 3.19505E-02 9.46191E+00 8.19764E-01 4.44092E-02 5.08105E+00 8.97959E-01 4.71749E-02 5.24050E+00
 6.50897E-01 3.00797E-02 6.04972E-01 2.88783E-02 9.57172E+00 8.33178E-01 4.01491E-02 5.14001E+00 1.02131E+00 4.79163E-02 6.42452E+00
 6.58074E-01 2.70866E-02 6.12488E-01 2.60094E-02 9.67031E+00 8.43875E-01 3.61623E-02 5.19296E+00 1.08547E+00 4.53896E-02 6.96890E+00
 6.63392E-01 2.43403E-02 6.18172E-01 2.33691E-02 9.75772E+00 8.52007E-01 3.24901E-02 5.23990E+00 1.11238E+00 4.14514E-02 7.18599E+00
 6.66931E-01 2.18349E-02 6.22107E-01 2.09581E-02 9.83397E+00 8.57692E-01 2.91359E-02 5.28084E+00 1.12365E+00 3.73406E-02 7.28351E+00
 6.68771E-01 1.95578E-02 6.24375E-01 1.87665E-02 9.89913E+00 8.61045E-01 2.60867E-02 5.31583E+00 1.12836E+00 3.34742E-02 7.34134E+00
 6.68997E-01 1.74942E-02 6.25061E-01 1.67805E-02 9.95327E+00 8.62183E-01 2.33237E-02 5.34491E+00 1.12941E+00 2.99426E-02 7.38341E+00
 6.67675E-01 1.56285E-02 6.24228E-01 1.49853E-02 9.99635E+00 8.61199E-01 2.08263E-02 5.36804E+00 1.12759E+00 2.67450E-02 7.41569E+00
 6.64917E-01 1.39453E-02 6.21987E-01 1.33662E-02 1.00286E+01 8.58245E-01 1.85740E-02 5.38534E+00 1.12326E+00 2.38598E-02 7.43964E+00
 3.09705E-01 7.50281E-02 2.83468E-01 7.58263E-02 5.66369E+00 3.88600E-01 1.06926E-01 3.04140E+00 3.09708E-01 7.50289E-02 8.08634E-04
 3.27804E-01 7.07142E-02 3.00623E-01 7.13068E-02 5.92433E+00 4.12364E-01 1.00492E-01 3.18136E+00 3.27809E-01 7.07152E-02 1.12844E-03
 3.47503E-01 6.64518E-02 3.19126E-01 6.68071E-02 6.16763E+00 4.37926E-01 9.40748E-02 3.31202E+00 3.47509E-01 6.64531E-02 1.60490E-03
 3.67176E-01 6.24095E-02 3.37404E-01 6.24782E-02 6.39560E+00 4.63095E-01 8.78786E-02 3.43444E+00 3.67185E-01 6.24112E-02 2.33266E-03
 3.87226E-01 5.87478E-02 3.55638E-01 5.84347E-02 6.60916E+00 4.88043E-01 8.20476E-02 3.54912E+00 3.87240E-01 5.87501E-02 3.47386E-03
 4.07721E-01 5.55946E-02 3.73807E-01 5.47615E-02 6.80869E+00 5.12705E-01 7.66845E-02 3.65627E+00 4.07743E-01 5.55978E-02 5.31435E-03
 4.28400E-01 5.30129E-02 3.91753E-01 5.15084E-02 6.99503E+00 5.36898E-01 7.18545E-02 3.75633E+00 4.28436E-01 5.30175E-02 8.37463E-03
 4.44279E-01 5.13456E-02 4.05395E-01 4.92551E-02 7.13096E+00 5.55228E-01 6.84629E-02 3.82933E+00 4.44332E-01 5.13520E-02 1.21738E-02
 4.48419E-01 5.09635E-02 4.08909E-01 4.87033E-02 7.16745E+00 5.59931E-01 6.76225E-02 3.84892E+00 4.48479E-01 5.09706E-02 1.36298E-02
 4.69860E-01 4.91696E-02 4.27761E-01 4.61707E-02 7.33494E+00 5.85453E-01 6.37799E-02 3.93886E+00 4.69970E-01 4.91815E-02 2.39590E-02
 4.90851E-01 4.72654E-02 4.46569E-01 4.37581E-02 7.49108E+00 6.11068E-01 6.01939E-02 4.02271E+00 4.91067E-01 4.72866E-02 4.40391E-02
 5.10626E-01 4.51048E-02 4.65126E-01 4.15014E-02 7.63616E+00 6.36699E-01 5.69839E-02 4.10062E+00 5.11087E-01 4.51459E-02 8.48637E-02
 5.28593E-01 4.26731E-02 4.82812E-01 3.93987E-02 7.77029E+00 6.61460E-01 5.41527E-02 4.17265E+00 5.29703E-01 4.27638E-02 1.71514E-01
 5.44737E-01 3.99829E-02 4.99042E-01 3.72780E-02 7.89346E+00 6.84314E-01 5.13875E-02 4.23879E+00 5.47857E-01 4.02166E-02 3.61667E-01
 5.58676E-01 3.70417E-02 5.13528E-01 3.49013E-02 8.00578E+00 7.04891E-01 4.82606E-02 4.29911E+00 5.68984E-01 3.77456E-02 7.80391E-01
 5.70759E-01 3.39540E-02 5.25948E-01 3.22433E-02 8.10744E+00 7.22484E-01 4.46868E-02 4.35369E+00 6.07262E-01 3.62075E-02 1.63864E+00
 5.80719E-01 3.08616E-02 5.36279E-01 2.94414E-02 8.19850E+00 7.37152E-01 4.08576E-02 4.40259E+00 6.91921E-01 3.70176E-02 3.04885E+00
 5.88795E-01 2.78857E-02 5.44708E-01 2.66600E-02 8.27906E+00 7.49140E-01 3.70205E-02 4.44585E+00 8.22927E-01 3.94457E-02 4.58537E+00
 5.95117E-01 2.51004E-02 5.51396E-01 2.40158E-02 8.34921E+00 7.58682E-01 3.33563E-02 4.48352E+00 9.32439E-01 3.99204E-02 5.60397E+00
 5.99773E-01 2.25356E-02 5.56428E-01 2.15638E-02 8.40904E+00 7.65901E-01 2.99513E-02 4.51565E+00 9.87703E-01 3.76961E-02 6.05996E+00
 6.02852E-01 2.01956E-02 5.59908E-01 1.93204E-02 8.45867E+00 7.70948E-01 2.68337E-02 4.54230E+00 1.00916E+00 3.43287E-02 6.22932E+00
 6.04435E-01 1.80716E-02 5.61921E-01 1.72825E-02 8.49822E+00 7.73942E-01 2.40009E-02 4.56354E+00 1.01659E+00 3.08455E-02 6.29419E+00
 6.04603E-01 1.61500E-02 5.62547E-01 1.54387E-02 8.52784E+00 7.74997E-01 2.14380E-02 4.57945E+00 1.01830E+00 2.75872E-02 6.32437E+00
 6.03438E-01 1.44157E-02 5.61867E-01 1.37750E-02 8.54769E+00 7.74226E-01 1.91254E-02 4.59011E+00 1.01691E+00 2.46241E-02 6.34074E+00
 6.01004E-01 1.28537E-02 5.59945E-01 1.22770E-02 8.55781E+00 7.71718E-01 1.70434E-02 4.59554E+00 1.01317E+00 2.19517E-02 6.34853E+00
 5.97400E-01 1.14494E-02 5.56879E-01 1.09307E-02 8.55849E+00 7.67611E-01 1.51725E-02 4.59591E+00 1.00737E+00 1.95488E-02 6.34907E+00
 3.11800E-01 7.10691E-02 2.84089E-01 7.13790E-02 5.19372E+00 3.88912E-01 1.00486E-01 2.78902E+00 3.11803E-01 7.10698E-02 7.41534E-04
 3.28211E-01 6.61316E-02 2.99818E-01 6.62839E-02 5.41911E+00 4.10770E-01 9.32619E-02 2.91006E+00 3.28216E-01 6.61325E-02 1.03221E-03
 3.45733E-01 6.14321E-02 3.16423E-01 6.14054E-02 5.62702E+00 4.33769E-01 8.63339E-02 3.02171E+00 3.45739E-01 6.14333E-02 1.46423E-03
 3.62890E-01 5.70787E-02 3.32503E-01 5.68365E-02 5.81948E+00 4.55969E-01 7.98273E-02 3.12506E+00 3.62899E-01 5.70802E-02 2.12253E-03
 3.80205E-01 5.31790E-02 3.48330E-01 5.26471E-02 5.99757E+00 4.77658E-01 7.38260E-02 3.22070E+00 3.80218E-01 5.31811E-02 3.15240E-03
 3.97737E-01 4.98257E-02 3.63898E-01 4.88907E-02 6.16184E+00 4.98800E-01 6.83906E-02 3.30891E+00 3.97758E-01 4.98286E-02 4.80946E-03
 4.15167E-01 4.70617E-02 3.79027E-01 4.55949E-02 6.31318E+00 5.19197E-01 6.35538E-02 3.39018E+00 4.15202E-01 4.70658E-02 7.55830E-03
 4.28374E-01 4.52656E-02 3.90355E-01 4.33288E-02 6.42222E+00 5.34409E-01 6.01883E-02 3.44873E+00 4.28425E-01 4.52713E-02 1.09638E-02
 4.31816E-01 4.48434E-02 3.93256E-01 4.27698E-02 6.45105E+00 5.38282E-01 5.93502E-02 3.46422E+00 4.31874E-01 4.48497E-02 1.22675E-02
 4.49395E-01 4.28987E-02 4.08625E-01 4.02253E-02 6.58228E+00 5.59053E-01 5.55438E-02 3.53468E+00 4.49500E-01 4.29090E-02 2.15005E-02
 4.66380E-01 4.09240E-02 4.23771E-01 3.78400E-02 6.70243E+00 5.79648E-01 5.20334E-02 3.59921E+00 4.66584E-01 4.09423E-02 3.94028E-02
 4.82103E-01 3.87820E-02 4.38469E-01 3.56269E-02 6.81186E+00 5.99926E-01 4.88943E-02 3.65797E+00 4.82538E-01 3.88174E-02 7.57029E-02
 4.96113E-01 3.64610E-02 4.52275E-01 3.35895E-02 6.91074E+00 6.19261E-01 4.61376E-02 3.71107E+00 4.97153E-01 3.65383E-02 1.52541E-01
 5.08451E-01 3.39728E-02 4.64745E-01 3.15880E-02 6.99917E+00 6.36847E-01 4.35086E-02 3.75855E+00 5.11356E-01 3.41707E-02 3.20692E-01
 5.18758E-01 3.13196E-02 4.75591E-01 2.94172E-02 7.07734E+00 6.52302E-01 4.06399E-02 3.80053E+00 5.28300E-01 3.19126E-02 6.89888E-01
 5.27432E-01 2.85844E-02 4.84625E-01 2.70513E-02 7.14550E+00 6.65142E-01 3.74537E-02 3.83713E+00 5.61044E-01 3.04735E-02 1.44422E+00
 5.34212E-01 2.58798E-02 4.91809E-01 2.45993E-02 7.20380E+00 6.75398E-01 3.41021E-02 3.86844E+00 6.36111E-01 3.10186E-02 2.67894E+00
 5.39337E-01 2.33014E-02 4.97328E-01 2.21929E-02 7.25242E+00 6.83309E-01 3.07840E-02 3.89455E+00 7.52914E-01 3.29149E-02 4.01677E+00
 5.42939E-01 2.09054E-02 5.01338E-01 1.99241E-02 7.29150E+00 6.89102E-01 2.76421E-02 3.91554E+00 8.49349E-01 3.31877E-02 4.89404E+00
 5.45110E-01 1.87122E-02 5.03929E-01 1.78335E-02 7.32124E+00 6.92906E-01 2.47416E-02 3.93151E+00 8.96095E-01 3.12368E-02 5.27604E+00
 5.45941E-01 1.67215E-02 5.05204E-01 1.59312E-02 7.34180E+00 6.94868E-01 2.21004E-02 3.94255E+00 9.12177E-01 2.83626E-02 5.40681E+00
 5.45515E-01 1.49229E-02 5.05248E-01 1.42114E-02 7.35338E+00 6.95109E-01 1.97122E-02 3.94877E+00 9.15715E-01 2.54151E-02 5.44627E+00
 5.43912E-01 1.33025E-02 5.04142E-01 1.26622E-02 7.35619E+00 6.93742E-01 1.75608E-02 3.95028E+00 9.14263E-01 2.26720E-02 5.45546E+00
 5.41212E-01 1.18457E-02 5.01963E-01 1.12698E-02 7.35045E+00 6.90876E-01 1.56274E-02 3.94719E+00 9.10203E-01 2.01878E-02 5.45262E+00
 5.37480E-01 1.05384E-02 4.98774E-01 1.00208E-02 7.33628E+00 6.86600E-01 1.38934E-02 3.93958E+00 9.04213E-01 1.79555E-02 5.44235E+00
 5.32804E-01 9.36698E-03 4.94665E-01 8.90215E-03 7.31400E+00 6.81038E-01 1.23406E-02 3.92762E+00 8.96567E-01 1.59553E-02 5.42585E+00
 3.14477E-01 6.69264E-02 2.85391E-01 6.67378E-02 4.76465E+00 3.90219E-01 9.37702E-02 2.55861E+00 3.14481E-01 6.69272E-02 6.80273E-04
 3.29141E-01 6.15675E-02 2.99591E-01 6.12803E-02 4.95852E+00 4.10010E-01 8.60589E-02 2.66273E+00 3.29145E-01 6.15683E-02 9.44481E-04
 3.44412E-01 5.65984E-02 3.14201E-01 5.61959E-02 5.13502E+00 4.30302E-01 7.88655E-02 2.75751E+00 3.44418E-01 5.65994E-02 1.33621E-03
 3.59128E-01 5.20750E-02 3.28089E-01 5.15283E-02 5.29622E+00 4.49514E-01 7.22473E-02 2.84407E+00 3.59137E-01 5.20764E-02 1.93168E-03
 3.73647E-01 4.80572E-02 3.41455E-01 4.73081E-02 5.44330E+00 4.67869E-01 6.62360E-02 2.92305E+00 3.73661E-01 4.80591E-02 2.86107E-03
 3.88220E-01 4.46061E-02 3.54422E-01 4.35622E-02 5.57695E+00 4.85491E-01 6.08565E-02 2.99482E+00 3.88241E-01 4.46086E-02 4.35294E-03
 4.02491E-01 4.17504E-02 3.66800E-01 4.03011E-02 5.69810E+00 5.02174E-01 5.61165E-02 3.05988E+00 4.02524E-01 4.17541E-02 6.82192E-03
 4.13117E-01 3.98890E-02 3.75895E-01 3.80733E-02 5.78410E+00 5.14381E-01 5.28445E-02 3.10606E+00 4.13166E-01 3.98940E-02 9.87444E-03
 4.15888E-01 3.94437E-02 3.78202E-01 3.75206E-02 5.80642E+00 5.17448E-01 5.20265E-02 3.11805E+00 4.15943E-01 3.94491E-02 1.10416E-02
 4.29777E-01 3.74223E-02 3.90248E-01 3.50247E-02 5.90690E+00 5.33685E-01 4.83361E-02 3.17201E+00 4.29877E-01 3.74313E-02 1.92944E-02
 4.42983E-01 3.54371E-02 4.01939E-01 3.27166E-02 5.99676E+00 5.49547E-01 4.49676E-02 3.22026E+00 4.43177E-01 3.54529E-02 3.52542E-02
 4.54934E-01 3.33595E-02 4.13052E-01 3.05912E-02 6.07638E+00 5.64854E-01 4.19609E-02 3.26302E+00 4.55343E-01 3.33899E-02 6.75292E-02
 4.65288E-01 3.11769E-02 4.23279E-01 2.86534E-02 6.14602E+00 5.79186E-01 3.93293E-02 3.30041E+00 4.66261E-01 3.12429E-02 1.35661E-01
 4.74134E-01 2.88981E-02 4.32301E-01 2.67890E-02 6.20584E+00 5.91938E-01 3.68655E-02 3.33253E+00 4.76835E-01 2.90659E-02 2.84343E-01
 4.81152E-01 2.65213E-02 4.39850E-01 2.48233E-02 6.25610E+00 6.02756E-01 3.42582E-02 3.35953E+00 4.89972E-01 2.70213E-02 6.09835E-01
 4.86719E-01 2.41103E-02 4.45813E-01 2.27301E-02 6.29711E+00 6.11291E-01 3.14357E-02 3.38155E+00 5.17616E-01 2.56963E-02 1.27274E+00
 4.90630E-01 2.17534E-02 4.50165E-01 2.05935E-02 6.32909E+00 6.17579E-01 2.85154E-02 3.39872E+00 5.83818E-01 2.60510E-02 2.35365E+00
 4.93101E-01 1.95247E-02 4.53071E-01 1.85179E-02 6.35226E+00 6.21831E-01 2.56551E-02 3.41116E+00 6.87481E-01 2.75374E-02 3.51821E+00
 4.94261E-01 1.74666E-02 4.54683E-01 1.65749E-02 6.36684E+00 6.24269E-01 2.29668E-02 3.41899E+00 7.71867E-01 2.76725E-02 4.27341E+00
 4.94202E-01 1.55923E-02 4.55089E-01 1.47944E-02 6.37307E+00 6.25018E-01 2.04990E-02 3.42234E+00 8.10825E-01 2.59701E-02 4.59275E+00
 4.93013E-01 1.38984E-02 4.54389E-01 1.31818E-02 6.37119E+00 6.24219E-01 1.82624E-02 3.42133E+00 8.22042E-01 2.35188E-02 4.69201E+00
 4.90777E-01 1.23740E-02 4.52665E-01 1.17299E-02 6.36142E+00 6.21990E-01 1.62484E-02 3.41608E+00 8.22065E-01 2.10233E-02 4.71157E+00
 4.87570E-01 1.10055E-02 4.49993E-01 1.04267E-02 6.34403E+00 6.18438E-01 1.44409E-02 3.40675E+00 8.17749E-01 1.87111E-02 4.70483E+00
 4.83467E-01 9.77922E-03 4.46449E-01 9.25950E-03 6.31928E+00 6.13666E-01 1.28221E-02 3.39345E+00 8.11252E-01 1.66245E-02 4.68769E+00
 4.78532E-01 8.68218E-03 4.42092E-01 8.21585E-03 6.28735E+00 6.07760E-01 1.13750E-02 3.37631E+00 8.03185E-01 1.47554E-02 4.66421E+00
 4.72844E-01 7.70197E-03 4.37002E-01 7.28388E-03 6.24857E+00 6.00832E-01 1.00828E-02 3.35548E+00 7.93797E-01 1.30855E-02 4.63547E+00
 3.17756E-01 6.28387E-02 2.87433E-01 6.21594E-02 4.36808E+00 3.92620E-01 8.71455E-02 2.34566E+00 3.17759E-01 6.28394E-02 6.23653E-04
 3.30667E-01 5.72069E-02 3.00056E-01 5.64965E-02 4.53384E+00 4.10260E-01 7.91708E-02 2.43467E+00 3.30672E-01 5.72077E-02 8.63589E-04
 3.43816E-01 5.20868E-02 3.12739E-01 5.13275E-02 4.68260E+00 4.27916E-01 7.18840E-02 2.51455E+00 3.43822E-01 5.20878E-02 1.21848E-03
 3.56370E-01 4.74861E-02 3.24620E-01 4.66538E-02 4.81642E+00 4.44366E-01 6.52844E-02 2.58642E+00 3.56379E-01 4.74874E-02 1.75668E-03
 3.68398E-01 4.34318E-02 3.35754E-01 4.24779E-02 4.93657E+00 4.59681E-01 5.93662E-02 2.65094E+00 3.68411E-01 4.34335E-02 2.59473E-03
 3.80119E-01 3.99545E-02 3.46261E-01 3.88026E-02 5.04383E+00 4.73993E-01 5.41228E-02 2.70853E+00 3.80139E-01 3.99568E-02 3.93683E-03
 3.91649E-01 3.70687E-02 3.56231E-01 3.56234E-02 5.13917E+00 4.87418E-01 4.95407E-02 2.75974E+00 3.91681E-01 3.70719E-02 6.15275E-03
 4.00024E-01 3.51852E-02 3.63379E-01 3.34646E-02 5.20558E+00 4.97002E-01 4.64002E-02 2.79539E+00 4.00071E-01 3.51896E-02 8.88681E-03
 4.02228E-01 3.47283E-02 3.65187E-01 3.29263E-02 5.22240E+00 4.99393E-01 4.56123E-02 2.80443E+00 4.02282E-01 3.47331E-02 9.93106E-03
 4.12989E-01 3.26813E-02 3.74444E-01 3.05148E-02 5.29701E+00 5.11838E-01 4.20827E-02 2.84450E+00 4.13085E-01 3.26891E-02 1.73023E-02
 4.23031E-01 3.07234E-02 3.83276E-01 2.83112E-02 5.36158E+00 5.23795E-01 3.88905E-02 2.87917E+00 4.23216E-01 3.07370E-02 3.15201E-02
 4.31862E-01 2.87341E-02 3.91453E-01 2.62966E-02 5.41650E+00 5.35044E-01 3.60481E-02 2.90866E+00 4.32250E-01 2.87602E-02 6.01957E-02
 4.39228E-01 2.66988E-02 3.98775E-01 2.44746E-02 5.46211E+00 5.45322E-01 3.35674E-02 2.93315E+00 4.40145E-01 2.67551E-02 1.20565E-01
 4.45253E-01 2.46226E-02 4.05025E-01 2.27519E-02 5.49861E+00 5.54197E-01 3.12796E-02 2.95275E+00 4.47783E-01 2.47651E-02 2.51938E-01
 4.49648E-01 2.24997E-02 4.09951E-01 2.09796E-02 5.52633E+00 5.61325E-01 2.89211E-02 2.96764E+00 4.57864E-01 2.29220E-02 5.38698E-01
 4.52761E-01 2.03783E-02 4.13497E-01 1.91317E-02 5.54561E+00 5.66476E-01 2.64269E-02 2.97799E+00 4.81398E-01 2.17119E-02 1.12085E+00
 4.54436E-01 1.83263E-02 4.15650E-01 1.72725E-02 5.55671E+00 5.69686E-01 2.38861E-02 2.98395E+00 5.40408E-01 2.19268E-02 2.06642E+00
 4.54863E-01 1.64005E-02 4.16553E-01 1.54834E-02 5.55992E+00 5.71138E-01 2.14224E-02 2.98567E+00 6.33413E-01 2.30921E-02 3.07937E+00
 4.54164E-01 1.46323E-02 4.16349E-01 1.38197E-02 5.55549E+00 5.71038E-01 1.91228E-02 2.98330E+00 7.08119E-01 2.31309E-02 3.72883E+00
 4.52426E-01 1.30292E-02 4.15121E-01 1.23029E-02 5.54370E+00 5.69506E-01 1.70228E-02 2.97696E+00 7.40951E-01 2.16480E-02 3.99506E+00
 4.49736E-01 1.15860E-02 4.12962E-01 1.09347E-02 5.52482E+00 5.66672E-01 1.51276E-02 2.96683E+00 7.48455E-01 1.95559E-02 4.06871E+00
 4.46170E-01 1.02918E-02 4.09949E-01 9.70734E-03 5.49913E+00 5.62647E-01 1.34272E-02 2.95303E+00 7.45874E-01 1.74401E-02 4.07291E+00
 4.41801E-01 9.13367E-03 4.06155E-01 8.60944E-03 5.46691E+00 5.57531E-01 1.19063E-02 2.93573E+00 7.39487E-01 1.54876E-02 4.05434E+00
 4.36698E-01 8.09900E-03 4.01647E-01 7.62912E-03 5.42845E+00 5.51419E-01 1.05486E-02 2.91508E+00 7.31259E-01 1.37311E-02 4.02686E+00
 4.30921E-01 7.17598E-03 3.96483E-01 6.75514E-03 5.38398E+00 5.44391E-01 9.33833E-03 2.89120E+00 7.21749E-01 1.21624E-02 3.99405E+00
 4.24541E-01 6.35342E-03 3.90734E-01 5.97681E-03 5.33384E+00 5.36546E-01 8.26074E-03 2.86427E+00 7.11180E-01 1.07645E-02 3.95688E+00
 3.21055E-01 5.90009E-02 2.89640E-01 5.78522E-02 4.01059E+00 3.95307E-01 8.09102E-02 2.15369E+00 3.21058E-01 5.90015E-02 5.72613E-04
 3.32119E-01 5.31935E-02 3.00570E-01 5.20863E-02 4.15196E+00 4.10626E-01 7.28184E-02 2.22960E+00 3.32123E-01 5.31942E-02 7.90850E-04
 3.43239E-01 4.79933E-02 3.11345E-01 4.69060E-02 4.27678E+00 4.25644E-01 6.55419E-02 2.29663E+00 3.43245E-01 4.79942E-02 1.11288E-03
 3.53512E-01 4.33714E-02 3.21135E-01 4.22804E-02 4.38710E+00 4.39226E-01 5.90362E-02 2.35587E+00 3.53520E-01 4.33725E-02 1.60010E-03
 3.63111E-01 3.93293E-02 3.30073E-01 3.81907E-02 4.48426E+00 4.51543E-01 5.32674E-02 2.40805E+00 3.63124E-01 3.93308E-02 2.35698E-03
 3.72138E-01 3.58729E-02 3.38227E-01 3.46204E-02 4.56910E+00 4.62676E-01 4.82038E-02 2.45361E+00 3.72158E-01 3.58749E-02 3.56629E-03
 3.81017E-01 3.29961E-02 3.45872E-01 3.15481E-02 4.64265E+00 4.72956E-01 4.38093E-02 2.49310E+00 3.81049E-01 3.29990E-02 5.55830E-03
 3.87237E-01 3.11196E-02 3.51162E-01 2.94745E-02 4.69259E+00 4.80040E-01 4.08185E-02 2.51992E+00 3.87283E-01 3.11234E-02 8.01105E-03
 3.88942E-01 3.06588E-02 3.52515E-01 2.89550E-02 4.70483E+00 4.81809E-01 4.00656E-02 2.52649E+00 3.88994E-01 3.06630E-02 8.94684E-03
 3.96775E-01 2.86201E-02 3.59154E-01 2.66472E-02 4.75793E+00 4.90689E-01 3.67180E-02 2.55501E+00 3.96867E-01 2.86270E-02 1.55414E-02
 4.03891E-01 2.67130E-02 3.65342E-01 2.45611E-02 4.80160E+00 4.99036E-01 3.37165E-02 2.57846E+00 4.04067E-01 2.67249E-02 2.82280E-02
 4.09861E-01 2.48249E-02 3.70834E-01 2.26683E-02 4.83627E+00 5.06577E-01 3.10532E-02 2.59708E+00 4.10228E-01 2.48474E-02 5.37474E-02
 4.14505E-01 2.29374E-02 3.75520E-01 2.09686E-02 4.86231E+00 5.13182E-01 2.87348E-02 2.61106E+00 4.15368E-01 2.29856E-02 1.07326E-01
 4.17973E-01 2.10513E-02 3.79268E-01 1.93851E-02 4.87999E+00 5.18559E-01 2.66233E-02 2.62055E+00 4.20341E-01 2.11725E-02 2.23594E-01
 4.20004E-01 1.91572E-02 3.81840E-01 1.77910E-02 4.88967E+00 5.22382E-01 2.44962E-02 2.62575E+00 4.27652E-01 1.95151E-02 4.76637E-01
 4.20914E-01 1.72905E-02 3.83226E-01 1.61607E-02 4.89171E+00 5.24511E-01 2.22938E-02 2.62685E+00 4.47435E-01 1.84159E-02 9.88690E-01
 4.20591E-01 1.55025E-02 3.83421E-01 1.45422E-02 4.88643E+00 5.24984E-01 2.00825E-02 2.62402E+00 4.99827E-01 1.85302E-02 1.81716E+00
 4.19199E-01 1.38360E-02 3.82551E-01 1.29984E-02 4.87414E+00 5.23958E-01 1.79584E-02 2.61741E+00 5.83016E-01 1.94463E-02 2.69955E+00
 4.16855E-01 1.23135E-02 3.80746E-01 1.15714E-02 4.85514E+00 5.21625E-01 1.59882E-02 2.60721E+00 6.48855E-01 1.94198E-02 3.25876E+00
 4.13640E-01 1.09388E-02 3.78086E-01 1.02762E-02 4.82972E+00 5.18096E-01 1.41973E-02 2.59356E+00 6.76142E-01 1.81279E-02 3.48053E+00
 4.09636E-01 9.70547E-03 3.74656E-01 9.11231E-03 4.79818E+00 5.13493E-01 1.25872E-02 2.57662E+00 6.80346E-01 1.63376E-02 3.53358E+00
 4.04915E-01 8.60277E-03 3.70530E-01 8.07154E-03 4.76083E+00 5.07918E-01 1.11473E-02 2.55657E+00 6.75491E-01 1.45380E-02 3.52610E+00
 3.99543E-01 7.61886E-03 3.65773E-01 7.14331E-03 4.71798E+00 5.01463E-01 9.86331E-03 2.53355E+00 6.67318E-01 1.28831E-02 3.49892E+00
 3.93587E-01 6.74216E-03 3.60448E-01 6.31678E-03 4.66992E+00 4.94216E-01 8.72020E-03 2.50774E+00 6.57615E-01 1.13986E-02 3.46418E+00
 3.87099E-01 5.96205E-03 3.54609E-01 5.58185E-03 4.61690E+00 4.86252E-01 7.70400E-03 2.47928E+00 6.46892E-01 1.00762E-02 3.42500E+00
 3.80146E-01 5.26851E-03 3.48317E-01 4.92898E-03 4.55928E+00 4.77657E-01 6.80147E-03 2.44833E+00 6.35348E-01 8.90080E-03 3.38228E+00
 3.23932E-01 5.55301E-02 2.91613E-01 5.39433E-02 3.68306E+00 3.97738E-01 7.52469E-02 1.97780E+00 3.23935E-01 5.55306E-02 5.25850E-04
 3.33200E-01 4.95989E-02 3.00846E-01 4.81290E-02 3.80315E+00 4.10705E-01 6.71158E-02 2.04229E+00 3.33204E-01 4.95996E-02 7.24410E-04
 3.42274E-01 4.43506E-02 3.09699E-01 4.29705E-02 3.90721E+00 4.23070E-01 5.98965E-02 2.09817E+00 3.42280E-01 4.43515E-02 1.01671E-03
 3.50386E-01 3.97334E-02 3.17489E-01 3.84154E-02 3.99727E+00 4.33902E-01 5.35152E-02 2.14654E+00 3.50394E-01 3.97344E-02 1.45792E-03
 3.57741E-01 3.57260E-02 3.24380E-01 3.44274E-02 4.07471E+00 4.43414E-01 4.79148E-02 2.18812E+00 3.57753E-01 3.57273E-02 2.14172E-03
 3.64447E-01 3.23133E-02 3.30454E-01 3.09738E-02 4.14044E+00 4.51715E-01 4.30431E-02 2.22342E+00 3.64466E-01 3.23151E-02 3.23172E-03
 3.70830E-01 2.94693E-02 3.35936E-01 2.80178E-02 4.19552E+00 4.59080E-01 3.88439E-02 2.25299E+00 3.70860E-01 2.94718E-02 5.02298E-03
 3.75194E-01 2.76173E-02 3.39604E-01 2.60352E-02 4.23159E+00 4.63973E-01 3.60063E-02 2.27236E+00 3.75238E-01 2.76207E-02 7.22404E-03
 3.76407E-01 2.71571E-02 3.40529E-01 2.55358E-02 4.23999E+00 4.65163E-01 3.52891E-02 2.27687E+00 3.76457E-01 2.71608E-02 8.06288E-03
 3.81693E-01 2.51477E-02 3.44910E-01 2.33386E-02 4.27514E+00 4.70979E-01 3.21281E-02 2.29575E+00 3.81781E-01 2.51537E-02 1.39644E-02
 3.86271E-01 2.33044E-02 3.48807E-01 2.13732E-02 4.30151E+00 4.76199E-01 2.93179E-02 2.30991E+00 3.86440E-01 2.33147E-02 2.52881E-02
 3.89796E-01 2.15216E-02 3.52022E-01 1.96042E-02 4.31955E+00 4.80603E-01 2.68358E-02 2.31960E+00 3.90145E-01 2.15410E-02 4.80048E-02
 3.92136E-01 1.97764E-02 3.54492E-01 1.80266E-02 4.32966E+00 4.84125E-01 2.46813E-02 2.32503E+00 3.92950E-01 1.98178E-02 9.55685E-02
 3.93458E-01 1.80648E-02 3.56153E-01 1.65754E-02 4.33216E+00 4.86589E-01 2.27400E-02 2.32637E+00 3.95681E-01 1.81684E-02 1.98493E-01
 3.93522E-01 1.63746E-02 3.56779E-01 1.51430E-02 4.32744E+00 4.87683E-01 2.08240E-02 2.32384E+00 4.00665E-01 1.66789E-02 4.21832E-01
 3.92618E-01 1.47301E-02 3.56394E-01 1.37038E-02 4.31590E+00 4.87340E-01 1.88785E-02 2.31764E+00 4.17264E-01 1.56833E-02 8.72310E-01
 3.90664E-01 1.31693E-02 3.55002E-01 1.22928E-02 4.29787E+00 4.85597E-01 1.69515E-02 2.30796E+00 4.63965E-01 1.57254E-02 1.59829E+00
 3.87804E-01 1.17239E-02 3.52708E-01 1.09581E-02 4.27368E+00 4.82586E-01 1.51168E-02 2.29497E+00 5.38700E-01 1.64471E-02 2.36699E+00
 3.84144E-01 1.04095E-02 3.49632E-01 9.73115E-03 4.24366E+00 4.78484E-01 1.34249E-02 2.27885E+00 5.96974E-01 1.63772E-02 2.84834E+00
 3.79761E-01 9.22691E-03 3.45849E-01 8.62218E-03 4.20813E+00 4.73393E-01 1.18936E-02 2.25977E+00 6.19632E-01 1.52501E-02 3.03259E+00
 3.74730E-01 8.16921E-03 3.41436E-01 7.62887E-03 4.16741E+00 4.67424E-01 1.05214E-02 2.23790E+00 6.21173E-01 1.37135E-02 3.06905E+00
 3.69119E-01 7.22614E-03 3.36461E-01 6.74324E-03 4.12180E+00 4.60671E-01 9.29795E-03 2.21341E+00 6.14546E-01 1.21772E-02 3.05280E+00
 3.62988E-01 6.38680E-03 3.30984E-01 5.95546E-03 4.07163E+00 4.53218E-01 8.20987E-03 2.18647E+00 6.05021E-01 1.07690E-02 3.01958E+00
 3.56398E-01 5.64073E-03 3.25062E-01 5.25575E-03 4.01720E+00 4.45145E-01 7.24364E-03 2.15724E+00 5.94231E-01 9.50913E-03 2.97999E+00
 3.49399E-01 4.97841E-03 3.18744E-01 4.63509E-03 3.95879E+00 4.36520E-01 6.38678E-03 2.12587E+00 5.82642E-01 8.38953E-03 2.93679E+00
 3.42048E-01 4.39089E-03 3.12086E-01 4.08499E-03 3.89673E+00 4.27422E-01 5.62752E-03 2.09254E+00 5.70431E-01 7.39659E-03 2.89077E+00
 3.26428E-01 5.25643E-02 2.93346E-01 5.05739E-02 3.38838E+00 3.99882E-01 7.03555E-02 1.81956E+00 3.26432E-01 5.25648E-02 4.83777E-04
 3.33904E-01 4.65153E-02 3.00862E-01 4.47190E-02 3.49001E+00 4.10467E-01 6.21967E-02 1.87414E+00 3.33908E-01 4.65159E-02 6.64764E-04
 3.40968E-01 4.12175E-02 3.07824E-01 3.95799E-02 3.57612E+00 4.20218E-01 5.50307E-02 1.92038E+00 3.40974E-01 4.12182E-02 9.30557E-04
 3.47029E-01 3.66013E-02 3.13705E-01 3.50882E-02 3.64873E+00 4.28418E-01 4.87624E-02 1.95937E+00 3.47038E-01 3.66022E-02 1.33079E-03
 3.52294E-01 3.26262E-02 3.18678E-01 3.11930E-02 3.70925E+00 4.35299E-01 4.33156E-02 1.99187E+00 3.52307E-01 3.26275E-02 1.94963E-03
 3.56880E-01 2.92587E-02 3.22840E-01 2.78479E-02 3.75867E+00 4.40991E-01 3.86204E-02 2.01841E+00 3.56899E-01 2.92603E-02 2.93373E-03
 3.60991E-01 2.64556E-02 3.26350E-01 2.50027E-02 3.79806E+00 4.45697E-01 3.46036E-02 2.03956E+00 3.61021E-01 2.64579E-02 4.54714E-03
 3.63787E-01 2.46338E-02 3.28617E-01 2.31061E-02 3.82241E+00 4.48684E-01 3.19083E-02 2.05263E+00 3.63830E-01 2.46368E-02 6.52551E-03
 3.64487E-01 2.41772E-02 3.29113E-01 2.26265E-02 3.82759E+00 4.49304E-01 3.12252E-02 2.05542E+00 3.64535E-01 2.41805E-02 7.27865E-03
 3.67518E-01 2.22061E-02 3.31501E-01 2.05357E-02 3.84774E+00 4.52416E-01 2.82397E-02 2.06624E+00 3.67603E-01 2.22113E-02 1.25684E-02
 3.69869E-01 2.04304E-02 3.33391E-01 1.86858E-02 3.85976E+00 4.54899E-01 2.56102E-02 2.07269E+00 3.70030E-01 2.04394E-02 2.26910E-02
 3.71271E-01 1.87495E-02 3.34641E-01 1.70352E-02 3.86411E+00 4.56598E-01 2.33007E-02 2.07503E+00 3.71602E-01 1.87664E-02 4.29434E-02
 3.71623E-01 1.71359E-02 3.35214E-01 1.55732E-02 3.86124E+00 4.57487E-01 2.13027E-02 2.07349E+00 3.72393E-01 1.71717E-02 8.52292E-02
 3.71112E-01 1.55806E-02 3.35102E-01 1.42438E-02 3.85151E+00 4.57482E-01 1.95195E-02 2.06826E+00 3.73202E-01 1.56696E-02 1.76471E-01
 3.69507E-01 1.40686E-02 3.34088E-01 1.29547E-02 3.83532E+00 4.56281E-01 1.77918E-02 2.05957E+00 3.76192E-01 1.43287E-02 3.73861E-01
 3.67075E-01 1.26153E-02 3.32223E-01 1.16808E-02 3.81309E+00 4.53875E-01 1.60689E-02 2.04763E+00 3.90033E-01 1.34269E-02 7.70685E-01
 3.63760E-01 1.12478E-02 3.29515E-01 1.04466E-02 3.78518E+00 4.50298E-01 1.43841E-02 2.03264E+00 4.31740E-01 1.34172E-02 1.40763E+00
 3.59684E-01 9.98901E-03 3.26051E-01 9.28817E-03 3.75194E+00 4.45661E-01 1.27934E-02 2.01479E+00 4.99047E-01 1.39868E-02 2.07802E+00
 3.54946E-01 8.84920E-03 3.21944E-01 8.22888E-03 3.71369E+00 4.40126E-01 1.13346E-02 1.99425E+00 5.50730E-01 1.38883E-02 2.49262E+00
 3.49616E-01 7.82715E-03 3.17259E-01 7.27504E-03 3.67079E+00 4.33784E-01 1.00194E-02 1.97121E+00 5.69436E-01 1.29018E-02 2.64535E+00
 3.43765E-01 6.91556E-03 3.12069E-01 6.42330E-03 3.62355E+00 4.26738E-01 8.84451E-03 1.94584E+00 5.68774E-01 1.15768E-02 2.66853E+00
 3.37452E-01 6.10482E-03 3.06433E-01 5.66589E-03 3.57229E+00 4.19071E-01 7.79981E-03 1.91832E+00 5.60735E-01 1.02586E-02 2.64581E+00
 3.30734E-01 5.38496E-03 3.00407E-01 4.99383E-03 3.51733E+00 4.10861E-01 6.87300E-03 1.88880E+00 5.50165E-01 9.05404E-03 2.60850E+00
 3.23666E-01 4.74655E-03 2.94042E-01 4.39829E-03 3.45897E+00 4.02179E-01 6.05194E-03 1.85747E+00 5.38562E-01 7.97890E-03 2.56589E+00
 3.16294E-01 4.18104E-03 2.87383E-01 3.87124E-03 3.39750E+00 3.93087E-01 5.32547E-03 1.82446E+00 5.26348E-01 7.02566E-03 2.52040E+00
 3.08668E-01 3.68047E-03 2.80479E-01 3.40512E-03 3.33324E+00 3.83654E-01 4.68316E-03 1.78995E+00 5.13684E-01 6.18208E-03 2.47275E+00
 3.28189E-01 5.01235E-02 2.94485E-01 4.77680E-02 3.12480E+00 4.01248E-01 6.62710E-02 1.67802E+00 3.28192E-01 5.01240E-02 4.46143E-04
 3.33899E-01 4.39385E-02 3.00309E-01 4.18539E-02 3.21044E+00 4.09480E-01 5.80581E-02 1.72400E+00 3.33903E-01 4.39391E-02 6.11512E-04
 3.39061E-01 3.85712E-02 3.05472E-01 3.67119E-02 3.28105E+00 4.16741E-01 5.09135E-02 1.76193E+00 3.39067E-01 3.85719E-02 8.53776E-04
 3.43218E-01 3.39374E-02 3.09573E-01 3.22611E-02 3.33864E+00 4.22485E-01 4.47249E-02 1.79285E+00 3.43227E-01 3.39382E-02 1.21770E-03
 3.46576E-01 2.99800E-02 3.12788E-01 2.84380E-02 3.38467E+00 4.26952E-01 3.94003E-02 1.81757E+00 3.46588E-01 2.99811E-02 1.77903E-03
 3.49255E-01 2.66487E-02 3.15224E-01 2.51837E-02 3.42018E+00 4.30285E-01 3.48536E-02 1.83664E+00 3.49273E-01 2.66502E-02 2.66953E-03
 3.51374E-01 2.38861E-02 3.16992E-01 2.24367E-02 3.44627E+00 4.32637E-01 3.09969E-02 1.85065E+00 3.51403E-01 2.38881E-02 4.12596E-03
 3.52770E-01 2.20940E-02 3.18013E-01 2.06167E-02 3.46073E+00 4.33931E-01 2.84272E-02 1.85841E+00 3.52811E-01 2.20967E-02 5.90805E-03
 3.53018E-01 2.16428E-02 3.18132E-01 2.01557E-02 3.46321E+00 4.34048E-01 2.77752E-02 1.85974E+00 3.53064E-01 2.16457E-02 6.58573E-03
 3.54086E-01 1.97132E-02 3.18787E-01 1.81627E-02 3.47084E+00 4.34812E-01 2.49486E-02 1.86384E+00 3.54168E-01 1.97178E-02 1.13372E-02
 3.54516E-01 1.80047E-02 3.18955E-01 1.64196E-02 3.47098E+00 4.34948E-01 2.24844E-02 1.86392E+00 3.54670E-01 1.80126E-02 2.04055E-02
 3.54101E-01 1.64198E-02 3.18534E-01 1.48789E-02 3.46412E+00 4.34355E-01 2.03347E-02 1.86023E+00 3.54416E-01 1.64345E-02 3.84981E-02
 3.52760E-01 1.49261E-02 3.17506E-01 1.35241E-02 3.45073E+00 4.33027E-01 1.84826E-02 1.85304E+00 3.53489E-01 1.49571E-02 7.61679E-02
 3.50706E-01 1.35093E-02 3.15913E-01 1.23051E-02 3.43120E+00 4.30964E-01 1.68440E-02 1.84255E+00 3.52676E-01 1.35862E-02 1.57213E-01
 3.47703E-01 1.21523E-02 3.13537E-01 1.11423E-02 3.40597E+00 4.27861E-01 1.52829E-02 1.82900E+00 3.53973E-01 1.23758E-02 3.32008E-01
 3.44001E-01 1.08629E-02 3.10452E-01 1.00108E-02 3.37544E+00 4.23758E-01 1.37520E-02 1.81261E+00 3.65440E-01 1.15577E-02 6.82229E-01
 3.39564E-01 9.65952E-03 3.06669E-01 8.92672E-03 3.34000E+00 4.18688E-01 1.22730E-02 1.79358E+00 4.02780E-01 1.15109E-02 1.24208E+00
 3.34495E-01 8.55812E-03 3.02260E-01 7.91680E-03 3.30001E+00 4.12740E-01 1.08878E-02 1.77211E+00 4.63575E-01 1.19609E-02 1.82772E+00
 3.28885E-01 7.56486E-03 2.97327E-01 6.99784E-03 3.25581E+00 4.06061E-01 9.62391E-03 1.74837E+00 5.09531E-01 1.18440E-02 2.18529E+00
 3.22800E-01 6.67700E-03 2.91931E-01 6.17332E-03 3.20773E+00 3.98737E-01 8.48865E-03 1.72255E+00 5.24875E-01 1.09768E-02 2.31164E+00
 3.16302E-01 5.88720E-03 2.86137E-01 5.43915E-03 3.15610E+00 3.90857E-01 7.47751E-03 1.69483E+00 5.22408E-01 9.82843E-03 2.32429E+00
 3.09447E-01 5.18646E-03 2.79999E-01 4.78793E-03 3.10125E+00 3.82499E-01 6.58068E-03 1.66537E+00 5.13260E-01 8.69143E-03 2.29693E+00
 3.02287E-01 4.56568E-03 2.73566E-01 4.21145E-03 3.04348E+00 3.73731E-01 5.78693E-03 1.63435E+00 5.01904E-01 7.65532E-03 2.25709E+00
 2.94870E-01 4.01633E-03 2.66886E-01 3.70175E-03 2.98309E+00 3.64618E-01 5.08532E-03 1.60192E+00 4.89712E-01 6.73272E-03 2.21288E+00
 2.87239E-01 3.53076E-03 2.59999E-01 3.25164E-03 2.92036E+00 3.55217E-01 4.46592E-03 1.56824E+00 4.77073E-01 5.91652E-03 2.16644E+00
 2.79440E-01 3.10185E-03 2.52947E-01 2.85441E-03 2.85560E+00 3.45587E-01 3.91944E-03 1.53346E+00 4.64128E-01 5.19573E-03 2.11841E+00
 3.28824E-01 4.81365E-02 2.94654E-01 4.54506E-02 2.88462E+00 4.01308E-01 6.28865E-02 1.54904E+00 3.28827E-01 4.81370E-02 4.11852E-04
 3.32831E-01 4.17836E-02 2.98838E-01 3.94445E-02 2.95601E+00 4.07258E-01 5.45733E-02 1.58738E+00 3.32836E-01 4.17842E-02 5.63050E-04
 3.36200E-01 3.63174E-02 3.02301E-01 3.42682E-02 3.01289E+00 4.12163E-01 4.74052E-02 1.61792E+00 3.36206E-01 3.63181E-02 7.83995E-04
 3.38586E-01 3.16410E-02 3.04742E-01 2.98302E-02 3.05721E+00 4.15616E-01 4.12555E-02 1.64172E+00 3.38594E-01 3.16418E-02 1.11505E-03
 3.40194E-01 2.76823E-02 3.06342E-01 2.60554E-02 3.09050E+00 4.17864E-01 3.60177E-02 1.65960E+00 3.40206E-01 2.76833E-02 1.62441E-03
 3.41147E-01 2.43749E-02 3.07213E-01 2.28728E-02 3.11386E+00 4.19058E-01 3.15901E-02 1.67214E+00 3.41165E-01 2.43762E-02 2.43045E-03
 3.41559E-01 2.16479E-02 3.07463E-01 2.02100E-02 3.12841E+00 4.19347E-01 2.78702E-02 1.67996E+00 3.41587E-01 2.16497E-02 3.74541E-03
 3.41639E-01 1.98844E-02 3.07336E-01 1.84578E-02 3.13435E+00 4.19089E-01 2.54108E-02 1.68315E+00 3.41679E-01 1.98868E-02 5.35087E-03
 3.41490E-01 1.94398E-02 3.07123E-01 1.80142E-02 3.13453E+00 4.18766E-01 2.47873E-02 1.68324E+00 3.41535E-01 1.94424E-02 5.96071E-03
 3.40837E-01 1.75530E-02 3.06261E-01 1.61106E-02 3.13153E+00 4.17474E-01 2.21042E-02 1.68163E+00 3.40915E-01 1.75571E-02 1.02289E-02
 3.39592E-01 1.59108E-02 3.04937E-01 1.44667E-02 3.12168E+00 4.15582E-01 1.97920E-02 1.67634E+00 3.39739E-01 1.59177E-02 1.83520E-02
 3.37607E-01 1.44169E-02 3.03085E-01 1.30286E-02 3.10550E+00 4.13029E-01 1.77912E-02 1.66766E+00 3.37908E-01 1.44298E-02 3.45127E-02
 3.34815E-01 1.30339E-02 3.00695E-01 1.17741E-02 3.08350E+00 4.09822E-01 1.60761E-02 1.65584E+00 3.35506E-01 1.30609E-02 6.80620E-02
 3.31446E-01 1.17422E-02 2.97853E-01 1.06568E-02 3.05607E+00 4.06027E-01 1.45714E-02 1.64111E+00 3.33303E-01 1.18088E-02 1.40025E-01
 3.27262E-01 1.05226E-02 2.94336E-01 9.60726E-03 3.02367E+00 4.01335E-01 1.31604E-02 1.62371E+00 3.33145E-01 1.07152E-02 2.94743E-01
 3.22496E-01 9.37650E-03 2.90239E-01 8.60076E-03 2.98673E+00 3.95828E-01 1.17983E-02 1.60387E+00 3.42525E-01 9.97277E-03 6.03663E-01
 3.17128E-01 8.31544E-03 2.85575E-01 7.64678E-03 2.94561E+00 3.89538E-01 1.04977E-02 1.58179E+00 3.75949E-01 9.89932E-03 1.09541E+00
 3.11245E-01 7.34965E-03 2.80399E-01 6.76448E-03 2.90068E+00 3.82530E-01 9.28887E-03 1.55767E+00 4.30887E-01 1.02532E-02 1.60655E+00
 3.04930E-01 6.48212E-03 2.74807E-01 5.96549E-03 2.85229E+00 3.74942E-01 8.19149E-03 1.53168E+00 4.71744E-01 1.01247E-02 1.91445E+00
 2.98244E-01 5.70901E-03 2.68853E-01 5.25109E-03 2.80078E+00 3.66849E-01 7.20931E-03 1.50402E+00 4.84171E-01 9.36122E-03 2.01837E+00
 2.91242E-01 5.02307E-03 2.62596E-01 4.61675E-03 2.74645E+00 3.58334E-01 6.33700E-03 1.47484E+00 4.80212E-01 8.36353E-03 2.02260E+00
 2.83976E-01 4.41592E-03 2.56084E-01 4.05546E-03 2.68963E+00 3.49464E-01 5.56523E-03 1.44433E+00 4.70201E-01 7.38037E-03 1.99206E+00
 2.76493E-01 3.87925E-03 2.49362E-01 3.55973E-03 2.63060E+00 3.40303E-01 4.88375E-03 1.41263E+00 4.58270E-01 6.48698E-03 1.95089E+00
 2.68837E-01 3.40538E-03 2.42473E-01 3.12240E-03 2.56967E+00 3.30907E-01 4.28273E-03 1.37991E+00 4.45678E-01 5.69331E-03 1.90620E+00
 2.61046E-01 2.98744E-03 2.35452E-01 2.73705E-03 2.50709E+00 3.21328E-01 3.75328E-03 1.34631E+00 4.32782E-01 4.99272E-03 1.85986E+00
 2.53159E-01 2.61904E-03 2.28337E-01 2.39770E-03 2.44314E+00 3.11618E-01 3.28717E-03 1.31197E+00 4.19707E-01 4.37534E-03 1.81243E+00
 3.28344E-01 4.65967E-02 2.93842E-01 4.36152E-02 2.66889E+00 4.00040E-01 6.01932E-02 1.43320E+00 3.28348E-01 4.65972E-02 3.81052E-04
 3.30764E-01 4.00375E-02 2.96495E-01 3.74768E-02 2.72773E+00 4.03858E-01 5.17220E-02 1.46479E+00 3.30768E-01 4.00381E-02 5.19568E-04
 3.32482E-01 3.44388E-02 2.98392E-01 3.22299E-02 2.77253E+00 4.06595E-01 4.44781E-02 1.48885E+00 3.32488E-01 3.44394E-02 7.21450E-04
 3.33252E-01 2.96916E-02 2.99320E-01 2.77729E-02 2.80525E+00 4.07960E-01 3.83216E-02 1.50642E+00 3.33260E-01 2.96923E-02 1.02315E-03
 3.33278E-01 2.57095E-02 2.99462E-01 2.40198E-02 2.82744E+00 4.08203E-01 3.31315E-02 1.51834E+00 3.33290E-01 2.57104E-02 1.48614E-03
 3.32685E-01 2.24108E-02 2.98932E-01 2.08875E-02 2.84027E+00 4.07481E-01 2.87904E-02 1.52523E+00 3.32703E-01 2.24120E-02 2.21690E-03
 3.31586E-01 1.97106E-02 2.97836E-01 1.82923E-02 2.84489E+00 4.05943E-01 2.51812E-02 1.52771E+00 3.31613E-01 1.97122E-02 3.40598E-03
 3.30503E-01 1.79732E-02 2.96695E-01 1.65983E-02 2.84355E+00 4.04315E-01 2.28158E-02 1.52699E+00 3.30541E-01 1.79754E-02 4.85443E-03
 3.30002E-01 1.75354E-02 2.96190E-01 1.61701E-02 2.84178E+00 4.03605E-01 2.22172E-02 1.52604E+00 3.30045E-01 1.75378E-02 5.40400E-03
 3.27850E-01 1.56902E-02 2.94010E-01 1.43462E-02 2.82981E+00 4.00528E-01 1.96607E-02 1.51961E+00 3.27925E-01 1.56939E-02 9.24337E-03
 3.25155E-01 1.41114E-02 2.91401E-01 1.27924E-02 2.81164E+00 3.96892E-01 1.74855E-02 1.50985E+00 3.25296E-01 1.41176E-02 1.65293E-02
 3.21819E-01 1.27024E-02 2.88327E-01 1.14485E-02 2.78782E+00 3.92669E-01 1.56205E-02 1.49706E+00 3.22105E-01 1.27137E-02 3.09821E-02
 3.17800E-01 1.14202E-02 2.84792E-01 1.02862E-02 2.75884E+00 3.87882E-01 1.40318E-02 1.48150E+00 3.18454E-01 1.14438E-02 6.08959E-02
 3.13299E-01 1.02405E-02 2.80893E-01 9.26122E-03 2.72516E+00 3.82629E-01 1.26495E-02 1.46341E+00 3.15050E-01 1.02983E-02 1.24863E-01
 3.08118E-01 9.14177E-03 2.76423E-01 8.31246E-03 2.68722E+00 3.76615E-01 1.13725E-02 1.44304E+00 3.13640E-01 9.30828E-03 2.61946E-01
 3.02464E-01 8.12025E-03 2.71490E-01 7.41494E-03 2.64544E+00 3.69954E-01 1.01578E-02 1.42060E+00 3.21187E-01 8.63376E-03 5.34684E-01
 2.96326E-01 7.18182E-03 2.66106E-01 6.57301E-03 2.60020E+00 3.62669E-01 9.01064E-03 1.39631E+00 3.51097E-01 8.54158E-03 9.66959E-01
 2.89779E-01 6.33226E-03 2.60312E-01 5.79975E-03 2.55186E+00 3.54810E-01 7.95239E-03 1.37035E+00 4.00760E-01 8.81834E-03 1.41335E+00
 2.82898E-01 5.57208E-03 2.54197E-01 5.10276E-03 2.50076E+00 3.46504E-01 6.99640E-03 1.34291E+00 4.37070E-01 8.68363E-03 1.67850E+00
 2.75738E-01 4.89667E-03 2.47811E-01 4.48168E-03 2.44721E+00 3.37819E-01 6.14377E-03 1.31415E+00 4.46964E-01 8.00942E-03 1.76358E+00
 2.68350E-01 4.29896E-03 2.41206E-01 3.93171E-03 2.39154E+00 3.28828E-01 5.38862E-03 1.28426E+00 4.41772E-01 7.13981E-03 1.76123E+00
 2.60782E-01 3.77116E-03 2.34425E-01 3.44627E-03 2.33403E+00 3.19593E-01 4.72217E-03 1.25337E+00 4.31101E-01 6.28681E-03 1.72869E+00
 2.53074E-01 3.30569E-03 2.27509E-01 3.01851E-03 2.27496E+00 3.10170E-01 4.13504E-03 1.22166E+00 4.18766E-01 5.51387E-03 1.68715E+00
 2.45267E-01 2.89560E-03 2.20494E-01 2.64198E-03 2.21462E+00 3.00608E-01 3.61838E-03 1.18925E+00 4.05927E-01 4.82882E-03 1.64282E+00
 2.37395E-01 2.53470E-03 2.13415E-01 2.31094E-03 2.15324E+00 2.90956E-01 3.16426E-03 1.15629E+00 3.92909E-01 4.22546E-03 1.59736E+00
 2.29493E-01 2.21727E-03 2.06303E-01 2.02005E-03 2.09107E+00 2.81256E-01 2.76533E-03 1.12291E+00 3.79825E-01 3.69492E-03 1.55125E+00
 3.26735E-01 4.54410E-02 2.92020E-01 4.21943E-02 2.47366E+00 3.97397E-01 5.80941E-02 1.32836E+00 3.26738E-01 4.54415E-02 3.53178E-04
 3.27699E-01 3.86368E-02 2.93270E-01 3.58827E-02 2.52117E+00 3.99262E-01 4.94069E-02 1.35387E+00 3.27703E-01 3.86373E-02 4.80222E-04
 3.27916E-01 3.28728E-02 2.93746E-01 3.05300E-02 2.55512E+00 4.00031E-01 4.20368E-02 1.37210E+00 3.27921E-01 3.28734E-02 6.64880E-04
 3.27223E-01 2.80283E-02 2.93309E-01 2.60246E-02 2.57750E+00 3.99514E-01 3.58308E-02 1.38412E+00 3.27231E-01 2.80290E-02 9.40086E-04
 3.25827E-01 2.40024E-02 2.92143E-01 2.22689E-02 2.58986E+00 3.97962E-01 3.06528E-02 1.39076E+00 3.25838E-01 2.40032E-02 1.36126E-03
 3.23853E-01 2.06981E-02 2.90364E-01 1.91676E-02 2.59345E+00 3.95535E-01 2.63693E-02 1.39268E+00 3.23870E-01 2.06992E-02 2.02425E-03
 3.21414E-01 1.80163E-02 2.88079E-01 1.66253E-02 2.58943E+00 3.92380E-01 2.28476E-02 1.39053E+00 3.21440E-01 1.80178E-02 3.10014E-03
 3.19306E-01 1.63021E-02 2.86045E-01 1.49808E-02 2.58182E+00 3.89549E-01 2.05618E-02 1.38644E+00 3.19344E-01 1.63041E-02 4.40761E-03
 3.18494E-01 1.58714E-02 2.85283E-01 1.45664E-02 2.57838E+00 3.88497E-01 1.99851E-02 1.38459E+00 3.18535E-01 1.58735E-02 4.90312E-03
 3.15039E-01 1.40661E-02 2.81962E-01 1.28134E-02 2.55883E+00 3.83877E-01 1.75403E-02 1.37409E+00 3.15112E-01 1.40694E-02 8.35821E-03
 3.11088E-01 1.25481E-02 2.78246E-01 1.13420E-02 2.53372E+00 3.78742E-01 1.54889E-02 1.36061E+00 3.11222E-01 1.25536E-02 1.48954E-02
 3.06587E-01 1.12185E-02 2.74128E-01 1.00847E-02 2.50363E+00 3.73098E-01 1.37486E-02 1.34445E+00 3.06859E-01 1.12285E-02 2.78238E-02
 3.01520E-01 1.00290E-02 2.69626E-01 9.00768E-03 2.46907E+00 3.66982E-01 1.22770E-02 1.32589E+00 3.02139E-01 1.00497E-02 5.44999E-02
 2.96058E-01 8.95038E-03 2.64839E-01 8.06720E-03 2.43051E+00 3.60508E-01 1.10072E-02 1.30518E+00 2.97708E-01 9.00070E-03 1.11362E-01
 2.90039E-01 7.95908E-03 2.59579E-01 7.20882E-03 2.38838E+00 3.53401E-01 9.85079E-03 1.28256E+00 2.95222E-01 8.10337E-03 2.32815E-01
 2.83647E-01 7.04695E-03 2.53963E-01 6.40726E-03 2.34309E+00 3.45799E-01 8.76581E-03 1.25824E+00 3.01151E-01 7.49021E-03 4.73575E-01
 2.76875E-01 6.21534E-03 2.47990E-01 5.66277E-03 2.29503E+00 3.37705E-01 7.75214E-03 1.23243E+00 3.27881E-01 7.38539E-03 8.53472E-01
 2.69791E-01 5.46647E-03 2.41704E-01 4.98362E-03 2.24453E+00 3.29171E-01 6.82373E-03 1.20531E+00 3.72761E-01 7.59999E-03 1.24314E+00
 2.62463E-01 4.79895E-03 2.35184E-01 4.37426E-03 2.19191E+00 3.20309E-01 5.98903E-03 1.17706E+00 4.04990E-01 7.46278E-03 1.47121E+00
 2.54940E-01 4.20766E-03 2.28472E-01 3.83308E-03 2.13750E+00 3.11181E-01 5.24715E-03 1.14784E+00 4.12675E-01 6.86641E-03 1.54039E+00
 2.47268E-01 3.68574E-03 2.21616E-01 3.35518E-03 2.08158E+00 3.01851E-01 4.59192E-03 1.11781E+00 4.06473E-01 6.10681E-03 1.53296E+00
 2.39491E-01 3.22597E-03 2.14656E-01 2.93438E-03 2.02442E+00 2.92375E-01 4.01507E-03 1.08711E+00 3.95314E-01 5.36514E-03 1.49938E+00
 2.31644E-01 2.82144E-03 2.07626E-01 2.56445E-03 1.96628E+00 2.82802E-01 3.50807E-03 1.05589E+00 3.82726E-01 4.69499E-03 1.45822E+00
 2.23764E-01 2.46584E-03 2.00560E-01 2.23956E-03 1.90741E+00 2.73176E-01 3.06293E-03 1.02428E+00 3.69773E-01 4.10246E-03 1.41493E+00
 2.15882E-01 2.15361E-03 1.93488E-01 1.95456E-03 1.84805E+00 2.63539E-01 2.67256E-03 9.92404E-01 3.56752E-01 3.58178E-03 1.37096E+00
 2.08027E-01 1.87961E-03 1.86436E-01 1.70469E-03 1.78841E+00 2.53930E-01 2.33039E-03 9.60377E-01 3.43763E-01 3.12496E-03 1.32672E+00
 3.24241E-01 4.46246E-02 2.89399E-01 4.11375E-02 2.29875E+00 3.93663E-01 5.65166E-02 1.23443E+00 3.24244E-01 4.46250E-02 3.28205E-04
 3.23886E-01 3.75383E-02 2.89381E-01 3.46143E-02 2.33600E+00 3.93766E-01 4.75586E-02 1.25443E+00 3.23890E-01 3.75388E-02 4.44953E-04
 3.22751E-01 3.15788E-02 2.88582E-01 2.91233E-02 2.36022E+00 3.92770E-01 4.00160E-02 1.26744E+00 3.22757E-01 3.15794E-02 6.14162E-04
 3.20724E-01 2.66129E-02 2.86910E-01 2.45428E-02 2.37334E+00 3.90554E-01 3.37219E-02 1.27448E+00 3.20732E-01 2.66136E-02 8.65624E-04
 3.18041E-01 2.25246E-02 2.84567E-01 2.07627E-02 2.37698E+00 3.87389E-01 2.85241E-02 1.27644E+00 3.18053E-01 2.25254E-02 1.24937E-03
 3.14826E-01 1.92016E-02 2.81671E-01 1.76752E-02 2.37243E+00 3.83438E-01 2.42723E-02 1.27400E+00 3.14843E-01 1.92026E-02 1.85174E-03
 3.11188E-01 1.65300E-02 2.78325E-01 1.51725E-02 2.36089E+00 3.78845E-01 2.08174E-02 1.26780E+00 3.11214E-01 1.65314E-02 2.82652E-03
 3.08171E-01 1.48359E-02 2.75502E-01 1.35696E-02 2.34786E+00 3.74949E-01 1.85983E-02 1.26080E+00 3.08207E-01 1.48377E-02 4.00820E-03
 3.07120E-01 1.44120E-02 2.74534E-01 1.31672E-02 2.34300E+00 3.73620E-01 1.80407E-02 1.25819E+00 3.07160E-01 1.44139E-02 4.45552E-03
 3.02482E-01 1.26445E-02 2.70191E-01 1.14773E-02 2.31702E+00 3.67624E-01 1.56941E-02 1.24424E+00 3.02552E-01 1.26475E-02 7.56838E-03
 2.97431E-01 1.11843E-02 2.65513E-01 1.00809E-02 2.28615E+00 3.61190E-01 1.37547E-02 1.22766E+00 2.97559E-01 1.11892E-02 1.34400E-02
 2.91919E-01 9.92898E-03 2.60496E-01 8.90333E-03 2.25095E+00 3.54324E-01 1.21286E-02 1.20876E+00 2.92176E-01 9.93780E-03 2.50157E-02
 2.85953E-01 8.82463E-03 2.55181E-01 7.90476E-03 2.21196E+00 3.47098E-01 1.07648E-02 1.18782E+00 2.86538E-01 8.84277E-03 4.88247E-02
 2.79664E-01 7.83748E-03 2.49634E-01 7.04161E-03 2.16964E+00 3.39580E-01 9.59831E-03 1.16510E+00 2.81219E-01 7.88138E-03 9.94100E-02
 2.72938E-01 6.94200E-03 2.43719E-01 6.26445E-03 2.12443E+00 3.31572E-01 8.55058E-03 1.14082E+00 2.77803E-01 7.06729E-03 2.07086E-01
 2.65928E-01 6.12629E-03 2.37534E-01 5.54763E-03 2.07672E+00 3.23190E-01 7.58031E-03 1.11520E+00 2.82290E-01 6.50971E-03 4.19736E-01
 2.58636E-01 5.38808E-03 2.31084E-01 4.88819E-03 2.02686E+00 3.14440E-01 6.68304E-03 1.08842E+00 3.06132E-01 6.39695E-03 7.53746E-01
 2.51120E-01 4.72681E-03 2.24409E-01 4.29057E-03 1.97519E+00 3.05375E-01 5.86696E-03 1.06068E+00 3.46653E-01 6.56140E-03 1.09396E+00
 2.43442E-01 4.13960E-03 2.17576E-01 3.75676E-03 1.92202E+00 2.96089E-01 5.13669E-03 1.03212E+00 3.75201E-01 6.42456E-03 1.29005E+00
 2.35647E-01 3.62101E-03 2.10626E-01 3.28426E-03 1.86762E+00 2.86639E-01 4.48984E-03 1.00291E+00 3.80951E-01 5.89626E-03 1.34590E+00
 2.27776E-01 3.16447E-03 2.03600E-01 2.86816E-03 1.81227E+00 2.77081E-01 3.92014E-03 9.73191E-01 3.73925E-01 5.23155E-03 1.33463E+00
 2.19867E-01 2.76328E-03 1.96533E-01 2.50268E-03 1.75623E+00 2.67464E-01 3.41984E-03 9.43094E-01 3.62423E-01 4.58550E-03 1.30075E+00
 2.11954E-01 2.41113E-03 1.89456E-01 2.18214E-03 1.69971E+00 2.57832E-01 2.98116E-03 9.12746E-01 3.49705E-01 4.00342E-03 1.26053E+00
 2.04065E-01 2.10229E-03 1.82398E-01 1.90128E-03 1.64295E+00 2.48224E-01 2.59689E-03 8.82266E-01 3.36746E-01 3.49002E-03 1.21875E+00
 1.96232E-01 1.83176E-03 1.75386E-01 1.65548E-03 1.58616E+00 2.38676E-01 2.26068E-03 8.51767E-01 3.23820E-01 3.03994E-03 1.17668E+00
 1.88477E-01 1.59490E-03 1.68442E-01 1.44046E-03 1.52951E+00 2.29220E-01 1.96666E-03 8.21348E-01 3.11012E-01 2.64597E-03 1.13466E+00
 3.20377E-01 4.40108E-02 2.85547E-01 4.03107E-02 2.13767E+00 3.88251E-01 5.52728E-02 1.14793E+00 3.20380E-01 4.40113E-02 3.05207E-04
 3.18845E-01 3.66236E-02 2.84405E-01 3.35545E-02 2.16550E+00 3.86793E-01 4.60131E-02 1.16287E+00 3.18849E-01 3.66241E-02 4.12476E-04
 3.16504E-01 3.04540E-02 2.82473E-01 2.79081E-02 2.18084E+00 3.84233E-01 3.82728E-02 1.17111E+00 3.16510E-01 3.04545E-02 5.67484E-04
 3.13295E-01 2.53565E-02 2.79709E-01 2.32391E-02 2.18561E+00 3.80515E-01 3.18707E-02 1.17367E+00 3.13302E-01 2.53571E-02 7.97154E-04
 3.09442E-01 2.11986E-02 2.76308E-01 1.94241E-02 2.18147E+00 3.75906E-01 2.66369E-02 1.17145E+00 3.09453E-01 2.11994E-02 1.14661E-03
 3.05120E-01 1.78525E-02 2.72421E-01 1.63421E-02 2.16975E+00 3.70605E-01 2.24038E-02 1.16516E+00 3.05136E-01 1.78534E-02 1.69354E-03
 3.00416E-01 1.51896E-02 2.68137E-01 1.38727E-02 2.15167E+00 3.64742E-01 1.90052E-02 1.15545E+00 3.00440E-01 1.51908E-02 2.57603E-03
 2.96595E-01 1.35158E-02 2.64619E-01 1.23077E-02 2.13400E+00 3.59910E-01 1.68462E-02 1.14596E+00 2.96629E-01 1.35175E-02 3.64311E-03
 2.95344E-01 1.30989E-02 2.63477E-01 1.19166E-02 2.12795E+00 3.58346E-01 1.63060E-02 1.14271E+00 2.95382E-01 1.31006E-02 4.04656E-03
 2.89662E-01 1.13710E-02 2.58241E-01 1.02864E-02 2.09661E+00 3.51153E-01 1.40508E-02 1.12588E+00 2.89728E-01 1.13737E-02 6.84841E-03
 2.83660E-01 9.96857E-03 2.52741E-01 8.96097E-03 2.06104E+00 3.43611E-01 1.22165E-02 1.10678E+00 2.83782E-01 9.97289E-03 1.21166E-02
 2.77280E-01 8.78513E-03 2.46963E-01 7.85910E-03 2.02181E+00 3.35715E-01 1.06982E-02 1.08571E+00 2.77525E-01 8.79291E-03 2.24692E-02
 2.70548E-01 7.76125E-03 2.40958E-01 6.93474E-03 1.97946E+00 3.27549E-01 9.43635E-03 1.06297E+00 2.71101E-01 7.77716E-03 4.36926E-02
 2.63567E-01 6.85909E-03 2.34781E-01 6.14420E-03 1.93444E+00 3.19169E-01 8.36727E-03 1.03879E+00 2.65029E-01 6.89738E-03 8.86331E-02
 2.56259E-01 6.05105E-03 2.28334E-01 5.44166E-03 1.88717E+00 3.10431E-01 7.41959E-03 1.01341E+00 2.60815E-01 6.15982E-03 1.83958E-01
 2.48751E-01 5.32223E-03 2.21696E-01 4.80131E-03 1.83802E+00 3.01430E-01 6.55287E-03 9.87016E-01 2.64014E-01 5.65376E-03 3.71492E-01
 2.41050E-01 4.66744E-03 2.14877E-01 4.21761E-03 1.78733E+00 2.92177E-01 5.75919E-03 9.59797E-01 2.85188E-01 5.53697E-03 6.64670E-01
 2.33210E-01 4.08390E-03 2.07914E-01 3.69202E-03 1.73541E+00 2.82720E-01 5.04221E-03 9.31914E-01 3.21662E-01 5.66078E-03 9.61159E-01
 2.25284E-01 3.56769E-03 2.00865E-01 3.22460E-03 1.68253E+00 2.73142E-01 4.40354E-03 9.03520E-01 3.46838E-01 5.52671E-03 1.12931E+00
 2.17311E-01 3.11319E-03 1.93765E-01 2.81225E-03 1.62897E+00 2.63492E-01 3.83977E-03 8.74755E-01 3.50888E-01 5.05918E-03 1.17391E+00
 2.09330E-01 2.71413E-03 1.86651E-01 2.45011E-03 1.57495E+00 2.53819E-01 3.34463E-03 8.45748E-01 3.43217E-01 4.47790E-03 1.15986E+00
 2.01373E-01 2.36433E-03 1.79554E-01 2.13284E-03 1.52071E+00 2.44166E-01 2.91089E-03 8.16620E-01 3.31519E-01 3.91549E-03 1.12631E+00
 1.93470E-01 2.05803E-03 1.72500E-01 1.85525E-03 1.46644E+00 2.34572E-01 2.53149E-03 7.87480E-01 3.18800E-01 3.41026E-03 1.08754E+00
 1.85645E-01 1.79005E-03 1.65515E-01 1.61260E-03 1.41235E+00 2.25068E-01 2.19994E-03 7.58429E-01 3.05956E-01 2.96575E-03 1.04769E+00
 1.77926E-01 1.55587E-03 1.58621E-01 1.40074E-03 1.35860E+00 2.15689E-01 1.91054E-03 7.29570E-01 2.93232E-01 2.57701E-03 1.00787E+00
 1.70331E-01 1.35134E-03 1.51836E-01 1.21585E-03 1.30537E+00 2.06457E-01 1.65804E-03 7.00982E-01 2.80704E-01 2.23755E-03 9.68380E-01
 3.15313E-01 4.35436E-02 2.80623E-01 3.96552E-02 1.98899E+00 3.81380E-01 5.42795E-02 1.06808E+00 3.15316E-01 4.35440E-02 2.83978E-04
 3.12729E-01 3.58452E-02 2.78484E-01 3.26535E-02 2.00808E+00 3.78542E-01 4.46994E-02 1.07834E+00 3.12733E-01 3.58456E-02 3.82492E-04
 3.09308E-01 2.94582E-02 2.75547E-01 2.68419E-02 2.01529E+00 3.74597E-01 3.67467E-02 1.08221E+00 3.09314E-01 2.94587E-02 5.24407E-04
 3.05041E-01 2.42247E-02 2.71812E-01 2.20771E-02 2.01252E+00 3.69548E-01 3.02254E-02 1.08072E+00 3.05048E-01 2.42253E-02 7.34022E-04
 3.00144E-01 1.99958E-02 2.67473E-01 1.82222E-02 2.00143E+00 3.63659E-01 2.49473E-02 1.07477E+00 3.00155E-01 1.99966E-02 1.05198E-03
 2.94822E-01 1.66258E-02 2.62699E-01 1.51413E-02 1.98342E+00 3.57154E-01 2.07253E-02 1.06510E+00 2.94837E-01 1.66267E-02 1.54811E-03
 2.89169E-01 1.39722E-02 2.57585E-01 1.27019E-02 1.95970E+00 3.50169E-01 1.73767E-02 1.05236E+00 2.89192E-01 1.39734E-02 2.34620E-03
 2.84637E-01 1.23203E-02 2.53456E-01 1.11729E-02 1.93811E+00 3.44516E-01 1.52736E-02 1.04076E+00 2.84670E-01 1.23217E-02 3.30868E-03
 2.83211E-01 1.19105E-02 2.52161E-01 1.07924E-02 1.93106E+00 3.42746E-01 1.47497E-02 1.03698E+00 2.83247E-01 1.19120E-02 3.67215E-03
 2.76617E-01 1.02245E-02 2.46151E-01 9.21958E-03 1.89533E+00 3.34517E-01 1.25812E-02 1.01779E+00 2.76680E-01 1.02269E-02 6.19094E-03
 2.69796E-01 8.87993E-03 2.39949E-01 7.96212E-03 1.85603E+00 3.26031E-01 1.08462E-02 9.96690E-01 2.69912E-01 8.88377E-03 1.09114E-02
 2.62678E-01 7.76635E-03 2.33530E-01 6.93234E-03 1.81375E+00 3.17272E-01 9.43013E-03 9.73983E-01 2.62909E-01 7.77321E-03 2.01569E-02
 2.55300E-01 6.81888E-03 2.26951E-01 6.07845E-03 1.76899E+00 3.08326E-01 8.26509E-03 9.49946E-01 2.55821E-01 6.83283E-03 3.90469E-02
 2.47749E-01 5.99595E-03 2.20261E-01 5.35617E-03 1.72220E+00 2.99247E-01 7.28780E-03 9.24820E-01 2.49120E-01 6.02931E-03 7.89086E-02
 2.39973E-01 5.26803E-03 2.13391E-01 4.72239E-03 1.67377E+00 2.89932E-01 6.43248E-03 8.98815E-01 2.44229E-01 5.36236E-03 1.63156E-01
 2.32076E-01 4.61782E-03 2.06406E-01 4.15127E-03 1.62405E+00 2.80456E-01 5.65954E-03 8.72117E-01 2.46279E-01 4.90422E-03 3.28246E-01
 2.24071E-01 4.03780E-03 1.99316E-01 3.63529E-03 1.57336E+00 2.70836E-01 4.95839E-03 8.44892E-01 2.64989E-01 4.78654E-03 5.85097E-01
 2.16004E-01 3.52355E-03 1.92156E-01 3.17356E-03 1.52195E+00 2.61114E-01 4.32914E-03 8.17288E-01 2.97702E-01 4.87757E-03 8.42936E-01
 2.07922E-01 3.07033E-03 1.84976E-01 2.76471E-03 1.47010E+00 2.51361E-01 3.77114E-03 7.89441E-01 3.19789E-01 4.74817E-03 9.86725E-01
 1.99860E-01 2.67252E-03 1.77807E-01 2.40522E-03 1.41802E+00 2.41620E-01 3.28024E-03 7.61476E-01 3.22356E-01 4.33509E-03 1.02189E+00
 1.91851E-01 2.32418E-03 1.70680E-01 2.09038E-03 1.36593E+00 2.31934E-01 2.85031E-03 7.33506E-01 3.14200E-01 3.82739E-03 1.00593E+00
 1.83922E-01 2.01961E-03 1.63621E-01 1.81526E-03 1.31403E+00 2.22340E-01 2.47466E-03 7.05634E-01 3.02440E-01 3.33841E-03 9.73233E-01
 1.76100E-01 1.75358E-03 1.56654E-01 1.57513E-03 1.26248E+00 2.12869E-01 2.14687E-03 6.77954E-01 2.89841E-01 2.90045E-03 9.36277E-01
 1.68405E-01 1.52140E-03 1.49798E-01 1.36573E-03 1.21146E+00 2.03549E-01 1.86111E-03 6.50551E-01 2.77217E-01 2.51611E-03 8.98666E-01
 1.60859E-01 1.31902E-03 1.43074E-01 1.18336E-03 1.16110E+00 1.94407E-01 1.61229E-03 6.23512E-01 2.64794E-01 2.18082E-03 8.61352E-01
 1.53478E-01 1.14270E-03 1.36496E-01 1.02459E-03 1.11154E+00 1.85464E-01 1.39573E-03 5.96899E-01 2.52633E-01 1.88876E-03 8.24594E-01
 3.09578E-01 4.32136E-02 2.75111E-01 3.91583E-02 1.85421E+00 3.73715E-01 5.35171E-02 9.95710E-01 3.09581E-01 4.32140E-02 2.64735E-04
 3.06072E-01 3.52006E-02 2.72108E-01 3.19047E-02 1.86546E+00 3.69683E-01 4.36069E-02 1.00175E+00 3.06076E-01 3.52011E-02 3.55325E-04
 3.01698E-01 2.85941E-02 2.68292E-01 2.59230E-02 1.86543E+00 3.64531E-01 3.54338E-02 1.00173E+00 3.01703E-01 2.85946E-02 4.85411E-04
 2.96489E-01 2.32230E-02 2.63702E-01 2.10582E-02 1.85601E+00 3.58312E-01 2.87861E-02 9.96676E-01 2.96496E-01 2.32236E-02 6.76938E-04
 2.90674E-01 1.89227E-02 2.58540E-01 1.71597E-02 1.83888E+00 3.51302E-01 2.34573E-02 9.87480E-01 2.90685E-01 1.89234E-02 9.66541E-04
 2.84450E-01 1.55289E-02 2.52976E-01 1.40766E-02 1.81548E+00 3.43729E-01 1.92404E-02 9.74911E-01 2.84465E-01 1.55297E-02 1.41702E-03
 2.77960E-01 1.28846E-02 2.47133E-01 1.16636E-02 1.78701E+00 3.35760E-01 1.59356E-02 9.59626E-01 2.77982E-01 1.28856E-02 2.13946E-03
 2.72803E-01 1.12547E-02 2.42469E-01 1.01680E-02 1.76217E+00 3.29389E-01 1.38836E-02 9.46287E-01 2.72835E-01 1.12561E-02 3.00833E-03
 2.71221E-01 1.08521E-02 2.41041E-01 9.79733E-03 1.75432E+00 3.27441E-01 1.33746E-02 9.42069E-01 2.71257E-01 1.08535E-02 3.33606E-03
 2.63834E-01 9.20852E-03 2.34362E-01 8.27867E-03 1.71510E+00 3.18318E-01 1.12867E-02 9.21008E-01 2.63895E-01 9.21064E-03 5.60224E-03
 2.56314E-01 7.92008E-03 2.27564E-01 7.08470E-03 1.67296E+00 3.09034E-01 9.64385E-03 8.98381E-01 2.56424E-01 7.92350E-03 9.83515E-03
 2.48571E-01 6.87268E-03 2.20609E-01 6.12211E-03 1.62847E+00 2.99555E-01 8.32262E-03 8.74488E-01 2.48790E-01 6.87874E-03 1.80978E-02
 2.40657E-01 5.99622E-03 2.13559E-01 5.33366E-03 1.58212E+00 2.89970E-01 7.24748E-03 8.49597E-01 2.41147E-01 6.00845E-03 3.49221E-02
 2.32643E-01 5.24573E-03 2.06457E-01 4.67420E-03 1.53433E+00 2.80333E-01 6.35485E-03 8.23937E-01 2.33928E-01 5.27484E-03 7.03010E-02
 2.24498E-01 4.58996E-03 1.99258E-01 4.10259E-03 1.48548E+00 2.70570E-01 5.58316E-03 7.97704E-01 2.28470E-01 4.67186E-03 1.44802E-01
 2.16307E-01 4.00971E-03 1.92013E-01 3.59313E-03 1.43588E+00 2.60743E-01 4.89374E-03 7.71066E-01 2.29513E-01 4.25742E-03 2.90213E-01
 2.08086E-01 3.49571E-03 1.84735E-01 3.13675E-03 1.38579E+00 2.50869E-01 4.27396E-03 7.44169E-01 2.45990E-01 4.14119E-03 5.15346E-01
 1.99874E-01 3.04226E-03 1.77455E-01 2.73080E-03 1.33547E+00 2.40985E-01 3.72123E-03 7.17148E-01 2.75278E-01 4.20626E-03 7.39653E-01
 1.91713E-01 2.64412E-03 1.70213E-01 2.37287E-03 1.28514E+00 2.31154E-01 3.23325E-03 6.90119E-01 2.94592E-01 4.08276E-03 8.62582E-01
 1.83632E-01 2.29571E-03 1.63038E-01 2.05916E-03 1.23499E+00 2.21409E-01 2.80536E-03 6.63191E-01 2.95886E-01 3.71770E-03 8.89996E-01
 1.75659E-01 1.99146E-03 1.55955E-01 1.78519E-03 1.18521E+00 2.11789E-01 2.43166E-03 6.36460E-01 2.87386E-01 3.27398E-03 8.72841E-01
 1.67818E-01 1.72611E-03 1.48988E-01 1.54639E-03 1.13596E+00 2.02324E-01 2.10597E-03 6.10012E-01 2.75672E-01 2.84852E-03 8.41348E-01
 1.60130E-01 1.49493E-03 1.42153E-01 1.33848E-03 1.08738E+00 1.93039E-01 1.82249E-03 5.83925E-01 2.63280E-01 2.46858E-03 8.06419E-01
 1.52611E-01 1.29367E-03 1.35469E-01 1.15762E-03 1.03960E+00 1.83958E-01 1.57595E-03 5.58266E-01 2.50956E-01 2.13603E-03 7.71184E-01
 1.45281E-01 1.11869E-03 1.28951E-01 1.00050E-03 9.92752E-01 1.75102E-01 1.36182E-03 5.33108E-01 2.38900E-01 1.84666E-03 7.36464E-01
 1.38150E-01 9.66618E-04 1.22610E-01 8.64050E-04 9.46923E-01 1.66487E-01 1.17590E-03 5.08497E-01 2.27163E-01 1.59522E-03 7.02470E-01
 3.02541E-01 4.28995E-02 2.68453E-01 3.87005E-02 1.72606E+00 3.64498E-01 5.28186E-02 9.26892E-01 3.02544E-01 4.28999E-02 2.46438E-04
 2.98226E-01 3.45800E-02 2.64699E-01 3.12006E-02 1.72997E+00 3.59433E-01 4.25850E-02 9.28994E-01 2.98230E-01 3.45804E-02 3.29518E-04
 2.93007E-01 2.77633E-02 2.60114E-01 2.50553E-02 1.72329E+00 3.53226E-01 3.41996E-02 9.25407E-01 2.93012E-01 2.77637E-02 4.48425E-04
 2.86961E-01 2.22644E-02 2.54768E-01 2.00972E-02 1.70787E+00 3.45977E-01 2.74338E-02 9.17127E-01 2.86968E-01 2.22649E-02 6.22909E-04
 2.80328E-01 1.79016E-02 2.48880E-01 1.61611E-02 1.68541E+00 3.37981E-01 2.20617E-02 9.05064E-01 2.80338E-01 1.79023E-02 8.85872E-04
 2.73306E-01 1.44929E-02 2.42621E-01 1.30812E-02 1.65735E+00 3.29469E-01 1.78562E-02 8.89995E-01 2.73320E-01 1.44937E-02 1.29360E-03
 2.66073E-01 1.18647E-02 2.36137E-01 1.06983E-02 1.62490E+00 3.20638E-01 1.45989E-02 8.72574E-01 2.66094E-01 1.18657E-02 1.94538E-03
 2.60369E-01 1.02616E-02 2.31008E-01 9.23791E-03 1.59742E+00 3.13645E-01 1.25998E-02 8.57815E-01 2.60399E-01 1.02628E-02 2.72707E-03
 2.58653E-01 9.86714E-03 2.29466E-01 8.87761E-03 1.58894E+00 3.11542E-01 1.21062E-02 8.53258E-01 2.58687E-01 9.86844E-03 3.02156E-03
 2.50592E-01 8.27078E-03 2.22220E-01 7.41468E-03 1.54704E+00 3.01664E-01 1.00999E-02 8.30763E-01 2.50649E-01 8.27268E-03 5.05330E-03
 2.42474E-01 7.04058E-03 2.14919E-01 6.28391E-03 1.50289E+00 2.91710E-01 8.54781E-03 8.07050E-01 2.42577E-01 7.04361E-03 8.83529E-03
 2.34215E-01 6.05920E-03 2.07527E-01 5.38714E-03 1.45699E+00 2.81646E-01 7.31906E-03 7.82404E-01 2.34421E-01 6.06453E-03 1.61921E-02
 2.25871E-01 5.25174E-03 2.00105E-01 4.66218E-03 1.40983E+00 2.71560E-01 6.33109E-03 7.57081E-01 2.26330E-01 5.26244E-03 3.11193E-02
 2.17500E-01 4.57027E-03 1.92691E-01 4.06287E-03 1.36181E+00 2.61499E-01 5.51968E-03 7.31292E-01 2.18699E-01 4.59556E-03 6.23962E-02
 2.09086E-01 3.98206E-03 1.85256E-01 3.54969E-03 1.31325E+00 2.51418E-01 4.82666E-03 7.05216E-01 2.12778E-01 4.05288E-03 1.28014E-01
 2.00699E-01 3.46649E-03 1.77842E-01 3.09722E-03 1.26443E+00 2.41363E-01 4.21445E-03 6.78997E-01 2.12925E-01 3.67985E-03 2.55560E-01
 1.92355E-01 3.01296E-03 1.70461E-01 2.69526E-03 1.21558E+00 2.31352E-01 3.66889E-03 6.52765E-01 2.27313E-01 3.56712E-03 4.52047E-01
 1.84088E-01 2.61485E-03 1.63140E-01 2.33983E-03 1.16692E+00 2.21417E-01 3.18537E-03 6.26634E-01 2.53373E-01 3.61132E-03 6.46299E-01
 1.75931E-01 2.26661E-03 1.55913E-01 2.02776E-03 1.11863E+00 2.11609E-01 2.76033E-03 6.00703E-01 2.70116E-01 3.49492E-03 7.50821E-01
 1.67911E-01 1.96281E-03 1.48803E-01 1.75515E-03 1.07088E+00 2.01958E-01 2.38888E-03 5.75062E-01 2.70309E-01 3.17377E-03 7.71728E-01
 1.60050E-01 1.69824E-03 1.41831E-01 1.51773E-03 1.02382E+00 1.92494E-01 2.06538E-03 5.49790E-01 2.61603E-01 2.78765E-03 7.53982E-01
 1.52367E-01 1.46812E-03 1.35015E-01 1.31133E-03 9.77568E-01 1.83241E-01 1.78419E-03 5.24954E-01 2.50052E-01 2.41909E-03 7.24034E-01
 1.44877E-01 1.26813E-03 1.28371E-01 1.13209E-03 9.32246E-01 1.74219E-01 1.54005E-03 5.00616E-01 2.37975E-01 2.09096E-03 6.91367E-01
 1.37595E-01 1.09449E-03 1.21909E-01 9.76571E-04 8.87948E-01 1.65445E-01 1.32827E-03 4.76828E-01 2.26046E-01 1.80451E-03 6.58686E-01
 1.30534E-01 9.43918E-04 1.15643E-01 8.41804E-04 8.44780E-01 1.56938E-01 1.14480E-03 4.53647E-01 2.14444E-01 1.55591E-03 6.26692E-01
 1.23702E-01 8.13403E-04 1.09580E-01 7.25072E-04 8.02799E-01 1.48705E-01 9.85904E-04 4.31103E-01 2.03211E-01 1.34047E-03 5.95553E-01
 2.94421E-01 4.25506E-02 2.60862E-01 3.82353E-02 1.60524E+00 3.54025E-01 5.21203E-02 8.62012E-01 2.94424E-01 4.25511E-02 2.29188E-04
 2.89383E-01 3.39482E-02 2.56445E-01 3.05084E-02 1.60239E+00 3.48051E-01 4.15887E-02 8.60483E-01 2.89386E-01 3.39487E-02 3.05217E-04
 2.83411E-01 2.69435E-02 2.51180E-01 2.42174E-02 1.58970E+00 3.40917E-01 3.30145E-02 8.53668E-01 2.83416E-01 2.69439E-02 4.13662E-04
 2.76619E-01 2.13361E-02 2.45171E-01 1.91813E-02 1.56898E+00 3.32765E-01 2.61507E-02 8.42543E-01 2.76626E-01 2.13367E-02 5.72251E-04
 2.69265E-01 1.69269E-02 2.38646E-01 1.52198E-02 1.54192E+00 3.23906E-01 2.07509E-02 8.28013E-01 2.69275E-01 1.69275E-02 8.10456E-04
 2.61556E-01 1.35164E-02 2.31790E-01 1.21524E-02 1.50999E+00 3.14590E-01 1.65683E-02 8.10863E-01 2.61570E-01 1.35171E-02 1.17858E-03
 2.53674E-01 1.09141E-02 2.24753E-01 9.80580E-03 1.47436E+00 3.05017E-01 1.33661E-02 7.91731E-01 2.53694E-01 1.09150E-02 1.76514E-03
 2.47506E-01 9.34321E-03 2.19232E-01 8.38378E-03 1.44485E+00 2.97500E-01 1.14233E-02 7.75886E-01 2.47534E-01 9.34430E-03 2.46661E-03
 2.45677E-01 8.95825E-03 2.17595E-01 8.03447E-03 1.43591E+00 2.95271E-01 1.09457E-02 7.71082E-01 2.45709E-01 8.95942E-03 2.73056E-03
 2.37067E-01 7.41394E-03 2.09890E-01 6.62918E-03 1.39217E+00 2.84782E-01 9.02261E-03 7.47594E-01 2.37121E-01 7.41564E-03 4.54741E-03
 2.28459E-01 6.24382E-03 2.02185E-01 5.56124E-03 1.34679E+00 2.74291E-01 7.55985E-03 7.23226E-01 2.28556E-01 6.24650E-03 7.91761E-03
 2.19800E-01 5.32760E-03 1.94459E-01 4.72837E-03 1.30027E+00 2.63782E-01 6.42048E-03 6.98244E-01 2.19993E-01 5.33228E-03 1.44504E-02
 2.11139E-01 4.58642E-03 1.86765E-01 4.06423E-03 1.25304E+00 2.53334E-01 5.51595E-03 6.72883E-01 2.11567E-01 4.59574E-03 2.76584E-02
 2.02520E-01 3.96989E-03 1.79139E-01 3.52174E-03 1.20547E+00 2.42988E-01 4.78135E-03 6.47336E-01 2.03634E-01 3.99180E-03 5.52328E-02
 1.93942E-01 3.44414E-03 1.71564E-01 3.06274E-03 1.15784E+00 2.32718E-01 4.16135E-03 6.21758E-01 1.97360E-01 3.50521E-03 1.12864E-01
 1.85459E-01 2.98762E-03 1.64070E-01 2.66227E-03 1.11037E+00 2.22558E-01 3.61959E-03 5.96271E-01 1.96733E-01 3.17090E-03 2.24424E-01
 1.77085E-01 2.58878E-03 1.56671E-01 2.30939E-03 1.06329E+00 2.12525E-01 3.14089E-03 5.70985E-01 2.09201E-01 3.06324E-03 3.95414E-01
 1.68850E-01 2.24040E-03 1.49387E-01 1.99914E-03 1.01675E+00 2.02645E-01 2.71916E-03 5.45993E-01 2.32264E-01 3.09110E-03 5.63128E-01
 1.60781E-01 1.93680E-03 1.42248E-01 1.72787E-03 9.70906E-01 1.92960E-01 2.35003E-03 5.21376E-01 2.46669E-01 2.98260E-03 6.51670E-01
 1.52898E-01 1.67276E-03 1.35270E-01 1.49166E-03 9.25894E-01 1.83493E-01 2.02849E-03 4.97205E-01 2.45937E-01 2.70110E-03 6.67244E-01
 1.45218E-01 1.44346E-03 1.28470E-01 1.28653E-03 8.81826E-01 1.74267E-01 1.74926E-03 4.73540E-01 2.37158E-01 2.36618E-03 6.49413E-01
 1.37756E-01 1.24454E-03 1.21862E-01 1.10867E-03 8.38798E-01 1.65301E-01 1.50718E-03 4.50435E-01 2.25881E-01 2.04791E-03 6.21254E-01
 1.30523E-01 1.07213E-03 1.15456E-01 9.54607E-04 7.96893E-01 1.56608E-01 1.29754E-03 4.27932E-01 2.14214E-01 1.76542E-03 5.90988E-01
 1.23529E-01 9.22820E-04 1.09261E-01 8.21281E-04 7.56179E-01 1.48201E-01 1.11616E-03 4.06068E-01 2.02764E-01 1.51949E-03 5.60939E-01
 1.16783E-01 7.93692E-04 1.03286E-01 7.06049E-04 7.16737E-01 1.40093E-01 9.59417E-04 3.84888E-01 1.91690E-01 1.30662E-03 5.31704E-01
 1.10289E-01 6.82069E-04 9.75333E-02 6.06499E-04 6.78595E-01 1.32286E-01 8.24035E-04 3.64405E-01 1.81022E-01 1.12263E-03 5.03412E-01
 2.85601E-01 4.21806E-02 2.52685E-01 3.77715E-02 1.49204E+00 3.42772E-01 5.14323E-02 8.01225E-01 2.85603E-01 4.21810E-02 2.13026E-04
 2.79935E-01 3.33172E-02 2.47700E-01 2.98356E-02 1.48314E+00 3.36022E-01 4.06267E-02 7.96448E-01 2.79938E-01 3.33177E-02 2.82504E-04
 2.73307E-01 2.61448E-02 2.41849E-01 2.34153E-02 1.46518E+00 3.28090E-01 3.18854E-02 7.86799E-01 2.73312E-01 2.61453E-02 3.81259E-04
 2.65867E-01 2.04467E-02 2.35266E-01 1.83153E-02 1.43991E+00 3.19160E-01 2.49419E-02 7.73231E-01 2.65873E-01 2.04472E-02 5.25175E-04
 2.57884E-01 1.60053E-02 2.28192E-01 1.43394E-02 1.40902E+00 3.09560E-01 1.95285E-02 7.56642E-01 2.57893E-01 1.60059E-02 7.40597E-04
 2.49585E-01 1.26039E-02 2.20827E-01 1.12921E-02 1.37395E+00 2.99558E-01 1.53787E-02 7.37813E-01 2.49598E-01 1.26045E-02 1.07240E-03
 2.41148E-01 1.00356E-02 2.13319E-01 8.98696E-03 1.33588E+00 2.89356E-01 1.22375E-02 7.17367E-01 2.41167E-01 1.00364E-02 1.59935E-03
 2.34589E-01 8.50115E-03 2.07472E-01 7.60537E-03 1.30491E+00 2.81404E-01 1.03530E-02 7.00735E-01 2.34616E-01 8.50214E-03 2.22770E-03
 2.32668E-01 8.12663E-03 2.05757E-01 7.26747E-03 1.29566E+00 2.79071E-01 9.89179E-03 6.95767E-01 2.32698E-01 8.12769E-03 2.46385E-03
 2.23613E-01 6.63742E-03 1.97683E-01 5.92051E-03 1.25078E+00 2.68093E-01 8.05197E-03 6.71669E-01 2.23663E-01 6.63893E-03 4.08558E-03
 2.14614E-01 5.52781E-03 1.89660E-01 4.91404E-03 1.20486E+00 2.57183E-01 6.67601E-03 6.47009E-01 2.14706E-01 5.53018E-03 7.08322E-03
 2.05654E-01 4.67477E-03 1.81688E-01 4.14228E-03 1.15835E+00 2.46348E-01 5.62178E-03 6.22032E-01 2.05834E-01 4.67887E-03 1.28732E-02
 1.96770E-01 3.99633E-03 1.73809E-01 3.53556E-03 1.11164E+00 2.35654E-01 4.79597E-03 5.96948E-01 1.97168E-01 4.00443E-03 2.45371E-02
 1.87997E-01 3.44013E-03 1.66054E-01 3.04603E-03 1.06505E+00 2.25137E-01 4.13302E-03 5.71930E-01 1.89029E-01 3.45909E-03 4.87989E-02
 1.79340E-01 2.97154E-03 1.58415E-01 2.63670E-03 1.01882E+00 2.14784E-01 3.58002E-03 5.47106E-01 1.82495E-01 3.02410E-03 9.93129E-02
 1.70841E-01 2.56842E-03 1.50916E-01 2.28324E-03 9.73142E-01 2.04618E-01 3.10192E-03 5.22577E-01 1.81208E-01 2.72552E-03 1.96687E-01
 1.62515E-01 2.21863E-03 1.43565E-01 1.97423E-03 9.28177E-01 1.94654E-01 2.68294E-03 4.98431E-01 1.91931E-01 2.62396E-03 3.45169E-01
 1.54381E-01 1.91459E-03 1.36381E-01 1.70409E-03 8.84061E-01 1.84913E-01 2.31600E-03 4.74741E-01 2.12249E-01 2.63921E-03 4.89639E-01
 1.46463E-01 1.65061E-03 1.29384E-01 1.46885E-03 8.40910E-01 1.75426E-01 1.99616E-03 4.51568E-01 2.24549E-01 2.53899E-03 5.64417E-01
 1.38774E-01 1.42174E-03 1.22588E-01 1.26468E-03 7.98822E-01 1.66211E-01 1.71848E-03 4.28967E-01 2.23053E-01 2.29297E-03 5.75670E-01
 1.31328E-01 1.22354E-03 1.16005E-01 1.08787E-03 7.57879E-01 1.57283E-01 1.47802E-03 4.06981E-01 2.14311E-01 2.00323E-03 5.58134E-01
 1.24134E-01 1.05206E-03 1.09644E-01 9.34974E-04 7.18149E-01 1.48656E-01 1.27010E-03 3.85646E-01 2.03387E-01 1.72910E-03 5.31895E-01
 1.17198E-01 9.03839E-04 1.03512E-01 8.02888E-04 6.79684E-01 1.40338E-01 1.09052E-03 3.64990E-01 1.92196E-01 1.48655E-03 5.04063E-01
 1.10526E-01 7.75821E-04 9.76116E-02 6.88879E-04 6.42527E-01 1.32336E-01 9.35540E-04 3.45037E-01 1.81281E-01 1.27596E-03 4.76631E-01
 1.04124E-01 6.65408E-04 9.19510E-02 5.90605E-04 6.06734E-01 1.24659E-01 8.01978E-04 3.25816E-01 1.70780E-01 1.09418E-03 4.50100E-01
 9.79917E-02 5.70224E-04 8.65282E-02 5.05934E-04 5.72310E-01 1.17304E-01 6.86923E-04 3.07330E-01 1.60716E-01 9.37494E-04 4.24565E-01
 2.75706E-01 4.16945E-02 2.43598E-01 3.72218E-02 1.38364E+00 3.30302E-01 5.06353E-02 7.43014E-01 2.75708E-01 4.16949E-02 1.97549E-04
 2.69484E-01 3.26087E-02 2.38117E-01 2.91098E-02 1.36924E+00 3.22876E-01 3.95995E-02 7.35282E-01 2.69488E-01 3.26091E-02 2.60808E-04
 2.62284E-01 2.53040E-02 2.31759E-01 2.25903E-02 1.34660E+00 3.14257E-01 3.07314E-02 7.23122E-01 2.62289E-01 2.53044E-02 3.50403E-04
 2.54284E-01 1.95455E-02 2.24685E-01 1.74518E-02 1.31743E+00 3.04664E-01 2.37421E-02 7.07462E-01 2.54290E-01 1.95460E-02 4.80505E-04
 2.45769E-01 1.50967E-02 2.17150E-01 1.34818E-02 1.28340E+00 2.94441E-01 1.83421E-02 6.89186E-01 2.45777E-01 1.50972E-02 6.74572E-04
 2.36981E-01 1.17230E-02 2.09365E-01 1.04698E-02 1.24593E+00 2.83876E-01 1.42446E-02 6.69063E-01 2.36994E-01 1.17236E-02 9.72476E-04
 2.28095E-01 9.20258E-03 2.01482E-01 8.21646E-03 1.20613E+00 2.73174E-01 1.11778E-02 6.47690E-01 2.28113E-01 9.20332E-03 1.44400E-03
 2.21229E-01 7.71204E-03 1.95379E-01 6.88050E-03 1.17424E+00 2.64883E-01 9.35818E-03 6.30567E-01 2.21254E-01 7.71294E-03 2.00463E-03
 2.19238E-01 7.34967E-03 1.93607E-01 6.55519E-03 1.16483E+00 2.62475E-01 8.91485E-03 6.25515E-01 2.19266E-01 7.35063E-03 2.21508E-03
 2.09852E-01 5.92150E-03 1.85264E-01 5.27015E-03 1.11954E+00 2.51141E-01 7.16244E-03 6.01190E-01 2.09900E-01 5.92285E-03 3.65688E-03
 2.00582E-01 4.87485E-03 1.77026E-01 4.32586E-03 1.07375E+00 2.39951E-01 5.87363E-03 5.76606E-01 2.00667E-01 4.87693E-03 6.31247E-03
 1.91432E-01 4.08458E-03 1.68904E-01 3.61398E-03 1.02789E+00 2.28921E-01 4.90249E-03 5.51977E-01 1.91599E-01 4.08815E-03 1.14233E-02
 1.82432E-01 3.46663E-03 1.60936E-01 3.06245E-03 9.82285E-01 2.18111E-01 4.15227E-03 5.27487E-01 1.82801E-01 3.47365E-03 2.16820E-02
 1.73608E-01 2.96740E-03 1.53145E-01 2.62301E-03 9.37213E-01 2.07549E-01 3.55713E-03 5.03283E-01 1.74561E-01 2.98372E-03 4.29417E-02
 1.64971E-01 2.55183E-03 1.45531E-01 2.25985E-03 8.92867E-01 1.97231E-01 3.06644E-03 4.79469E-01 1.67868E-01 2.59686E-03 8.70352E-02
 1.56550E-01 2.19764E-03 1.38106E-01 1.94942E-03 8.49389E-01 1.87171E-01 2.64660E-03 4.56122E-01 1.66033E-01 2.33169E-03 1.71675E-01
 1.48355E-01 1.89237E-03 1.30880E-01 1.68013E-03 8.06903E-01 1.77379E-01 2.28165E-03 4.33307E-01 1.75162E-01 2.23710E-03 3.00070E-01
 1.40402E-01 1.62832E-03 1.23864E-01 1.44601E-03 7.65508E-01 1.67869E-01 1.96385E-03 4.11078E-01 1.92938E-01 2.24280E-03 4.23978E-01
 1.32707E-01 1.39992E-03 1.17073E-01 1.24296E-03 7.25287E-01 1.58666E-01 1.68798E-03 3.89479E-01 2.03335E-01 2.15119E-03 4.86811E-01
 1.25279E-01 1.20251E-03 1.10517E-01 1.06730E-03 6.86307E-01 1.49778E-01 1.44926E-03 3.68547E-01 2.01228E-01 1.93729E-03 4.94586E-01
 1.18126E-01 1.03203E-03 1.04201E-01 9.15609E-04 6.48618E-01 1.41218E-01 1.24312E-03 3.48308E-01 1.92635E-01 1.68784E-03 4.77669E-01
 1.11252E-01 8.84946E-04 9.81324E-02 7.84790E-04 6.12260E-01 1.32990E-01 1.06537E-03 3.28784E-01 1.82155E-01 1.45288E-03 4.53469E-01
 1.04659E-01 7.58152E-04 9.23120E-02 6.72078E-04 5.77262E-01 1.25100E-01 9.12247E-04 3.09990E-01 1.71516E-01 1.24563E-03 4.28106E-01
 9.83499E-02 6.48942E-04 8.67411E-02 5.75051E-04 5.43642E-01 1.17548E-01 7.80454E-04 2.91936E-01 1.61201E-01 1.06619E-03 4.03277E-01
 9.23269E-02 5.55013E-04 8.14231E-02 4.91644E-04 5.11432E-01 1.10339E-01 6.67181E-04 2.74639E-01 1.51328E-01 9.11736E-04 3.79401E-01
 8.65848E-02 4.74266E-04 7.63533E-02 4.19979E-04 4.80618E-01 1.03466E-01 5.69869E-04 2.58092E-01 1.41912E-01 7.78965E-04 3.56544E-01
 2.64937E-01 4.10753E-02 2.33785E-01 3.65696E-02 1.27974E+00 3.16867E-01 4.97055E-02 6.87222E-01 2.64940E-01 4.10757E-02 1.82715E-04
 2.58235E-01 3.18123E-02 2.27877E-01 2.83203E-02 1.26052E+00 3.08862E-01 3.84920E-02 6.76898E-01 2.58238E-01 3.18127E-02 2.40099E-04
 2.50546E-01 2.44155E-02 2.21091E-01 2.17358E-02 1.23389E+00 2.99664E-01 2.95428E-02 6.62601E-01 2.50551E-01 2.44160E-02 3.21077E-04
 2.42079E-01 1.86300E-02 2.13611E-01 1.65870E-02 1.20155E+00 2.89523E-01 2.25454E-02 6.45233E-01 2.42084E-01 1.86305E-02 4.38240E-04
 2.33129E-01 1.41999E-02 2.05701E-01 1.26446E-02 1.16510E+00 2.78797E-01 1.71876E-02 6.25656E-01 2.33137E-01 1.42004E-02 6.12389E-04
 2.23953E-01 1.08732E-02 1.97587E-01 9.68338E-03 1.12592E+00 2.67791E-01 1.31629E-02 6.04621E-01 2.23964E-01 1.08738E-02 8.78811E-04
 2.14728E-01 8.41438E-03 1.89422E-01 7.49240E-03 1.08509E+00 2.56714E-01 1.01841E-02 5.82691E-01 2.14745E-01 8.41506E-03 1.29909E-03
 2.07631E-01 6.97478E-03 1.83133E-01 6.20713E-03 1.05280E+00 2.48178E-01 8.43566E-03 5.65353E-01 2.07655E-01 6.97559E-03 1.79731E-03
 2.05592E-01 6.62614E-03 1.81322E-01 5.89549E-03 1.04338E+00 2.45719E-01 8.01155E-03 5.60294E-01 2.05619E-01 6.62700E-03 1.98411E-03
 1.95985E-01 5.26422E-03 1.72805E-01 4.67555E-03 9.98299E-01 2.34157E-01 6.35022E-03 5.36086E-01 1.96029E-01 5.26541E-03 3.26087E-03
 1.86557E-01 4.28220E-03 1.64449E-01 3.79369E-03 9.53252E-01 2.22816E-01 5.14837E-03 5.11896E-01 1.86636E-01 4.28403E-03 5.60405E-03
 1.77319E-01 3.55373E-03 1.56267E-01 3.14005E-03 9.08578E-01 2.11714E-01 4.25777E-03 4.87907E-01 1.77474E-01 3.55684E-03 1.00974E-02
 1.68301E-01 2.99365E-03 1.48296E-01 2.64115E-03 8.64565E-01 2.00904E-01 3.57955E-03 4.64271E-01 1.68641E-01 2.99971E-03 1.90835E-02
 1.59521E-01 2.54778E-03 1.40552E-01 2.24870E-03 8.21436E-01 1.90410E-01 3.04805E-03 4.41111E-01 1.60395E-01 2.56176E-03 3.76370E-02
 1.50990E-01 2.18106E-03 1.33038E-01 1.92812E-03 7.79337E-01 1.80232E-01 2.61485E-03 4.18504E-01 1.53638E-01 2.21947E-03 7.59685E-02
 1.42727E-01 1.87140E-03 1.25760E-01 1.65683E-03 7.38365E-01 1.70373E-01 2.24800E-03 3.96502E-01 1.51360E-01 1.98528E-03 1.49235E-01
 1.34738E-01 1.60630E-03 1.18723E-01 1.42328E-03 6.98606E-01 1.60840E-01 1.93161E-03 3.75151E-01 1.59047E-01 1.89817E-03 2.59796E-01
 1.27033E-01 1.37812E-03 1.11933E-01 1.22134E-03 6.60125E-01 1.51641E-01 1.65765E-03 3.54487E-01 1.74492E-01 1.89682E-03 3.65611E-01
 1.19622E-01 1.18147E-03 1.05401E-01 1.04690E-03 6.22971E-01 1.42791E-01 1.42082E-03 3.34536E-01 1.83185E-01 1.81386E-03 4.18137E-01
 1.12508E-01 1.01203E-03 9.91292E-02 8.96471E-04 5.87183E-01 1.34293E-01 1.21654E-03 3.15317E-01 1.80607E-01 1.62885E-03 4.23153E-01
 1.05694E-01 8.66139E-04 9.31218E-02 7.66951E-04 5.52784E-01 1.26153E-01 1.04066E-03 2.96845E-01 1.72257E-01 1.41516E-03 4.07093E-01
 9.91810E-02 7.40613E-04 8.73790E-02 6.55556E-04 5.19790E-01 1.18371E-01 8.89402E-04 2.79127E-01 1.62292E-01 1.21476E-03 3.84981E-01
 9.29669E-02 6.32702E-04 8.18997E-02 5.59840E-04 4.88205E-01 1.10947E-01 7.59457E-04 2.62166E-01 1.52261E-01 1.03855E-03 3.62060E-01
 8.70488E-02 5.40015E-04 7.66814E-02 4.77668E-04 4.58026E-01 1.03876E-01 6.47918E-04 2.45960E-01 1.42591E-01 8.86422E-04 3.39767E-01
 8.14272E-02 4.60524E-04 7.17246E-02 4.07229E-04 4.29267E-01 9.71587E-02 5.52318E-04 2.30516E-01 1.33382E-01 7.55846E-04 3.18448E-01
 7.60933E-02 3.92384E-04 6.70216E-02 3.46874E-04 4.01896E-01 9.07860E-02 4.70417E-04 2.15818E-01 1.24641E-01 6.43918E-04 2.98145E-01
 2.53554E-01 4.03478E-02 2.23475E-01 3.58359E-02 1.18142E+00 3.02779E-01 4.86715E-02 6.34423E-01 2.53556E-01 4.03482E-02 1.68678E-04
 2.46425E-01 3.09402E-02 2.17194E-01 2.74767E-02 1.15783E+00 2.94269E-01 3.73167E-02 6.21756E-01 2.46428E-01 3.09406E-02 2.20539E-04
 2.38311E-01 2.34866E-02 2.10037E-01 2.08569E-02 1.12772E+00 2.84571E-01 2.83259E-02 6.05584E-01 2.38315E-01 2.34870E-02 2.93448E-04
 2.29450E-01 1.77045E-02 2.02218E-01 1.57233E-02 1.09272E+00 2.73974E-01 2.13543E-02 5.86792E-01 2.29455E-01 1.77049E-02 3.98547E-04
 2.20149E-01 1.33174E-02 1.94010E-01 1.18286E-02 1.05440E+00 2.62847E-01 1.60655E-02 5.66214E-01 2.20157E-01 1.33179E-02 5.54208E-04
 2.10674E-01 1.00557E-02 1.85644E-01 8.93267E-03 1.01410E+00 2.51507E-01 1.21328E-02 5.44572E-01 2.10685E-01 1.00562E-02 7.91531E-04
 2.01209E-01 7.67063E-03 1.77282E-01 6.81350E-03 9.72790E-01 2.40169E-01 9.25422E-03 5.22388E-01 2.01225E-01 7.67125E-03 1.16465E-03
 1.93961E-01 6.28832E-03 1.70873E-01 5.58346E-03 9.40528E-01 2.31477E-01 7.58262E-03 5.05063E-01 1.93983E-01 6.28905E-03 1.60564E-03
 1.91889E-01 5.95487E-03 1.69039E-01 5.28650E-03 9.31205E-01 2.28988E-01 7.17896E-03 5.00057E-01 1.91914E-01 5.95564E-03 1.77080E-03
 1.82163E-01 4.66351E-03 1.60435E-01 4.13422E-03 8.86876E-01 2.17317E-01 5.61166E-03 4.76252E-01 1.82204E-01 4.66457E-03 2.89691E-03
 1.72679E-01 3.74706E-03 1.52048E-01 3.31456E-03 8.43053E-01 2.05942E-01 4.49599E-03 4.52719E-01 1.72753E-01 3.74865E-03 4.95620E-03
 1.63452E-01 3.07891E-03 1.43892E-01 2.71717E-03 8.00011E-01 1.94881E-01 3.68293E-03 4.29606E-01 1.63594E-01 3.08160E-03 8.89084E-03
 1.54505E-01 2.57377E-03 1.35995E-01 2.26806E-03 7.57976E-01 1.84178E-01 3.07274E-03 4.07033E-01 1.54817E-01 2.57897E-03 1.67308E-02
 1.45856E-01 2.17751E-03 1.28375E-01 1.91932E-03 7.17118E-01 1.73854E-01 2.60049E-03 3.85092E-01 1.46654E-01 2.18944E-03 3.28573E-02
 1.37510E-01 1.85549E-03 1.21031E-01 1.63775E-03 6.77535E-01 1.63909E-01 2.21996E-03 3.63836E-01 1.39918E-01 1.88810E-03 6.60450E-02
 1.29476E-01 1.58608E-03 1.13962E-01 1.40182E-03 6.39282E-01 1.54336E-01 1.90095E-03 3.43294E-01 1.37298E-01 1.68239E-03 1.29209E-01
 1.21758E-01 1.35699E-03 1.07169E-01 1.20022E-03 6.02408E-01 1.45137E-01 1.62796E-03 3.23493E-01 1.43695E-01 1.60300E-03 2.24022E-01
 1.14358E-01 1.16076E-03 1.00655E-01 1.02685E-03 5.66945E-01 1.36314E-01 1.39289E-03 3.04449E-01 1.57022E-01 1.59664E-03 3.14004E-01
 1.07280E-01 9.92284E-04 9.44232E-02 8.77687E-04 5.32914E-01 1.27875E-01 1.19050E-03 2.86175E-01 1.64205E-01 1.52218E-03 3.57691E-01
 1.00523E-01 8.47574E-04 8.84736E-02 7.49477E-04 5.00326E-01 1.19816E-01 1.01650E-03 2.68675E-01 1.61283E-01 1.36299E-03 3.60559E-01
 9.40862E-02 7.23332E-04 8.28047E-02 6.39404E-04 4.69182E-01 1.12137E-01 8.67120E-04 2.51951E-01 1.53255E-01 1.18082E-03 3.45525E-01
 8.79645E-02 6.16739E-04 7.74135E-02 5.44999E-04 4.39473E-01 1.04835E-01 7.39017E-04 2.35997E-01 1.43860E-01 1.01073E-03 3.25495E-01
 8.21530E-02 5.25361E-04 7.22953E-02 4.64105E-04 4.11187E-01 9.79022E-02 6.29263E-04 2.20807E-01 1.34477E-01 8.61644E-04 3.04942E-01
 7.66453E-02 4.47098E-04 6.74447E-02 3.94852E-04 3.84301E-01 9.13319E-02 5.35315E-04 2.06370E-01 1.25481E-01 7.33312E-04 2.85077E-01
 7.14387E-02 3.80171E-04 6.28594E-02 3.35655E-04 3.58813E-01 8.51210E-02 4.55021E-04 1.92683E-01 1.16958E-01 6.23477E-04 2.66182E-01
 6.65216E-02 3.22968E-04 5.85292E-02 2.85079E-04 3.34677E-01 7.92557E-02 3.86427E-04 1.79721E-01 1.08905E-01 5.29599E-04 2.48278E-01
 2.41531E-01 3.94607E-02 2.12649E-01 3.49740E-02 1.08741E+00 2.88012E-01 4.74692E-02 5.83937E-01 2.41534E-01 3.94611E-02 1.55255E-04
 2.34015E-01 2.99555E-02 2.06030E-01 2.65451E-02 1.05996E+00 2.79046E-01 3.60269E-02 5.69196E-01 2.34018E-01 2.99559E-02 2.01897E-04
 2.25526E-01 2.24902E-02 1.98550E-01 1.99284E-02 1.02691E+00 2.68912E-01 2.70462E-02 5.51451E-01 2.25530E-01 2.24905E-02 2.67217E-04
 2.16339E-01 1.67494E-02 1.90452E-01 1.48420E-02 9.89843E-01 2.57940E-01 2.01433E-02 5.31546E-01 2.16344E-01 1.67498E-02 3.61024E-04
 2.06768E-01 1.24345E-02 1.82015E-01 1.10196E-02 9.50244E-01 2.46509E-01 1.49561E-02 5.10281E-01 2.06775E-01 1.24350E-02 4.99461E-04
 1.97085E-01 9.25908E-03 1.73478E-01 8.20653E-03 9.09390E-01 2.34942E-01 1.11386E-02 4.88343E-01 1.97095E-01 9.25956E-03 7.09801E-04
 1.87475E-01 6.96196E-03 1.65002E-01 6.17053E-03 8.68162E-01 2.23455E-01 8.37514E-03 4.66203E-01 1.87490E-01 6.96252E-03 1.03938E-03
 1.80154E-01 5.64413E-03 1.58541E-01 5.00116E-03 8.36335E-01 2.14698E-01 6.78739E-03 4.49112E-01 1.80175E-01 5.64478E-03 1.42777E-03
 1.78071E-01 5.32760E-03 1.56701E-01 4.72014E-03 8.27220E-01 2.12203E-01 6.40578E-03 4.44217E-01 1.78094E-01 5.32829E-03 1.57306E-03
 1.68331E-01 4.11177E-03 1.48101E-01 3.63883E-03 7.84138E-01 2.00545E-01 4.93655E-03 4.21082E-01 1.68369E-01 4.11270E-03 2.56133E-03
 1.58895E-01 3.26219E-03 1.39772E-01 2.88165E-03 7.41989E-01 1.89255E-01 3.90705E-03 3.98448E-01 1.58963E-01 3.26358E-03 4.36206E-03
 1.49777E-01 2.65323E-03 1.31726E-01 2.33889E-03 7.00974E-01 1.78350E-01 3.16906E-03 3.76423E-01 1.49907E-01 2.65554E-03 7.79020E-03
 1.40995E-01 2.20043E-03 1.23986E-01 1.93704E-03 6.61253E-01 1.67861E-01 2.62342E-03 3.55093E-01 1.41279E-01 2.20487E-03 1.45958E-02
 1.32562E-01 1.85039E-03 1.16563E-01 1.62907E-03 6.22944E-01 1.57809E-01 2.20639E-03 3.34521E-01 1.33287E-01 1.86051E-03 2.85424E-02
 1.24478E-01 1.56932E-03 1.09456E-01 1.38325E-03 5.86098E-01 1.48188E-01 1.87417E-03 3.14734E-01 1.26656E-01 1.59686E-03 5.71319E-02
 1.16745E-01 1.33636E-03 1.02656E-01 1.17930E-03 5.50728E-01 1.38983E-01 1.59844E-03 2.95741E-01 1.23788E-01 1.41735E-03 1.11311E-01
 1.09359E-01 1.13958E-03 9.61622E-02 1.00632E-03 5.16850E-01 1.30191E-01 1.36427E-03 2.77549E-01 1.29037E-01 1.34576E-03 1.92206E-01
 1.02318E-01 9.71851E-04 8.99702E-02 8.58355E-04 4.84468E-01 1.21807E-01 1.16373E-03 2.60160E-01 1.40442E-01 1.33604E-03 2.68324E-01
 9.56209E-02 8.28378E-04 8.40798E-02 7.31551E-04 4.53577E-01 1.13832E-01 9.91778E-04 2.43571E-01 1.46296E-01 1.26984E-03 3.04440E-01
 8.92617E-02 7.05540E-04 7.84859E-02 6.22915E-04 4.24162E-01 1.06257E-01 8.44432E-04 2.27775E-01 1.43146E-01 1.13372E-03 3.05672E-01
 8.32343E-02 6.00386E-04 7.31836E-02 5.29923E-04 3.96206E-01 9.90776E-02 7.18303E-04 2.12763E-01 1.35513E-01 9.79371E-04 2.91783E-01
 7.75312E-02 5.10428E-04 6.81663E-02 4.50392E-04 3.69682E-01 9.22839E-02 6.10444E-04 1.98519E-01 1.26736E-01 8.35884E-04 2.73804E-01
 7.21435E-02 4.33531E-04 6.34265E-02 3.82435E-04 3.44559E-01 8.58659E-02 5.18293E-04 1.85028E-01 1.18036E-01 7.10520E-04 2.55530E-01
 6.70619E-02 3.67861E-04 5.89560E-02 3.24422E-04 3.20802E-01 7.98125E-02 4.39636E-04 1.72270E-01 1.09739E-01 6.02927E-04 2.37973E-01
 6.22809E-02 3.11870E-04 5.47499E-02 2.74977E-04 2.98394E-01 7.41173E-02 3.72603E-04 1.60237E-01 1.01916E-01 5.11111E-04 2.21360E-01
 5.77864E-02 2.64154E-04 5.07962E-02 2.32855E-04 2.77278E-01 6.87637E-02 3.15504E-04 1.48899E-01 9.45594E-02 4.32866E-04 2.05698E-01
 2.29114E-01 3.84480E-02 2.01520E-01 3.40131E-02 9.98615E-01 2.72854E-01 4.61378E-02 5.36256E-01 2.29116E-01 3.84483E-02 1.42577E-04
 2.21246E-01 2.88902E-02 1.94596E-01 2.55527E-02 9.67918E-01 2.63478E-01 3.46594E-02 5.19772E-01 2.21249E-01 2.88906E-02 1.84365E-04
 2.12447E-01 2.14485E-02 1.86850E-01 1.89690E-02 9.32449E-01 2.52987E-01 2.57285E-02 5.00725E-01 2.12451E-01 2.14489E-02 2.42637E-04
 2.03008E-01 1.57804E-02 1.78539E-01 1.39561E-02 8.93809E-01 2.41729E-01 1.89293E-02 4.79976E-01 2.03013E-01 1.57808E-02 3.25997E-04
 1.93251E-01 1.15624E-02 1.69947E-01 1.02265E-02 8.53428E-01 2.30092E-01 1.38709E-02 4.58291E-01 1.93257E-01 1.15628E-02 4.48573E-04
 1.83449E-01 8.49071E-03 1.61316E-01 7.51056E-03 8.12498E-01 2.18402E-01 1.01875E-02 4.36312E-01 1.83459E-01 8.49115E-03 6.34175E-04
 1.73786E-01 6.29288E-03 1.52805E-01 5.56667E-03 7.71801E-01 2.06873E-01 7.55088E-03 4.14457E-01 1.73800E-01 6.29338E-03 9.24020E-04
 1.66464E-01 5.04490E-03 1.46354E-01 4.46193E-03 7.40735E-01 1.98133E-01 6.05202E-03 3.97775E-01 1.66483E-01 5.04548E-03 1.26456E-03
 1.64391E-01 4.74660E-03 1.44526E-01 4.19776E-03 7.31911E-01 1.95657E-01 5.69356E-03 3.93036E-01 1.64412E-01 4.74721E-03 1.39182E-03
 1.54731E-01 3.60948E-03 1.36011E-01 3.18932E-03 6.90455E-01 1.84119E-01 4.32458E-03 3.70775E-01 1.54766E-01 3.61030E-03 2.25532E-03
 1.45434E-01 2.82686E-03 1.27817E-01 2.49394E-03 6.50307E-01 1.73018E-01 3.38000E-03 3.49215E-01 1.45495E-01 2.82806E-03 3.82307E-03
 1.36510E-01 2.27511E-03 1.19954E-01 2.00353E-03 6.11590E-01 1.62366E-01 2.71380E-03 3.28424E-01 1.36628E-01 2.27709E-03 6.79684E-03
 1.27971E-01 1.87155E-03 1.12437E-01 1.64600E-03 5.74400E-01 1.52184E-01 2.22860E-03 3.08453E-01 1.28228E-01 1.87532E-03 1.26787E-02
 1.19824E-01 1.56407E-03 1.05273E-01 1.37558E-03 5.38802E-01 1.42486E-01 1.86245E-03 2.89337E-01 1.20478E-01 1.57262E-03 2.46871E-02
 1.12065E-01 1.32013E-03 9.84564E-02 1.16219E-03 5.04800E-01 1.33260E-01 1.57404E-03 2.71077E-01 1.14023E-01 1.34326E-03 4.92071E-02
 1.04685E-01 1.11980E-03 9.19736E-02 9.86866E-04 4.72372E-01 1.24485E-01 1.33703E-03 2.53664E-01 1.10995E-01 1.18755E-03 9.54736E-02
 9.76785E-02 9.51727E-04 8.58177E-02 8.39250E-04 4.41503E-01 1.16154E-01 1.13726E-03 2.37087E-01 1.15236E-01 1.12360E-03 1.64185E-01
 9.10364E-02 8.09159E-04 7.99812E-02 7.13649E-04 4.12171E-01 1.08254E-01 9.67108E-04 2.21336E-01 1.24919E-01 1.11182E-03 2.28282E-01
 8.47521E-02 6.87669E-04 7.44589E-02 6.06440E-04 3.84348E-01 1.00779E-01 8.21797E-04 2.06395E-01 1.29617E-01 1.05349E-03 2.57974E-01
 7.88160E-02 5.83988E-04 6.92420E-02 5.14894E-04 3.58002E-01 9.37169E-02 6.97693E-04 1.92247E-01 1.26342E-01 9.37776E-04 2.57994E-01
 7.32181E-02 4.95498E-04 6.43221E-02 4.36763E-04 3.33096E-01 8.70570E-02 5.91776E-04 1.78873E-01 1.19155E-01 8.07735E-04 2.45306E-01
 6.79474E-02 4.20016E-04 5.96896E-02 3.70136E-04 3.09590E-01 8.07862E-02 5.01461E-04 1.66250E-01 1.11023E-01 6.87376E-04 2.29297E-01
 6.29922E-02 3.55682E-04 5.53343E-02 3.13367E-04 2.87439E-01 7.48907E-02 4.24519E-04 1.54355E-01 1.03020E-01 5.82563E-04 2.13169E-01
 5.83404E-02 3.00902E-04 5.12459E-02 2.65046E-04 2.66597E-01 6.93563E-02 3.59032E-04 1.43162E-01 9.54274E-02 4.92876E-04 1.97763E-01
 5.39842E-02 2.54336E-04 4.74173E-02 2.23982E-04 2.47036E-01 6.41737E-02 3.03388E-04 1.32658E-01 8.83028E-02 4.16571E-04 1.83261E-01
 4.99078E-02 2.14772E-04 4.38346E-02 1.89104E-04 2.28692E-01 5.93242E-02 2.56129E-04 1.22808E-01 8.16334E-02 3.51737E-04 1.69654E-01
 2.16275E-01 3.72669E-02 1.90061E-01 3.29146E-02 9.14035E-01 2.57267E-01 4.46246E-02 4.90837E-01 2.16277E-01 3.72672E-02 1.30502E-04
 2.08070E-01 2.77105E-02 1.82847E-01 2.44689E-02 8.80435E-01 2.47500E-01 3.31719E-02 4.72794E-01 2.08073E-01 2.77108E-02 1.67702E-04
 1.99017E-01 2.03369E-02 1.74885E-01 1.79558E-02 8.43049E-01 2.36719E-01 2.43412E-02 4.52718E-01 1.99021E-01 2.03373E-02 2.19373E-04
 1.89393E-01 1.47807E-02 1.66419E-01 1.30497E-02 8.03339E-01 2.25256E-01 1.76903E-02 4.31393E-01 1.89398E-01 1.47810E-02 2.93001E-04
 1.79530E-01 1.06888E-02 1.57742E-01 9.43750E-03 7.62667E-01 2.13507E-01 1.27938E-02 4.09552E-01 1.79536E-01 1.06892E-02 4.00868E-04
 1.69699E-01 7.74125E-03 1.49094E-01 6.83567E-03 7.22134E-01 2.01799E-01 9.26695E-03 3.87786E-01 1.69707E-01 7.74165E-03 5.63643E-04
 1.60075E-01 5.65566E-03 1.40628E-01 4.99439E-03 6.82408E-01 1.90335E-01 6.77090E-03 3.66453E-01 1.60088E-01 5.65611E-03 8.16996E-04
 1.52826E-01 4.48359E-03 1.34249E-01 3.95895E-03 6.52415E-01 1.81696E-01 5.36698E-03 3.50347E-01 1.52843E-01 4.48411E-03 1.11378E-03
 1.50784E-01 4.20485E-03 1.32452E-01 3.71262E-03 6.43964E-01 1.79263E-01 5.03295E-03 3.45808E-01 1.50804E-01 4.20539E-03 1.22458E-03
 1.41300E-01 3.15015E-03 1.24103E-01 2.77952E-03 6.04494E-01 1.67956E-01 3.76722E-03 3.24613E-01 1.41331E-01 3.15086E-03 1.97453E-03
 1.32233E-01 2.43488E-03 1.16124E-01 2.14564E-03 5.66653E-01 1.57150E-01 2.90689E-03 3.04292E-01 1.32289E-01 2.43592E-03 3.33128E-03
 1.23589E-01 1.93867E-03 1.08518E-01 1.70569E-03 5.30486E-01 1.46850E-01 2.30969E-03 2.84871E-01 1.23697E-01 1.94036E-03 5.89550E-03
 1.15372E-01 1.58155E-03 1.01291E-01 1.38982E-03 4.96022E-01 1.37066E-01 1.88125E-03 2.66364E-01 1.15604E-01 1.58473E-03 1.09487E-02
 1.07583E-01 1.31336E-03 9.44471E-02 1.15404E-03 4.63275E-01 1.27802E-01 1.56205E-03 2.48779E-01 1.08169E-01 1.32053E-03 2.12266E-02
 1.00208E-01 1.10310E-03 8.79733E-02 9.70091E-04 4.32206E-01 1.19042E-01 1.31342E-03 2.32095E-01 1.01958E-01 1.12240E-03 4.21308E-02
 9.32359E-02 9.32023E-04 8.18524E-02 8.20407E-04 4.02762E-01 1.10760E-01 1.11109E-03 2.16283E-01 9.88499E-02 9.88330E-04 8.14044E-02
 8.66527E-02 7.89451E-04 7.60730E-02 6.95289E-04 3.74901E-01 1.02939E-01 9.41804E-04 2.01322E-01 1.02213E-01 9.31796E-04 1.39418E-01
 8.04461E-02 6.69106E-04 7.06234E-02 5.89392E-04 3.48578E-01 9.55647E-02 7.98401E-04 1.87186E-01 1.10358E-01 9.18983E-04 1.93061E-01
 7.46046E-02 5.66943E-04 6.54943E-02 4.99360E-04 3.23748E-01 8.86237E-02 6.76425E-04 1.73852E-01 1.14059E-01 8.68058E-04 2.17299E-01
 6.91148E-02 4.80039E-04 6.06735E-02 4.22736E-04 3.00361E-01 8.20999E-02 5.72598E-04 1.61294E-01 1.10750E-01 7.70401E-04 2.16455E-01
 6.39633E-02 4.06092E-04 5.61497E-02 3.57539E-04 2.78369E-01 7.59779E-02 4.84254E-04 1.49484E-01 1.04055E-01 6.61605E-04 2.05002E-01
 5.91365E-02 3.43203E-04 5.19108E-02 3.02103E-04 2.57718E-01 7.02414E-02 4.09142E-04 1.38395E-01 9.65899E-02 5.61348E-04 1.90878E-01
 5.46200E-02 2.89761E-04 4.79446E-02 2.55008E-04 2.38355E-01 6.48739E-02 3.45338E-04 1.27997E-01 8.92942E-02 4.74329E-04 1.76768E-01
 5.03998E-02 2.44391E-04 4.42385E-02 2.15038E-04 2.20225E-01 5.98584E-02 2.91192E-04 1.18261E-01 8.24085E-02 4.00095E-04 1.63365E-01
 4.64660E-02 2.05942E-04 4.07840E-02 1.81175E-04 2.03293E-01 5.51835E-02 2.45323E-04 1.09168E-01 7.59773E-02 3.37129E-04 1.50811E-01
 4.28013E-02 1.73374E-04 3.75659E-02 1.52499E-04 1.87489E-01 5.08286E-02 2.06482E-04 1.00682E-01 6.99840E-02 2.83793E-04 1.39088E-01
 2.03312E-01 3.59645E-02 1.78531E-01 3.17192E-02 8.34502E-01 2.41600E-01 4.29844E-02 4.48128E-01 2.03313E-01 3.59649E-02 1.19146E-04
 1.94804E-01 2.64536E-02 1.71057E-01 2.33255E-02 7.98536E-01 2.31483E-01 3.16073E-02 4.28814E-01 1.94807E-01 2.64539E-02 1.52102E-04
 1.85540E-01 1.91852E-02 1.62914E-01 1.69142E-02 7.59689E-01 2.20462E-01 2.29186E-02 4.07953E-01 1.85543E-01 1.91855E-02 1.97682E-04
 1.75785E-01 1.37704E-02 1.54341E-01 1.21397E-02 7.19319E-01 2.08856E-01 1.64489E-02 3.86274E-01 1.75789E-01 1.37707E-02 2.62356E-04
 1.65880E-01 9.82707E-03 1.45636E-01 8.66354E-03 6.78746E-01 1.97072E-01 1.17389E-02 3.64487E-01 1.65886E-01 9.82741E-03 3.56758E-04
 1.56093E-01 7.01879E-03 1.37034E-01 6.18827E-03 6.38968E-01 1.85430E-01 8.38519E-03 3.43126E-01 1.56101E-01 7.01916E-03 4.98730E-04
 1.46586E-01 5.05467E-03 1.28680E-01 4.45690E-03 6.00535E-01 1.74121E-01 6.03931E-03 3.22487E-01 1.46597E-01 5.05507E-03 7.18975E-04
 1.39470E-01 3.96244E-03 1.22425E-01 3.49365E-03 5.71838E-01 1.65653E-01 4.73399E-03 3.07077E-01 1.39486E-01 3.96289E-03 9.76225E-04
 1.37478E-01 3.70404E-03 1.20673E-01 3.26571E-03 5.63814E-01 1.63282E-01 4.42507E-03 3.02768E-01 1.37496E-01 3.70452E-03 1.07216E-03
 1.28248E-01 2.73354E-03 1.12558E-01 2.40886E-03 5.26567E-01 1.52296E-01 3.26351E-03 2.82766E-01 1.28277E-01 2.73416E-03 1.71999E-03
 1.19488E-01 2.08481E-03 1.04857E-01 1.83524E-03 4.91217E-01 1.41871E-01 2.48553E-03 2.63784E-01 1.19538E-01 2.08570E-03 2.88781E-03
 1.11193E-01 1.64178E-03 9.75661E-02 1.44328E-03 4.57733E-01 1.32001E-01 1.95384E-03 2.45803E-01 1.11289E-01 1.64321E-03 5.08697E-03
 1.03358E-01 1.32795E-03 9.06830E-02 1.16612E-03 4.26080E-01 1.22685E-01 1.57809E-03 2.28805E-01 1.03566E-01 1.33063E-03 9.40486E-03
 9.59779E-02 1.09563E-03 8.42035E-02 9.61958E-04 3.96219E-01 1.13917E-01 1.30173E-03 2.12769E-01 9.65011E-02 1.10161E-03 1.81542E-02
 8.90335E-02 9.15633E-04 7.81107E-02 8.04478E-04 3.68075E-01 1.05674E-01 1.08887E-03 1.97656E-01 9.05869E-02 9.31636E-04 3.58794E-02
 8.25046E-02 7.70527E-04 7.23830E-02 6.77546E-04 3.41567E-01 9.79249E-02 9.17304E-04 1.83421E-01 8.74683E-02 8.17017E-04 6.90359E-02
 7.63742E-02 6.50410E-04 6.70046E-02 5.72207E-04 3.16629E-01 9.06487E-02 7.74812E-04 1.70030E-01 9.00771E-02 7.67521E-04 1.17748E-01
 7.06252E-02 5.49516E-04 6.19604E-02 4.83518E-04 2.93200E-01 8.38242E-02 6.54752E-04 1.57449E-01 9.68629E-02 7.54441E-04 1.62390E-01
 6.52423E-02 4.64194E-04 5.72372E-02 4.08417E-04 2.71219E-01 7.74341E-02 5.53045E-04 1.45645E-01 9.97160E-02 7.10392E-04 1.82042E-01
 6.02088E-02 3.91855E-04 5.28203E-02 3.44716E-04 2.50626E-01 7.14582E-02 4.66762E-04 1.34586E-01 9.64483E-02 6.28555E-04 1.80613E-01
 5.55086E-02 3.30493E-04 4.86957E-02 2.90681E-04 2.31358E-01 6.58778E-02 3.93572E-04 1.24239E-01 9.02714E-02 5.38163E-04 1.70382E-01
 5.11256E-02 2.78463E-04 4.48495E-02 2.44873E-04 2.13357E-01 6.06739E-02 3.31529E-04 1.14573E-01 8.34780E-02 4.55231E-04 1.58022E-01
 4.70436E-02 2.34383E-04 4.12674E-02 2.06073E-04 1.96562E-01 5.58274E-02 2.78984E-04 1.05554E-01 7.68831E-02 3.83491E-04 1.45773E-01
 4.32470E-02 1.97075E-04 3.79357E-02 1.73243E-04 1.80912E-01 5.13197E-02 2.34525E-04 9.71496E-02 7.06901E-02 3.22481E-04 1.34202E-01
 3.97242E-02 1.65556E-04 3.48444E-02 1.45514E-04 1.66365E-01 4.71372E-02 1.96978E-04 8.93382E-02 6.49328E-02 2.70894E-04 1.23417E-01
 3.64570E-02 1.38942E-04 3.19775E-02 1.22104E-04 1.52852E-01 4.32584E-02 1.65282E-04 8.20816E-02 5.95916E-02 2.27331E-04 1.13393E-01
 1.90332E-01 3.45372E-02 1.67021E-01 3.04228E-02 7.60133E-01 2.25974E-01 4.12114E-02 4.08191E-01 1.90334E-01 3.45375E-02 1.08528E-04
 1.81549E-01 2.51163E-02 1.59309E-01 2.21189E-02 7.22162E-01 2.15539E-01 2.99604E-02 3.87801E-01 1.81551E-01 2.51166E-02 1.37555E-04
 1.72115E-01 1.79939E-02 1.51024E-01 1.58440E-02 6.82221E-01 2.04328E-01 2.14598E-02 3.66353E-01 1.72118E-01 1.79942E-02 1.77524E-04
 1.62287E-01 1.27516E-02 1.42393E-01 1.12272E-02 6.41612E-01 1.92646E-01 1.52063E-02 3.44545E-01 1.62291E-01 1.27519E-02 2.34014E-04
 1.52407E-01 8.97965E-03 1.33717E-01 7.90617E-03 6.01522E-01 1.80905E-01 1.07083E-02 3.23017E-01 1.52412E-01 8.97996E-03 3.16168E-04
 1.42736E-01 6.32528E-03 1.25224E-01 5.56947E-03 5.62836E-01 1.69412E-01 7.54354E-03 3.02243E-01 1.42743E-01 6.32561E-03 4.39308E-04
 1.33422E-01 4.49081E-03 1.17046E-01 3.95451E-03 5.25986E-01 1.58345E-01 5.35629E-03 2.82454E-01 1.33433E-01 4.49117E-03 6.29724E-04
 1.26498E-01 3.48151E-03 1.10966E-01 3.06569E-03 4.98776E-01 1.50117E-01 4.15239E-03 2.67843E-01 1.26513E-01 3.48191E-03 8.51495E-04
 1.24571E-01 3.24400E-03 1.09273E-01 2.85649E-03 4.91224E-01 1.47826E-01 3.86901E-03 2.63787E-01 1.24587E-01 3.24442E-03 9.34125E-04
 1.15671E-01 2.35854E-03 1.01456E-01 2.07605E-03 4.56386E-01 1.37247E-01 2.81160E-03 2.45079E-01 1.15697E-01 2.35907E-03 1.49075E-03
 1.07287E-01 1.77488E-03 9.40928E-02 1.56095E-03 4.23661E-01 1.27282E-01 2.11341E-03 2.27506E-01 1.07332E-01 1.77563E-03 2.49065E-03
 9.94025E-02 1.38229E-03 8.71689E-02 1.21427E-03 3.92939E-01 1.17912E-01 1.64342E-03 2.11008E-01 9.94887E-02 1.38349E-03 4.36688E-03
 9.20044E-02 1.10844E-03 8.06745E-02 9.72747E-04 3.64124E-01 1.09124E-01 1.31613E-03 1.95535E-01 9.21892E-02 1.11067E-03 8.03731E-03
 8.50782E-02 9.08538E-04 7.45979E-02 7.97151E-04 3.37134E-01 1.00903E-01 1.07847E-03 1.81041E-01 8.55417E-02 9.13491E-04 1.54470E-02
 7.85995E-02 7.55457E-04 6.89168E-02 6.63214E-04 3.11860E-01 9.32183E-02 8.97433E-04 1.67469E-01 7.99699E-02 7.68648E-04 3.03996E-02
 7.25424E-02 6.33165E-04 6.36060E-02 5.56258E-04 2.88196E-01 8.60347E-02 7.52881E-04 1.54761E-01 7.69035E-02 6.71324E-04 5.82488E-02
 6.68853E-02 5.32605E-04 5.86458E-02 4.68123E-04 2.66060E-01 7.93255E-02 6.33683E-04 1.42874E-01 7.88769E-02 6.28389E-04 9.89420E-02
 6.16079E-02 4.48551E-04 5.40180E-02 3.94303E-04 2.45376E-01 7.30657E-02 5.33780E-04 1.31767E-01 8.44784E-02 6.15619E-04 1.35902E-01
 5.66911E-02 3.77742E-04 4.97066E-02 3.32042E-04 2.26072E-01 6.72338E-02 4.49489E-04 1.21401E-01 8.66241E-02 5.77846E-04 1.51739E-01
 5.21161E-02 3.17908E-04 4.56945E-02 2.79409E-04 2.08078E-01 6.18067E-02 3.78223E-04 1.11738E-01 8.34613E-02 5.09713E-04 1.49951E-01
 4.78645E-02 2.67311E-04 4.19659E-02 2.34901E-04 1.91328E-01 5.67630E-02 3.17959E-04 1.02743E-01 7.78179E-02 4.35086E-04 1.40902E-01
 4.39183E-02 2.24540E-04 3.85052E-02 1.97284E-04 1.75755E-01 5.20817E-02 2.67027E-04 9.43802E-02 7.16896E-02 3.66918E-04 1.30172E-01
 4.02601E-02 1.88414E-04 3.52970E-02 1.65519E-04 1.61294E-01 4.77420E-02 2.24021E-04 8.66148E-02 6.57782E-02 3.08148E-04 1.19618E-01
 3.68730E-02 1.57932E-04 3.23266E-02 1.38721E-04 1.47883E-01 4.37238E-02 1.87744E-04 7.94133E-02 6.02545E-02 2.58325E-04 1.09701E-01
 3.37443E-02 1.32261E-04 2.95828E-02 1.16158E-04 1.35477E-01 4.00123E-02 1.57200E-04 7.27510E-02 5.51429E-02 2.16329E-04 1.00502E-01
 3.08554E-02 1.10653E-04 2.70494E-02 9.71691E-05 1.24004E-01 3.65855E-02 1.31497E-04 6.65902E-02 5.04215E-02 1.80976E-04 9.19918E-02
 1.77359E-01 3.29983E-02 1.55544E-01 2.90359E-02 6.90047E-01 2.10406E-01 3.93192E-02 3.70555E-01 1.77360E-01 3.29986E-02 9.85216E-05
 1.68309E-01 2.37115E-02 1.47603E-01 2.08591E-02 6.50531E-01 1.99664E-01 2.82443E-02 3.49335E-01 1.68311E-01 2.37118E-02 1.23911E-04
 1.58727E-01 1.67740E-02 1.39194E-01 1.47536E-02 6.09898E-01 1.88286E-01 1.99761E-02 3.27515E-01 1.58730E-01 1.67743E-02 1.58704E-04
 1.48886E-01 1.17277E-02 1.30557E-01 1.03142E-02 5.69395E-01 1.76600E-01 1.39648E-02 3.05765E-01 1.48889E-01 1.17279E-02 2.07674E-04
 1.39096E-01 8.14563E-03 1.21966E-01 7.16374E-03 5.30095E-01 1.64975E-01 9.69919E-03 2.84661E-01 1.39101E-01 8.14591E-03 2.78625E-04
 1.29609E-01 5.65708E-03 1.13641E-01 4.97538E-03 4.92771E-01 1.53712E-01 6.73640E-03 2.64618E-01 1.29616E-01 5.65737E-03 3.84620E-04
 1.20558E-01 3.95881E-03 1.05699E-01 3.48200E-03 4.57728E-01 1.42968E-01 4.71455E-03 2.45800E-01 1.20568E-01 3.95912E-03 5.48003E-04
 1.13879E-01 3.03481E-03 9.98383E-02 2.66931E-03 4.32148E-01 1.35038E-01 3.61419E-03 2.32063E-01 1.13892E-01 3.03515E-03 7.37750E-04
 1.12031E-01 2.81857E-03 9.82164E-02 2.47910E-03 4.25101E-01 1.32844E-01 3.35664E-03 2.28279E-01 1.12045E-01 2.81894E-03 8.08384E-04
 1.03527E-01 2.01852E-03 9.07542E-02 1.77495E-03 3.92804E-01 1.22748E-01 2.40305E-03 2.10936E-01 1.03550E-01 2.01898E-03 1.28306E-03
 9.55788E-02 1.49845E-03 8.37791E-02 1.31673E-03 3.62787E-01 1.13310E-01 1.78228E-03 1.94817E-01 9.56192E-02 1.49909E-03 2.13278E-03
 8.81574E-02 1.15383E-03 7.72672E-02 1.01290E-03 3.34866E-01 1.04500E-01 1.37060E-03 1.79823E-01 8.82338E-02 1.15483E-03 3.72150E-03
 8.12402E-02 9.17074E-04 7.11993E-02 8.04351E-04 3.08887E-01 9.62913E-02 1.08809E-03 1.65873E-01 8.14033E-02 9.18916E-04 6.81807E-03
 7.48047E-02 7.46630E-04 6.55565E-02 6.54703E-04 2.84727E-01 8.86587E-02 8.85586E-04 1.52898E-01 7.52119E-02 7.50697E-04 1.30458E-02
 6.88204E-02 6.17622E-04 6.03116E-02 5.41829E-04 2.62248E-01 8.15653E-02 7.33015E-04 1.40827E-01 7.00195E-02 6.28397E-04 2.55635E-02
 6.32565E-02 5.15496E-04 5.54357E-02 4.52525E-04 2.41326E-01 7.49712E-02 6.12325E-04 1.29592E-01 6.70570E-02 5.46533E-04 4.87758E-02
 5.80878E-02 4.32080E-04 5.09061E-02 3.79453E-04 2.21865E-01 6.88453E-02 5.13516E-04 1.19142E-01 6.84953E-02 5.09703E-04 8.25068E-02
 5.32908E-02 3.62701E-04 4.67019E-02 3.18568E-04 2.03778E-01 6.31594E-02 4.31140E-04 1.09429E-01 7.30609E-02 4.97647E-04 1.12863E-01
 4.88440E-02 3.04483E-04 4.28046E-02 2.67425E-04 1.86984E-01 5.78886E-02 3.61921E-04 1.00411E-01 7.46168E-02 4.65606E-04 1.25504E-01
 4.47264E-02 2.55455E-04 3.91956E-02 2.24339E-04 1.71411E-01 5.30077E-02 3.03600E-04 9.20476E-02 7.16096E-02 4.09419E-04 1.23527E-01
 4.09182E-02 2.14128E-04 3.58578E-02 1.88021E-04 1.56985E-01 4.84934E-02 2.54438E-04 8.43009E-02 6.65081E-02 3.48389E-04 1.15610E-01
 3.74002E-02 1.79303E-04 3.27742E-02 1.57420E-04 1.43638E-01 4.43229E-02 2.13019E-04 7.71337E-02 6.10345E-02 2.92887E-04 1.06385E-01
 3.41538E-02 1.49981E-04 2.99288E-02 1.31660E-04 1.31304E-01 4.04746E-02 1.78153E-04 7.05103E-02 5.57878E-02 2.45202E-04 9.73770E-02
 3.11616E-02 1.25319E-04 2.73062E-02 1.09997E-04 1.19919E-01 3.69276E-02 1.48834E-04 6.43967E-02 5.09091E-02 2.04907E-04 8.89570E-02
 2.84103E-02 1.04615E-04 2.48947E-02 9.18148E-05 1.09436E-01 3.36662E-02 1.24228E-04 5.87673E-02 4.64151E-02 1.71051E-04 8.11843E-02
 2.58810E-02 8.72442E-05 2.26779E-02 7.65615E-05 9.97867E-02 3.06681E-02 1.03587E-04 5.35854E-02 4.22827E-02 1.42642E-04 7.40263E-02
 1.64600E-01 3.13888E-02 1.44280E-01 2.75939E-02 6.24976E-01 1.95137E-01 3.73553E-02 3.35612E-01 1.64601E-01 3.13891E-02 8.92310E-05
 1.55336E-01 2.22628E-02 1.36156E-01 1.95664E-02 5.84295E-01 1.84149E-01 2.64860E-02 3.13766E-01 1.55338E-01 2.22631E-02 1.11294E-04
 1.45658E-01 1.55385E-02 1.27668E-01 1.36541E-02 5.43290E-01 1.72666E-01 1.84818E-02 2.91747E-01 1.45661E-01 1.55388E-02 1.41372E-04
 1.35847E-01 1.07118E-02 1.19062E-01 9.41176E-03 5.03175E-01 1.61024E-01 1.27390E-02 2.70205E-01 1.35850E-01 1.07121E-02 1.83522E-04
 1.26191E-01 7.33559E-03 1.10593E-01 6.44507E-03 4.64911E-01 1.49568E-01 8.72345E-03 2.49657E-01 1.26196E-01 7.33584E-03 2.44363E-04
 1.16940E-01 5.02176E-03 1.02480E-01 4.41224E-03 4.29150E-01 1.38593E-01 5.97205E-03 2.30454E-01 1.16946E-01 5.02201E-03 3.34962E-04
 1.08203E-01 3.46351E-03 9.48190E-02 3.04331E-03 3.96068E-01 1.28230E-01 4.11925E-03 2.12689E-01 1.08212E-01 3.46378E-03 4.74183E-04
 1.01809E-01 2.62543E-03 8.92120E-02 2.30696E-03 3.72206E-01 1.20646E-01 3.12259E-03 1.99874E-01 1.01820E-01 2.62573E-03 6.35419E-04
 1.00050E-01 2.43044E-03 8.76695E-02 2.13562E-03 3.65681E-01 1.18559E-01 2.89068E-03 1.96371E-01 1.00063E-01 2.43075E-03 6.95389E-04
 9.19936E-02 1.71448E-03 8.06046E-02 1.50624E-03 3.35980E-01 1.09003E-01 2.03866E-03 1.80421E-01 9.20143E-02 1.71486E-03 1.09745E-03
 8.45251E-02 1.25544E-03 7.40552E-02 1.10235E-03 3.08681E-01 1.00144E-01 1.49175E-03 1.65762E-01 8.45608E-02 1.25597E-03 1.81470E-03
 7.76043E-02 9.55676E-04 6.79867E-02 8.38451E-04 2.83528E-01 9.19352E-02 1.13432E-03 1.52255E-01 7.76715E-02 9.56506E-04 3.15096E-03
 7.11979E-02 7.52767E-04 6.23703E-02 6.59914E-04 2.60316E-01 8.43387E-02 8.92560E-04 1.39790E-01 7.13407E-02 7.54278E-04 5.74595E-03
 6.52753E-02 6.08676E-04 5.71800E-02 5.33461E-04 2.38883E-01 7.73194E-02 7.21469E-04 1.28280E-01 6.56305E-02 6.11990E-04 1.09453E-02
 5.98005E-02 5.00863E-04 5.23837E-02 4.39133E-04 2.19070E-01 7.08336E-02 5.93968E-04 1.17640E-01 6.08419E-02 5.09595E-04 2.13546E-02
 5.47382E-02 4.16282E-04 4.79494E-02 3.65181E-04 2.00737E-01 6.48375E-02 4.94030E-04 1.07796E-01 5.80251E-02 4.41324E-04 4.05720E-02
 5.00604E-02 3.47657E-04 4.38518E-02 3.05092E-04 1.83778E-01 5.92967E-02 4.12788E-04 9.86886E-02 5.90246E-02 4.10055E-04 6.83430E-02
 4.57411E-02 2.90863E-04 4.00680E-02 2.55285E-04 1.68099E-01 5.41802E-02 3.45415E-04 9.02693E-02 6.27008E-02 3.98979E-04 9.31021E-02
 4.17570E-02 2.43393E-04 3.65778E-02 2.13618E-04 1.53617E-01 4.94606E-02 2.89034E-04 8.24925E-02 6.37777E-02 3.72070E-04 1.03108E-01
 3.80856E-02 2.03555E-04 3.33615E-02 1.78637E-04 1.40254E-01 4.51114E-02 2.41697E-04 7.53165E-02 6.09643E-02 3.26129E-04 1.01074E-01
 3.47062E-02 1.70084E-04 3.04009E-02 1.49246E-04 1.27936E-01 4.11079E-02 2.01923E-04 6.87019E-02 5.63990E-02 2.76636E-04 9.42177E-02
 3.15988E-02 1.41969E-04 2.76786E-02 1.24562E-04 1.16595E-01 3.74266E-02 1.68520E-04 6.26114E-02 5.15560E-02 2.31827E-04 8.63557E-02
 2.87446E-02 1.18373E-04 2.51780E-02 1.03847E-04 1.06163E-01 3.40452E-02 1.40490E-04 5.70098E-02 4.69422E-02 1.93464E-04 7.87324E-02
 2.61257E-02 9.85892E-05 2.28837E-02 8.64823E-05 9.65798E-02 3.09426E-02 1.16994E-04 5.18633E-02 4.26728E-02 1.61152E-04 7.16436E-02
 2.37284E-02 8.20362E-05 2.07835E-02 7.19555E-05 8.77962E-02 2.81027E-02 9.73394E-05 4.71466E-02 3.87580E-02 1.34093E-04 6.51308E-02
 2.15343E-02 6.81930E-05 1.88614E-02 5.98083E-05 7.97476E-02 2.55036E-02 8.09048E-05 4.28245E-02 3.51741E-02 1.11461E-04 5.91604E-02
 1.52141E-01 2.97034E-02 1.33300E-01 2.60913E-02 5.64436E-01 1.80260E-01 3.53120E-02 3.03102E-01 1.52143E-01 2.97036E-02 8.05875E-05
 1.42681E-01 2.07791E-02 1.25008E-01 1.82477E-02 5.22967E-01 1.69047E-01 2.46945E-02 2.80833E-01 1.42683E-01 2.07793E-02 9.96128E-05
 1.32927E-01 1.42997E-02 1.16458E-01 1.25553E-02 4.81948E-01 1.57482E-01 1.69901E-02 2.58806E-01 1.32930E-01 1.42999E-02 1.25410E-04
 1.23186E-01 9.71314E-03 1.07917E-01 8.52731E-03 4.42520E-01 1.45931E-01 1.15389E-02 2.37633E-01 1.23189E-01 9.71337E-03 1.61399E-04
 1.13717E-01 6.55428E-03 9.96168E-02 5.75382E-03 4.05514E-01 1.34704E-01 7.78575E-03 2.17761E-01 1.13721E-01 6.55451E-03 2.13144E-04
 1.04753E-01 4.42097E-03 9.17598E-02 3.88108E-03 3.71487E-01 1.24078E-01 5.25168E-03 1.99489E-01 1.04759E-01 4.42120E-03 2.89955E-04
 9.63831E-02 3.00443E-03 8.44241E-02 2.63766E-03 3.40486E-01 1.14157E-01 3.56920E-03 1.82841E-01 9.63907E-02 3.00467E-03 4.07639E-04
 9.03121E-02 2.25177E-03 7.91036E-02 1.97694E-03 3.18402E-01 1.06961E-01 2.67516E-03 1.70982E-01 9.03224E-02 2.25203E-03 5.43566E-04
 8.86523E-02 2.07773E-03 7.76487E-02 1.82415E-03 3.12409E-01 1.04993E-01 2.46841E-03 1.67764E-01 8.86636E-02 2.07800E-03 5.94085E-04
 8.10875E-02 1.44363E-03 7.10189E-02 1.26729E-03 2.85326E-01 9.60270E-02 1.71482E-03 1.53220E-01 8.11057E-02 1.44395E-03 9.31995E-04
 7.41362E-02 1.04266E-03 6.49267E-02 9.14914E-04 2.60721E-01 8.77878E-02 1.23783E-03 1.40007E-01 7.41674E-02 1.04310E-03 1.53274E-03
 6.77459E-02 7.84557E-04 5.93266E-02 6.87958E-04 2.38272E-01 8.02144E-02 9.30568E-04 1.27952E-01 6.78046E-02 7.85238E-04 2.64801E-03
 6.18724E-02 6.12362E-04 5.41801E-02 5.36596E-04 2.17729E-01 7.32547E-02 7.25668E-04 1.16920E-01 6.19965E-02 6.13591E-04 4.80593E-03
 5.64775E-02 4.91715E-04 4.94544E-02 4.30764E-04 1.98898E-01 6.68645E-02 5.82496E-04 1.06808E-01 5.67847E-02 4.94390E-04 9.11324E-03
 5.15199E-02 4.02463E-04 4.51129E-02 3.52679E-04 1.81603E-01 6.09945E-02 4.76952E-04 9.75210E-02 5.24167E-02 4.09475E-04 1.77024E-02
 4.69612E-02 3.33067E-04 4.11212E-02 2.92009E-04 1.65694E-01 5.55976E-02 3.94966E-04 8.89776E-02 4.97797E-02 3.53088E-04 3.34893E-02
 4.27707E-02 2.77135E-04 3.74519E-02 2.43053E-04 1.51057E-01 5.06366E-02 3.28784E-04 8.11177E-02 5.04259E-02 3.26837E-04 5.61749E-02
 3.89211E-02 2.31077E-04 3.40809E-02 2.02685E-04 1.37597E-01 4.60788E-02 2.74188E-04 7.38894E-02 5.33449E-02 3.16900E-04 7.62082E-02
 3.53875E-02 1.92734E-04 3.09867E-02 1.69051E-04 1.25226E-01 4.18952E-02 2.28689E-04 6.72465E-02 5.40402E-02 2.94547E-04 8.40516E-02
 3.21471E-02 1.60669E-04 2.81491E-02 1.40916E-04 1.13868E-01 3.80585E-02 1.90623E-04 6.11471E-02 5.14491E-02 2.57342E-04 8.20588E-02
 2.91784E-02 1.33817E-04 2.55493E-02 1.17354E-04 1.03449E-01 3.45435E-02 1.58745E-04 5.55522E-02 4.74074E-02 2.17585E-04 7.61843E-02
 2.64614E-02 1.11336E-04 2.31700E-02 9.76290E-05 9.39017E-02 3.13264E-02 1.32059E-04 5.04252E-02 4.31659E-02 1.81752E-04 6.95481E-02
 2.39771E-02 9.25286E-05 2.09944E-02 8.11299E-05 8.51617E-02 2.83849E-02 1.09738E-04 4.57318E-02 3.91493E-02 1.51184E-04 6.31571E-02
 2.17079E-02 7.68125E-05 1.90073E-02 6.73442E-05 7.71691E-02 2.56981E-02 9.10885E-05 4.14398E-02 3.54505E-02 1.25523E-04 5.72446E-02
 1.96402E-02 6.37066E-05 1.71965E-02 5.58495E-05 6.98776E-02 2.32498E-02 7.55392E-05 3.75243E-02 3.20745E-02 1.04105E-04 5.18380E-02
 1.77560E-02 5.27826E-05 1.55466E-02 4.62695E-05 6.32265E-02 2.10190E-02 6.25804E-05 3.39526E-02 2.89975E-02 8.62510E-05 4.69043E-02
 1.40153E-01 2.79952E-02 1.22748E-01 2.45737E-02 5.08866E-01 1.65972E-01 3.32508E-02 2.73261E-01 1.40154E-01 2.79954E-02 7.26535E-05
 1.30537E-01 1.92979E-02 1.14325E-01 1.69353E-02 4.66944E-01 1.54581E-01 2.29133E-02 2.50749E-01 1.30539E-01 1.92982E-02 8.89418E-05
 1.20750E-01 1.30816E-02 1.05749E-01 1.14779E-02 4.26166E-01 1.42983E-01 1.55287E-02 2.28851E-01 1.20752E-01 1.30819E-02 1.10895E-04
 1.11115E-01 8.74915E-03 9.73060E-02 7.67564E-03 3.87634E-01 1.31565E-01 1.03841E-02 2.08159E-01 1.11118E-01 8.74936E-03 1.41381E-04
 1.01882E-01 5.81284E-03 8.92151E-02 5.09930E-03 3.52083E-01 1.20624E-01 6.89852E-03 1.89069E-01 1.01885E-01 5.81304E-03 1.85059E-04
 9.32481E-02 3.86159E-03 8.16509E-02 3.38756E-03 3.19915E-01 1.10395E-01 4.58281E-03 1.71794E-01 9.32529E-02 3.86178E-03 2.49702E-04
 8.52815E-02 2.58513E-03 7.46719E-02 2.26788E-03 2.91058E-01 1.00958E-01 3.06811E-03 1.56298E-01 8.52882E-02 2.58534E-03 3.48462E-04
 7.95588E-02 1.91548E-03 6.96590E-02 1.68046E-03 2.70762E-01 9.41791E-02 2.27343E-03 1.45399E-01 7.95679E-02 1.91570E-03 4.62236E-04
 7.80039E-02 1.76164E-03 6.82967E-02 1.54551E-03 2.65296E-01 9.23370E-02 2.09087E-03 1.42464E-01 7.80138E-02 1.76187E-03 5.04493E-04
 7.09564E-02 1.20555E-03 6.21233E-02 1.05757E-03 2.40782E-01 8.39893E-02 1.43071E-03 1.29300E-01 7.09723E-02 1.20582E-03 7.86496E-04
 6.45408E-02 8.58768E-04 5.65035E-02 7.53110E-04 2.18778E-01 7.63902E-02 1.01873E-03 1.17484E-01 6.45680E-02 8.59131E-04 1.28617E-03
 5.86924E-02 6.38681E-04 5.13808E-02 5.59783E-04 1.98908E-01 6.94633E-02 7.57078E-04 1.06813E-01 5.87432E-02 6.39235E-04 2.21054E-03
 5.33562E-02 4.93919E-04 4.67073E-02 4.32646E-04 1.80880E-01 6.31441E-02 5.85019E-04 9.71328E-02 5.34632E-02 4.94910E-04 3.99257E-03
 4.84871E-02 3.93821E-04 4.24438E-02 3.44875E-04 1.64478E-01 5.73798E-02 4.66298E-04 8.83249E-02 4.87507E-02 3.95963E-04 7.53617E-03
 4.40395E-02 3.20595E-04 3.85501E-02 2.80815E-04 1.49511E-01 5.21158E-02 3.79711E-04 8.02877E-02 4.48058E-02 3.26177E-04 1.45741E-02
 3.99722E-02 2.64160E-04 3.49900E-02 2.31480E-04 1.35824E-01 4.73029E-02 3.13045E-04 7.29375E-02 4.23703E-02 2.80029E-04 2.74521E-02
 3.62532E-02 2.18976E-04 3.17345E-02 1.91943E-04 1.23300E-01 4.29019E-02 2.59602E-04 6.62122E-02 4.27391E-02 2.58220E-04 4.58527E-02
 3.28538E-02 1.81953E-04 2.87588E-02 1.59511E-04 1.11842E-01 3.88790E-02 2.15745E-04 6.00594E-02 4.50241E-02 2.49485E-04 6.19442E-02
 2.97489E-02 1.51257E-04 2.60409E-02 1.32601E-04 1.01366E-01 3.52046E-02 1.79348E-04 5.44334E-02 4.54229E-02 2.31105E-04 6.80365E-02
 2.69152E-02 1.25678E-04 2.35603E-02 1.10170E-04 9.17935E-02 3.18510E-02 1.49007E-04 4.92931E-02 4.30691E-02 2.01248E-04 6.61509E-02
 2.43314E-02 1.04331E-04 2.12984E-02 9.14497E-05 8.30553E-02 2.87931E-02 1.23684E-04 4.46007E-02 3.95259E-02 1.69599E-04 6.11654E-02
 2.19776E-02 8.65175E-05 1.92378E-02 7.58294E-05 7.50860E-02 2.60074E-02 1.02555E-04 4.03212E-02 3.58459E-02 1.41203E-04 5.56123E-02
 1.98353E-02 7.16650E-05 1.73624E-02 6.28069E-05 6.78249E-02 2.34720E-02 8.49410E-05 3.64219E-02 3.23816E-02 1.17066E-04 5.02999E-02
 1.78873E-02 5.92948E-05 1.56572E-02 5.19621E-05 6.12153E-02 2.11666E-02 7.02726E-05 3.28726E-02 2.92067E-02 9.68738E-05 4.54100E-02
 1.61203E-02 4.90142E-05 1.41103E-02 4.29501E-05 5.52134E-02 1.90754E-02 5.80838E-05 2.96496E-02 2.63222E-02 8.00778E-05 4.09595E-02
 1.45174E-02 4.04742E-05 1.27071E-02 3.54646E-05 4.97633E-02 1.71784E-02 4.79598E-05 2.67229E-02 2.37048E-02 6.61237E-05 3.69167E-02
 1.28618E-01 2.62595E-02 1.12609E-01 2.30364E-02 4.57669E-01 1.52246E-01 3.11646E-02 2.45768E-01 1.28619E-01 2.62597E-02 6.53438E-05
 1.18860E-01 1.78202E-02 1.04064E-01 1.56293E-02 4.15603E-01 1.40692E-01 2.11423E-02 2.23179E-01 1.18861E-01 1.78205E-02 7.91625E-05
 1.09086E-01 1.18846E-02 9.55031E-02 1.04215E-02 3.75322E-01 1.29116E-01 1.40967E-02 2.01548E-01 1.09088E-01 1.18848E-02 9.76640E-05
 9.95989E-02 7.81914E-03 8.71924E-02 6.85566E-03 3.37878E-01 1.17879E-01 9.27300E-03 1.81441E-01 9.96012E-02 7.81932E-03 1.23234E-04
 9.06321E-02 5.10934E-03 7.93384E-02 4.47945E-03 3.03914E-01 1.07259E-01 6.05880E-03 1.63202E-01 9.06352E-02 5.10952E-03 1.59741E-04
 8.23585E-02 3.34058E-03 7.20924E-02 2.92871E-03 2.73688E-01 9.74614E-02 3.96127E-03 1.46971E-01 8.23628E-02 3.34075E-03 2.13620E-04
 7.48244E-02 2.20194E-03 6.54948E-02 1.93051E-03 2.47007E-01 8.85409E-02 2.61117E-03 1.32643E-01 7.48303E-02 2.20211E-03 2.95723E-04
 6.94706E-02 1.61263E-03 6.08069E-02 1.41388E-03 2.28494E-01 8.22027E-02 1.91240E-03 1.22701E-01 6.94785E-02 1.61281E-03 3.90078E-04
 6.80256E-02 1.47819E-03 5.95415E-02 1.29602E-03 2.23547E-01 8.04918E-02 1.75299E-03 1.20045E-01 6.80343E-02 1.47838E-03 4.25103E-04
 6.15173E-02 9.96165E-04 5.38426E-02 8.73369E-04 2.01542E-01 7.27867E-02 1.18130E-03 1.08228E-01 6.15311E-02 9.96389E-04 6.58322E-04
 5.56534E-02 6.99825E-04 4.87083E-02 6.13408E-04 1.82042E-01 6.58451E-02 8.29618E-04 9.77568E-02 5.56769E-02 7.00120E-04 1.07021E-03
 5.03563E-02 5.14374E-04 4.40704E-02 4.50647E-04 1.64623E-01 5.95746E-02 6.09398E-04 8.84026E-02 5.03999E-02 5.14820E-04 1.82952E-03
 4.55607E-02 3.94085E-04 3.98719E-02 3.45085E-04 1.48961E-01 5.38984E-02 4.66571E-04 7.99923E-02 4.56520E-02 3.94876E-04 3.28802E-03
 4.12147E-02 3.11982E-04 3.60677E-02 2.73121E-04 1.34820E-01 4.87556E-02 3.69243E-04 7.23986E-02 4.14387E-02 3.13679E-04 6.17728E-03
 3.72692E-02 2.52580E-04 3.26147E-02 2.21157E-04 1.22002E-01 4.40877E-02 2.99008E-04 6.55150E-02 3.79175E-02 2.56976E-04 1.18925E-02
 3.36813E-02 2.07197E-04 2.94750E-02 1.81487E-04 1.10348E-01 3.98436E-02 2.45402E-04 5.92570E-02 3.57013E-02 2.19637E-04 2.23031E-02
 3.04179E-02 1.71101E-04 2.66191E-02 1.49910E-04 9.97435E-02 3.59832E-02 2.02722E-04 5.35623E-02 3.58579E-02 2.01747E-04 3.70925E-02
 2.74501E-02 1.41673E-04 2.40220E-02 1.24141E-04 9.00919E-02 3.24724E-02 1.67881E-04 4.83793E-02 3.76150E-02 1.94223E-04 4.98976E-02
 2.47526E-02 1.17374E-04 2.16614E-02 1.02849E-04 8.13109E-02 2.92814E-02 1.39088E-04 4.36640E-02 3.77895E-02 1.79298E-04 5.45757E-02
 2.23027E-02 9.71987E-05 1.95173E-02 8.51668E-05 7.33273E-02 2.63831E-02 1.15173E-04 3.93768E-02 3.56835E-02 1.55610E-04 5.28432E-02
 2.00793E-02 8.04192E-05 1.75716E-02 7.04598E-05 6.60745E-02 2.37528E-02 9.52825E-05 3.54820E-02 3.26141E-02 1.30700E-04 4.86600E-02
 1.80633E-02 6.64649E-05 1.58073E-02 5.82298E-05 5.94912E-02 2.13678E-02 7.87422E-05 3.19468E-02 2.94577E-02 1.08453E-04 4.40620E-02
 1.62369E-02 5.48695E-05 1.42089E-02 4.80681E-05 5.35209E-02 1.92072E-02 6.49995E-05 2.87407E-02 2.65036E-02 8.96125E-05 3.96919E-02
 1.45838E-02 4.52450E-05 1.27621E-02 3.96343E-05 4.81116E-02 1.72514E-02 5.35940E-05 2.58359E-02 2.38094E-02 7.39053E-05 3.56895E-02
 1.30910E-02 3.72741E-05 1.14557E-02 3.26501E-05 4.32222E-02 1.54854E-02 4.41491E-05 2.32103E-02 2.13729E-02 6.08855E-05 3.20640E-02
 1.17429E-02 3.06755E-05 1.02759E-02 2.68687E-05 3.88024E-02 1.38906E-02 3.63310E-05 2.08369E-02 1.91719E-02 5.01059E-05 2.87854E-02
 1.17656E-01 2.45244E-02 1.02982E-01 2.15032E-02 4.10874E-01 1.39218E-01 2.90857E-02 2.20640E-01 1.17657E-01 2.45246E-02 5.86627E-05
 1.07806E-01 1.63711E-02 9.43598E-02 1.43511E-02 3.68895E-01 1.27561E-01 1.94101E-02 1.98097E-01 1.07808E-01 1.63713E-02 7.02658E-05
 9.80811E-02 1.07290E-02 8.58443E-02 9.40348E-03 3.29361E-01 1.16048E-01 1.27177E-02 1.76867E-01 9.80828E-02 1.07292E-02 8.57043E-05
 8.87691E-02 6.93702E-03 7.76901E-02 6.07918E-03 2.93194E-01 1.05023E-01 8.22140E-03 1.57445E-01 8.87712E-02 6.93719E-03 1.06936E-04
 8.01011E-02 4.45367E-03 7.01004E-02 3.90262E-03 2.60925E-01 9.47614E-02 5.27772E-03 1.40117E-01 8.01039E-02 4.45382E-03 1.37146E-04
 7.22163E-02 2.86351E-03 6.31971E-02 2.50916E-03 2.32688E-01 8.54283E-02 3.39324E-03 1.24954E-01 7.22200E-02 2.86366E-03 1.81619E-04
 6.51361E-02 1.85736E-03 5.69991E-02 1.62755E-03 2.08175E-01 7.70490E-02 2.20101E-03 1.11790E-01 6.51413E-02 1.85751E-03 2.49233E-04
 6.01636E-02 1.34410E-03 5.26464E-02 1.17782E-03 1.91406E-01 7.11647E-02 1.59283E-03 1.02785E-01 6.01705E-02 1.34425E-03 3.26763E-04
 5.88309E-02 1.22788E-03 5.14797E-02 1.07598E-03 1.86962E-01 6.95874E-02 1.45512E-03 1.00398E-01 5.88384E-02 1.22803E-03 3.55531E-04
 5.28694E-02 8.14716E-04 4.62615E-02 7.13925E-04 1.67362E-01 6.25330E-02 9.65483E-04 8.98733E-02 5.28812E-02 8.14899E-04 5.46675E-04
 4.75583E-02 5.64391E-04 4.16129E-02 4.94478E-04 1.50229E-01 5.62487E-02 6.68673E-04 8.06729E-02 4.75784E-02 5.64629E-04 8.83177E-04
 4.28069E-02 4.09926E-04 3.74541E-02 3.59012E-04 1.35098E-01 5.06267E-02 4.85426E-04 7.25476E-02 4.28439E-02 4.10281E-04 1.50140E-03
 3.85406E-02 3.11108E-04 3.37202E-02 2.72348E-04 1.21622E-01 4.55792E-02 3.68195E-04 6.53109E-02 3.86178E-02 3.11732E-04 2.68456E-03
 3.47018E-02 2.44516E-04 3.03610E-02 2.14002E-04 1.09551E-01 4.10383E-02 2.89292E-04 5.88286E-02 3.48904E-02 2.45845E-04 5.01945E-03
 3.12388E-02 1.96857E-04 2.73309E-02 1.72314E-04 9.86820E-02 3.69425E-02 2.32947E-04 5.29922E-02 3.17820E-02 2.00283E-04 9.61936E-03
 2.81074E-02 1.60760E-04 2.45914E-02 1.40761E-04 8.88601E-02 3.32395E-02 1.90312E-04 4.77179E-02 2.97926E-02 1.70408E-04 1.79600E-02
 2.52743E-02 1.32238E-04 2.21128E-02 1.15815E-04 7.99713E-02 2.98893E-02 1.56596E-04 4.29446E-02 2.97931E-02 1.55912E-04 2.97396E-02
 2.27110E-02 1.09102E-04 1.98701E-02 9.55630E-05 7.19235E-02 2.68580E-02 1.29217E-04 3.86229E-02 3.11185E-02 1.49550E-04 3.98350E-02
 2.03928E-02 9.00773E-05 1.78419E-02 7.88998E-05 6.46385E-02 2.41164E-02 1.06686E-04 3.47108E-02 3.11302E-02 1.37576E-04 4.33852E-02
 1.82974E-02 7.43398E-05 1.60086E-02 6.51128E-05 5.80474E-02 2.16384E-02 8.80428E-05 3.11715E-02 2.92719E-02 1.18992E-04 4.18318E-02
 1.64049E-02 6.12971E-05 1.43527E-02 5.36861E-05 5.20885E-02 1.94003E-02 7.25908E-05 2.79715E-02 2.66427E-02 9.96037E-05 3.83602E-02
 1.46969E-02 5.04880E-05 1.28584E-02 4.42166E-05 4.67055E-02 1.73803E-02 5.97858E-05 2.50808E-02 2.39650E-02 8.23681E-05 3.45923E-02
 1.31567E-02 4.15372E-05 1.15108E-02 3.63758E-05 4.18466E-02 1.55589E-02 4.91833E-05 2.24716E-02 2.14734E-02 6.78264E-05 3.10340E-02
 1.17690E-02 3.41336E-05 1.02967E-02 2.98907E-05 3.74645E-02 1.39178E-02 4.04142E-05 2.01185E-02 1.92120E-02 5.57459E-05 2.77915E-02
 1.05218E-02 2.80236E-05 9.20542E-03 2.45391E-05 3.35222E-02 1.24427E-02 3.31781E-05 1.80014E-02 1.71764E-02 4.57677E-05 2.48681E-02
 9.40041E-03 2.29833E-05 8.22431E-03 2.01247E-05 2.99746E-02 1.11165E-02 2.72093E-05 1.60963E-02 1.53459E-02 3.75354E-05 2.22365E-02
 1.07315E-01 2.28196E-02 9.39086E-02 1.99997E-02 3.68244E-01 1.26942E-01 2.70481E-02 1.97747E-01 1.07316E-01 2.28198E-02 5.25761E-05
 9.74118E-02 1.49666E-02 8.52418E-02 1.31142E-02 3.26663E-01 1.15226E-01 1.77348E-02 1.75418E-01 9.74130E-02 1.49668E-02 6.22215E-05
 8.77752E-02 9.62607E-03 7.68061E-02 8.43318E-03 2.88079E-01 1.03822E-01 1.14038E-02 1.54699E-01 8.77767E-02 9.62623E-03 7.49623E-05
 7.86763E-02 6.10828E-03 6.88409E-02 5.35065E-03 2.53324E-01 9.30533E-02 7.23515E-03 1.36035E-01 7.86782E-02 6.10843E-03 9.23945E-05
 7.03346E-02 3.84819E-03 6.15390E-02 3.37061E-03 2.22830E-01 8.31819E-02 4.55762E-03 1.19660E-01 7.03371E-02 3.84832E-03 1.17122E-04
 6.28565E-02 2.43084E-03 5.49937E-02 2.12910E-03 1.96602E-01 7.43336E-02 2.87886E-03 1.05576E-01 6.28598E-02 2.43096E-03 1.53453E-04
 5.62419E-02 1.55048E-03 4.92048E-02 1.35803E-03 1.74222E-01 6.65081E-02 1.83627E-03 9.35572E-02 5.62464E-02 1.55060E-03 2.08583E-04
 5.16553E-02 1.10826E-03 4.51910E-02 9.70721E-04 1.59138E-01 6.10824E-02 1.31258E-03 8.54568E-02 5.16612E-02 1.10839E-03 2.71675E-04
 5.04350E-02 1.00893E-03 4.41231E-02 8.83724E-04 1.55173E-01 5.96388E-02 1.19495E-03 8.33278E-02 5.04415E-02 1.00906E-03 2.95081E-04
 4.50183E-02 6.58936E-04 3.93830E-02 5.77167E-04 1.37849E-01 5.32314E-02 7.80429E-04 7.40247E-02 4.50284E-02 6.59084E-04 4.50272E-04
 4.02518E-02 4.50056E-04 3.52122E-02 3.94154E-04 1.22923E-01 4.75936E-02 5.32942E-04 6.60094E-02 4.02688E-02 4.50246E-04 7.22647E-04
 3.60318E-02 3.22981E-04 3.15197E-02 2.82779E-04 1.09899E-01 4.26023E-02 3.82312E-04 5.90160E-02 3.60630E-02 3.23261E-04 1.22136E-03
 3.22761E-02 2.42790E-04 2.82336E-02 2.12490E-04 9.84159E-02 3.81605E-02 2.87249E-04 5.28493E-02 3.23408E-02 2.43276E-04 2.17233E-03
 2.89221E-02 1.89427E-04 2.52992E-02 1.65751E-04 8.82140E-02 3.41942E-02 2.24049E-04 4.73709E-02 2.90792E-02 1.90457E-04 4.04184E-03
 2.59159E-02 1.51645E-04 2.26695E-02 1.32703E-04 7.90925E-02 3.06398E-02 1.79384E-04 4.24727E-02 2.63665E-02 1.54282E-04 7.70981E-03
 2.32135E-02 1.23272E-04 2.03056E-02 1.07904E-04 7.08994E-02 2.74449E-02 1.45873E-04 3.80730E-02 2.46049E-02 1.30667E-04 1.43299E-02
 2.07817E-02 1.01000E-04 1.81785E-02 8.84272E-05 6.35258E-02 2.45699E-02 1.19552E-04 3.41134E-02 2.44963E-02 1.19073E-04 2.36239E-02
 1.85928E-02 8.30250E-05 1.62639E-02 7.26973E-05 5.68848E-02 2.19821E-02 9.82883E-05 3.05471E-02 2.54740E-02 1.13792E-04 3.15057E-02
 1.66230E-02 6.83059E-05 1.45408E-02 5.98101E-05 5.09035E-02 1.96533E-02 8.08650E-05 2.73352E-02 2.53733E-02 1.04309E-04 3.41663E-02
 1.48513E-02 5.61761E-05 1.29910E-02 4.91876E-05 4.55187E-02 1.75586E-02 6.65026E-05 2.44435E-02 2.37566E-02 8.99040E-05 3.28030E-02
 1.32588E-02 4.61595E-05 1.15980E-02 4.04154E-05 4.06739E-02 1.56757E-02 5.46416E-05 2.18419E-02 2.15312E-02 7.49944E-05 2.99540E-02
 1.18284E-02 3.78876E-05 1.03467E-02 3.31714E-05 3.63182E-02 1.39846E-02 4.48470E-05 1.95029E-02 1.92857E-02 6.18019E-05 2.68990E-02
 1.05446E-02 3.10620E-05 9.22373E-03 2.71943E-05 3.24052E-02 1.24667E-02 3.67656E-05 1.74016E-02 1.72084E-02 5.07139E-05 2.40322E-02
 9.39324E-03 2.54363E-05 8.21659E-03 2.22681E-05 2.88927E-02 1.11055E-02 3.01053E-05 1.55154E-02 1.53323E-02 4.15358E-05 2.14328E-02
 8.36321E-03 2.08103E-05 7.31557E-03 1.82177E-05 2.57473E-02 9.88763E-03 2.46290E-05 1.38263E-02 1.36514E-02 3.39823E-05 1.91004E-02
 7.44140E-03 1.70078E-05 6.50921E-03 1.48884E-05 2.29299E-02 8.79776E-03 2.01278E-05 1.23133E-02 1.21467E-02 2.77726E-05 1.70104E-02
 9.76142E-02 2.11563E-02 8.54027E-02 1.85350E-02 3.29502E-01 1.15436E-01 2.50642E-02 1.76943E-01 9.76152E-02 2.11565E-02 4.70447E-05
 8.76968E-02 1.36154E-02 7.67252E-02 1.19259E-02 2.88545E-01 1.03707E-01 1.61259E-02 1.54949E-01 8.76979E-02 1.36156E-02 5.49610E-05
 7.81777E-02 8.58254E-03 6.83944E-02 7.51625E-03 2.51095E-01 9.24453E-02 1.01627E-02 1.34838E-01 7.81790E-02 8.58268E-03 6.53385E-05
 6.93216E-02 5.33729E-03 6.06436E-02 4.67361E-03 2.17867E-01 8.19677E-02 6.31894E-03 1.16994E-01 6.93232E-02 5.33742E-03 7.94621E-05
 6.13295E-02 3.29463E-03 5.36495E-02 2.88471E-03 1.89198E-01 7.25131E-02 3.90015E-03 1.01599E-01 6.13316E-02 3.29474E-03 9.94448E-05
 5.42755E-02 2.04235E-03 4.74769E-02 1.78818E-03 1.64975E-01 6.41694E-02 2.41760E-03 8.85915E-02 5.42783E-02 2.04245E-03 1.28767E-04
 4.81349E-02 1.27987E-03 4.21040E-02 1.12059E-03 1.44671E-01 5.69068E-02 1.51504E-03 7.76883E-02 4.81387E-02 1.27997E-03 1.73204E-04
 4.39351E-02 9.03170E-04 3.84297E-02 7.90788E-04 1.31198E-01 5.19403E-02 1.06915E-03 7.04535E-02 4.39401E-02 9.03273E-04 2.23978E-04
 4.28264E-02 8.19281E-04 3.74597E-02 7.17343E-04 1.27688E-01 5.06292E-02 9.69852E-04 6.85684E-02 4.28319E-02 8.19385E-04 2.42815E-04
 3.79466E-02 5.26475E-04 3.31905E-02 4.60975E-04 1.12499E-01 4.48587E-02 6.23244E-04 6.04122E-02 3.79551E-02 5.26593E-04 3.67471E-04
 3.37101E-02 3.54446E-04 2.94843E-02 3.10319E-04 9.96140E-02 3.98493E-02 4.19542E-04 5.34927E-02 3.37243E-02 3.54595E-04 5.85619E-04
 3.00017E-02 2.51293E-04 2.62402E-02 2.19955E-04 8.85164E-02 3.54645E-02 2.97350E-04 4.75333E-02 3.00277E-02 2.51511E-04 9.83717E-04
 2.67325E-02 1.87079E-04 2.33803E-02 1.63698E-04 7.88337E-02 3.15991E-02 2.21276E-04 4.23337E-02 2.67860E-02 1.87454E-04 1.74010E-03
 2.38360E-02 1.44880E-04 2.08468E-02 1.26748E-04 7.03062E-02 2.81748E-02 1.71318E-04 3.77544E-02 2.39655E-02 1.45667E-04 3.22133E-03
 2.12575E-02 1.15318E-04 1.85916E-02 1.00892E-04 6.27365E-02 2.51268E-02 1.36373E-04 3.36895E-02 2.16270E-02 1.17323E-04 6.11545E-03
 1.89534E-02 9.33064E-05 1.65764E-02 8.16529E-05 5.59796E-02 2.24034E-02 1.10376E-04 3.00611E-02 2.00892E-02 9.89022E-05 1.13143E-02
 1.68914E-02 7.61401E-05 1.47731E-02 6.66435E-05 4.99328E-02 1.99662E-02 9.00926E-05 2.68139E-02 1.99100E-02 8.97604E-05 1.85689E-02
 1.50451E-02 6.23566E-05 1.31584E-02 5.45843E-05 4.45156E-02 1.77838E-02 7.37924E-05 2.39049E-02 2.06121E-02 8.54558E-05 2.46550E-02
 1.33920E-02 5.11176E-05 1.17126E-02 4.47470E-05 3.96613E-02 1.58299E-02 6.04938E-05 2.12981E-02 2.04400E-02 7.80509E-05 2.66206E-02
 1.19125E-02 4.18912E-05 1.04186E-02 3.66697E-05 3.53129E-02 1.40810E-02 4.95737E-05 1.89630E-02 1.90541E-02 6.70334E-05 2.54482E-02
 1.05890E-02 3.43000E-05 9.26118E-03 3.00237E-05 3.14197E-02 1.25167E-02 4.05886E-05 1.68724E-02 1.71944E-02 5.57192E-05 2.31387E-02
 9.40607E-03 2.80538E-05 8.22656E-03 2.45554E-05 2.79363E-02 1.11184E-02 3.31956E-05 1.50018E-02 1.53350E-02 4.57553E-05 2.06909E-02
 8.34939E-03 2.29183E-05 7.30238E-03 2.00596E-05 2.48218E-02 9.86932E-03 2.71176E-05 1.33293E-02 1.36248E-02 3.74133E-05 1.84082E-02
 7.40621E-03 1.87009E-05 6.47746E-03 1.63677E-05 2.20392E-02 8.75443E-03 2.21265E-05 1.18351E-02 1.20879E-02 3.05336E-05 1.63488E-02
 6.56638E-03 1.52456E-05 5.74294E-03 1.33431E-05 1.95592E-02 7.76171E-03 1.80375E-05 1.05033E-02 1.07176E-02 2.48925E-05 1.45098E-02
 5.81828E-03 1.24157E-05 5.08864E-03 1.08661E-05 1.73480E-02 6.87741E-03 1.46889E-05 9.31588E-03 9.49656E-03 2.02718E-05 1.28695E-02
 8.85181E-02 1.95359E-02 7.74312E-02 1.71098E-02 2.94317E-01 1.04656E-01 2.31346E-02 1.58048E-01 8.85189E-02 1.95360E-02 4.20211E-05
 7.86353E-02 1.23202E-02 6.87857E-02 1.07880E-02 2.54160E-01 9.29702E-02 1.45858E-02 1.36484E-01 7.86363E-02 1.23203E-02 4.84114E-05
 6.92687E-02 7.60098E-03 6.05901E-02 6.65462E-03 2.17978E-01 8.18923E-02 8.99682E-03 1.17054E-01 6.92698E-02 7.60110E-03 5.67209E-05
 6.06877E-02 4.62460E-03 5.30818E-02 4.04832E-03 1.86392E-01 7.17432E-02 5.47299E-03 1.00093E-01 6.06892E-02 4.62471E-03 6.79825E-05
 5.30650E-02 2.79413E-03 4.64123E-02 2.44575E-03 1.59599E-01 6.27281E-02 3.30636E-03 8.57047E-02 5.30668E-02 2.79423E-03 8.38874E-05
 4.64501E-02 1.69644E-03 4.06252E-02 1.48487E-03 1.37363E-01 5.49058E-02 2.00734E-03 7.37641E-02 4.64525E-02 1.69653E-03 1.07215E-04
 4.07872E-02 1.04332E-03 3.56713E-02 9.13200E-04 1.19071E-01 4.82100E-02 1.23452E-03 6.39409E-02 4.07904E-02 1.04340E-03 1.42554E-04
 3.69716E-02 7.26380E-04 3.23337E-02 6.35797E-04 1.07132E-01 4.36990E-02 8.59515E-04 5.75296E-02 3.69758E-02 7.26462E-04 1.82892E-04
 3.59728E-02 6.56455E-04 3.14600E-02 5.74597E-04 1.04049E-01 4.25180E-02 7.76781E-04 5.58743E-02 3.59774E-02 6.56538E-04 1.97862E-04
 3.16172E-02 4.14827E-04 2.76502E-02 3.63106E-04 9.08513E-02 3.73689E-02 4.90875E-04 4.87871E-02 3.16243E-02 4.14920E-04 2.96759E-04
 2.78916E-02 2.75193E-04 2.43915E-02 2.40866E-04 7.98390E-02 3.29646E-02 3.25615E-04 4.28736E-02 2.79033E-02 2.75309E-04 4.69364E-04
 2.46708E-02 1.92704E-04 2.15746E-02 1.68634E-04 7.04860E-02 2.91574E-02 2.27954E-04 3.78510E-02 2.46922E-02 1.92870E-04 7.83338E-04
 2.18605E-02 1.42054E-04 1.91167E-02 1.24278E-04 6.24174E-02 2.58355E-02 1.67981E-04 3.35181E-02 2.19043E-02 1.42339E-04 1.37774E-03
 1.93918E-02 1.09182E-04 1.69576E-02 9.55023E-05 5.53762E-02 2.29175E-02 1.29079E-04 2.97370E-02 1.94971E-02 1.09775E-04 2.53726E-03
 1.72097E-02 8.63969E-05 1.50494E-02 7.55756E-05 4.91730E-02 2.03386E-02 1.02148E-04 2.64059E-02 1.75088E-02 8.78990E-05 4.79331E-03
 1.52719E-02 6.95750E-05 1.33548E-02 6.08725E-05 4.36713E-02 1.80485E-02 8.22802E-05 2.34515E-02 1.61869E-02 7.37464E-05 8.82665E-03
 1.35475E-02 5.65415E-05 1.18470E-02 4.94778E-05 3.87762E-02 1.60107E-02 6.68820E-05 2.08228E-02 1.59681E-02 6.66529E-05 1.44200E-02
 1.20117E-02 4.61301E-05 1.05040E-02 4.03707E-05 3.44142E-02 1.41957E-02 5.45729E-05 1.84804E-02 1.64555E-02 6.32131E-05 1.90604E-02
 1.06437E-02 3.76773E-05 9.30772E-03 3.29739E-05 3.05257E-02 1.25790E-02 4.45743E-05 1.63923E-02 1.62444E-02 5.75231E-05 2.04888E-02
 9.42549E-03 3.07654E-05 8.24244E-03 2.69244E-05 2.70599E-02 1.11394E-02 3.63964E-05 1.45312E-02 1.50752E-02 4.92246E-05 1.95007E-02
 8.34123E-03 2.50997E-05 7.29428E-03 2.19655E-05 2.39722E-02 9.85796E-03 2.96927E-05 1.28731E-02 1.35435E-02 4.07690E-05 1.76541E-02
 7.37678E-03 2.04551E-05 6.45089E-03 1.79004E-05 2.12230E-02 8.71815E-03 2.41972E-05 1.13968E-02 1.20258E-02 3.33582E-05 1.57188E-02
 6.51945E-03 1.66504E-05 5.70117E-03 1.45704E-05 1.87768E-02 7.70494E-03 1.96958E-05 1.00831E-02 1.06380E-02 2.71783E-05 1.39251E-02
 5.75789E-03 1.35374E-05 5.03520E-03 1.18460E-05 1.66016E-02 6.80490E-03 1.60128E-05 8.91507E-03 9.39706E-03 2.21007E-05 1.23152E-02
 5.08305E-03 1.09965E-05 4.44506E-03 9.62229E-06 1.46722E-02 6.00734E-03 1.30068E-05 7.87898E-03 8.29595E-03 1.79528E-05 1.08844E-02
 4.48474E-03 8.92315E-06 3.92185E-03 7.80790E-06 1.29599E-02 5.30024E-03 1.05542E-05 6.95949E-03 7.31950E-03 1.45678E-05 9.61427E-03
 8.01312E-02 1.79871E-02 7.00848E-02 1.57490E-02 2.62734E-01 9.47220E-02 2.12928E-02 1.41088E-01 8.01320E-02 1.79872E-02 3.75119E-05
 7.03263E-02 1.11041E-02 6.15088E-02 9.72063E-03 2.23576E-01 8.31311E-02 1.31416E-02 1.20060E-01 7.03272E-02 1.11042E-02 4.25860E-05
 6.11547E-02 6.69867E-03 5.34853E-02 5.86317E-03 1.88777E-01 7.22863E-02 7.92616E-03 1.01373E-01 6.11557E-02 6.69878E-03 4.91225E-05
 5.28711E-02 3.98049E-03 4.62386E-02 3.48361E-03 1.58881E-01 6.24913E-02 4.70916E-03 8.53192E-02 5.28724E-02 3.98058E-03 5.79485E-05
 4.56279E-02 2.35049E-03 3.99023E-02 2.05691E-03 1.33956E-01 5.39271E-02 2.78048E-03 7.19346E-02 4.56295E-02 2.35057E-03 7.04092E-05
 3.94533E-02 1.39547E-03 3.45013E-02 1.22113E-03 1.13654E-01 4.66272E-02 1.65067E-03 6.10323E-02 3.94554E-02 1.39555E-03 8.87099E-05
 3.42607E-02 8.41242E-04 2.99596E-02 7.36140E-04 9.72742E-02 4.04889E-02 9.95079E-04 5.22363E-02 3.42634E-02 8.41308E-04 1.16459E-04
 3.08177E-02 5.77437E-04 2.69484E-02 5.05300E-04 8.67662E-02 3.64192E-02 6.83044E-04 4.65934E-02 3.08213E-02 5.77503E-04 1.48125E-04
 2.99244E-02 5.19819E-04 2.61670E-02 4.54883E-04 8.40788E-02 3.53632E-02 6.14893E-04 4.51503E-02 2.99282E-02 5.19886E-04 1.59886E-04
 2.60687E-02 3.22831E-04 2.27950E-02 2.82509E-04 7.27010E-02 3.08060E-02 3.81887E-04 3.90404E-02 2.60746E-02 3.22904E-04 2.37472E-04
 2.28237E-02 2.10959E-04 1.99572E-02 1.84601E-04 6.33734E-02 2.69707E-02 2.49535E-04 3.40315E-02 2.28333E-02 2.11048E-04 3.72565E-04
 2.00565E-02 1.45876E-04 1.75373E-02 1.27631E-04 5.55682E-02 2.37003E-02 1.72517E-04 2.98401E-02 2.00739E-02 1.46002E-04 6.17551E-04
 1.76687E-02 1.06465E-04 1.54492E-02 9.31294E-05 4.89156E-02 2.08783E-02 1.25873E-04 2.62677E-02 1.77041E-02 1.06679E-04 1.07971E-03
 1.55901E-02 8.12048E-05 1.36316E-02 7.10214E-05 4.31659E-02 1.84219E-02 9.59868E-05 2.31801E-02 1.56748E-02 8.16459E-05 1.97780E-03
 1.37665E-02 6.38795E-05 1.20371E-02 5.58704E-05 3.81402E-02 1.62670E-02 7.55108E-05 2.04813E-02 1.40057E-02 6.49899E-05 3.71784E-03
 1.21575E-02 5.11960E-05 1.06302E-02 4.47846E-05 3.37121E-02 1.43658E-02 6.05311E-05 1.81034E-02 1.28858E-02 5.42649E-05 6.81373E-03
 1.07340E-02 4.14329E-05 9.38555E-03 3.62497E-05 2.97952E-02 1.26837E-02 4.89978E-05 1.60000E-02 1.26516E-02 4.88405E-05 1.10802E-02
 9.47298E-03 3.36740E-05 8.28301E-03 2.94639E-05 2.63239E-02 1.11938E-02 3.98266E-05 1.41359E-02 1.29771E-02 4.61411E-05 1.45796E-02
 8.35561E-03 2.74022E-05 7.30603E-03 2.39767E-05 2.32455E-02 9.87349E-03 3.24098E-05 1.24828E-02 1.27517E-02 4.18320E-05 1.56023E-02
 7.36567E-03 2.22938E-05 6.44046E-03 1.95067E-05 2.05154E-02 8.70375E-03 2.63675E-05 1.10168E-02 1.17801E-02 3.56667E-05 1.47844E-02
 6.48899E-03 1.81224E-05 5.67391E-03 1.58565E-05 1.80953E-02 7.66783E-03 2.14333E-05 9.71719E-03 1.05355E-02 2.94331E-05 1.33262E-02
 5.71304E-03 1.47154E-05 4.99544E-03 1.28752E-05 1.59511E-02 6.75094E-03 1.74033E-05 8.56572E-03 9.31303E-03 2.39957E-05 1.18141E-02
 5.02667E-03 1.19349E-05 4.39529E-03 1.04422E-05 1.40523E-02 5.93988E-03 1.41146E-05 7.54608E-03 8.20173E-03 1.94796E-05 1.04214E-02
 4.41992E-03 9.66838E-06 3.86476E-03 8.45895E-06 1.23720E-02 5.22291E-03 1.14338E-05 6.64376E-03 7.21307E-03 1.57829E-05 9.17764E-03
 3.88488E-03 7.82534E-06 3.39692E-03 6.84632E-06 1.08887E-02 4.59067E-03 9.25395E-06 5.84721E-03 6.34011E-03 1.27746E-05 8.07764E-03
 3.41279E-03 6.32708E-06 2.98413E-03 5.53541E-06 9.57839E-03 4.03282E-03 7.48199E-06 5.14359E-03 5.56969E-03 1.03287E-05 7.10568E-03
 7.23362E-02 1.65017E-02 6.32594E-02 1.44451E-02 2.34114E-01 8.54939E-02 1.95283E-02 1.25719E-01 7.23369E-02 1.65018E-02 3.34257E-05
 6.26542E-02 9.96026E-03 5.47921E-02 8.71736E-03 1.96109E-01 7.40504E-02 1.17844E-02 1.05310E-01 6.26550E-02 9.96038E-03 3.73540E-05
 5.37115E-02 5.86385E-03 4.69700E-02 5.13138E-03 1.62805E-01 6.34784E-02 6.93641E-03 8.74265E-02 5.37124E-02 5.86395E-03 4.23643E-05
 4.57534E-02 3.39608E-03 4.00091E-02 2.97153E-03 1.34655E-01 5.40703E-02 4.01666E-03 7.23096E-02 4.57545E-02 3.39616E-03 4.91124E-05
 3.89068E-02 1.95602E-03 3.40208E-02 1.71137E-03 1.11604E-01 4.59767E-02 2.31322E-03 5.99315E-02 3.89081E-02 1.95609E-03 5.86607E-05
 3.31783E-02 1.13330E-03 2.90107E-02 9.91513E-04 9.31878E-02 3.92055E-02 1.34019E-03 5.00418E-02 3.31800E-02 1.13336E-03 7.27353E-05
 2.84521E-02 6.68678E-04 2.48775E-02 5.85015E-04 7.86306E-02 3.36197E-02 7.90743E-04 4.22246E-02 2.84544E-02 6.68731E-04 9.41386E-05
 2.53721E-02 4.52099E-04 2.21842E-02 3.95537E-04 6.94622E-02 2.99796E-02 5.34635E-04 3.73012E-02 2.53750E-02 4.52150E-04 1.18584E-04
 2.45805E-02 4.05309E-04 2.14919E-02 3.54604E-04 6.71409E-02 2.90441E-02 4.79307E-04 3.60547E-02 2.45836E-02 4.05361E-04 1.27677E-04
 2.12023E-02 2.47163E-04 1.85378E-02 2.16246E-04 5.74314E-02 2.50518E-02 2.92296E-04 3.08407E-02 2.12070E-02 2.47218E-04 1.87595E-04
 1.84094E-02 1.58999E-04 1.60957E-02 1.39107E-04 4.96224E-02 2.17515E-02 1.88026E-04 2.66472E-02 1.84172E-02 1.59066E-04 2.91724E-04
 1.60634E-02 1.08526E-04 1.40444E-02 9.49371E-05 4.31926E-02 1.89794E-02 1.28319E-04 2.31944E-02 1.60773E-02 1.08620E-04 4.80016E-04
 1.40636E-02 7.83957E-05 1.22959E-02 6.85672E-05 3.77835E-02 1.66164E-02 9.26711E-05 2.02897E-02 1.40918E-02 7.85527E-05 8.33995E-04
 1.23399E-02 5.93267E-05 1.07887E-02 5.18815E-05 3.31569E-02 1.45796E-02 7.01165E-05 1.78053E-02 1.24069E-02 5.96489E-05 1.51920E-03
 1.08396E-02 4.63874E-05 9.47705E-03 4.05667E-05 2.91463E-02 1.28070E-02 5.48251E-05 1.56516E-02 1.10280E-02 4.71936E-05 2.84114E-03
 9.52485E-03 3.69953E-05 8.32756E-03 3.23577E-05 2.56370E-02 1.12536E-02 4.37329E-05 1.37671E-02 1.00954E-02 3.92126E-05 5.18163E-03
 8.36866E-03 2.98135E-05 7.31673E-03 2.60798E-05 2.25516E-02 9.88764E-03 3.52496E-05 1.21102E-02 9.86355E-03 3.51427E-05 8.38644E-03
 7.35021E-03 2.41359E-05 6.42633E-03 2.11148E-05 1.98323E-02 8.68439E-03 2.85396E-05 1.06499E-02 1.00688E-02 3.30698E-05 1.09842E-02
 6.45259E-03 1.95667E-05 5.64156E-03 1.71180E-05 1.74335E-02 7.62387E-03 2.31374E-05 9.36181E-03 9.84704E-03 2.98683E-05 1.17014E-02
 5.66149E-03 1.58602E-05 4.94991E-03 1.38752E-05 1.53172E-02 6.68920E-03 1.87543E-05 8.22536E-03 9.05414E-03 2.53719E-05 1.10383E-02
 4.96450E-03 1.28451E-05 4.34054E-03 1.12373E-05 1.34506E-02 5.86572E-03 1.51888E-05 7.22298E-03 8.06000E-03 2.08605E-05 9.90559E-03
 4.35074E-03 1.03920E-05 3.80393E-03 9.09107E-06 1.18050E-02 5.14055E-03 1.22878E-05 6.33926E-03 7.09199E-03 1.69445E-05 8.74331E-03
 3.81056E-03 8.39751E-06 3.33164E-03 7.34614E-06 1.03549E-02 4.50232E-03 9.92920E-06 5.56056E-03 6.21721E-03 1.37050E-05 7.67931E-03
 3.33542E-03 6.77781E-06 2.91623E-03 5.92912E-06 9.07781E-03 3.94094E-03 8.01388E-06 4.87478E-03 5.44299E-03 1.10635E-05 6.73399E-03
 2.91853E-03 5.46580E-06 2.55174E-03 4.78132E-06 7.95591E-03 3.44838E-03 6.46247E-06 4.27232E-03 4.76284E-03 8.92209E-06 5.90202E-03
 2.55249E-03 4.40325E-06 2.23171E-03 3.85178E-06 6.96960E-03 3.01590E-03 5.20607E-06 3.74267E-03 4.16551E-03 7.18762E-06 5.17036E-03
 6.51662E-02 1.50981E-02 5.69833E-02 1.32138E-02 2.08387E-01 7.70094E-02 1.78626E-02 1.11904E-01 6.51668E-02 1.50982E-02 2.97525E-05
 5.56473E-02 8.89958E-03 4.86596E-02 7.78758E-03 1.71679E-01 6.57604E-02 1.05268E-02 9.21919E-02 5.56480E-02 8.89969E-03 3.27009E-05
 4.69687E-02 5.10372E-03 4.10696E-02 4.46540E-03 1.39955E-01 5.55025E-02 6.03582E-03 7.51557E-02 4.69695E-02 5.10380E-03 3.64182E-05
 3.93592E-02 2.87504E-03 3.44145E-02 2.51519E-03 1.13573E-01 4.65080E-02 3.39964E-03 6.09887E-02 3.93601E-02 2.87511E-03 4.14233E-05
 3.29202E-02 1.61193E-03 2.87833E-02 1.41008E-03 9.23685E-02 3.88976E-02 1.90587E-03 4.96019E-02 3.29213E-02 1.61198E-03 4.85501E-05
 2.76358E-02 9.09448E-04 2.41623E-02 7.95532E-04 7.57663E-02 3.26524E-02 1.07523E-03 4.06865E-02 2.76372E-02 9.09494E-04 5.91375E-05
 2.33640E-02 5.24325E-04 2.04270E-02 4.58647E-04 6.29250E-02 2.76043E-02 6.19902E-04 3.37907E-02 2.33659E-02 5.24367E-04 7.53354E-05
 2.06317E-02 3.48818E-04 1.80379E-02 3.05127E-04 5.49940E-02 2.43757E-02 4.12408E-04 2.95318E-02 2.06341E-02 3.48858E-04 9.38842E-05
 1.99365E-02 3.11348E-04 1.74300E-02 2.72351E-04 5.30072E-02 2.35543E-02 3.68109E-04 2.84649E-02 1.99391E-02 3.11388E-04 1.00800E-04
 1.70067E-02 1.86243E-04 1.48683E-02 1.62920E-04 4.48039E-02 2.00923E-02 2.20203E-04 2.40597E-02 1.70105E-02 1.86285E-04 1.46348E-04
 1.46317E-02 1.17865E-04 1.27918E-02 1.03103E-04 3.83410E-02 1.72862E-02 1.39353E-04 2.05891E-02 1.46379E-02 1.17914E-04 2.25402E-04
 1.26697E-02 7.93734E-05 1.10764E-02 6.94257E-05 3.31119E-02 1.49681E-02 9.38329E-05 1.77811E-02 1.26806E-02 7.94420E-05 3.67985E-04
 1.10196E-02 5.67322E-05 9.63373E-03 4.96146E-05 2.87745E-02 1.30185E-02 6.70538E-05 1.54519E-02 1.10416E-02 5.68458E-05 6.35139E-04
 9.61232E-03 4.25875E-05 8.40342E-03 3.72398E-05 2.51056E-02 1.13559E-02 5.03272E-05 1.34817E-02 9.66450E-03 4.28187E-05 1.15030E-03
 8.39804E-03 3.30937E-05 7.34185E-03 2.89384E-05 2.19531E-02 9.92133E-03 3.91085E-05 1.17888E-02 8.54394E-03 3.36689E-05 2.13995E-03
 7.34140E-03 2.62623E-05 6.41812E-03 2.29675E-05 1.92143E-02 8.67306E-03 3.10405E-05 1.03181E-02 7.78113E-03 2.78361E-05 3.88350E-03
 6.41801E-03 2.10735E-05 5.61088E-03 1.84320E-05 1.68213E-02 7.58223E-03 2.49117E-05 9.03302E-03 7.56435E-03 2.48398E-05 6.25547E-03
 5.60932E-03 1.69932E-05 4.90392E-03 1.48642E-05 1.47242E-02 6.62688E-03 2.00901E-05 7.90690E-03 7.68381E-03 2.32821E-05 8.15503E-03
 4.90048E-03 1.37242E-05 4.28424E-03 1.20050E-05 1.28842E-02 5.78949E-03 1.62258E-05 6.91882E-03 7.47819E-03 2.09484E-05 8.64786E-03
 4.27910E-03 1.10831E-05 3.74101E-03 9.69471E-06 1.12693E-02 5.05540E-03 1.31033E-05 6.05162E-03 6.84312E-03 1.77288E-05 8.12122E-03
 3.73451E-03 8.94310E-06 3.26491E-03 7.82272E-06 9.85218E-03 4.41204E-03 1.05731E-05 5.29062E-03 6.06287E-03 1.45227E-05 7.25556E-03
 3.25744E-03 7.20861E-06 2.84784E-03 6.30543E-06 8.60905E-03 3.84843E-03 8.52227E-06 4.62306E-03 5.30965E-03 1.17531E-05 6.37627E-03
 2.83971E-03 5.80378E-06 2.48265E-03 5.07654E-06 7.51905E-03 3.35493E-03 6.86130E-06 4.03773E-03 4.63304E-03 9.47135E-06 5.57623E-03
 2.47415E-03 4.66724E-06 2.16306E-03 4.08236E-06 6.56379E-03 2.92306E-03 5.51757E-06 3.52476E-03 4.03738E-03 7.61795E-06 4.86907E-03
 2.15504E-03 3.75014E-06 1.88408E-03 3.28014E-06 5.72866E-03 2.54606E-03 4.43331E-06 3.07629E-03 3.51676E-03 6.12120E-06 4.24975E-03
 1.87625E-03 3.01022E-06 1.64035E-03 2.63292E-06 4.99793E-03 2.21669E-03 3.55854E-06 2.68389E-03 3.06183E-03 4.91344E-06 3.70769E-03
 5.85945E-02 1.37764E-02 5.12325E-02 1.20550E-02 1.85298E-01 6.92356E-02 1.62953E-02 9.95049E-02 5.85950E-02 1.37765E-02 2.64559E-05
 4.92790E-02 7.91976E-03 4.30874E-02 6.92910E-03 1.49997E-01 5.82284E-02 9.36591E-03 8.05485E-02 4.92796E-02 7.91986E-03 2.85709E-05
 4.08935E-02 4.41697E-03 3.57546E-02 3.86397E-03 1.19911E-01 4.83183E-02 5.22263E-03 6.43921E-02 4.08942E-02 4.41705E-03 3.12025E-05
 3.36528E-02 2.41512E-03 2.94227E-02 2.11254E-03 9.53086E-02 3.97611E-02 2.85527E-03 5.11807E-02 3.36536E-02 2.41518E-03 3.47617E-05
 2.76297E-02 1.31532E-03 2.41559E-02 1.15045E-03 7.59138E-02 3.26434E-02 1.55490E-03 4.07657E-02 2.76307E-02 1.31536E-03 3.99013E-05
 2.27858E-02 7.20892E-04 1.99205E-02 6.30509E-04 6.10469E-02 2.69195E-02 8.52155E-04 3.27822E-02 2.27870E-02 7.20929E-04 4.76486E-05
 1.89548E-02 4.05377E-04 1.65709E-02 3.54551E-04 4.98097E-02 2.23929E-02 4.79187E-04 2.67478E-02 1.89563E-02 4.05409E-04 5.96334E-05
 1.65533E-02 2.65057E-04 1.44712E-02 2.31826E-04 4.30128E-02 1.95554E-02 3.13321E-04 2.30979E-02 1.65552E-02 2.65087E-04 7.34303E-05
 1.59489E-02 2.35479E-04 1.39428E-02 2.05957E-04 4.13292E-02 1.88413E-02 2.78359E-04 2.21938E-02 1.59509E-02 2.35509E-04 7.85928E-05
 1.34360E-02 1.38013E-04 1.17459E-02 1.20713E-04 3.44740E-02 1.58725E-02 1.63149E-04 1.85126E-02 1.34390E-02 1.38044E-04 1.12607E-04
 1.14426E-02 8.58529E-05 1.00032E-02 7.50906E-05 2.91921E-02 1.35175E-02 1.01488E-04 1.56762E-02 1.14475E-02 8.58891E-05 1.71617E-04
 9.82591E-03 5.70082E-05 8.58976E-03 4.98582E-05 2.49990E-02 1.16075E-02 6.73840E-05 1.34245E-02 9.83441E-03 5.70575E-05 2.77824E-04
 8.48622E-03 4.03002E-05 7.41856E-03 3.52413E-05 2.15737E-02 1.00248E-02 4.76270E-05 1.15851E-02 8.50321E-03 4.03809E-05 4.76196E-04
 7.35697E-03 3.00012E-05 6.43136E-03 2.62322E-05 1.87108E-02 8.69080E-03 3.54504E-05 1.00477E-02 7.39691E-03 3.01641E-05 8.57302E-04
 6.39150E-03 2.31660E-05 5.58736E-03 2.02557E-05 1.62736E-02 7.55028E-03 2.73738E-05 8.73892E-03 6.50254E-03 2.35686E-05 1.58632E-03
 5.55767E-03 1.82914E-05 4.85845E-03 1.59952E-05 1.41721E-02 6.56531E-03 2.16168E-05 7.61043E-03 5.89054E-03 1.93874E-05 2.86440E-03
 4.83373E-03 1.46142E-05 4.22561E-03 1.27811E-05 1.23477E-02 5.71015E-03 1.72736E-05 6.63069E-03 5.69704E-03 1.72258E-05 4.59183E-03
 4.20348E-03 1.17382E-05 3.67466E-03 1.02665E-05 1.07581E-02 4.96565E-03 1.38755E-05 5.77707E-03 5.75793E-03 1.60818E-05 5.95837E-03
 3.65415E-03 9.44445E-06 3.19445E-03 8.26049E-06 9.37087E-03 4.31674E-03 1.11644E-05 5.03216E-03 5.57613E-03 1.44152E-05 6.28971E-03
 3.17522E-03 7.59885E-06 2.77579E-03 6.64626E-06 8.15974E-03 3.75099E-03 8.98269E-06 4.38178E-03 5.07766E-03 1.21547E-05 5.88031E-03
 2.75773E-03 6.10926E-06 2.41083E-03 5.34335E-06 7.10236E-03 3.25782E-03 7.22175E-06 3.81397E-03 4.47698E-03 9.92034E-06 5.23047E-03
 2.39394E-03 4.90652E-06 2.09280E-03 4.29135E-06 6.17946E-03 2.82806E-03 5.79990E-06 3.31837E-03 3.90203E-03 7.99935E-06 4.57680E-03
 2.07706E-03 3.93606E-06 1.81579E-03 3.44253E-06 5.37423E-03 2.45373E-03 4.65267E-06 2.88596E-03 3.38867E-03 6.42306E-06 3.98560E-03
 1.80119E-03 3.15390E-06 1.57463E-03 2.75841E-06 4.67196E-03 2.12785E-03 3.72805E-06 2.50884E-03 2.93914E-03 5.14760E-06 3.46570E-03
 1.56162E-03 2.52514E-06 1.36520E-03 2.20847E-06 4.06098E-03 1.84484E-03 2.98479E-06 2.18074E-03 2.54831E-03 4.12150E-06 3.01259E-03
 1.35339E-03 2.01975E-06 1.18316E-03 1.76645E-06 3.52888E-03 1.59884E-03 2.38738E-06 1.89501E-03 2.20851E-03 3.29661E-06 2.61788E-03
 5.25866E-02 1.25360E-02 4.59762E-02 1.09680E-02 1.64613E-01 6.21308E-02 1.48253E-02 8.83970E-02 5.25871E-02 1.25362E-02 2.35026E-05
 4.35147E-02 7.02068E-03 3.80448E-02 6.14167E-03 1.30801E-01 5.14127E-02 8.30121E-03 7.02400E-02 4.35153E-02 7.02077E-03 2.49144E-05
 3.54470E-02 3.80150E-03 3.09904E-02 3.32515E-03 1.02392E-01 4.18793E-02 4.49417E-03 5.49844E-02 3.54476E-02 3.80157E-03 2.66438E-05
 2.85913E-02 2.01405E-03 2.49959E-02 1.76151E-03 7.95638E-02 3.37781E-02 2.38074E-03 4.27257E-02 2.85920E-02 2.01409E-03 2.90191E-05
 2.29932E-02 1.06266E-03 2.01012E-02 9.29366E-04 6.19294E-02 2.71634E-02 1.25604E-03 3.32561E-02 2.29940E-02 1.06270E-03 3.25509E-05
 1.85844E-02 5.64330E-04 1.62465E-02 4.93524E-04 4.87116E-02 2.19543E-02 6.66992E-04 2.61581E-02 1.85854E-02 5.64359E-04 3.80206E-05
 1.51779E-02 3.08903E-04 1.32683E-02 2.70145E-04 3.89637E-02 1.79296E-02 3.65097E-04 2.09235E-02 1.51791E-02 3.08928E-04 4.66483E-05
 1.30883E-02 1.98268E-04 1.14415E-02 1.73393E-04 3.31981E-02 1.54610E-02 2.34339E-04 1.78274E-02 1.30898E-02 1.98291E-04 5.66748E-05
 1.25686E-02 1.75265E-04 1.09871E-02 1.53277E-04 3.17871E-02 1.48470E-02 2.07152E-04 1.70697E-02 1.25702E-02 1.75288E-04 6.04472E-05
 1.04395E-02 1.00518E-04 9.12586E-03 8.79085E-05 2.61273E-02 1.23318E-02 1.18808E-04 1.40304E-02 1.04419E-02 1.00540E-04 8.53428E-05
 8.79040E-03 6.14027E-05 7.68421E-03 5.37001E-05 2.18704E-02 1.03837E-02 7.25756E-05 1.17444E-02 8.79410E-03 6.14285E-05 1.28573E-04
 7.47977E-03 4.01736E-05 6.53847E-03 3.51320E-05 1.85599E-02 8.83544E-03 4.74800E-05 9.96665E-03 7.48624E-03 4.02083E-05 2.06263E-04
 6.41137E-03 2.80732E-05 5.60451E-03 2.45475E-05 1.59001E-02 7.57336E-03 3.31742E-05 8.53835E-03 6.42421E-03 2.81294E-05 3.50963E-04
 5.52226E-03 2.07182E-05 4.82728E-03 1.81145E-05 1.37055E-02 6.52308E-03 2.44796E-05 7.35985E-03 5.55224E-03 2.08307E-05 6.27966E-04
 4.76961E-03 1.58941E-05 4.16935E-03 1.38966E-05 1.18556E-02 5.63403E-03 1.87797E-05 6.36646E-03 4.85247E-03 1.61703E-05 1.15566E-03
 4.12476E-03 1.24857E-05 3.60566E-03 1.09176E-05 1.02730E-02 4.87233E-03 1.47542E-05 5.51658E-03 4.37179E-03 1.32337E-05 2.07632E-03
 3.56868E-03 9.93282E-06 3.11958E-03 8.68617E-06 8.90795E-03 4.21548E-03 1.17391E-05 4.78357E-03 4.20601E-03 1.17076E-05 3.31267E-03
 3.08752E-03 7.94709E-06 2.69898E-03 6.95008E-06 7.72557E-03 3.64714E-03 9.39300E-06 4.14863E-03 4.22922E-03 1.08875E-05 4.27883E-03
 2.67055E-03 6.37055E-06 2.33450E-03 5.57146E-06 6.69938E-03 3.15461E-03 7.52986E-06 3.59757E-03 4.07511E-03 9.72312E-06 4.49661E-03
 2.30905E-03 5.10721E-06 2.01849E-03 4.46660E-06 5.80810E-03 2.72760E-03 6.03663E-06 3.11895E-03 3.69244E-03 8.16887E-06 4.18560E-03
 1.99564E-03 4.09148E-06 1.74453E-03 3.57825E-06 5.03392E-03 2.35739E-03 4.83602E-06 2.70321E-03 3.23970E-03 6.64356E-06 3.70719E-03
 1.72400E-03 3.27442E-06 1.50707E-03 2.86366E-06 4.36155E-03 2.03652E-03 3.87023E-06 2.34215E-03 2.81000E-03 5.33825E-06 3.23037E-03
 1.48865E-03 2.61760E-06 1.30134E-03 2.28921E-06 3.77777E-03 1.75852E-03 3.09386E-06 2.02866E-03 2.42864E-03 4.27137E-06 2.80165E-03
 1.28483E-03 2.09017E-06 1.12317E-03 1.82793E-06 3.27107E-03 1.51776E-03 2.47043E-06 1.75656E-03 2.09652E-03 3.41132E-06 2.42650E-03
 1.10876E-03 1.66775E-06 9.69260E-04 1.45850E-06 2.83231E-03 1.30978E-03 1.97114E-06 1.52095E-03 1.80927E-03 2.72197E-06 2.10112E-03
 9.56503E-04 1.32944E-06 8.36161E-04 1.16263E-06 2.45197E-03 1.12992E-03 1.57128E-06 1.31671E-03 1.56083E-03 2.16982E-06 1.81898E-03
 4.70982E-02 1.13768E-02 4.11754E-02 9.95253E-03 1.46044E-01 5.56421E-02 1.34521E-02 7.84258E-02 4.70987E-02 1.13769E-02 2.08515E-05
 3.83081E-02 6.19973E-03 3.34907E-02 5.42290E-03 1.13820E-01 4.52576E-02 7.32945E-03 6.11214E-02 3.83085E-02 6.19980E-03 2.16800E-05
 3.05888E-02 3.25370E-03 2.67416E-02 2.84570E-03 8.71176E-02 3.61370E-02 3.84604E-03 4.67821E-02 3.05893E-02 3.25375E-03 2.26692E-05
 2.41311E-02 1.66805E-03 2.10955E-02 1.45876E-03 6.60531E-02 2.85069E-02 1.97151E-03 3.54705E-02 2.41317E-02 1.66809E-03 2.40914E-05
 1.89626E-02 8.50049E-04 1.65767E-02 7.43359E-04 5.01165E-02 2.24004E-02 1.00462E-03 2.69126E-02 1.89633E-02 8.50078E-04 2.63419E-05
 1.49811E-02 4.36886E-04 1.30959E-02 3.82040E-04 3.84571E-02 1.76966E-02 5.16309E-04 2.06515E-02 1.49819E-02 4.36909E-04 3.00167E-05
 1.19800E-02 2.31929E-04 1.04723E-02 2.02813E-04 3.00823E-02 1.41511E-02 2.74091E-04 1.61542E-02 1.19809E-02 2.31948E-04 3.60153E-05
 1.01820E-02 1.45942E-04 8.90052E-03 1.27622E-04 2.52484E-02 1.20272E-02 1.72475E-04 1.35584E-02 1.01832E-02 1.45959E-04 4.31033E-05
 9.74049E-03 1.28324E-04 8.51454E-03 1.12216E-04 2.40807E-02 1.15056E-02 1.51655E-04 1.29313E-02 9.74172E-03 1.28341E-04 4.57925E-05
 7.96112E-03 7.19171E-05 6.95907E-03 6.28906E-05 1.94718E-02 9.40371E-03 8.49944E-05 1.04563E-02 7.96290E-03 7.19332E-05 6.36031E-05
 6.61859E-03 4.30920E-05 5.78550E-03 3.76835E-05 1.60945E-02 7.81787E-03 5.09279E-05 8.64274E-03 6.62138E-03 4.31101E-05 9.46176E-05
 5.57549E-03 2.77537E-05 4.87367E-03 2.42691E-05 1.35263E-02 6.58572E-03 3.27984E-05 7.26361E-03 5.58031E-03 2.77777E-05 1.50323E-04
 4.74047E-03 1.91578E-05 4.14375E-03 1.67510E-05 1.14996E-02 5.59938E-03 2.26374E-05 6.17530E-03 4.74996E-03 1.91962E-05 2.53831E-04
 4.05529E-03 1.40100E-05 3.54481E-03 1.22488E-05 9.85046E-03 4.79004E-03 1.65527E-05 5.28970E-03 4.07730E-03 1.40861E-05 4.51334E-04
 3.48149E-03 1.06758E-05 3.04324E-03 9.33370E-06 8.47483E-03 4.11228E-03 1.26132E-05 4.55098E-03 3.54197E-03 1.08613E-05 8.26113E-04
 2.99401E-03 8.34326E-06 2.61714E-03 7.29500E-06 7.30745E-03 3.53650E-03 9.85847E-06 3.92410E-03 3.17332E-03 8.84309E-06 1.47695E-03
 2.57661E-03 6.60923E-06 2.25228E-03 5.77937E-06 6.30729E-03 3.04348E-03 7.81048E-06 3.38701E-03 3.03675E-03 7.79007E-06 2.34554E-03
 2.21771E-03 5.26803E-06 1.93857E-03 4.60684E-06 5.44601E-03 2.61957E-03 6.22599E-06 2.92451E-03 3.03775E-03 7.21701E-06 3.01628E-03
 1.90852E-03 4.20805E-06 1.66830E-03 3.67998E-06 4.70252E-03 2.25436E-03 4.97340E-06 2.52525E-03 2.91225E-03 6.42239E-06 3.15632E-03
 1.64196E-03 3.36201E-06 1.43530E-03 2.94012E-06 4.06009E-03 1.93952E-03 3.97351E-06 2.18027E-03 2.62566E-03 5.37731E-06 2.92590E-03
 1.41215E-03 2.68433E-06 1.23442E-03 2.34747E-06 3.50483E-03 1.66806E-03 3.17255E-06 1.88209E-03 2.29243E-03 4.35856E-06 2.58110E-03
 1.21404E-03 2.14116E-06 1.06124E-03 1.87245E-06 3.02492E-03 1.43406E-03 2.53057E-06 1.62438E-03 1.97876E-03 3.49060E-06 2.24040E-03
 1.04331E-03 1.70606E-06 9.12008E-04 1.49194E-06 2.61020E-03 1.23239E-03 2.01632E-06 1.40168E-03 1.70207E-03 2.78384E-06 1.93576E-03
 8.96234E-04 1.35788E-06 7.83445E-04 1.18746E-06 2.25189E-03 1.05867E-03 1.60481E-06 1.20927E-03 1.46240E-03 2.21611E-06 1.67047E-03
 7.69849E-04 1.08001E-06 6.72968E-04 9.44454E-07 1.94304E-03 9.09382E-04 1.27640E-06 1.04341E-03 1.25622E-03 1.76267E-06 1.44142E-03
 6.61117E-04 8.58227E-07 5.77922E-04 7.50505E-07 1.67646E-03 7.80947E-04 1.01428E-06 9.00260E-04 1.07880E-03 1.40070E-06 1.24367E-03
 4.20937E-02 1.03006E-02 3.67984E-02 9.01014E-03 1.29395E-01 4.97265E-02 1.21780E-02 6.94849E-02 4.20940E-02 1.03007E-02 1.84743E-05
 3.36249E-02 5.45654E-03 2.93952E-02 4.77240E-03 9.88190E-02 3.97225E-02 6.45005E-03 5.30658E-02 3.36253E-02 5.45661E-03 1.88227E-05
 2.62799E-02 2.77208E-03 2.29737E-02 2.42428E-03 7.38598E-02 3.10448E-02 3.27639E-03 3.96627E-02 2.62804E-02 2.77212E-03 1.92194E-05
 2.02324E-02 1.37163E-03 1.76866E-02 1.19945E-03 5.45215E-02 2.39000E-02 1.62101E-03 2.92780E-02 2.02329E-02 1.37166E-03 1.98855E-05
 1.54915E-02 6.73439E-04 1.35419E-02 5.88876E-04 4.02201E-02 1.82991E-02 7.95829E-04 2.15982E-02 1.54921E-02 6.73462E-04 2.11402E-05
 1.19259E-02 3.34244E-04 1.04248E-02 2.92266E-04 3.00263E-02 1.40870E-02 3.94975E-04 1.61241E-02 1.19266E-02 3.34261E-04 2.34363E-05
 9.30989E-03 1.71644E-04 8.13797E-03 1.50086E-04 2.29056E-02 1.09967E-02 2.02830E-04 1.23003E-02 9.31062E-03 1.71657E-04 2.74232E-05
 7.78236E-03 1.05766E-04 6.80268E-03 9.24833E-05 1.89032E-02 9.19233E-03 1.24985E-04 1.01510E-02 7.78324E-03 1.05778E-04 3.22710E-05
 7.41241E-03 9.24751E-05 6.47929E-03 8.08618E-05 1.79498E-02 8.75533E-03 1.09279E-04 9.63907E-03 7.41335E-03 9.24868E-05 3.41339E-05
 5.94805E-03 5.05778E-05 5.19924E-03 4.42271E-05 1.42527E-02 7.02561E-03 5.97702E-05 7.65370E-03 5.94939E-03 5.05892E-05 4.65554E-05
 4.87459E-03 2.96915E-05 4.26090E-03 2.59634E-05 1.16190E-02 5.75765E-03 3.50881E-05 6.23940E-03 4.87664E-03 2.97040E-05 6.83066E-05
 4.06115E-03 1.88043E-05 3.54986E-03 1.64426E-05 9.66444E-03 4.79684E-03 2.22209E-05 5.18980E-03 4.06467E-03 1.88206E-05 1.07405E-04
 3.42302E-03 1.28109E-05 2.99206E-03 1.12010E-05 8.15197E-03 4.04310E-03 1.51369E-05 4.37761E-03 3.42987E-03 1.28365E-05 1.79939E-04
 2.90742E-03 9.27797E-06 2.54137E-03 8.11141E-06 6.93933E-03 3.43409E-03 1.09614E-05 3.72642E-03 2.92320E-03 9.32834E-06 3.17950E-04
 2.48063E-03 7.02062E-06 2.16832E-03 6.13786E-06 5.93892E-03 2.92999E-03 8.29441E-06 3.18920E-03 2.52372E-03 7.14259E-06 5.78916E-04
 2.12128E-03 5.45838E-06 1.85422E-03 4.77240E-06 5.09701E-03 2.50556E-03 6.44936E-06 2.73710E-03 2.24832E-03 5.78536E-06 1.03018E-03
 1.81584E-03 4.30621E-06 1.58724E-03 3.76535E-06 4.38051E-03 2.14480E-03 5.08858E-06 2.35234E-03 2.14011E-03 5.07554E-06 1.62902E-03
 1.55489E-03 3.42022E-06 1.35915E-03 2.99081E-06 3.76704E-03 1.83659E-03 4.04192E-06 2.02290E-03 2.12983E-03 4.68550E-06 2.08638E-03
 1.33142E-03 2.72314E-06 1.16381E-03 2.38130E-06 3.24022E-03 1.57263E-03 3.21823E-06 1.74000E-03 2.03162E-03 4.15602E-06 2.17483E-03
 1.13984E-03 2.16888E-06 9.96359E-04 1.89662E-06 2.78724E-03 1.34636E-03 2.56321E-06 1.49675E-03 1.82270E-03 3.46889E-06 2.00862E-03
 9.75582E-04 1.72644E-06 8.52778E-04 1.50972E-06 2.39755E-03 1.15235E-03 2.04033E-06 1.28749E-03 1.58371E-03 2.80318E-06 1.76566E-03
 8.34747E-04 1.37301E-06 7.29674E-04 1.20065E-06 2.06227E-03 9.85999E-04 1.62262E-06 1.10744E-03 1.36054E-03 2.23828E-06 1.52742E-03
 7.14021E-04 1.09080E-06 6.24147E-04 9.53867E-07 1.77380E-03 8.43402E-04 1.28911E-06 9.52532E-04 1.16485E-03 1.77987E-06 1.31548E-03
 6.10562E-04 8.65700E-07 5.33712E-04 7.57019E-07 1.52562E-03 7.21200E-04 1.02307E-06 8.19260E-04 9.96254E-04 1.41283E-06 1.13172E-03
 5.22118E-04 6.86616E-07 4.56403E-04 6.00415E-07 1.31258E-03 6.16733E-04 8.11430E-07 7.04856E-04 8.51969E-04 1.12059E-06 9.73725E-04
 4.46412E-04 5.44121E-07 3.90226E-04 4.75807E-07 1.12942E-03 5.27310E-04 6.43029E-07 6.06501E-04 7.28439E-04 8.88037E-07 8.37858E-04
 3.75218E-02 9.29949E-03 3.28003E-02 8.13375E-03 1.14413E-01 4.43233E-02 1.09931E-02 6.14396E-02 3.75221E-02 9.29957E-03 1.63353E-05
 2.94080E-02 4.78533E-03 2.57077E-02 4.18503E-03 8.55603E-02 3.47391E-02 5.65607E-03 4.59459E-02 2.94083E-02 4.78539E-03 1.62972E-05
 2.24598E-02 2.34989E-03 1.96334E-02 2.05493E-03 6.23425E-02 2.65307E-02 2.77716E-03 3.34779E-02 2.24601E-02 2.34993E-03 1.62224E-05
 1.68352E-02 1.11952E-03 1.47164E-02 9.78933E-04 4.46996E-02 1.98861E-02 1.32296E-03 2.40037E-02 1.68356E-02 1.11955E-03 1.63032E-05
 1.25202E-02 5.28215E-04 1.09442E-02 4.61864E-04 3.19632E-02 1.47887E-02 6.24170E-04 1.71643E-02 1.25206E-02 5.28234E-04 1.68003E-05
 9.35819E-03 2.52669E-04 8.18008E-03 2.20926E-04 2.31384E-02 1.10536E-02 2.98560E-04 1.24253E-02 9.35867E-03 2.52682E-04 1.80601E-05
 7.10620E-03 1.25183E-04 6.21153E-03 1.09456E-04 1.71594E-02 8.39347E-03 1.47919E-04 9.21462E-03 7.10676E-03 1.25193E-04 2.05437E-05
 5.82807E-03 7.54667E-05 5.09429E-03 6.59863E-05 1.38960E-02 6.88377E-03 8.91746E-05 7.46212E-03 5.82873E-03 7.54753E-05 2.37228E-05
 5.52329E-03 6.55968E-05 4.82788E-03 5.73566E-05 1.31306E-02 6.52377E-03 7.75124E-05 7.05115E-03 5.52399E-03 6.56052E-05 2.49696E-05
 4.33999E-03 3.49745E-05 3.79354E-03 3.05816E-05 1.02181E-02 5.12609E-03 4.13287E-05 5.48710E-03 4.34096E-03 3.49823E-05 3.33765E-05
 3.49987E-03 2.00921E-05 3.05919E-03 1.75686E-05 8.20647E-03 4.13379E-03 2.37427E-05 4.40687E-03 3.50134E-03 2.01005E-05 4.82448E-05
 2.88053E-03 1.24970E-05 2.51783E-03 1.09270E-05 6.75231E-03 3.40226E-03 1.47669E-05 3.62599E-03 2.88302E-03 1.25078E-05 7.50411E-05
 2.40539E-03 8.39328E-06 2.10251E-03 7.33835E-06 5.65052E-03 2.84106E-03 9.91690E-06 3.03433E-03 2.41020E-03 8.41009E-06 1.24724E-04
 2.02795E-03 6.01526E-06 1.77261E-03 5.25884E-06 4.78101E-03 2.39526E-03 7.10652E-06 2.56740E-03 2.03896E-03 6.04792E-06 2.19059E-04
 1.71945E-03 4.51845E-06 1.50295E-03 3.95023E-06 4.07187E-03 2.03088E-03 5.33813E-06 2.18660E-03 1.74931E-03 4.59695E-06 3.96920E-04
 1.46214E-03 3.49488E-06 1.27804E-03 3.05560E-06 3.48011E-03 1.72698E-03 4.12926E-06 1.86882E-03 1.54970E-03 3.70424E-06 7.03383E-04
 1.24508E-03 2.74651E-06 1.08832E-03 2.40149E-06 2.97977E-03 1.47061E-03 3.24540E-06 1.60013E-03 1.46742E-03 3.23718E-06 1.10811E-03
 1.06084E-03 2.17450E-06 9.27277E-04 1.90143E-06 2.55369E-03 1.25300E-03 2.56966E-06 1.37133E-03 1.45308E-03 2.97891E-06 1.41437E-03
 9.03979E-04 1.72642E-06 7.90169E-04 1.50966E-06 2.18956E-03 1.06773E-03 2.04022E-06 1.17580E-03 1.37938E-03 2.63480E-06 1.46963E-03
 7.70262E-04 1.37139E-06 6.73290E-04 1.19921E-06 1.87786E-03 9.09801E-04 1.62066E-06 1.00841E-03 1.23170E-03 2.19336E-06 1.35328E-03
 6.56224E-04 1.08886E-06 5.73612E-04 9.52152E-07 1.61083E-03 7.75109E-04 1.28678E-06 8.65017E-04 1.06527E-03 1.76793E-06 1.18629E-03
 5.58964E-04 8.63815E-07 4.88598E-04 7.55358E-07 1.38200E-03 6.60232E-04 1.02082E-06 7.42136E-04 9.11041E-04 1.40818E-06 1.02358E-03
 4.76020E-04 6.84624E-07 4.16097E-04 5.98663E-07 1.18587E-03 5.62264E-04 8.09058E-07 6.36810E-04 7.76571E-04 1.11709E-06 8.79456E-04
 4.05296E-04 5.42073E-07 3.54278E-04 4.74009E-07 1.01773E-03 4.78730E-04 6.40595E-07 5.46522E-04 6.61317E-04 8.84656E-07 7.54960E-04
 3.45139E-04 4.28967E-07 3.01694E-04 3.75103E-07 8.73896E-04 4.07675E-04 5.06929E-07 4.69282E-04 5.63178E-04 7.00088E-07 6.48291E-04
 2.93893E-04 3.39198E-07 2.56900E-04 2.96606E-07 7.50633E-04 3.47146E-04 4.00845E-07 4.03090E-04 4.79562E-04 5.53585E-07 5.56854E-04
 3.33543E-02 8.37160E-03 2.91563E-02 7.32164E-03 1.00948E-01 3.93987E-02 9.89528E-03 5.42091E-02 3.33546E-02 8.37168E-03 1.44129E-05
 2.56348E-02 4.18289E-03 2.24086E-02 3.65793E-03 7.38840E-02 3.02807E-02 4.94360E-03 3.96757E-02 2.56351E-02 4.18294E-03 1.40732E-05
 1.91058E-02 1.98343E-03 1.67011E-02 1.73438E-03 5.24221E-02 2.25680E-02 2.34391E-03 2.81507E-02 1.91061E-02 1.98347E-03 1.36410E-05
 1.39109E-02 9.08471E-04 1.21598E-02 7.94354E-04 3.64297E-02 1.64314E-02 1.07350E-03 1.95628E-02 1.39113E-02 9.08492E-04 1.32870E-05
 1.00163E-02 4.11093E-04 8.75527E-03 3.59440E-04 2.51756E-02 1.18308E-02 4.85747E-04 1.35193E-02 1.00166E-02 4.11107E-04 1.32326E-05
 7.24181E-03 1.89284E-04 6.33001E-03 1.65498E-04 1.76134E-02 8.55355E-03 2.23653E-04 9.45841E-03 7.24218E-03 1.89293E-04 1.37477E-05
 5.32898E-03 9.02876E-05 4.65798E-03 7.89418E-05 1.26582E-02 6.29417E-03 1.06681E-04 6.79747E-03 5.32940E-03 9.02947E-05 1.51547E-05
 4.27678E-03 5.32427E-05 3.73826E-03 4.65528E-05 1.00395E-02 5.05138E-03 6.29114E-05 5.39122E-03 4.27727E-03 5.32488E-05 1.71392E-05
 4.03004E-03 4.60064E-05 3.52259E-03 4.02259E-05 9.43564E-03 4.75994E-03 5.43613E-05 5.06694E-03 4.03056E-03 4.60122E-05 1.79431E-05
 3.09242E-03 2.39056E-05 2.70302E-03 2.09024E-05 7.18448E-03 3.65249E-03 2.82478E-05 3.85807E-03 3.09311E-03 2.39109E-05 2.34676E-05
 2.44946E-03 1.34295E-05 2.14102E-03 1.17425E-05 5.68029E-03 2.89308E-03 1.58690E-05 3.05032E-03 2.45049E-03 1.34352E-05 3.33938E-05
 1.98961E-03 8.19405E-06 1.73907E-03 7.16453E-06 4.62317E-03 2.34994E-03 9.68215E-06 2.48264E-03 1.99133E-03 8.20114E-06 5.13791E-05
 1.64527E-03 5.41879E-06 1.43809E-03 4.73764E-06 3.83968E-03 1.94323E-03 6.40232E-06 2.06191E-03 1.64856E-03 5.42965E-06 8.47533E-05
 1.37673E-03 3.83964E-06 1.20337E-03 3.35677E-06 3.23141E-03 1.62607E-03 4.53614E-06 1.73527E-03 1.38421E-03 3.86049E-06 1.48059E-04
 1.16016E-03 2.86206E-06 1.01407E-03 2.50211E-06 2.74101E-03 1.37027E-03 3.38120E-06 1.47192E-03 1.18031E-03 2.91178E-06 2.67190E-04
 9.81293E-04 2.20248E-06 8.57730E-04 1.92561E-06 2.33509E-03 1.15902E-03 2.60221E-06 1.25394E-03 1.04006E-03 2.33441E-06 4.71957E-04
 8.31542E-04 1.72482E-06 7.26838E-04 1.50812E-06 1.99392E-03 9.82151E-04 2.03807E-06 1.07073E-03 9.80032E-04 2.03295E-06 7.41495E-04
 7.05230E-04 1.36200E-06 6.16433E-04 1.19095E-06 1.70476E-03 8.32966E-04 1.60948E-06 9.15457E-04 9.65984E-04 1.86584E-06 9.44186E-04
 5.98296E-04 1.07898E-06 5.22966E-04 9.43488E-07 1.45864E-03 7.06668E-04 1.27506E-06 7.83290E-04 9.12934E-04 1.64668E-06 9.79037E-04
 5.07618E-04 8.55399E-07 4.43708E-04 7.47990E-07 1.24871E-03 5.99570E-04 1.01086E-06 6.70558E-04 8.11712E-04 1.36809E-06 8.99883E-04
 4.30676E-04 6.77922E-07 3.76454E-04 5.92797E-07 1.06946E-03 5.08692E-04 8.01130E-07 5.74302E-04 6.99128E-04 1.10070E-06 7.87597E-04
 3.65373E-04 5.36865E-07 3.19374E-04 4.69452E-07 9.16317E-04 4.31562E-04 6.34435E-07 4.92062E-04 5.95509E-04 8.75183E-07 6.78668E-04
 3.09946E-04 4.24784E-07 2.70926E-04 3.71443E-07 7.85415E-04 3.66097E-04 5.01981E-07 4.21768E-04 5.05638E-04 6.93110E-07 5.82476E-04
 2.62903E-04 3.35797E-07 2.29807E-04 2.93629E-07 6.73485E-04 3.10533E-04 3.96821E-07 3.61662E-04 4.28974E-04 5.48012E-07 4.99596E-04
 2.23070E-04 2.65326E-07 1.94989E-04 2.32007E-07 5.77952E-04 2.63485E-04 3.13543E-07 3.10360E-04 3.63991E-04 4.33019E-07 4.28748E-04
 1.89286E-04 2.09498E-07 1.65458E-04 1.83190E-07 4.96249E-04 2.23581E-04 2.47569E-07 2.66486E-04 3.08866E-04 3.41907E-07 3.68140E-04
 2.94882E-02 7.49974E-03 2.57761E-02 6.55872E-03 8.86387E-02 3.48307E-02 8.86402E-03 4.75990E-02 2.94884E-02 7.49981E-03 1.26554E-05
 2.22225E-02 3.63928E-03 1.94253E-02 3.18239E-03 6.34936E-02 2.62492E-02 4.30084E-03 3.40961E-02 2.22228E-02 3.63932E-03 1.20940E-05
 1.61478E-02 1.66553E-03 1.41151E-02 1.45634E-03 4.38266E-02 1.90735E-02 1.96813E-03 2.35349E-02 1.61481E-02 1.66556E-03 1.14043E-05
 1.13973E-02 7.32579E-04 9.96240E-03 6.40535E-04 2.94596E-02 1.34619E-02 8.65620E-04 1.58198E-02 1.13976E-02 7.32596E-04 1.07448E-05
 7.91948E-03 3.17450E-04 6.92233E-03 2.77555E-04 1.96169E-02 9.35391E-03 3.75085E-04 1.05343E-02 7.91975E-03 3.17461E-04 1.03109E-05
 5.51631E-03 1.40676E-04 4.82170E-03 1.22996E-04 1.32199E-02 6.51538E-03 1.66215E-04 7.09907E-03 5.51659E-03 1.40683E-04 1.03184E-05
 3.91718E-03 6.45032E-05 3.42391E-03 5.63964E-05 9.17751E-03 4.62659E-03 7.62131E-05 4.92832E-03 3.91749E-03 6.45083E-05 1.09876E-05
 3.06747E-03 3.72330E-05 2.68120E-03 3.25541E-05 7.11617E-03 3.62300E-03 4.39933E-05 3.82138E-03 3.06782E-03 3.72373E-05 1.21485E-05
 2.87194E-03 3.19891E-05 2.51029E-03 2.79694E-05 6.64965E-03 3.39205E-03 3.77976E-05 3.57086E-03 2.87231E-03 3.19932E-05 1.26452E-05
 2.14586E-03 1.62097E-05 1.87563E-03 1.41731E-05 4.94832E-03 2.53447E-03 1.91536E-05 2.65725E-03 2.14634E-03 1.62133E-05 1.61633E-05
 1.66651E-03 8.90285E-06 1.45665E-03 7.78437E-06 3.85111E-03 1.96831E-03 1.05199E-05 2.06805E-03 1.66721E-03 8.90660E-06 2.26402E-05
 1.33475E-03 5.32317E-06 1.16666E-03 4.65430E-06 3.10241E-03 1.57647E-03 6.28980E-06 1.66599E-03 1.33590E-03 5.32778E-06 3.44783E-05
 1.09279E-03 3.46145E-06 9.55178E-04 3.02631E-06 2.56001E-03 1.29069E-03 4.08966E-06 1.37473E-03 1.09498E-03 3.46838E-06 5.65071E-05
 9.07742E-04 2.42236E-06 7.93432E-04 2.11771E-06 2.14562E-03 1.07213E-03 2.86174E-06 1.15220E-03 9.12669E-04 2.43551E-06 9.83094E-05
 7.60578E-04 1.79088E-06 6.64801E-04 1.56564E-06 1.81518E-03 8.98319E-04 2.11571E-06 9.74750E-04 7.73789E-04 1.82199E-06 1.76941E-04
 6.40236E-04 1.37128E-06 5.59615E-04 1.19890E-06 1.54361E-03 7.56186E-04 1.62015E-06 8.28918E-04 6.78576E-04 1.45343E-06 3.11987E-04
 5.40221E-04 1.07065E-06 4.72197E-04 9.36128E-07 1.31647E-03 6.38062E-04 1.26508E-06 7.06947E-04 6.36689E-04 1.26191E-06 4.89569E-04
 4.56357E-04 8.43797E-07 3.98895E-04 7.37818E-07 1.12465E-03 5.39013E-04 9.97104E-07 6.03935E-04 6.25092E-04 1.15593E-06 6.22888E-04
 3.85721E-04 6.67516E-07 3.37155E-04 5.83691E-07 9.61814E-04 4.55586E-04 7.88820E-07 5.16494E-04 5.88567E-04 1.01873E-06 6.45567E-04
 3.26104E-04 5.28596E-07 2.85045E-04 4.62220E-07 8.23235E-04 3.85172E-04 6.24661E-07 4.42077E-04 5.21458E-04 8.45413E-07 5.93263E-04
 2.75739E-04 4.18508E-07 2.41023E-04 3.65955E-07 7.05128E-04 3.25687E-04 4.94565E-07 3.78654E-04 4.47614E-04 6.79502E-07 5.19286E-04
 2.33173E-04 3.31130E-07 2.03817E-04 2.89549E-07 6.04375E-04 2.75413E-04 3.91306E-07 3.24550E-04 3.80041E-04 5.39797E-07 4.47629E-04
 1.97192E-04 2.61784E-07 1.72366E-04 2.28910E-07 5.18363E-04 2.32914E-04 3.09357E-07 2.78361E-04 3.21693E-04 4.27146E-07 3.84426E-04
 1.66771E-04 2.06788E-07 1.45776E-04 1.80819E-07 4.44885E-04 1.96984E-04 2.44365E-07 2.38903E-04 2.72117E-04 3.37471E-07 3.30019E-04
 1.41110E-04 1.63279E-07 1.23346E-04 1.42774E-07 3.82211E-04 1.66675E-04 1.92950E-07 2.05247E-04 2.30254E-04 2.66475E-07 2.83539E-04
 1.19423E-04 1.28843E-07 1.04390E-04 1.12663E-07 3.28628E-04 1.41060E-04 1.52256E-07 1.76473E-04 1.94868E-04 2.10275E-07 2.43791E-04
 2.59167E-02 6.68757E-03 2.26537E-02 5.84816E-03 7.73893E-02 3.06113E-02 7.90357E-03 4.15580E-02 2.59169E-02 6.68763E-03 1.10493E-05
 1.91479E-02 3.15120E-03 1.67374E-02 2.75547E-03 5.42611E-02 2.26168E-02 3.72384E-03 2.91382E-02 1.91482E-02 3.15124E-03 1.03354E-05
 1.35509E-02 1.39161E-03 1.18448E-02 1.21679E-03 3.64056E-02 1.60056E-02 1.64438E-03 1.95498E-02 1.35511E-02 1.39164E-03 9.47326E-06
 9.25071E-03 5.87538E-04 8.08594E-03 5.13707E-04 2.36237E-02 1.09263E-02 6.94219E-04 1.26859E-02 9.25093E-03 5.87552E-04 8.61624E-06
 6.18171E-03 2.43672E-04 5.40330E-03 2.13045E-04 1.51115E-02 7.30127E-03 2.87905E-04 8.11490E-03 6.18192E-03 2.43680E-04 7.94282E-06
 4.13073E-03 1.04028E-04 3.61056E-03 9.09533E-05 9.77559E-03 4.87880E-03 1.22912E-04 5.24949E-03 4.13095E-03 1.04034E-04 7.63009E-06
 2.81865E-03 4.58282E-05 2.46370E-03 4.00680E-05 6.53688E-03 3.32909E-03 5.41469E-05 3.51030E-03 2.81887E-03 4.58319E-05 7.82612E-06
 2.14777E-03 2.59457E-05 1.87730E-03 2.26849E-05 4.94987E-03 2.53671E-03 3.06561E-05 2.65808E-03 2.14801E-03 2.59486E-05 8.45028E-06
 1.99650E-03 2.21764E-05 1.74508E-03 1.93895E-05 4.59787E-03 2.35805E-03 2.62027E-05 2.46906E-03 1.99676E-03 2.21792E-05 8.74343E-06
 1.44898E-03 1.09818E-05 1.26651E-03 9.60190E-06 3.34459E-03 1.71138E-03 1.29760E-05 1.79604E-03 1.44930E-03 1.09842E-05 1.09248E-05
 1.10199E-03 5.90133E-06 9.63212E-04 5.15988E-06 2.56577E-03 1.30155E-03 6.97308E-06 1.37782E-03 1.10245E-03 5.90381E-06 1.50839E-05
 8.70025E-04 3.45562E-06 7.60462E-04 3.02139E-06 2.04984E-03 1.02758E-03 4.08308E-06 1.10076E-03 8.70777E-04 3.45861E-06 2.27806E-05
 7.05444E-04 2.20661E-06 6.16607E-04 1.92921E-06 1.68413E-03 8.33195E-04 2.60707E-06 9.04376E-04 7.06856E-04 2.21103E-06 3.71737E-05
 5.82103E-04 1.52329E-06 5.08798E-04 1.33170E-06 1.40882E-03 6.87518E-04 1.79958E-06 7.56535E-04 5.85262E-04 1.53156E-06 6.45500E-05
 4.85378E-04 1.11634E-06 4.24255E-04 9.75933E-07 1.19126E-03 5.73279E-04 1.31881E-06 6.39709E-04 4.93809E-04 1.13573E-06 1.16123E-04
 4.07029E-04 8.50568E-07 3.55774E-04 7.43639E-07 1.01341E-03 4.80743E-04 1.00493E-06 5.44199E-04 4.31403E-04 9.01518E-07 2.04825E-04
 3.42345E-04 6.62428E-07 2.99236E-04 5.79197E-07 8.65077E-04 4.04347E-04 7.82727E-07 4.64546E-04 4.03478E-04 7.80766E-07 3.21703E-04
 2.88377E-04 5.21450E-07 2.52065E-04 4.55956E-07 7.39991E-04 3.40607E-04 6.16190E-07 3.97375E-04 3.95002E-04 7.14342E-07 4.09846E-04
 2.43109E-04 4.12288E-07 2.12498E-04 3.60513E-07 6.33886E-04 2.87142E-04 4.87209E-07 3.40397E-04 3.70956E-04 6.29212E-07 4.25463E-04
 2.05041E-04 3.26405E-07 1.79224E-04 2.85417E-07 5.43599E-04 2.42180E-04 3.85723E-07 2.91913E-04 3.27871E-04 5.22037E-07 3.91744E-04
 1.72988E-04 2.58400E-07 1.51208E-04 2.25952E-07 4.66632E-04 2.04323E-04 3.05359E-07 2.50581E-04 2.80815E-04 4.19546E-07 3.43647E-04
 1.45983E-04 2.04446E-07 1.27604E-04 1.78773E-07 4.00933E-04 1.72427E-04 2.41600E-07 2.15301E-04 2.37932E-04 3.33281E-07 2.96950E-04
 1.23221E-04 1.61637E-07 1.07708E-04 1.41338E-07 3.44794E-04 1.45543E-04 1.91009E-07 1.85154E-04 2.01020E-04 2.63738E-07 2.55704E-04
 1.04031E-04 1.27690E-07 9.09339E-05 1.11654E-07 2.96774E-04 1.22877E-04 1.50893E-07 1.59368E-04 1.69744E-04 2.08386E-07 2.20149E-04
 8.78837E-05 1.00836E-07 7.68202E-05 8.81725E-08 2.55750E-04 1.03805E-04 1.19159E-07 1.37338E-04 1.43403E-04 1.64566E-07 1.89726E-04
 7.42701E-05 7.95818E-08 6.49207E-05 6.95875E-08 2.20611E-04 8.77260E-05 9.40426E-08 1.18468E-04 1.21190E-04 1.29879E-07 1.63659E-04
 2.25374E-02 5.91567E-03 1.96996E-02 5.17294E-03 6.68930E-02 2.66194E-02 6.99094E-03 3.59216E-02 2.25377E-02 5.91573E-03 9.55067E-06
 1.63324E-02 2.71089E-03 1.42761E-02 2.37038E-03 4.59281E-02 1.92909E-02 3.20338E-03 2.46634E-02 1.63326E-02 2.71092E-03 8.74822E-06
 1.12567E-02 1.15592E-03 9.83941E-03 1.01068E-03 2.99504E-02 1.32957E-02 1.36584E-03 1.60834E-02 1.12569E-02 1.15594E-03 7.79352E-06
 7.42265E-03 4.68796E-04 6.48798E-03 4.09880E-04 1.87417E-02 8.76697E-03 5.53905E-04 1.00643E-02 7.42282E-03 4.68807E-04 6.83562E-06
 4.75745E-03 1.87085E-04 4.15836E-03 1.63570E-04 1.14950E-02 5.61902E-03 2.21044E-04 6.17284E-03 4.75762E-03 1.87091E-04 6.04194E-06
 3.03845E-03 7.68480E-05 2.65581E-03 6.71887E-05 7.11962E-03 3.58869E-03 9.07973E-05 3.82324E-03 3.03861E-03 7.68519E-05 5.55704E-06
 1.98486E-03 3.25556E-05 1.73490E-03 2.84633E-05 4.57851E-03 2.34429E-03 3.84646E-05 2.45866E-03 1.98502E-03 3.25582E-05 5.48151E-06
 1.46857E-03 1.81406E-05 1.28363E-03 1.58606E-05 3.38672E-03 1.73451E-03 2.14338E-05 1.81867E-03 1.46874E-03 1.81427E-05 5.78171E-06
 1.35480E-03 1.54397E-05 1.18419E-03 1.34993E-05 3.12825E-03 1.60014E-03 1.82427E-05 1.67987E-03 1.35498E-03 1.54417E-05 5.94876E-06
 9.53851E-04 7.49899E-06 8.33731E-04 6.55668E-06 2.23026E-03 1.12658E-03 8.86066E-06 1.19765E-03 9.54065E-04 7.50067E-06 7.28498E-06
 7.10406E-04 3.94989E-06 6.20944E-04 3.45359E-06 1.69271E-03 8.39055E-04 4.66718E-06 9.08985E-04 7.10706E-04 3.95155E-06 9.95123E-06
 5.53324E-04 2.26535E-06 4.83643E-04 1.98068E-06 1.34630E-03 6.53527E-04 2.67667E-06 7.22966E-04 5.53802E-04 2.26731E-06 1.49620E-05
 4.44895E-04 1.41906E-06 3.88869E-04 1.24067E-06 1.10529E-03 5.25463E-04 1.67659E-06 5.93540E-04 4.45786E-04 1.42191E-06 2.43970E-05
 3.65201E-04 9.65180E-07 3.19211E-04 8.43789E-07 9.25796E-04 4.31337E-04 1.14024E-06 4.97152E-04 3.67183E-04 9.70420E-07 4.24187E-05
 3.03498E-04 7.00640E-07 2.65279E-04 6.12517E-07 7.84694E-04 3.58461E-04 8.27716E-07 4.21381E-04 3.08770E-04 7.12812E-07 7.64907E-05
 2.53928E-04 5.31154E-07 2.21952E-04 4.64379E-07 6.69554E-04 2.99915E-04 6.27545E-07 3.59551E-04 2.69134E-04 5.62971E-07 1.35327E-04
 2.13217E-04 4.12777E-07 1.86369E-04 3.60913E-07 5.73511E-04 2.51833E-04 4.87737E-07 3.07975E-04 2.51291E-04 4.86517E-07 2.13276E-04
 1.79370E-04 3.24738E-07 1.56784E-04 2.83951E-07 4.92406E-04 2.11857E-04 3.83737E-07 2.64422E-04 2.45690E-04 4.44863E-07 2.72720E-04
 1.51052E-04 2.56794E-07 1.32033E-04 2.24545E-07 4.23465E-04 1.78412E-04 3.03458E-07 2.27401E-04 2.30489E-04 3.91905E-07 2.84229E-04
 1.27288E-04 2.03396E-07 1.11261E-04 1.77854E-07 3.64652E-04 1.50344E-04 2.40358E-07 1.95818E-04 2.03540E-04 3.25301E-07 2.62786E-04
 1.07314E-04 1.61113E-07 9.38025E-05 1.40881E-07 3.14368E-04 1.26753E-04 1.90392E-07 1.68815E-04 1.74205E-04 2.61588E-07 2.31513E-04
 9.05103E-05 1.27553E-07 7.91151E-05 1.11535E-07 2.71307E-04 1.06906E-04 1.50732E-07 1.45692E-04 1.47519E-04 2.07932E-07 2.00943E-04
 7.63659E-05 1.00910E-07 6.67518E-05 8.82370E-08 2.34381E-04 9.02000E-05 1.19246E-07 1.25863E-04 1.24581E-04 1.64651E-07 1.73820E-04
 6.44538E-05 7.97683E-08 5.63396E-05 6.97505E-08 2.02676E-04 7.61304E-05 9.42628E-08 1.08837E-04 1.05168E-04 1.30179E-07 1.50347E-04
 5.44409E-05 6.30330E-08 4.75874E-05 5.51167E-08 1.75480E-04 6.43039E-05 7.44863E-08 9.42327E-05 8.88329E-05 1.02871E-07 1.30178E-04
 4.60054E-05 4.97785E-08 4.02141E-05 4.35267E-08 1.52085E-04 5.43405E-05 5.88232E-08 8.16698E-05 7.50690E-05 8.12394E-08 1.12824E-04
 1.92728E-02 5.16766E-03 1.68459E-02 4.51870E-03 5.68755E-02 2.27632E-02 6.10672E-03 3.05422E-02 1.92730E-02 5.16771E-03 8.12041E-06
 1.37099E-02 2.30903E-03 1.19837E-02 2.01896E-03 3.82750E-02 1.61931E-02 2.72844E-03 2.05537E-02 1.37101E-02 2.30906E-03 7.29048E-06
 9.20740E-03 9.53588E-04 8.04803E-03 8.33762E-04 2.42817E-02 1.08750E-02 1.12674E-03 1.30393E-02 9.20756E-03 9.53605E-04 6.31843E-06
 5.86419E-03 3.72686E-04 5.12573E-03 3.25847E-04 1.46551E-02 6.92620E-03 4.40343E-04 7.86979E-03 5.86432E-03 3.72695E-04 5.34513E-06
 3.60047E-03 1.43601E-04 3.14706E-03 1.25551E-04 8.61338E-03 4.25249E-03 1.69667E-04 4.62538E-03 3.60060E-03 1.43606E-04 4.52730E-06
 2.19324E-03 5.69768E-05 1.91704E-03 4.98151E-05 5.10555E-03 2.59042E-03 6.73189E-05 2.74168E-03 2.19336E-03 5.69797E-05 3.98500E-06
 1.36905E-03 2.33721E-05 1.19664E-03 2.04341E-05 3.16170E-03 1.61697E-03 2.76140E-05 1.69783E-03 1.36916E-03 2.33739E-05 3.78527E-06
 9.83129E-04 1.28185E-05 8.59323E-04 1.12073E-05 2.29123E-03 1.16117E-03 1.51453E-05 1.23039E-03 9.83241E-04 1.28200E-05 3.91151E-06
 9.00108E-04 1.08768E-05 7.86757E-04 9.50975E-06 2.10686E-03 1.06311E-03 1.28513E-05 1.13138E-03 9.00223E-04 1.08782E-05 4.00646E-06
 6.15513E-04 5.20472E-06 5.38001E-04 4.55065E-06 1.48190E-03 7.26979E-04 6.14969E-06 7.95778E-04 6.15651E-04 5.20588E-06 4.84050E-06
 4.49925E-04 2.69375E-06 3.93266E-04 2.35526E-06 1.12042E-03 5.31404E-04 3.18288E-06 6.01666E-04 4.50114E-04 2.69489E-06 6.58682E-06
 3.46627E-04 1.51416E-06 3.02977E-04 1.32387E-06 8.92543E-04 4.09401E-04 1.78906E-06 4.79295E-04 3.46927E-04 1.51547E-06 9.91918E-06
 2.77022E-04 9.29912E-07 2.42137E-04 8.13003E-07 7.35677E-04 3.27189E-04 1.09866E-06 3.95058E-04 2.77576E-04 9.31774E-07 1.62386E-05
 2.26711E-04 6.22486E-07 1.98162E-04 5.44193E-07 6.19298E-04 2.67768E-04 7.35387E-07 3.32563E-04 2.27942E-04 6.25866E-07 2.83754E-05
 1.88166E-04 4.47215E-07 1.64471E-04 3.90964E-07 5.27765E-04 2.22243E-04 5.28322E-07 2.83410E-04 1.91434E-04 4.54984E-07 5.14457E-05
 1.57380E-04 3.37200E-07 1.37563E-04 2.94806E-07 4.52848E-04 1.85883E-04 3.98389E-07 2.43179E-04 1.66805E-04 3.57399E-07 9.15275E-05
 1.32171E-04 2.61485E-07 1.15528E-04 2.28628E-07 3.90091E-04 1.56109E-04 3.08967E-07 2.09479E-04 1.55773E-04 3.08197E-07 1.45067E-04
 1.11241E-04 2.05632E-07 9.72344E-05 1.79803E-07 3.36840E-04 1.31390E-04 2.42989E-07 1.80883E-04 1.52372E-04 2.81698E-07 1.86559E-04
 9.37396E-05 1.62675E-07 8.19368E-05 1.42245E-07 2.91340E-04 1.10718E-04 1.92234E-07 1.56450E-04 1.43036E-04 2.48265E-07 1.95547E-04
 7.90528E-05 1.28941E-07 6.90995E-05 1.12748E-07 2.52316E-04 9.33720E-05 1.52371E-07 1.35493E-04 1.26410E-04 2.06221E-07 1.81831E-04
 6.67056E-05 1.02220E-07 5.83072E-05 8.93825E-08 2.18764E-04 7.87889E-05 1.20794E-07 1.17476E-04 1.08285E-04 1.65966E-07 1.61107E-04
 5.63145E-05 8.09935E-08 4.92245E-05 7.08215E-08 1.89868E-04 6.65158E-05 9.57102E-08 1.01959E-04 9.17848E-05 1.32032E-07 1.40625E-04
 4.75627E-05 6.41257E-08 4.15748E-05 5.60719E-08 1.64943E-04 5.61790E-05 7.57770E-08 8.85745E-05 7.75925E-05 1.04631E-07 1.22324E-04
 4.01871E-05 5.07286E-08 3.51279E-05 4.43572E-08 1.43416E-04 4.74675E-05 5.99453E-08 7.70144E-05 6.55724E-05 8.27867E-08 1.06387E-04
 3.39824E-05 4.01135E-08 2.97044E-05 3.50752E-08 1.24838E-04 4.01390E-05 4.74014E-08 6.70380E-05 5.54502E-05 6.54653E-08 9.26098E-05
 2.87505E-05 3.16987E-08 2.51313E-05 2.77172E-08 1.08761E-04 3.39594E-05 3.74576E-08 5.84045E-05 4.69134E-05 5.17325E-08 8.06837E-05
 1.60554E-02 4.43025E-03 1.40335E-02 3.87382E-03 4.71257E-02 1.89628E-02 5.23518E-03 2.53065E-02 1.60555E-02 4.43029E-03 6.72838E-06
 1.12147E-02 1.93601E-03 9.80258E-03 1.69278E-03 3.10999E-02 1.32459E-02 2.28763E-03 1.67007E-02 1.12149E-02 1.93603E-03 5.92380E-06
 7.34697E-03 7.78558E-04 6.42182E-03 6.80724E-04 1.92204E-02 8.67756E-03 9.19925E-04 1.03213E-02 7.34709E-03 7.78572E-04 5.00142E-06
 4.52662E-03 2.95379E-04 3.95659E-03 2.58256E-04 1.12121E-02 5.34638E-03 3.49003E-04 6.02087E-03 4.52673E-03 2.95386E-04 4.08935E-06
 2.66634E-03 1.10449E-04 2.33056E-03 9.65669E-05 6.32998E-03 3.14919E-03 1.30498E-04 3.39920E-03 2.66643E-03 1.10453E-04 3.32712E-06
 1.55137E-03 4.25978E-05 1.35601E-03 3.72433E-05 3.60427E-03 1.83231E-03 5.03297E-05 1.93549E-03 1.55145E-03 4.26000E-05 2.81322E-06
 9.27498E-04 1.71404E-05 8.10697E-04 1.49857E-05 2.16391E-03 1.09546E-03 2.02512E-05 1.16202E-03 9.27571E-04 1.71417E-05 2.59069E-06
 6.48211E-04 9.21003E-06 5.66583E-04 8.05230E-06 1.54667E-03 7.65600E-04 1.08816E-05 8.30560E-04 6.48285E-04 9.21108E-06 2.64042E-06
 5.89584E-04 7.80010E-06 5.15339E-04 6.81963E-06 1.41915E-03 6.96356E-04 9.21586E-06 7.62086E-04 5.89659E-04 7.80109E-06 2.69870E-06
 3.93666E-04 3.69223E-06 3.44093E-04 3.22817E-06 9.95875E-04 4.64959E-04 4.36249E-06 5.34785E-04 3.93754E-04 3.69306E-06 3.25295E-06
 2.83894E-04 1.88188E-06 2.48145E-04 1.64537E-06 7.57246E-04 3.35308E-04 2.22353E-06 4.06641E-04 2.84014E-04 1.88268E-06 4.45176E-06
 2.17230E-04 1.03760E-06 1.89875E-04 9.07183E-07 6.08285E-04 2.56570E-04 1.22595E-06 3.26649E-04 2.17418E-04 1.03850E-06 6.76011E-06
 1.73141E-04 6.24549E-07 1.51338E-04 5.46023E-07 5.05720E-04 2.04497E-04 7.37872E-07 2.71571E-04 1.73488E-04 6.25800E-07 1.11628E-05
 1.41649E-04 4.11056E-07 1.23812E-04 3.59352E-07 4.29188E-04 1.67302E-04 4.85603E-07 2.30474E-04 1.42418E-04 4.13288E-07 1.96648E-05
 1.17661E-04 2.91961E-07 1.02845E-04 2.55235E-07 3.68491E-04 1.38970E-04 3.44906E-07 1.97880E-04 1.19705E-04 2.97034E-07 3.59199E-05
 9.85518E-05 2.18776E-07 8.61419E-05 1.91268E-07 3.18402E-04 1.16400E-04 2.58470E-07 1.70982E-04 1.04454E-04 2.31880E-07 6.43540E-05
 8.29097E-05 1.69199E-07 7.24697E-05 1.47936E-07 2.76110E-04 9.79257E-05 1.99919E-07 1.48271E-04 9.77150E-05 1.99424E-07 1.02679E-04
 6.99112E-05 1.32958E-07 6.11084E-05 1.16256E-07 2.39950E-04 8.25736E-05 1.57109E-07 1.28853E-04 9.57603E-05 1.82140E-07 1.32897E-04
 5.90255E-05 1.05194E-07 5.15935E-05 9.19813E-08 2.08825E-04 6.97166E-05 1.24305E-07 1.12139E-04 9.00662E-05 1.60540E-07 1.40163E-04
 4.98739E-05 8.34156E-08 4.35944E-05 7.29385E-08 1.81937E-04 5.89078E-05 9.85706E-08 9.76999E-05 7.97512E-05 1.33409E-07 1.31112E-04
 4.21653E-05 6.61615E-08 3.68565E-05 5.78513E-08 1.58654E-04 4.98031E-05 7.81815E-08 8.51973E-05 6.84479E-05 1.07420E-07 1.16840E-04
 3.56646E-05 5.24473E-08 3.11744E-05 4.58595E-08 1.38462E-04 4.21251E-05 6.19753E-08 7.43540E-05 5.81283E-05 8.54962E-08 1.02551E-04
 3.01782E-05 4.15414E-08 2.63788E-05 3.63233E-08 1.20925E-04 3.56451E-05 4.90879E-08 6.49369E-05 4.92318E-05 6.77806E-08 8.96800E-05
 2.55449E-05 3.28737E-08 2.23290E-05 2.87441E-08 1.05677E-04 3.01726E-05 3.88452E-08 5.67487E-05 4.16810E-05 5.36476E-08 7.83921E-05
 2.16390E-05 2.60015E-08 1.89149E-05 2.27351E-08 9.24308E-05 2.55592E-05 3.07245E-08 4.96354E-05 3.53090E-05 4.24340E-08 6.85689E-05
 1.83386E-05 2.05508E-08 1.60300E-05 1.79691E-08 8.08949E-05 2.16610E-05 2.42836E-08 4.34405E-05 2.99239E-05 3.35386E-08 6.00115E-05
 1.29029E-02 3.70649E-03 1.12780E-02 3.24094E-03 3.76792E-02 1.52394E-02 4.37987E-03 2.02337E-02 1.29030E-02 3.70652E-03 5.37966E-06
 8.83460E-03 1.58856E-03 7.72214E-03 1.38898E-03 2.43484E-02 1.04346E-02 1.87708E-03 1.30751E-02 8.83471E-03 1.58858E-03 4.63779E-06
 5.64660E-03 6.26061E-04 4.93557E-03 5.47394E-04 1.46665E-02 6.66925E-03 7.39745E-04 7.87593E-03 5.64670E-03 6.26072E-04 3.81644E-06
 3.37412E-03 2.32717E-04 2.94923E-03 2.03471E-04 8.29680E-03 3.98517E-03 2.74968E-04 4.45538E-03 3.37420E-03 2.32722E-04 3.02608E-06
 1.91678E-03 8.53214E-05 1.67541E-03 7.45978E-05 4.52983E-03 2.26391E-03 1.00810E-04 2.43252E-03 1.91685E-03 8.53244E-05 2.38094E-06
 1.07335E-03 3.22435E-05 9.38183E-04 2.81904E-05 2.50440E-03 1.26773E-03 3.80958E-05 1.34486E-03 1.07340E-03 3.22451E-05 1.95474E-06
 6.20433E-04 1.28320E-05 5.42304E-04 1.12189E-05 1.47906E-03 7.32794E-04 1.51608E-05 7.94253E-04 6.20482E-04 1.28331E-05 1.77076E-06
 4.25316E-04 6.74776E-06 3.71758E-04 5.89944E-06 1.05519E-03 5.02342E-04 7.97228E-06 5.66638E-04 4.25364E-04 6.74853E-06 1.80139E-06
 3.85197E-04 5.70827E-06 3.36691E-04 4.99064E-06 9.69484E-04 4.54958E-04 6.74417E-06 5.20613E-04 3.85246E-04 5.70899E-06 1.84360E-06
 2.53552E-04 2.67909E-06 2.21624E-04 2.34231E-06 6.88349E-04 2.99472E-04 3.16532E-06 3.69643E-04 2.53609E-04 2.67969E-06 2.24844E-06
 1.81639E-04 1.34630E-06 1.58766E-04 1.17707E-06 5.31206E-04 2.14534E-04 1.59066E-06 2.85258E-04 1.81715E-04 1.34687E-06 3.12290E-06
 1.38695E-04 7.28495E-07 1.21229E-04 6.36914E-07 4.32529E-04 1.63813E-04 8.60704E-07 2.32268E-04 1.38815E-04 7.29125E-07 4.80687E-06
 1.10560E-04 4.29641E-07 9.66374E-05 3.75613E-07 3.63601E-04 1.30582E-04 5.07584E-07 1.95254E-04 1.10781E-04 4.30501E-07 8.02577E-06
 9.05682E-05 2.77761E-07 7.91632E-05 2.42819E-07 3.11358E-04 1.06970E-04 3.28127E-07 1.67199E-04 9.10598E-05 2.79269E-07 1.42660E-05
 7.53766E-05 1.94812E-07 6.58846E-05 1.70303E-07 2.69353E-04 8.90273E-05 2.30134E-07 1.44643E-04 7.66859E-05 1.98196E-07 2.62561E-05
 6.32720E-05 1.44918E-07 5.53045E-05 1.26694E-07 2.34287E-04 7.47308E-05 1.71207E-07 1.25812E-04 6.70610E-05 1.53598E-07 4.73530E-05
 5.33499E-05 1.11680E-07 4.66320E-05 9.76429E-08 2.04393E-04 6.30121E-05 1.31952E-07 1.09759E-04 6.28767E-05 1.31630E-07 7.60095E-05
 4.50867E-05 8.76269E-08 3.94095E-05 7.66167E-08 1.78618E-04 5.32526E-05 1.03540E-07 9.59180E-05 6.17570E-05 1.20039E-07 9.89280E-05
 3.81488E-05 6.92882E-08 3.33453E-05 6.05835E-08 1.56262E-04 4.50584E-05 8.18730E-08 8.39127E-05 5.82107E-05 1.05741E-07 1.04883E-04
 3.23008E-05 5.49296E-08 2.82337E-05 4.80290E-08 1.36809E-04 3.81513E-05 6.49068E-08 7.34667E-05 5.16506E-05 8.78492E-08 9.85915E-05
 2.73617E-05 4.35600E-08 2.39166E-05 3.80876E-08 1.19851E-04 3.23178E-05 5.14719E-08 6.43601E-05 4.44167E-05 7.07231E-08 8.82635E-05
 2.31858E-05 3.45237E-08 2.02666E-05 3.01863E-08 1.05048E-04 2.73857E-05 4.07940E-08 5.64109E-05 3.77896E-05 5.62775E-08 7.78037E-05
 1.96528E-05 2.73375E-08 1.71784E-05 2.39029E-08 9.21128E-05 2.32127E-05 3.23024E-08 4.94646E-05 3.20609E-05 4.46043E-08 6.83122E-05
 1.66620E-05 2.16261E-08 1.45643E-05 1.89089E-08 8.07994E-05 1.96803E-05 2.55535E-08 4.33893E-05 2.71869E-05 3.52918E-08 5.99376E-05
 1.41349E-05 1.70981E-08 1.23554E-05 1.49497E-08 7.09159E-05 1.66955E-05 2.02030E-08 3.80818E-05 2.30643E-05 2.79033E-08 5.26083E-05
 1.19951E-05 1.35072E-08 1.04850E-05 1.18100E-08 6.22634E-05 1.41681E-05 1.59600E-08 3.34355E-05 1.95728E-05 2.20432E-08 4.61898E-05
 9.97824E-03 3.02637E-03 8.72163E-03 2.64626E-03 2.90066E-02 1.17852E-02 3.57622E-03 1.55765E-02 9.97833E-03 3.02640E-03 4.14142E-06
 6.67439E-03 1.27646E-03 5.83397E-03 1.11611E-03 1.82982E-02 7.88324E-03 1.50832E-03 9.82614E-03 6.67448E-03 1.27648E-03 3.48538E-06
 4.15618E-03 4.96604E-04 3.63285E-03 4.34210E-04 1.07346E-02 4.90894E-03 5.86792E-04 5.76450E-03 4.15625E-03 4.96612E-04 2.79330E-06
 2.41561E-03 1.82859E-04 2.11143E-03 1.59881E-04 5.91224E-03 2.85310E-03 2.16063E-04 3.17487E-03 2.41567E-03 1.82864E-04 2.15636E-06
 1.33473E-03 6.64825E-05 1.16666E-03 5.81269E-05 3.15478E-03 1.57646E-03 7.85517E-05 1.69412E-03 1.33478E-03 6.64848E-05 1.65820E-06
 7.29443E-04 2.47967E-05 6.37590E-04 2.16796E-05 1.72352E-03 8.61552E-04 2.92971E-05 9.25531E-04 7.29480E-04 2.47980E-05 1.34525E-06
 4.14518E-04 9.82270E-06 3.62322E-04 8.58771E-06 1.02274E-03 4.89592E-04 1.16051E-05 5.49209E-04 4.14551E-04 9.82347E-06 1.22445E-06
 2.81947E-04 5.03884E-06 2.46444E-04 4.40526E-06 7.38548E-04 3.33010E-04 5.95305E-06 3.96600E-04 2.81979E-04 5.03942E-06 1.26083E-06
 2.55007E-04 4.25839E-06 2.22897E-04 3.72294E-06 6.81850E-04 3.01192E-04 5.03101E-06 3.66153E-04 2.55040E-04 4.25893E-06 1.29662E-06
 1.67262E-04 1.98176E-06 1.46200E-04 1.73259E-06 4.95659E-04 1.97554E-04 2.34134E-06 2.66169E-04 1.67299E-04 1.98220E-06 1.61903E-06
 1.19697E-04 9.81787E-07 1.04624E-04 8.58347E-07 3.90147E-04 1.41375E-04 1.15993E-06 2.09509E-04 1.19748E-04 9.82201E-07 2.29363E-06
 9.13978E-05 5.21329E-07 7.98883E-05 4.55778E-07 3.22333E-04 1.07950E-04 6.15916E-07 1.73093E-04 9.14768E-05 5.21780E-07 3.58222E-06
 7.29164E-05 3.01119E-07 6.37340E-05 2.63247E-07 2.73828E-04 8.61211E-05 3.55735E-07 1.47046E-04 7.30623E-05 3.01722E-07 6.04421E-06
 5.97988E-05 1.91023E-07 5.22682E-05 1.66989E-07 2.36290E-04 7.06278E-05 2.25655E-07 1.26887E-04 6.01234E-05 1.92060E-07 1.08265E-05
 4.98399E-05 1.32123E-07 4.35635E-05 1.15498E-07 2.05642E-04 5.88655E-05 1.56074E-07 1.10430E-04 5.07056E-05 1.34418E-07 2.00456E-05
 4.19029E-05 9.74501E-08 3.66261E-05 8.51929E-08 1.79765E-04 4.94913E-05 1.15124E-07 9.65340E-05 4.44122E-05 1.03287E-07 3.63333E-05
 3.53879E-05 7.47550E-08 3.09316E-05 6.53569E-08 1.57511E-04 4.17966E-05 8.83210E-08 8.45836E-05 4.17071E-05 8.81081E-08 5.85751E-05
 2.99517E-05 5.85143E-08 2.61800E-05 5.11603E-08 1.38186E-04 3.53761E-05 6.91372E-08 7.42057E-05 4.10259E-05 8.01571E-08 7.65344E-05
 2.53778E-05 4.62044E-08 2.21822E-05 4.03983E-08 1.21319E-04 2.99740E-05 5.45940E-08 6.51485E-05 3.87234E-05 7.05118E-08 8.14293E-05
 2.15142E-05 3.65927E-08 1.88052E-05 3.19946E-08 1.06562E-04 2.54107E-05 4.32373E-08 5.72236E-05 3.44022E-05 5.85219E-08 7.67935E-05
 1.82445E-05 2.89923E-08 1.59472E-05 2.53491E-08 9.36300E-05 2.15489E-05 3.42566E-08 5.02793E-05 2.96165E-05 4.70704E-08 6.89530E-05
 1.54748E-05 2.29568E-08 1.35263E-05 2.00720E-08 8.22878E-05 1.82777E-05 2.71251E-08 4.41886E-05 2.52216E-05 3.74216E-08 6.09463E-05
 1.31274E-05 1.81607E-08 1.14745E-05 1.58785E-08 7.23326E-05 1.55051E-05 2.14580E-08 3.88426E-05 2.14154E-05 2.96308E-08 5.36429E-05
 1.11371E-05 1.43517E-08 9.73486E-06 1.25481E-08 6.35899E-05 1.31544E-05 1.69573E-08 3.41478E-05 1.81720E-05 2.34203E-08 4.71714E-05
 9.45302E-06 1.13344E-08 8.26284E-06 9.90994E-09 5.59227E-05 1.11653E-05 1.33921E-08 3.00305E-05 1.54246E-05 1.84970E-08 4.14857E-05
 8.02518E-06 8.94375E-09 7.01479E-06 7.81968E-09 4.91869E-05 9.47889E-06 1.05674E-08 2.64133E-05 1.30949E-05 1.45956E-08 3.64890E-05
---
