PdfType: error
Format: lhagrid1
---
1.00000E-06 1.28121E-06 1.64152E-06 2.10317E-06 2.69463E-06 3.45242E-06 4.42329E-06 5.66715E-06 7.26076E-06 9.30241E-06 1.19180E-05 1.52689E-05 1.95617E-05 2.50609E-05 3.21053E-05 4.11287E-05 5.26863E-05 6.74889E-05 8.64459E-05 1.10720E-04 1.41800E-04 1.81585E-04 2.32503E-04 2.97652E-04 3.80981E-04 4.87518E-04 6.26039E-04 8.00452E-04 1.02297E-03 1.30657E-03 1.66759E-03 2.12729E-03 2.71054E-03 3.44865E-03 4.37927E-03 5.54908E-03 7.01192E-03 8.83064E-03 1.10763E-02 1.38266E-02 1.71641E-02 2.11717E-02 2.59364E-02 3.15062E-02 3.79623E-02 4.53425E-02 5.36750E-02 6.29705E-02 7.32221E-02 8.44039E-02 9.64793E-02 1.09332E-01 1.23067E-01 1.37507E-01 1.52639E-01 1.68416E-01 1.84794E-01 2.01731E-01 2.19016E-01 2.36948E-01 2.55242E-01 2.73927E-01 2.92954E-01 3.12340E-01 3.32036E-01 3.52019E-01 3.72282E-01 3.92772E-01 4.13533E-01 4.34326E-01 4.55495E-01 4.76836E-01 4.98342E-01 5.20006E-01 5.41818E-01 5.63773E-01 5.85861E-01 6.08077E-01 6.30459E-01 6.52800E-01 6.75387E-01 6.98063E-01 7.20830E-01 7.43683E-01 7.66623E-01 7.89636E-01 8.12791E-01 8.35940E-01 8.59175E-01 8.82485E-01 9.05866E-01 9.29311E-01 9.52817E-01 9.76387E-01 1.00000E+00
1.30000E+00 1.50159E+00 1.75516E+00 2.07810E+00 2.49495E+00 3.04086E+00 3.76715E+00 4.50000E+00 4.75000E+00 6.23113E+00 8.37423E+00 1.15549E+01 1.64076E+01 2.40380E+01 3.64361E+01 5.73145E+01 9.38707E+01 1.60654E+02 2.88438E+02 5.45587E+02 1.09231E+03 2.32646E+03 5.30043E+03 1.29956E+04 3.45140E+04 1.00000E+05
940 941 942 930 931 932 0 0 0 0 0 0
 4.61961E+00 3.77773E-01 6.80506E+05 4.61961E+00 3.77773E-01 0.00000E+00 0.00000E+00 0.00000E+00 0.00000E+00 0.00000E+00 0.00000E+00 0.00000E+00
 5.01107E+00 5.77770E-01 6.82978E+05 5.01107E+00 5.77770E-01 0.00000E+00 0.00000E+00 0.00000E+00 0.00000E+00 0.00000E+00 0.00000E+00 0.00000E+00
 5.70355E+00 8.88720E-01 6.84790E+05 5.70355E+00 8.88720E-01 0.00000E+00 0.00000E+00 0.00000E+00 0.00000E+00 0.00000E+00 0.00000E+00 0.00000E+00
 6.72668E+00 1.31309E+00 6.86086E+05 6.72668E+00 1.31309E+00 0.00000E+00 0.00000E+00 0.00000E+00 0.00000E+00 0.00000E+00 0.00000E+00 0.00000E+00
 8.12806E+00 1.85019E+00 6.87035E+05 8.12806E+00 1.85019E+00 0.00000E+00 0.00000E+00 0.00000E+00 0.00000E+00 0.00000E+00 0.00000E+00 0.00000E+00
 9.98327E+00 2.50768E+00 6.87814E+05 9.98327E+00 2.50768E+00 0.00000E+00 0.00000E+00 0.00000E+00 0.00000E+00 0.00000E+00 0.00000E+00 0.00000E+00
 1.23484E+01 3.27864E+00 6.88560E+05 1.23484E+01 3.27864E+00 0.00000E+00 0.00000E+00 0.00000E+00 0.00000E+00 0.00000E+00 0.00000E+00 0.00000E+00
 1.45328E+01 3.93417E+00 6.89161E+05 1.45328E+01 3.93417E+00 0.00000E+00 0.00000E+00 0.00000E+00 0.00000E+00 0.00000E+00 0.00000E+00 0.00000E+00
 1.52064E+01 4.14525E+00 6.89246E+05 1.52064E+01 4.14525E+00 0.00000E+00 0.00000E+00 0.00000E+00 0.00000E+00 0.00000E+00 0.00000E+00 0.00000E+00
 1.90032E+01 5.16144E+00 6.90011E+05 1.90032E+01 5.16144E+00 0.00000E+00 0.00000E+00 0.00000E+00 0.00000E+00 0.00000E+00 0.00000E+00 0.00000E+00
 2.37077E+01 6.28657E+00 6.91308E+05 2.37077E+01 6.28657E+00 0.00000E+00 0.00000E+00 0.00000E+00 0.00000E+00 0.00000E+00 0.00000E+00 0.00000E+00
 2.93730E+01 7.51486E+00 6.93231E+05 2.93730E+01 7.51486E+00 0.00000E+00 0.00000E+00 0.00000E+00 0.00000E+00 0.00000E+00 0.00000E+00 0.00000E+00
 3.61221E+01 8.83440E+00 6.95948E+05 3.61221E+01 8.83440E+00 0.00000E+00 0.00000E+00 0.00000E+00 0.00000E+00 0.00000E+00 0.00000E+00 0.00000E+00
 4.41114E+01 1.02366E+01 6.99650E+05 4.41114E+01 1.02366E+01 0.00000E+00 0.00000E+00 0.00000E+00 0.00000E+00 0.00000E+00 0.00000E+00 0.00000E+00
 5.34849E+01 1.17044E+01 7.04518E+05 5.34849E+01 1.17044E+01 0.00000E+00 0.00000E+00 0.00000E+00 0.00000E+00 0.00000E+00 0.00000E+00 0.00000E+00
 6.43837E+01 1.32178E+01 7.10721E+05 6.43837E+01 1.32178E+01 0.00000E+00 0.00000E+00 0.00000E+00 0.00000E+00 0.00000E+00 0.00000E+00 0.00000E+00
 7.69692E+01 1.47591E+01 7.18450E+05 7.69692E+01 1.47591E+01 0.00000E+00 0.00000E+00 0.00000E+00 0.00000E+00 0.00000E+00 0.00000E+00 0.00000E+00
 9.14101E+01 1.63105E+01 7.27895E+05 9.14101E+01 1.63105E+01 0.00000E+00 0.00000E+00 0.00000E+00 0.00000E+00 0.00000E+00 0.00000E+00 0.00000E+00
 1.07881E+02 1.78539E+01 7.39253E+05 1.07881E+02 1.78539E+01 0.00000E+00 0.00000E+00 0.00000E+00 0.00000E+00 0.00000E+00 0.00000E+00 0.00000E+00
 1.26560E+02 1.93718E+01 7.52719E+05 1.26560E+02 1.93718E+01 0.00000E+00 0.00000E+00 0.00000E+00 0.00000E+00 0.00000E+00 0.00000E+00 0.00000E+00
 1.47629E+02 2.08470E+01 7.68493E+05 1.47629E+02 2.08470E+01 0.00000E+00 0.00000E+00 0.00000E+00 0.00000E+00 0.00000E+00 0.00000E+00 0.00000E+00
 1.71270E+02 2.22636E+01 7.86770E+05 1.71270E+02 2.22636E+01 0.00000E+00 0.00000E+00 0.00000E+00 0.00000E+00 0.00000E+00 0.00000E+00 0.00000E+00
 1.97665E+02 2.36068E+01 8.07748E+05 1.97665E+02 2.36068E+01 0.00000E+00 0.00000E+00 0.00000E+00 0.00000E+00 0.00000E+00 0.00000E+00 0.00000E+00
 2.26993E+02 2.48633E+01 8.31616E+05 2.26993E+02 2.48633E+01 0.00000E+00 0.00000E+00 0.00000E+00 0.00000E+00 0.00000E+00 0.00000E+00 0.00000E+00
 2.59487E+02 2.60255E+01 8.58620E+05 2.59487E+02 2.60255E+01 0.00000E+00 0.00000E+00 0.00000E+00 0.00000E+00 0.00000E+00 0.00000E+00 0.00000E+00
 2.95288E+02 2.70804E+01 8.88909E+05 2.95288E+02 2.70804E+01 0.00000E+00 0.00000E+00 0.00000E+00 0.00000E+00 0.00000E+00 0.00000E+00 0.00000E+00
 4.57682E+00 3.73123E-01 5.26674E+05 4.57682E+00 3.73123E-01 0.00000E+00 0.00000E+00 0.00000E+00 0.00000E+00 0.00000E+00 0.00000E+00 0.00000E+00
 4.97140E+00 5.74530E-01 5.28629E+05 4.97140E+00 5.74530E-01 0.00000E+00 0.00000E+00 0.00000E+00 0.00000E+00 0.00000E+00 0.00000E+00 0.00000E+00
 5.66138E+00 8.84638E-01 5.30068E+05 5.66138E+00 8.84638E-01 0.00000E+00 0.00000E+00 0.00000E+00 0.00000E+00 0.00000E+00 0.00000E+00 0.00000E+00
 6.67501E+00 1.30533E+00 5.31104E+05 6.67501E+00 1.30533E+00 0.00000E+00 0.00000E+00 0.00000E+00 0.00000E+00 0.00000E+00 0.00000E+00 0.00000E+00
 8.05869E+00 1.83543E+00 5.31867E+05 8.05869E+00 1.83543E+00 0.00000E+00 0.00000E+00 0.00000E+00 0.00000E+00 0.00000E+00 0.00000E+00 0.00000E+00
 9.88624E+00 2.48196E+00 5.32495E+05 9.88624E+00 2.48196E+00 0.00000E+00 0.00000E+00 0.00000E+00 0.00000E+00 0.00000E+00 0.00000E+00 0.00000E+00
 1.22126E+01 3.23777E+00 5.33093E+05 1.22126E+01 3.23777E+00 0.00000E+00 0.00000E+00 0.00000E+00 0.00000E+00 0.00000E+00 0.00000E+00 0.00000E+00
 1.43597E+01 3.87903E+00 5.33571E+05 1.43597E+01 3.87903E+00 0.00000E+00 0.00000E+00 0.00000E+00 0.00000E+00 0.00000E+00 0.00000E+00 0.00000E+00
 1.50208E+01 4.08518E+00 5.33640E+05 1.50208E+01 4.08518E+00 0.00000E+00 0.00000E+00 0.00000E+00 0.00000E+00 0.00000E+00 0.00000E+00 0.00000E+00
 1.87500E+01 5.07650E+00 5.34244E+05 1.87500E+01 5.07650E+00 0.00000E+00 0.00000E+00 0.00000E+00 0.00000E+00 0.00000E+00 0.00000E+00 0.00000E+00
 2.33692E+01 6.17171E+00 5.35255E+05 2.33692E+01 6.17171E+00 0.00000E+00 0.00000E+00 0.00000E+00 0.00000E+00 0.00000E+00 0.00000E+00 0.00000E+00
 2.89302E+01 7.36493E+00 5.36745E+05 2.89302E+01 7.36493E+00 0.00000E+00 0.00000E+00 0.00000E+00 0.00000E+00 0.00000E+00 0.00000E+00 0.00000E+00
 3.55539E+01 8.64440E+00 5.38843E+05 3.55539E+01 8.64440E+00 0.00000E+00 0.00000E+00 0.00000E+00 0.00000E+00 0.00000E+00 0.00000E+00 0.00000E+00
 4.33941E+01 1.00015E+01 5.41696E+05 4.33941E+01 1.00015E+01 0.00000E+00 0.00000E+00 0.00000E+00 0.00000E+00 0.00000E+00 0.00000E+00 0.00000E+00
 5.25925E+01 1.14198E+01 5.45442E+05 5.25925E+01 1.14198E+01 0.00000E+00 0.00000E+00 0.00000E+00 0.00000E+00 0.00000E+00 0.00000E+00 0.00000E+00
 6.32881E+01 1.28797E+01 5.50213E+05 6.32881E+01 1.28797E+01 0.00000E+00 0.00000E+00 0.00000E+00 0.00000E+00 0.00000E+00 0.00000E+00 0.00000E+00
 7.56398E+01 1.43641E+01 5.56152E+05 7.56398E+01 1.43641E+01 0.00000E+00 0.00000E+00 0.00000E+00 0.00000E+00 0.00000E+00 0.00000E+00 0.00000E+00
 8.98136E+01 1.58558E+01 5.63407E+05 8.98136E+01 1.58558E+01 0.00000E+00 0.00000E+00 0.00000E+00 0.00000E+00 0.00000E+00 0.00000E+00 0.00000E+00
 1.05981E+02 1.73374E+01 5.72126E+05 1.05981E+02 1.73374E+01 0.00000E+00 0.00000E+00 0.00000E+00 0.00000E+00 0.00000E+00 0.00000E+00 0.00000E+00
 1.24317E+02 1.87921E+01 5.82461E+05 1.24317E+02 1.87921E+01 0.00000E+00 0.00000E+00 0.00000E+00 0.00000E+00 0.00000E+00 0.00000E+00 0.00000E+00
 1.45000E+02 2.02036E+01 5.94562E+05 1.45000E+02 2.02036E+01 0.00000E+00 0.00000E+00 0.00000E+00 0.00000E+00 0.00000E+00 0.00000E+00 0.00000E+00
 1.68209E+02 2.15566E+01 6.08580E+05 1.68209E+02 2.15566E+01 0.00000E+00 0.00000E+00 0.00000E+00 0.00000E+00 0.00000E+00 0.00000E+00 0.00000E+00
 1.94123E+02 2.28370E+01 6.24664E+05 1.94123E+02 2.28370E+01 0.00000E+00 0.00000E+00 0.00000E+00 0.00000E+00 0.00000E+00 0.00000E+00 0.00000E+00
 2.22916E+02 2.40322E+01 6.42959E+05 2.22916E+02 2.40322E+01 0.00000E+00 0.00000E+00 0.00000E+00 0.00000E+00 0.00000E+00 0.00000E+00 0.00000E+00
 2.54818E+02 2.51353E+01 6.63651E+05 2.54818E+02 2.51353E+01 0.00000E+00 0.00000E+00 0.00000E+00 0.00000E+00 0.00000E+00 0.00000E+00 0.00000E+00
 2.89963E+02 2.61338E+01 6.86854E+05 2.89963E+02 2.61338E+01 0.00000E+00 0.00000E+00 0.00000E+00 0.00000E+00 0.00000E+00 0.00000E+00 0.00000E+00
 4.52544E+00 3.67462E-01 4.06857E+05 4.52544E+00 3.67462E-01 0.00000E+00 0.00000E+00 0.00000E+00 0.00000E+00 0.00000E+00 0.00000E+00 0.00000E+00
 4.92342E+00 5.70564E-01 4.08389E+05 4.92342E+00 5.70564E-01 0.00000E+00 0.00000E+00 0.00000E+00 0.00000E+00 0.00000E+00 0.00000E+00 0.00000E+00
 5.61048E+00 8.79639E-01 4.09520E+05 5.61048E+00 8.79639E-01 0.00000E+00 0.00000E+00 0.00000E+00 0.00000E+00 0.00000E+00 0.00000E+00 0.00000E+00
 6.61332E+00 1.29588E+00 4.10337E+05 6.61332E+00 1.29588E+00 0.00000E+00 0.00000E+00 0.00000E+00 0.00000E+00 0.00000E+00 0.00000E+00 0.00000E+00
 7.97694E+00 1.81757E+00 4.10941E+05 7.97694E+00 1.81757E+00 0.00000E+00 0.00000E+00 0.00000E+00 0.00000E+00 0.00000E+00 0.00000E+00 0.00000E+00
 9.77311E+00 2.45098E+00 4.11438E+05 9.77311E+00 2.45098E+00 0.00000E+00 0.00000E+00 0.00000E+00 0.00000E+00 0.00000E+00 0.00000E+00 0.00000E+00
 1.20554E+01 3.18867E+00 4.11909E+05 1.20554E+01 3.18867E+00 0.00000E+00 0.00000E+00 0.00000E+00 0.00000E+00 0.00000E+00 0.00000E+00 0.00000E+00
 1.41600E+01 3.81289E+00 4.12285E+05 1.41600E+01 3.81289E+00 0.00000E+00 0.00000E+00 0.00000E+00 0.00000E+00 0.00000E+00 0.00000E+00 0.00000E+00
 1.48068E+01 4.01318E+00 4.12339E+05 1.48068E+01 4.01318E+00 0.00000E+00 0.00000E+00 0.00000E+00 0.00000E+00 0.00000E+00 0.00000E+00 0.00000E+00
 1.84584E+01 4.97488E+00 4.12809E+05 1.84584E+01 4.97488E+00 0.00000E+00 0.00000E+00 0.00000E+00 0.00000E+00 0.00000E+00 0.00000E+00 0.00000E+00
 2.29795E+01 6.03448E+00 4.13589E+05 2.29795E+01 6.03448E+00 0.00000E+00 0.00000E+00 0.00000E+00 0.00000E+00 0.00000E+00 0.00000E+00 0.00000E+00
 2.84198E+01 7.18603E+00 4.14735E+05 2.84198E+01 7.18603E+00 0.00000E+00 0.00000E+00 0.00000E+00 0.00000E+00 0.00000E+00 0.00000E+00 0.00000E+00
 3.48977E+01 8.41793E+00 4.16345E+05 3.48977E+01 8.41793E+00 0.00000E+00 0.00000E+00 0.00000E+00 0.00000E+00 0.00000E+00 0.00000E+00 0.00000E+00
 4.25636E+01 9.72167E+00 4.18531E+05 4.25636E+01 9.72167E+00 0.00000E+00 0.00000E+00 0.00000E+00 0.00000E+00 0.00000E+00 0.00000E+00 0.00000E+00
 5.15562E+01 1.10812E+01 4.21399E+05 5.15562E+01 1.10812E+01 0.00000E+00 0.00000E+00 0.00000E+00 0.00000E+00 0.00000E+00 0.00000E+00 0.00000E+00
 6.20118E+01 1.24777E+01 4.25049E+05 6.20118E+01 1.24777E+01 0.00000E+00 0.00000E+00 0.00000E+00 0.00000E+00 0.00000E+00 0.00000E+00 0.00000E+00
 7.40859E+01 1.38948E+01 4.29590E+05 7.40859E+01 1.38948E+01 0.00000E+00 0.00000E+00 0.00000E+00 0.00000E+00 0.00000E+00 0.00000E+00 0.00000E+00
 8.79408E+01 1.53159E+01 4.35135E+05 8.79408E+01 1.53159E+01 0.00000E+00 0.00000E+00 0.00000E+00 0.00000E+00 0.00000E+00 0.00000E+00 0.00000E+00
 1.03744E+02 1.67246E+01 4.41797E+05 1.03744E+02 1.67246E+01 0.00000E+00 0.00000E+00 0.00000E+00 0.00000E+00 0.00000E+00 0.00000E+00 0.00000E+00
 1.21667E+02 1.81048E+01 4.49690E+05 1.21667E+02 1.81048E+01 0.00000E+00 0.00000E+00 0.00000E+00 0.00000E+00 0.00000E+00 0.00000E+00 0.00000E+00
 1.41883E+02 1.94411E+01 4.58929E+05 1.41883E+02 1.94411E+01 0.00000E+00 0.00000E+00 0.00000E+00 0.00000E+00 0.00000E+00 0.00000E+00 0.00000E+00
 1.64568E+02 2.07191E+01 4.69627E+05 1.64568E+02 2.07191E+01 0.00000E+00 0.00000E+00 0.00000E+00 0.00000E+00 0.00000E+00 0.00000E+00 0.00000E+00
 1.89894E+02 2.19256E+01 4.81898E+05 1.89894E+02 2.19256E+01 0.00000E+00 0.00000E+00 0.00000E+00 0.00000E+00 0.00000E+00 0.00000E+00 0.00000E+00
 2.18031E+02 2.30488E+01 4.95851E+05 2.18031E+02 2.30488E+01 0.00000E+00 0.00000E+00 0.00000E+00 0.00000E+00 0.00000E+00 0.00000E+00 0.00000E+00
 2.49202E+02 2.40824E+01 5.11627E+05 2.49202E+02 2.40824E+01 0.00000E+00 0.00000E+00 0.00000E+00 0.00000E+00 0.00000E+00 0.00000E+00 0.00000E+00
 2.83539E+02 2.50146E+01 5.29311E+05 2.83539E+02 2.50146E+01 0.00000E+00 0.00000E+00 0.00000E+00 0.00000E+00 0.00000E+00 0.00000E+00 0.00000E+00
 4.46421E+00 3.60667E-01 3.13603E+05 4.46421E+00 3.60667E-01 0.00000E+00 0.00000E+00 0.00000E+00 0.00000E+00 0.00000E+00 0.00000E+00 0.00000E+00
 4.86587E+00 5.65787E-01 3.14787E+05 4.86587E+00 5.65787E-01 0.00000E+00 0.00000E+00 0.00000E+00 0.00000E+00 0.00000E+00 0.00000E+00 0.00000E+00
 5.54962E+00 8.73614E-01 3.15661E+05 5.54962E+00 8.73614E-01 0.00000E+00 0.00000E+00 0.00000E+00 0.00000E+00 0.00000E+00 0.00000E+00 0.00000E+00
 6.54037E+00 1.28457E+00 3.16294E+05 6.54037E+00 1.28457E+00 0.00000E+00 0.00000E+00 0.00000E+00 0.00000E+00 0.00000E+00 0.00000E+00 0.00000E+00
 7.88156E+00 1.79630E+00 3.16761E+05 7.88156E+00 1.79630E+00 0.00000E+00 0.00000E+00 0.00000E+00 0.00000E+00 0.00000E+00 0.00000E+00 0.00000E+00
 9.64260E+00 2.41424E+00 3.17145E+05 9.64260E+00 2.41424E+00 0.00000E+00 0.00000E+00 0.00000E+00 0.00000E+00 0.00000E+00 0.00000E+00 0.00000E+00
 1.18754E+01 3.13064E+00 3.17509E+05 1.18754E+01 3.13064E+00 0.00000E+00 0.00000E+00 0.00000E+00 0.00000E+00 0.00000E+00 0.00000E+00 0.00000E+00
 1.39321E+01 3.73489E+00 3.17797E+05 1.39321E+01 3.73489E+00 0.00000E+00 0.00000E+00 0.00000E+00 0.00000E+00 0.00000E+00 0.00000E+00 0.00000E+00
 1.45628E+01 3.92829E+00 3.17838E+05 1.45628E+01 3.92829E+00 0.00000E+00 0.00000E+00 0.00000E+00 0.00000E+00 0.00000E+00 0.00000E+00 0.00000E+00
 1.81267E+01 4.85532E+00 3.18196E+05 1.81267E+01 4.85532E+00 0.00000E+00 0.00000E+00 0.00000E+00 0.00000E+00 0.00000E+00 0.00000E+00 0.00000E+00
 2.25360E+01 5.87333E+00 3.18790E+05 2.25360E+01 5.87333E+00 0.00000E+00 0.00000E+00 0.00000E+00 0.00000E+00 0.00000E+00 0.00000E+00 0.00000E+00
 2.78381E+01 6.97627E+00 3.19662E+05 2.78381E+01 6.97627E+00 0.00000E+00 0.00000E+00 0.00000E+00 0.00000E+00 0.00000E+00 0.00000E+00 0.00000E+00
 3.41482E+01 8.15275E+00 3.20886E+05 3.41482E+01 8.15275E+00 0.00000E+00 0.00000E+00 0.00000E+00 0.00000E+00 0.00000E+00 0.00000E+00 0.00000E+00
 4.16123E+01 9.39438E+00 3.22548E+05 4.16123E+01 9.39438E+00 0.00000E+00 0.00000E+00 0.00000E+00 0.00000E+00 0.00000E+00 0.00000E+00 0.00000E+00
 5.03656E+01 1.06857E+01 3.24728E+05 5.03656E+01 1.06857E+01 0.00000E+00 0.00000E+00 0.00000E+00 0.00000E+00 0.00000E+00 0.00000E+00 0.00000E+00
 6.05403E+01 1.20086E+01 3.27502E+05 6.05403E+01 1.20086E+01 0.00000E+00 0.00000E+00 0.00000E+00 0.00000E+00 0.00000E+00 0.00000E+00 0.00000E+00
 7.22877E+01 1.33477E+01 3.30953E+05 7.22877E+01 1.33477E+01 0.00000E+00 0.00000E+00 0.00000E+00 0.00000E+00 0.00000E+00 0.00000E+00 0.00000E+00
 8.57652E+01 1.46871E+01 3.35165E+05 8.57652E+01 1.46871E+01 0.00000E+00 0.00000E+00 0.00000E+00 0.00000E+00 0.00000E+00 0.00000E+00 0.00000E+00
 1.01135E+02 1.60114E+01 3.40224E+05 1.01135E+02 1.60114E+01 0.00000E+00 0.00000E+00 0.00000E+00 0.00000E+00 0.00000E+00 0.00000E+00 0.00000E+00
 1.18564E+02 1.73054E+01 3.46215E+05 1.18564E+02 1.73054E+01 0.00000E+00 0.00000E+00 0.00000E+00 0.00000E+00 0.00000E+00 0.00000E+00 0.00000E+00
 1.38219E+02 1.85549E+01 3.53225E+05 1.38219E+02 1.85549E+01 0.00000E+00 0.00000E+00 0.00000E+00 0.00000E+00 0.00000E+00 0.00000E+00 0.00000E+00
 1.60270E+02 1.97463E+01 3.61340E+05 1.60270E+02 1.97463E+01 0.00000E+00 0.00000E+00 0.00000E+00 0.00000E+00 0.00000E+00 0.00000E+00 0.00000E+00
 1.84884E+02 2.08676E+01 3.70643E+05 1.84884E+02 2.08676E+01 0.00000E+00 0.00000E+00 0.00000E+00 0.00000E+00 0.00000E+00 0.00000E+00 0.00000E+00
 2.12224E+02 2.19079E+01 3.81217E+05 2.12224E+02 2.19079E+01 0.00000E+00 0.00000E+00 0.00000E+00 0.00000E+00 0.00000E+00 0.00000E+00 0.00000E+00
 2.42504E+02 2.28614E+01 3.93168E+05 2.42504E+02 2.28614E+01 0.00000E+00 0.00000E+00 0.00000E+00 0.00000E+00 0.00000E+00 0.00000E+00 0.00000E+00
 2.75850E+02 2.37175E+01 4.06559E+05 2.75850E+02 2.37175E+01 0.00000E+00 0.00000E+00 0.00000E+00 0.00000E+00 0.00000E+00 0.00000E+00 0.00000E+00
 4.39162E+00 3.52643E-01 2.41078E+05 4.39162E+00 3.52643E-01 0.00000E+00 0.00000E+00 0.00000E+00 0.00000E+00 0.00000E+00 0.00000E+00 0.00000E+00
 4.79704E+00 5.60125E-01 2.41976E+05 4.79704E+00 5.60125E-01 0.00000E+00 0.00000E+00 0.00000E+00 0.00000E+00 0.00000E+00 0.00000E+00 0.00000E+00
 5.47683E+00 8.66466E-01 2.42639E+05 5.47683E+00 8.66466E-01 0.00000E+00 0.00000E+00 0.00000E+00 0.00000E+00 0.00000E+00 0.00000E+00 0.00000E+00
 6.45397E+00 1.27124E+00 2.43116E+05 6.45397E+00 1.27124E+00 0.00000E+00 0.00000E+00 0.00000E+00 0.00000E+00 0.00000E+00 0.00000E+00 0.00000E+00
 7.77012E+00 1.77139E+00 2.43467E+05 7.77012E+00 1.77139E+00 0.00000E+00 0.00000E+00 0.00000E+00 0.00000E+00 0.00000E+00 0.00000E+00 0.00000E+00
 9.49200E+00 2.37142E+00 2.43755E+05 9.49200E+00 2.37142E+00 0.00000E+00 0.00000E+00 0.00000E+00 0.00000E+00 0.00000E+00 0.00000E+00 0.00000E+00
 1.16696E+01 3.06325E+00 2.44026E+05 1.16696E+01 3.06325E+00 0.00000E+00 0.00000E+00 0.00000E+00 0.00000E+00 0.00000E+00 0.00000E+00 0.00000E+00
 1.36725E+01 3.64450E+00 2.44241E+05 1.36725E+01 3.64450E+00 0.00000E+00 0.00000E+00 0.00000E+00 0.00000E+00 0.00000E+00 0.00000E+00 0.00000E+00
 1.42855E+01 3.83000E+00 2.44271E+05 1.42855E+01 3.83000E+00 0.00000E+00 0.00000E+00 0.00000E+00 0.00000E+00 0.00000E+00 0.00000E+00 0.00000E+00
 1.77504E+01 4.71724E+00 2.44536E+05 1.77504E+01 4.71724E+00 0.00000E+00 0.00000E+00 0.00000E+00 0.00000E+00 0.00000E+00 0.00000E+00 0.00000E+00
 2.20332E+01 5.68761E+00 2.44980E+05 2.20332E+01 5.68761E+00 0.00000E+00 0.00000E+00 0.00000E+00 0.00000E+00 0.00000E+00 0.00000E+00 0.00000E+00
 2.71782E+01 6.73498E+00 2.45635E+05 2.71782E+01 6.73498E+00 0.00000E+00 0.00000E+00 0.00000E+00 0.00000E+00 0.00000E+00 0.00000E+00 0.00000E+00
 3.32964E+01 7.84823E+00 2.46555E+05 3.32964E+01 7.84823E+00 0.00000E+00 0.00000E+00 0.00000E+00 0.00000E+00 0.00000E+00 0.00000E+00 0.00000E+00
 4.05287E+01 9.01910E+00 2.47806E+05 4.05287E+01 9.01910E+00 0.00000E+00 0.00000E+00 0.00000E+00 0.00000E+00 0.00000E+00 0.00000E+00 0.00000E+00
 4.90050E+01 1.02328E+01 2.49449E+05 4.90050E+01 1.02328E+01 0.00000E+00 0.00000E+00 0.00000E+00 0.00000E+00 0.00000E+00 0.00000E+00 0.00000E+00
 5.88531E+01 1.14722E+01 2.51540E+05 5.88531E+01 1.14722E+01 0.00000E+00 0.00000E+00 0.00000E+00 0.00000E+00 0.00000E+00 0.00000E+00 0.00000E+00
 7.02184E+01 1.27227E+01 2.54141E+05 7.02184E+01 1.27227E+01 0.00000E+00 0.00000E+00 0.00000E+00 0.00000E+00 0.00000E+00 0.00000E+00 0.00000E+00
 8.32522E+01 1.39696E+01 2.57315E+05 8.32522E+01 1.39696E+01 0.00000E+00 0.00000E+00 0.00000E+00 0.00000E+00 0.00000E+00 0.00000E+00 0.00000E+00
 9.81105E+01 1.51983E+01 2.61127E+05 9.81105E+01 1.51983E+01 0.00000E+00 0.00000E+00 0.00000E+00 0.00000E+00 0.00000E+00 0.00000E+00 0.00000E+00
 1.14952E+02 1.63950E+01 2.65640E+05 1.14952E+02 1.63950E+01 0.00000E+00 0.00000E+00 0.00000E+00 0.00000E+00 0.00000E+00 0.00000E+00 0.00000E+00
 1.33938E+02 1.75464E+01 2.70918E+05 1.33938E+02 1.75464E+01 0.00000E+00 0.00000E+00 0.00000E+00 0.00000E+00 0.00000E+00 0.00000E+00 0.00000E+00
 1.55230E+02 1.86403E+01 2.77025E+05 1.55230E+02 1.86403E+01 0.00000E+00 0.00000E+00 0.00000E+00 0.00000E+00 0.00000E+00 0.00000E+00 0.00000E+00
 1.78986E+02 1.96656E+01 2.84024E+05 1.78986E+02 1.96656E+01 0.00000E+00 0.00000E+00 0.00000E+00 0.00000E+00 0.00000E+00 0.00000E+00 0.00000E+00
 2.05363E+02 2.06126E+01 2.91975E+05 2.05363E+02 2.06126E+01 0.00000E+00 0.00000E+00 0.00000E+00 0.00000E+00 0.00000E+00 0.00000E+00 0.00000E+00
 2.34563E+02 2.14761E+01 3.00957E+05 2.34563E+02 2.14761E+01 0.00000E+00 0.00000E+00 0.00000E+00 0.00000E+00 0.00000E+00 0.00000E+00 0.00000E+00
 2.66707E+02 2.22468E+01 3.11015E+05 2.66707E+02 2.22468E+01 0.00000E+00 0.00000E+00 0.00000E+00 0.00000E+00 0.00000E+00 0.00000E+00 0.00000E+00
 4.30541E+00 3.43326E-01 1.84704E+05 4.30541E+00 3.43326E-01 0.00000E+00 0.00000E+00 0.00000E+00 0.00000E+00 0.00000E+00 0.00000E+00 0.00000E+00
 4.71467E+00 5.53525E-01 1.85371E+05 4.71467E+00 5.53525E-01 0.00000E+00 0.00000E+00 0.00000E+00 0.00000E+00 0.00000E+00 0.00000E+00 0.00000E+00
 5.38988E+00 8.58112E-01 1.85861E+05 5.38988E+00 8.58112E-01 0.00000E+00 0.00000E+00 0.00000E+00 0.00000E+00 0.00000E+00 0.00000E+00 0.00000E+00
 6.35180E+00 1.25574E+00 1.86212E+05 6.35180E+00 1.25574E+00 0.00000E+00 0.00000E+00 0.00000E+00 0.00000E+00 0.00000E+00 0.00000E+00 0.00000E+00
 7.64004E+00 1.74262E+00 1.86467E+05 7.64004E+00 1.74262E+00 0.00000E+00 0.00000E+00 0.00000E+00 0.00000E+00 0.00000E+00 0.00000E+00 0.00000E+00
 9.31826E+00 2.32223E+00 1.86675E+05 9.31826E+00 2.32223E+00 0.00000E+00 0.00000E+00 0.00000E+00 0.00000E+00 0.00000E+00 0.00000E+00 0.00000E+00
 1.14342E+01 2.98618E+00 1.86870E+05 1.14342E+01 2.98618E+00 0.00000E+00 0.00000E+00 0.00000E+00 0.00000E+00 0.00000E+00 0.00000E+00 0.00000E+00
 1.33768E+01 3.54140E+00 1.87025E+05 1.33768E+01 3.54140E+00 0.00000E+00 0.00000E+00 0.00000E+00 0.00000E+00 0.00000E+00 0.00000E+00 0.00000E+00
 1.39697E+01 3.71797E+00 1.87045E+05 1.39697E+01 3.71797E+00 0.00000E+00 0.00000E+00 0.00000E+00 0.00000E+00 0.00000E+00 0.00000E+00 0.00000E+00
 1.73232E+01 4.56031E+00 1.87235E+05 1.73232E+01 4.56031E+00 0.00000E+00 0.00000E+00 0.00000E+00 0.00000E+00 0.00000E+00 0.00000E+00 0.00000E+00
 2.14623E+01 5.47707E+00 1.87560E+05 2.14623E+01 5.47707E+00 0.00000E+00 0.00000E+00 0.00000E+00 0.00000E+00 0.00000E+00 0.00000E+00 0.00000E+00
 2.64280E+01 6.46206E+00 1.88043E+05 2.64280E+01 6.46206E+00 0.00000E+00 0.00000E+00 0.00000E+00 0.00000E+00 0.00000E+00 0.00000E+00 0.00000E+00
 3.23261E+01 7.50448E+00 1.88725E+05 3.23261E+01 7.50448E+00 0.00000E+00 0.00000E+00 0.00000E+00 0.00000E+00 0.00000E+00 0.00000E+00 0.00000E+00
 3.92909E+01 8.59622E+00 1.89657E+05 3.92909E+01 8.59622E+00 0.00000E+00 0.00000E+00 0.00000E+00 0.00000E+00 0.00000E+00 0.00000E+00 0.00000E+00
 4.74464E+01 9.72327E+00 1.90882E+05 4.74464E+01 9.72327E+00 0.00000E+00 0.00000E+00 0.00000E+00 0.00000E+00 0.00000E+00 0.00000E+00 0.00000E+00
 5.69140E+01 1.08696E+01 1.92441E+05 5.69140E+01 1.08696E+01 0.00000E+00 0.00000E+00 0.00000E+00 0.00000E+00 0.00000E+00 0.00000E+00 0.00000E+00
 6.78320E+01 1.20216E+01 1.94383E+05 6.78320E+01 1.20216E+01 0.00000E+00 0.00000E+00 0.00000E+00 0.00000E+00 0.00000E+00 0.00000E+00 0.00000E+00
 8.03440E+01 1.31656E+01 1.96753E+05 8.03440E+01 1.31656E+01 0.00000E+00 0.00000E+00 0.00000E+00 0.00000E+00 0.00000E+00 0.00000E+00 0.00000E+00
 9.45976E+01 1.42885E+01 1.99597E+05 9.45976E+01 1.42885E+01 0.00000E+00 0.00000E+00 0.00000E+00 0.00000E+00 0.00000E+00 0.00000E+00 0.00000E+00
 1.10743E+02 1.53773E+01 2.02965E+05 1.10743E+02 1.53773E+01 0.00000E+00 0.00000E+00 0.00000E+00 0.00000E+00 0.00000E+00 0.00000E+00 0.00000E+00
 1.28932E+02 1.64203E+01 2.06902E+05 1.28932E+02 1.64203E+01 0.00000E+00 0.00000E+00 0.00000E+00 0.00000E+00 0.00000E+00 0.00000E+00 0.00000E+00
 1.49317E+02 1.74064E+01 2.11455E+05 1.49317E+02 1.74064E+01 0.00000E+00 0.00000E+00 0.00000E+00 0.00000E+00 0.00000E+00 0.00000E+00 0.00000E+00
 1.72046E+02 1.83258E+01 2.16669E+05 1.72046E+02 1.83258E+01 0.00000E+00 0.00000E+00 0.00000E+00 0.00000E+00 0.00000E+00 0.00000E+00 0.00000E+00
 1.97266E+02 1.91701E+01 2.22590E+05 1.97266E+02 1.91701E+01 0.00000E+00 0.00000E+00 0.00000E+00 0.00000E+00 0.00000E+00 0.00000E+00 0.00000E+00
 2.25166E+02 1.99347E+01 2.29273E+05 2.25166E+02 1.99347E+01 0.00000E+00 0.00000E+00 0.00000E+00 0.00000E+00 0.00000E+00 0.00000E+00 0.00000E+00
 2.55856E+02 2.06116E+01 2.36753E+05 2.55856E+02 2.06116E+01 0.00000E+00 0.00000E+00 0.00000E+00 0.00000E+00 0.00000E+00 0.00000E+00 0.00000E+00
 4.20430E+00 3.32777E-01 1.40953E+05 4.20430E+00 3.32777E-01 0.00000E+00 0.00000E+00 0.00000E+00 0.00000E+00 0.00000E+00 0.00000E+00 0.00000E+00
 4.61731E+00 5.46028E-01 1.41435E+05 4.61731E+00 5.46028E-01 0.00000E+00 0.00000E+00 0.00000E+00 0.00000E+00 0.00000E+00 0.00000E+00 0.00000E+00
 5.28724E+00 8.48573E-01 1.41786E+05 5.28724E+00 8.48573E-01 0.00000E+00 0.00000E+00 0.00000E+00 0.00000E+00 0.00000E+00 0.00000E+00 0.00000E+00
 6.23240E+00 1.23813E+00 1.42033E+05 6.23240E+00 1.23813E+00 0.00000E+00 0.00000E+00 0.00000E+00 0.00000E+00 0.00000E+00 0.00000E+00 0.00000E+00
 7.49015E+00 1.71018E+00 1.42210E+05 7.49015E+00 1.71018E+00 0.00000E+00 0.00000E+00 0.00000E+00 0.00000E+00 0.00000E+00 0.00000E+00 0.00000E+00
 9.12068E+00 2.26713E+00 1.42353E+05 9.12068E+00 2.26713E+00 0.00000E+00 0.00000E+00 0.00000E+00 0.00000E+00 0.00000E+00 0.00000E+00 0.00000E+00
 1.11690E+01 2.90030E+00 1.42486E+05 1.11690E+01 2.90030E+00 0.00000E+00 0.00000E+00 0.00000E+00 0.00000E+00 0.00000E+00 0.00000E+00 0.00000E+00
 1.30453E+01 3.42688E+00 1.42593E+05 1.30453E+01 3.42688E+00 0.00000E+00 0.00000E+00 0.00000E+00 0.00000E+00 0.00000E+00 0.00000E+00 0.00000E+00
 1.36164E+01 3.59367E+00 1.42605E+05 1.36164E+01 3.59367E+00 0.00000E+00 0.00000E+00 0.00000E+00 0.00000E+00 0.00000E+00 0.00000E+00 0.00000E+00
 1.68463E+01 4.38685E+00 1.42734E+05 1.68463E+01 4.38685E+00 0.00000E+00 0.00000E+00 0.00000E+00 0.00000E+00 0.00000E+00 0.00000E+00 0.00000E+00
 2.08256E+01 5.24512E+00 1.42965E+05 2.08256E+01 5.24512E+00 0.00000E+00 0.00000E+00 0.00000E+00 0.00000E+00 0.00000E+00 0.00000E+00 0.00000E+00
 2.55904E+01 6.16226E+00 1.43314E+05 2.55904E+01 6.16226E+00 0.00000E+00 0.00000E+00 0.00000E+00 0.00000E+00 0.00000E+00 0.00000E+00 0.00000E+00
 3.12407E+01 7.12784E+00 1.43812E+05 3.12407E+01 7.12784E+00 0.00000E+00 0.00000E+00 0.00000E+00 0.00000E+00 0.00000E+00 0.00000E+00 0.00000E+00
 3.79026E+01 8.13400E+00 1.44495E+05 3.79026E+01 8.13400E+00 0.00000E+00 0.00000E+00 0.00000E+00 0.00000E+00 0.00000E+00 0.00000E+00 0.00000E+00
 4.56927E+01 9.16756E+00 1.45396E+05 4.56927E+01 9.16756E+00 0.00000E+00 0.00000E+00 0.00000E+00 0.00000E+00 0.00000E+00 0.00000E+00 0.00000E+00
 5.47247E+01 1.02137E+01 1.46545E+05 5.47247E+01 1.02137E+01 0.00000E+00 0.00000E+00 0.00000E+00 0.00000E+00 0.00000E+00 0.00000E+00 0.00000E+00
 6.51280E+01 1.12599E+01 1.47977E+05 6.51280E+01 1.12599E+01 0.00000E+00 0.00000E+00 0.00000E+00 0.00000E+00 0.00000E+00 0.00000E+00 0.00000E+00
 7.70365E+01 1.22937E+01 1.49725E+05 7.70365E+01 1.22937E+01 0.00000E+00 0.00000E+00 0.00000E+00 0.00000E+00 0.00000E+00 0.00000E+00 0.00000E+00
 9.05876E+01 1.33032E+01 1.51824E+05 9.05876E+01 1.33032E+01 0.00000E+00 0.00000E+00 0.00000E+00 0.00000E+00 0.00000E+00 0.00000E+00 0.00000E+00
 1.05921E+02 1.42769E+01 1.54308E+05 1.05921E+02 1.42769E+01 0.00000E+00 0.00000E+00 0.00000E+00 0.00000E+00 0.00000E+00 0.00000E+00 0.00000E+00
 1.23177E+02 1.52043E+01 1.57210E+05 1.23177E+02 1.52043E+01 0.00000E+00 0.00000E+00 0.00000E+00 0.00000E+00 0.00000E+00 0.00000E+00 0.00000E+00
 1.42495E+02 1.60758E+01 1.60565E+05 1.42495E+02 1.60758E+01 0.00000E+00 0.00000E+00 0.00000E+00 0.00000E+00 0.00000E+00 0.00000E+00 0.00000E+00
 1.64013E+02 1.68829E+01 1.64404E+05 1.64013E+02 1.68829E+01 0.00000E+00 0.00000E+00 0.00000E+00 0.00000E+00 0.00000E+00 0.00000E+00 0.00000E+00
 1.87864E+02 1.76182E+01 1.68760E+05 1.87864E+02 1.76182E+01 0.00000E+00 0.00000E+00 0.00000E+00 0.00000E+00 0.00000E+00 0.00000E+00 0.00000E+00
 2.14222E+02 1.82783E+01 1.73673E+05 2.14222E+02 1.82783E+01 0.00000E+00 0.00000E+00 0.00000E+00 0.00000E+00 0.00000E+00 0.00000E+00 0.00000E+00
 2.43186E+02 1.88564E+01 1.79167E+05 2.43186E+02 1.88564E+01 0.00000E+00 0.00000E+00 0.00000E+00 0.00000E+00 0.00000E+00 0.00000E+00 0.00000E+00
 4.08628E+00 3.21152E-01 1.07046E+05 4.08628E+00 3.21152E-01 0.00000E+00 0.00000E+00 0.00000E+00 0.00000E+00 0.00000E+00 0.00000E+00 0.00000E+00
 4.50303E+00 5.37732E-01 1.07385E+05 4.50303E+00 5.37732E-01 0.00000E+00 0.00000E+00 0.00000E+00 0.00000E+00 0.00000E+00 0.00000E+00 0.00000E+00
 5.16703E+00 8.37914E-01 1.07628E+05 5.16703E+00 8.37914E-01 0.00000E+00 0.00000E+00 0.00000E+00 0.00000E+00 0.00000E+00 0.00000E+00 0.00000E+00
 6.09388E+00 1.21851E+00 1.07795E+05 6.09388E+00 1.21851E+00 0.00000E+00 0.00000E+00 0.00000E+00 0.00000E+00 0.00000E+00 0.00000E+00 0.00000E+00
 7.31840E+00 1.67431E+00 1.07911E+05 7.31840E+00 1.67431E+00 0.00000E+00 0.00000E+00 0.00000E+00 0.00000E+00 0.00000E+00 0.00000E+00 0.00000E+00
 8.89693E+00 2.20665E+00 1.08002E+05 8.89693E+00 2.20665E+00 0.00000E+00 0.00000E+00 0.00000E+00 0.00000E+00 0.00000E+00 0.00000E+00 0.00000E+00
 1.08713E+01 2.80663E+00 1.08088E+05 1.08713E+01 2.80663E+00 0.00000E+00 0.00000E+00 0.00000E+00 0.00000E+00 0.00000E+00 0.00000E+00 0.00000E+00
 1.26749E+01 3.30248E+00 1.08157E+05 1.26749E+01 3.30248E+00 0.00000E+00 0.00000E+00 0.00000E+00 0.00000E+00 0.00000E+00 0.00000E+00 0.00000E+00
 1.32220E+01 3.45880E+00 1.08164E+05 1.32220E+01 3.45880E+00 0.00000E+00 0.00000E+00 0.00000E+00 0.00000E+00 0.00000E+00 0.00000E+00 0.00000E+00
 1.63156E+01 4.19953E+00 1.08247E+05 1.63156E+01 4.19953E+00 0.00000E+00 0.00000E+00 0.00000E+00 0.00000E+00 0.00000E+00 0.00000E+00 0.00000E+00
 2.01172E+01 4.99565E+00 1.08406E+05 2.01172E+01 4.99565E+00 0.00000E+00 0.00000E+00 0.00000E+00 0.00000E+00 0.00000E+00 0.00000E+00 0.00000E+00
 2.46581E+01 5.84098E+00 1.08652E+05 2.46581E+01 5.84098E+00 0.00000E+00 0.00000E+00 0.00000E+00 0.00000E+00 0.00000E+00 0.00000E+00 0.00000E+00
 3.00305E+01 6.72556E+00 1.09008E+05 3.00305E+01 6.72556E+00 0.00000E+00 0.00000E+00 0.00000E+00 0.00000E+00 0.00000E+00 0.00000E+00 0.00000E+00
 3.63514E+01 7.64178E+00 1.09501E+05 3.63514E+01 7.64178E+00 0.00000E+00 0.00000E+00 0.00000E+00 0.00000E+00 0.00000E+00 0.00000E+00 0.00000E+00
 4.37281E+01 8.57741E+00 1.10154E+05 4.37281E+01 8.57741E+00 0.00000E+00 0.00000E+00 0.00000E+00 0.00000E+00 0.00000E+00 0.00000E+00 0.00000E+00
 5.22651E+01 9.51891E+00 1.10989E+05 5.22651E+01 9.51891E+00 0.00000E+00 0.00000E+00 0.00000E+00 0.00000E+00 0.00000E+00 0.00000E+00 0.00000E+00
 6.20809E+01 1.04549E+01 1.12030E+05 6.20809E+01 1.04549E+01 0.00000E+00 0.00000E+00 0.00000E+00 0.00000E+00 0.00000E+00 0.00000E+00 0.00000E+00
 7.32979E+01 1.13742E+01 1.13303E+05 7.32979E+01 1.13742E+01 0.00000E+00 0.00000E+00 0.00000E+00 0.00000E+00 0.00000E+00 0.00000E+00 0.00000E+00
 8.60414E+01 1.22662E+01 1.14830E+05 8.60414E+01 1.22662E+01 0.00000E+00 0.00000E+00 0.00000E+00 0.00000E+00 0.00000E+00 0.00000E+00 0.00000E+00
 1.00438E+02 1.31210E+01 1.16637E+05 1.00438E+02 1.31210E+01 0.00000E+00 0.00000E+00 0.00000E+00 0.00000E+00 0.00000E+00 0.00000E+00 0.00000E+00
 1.16614E+02 1.39293E+01 1.18747E+05 1.16614E+02 1.39293E+01 0.00000E+00 0.00000E+00 0.00000E+00 0.00000E+00 0.00000E+00 0.00000E+00 0.00000E+00
 1.34695E+02 1.46830E+01 1.21184E+05 1.34695E+02 1.46830E+01 0.00000E+00 0.00000E+00 0.00000E+00 0.00000E+00 0.00000E+00 0.00000E+00 0.00000E+00
 1.54805E+02 1.53749E+01 1.23972E+05 1.54805E+02 1.53749E+01 0.00000E+00 0.00000E+00 0.00000E+00 0.00000E+00 0.00000E+00 0.00000E+00 0.00000E+00
 1.77062E+02 1.59990E+01 1.27130E+05 1.77062E+02 1.59990E+01 0.00000E+00 0.00000E+00 0.00000E+00 0.00000E+00 0.00000E+00 0.00000E+00 0.00000E+00
 2.01621E+02 1.65526E+01 1.30690E+05 2.01621E+02 1.65526E+01 0.00000E+00 0.00000E+00 0.00000E+00 0.00000E+00 0.00000E+00 0.00000E+00 0.00000E+00
 2.28567E+02 1.70303E+01 1.34665E+05 2.28567E+02 1.70303E+01 0.00000E+00 0.00000E+00 0.00000E+00 0.00000E+00 0.00000E+00 0.00000E+00 0.00000E+00
 3.95036E+00 3.08789E-01 8.08374E+04 3.95036E+00 3.08789E-01 0.00000E+00 0.00000E+00 0.00000E+00 0.00000E+00 0.00000E+00 0.00000E+00 0.00000E+00
 4.37079E+00 5.28844E-01 8.10690E+04 4.37079E+00 5.28844E-01 0.00000E+00 0.00000E+00 0.00000E+00 0.00000E+00 0.00000E+00 0.00000E+00 0.00000E+00
 5.02820E+00 8.26294E-01 8.12318E+04 5.02820E+00 8.26294E-01 0.00000E+00 0.00000E+00 0.00000E+00 0.00000E+00 0.00000E+00 0.00000E+00 0.00000E+00
 5.93527E+00 1.19715E+00 8.13400E+04 5.93527E+00 1.19715E+00 0.00000E+00 0.00000E+00 0.00000E+00 0.00000E+00 0.00000E+00 0.00000E+00 0.00000E+00
 7.12405E+00 1.63560E+00 8.14118E+04 7.12405E+00 1.63560E+00 0.00000E+00 0.00000E+00 0.00000E+00 0.00000E+00 0.00000E+00 0.00000E+00 0.00000E+00
 8.64661E+00 2.14199E+00 8.14664E+04 8.64661E+00 2.14199E+00 0.00000E+00 0.00000E+00 0.00000E+00 0.00000E+00 0.00000E+00 0.00000E+00 0.00000E+00
 1.05412E+01 2.70729E+00 8.15178E+04 1.05412E+01 2.70729E+00 0.00000E+00 0.00000E+00 0.00000E+00 0.00000E+00 0.00000E+00 0.00000E+00 0.00000E+00
 1.22661E+01 3.17122E+00 8.15600E+04 1.22661E+01 3.17122E+00 0.00000E+00 0.00000E+00 0.00000E+00 0.00000E+00 0.00000E+00 0.00000E+00 0.00000E+00
 1.27873E+01 3.31672E+00 8.15621E+04 1.27873E+01 3.31672E+00 0.00000E+00 0.00000E+00 0.00000E+00 0.00000E+00 0.00000E+00 0.00000E+00 0.00000E+00
 1.57328E+01 4.00339E+00 8.16118E+04 1.57328E+01 4.00339E+00 0.00000E+00 0.00000E+00 0.00000E+00 0.00000E+00 0.00000E+00 0.00000E+00 0.00000E+00
 1.93401E+01 4.73582E+00 8.17175E+04 1.93401E+01 4.73582E+00 0.00000E+00 0.00000E+00 0.00000E+00 0.00000E+00 0.00000E+00 0.00000E+00 0.00000E+00
 2.36350E+01 5.50795E+00 8.18873E+04 2.36350E+01 5.50795E+00 0.00000E+00 0.00000E+00 0.00000E+00 0.00000E+00 0.00000E+00 0.00000E+00 0.00000E+00
 2.87011E+01 6.31034E+00 8.21375E+04 2.87011E+01 6.31034E+00 0.00000E+00 0.00000E+00 0.00000E+00 0.00000E+00 0.00000E+00 0.00000E+00 0.00000E+00
 3.46446E+01 7.13574E+00 8.24870E+04 3.46446E+01 7.13574E+00 0.00000E+00 0.00000E+00 0.00000E+00 0.00000E+00 0.00000E+00 0.00000E+00 0.00000E+00
 4.15619E+01 7.97287E+00 8.29524E+04 4.15619E+01 7.97287E+00 0.00000E+00 0.00000E+00 0.00000E+00 0.00000E+00 0.00000E+00 0.00000E+00 0.00000E+00
 4.95468E+01 8.80953E+00 8.35495E+04 4.95468E+01 8.80953E+00 0.00000E+00 0.00000E+00 0.00000E+00 0.00000E+00 0.00000E+00 0.00000E+00 0.00000E+00
 5.87053E+01 9.63550E+00 8.42954E+04 5.87053E+01 9.63550E+00 0.00000E+00 0.00000E+00 0.00000E+00 0.00000E+00 0.00000E+00 0.00000E+00 0.00000E+00
 6.91463E+01 1.04410E+01 8.52072E+04 6.91463E+01 1.04410E+01 0.00000E+00 0.00000E+00 0.00000E+00 0.00000E+00 0.00000E+00 0.00000E+00 0.00000E+00
 8.09806E+01 1.12167E+01 8.63018E+04 8.09806E+01 1.12167E+01 0.00000E+00 0.00000E+00 0.00000E+00 0.00000E+00 0.00000E+00 0.00000E+00 0.00000E+00
 9.43196E+01 1.19540E+01 8.75959E+04 9.43196E+01 1.19540E+01 0.00000E+00 0.00000E+00 0.00000E+00 0.00000E+00 0.00000E+00 0.00000E+00 0.00000E+00
 1.09274E+02 1.26452E+01 8.91062E+04 1.09274E+02 1.26452E+01 0.00000E+00 0.00000E+00 0.00000E+00 0.00000E+00 0.00000E+00 0.00000E+00 0.00000E+00
 1.25954E+02 1.32834E+01 9.08487E+04 1.25954E+02 1.32834E+01 0.00000E+00 0.00000E+00 0.00000E+00 0.00000E+00 0.00000E+00 0.00000E+00 0.00000E+00
 1.44465E+02 1.38628E+01 9.28391E+04 1.44465E+02 1.38628E+01 0.00000E+00 0.00000E+00 0.00000E+00 0.00000E+00 0.00000E+00 0.00000E+00 0.00000E+00
 1.64909E+02 1.43787E+01 9.50921E+04 1.64909E+02 1.43787E+01 0.00000E+00 0.00000E+00 0.00000E+00 0.00000E+00 0.00000E+00 0.00000E+00 0.00000E+00
 1.87419E+02 1.48291E+01 9.76271E+04 1.87419E+02 1.48291E+01 0.00000E+00 0.00000E+00 0.00000E+00 0.00000E+00 0.00000E+00 0.00000E+00 0.00000E+00
 2.12066E+02 1.52099E+01 1.00454E+05 2.12066E+02 1.52099E+01 0.00000E+00 0.00000E+00 0.00000E+00 0.00000E+00 0.00000E+00 0.00000E+00 0.00000E+00
 3.79661E+00 2.96155E-01 6.06603E+04 3.79661E+00 2.96155E-01 0.00000E+00 0.00000E+00 0.00000E+00 0.00000E+00 0.00000E+00 0.00000E+00 0.00000E+00
 4.22081E+00 5.19659E-01 6.08168E+04 4.22081E+00 5.19659E-01 0.00000E+00 0.00000E+00 0.00000E+00 0.00000E+00 0.00000E+00 0.00000E+00 0.00000E+00
 4.87118E+00 8.13936E-01 6.09242E+04 4.87118E+00 8.13936E-01 0.00000E+00 0.00000E+00 0.00000E+00 0.00000E+00 0.00000E+00 0.00000E+00 0.00000E+00
 5.75721E+00 1.17437E+00 6.09929E+04 5.75721E+00 1.17437E+00 0.00000E+00 0.00000E+00 0.00000E+00 0.00000E+00 0.00000E+00 0.00000E+00 0.00000E+00
 6.90796E+00 1.59465E+00 6.10357E+04 6.90796E+00 1.59465E+00 0.00000E+00 0.00000E+00 0.00000E+00 0.00000E+00 0.00000E+00 0.00000E+00 0.00000E+00
 8.37095E+00 2.07431E+00 6.10667E+04 8.37095E+00 2.07431E+00 0.00000E+00 0.00000E+00 0.00000E+00 0.00000E+00 0.00000E+00 0.00000E+00 0.00000E+00
 1.01805E+01 2.60429E+00 6.10960E+04 1.01805E+01 2.60429E+00 0.00000E+00 0.00000E+00 0.00000E+00 0.00000E+00 0.00000E+00 0.00000E+00 0.00000E+00
 1.18211E+01 3.03598E+00 6.11206E+04 1.18211E+01 3.03598E+00 0.00000E+00 0.00000E+00 0.00000E+00 0.00000E+00 0.00000E+00 0.00000E+00 0.00000E+00
 1.23149E+01 3.17061E+00 6.11203E+04 1.23149E+01 3.17061E+00 0.00000E+00 0.00000E+00 0.00000E+00 0.00000E+00 0.00000E+00 0.00000E+00 0.00000E+00
 1.51010E+01 3.80317E+00 6.11484E+04 1.51010E+01 3.80317E+00 0.00000E+00 0.00000E+00 0.00000E+00 0.00000E+00 0.00000E+00 0.00000E+00 0.00000E+00
 1.84991E+01 4.47232E+00 6.12173E+04 1.84991E+01 4.47232E+00 0.00000E+00 0.00000E+00 0.00000E+00 0.00000E+00 0.00000E+00 0.00000E+00 0.00000E+00
 2.25282E+01 5.17222E+00 6.13326E+04 2.25282E+01 5.17222E+00 0.00000E+00 0.00000E+00 0.00000E+00 0.00000E+00 0.00000E+00 0.00000E+00 0.00000E+00
 2.72625E+01 5.89399E+00 6.15058E+04 2.72625E+01 5.89399E+00 0.00000E+00 0.00000E+00 0.00000E+00 0.00000E+00 0.00000E+00 0.00000E+00 0.00000E+00
 3.27960E+01 6.63079E+00 6.17501E+04 3.27960E+01 6.63079E+00 0.00000E+00 0.00000E+00 0.00000E+00 0.00000E+00 0.00000E+00 0.00000E+00 0.00000E+00
 3.92134E+01 7.37238E+00 6.20772E+04 3.92134E+01 7.37238E+00 0.00000E+00 0.00000E+00 0.00000E+00 0.00000E+00 0.00000E+00 0.00000E+00 0.00000E+00
 4.65963E+01 8.10786E+00 6.24980E+04 4.65963E+01 8.10786E+00 0.00000E+00 0.00000E+00 0.00000E+00 0.00000E+00 0.00000E+00 0.00000E+00 0.00000E+00
 5.50366E+01 8.82821E+00 6.30242E+04 5.50366E+01 8.82821E+00 0.00000E+00 0.00000E+00 0.00000E+00 0.00000E+00 0.00000E+00 0.00000E+00 0.00000E+00
 6.46282E+01 9.52488E+00 6.36676E+04 6.46282E+01 9.52488E+00 0.00000E+00 0.00000E+00 0.00000E+00 0.00000E+00 0.00000E+00 0.00000E+00 0.00000E+00
 7.54661E+01 1.01899E+01 6.44395E+04 7.54661E+01 1.01899E+01 0.00000E+00 0.00000E+00 0.00000E+00 0.00000E+00 0.00000E+00 0.00000E+00 0.00000E+00
 8.76450E+01 1.08161E+01 6.53515E+04 8.76450E+01 1.08161E+01 0.00000E+00 0.00000E+00 0.00000E+00 0.00000E+00 0.00000E+00 0.00000E+00 0.00000E+00
 1.01259E+02 1.13969E+01 6.64144E+04 1.01259E+02 1.13969E+01 0.00000E+00 0.00000E+00 0.00000E+00 0.00000E+00 0.00000E+00 0.00000E+00 0.00000E+00
 1.16398E+02 1.19268E+01 6.76390E+04 1.16398E+02 1.19268E+01 0.00000E+00 0.00000E+00 0.00000E+00 0.00000E+00 0.00000E+00 0.00000E+00 0.00000E+00
 1.33151E+02 1.24014E+01 6.90354E+04 1.33151E+02 1.24014E+01 0.00000E+00 0.00000E+00 0.00000E+00 0.00000E+00 0.00000E+00 0.00000E+00 0.00000E+00
 1.51601E+02 1.28169E+01 7.06135E+04 1.51601E+02 1.28169E+01 0.00000E+00 0.00000E+00 0.00000E+00 0.00000E+00 0.00000E+00 0.00000E+00 0.00000E+00
 1.71857E+02 1.31721E+01 7.23858E+04 1.71857E+02 1.31721E+01 0.00000E+00 0.00000E+00 0.00000E+00 0.00000E+00 0.00000E+00 0.00000E+00 0.00000E+00
 1.93973E+02 1.34642E+01 7.43586E+04 1.93973E+02 1.34642E+01 0.00000E+00 0.00000E+00 0.00000E+00 0.00000E+00 0.00000E+00 0.00000E+00 0.00000E+00
 3.62812E+00 2.83874E-01 4.52316E+04 3.62812E+00 2.83874E-01 0.00000E+00 0.00000E+00 0.00000E+00 0.00000E+00 0.00000E+00 0.00000E+00 0.00000E+00
 4.05610E+00 5.10521E-01 4.53400E+04 4.05610E+00 5.10521E-01 0.00000E+00 0.00000E+00 0.00000E+00 0.00000E+00 0.00000E+00 0.00000E+00 0.00000E+00
 4.69898E+00 8.01075E-01 4.54133E+04 4.69898E+00 8.01075E-01 0.00000E+00 0.00000E+00 0.00000E+00 0.00000E+00 0.00000E+00 0.00000E+00 0.00000E+00
 5.56286E+00 1.15050E+00 4.54589E+04 5.56286E+00 1.15050E+00 0.00000E+00 0.00000E+00 0.00000E+00 0.00000E+00 0.00000E+00 0.00000E+00 0.00000E+00
 6.67371E+00 1.55223E+00 4.54861E+04 6.67371E+00 1.55223E+00 0.00000E+00 0.00000E+00 0.00000E+00 0.00000E+00 0.00000E+00 0.00000E+00 0.00000E+00
 8.07424E+00 2.00510E+00 4.55050E+04 8.07424E+00 2.00510E+00 0.00000E+00 0.00000E+00 0.00000E+00 0.00000E+00 0.00000E+00 0.00000E+00 0.00000E+00
 9.79464E+00 2.50023E+00 4.55228E+04 9.79464E+00 2.50023E+00 0.00000E+00 0.00000E+00 0.00000E+00 0.00000E+00 0.00000E+00 0.00000E+00 0.00000E+00
 1.13469E+01 2.90041E+00 4.55381E+04 1.13469E+01 2.90041E+00 0.00000E+00 0.00000E+00 0.00000E+00 0.00000E+00 0.00000E+00 0.00000E+00 0.00000E+00
 1.18120E+01 3.02450E+00 4.55370E+04 1.18120E+01 3.02450E+00 0.00000E+00 0.00000E+00 0.00000E+00 0.00000E+00 0.00000E+00 0.00000E+00 0.00000E+00
 1.44310E+01 3.60483E+00 4.55534E+04 1.44310E+01 3.60483E+00 0.00000E+00 0.00000E+00 0.00000E+00 0.00000E+00 0.00000E+00 0.00000E+00 0.00000E+00
 1.76092E+01 4.21348E+00 4.55992E+04 1.76092E+01 4.21348E+00 0.00000E+00 0.00000E+00 0.00000E+00 0.00000E+00 0.00000E+00 0.00000E+00 0.00000E+00
 2.13589E+01 4.84490E+00 4.56779E+04 2.13589E+01 4.84490E+00 0.00000E+00 0.00000E+00 0.00000E+00 0.00000E+00 0.00000E+00 0.00000E+00 0.00000E+00
 2.57445E+01 5.49085E+00 4.57976E+04 2.57445E+01 5.49085E+00 0.00000E+00 0.00000E+00 0.00000E+00 0.00000E+00 0.00000E+00 0.00000E+00 0.00000E+00
 3.08471E+01 6.14495E+00 4.59674E+04 3.08471E+01 6.14495E+00 0.00000E+00 0.00000E+00 0.00000E+00 0.00000E+00 0.00000E+00 0.00000E+00 0.00000E+00
 3.67390E+01 6.79800E+00 4.61954E+04 3.67390E+01 6.79800E+00 0.00000E+00 0.00000E+00 0.00000E+00 0.00000E+00 0.00000E+00 0.00000E+00 0.00000E+00
 4.34890E+01 7.44033E+00 4.64889E+04 4.34890E+01 7.44033E+00 0.00000E+00 0.00000E+00 0.00000E+00 0.00000E+00 0.00000E+00 0.00000E+00 0.00000E+00
 5.11744E+01 8.06409E+00 4.68559E+04 5.11744E+01 8.06409E+00 0.00000E+00 0.00000E+00 0.00000E+00 0.00000E+00 0.00000E+00 0.00000E+00 0.00000E+00
 5.98735E+01 8.66189E+00 4.73040E+04 5.98735E+01 8.66189E+00 0.00000E+00 0.00000E+00 0.00000E+00 0.00000E+00 0.00000E+00 0.00000E+00 0.00000E+00
 6.96648E+01 9.22702E+00 4.78411E+04 6.96648E+01 9.22702E+00 0.00000E+00 0.00000E+00 0.00000E+00 0.00000E+00 0.00000E+00 0.00000E+00 0.00000E+00
 8.06257E+01 9.75343E+00 4.84744E+04 8.06257E+01 9.75343E+00 0.00000E+00 0.00000E+00 0.00000E+00 0.00000E+00 0.00000E+00 0.00000E+00 0.00000E+00
 9.28318E+01 1.02359E+01 4.92111E+04 9.28318E+01 1.02359E+01 0.00000E+00 0.00000E+00 0.00000E+00 0.00000E+00 0.00000E+00 0.00000E+00 0.00000E+00
 1.06356E+02 1.06701E+01 5.00581E+04 1.06356E+02 1.06701E+01 0.00000E+00 0.00000E+00 0.00000E+00 0.00000E+00 0.00000E+00 0.00000E+00 0.00000E+00
 1.21267E+02 1.10525E+01 5.10218E+04 1.21267E+02 1.10525E+01 0.00000E+00 0.00000E+00 0.00000E+00 0.00000E+00 0.00000E+00 0.00000E+00 0.00000E+00
 1.37629E+02 1.13804E+01 5.21083E+04 1.37629E+02 1.13804E+01 0.00000E+00 0.00000E+00 0.00000E+00 0.00000E+00 0.00000E+00 0.00000E+00 0.00000E+00
 1.55527E+02 1.16534E+01 5.33254E+04 1.55527E+02 1.16534E+01 0.00000E+00 0.00000E+00 0.00000E+00 0.00000E+00 0.00000E+00 0.00000E+00 0.00000E+00
 1.75000E+02 1.18694E+01 5.46770E+04 1.75000E+02 1.18694E+01 0.00000E+00 0.00000E+00 0.00000E+00 0.00000E+00 0.00000E+00 0.00000E+00 0.00000E+00
 3.45245E+00 2.72476E-01 3.35632E+04 3.45245E+00 2.72476E-01 0.00000E+00 0.00000E+00 0.00000E+00 0.00000E+00 0.00000E+00 0.00000E+00 0.00000E+00
 3.88407E+00 5.01659E-01 3.36440E+04 3.88407E+00 5.01659E-01 0.00000E+00 0.00000E+00 0.00000E+00 0.00000E+00 0.00000E+00 0.00000E+00 0.00000E+00
 4.51881E+00 7.87775E-01 3.36994E+04 4.51881E+00 7.87775E-01 0.00000E+00 0.00000E+00 0.00000E+00 0.00000E+00 0.00000E+00 0.00000E+00 0.00000E+00
 5.35936E+00 1.12561E+00 3.37346E+04 5.35936E+00 1.12561E+00 0.00000E+00 0.00000E+00 0.00000E+00 0.00000E+00 0.00000E+00 0.00000E+00 0.00000E+00
 6.42860E+00 1.50854E+00 3.37562E+04 6.42860E+00 1.50854E+00 0.00000E+00 0.00000E+00 0.00000E+00 0.00000E+00 0.00000E+00 0.00000E+00 0.00000E+00
 7.76446E+00 1.93491E+00 3.37716E+04 7.76446E+00 1.93491E+00 0.00000E+00 0.00000E+00 0.00000E+00 0.00000E+00 0.00000E+00 0.00000E+00 0.00000E+00
 9.39305E+00 2.39618E+00 3.37859E+04 9.39305E+00 2.39618E+00 0.00000E+00 0.00000E+00 0.00000E+00 0.00000E+00 0.00000E+00 0.00000E+00 0.00000E+00
 1.08546E+01 2.76608E+00 3.37979E+04 1.08546E+01 2.76608E+00 0.00000E+00 0.00000E+00 0.00000E+00 0.00000E+00 0.00000E+00 0.00000E+00 0.00000E+00
 1.12904E+01 2.88012E+00 3.37972E+04 1.12904E+01 2.88012E+00 0.00000E+00 0.00000E+00 0.00000E+00 0.00000E+00 0.00000E+00 0.00000E+00 0.00000E+00
 1.37387E+01 3.41098E+00 3.38096E+04 1.37387E+01 3.41098E+00 0.00000E+00 0.00000E+00 0.00000E+00 0.00000E+00 0.00000E+00 0.00000E+00 0.00000E+00
 1.66931E+01 3.96295E+00 3.38426E+04 1.66931E+01 3.96295E+00 0.00000E+00 0.00000E+00 0.00000E+00 0.00000E+00 0.00000E+00 0.00000E+00 0.00000E+00
 2.01598E+01 4.53085E+00 3.38986E+04 2.01598E+01 4.53085E+00 0.00000E+00 0.00000E+00 0.00000E+00 0.00000E+00 0.00000E+00 0.00000E+00 0.00000E+00
 2.41933E+01 5.10711E+00 3.39830E+04 2.41933E+01 5.10711E+00 0.00000E+00 0.00000E+00 0.00000E+00 0.00000E+00 0.00000E+00 0.00000E+00 0.00000E+00
 2.88627E+01 5.68587E+00 3.41023E+04 2.88627E+01 5.68587E+00 0.00000E+00 0.00000E+00 0.00000E+00 0.00000E+00 0.00000E+00 0.00000E+00 0.00000E+00
 3.42281E+01 6.25890E+00 3.42618E+04 3.42281E+01 6.25890E+00 0.00000E+00 0.00000E+00 0.00000E+00 0.00000E+00 0.00000E+00 0.00000E+00 0.00000E+00
 4.03463E+01 6.81775E+00 3.44665E+04 4.03463E+01 6.81775E+00 0.00000E+00 0.00000E+00 0.00000E+00 0.00000E+00 0.00000E+00 0.00000E+00 0.00000E+00
 4.72807E+01 7.35559E+00 3.47215E+04 4.72807E+01 7.35559E+00 0.00000E+00 0.00000E+00 0.00000E+00 0.00000E+00 0.00000E+00 0.00000E+00 0.00000E+00
 5.50949E+01 7.86616E+00 3.50321E+04 5.50949E+01 7.86616E+00 0.00000E+00 0.00000E+00 0.00000E+00 0.00000E+00 0.00000E+00 0.00000E+00 0.00000E+00
 6.38520E+01 8.34382E+00 3.54031E+04 6.38520E+01 8.34382E+00 0.00000E+00 0.00000E+00 0.00000E+00 0.00000E+00 0.00000E+00 0.00000E+00 0.00000E+00
 7.36131E+01 8.78362E+00 3.58392E+04 7.36131E+01 8.78362E+00 0.00000E+00 0.00000E+00 0.00000E+00 0.00000E+00 0.00000E+00 0.00000E+00 0.00000E+00
 8.44373E+01 9.18139E+00 3.63451E+04 8.44373E+01 9.18139E+00 0.00000E+00 0.00000E+00 0.00000E+00 0.00000E+00 0.00000E+00 0.00000E+00 0.00000E+00
 9.63802E+01 9.53376E+00 3.69250E+04 9.63802E+01 9.53376E+00 0.00000E+00 0.00000E+00 0.00000E+00 0.00000E+00 0.00000E+00 0.00000E+00 0.00000E+00
 1.09494E+02 9.83815E+00 3.75827E+04 1.09494E+02 9.83815E+00 0.00000E+00 0.00000E+00 0.00000E+00 0.00000E+00 0.00000E+00 0.00000E+00 0.00000E+00
 1.23824E+02 1.00928E+01 3.83220E+04 1.23824E+02 1.00928E+01 0.00000E+00 0.00000E+00 0.00000E+00 0.00000E+00 0.00000E+00 0.00000E+00 0.00000E+00
 1.39436E+02 1.02976E+01 3.91476E+04 1.39436E+02 1.02976E+01 0.00000E+00 0.00000E+00 0.00000E+00 0.00000E+00 0.00000E+00 0.00000E+00 0.00000E+00
 1.56352E+02 1.04515E+01 4.00615E+04 1.56352E+02 1.04515E+01 0.00000E+00 0.00000E+00 0.00000E+00 0.00000E+00 0.00000E+00 0.00000E+00 0.00000E+00
 3.28862E+00 2.62149E-01 2.49284E+04 3.28862E+00 2.62149E-01 0.00000E+00 0.00000E+00 0.00000E+00 0.00000E+00 0.00000E+00 0.00000E+00 0.00000E+00
 3.72258E+00 4.92943E-01 2.49893E+04 3.72258E+00 4.92943E-01 0.00000E+00 0.00000E+00 0.00000E+00 0.00000E+00 0.00000E+00 0.00000E+00 0.00000E+00
 4.34808E+00 7.73747E-01 2.50320E+04 4.34808E+00 7.73747E-01 0.00000E+00 0.00000E+00 0.00000E+00 0.00000E+00 0.00000E+00 0.00000E+00 0.00000E+00
 5.16457E+00 1.09939E+00 2.50598E+04 5.16457E+00 1.09939E+00 0.00000E+00 0.00000E+00 0.00000E+00 0.00000E+00 0.00000E+00 0.00000E+00 0.00000E+00
 6.19216E+00 1.46335E+00 2.50777E+04 6.19216E+00 1.46335E+00 0.00000E+00 0.00000E+00 0.00000E+00 0.00000E+00 0.00000E+00 0.00000E+00 0.00000E+00
 7.46445E+00 1.86370E+00 2.50911E+04 7.46445E+00 1.86370E+00 0.00000E+00 0.00000E+00 0.00000E+00 0.00000E+00 0.00000E+00 0.00000E+00 0.00000E+00
 9.00396E+00 2.29229E+00 2.51035E+04 9.00396E+00 2.29229E+00 0.00000E+00 0.00000E+00 0.00000E+00 0.00000E+00 0.00000E+00 0.00000E+00 0.00000E+00
 1.03783E+01 2.63334E+00 2.51135E+04 1.03783E+01 2.63334E+00 0.00000E+00 0.00000E+00 0.00000E+00 0.00000E+00 0.00000E+00 0.00000E+00 0.00000E+00
 1.07861E+01 2.73789E+00 2.51133E+04 1.07861E+01 2.73789E+00 0.00000E+00 0.00000E+00 0.00000E+00 0.00000E+00 0.00000E+00 0.00000E+00 0.00000E+00
 1.30720E+01 3.22232E+00 2.51235E+04 1.30720E+01 3.22232E+00 0.00000E+00 0.00000E+00 0.00000E+00 0.00000E+00 0.00000E+00 0.00000E+00 0.00000E+00
 1.58151E+01 3.72168E+00 2.51482E+04 1.58151E+01 3.72168E+00 0.00000E+00 0.00000E+00 0.00000E+00 0.00000E+00 0.00000E+00 0.00000E+00 0.00000E+00
 1.90169E+01 4.23121E+00 2.51888E+04 1.90169E+01 4.23121E+00 0.00000E+00 0.00000E+00 0.00000E+00 0.00000E+00 0.00000E+00 0.00000E+00 0.00000E+00
 2.27232E+01 4.74404E+00 2.52492E+04 2.27232E+01 4.74404E+00 0.00000E+00 0.00000E+00 0.00000E+00 0.00000E+00 0.00000E+00 0.00000E+00 0.00000E+00
 2.69928E+01 5.25484E+00 2.53336E+04 2.69928E+01 5.25484E+00 0.00000E+00 0.00000E+00 0.00000E+00 0.00000E+00 0.00000E+00 0.00000E+00 0.00000E+00
 3.18757E+01 5.75630E+00 2.54457E+04 3.18757E+01 5.75630E+00 0.00000E+00 0.00000E+00 0.00000E+00 0.00000E+00 0.00000E+00 0.00000E+00 0.00000E+00
 3.74186E+01 6.24108E+00 2.55888E+04 3.74186E+01 6.24108E+00 0.00000E+00 0.00000E+00 0.00000E+00 0.00000E+00 0.00000E+00 0.00000E+00 0.00000E+00
 4.36735E+01 6.70333E+00 2.57663E+04 4.36735E+01 6.70333E+00 0.00000E+00 0.00000E+00 0.00000E+00 0.00000E+00 0.00000E+00 0.00000E+00 0.00000E+00
 5.06918E+01 7.13776E+00 2.59815E+04 5.06918E+01 7.13776E+00 0.00000E+00 0.00000E+00 0.00000E+00 0.00000E+00 0.00000E+00 0.00000E+00 0.00000E+00
 5.85239E+01 7.53969E+00 2.62376E+04 5.85239E+01 7.53969E+00 0.00000E+00 0.00000E+00 0.00000E+00 0.00000E+00 0.00000E+00 0.00000E+00 0.00000E+00
 6.72181E+01 7.90514E+00 2.65377E+04 6.72181E+01 7.90514E+00 0.00000E+00 0.00000E+00 0.00000E+00 0.00000E+00 0.00000E+00 0.00000E+00 0.00000E+00
 7.68200E+01 8.23084E+00 2.68844E+04 7.68200E+01 8.23084E+00 0.00000E+00 0.00000E+00 0.00000E+00 0.00000E+00 0.00000E+00 0.00000E+00 0.00000E+00
 8.73719E+01 8.51426E+00 2.72805E+04 8.73719E+01 8.51426E+00 0.00000E+00 0.00000E+00 0.00000E+00 0.00000E+00 0.00000E+00 0.00000E+00 0.00000E+00
 9.89122E+01 8.75360E+00 2.77284E+04 9.89122E+01 8.75360E+00 0.00000E+00 0.00000E+00 0.00000E+00 0.00000E+00 0.00000E+00 0.00000E+00 0.00000E+00
 1.11474E+02 8.94778E+00 2.82300E+04 1.11474E+02 8.94778E+00 0.00000E+00 0.00000E+00 0.00000E+00 0.00000E+00 0.00000E+00 0.00000E+00 0.00000E+00
 1.25105E+02 9.09705E+00 2.87883E+04 1.25105E+02 9.09705E+00 0.00000E+00 0.00000E+00 0.00000E+00 0.00000E+00 0.00000E+00 0.00000E+00 0.00000E+00
 1.39816E+02 9.20106E+00 2.94042E+04 1.39816E+02 9.20106E+00 0.00000E+00 0.00000E+00 0.00000E+00 0.00000E+00 0.00000E+00 0.00000E+00 0.00000E+00
 3.12880E+00 2.52915E-01 1.84862E+04 3.12880E+00 2.52915E-01 0.00000E+00 0.00000E+00 0.00000E+00 0.00000E+00 0.00000E+00 0.00000E+00 0.00000E+00
 3.56386E+00 4.84121E-01 1.85331E+04 3.56386E+00 4.84121E-01 0.00000E+00 0.00000E+00 0.00000E+00 0.00000E+00 0.00000E+00 0.00000E+00 0.00000E+00
 4.17891E+00 7.58640E-01 1.85668E+04 4.17891E+00 7.58640E-01 0.00000E+00 0.00000E+00 0.00000E+00 0.00000E+00 0.00000E+00 0.00000E+00 0.00000E+00
 4.97024E+00 1.07152E+00 1.85898E+04 4.97024E+00 1.07152E+00 0.00000E+00 0.00000E+00 0.00000E+00 0.00000E+00 0.00000E+00 0.00000E+00 0.00000E+00
 5.95533E+00 1.41650E+00 1.86056E+04 5.95533E+00 1.41650E+00 0.00000E+00 0.00000E+00 0.00000E+00 0.00000E+00 0.00000E+00 0.00000E+00 0.00000E+00
 7.16370E+00 1.79151E+00 1.86181E+04 7.16370E+00 1.79151E+00 0.00000E+00 0.00000E+00 0.00000E+00 0.00000E+00 0.00000E+00 0.00000E+00 0.00000E+00
 8.61452E+00 2.18891E+00 1.86297E+04 8.61452E+00 2.18891E+00 0.00000E+00 0.00000E+00 0.00000E+00 0.00000E+00 0.00000E+00 0.00000E+00 0.00000E+00
 9.90256E+00 2.50276E+00 1.86388E+04 9.90256E+00 2.50276E+00 0.00000E+00 0.00000E+00 0.00000E+00 0.00000E+00 0.00000E+00 0.00000E+00 0.00000E+00
 1.02828E+01 2.59844E+00 1.86391E+04 1.02828E+01 2.59844E+00 0.00000E+00 0.00000E+00 0.00000E+00 0.00000E+00 0.00000E+00 0.00000E+00 0.00000E+00
 1.24092E+01 3.03976E+00 1.86487E+04 1.24092E+01 3.03976E+00 0.00000E+00 0.00000E+00 0.00000E+00 0.00000E+00 0.00000E+00 0.00000E+00 0.00000E+00
 1.49462E+01 3.49084E+00 1.86684E+04 1.49462E+01 3.49084E+00 0.00000E+00 0.00000E+00 0.00000E+00 0.00000E+00 0.00000E+00 0.00000E+00 0.00000E+00
 1.78907E+01 3.94737E+00 1.86990E+04 1.78907E+01 3.94737E+00 0.00000E+00 0.00000E+00 0.00000E+00 0.00000E+00 0.00000E+00 0.00000E+00 0.00000E+00
 2.12812E+01 4.40313E+00 1.87433E+04 2.12812E+01 4.40313E+00 0.00000E+00 0.00000E+00 0.00000E+00 0.00000E+00 0.00000E+00 0.00000E+00 0.00000E+00
 2.51666E+01 4.85334E+00 1.88042E+04 2.51666E+01 4.85334E+00 0.00000E+00 0.00000E+00 0.00000E+00 0.00000E+00 0.00000E+00 0.00000E+00 0.00000E+00
 2.95881E+01 5.29157E+00 1.88840E+04 2.95881E+01 5.29157E+00 0.00000E+00 0.00000E+00 0.00000E+00 0.00000E+00 0.00000E+00 0.00000E+00 0.00000E+00
 3.45831E+01 5.71146E+00 1.89849E+04 3.45831E+01 5.71146E+00 0.00000E+00 0.00000E+00 0.00000E+00 0.00000E+00 0.00000E+00 0.00000E+00 0.00000E+00
 4.01934E+01 6.10803E+00 1.91092E+04 4.01934E+01 6.10803E+00 0.00000E+00 0.00000E+00 0.00000E+00 0.00000E+00 0.00000E+00 0.00000E+00 0.00000E+00
 4.64599E+01 6.47686E+00 1.92590E+04 4.64599E+01 6.47686E+00 0.00000E+00 0.00000E+00 0.00000E+00 0.00000E+00 0.00000E+00 0.00000E+00 0.00000E+00
 5.34216E+01 6.81413E+00 1.94364E+04 5.34216E+01 6.81413E+00 0.00000E+00 0.00000E+00 0.00000E+00 0.00000E+00 0.00000E+00 0.00000E+00 0.00000E+00
 6.11154E+01 7.11666E+00 1.96432E+04 6.11154E+01 7.11666E+00 0.00000E+00 0.00000E+00 0.00000E+00 0.00000E+00 0.00000E+00 0.00000E+00 0.00000E+00
 6.95756E+01 7.38195E+00 1.98812E+04 6.95756E+01 7.38195E+00 0.00000E+00 0.00000E+00 0.00000E+00 0.00000E+00 0.00000E+00 0.00000E+00 0.00000E+00
 7.88327E+01 7.60817E+00 2.01519E+04 7.88327E+01 7.60817E+00 0.00000E+00 0.00000E+00 0.00000E+00 0.00000E+00 0.00000E+00 0.00000E+00 0.00000E+00
 8.89137E+01 7.79414E+00 2.04566E+04 8.89137E+01 7.79414E+00 0.00000E+00 0.00000E+00 0.00000E+00 0.00000E+00 0.00000E+00 0.00000E+00 0.00000E+00
 9.98406E+01 7.93933E+00 2.07967E+04 9.98406E+01 7.93933E+00 0.00000E+00 0.00000E+00 0.00000E+00 0.00000E+00 0.00000E+00 0.00000E+00 0.00000E+00
 1.11646E+02 8.04430E+00 2.11737E+04 1.11646E+02 8.04430E+00 0.00000E+00 0.00000E+00 0.00000E+00 0.00000E+00 0.00000E+00 0.00000E+00 0.00000E+00
 1.24334E+02 8.10918E+00 2.15881E+04 1.24334E+02 8.10918E+00 0.00000E+00 0.00000E+00 0.00000E+00 0.00000E+00 0.00000E+00 0.00000E+00 0.00000E+00
 2.97469E+00 2.45049E-01 1.36944E+04 2.97469E+00 2.45049E-01 0.00000E+00 0.00000E+00 0.00000E+00 0.00000E+00 0.00000E+00 0.00000E+00 0.00000E+00
 3.41008E+00 4.75203E-01 1.37355E+04 3.41008E+00 4.75203E-01 0.00000E+00 0.00000E+00 0.00000E+00 0.00000E+00 0.00000E+00 0.00000E+00 0.00000E+00
 4.01360E+00 7.42335E-01 1.37666E+04 4.01360E+00 7.42335E-01 0.00000E+00 0.00000E+00 0.00000E+00 0.00000E+00 0.00000E+00 0.00000E+00 0.00000E+00
 4.77860E+00 1.04184E+00 1.37896E+04 4.77860E+00 1.04184E+00 0.00000E+00 0.00000E+00 0.00000E+00 0.00000E+00 0.00000E+00 0.00000E+00 0.00000E+00
 5.72022E+00 1.36779E+00 1.38071E+04 5.72022E+00 1.36779E+00 0.00000E+00 0.00000E+00 0.00000E+00 0.00000E+00 0.00000E+00 0.00000E+00 0.00000E+00
 6.86431E+00 1.71808E+00 1.38217E+04 6.86431E+00 1.71808E+00 0.00000E+00 0.00000E+00 0.00000E+00 0.00000E+00 0.00000E+00 0.00000E+00 0.00000E+00
 8.22721E+00 2.08565E+00 1.38353E+04 8.22721E+00 2.08565E+00 0.00000E+00 0.00000E+00 0.00000E+00 0.00000E+00 0.00000E+00 0.00000E+00 0.00000E+00
 9.43061E+00 2.37378E+00 1.38457E+04 9.43061E+00 2.37378E+00 0.00000E+00 0.00000E+00 0.00000E+00 0.00000E+00 0.00000E+00 0.00000E+00 0.00000E+00
 9.78406E+00 2.46115E+00 1.38469E+04 9.78406E+00 2.46115E+00 0.00000E+00 0.00000E+00 0.00000E+00 0.00000E+00 0.00000E+00 0.00000E+00 0.00000E+00
 1.17562E+01 2.86232E+00 1.38583E+04 1.17562E+01 2.86232E+00 0.00000E+00 0.00000E+00 0.00000E+00 0.00000E+00 0.00000E+00 0.00000E+00 0.00000E+00
 1.40963E+01 3.26891E+00 1.38766E+04 1.40963E+01 3.26891E+00 0.00000E+00 0.00000E+00 0.00000E+00 0.00000E+00 0.00000E+00 0.00000E+00 0.00000E+00
 1.67978E+01 3.67705E+00 1.39023E+04 1.67978E+01 3.67705E+00 0.00000E+00 0.00000E+00 0.00000E+00 0.00000E+00 0.00000E+00 0.00000E+00 0.00000E+00
 1.98930E+01 4.08119E+00 1.39373E+04 1.98930E+01 4.08119E+00 0.00000E+00 0.00000E+00 0.00000E+00 0.00000E+00 0.00000E+00 0.00000E+00 0.00000E+00
 2.34231E+01 4.47704E+00 1.39835E+04 2.34231E+01 4.47704E+00 0.00000E+00 0.00000E+00 0.00000E+00 0.00000E+00 0.00000E+00 0.00000E+00 0.00000E+00
 2.74220E+01 4.85899E+00 1.40425E+04 2.74220E+01 4.85899E+00 0.00000E+00 0.00000E+00 0.00000E+00 0.00000E+00 0.00000E+00 0.00000E+00 0.00000E+00
 3.19200E+01 5.22159E+00 1.41159E+04 3.19200E+01 5.22159E+00 0.00000E+00 0.00000E+00 0.00000E+00 0.00000E+00 0.00000E+00 0.00000E+00 0.00000E+00
 3.69509E+01 5.56064E+00 1.42052E+04 3.69509E+01 5.56064E+00 0.00000E+00 0.00000E+00 0.00000E+00 0.00000E+00 0.00000E+00 0.00000E+00 0.00000E+00
 4.25472E+01 5.87248E+00 1.43116E+04 4.25472E+01 5.87248E+00 0.00000E+00 0.00000E+00 0.00000E+00 0.00000E+00 0.00000E+00 0.00000E+00 0.00000E+00
 4.87395E+01 6.15404E+00 1.44365E+04 4.87395E+01 6.15404E+00 0.00000E+00 0.00000E+00 0.00000E+00 0.00000E+00 0.00000E+00 0.00000E+00 0.00000E+00
 5.55563E+01 6.40284E+00 1.45811E+04 5.55563E+01 6.40284E+00 0.00000E+00 0.00000E+00 0.00000E+00 0.00000E+00 0.00000E+00 0.00000E+00 0.00000E+00
 6.30229E+01 6.61704E+00 1.47465E+04 6.30229E+01 6.61704E+00 0.00000E+00 0.00000E+00 0.00000E+00 0.00000E+00 0.00000E+00 0.00000E+00 0.00000E+00
 7.11617E+01 6.79539E+00 1.49335E+04 7.11617E+01 6.79539E+00 0.00000E+00 0.00000E+00 0.00000E+00 0.00000E+00 0.00000E+00 0.00000E+00 0.00000E+00
 7.99912E+01 6.93723E+00 1.51431E+04 7.99912E+01 6.93723E+00 0.00000E+00 0.00000E+00 0.00000E+00 0.00000E+00 0.00000E+00 0.00000E+00 0.00000E+00
 8.95256E+01 7.04246E+00 1.53758E+04 8.95256E+01 7.04246E+00 0.00000E+00 0.00000E+00 0.00000E+00 0.00000E+00 0.00000E+00 0.00000E+00 0.00000E+00
 9.97874E+01 7.11187E+00 1.56326E+04 9.97874E+01 7.11187E+00 0.00000E+00 0.00000E+00 0.00000E+00 0.00000E+00 0.00000E+00 0.00000E+00 0.00000E+00
 1.10774E+02 7.14597E+00 1.59137E+04 1.10774E+02 7.14597E+00 0.00000E+00 0.00000E+00 0.00000E+00 0.00000E+00 0.00000E+00 0.00000E+00 0.00000E+00
 2.85091E+00 2.38228E-01 1.02352E+04 2.85091E+00 2.38228E-01 0.00000E+00 0.00000E+00 0.00000E+00 0.00000E+00 0.00000E+00 0.00000E+00 0.00000E+00
 3.28351E+00 4.65823E-01 1.02682E+04 3.28351E+00 4.65823E-01 0.00000E+00 0.00000E+00 0.00000E+00 0.00000E+00 0.00000E+00 0.00000E+00 0.00000E+00
 3.87311E+00 7.24534E-01 1.02940E+04 3.87311E+00 7.24534E-01 0.00000E+00 0.00000E+00 0.00000E+00 0.00000E+00 0.00000E+00 0.00000E+00 0.00000E+00
 4.61084E+00 1.01013E+00 1.03138E+04 4.61084E+00 1.01013E+00 0.00000E+00 0.00000E+00 0.00000E+00 0.00000E+00 0.00000E+00 0.00000E+00 0.00000E+00
 5.51016E+00 1.31706E+00 1.03294E+04 5.51016E+00 1.31706E+00 0.00000E+00 0.00000E+00 0.00000E+00 0.00000E+00 0.00000E+00 0.00000E+00 0.00000E+00
 6.59417E+00 1.64324E+00 1.03428E+04 6.59417E+00 1.64324E+00 0.00000E+00 0.00000E+00 0.00000E+00 0.00000E+00 0.00000E+00 0.00000E+00 0.00000E+00
 7.87721E+00 1.98211E+00 1.03553E+04 7.87721E+00 1.98211E+00 0.00000E+00 0.00000E+00 0.00000E+00 0.00000E+00 0.00000E+00 0.00000E+00 0.00000E+00
 9.00509E+00 2.24577E+00 1.03648E+04 9.00509E+00 2.24577E+00 0.00000E+00 0.00000E+00 0.00000E+00 0.00000E+00 0.00000E+00 0.00000E+00 0.00000E+00
 9.33497E+00 2.32528E+00 1.03662E+04 9.33497E+00 2.32528E+00 0.00000E+00 0.00000E+00 0.00000E+00 0.00000E+00 0.00000E+00 0.00000E+00 0.00000E+00
 1.11728E+01 2.68863E+00 1.03769E+04 1.11728E+01 2.68863E+00 0.00000E+00 0.00000E+00 0.00000E+00 0.00000E+00 0.00000E+00 0.00000E+00 0.00000E+00
 1.33440E+01 3.05367E+00 1.03924E+04 1.33440E+01 3.05367E+00 0.00000E+00 0.00000E+00 0.00000E+00 0.00000E+00 0.00000E+00 0.00000E+00 0.00000E+00
 1.58403E+01 3.41692E+00 1.04131E+04 1.58403E+01 3.41692E+00 0.00000E+00 0.00000E+00 0.00000E+00 0.00000E+00 0.00000E+00 0.00000E+00 0.00000E+00
 1.86893E+01 3.77347E+00 1.04401E+04 1.86893E+01 3.77347E+00 0.00000E+00 0.00000E+00 0.00000E+00 0.00000E+00 0.00000E+00 0.00000E+00 0.00000E+00
 2.19267E+01 4.11950E+00 1.04749E+04 2.19267E+01 4.11950E+00 0.00000E+00 0.00000E+00 0.00000E+00 0.00000E+00 0.00000E+00 0.00000E+00 0.00000E+00
 2.55812E+01 4.45016E+00 1.05185E+04 2.55812E+01 4.45016E+00 0.00000E+00 0.00000E+00 0.00000E+00 0.00000E+00 0.00000E+00 0.00000E+00 0.00000E+00
 2.96784E+01 4.76083E+00 1.05721E+04 2.96784E+01 4.76083E+00 0.00000E+00 0.00000E+00 0.00000E+00 0.00000E+00 0.00000E+00 0.00000E+00 0.00000E+00
 3.42465E+01 5.04802E+00 1.06364E+04 3.42465E+01 5.04802E+00 0.00000E+00 0.00000E+00 0.00000E+00 0.00000E+00 0.00000E+00 0.00000E+00 0.00000E+00
 3.93124E+01 5.30878E+00 1.07126E+04 3.93124E+01 5.30878E+00 0.00000E+00 0.00000E+00 0.00000E+00 0.00000E+00 0.00000E+00 0.00000E+00 0.00000E+00
 4.49011E+01 5.54069E+00 1.08014E+04 4.49011E+01 5.54069E+00 0.00000E+00 0.00000E+00 0.00000E+00 0.00000E+00 0.00000E+00 0.00000E+00 0.00000E+00
 5.10353E+01 5.74191E+00 1.09035E+04 5.10353E+01 5.74191E+00 0.00000E+00 0.00000E+00 0.00000E+00 0.00000E+00 0.00000E+00 0.00000E+00 0.00000E+00
 5.77353E+01 5.91116E+00 1.10197E+04 5.77353E+01 5.91116E+00 0.00000E+00 0.00000E+00 0.00000E+00 0.00000E+00 0.00000E+00 0.00000E+00 0.00000E+00
 6.50178E+01 6.04770E+00 1.11505E+04 6.50178E+01 6.04770E+00 0.00000E+00 0.00000E+00 0.00000E+00 0.00000E+00 0.00000E+00 0.00000E+00 0.00000E+00
 7.28966E+01 6.15132E+00 1.12964E+04 7.28966E+01 6.15132E+00 0.00000E+00 0.00000E+00 0.00000E+00 0.00000E+00 0.00000E+00 0.00000E+00 0.00000E+00
 8.13814E+01 6.22228E+00 1.14577E+04 8.13814E+01 6.22228E+00 0.00000E+00 0.00000E+00 0.00000E+00 0.00000E+00 0.00000E+00 0.00000E+00 0.00000E+00
 9.04887E+01 6.26155E+00 1.16351E+04 9.04887E+01 6.26155E+00 0.00000E+00 0.00000E+00 0.00000E+00 0.00000E+00 0.00000E+00 0.00000E+00 0.00000E+00
 1.00214E+02 6.26995E+00 1.18286E+04 1.00214E+02 6.26995E+00 0.00000E+00 0.00000E+00 0.00000E+00 0.00000E+00 0.00000E+00 0.00000E+00 0.00000E+00
 2.71901E+00 2.32450E-01 7.60762E+03 2.71901E+00 2.32450E-01 0.00000E+00 0.00000E+00 0.00000E+00 0.00000E+00 0.00000E+00 0.00000E+00 0.00000E+00
 3.14727E+00 4.56039E-01 7.63583E+03 3.14727E+00 4.56039E-01 0.00000E+00 0.00000E+00 0.00000E+00 0.00000E+00 0.00000E+00 0.00000E+00 0.00000E+00
 3.72100E+00 7.05428E-01 7.65856E+03 3.72100E+00 7.05428E-01 0.00000E+00 0.00000E+00 0.00000E+00 0.00000E+00 0.00000E+00 0.00000E+00 0.00000E+00
 4.42924E+00 9.76754E-01 7.67666E+03 4.42924E+00 9.76754E-01 0.00000E+00 0.00000E+00 0.00000E+00 0.00000E+00 0.00000E+00 0.00000E+00 0.00000E+00
 5.28378E+00 1.26485E+00 7.69151E+03 5.28378E+00 1.26485E+00 0.00000E+00 0.00000E+00 0.00000E+00 0.00000E+00 0.00000E+00 0.00000E+00 0.00000E+00
 6.30489E+00 1.56765E+00 7.70455E+03 6.30489E+00 1.56765E+00 0.00000E+00 0.00000E+00 0.00000E+00 0.00000E+00 0.00000E+00 0.00000E+00 0.00000E+00
 7.50487E+00 1.87914E+00 7.71677E+03 7.50487E+00 1.87914E+00 0.00000E+00 0.00000E+00 0.00000E+00 0.00000E+00 0.00000E+00 0.00000E+00 0.00000E+00
 8.55450E+00 2.11964E+00 7.72592E+03 8.55450E+00 2.11964E+00 0.00000E+00 0.00000E+00 0.00000E+00 0.00000E+00 0.00000E+00 0.00000E+00 0.00000E+00
 8.86003E+00 2.19176E+00 7.72757E+03 8.86003E+00 2.19176E+00 0.00000E+00 0.00000E+00 0.00000E+00 0.00000E+00 0.00000E+00 0.00000E+00 0.00000E+00
 1.05590E+01 2.51973E+00 7.73820E+03 1.05590E+01 2.51973E+00 0.00000E+00 0.00000E+00 0.00000E+00 0.00000E+00 0.00000E+00 0.00000E+00 0.00000E+00
 1.25560E+01 2.84619E+00 7.75207E+03 1.25560E+01 2.84619E+00 0.00000E+00 0.00000E+00 0.00000E+00 0.00000E+00 0.00000E+00 0.00000E+00 0.00000E+00
 1.48406E+01 3.16808E+00 7.76942E+03 1.48406E+01 3.16808E+00 0.00000E+00 0.00000E+00 0.00000E+00 0.00000E+00 0.00000E+00 0.00000E+00 0.00000E+00
 1.74359E+01 3.48105E+00 7.79112E+03 1.74359E+01 3.48105E+00 0.00000E+00 0.00000E+00 0.00000E+00 0.00000E+00 0.00000E+00 0.00000E+00 0.00000E+00
 2.03716E+01 3.78177E+00 7.81812E+03 2.03716E+01 3.78177E+00 0.00000E+00 0.00000E+00 0.00000E+00 0.00000E+00 0.00000E+00 0.00000E+00 0.00000E+00
 2.36712E+01 4.06607E+00 7.85120E+03 2.36712E+01 4.06607E+00 0.00000E+00 0.00000E+00 0.00000E+00 0.00000E+00 0.00000E+00 0.00000E+00 0.00000E+00
 2.73548E+01 4.33010E+00 7.89100E+03 2.73548E+01 4.33010E+00 0.00000E+00 0.00000E+00 0.00000E+00 0.00000E+00 0.00000E+00 0.00000E+00 0.00000E+00
 3.14450E+01 4.57101E+00 7.93818E+03 3.14450E+01 4.57101E+00 0.00000E+00 0.00000E+00 0.00000E+00 0.00000E+00 0.00000E+00 0.00000E+00 0.00000E+00
 3.59624E+01 4.78648E+00 7.99335E+03 3.59624E+01 4.78648E+00 0.00000E+00 0.00000E+00 0.00000E+00 0.00000E+00 0.00000E+00 0.00000E+00 0.00000E+00
 4.09262E+01 4.97469E+00 8.05704E+03 4.09262E+01 4.97469E+00 0.00000E+00 0.00000E+00 0.00000E+00 0.00000E+00 0.00000E+00 0.00000E+00 0.00000E+00
 4.63529E+01 5.13434E+00 8.12974E+03 4.63529E+01 5.13434E+00 0.00000E+00 0.00000E+00 0.00000E+00 0.00000E+00 0.00000E+00 0.00000E+00 0.00000E+00
 5.22569E+01 5.26465E+00 8.21186E+03 5.22569E+01 5.26465E+00 0.00000E+00 0.00000E+00 0.00000E+00 0.00000E+00 0.00000E+00 0.00000E+00 0.00000E+00
 5.86491E+01 5.36531E+00 8.30372E+03 5.86491E+01 5.36531E+00 0.00000E+00 0.00000E+00 0.00000E+00 0.00000E+00 0.00000E+00 0.00000E+00 0.00000E+00
 6.55379E+01 5.43647E+00 8.40562E+03 6.55379E+01 5.43647E+00 0.00000E+00 0.00000E+00 0.00000E+00 0.00000E+00 0.00000E+00 0.00000E+00 0.00000E+00
 7.29277E+01 5.47869E+00 8.51775E+03 7.29277E+01 5.47869E+00 0.00000E+00 0.00000E+00 0.00000E+00 0.00000E+00 0.00000E+00 0.00000E+00 0.00000E+00
 8.08285E+01 5.49309E+00 8.64045E+03 8.08285E+01 5.49309E+00 0.00000E+00 0.00000E+00 0.00000E+00 0.00000E+00 0.00000E+00 0.00000E+00 0.00000E+00
 8.92323E+01 5.48071E+00 8.77365E+03 8.92323E+01 5.48071E+00 0.00000E+00 0.00000E+00 0.00000E+00 0.00000E+00 0.00000E+00 0.00000E+00 0.00000E+00
 2.60244E+00 2.27825E-01 5.67736E+03 2.60244E+00 2.27825E-01 0.00000E+00 0.00000E+00 0.00000E+00 0.00000E+00 0.00000E+00 0.00000E+00 0.00000E+00
 3.02283E+00 4.46162E-01 5.70031E+03 3.02283E+00 4.46162E-01 0.00000E+00 0.00000E+00 0.00000E+00 0.00000E+00 0.00000E+00 0.00000E+00 0.00000E+00
 3.57771E+00 6.85544E-01 5.71916E+03 3.57771E+00 6.85544E-01 0.00000E+00 0.00000E+00 0.00000E+00 0.00000E+00 0.00000E+00 0.00000E+00 0.00000E+00
 4.25463E+00 9.42443E-01 5.73454E+03 4.25463E+00 9.42443E-01 0.00000E+00 0.00000E+00 0.00000E+00 0.00000E+00 0.00000E+00 0.00000E+00 0.00000E+00
 5.06402E+00 1.21205E+00 5.74747E+03 5.06402E+00 1.21205E+00 0.00000E+00 0.00000E+00 0.00000E+00 0.00000E+00 0.00000E+00 0.00000E+00 0.00000E+00
 6.02381E+00 1.49232E+00 5.75899E+03 6.02381E+00 1.49232E+00 0.00000E+00 0.00000E+00 0.00000E+00 0.00000E+00 0.00000E+00 0.00000E+00 0.00000E+00
 7.14460E+00 1.77776E+00 5.76982E+03 7.14460E+00 1.77776E+00 0.00000E+00 0.00000E+00 0.00000E+00 0.00000E+00 0.00000E+00 0.00000E+00 0.00000E+00
 8.12061E+00 1.99643E+00 5.77791E+03 8.12061E+00 1.99643E+00 0.00000E+00 0.00000E+00 0.00000E+00 0.00000E+00 0.00000E+00 0.00000E+00 0.00000E+00
 8.40347E+00 2.06161E+00 5.77951E+03 8.40347E+00 2.06161E+00 0.00000E+00 0.00000E+00 0.00000E+00 0.00000E+00 0.00000E+00 0.00000E+00 0.00000E+00
 9.97384E+00 2.35655E+00 5.78910E+03 9.97384E+00 2.35655E+00 0.00000E+00 0.00000E+00 0.00000E+00 0.00000E+00 0.00000E+00 0.00000E+00 0.00000E+00
 1.18112E+01 2.64727E+00 5.80094E+03 1.18112E+01 2.64727E+00 0.00000E+00 0.00000E+00 0.00000E+00 0.00000E+00 0.00000E+00 0.00000E+00 0.00000E+00
 1.39035E+01 2.93111E+00 5.81518E+03 1.39035E+01 2.93111E+00 0.00000E+00 0.00000E+00 0.00000E+00 0.00000E+00 0.00000E+00 0.00000E+00 0.00000E+00
 1.62700E+01 3.20426E+00 5.83240E+03 1.62700E+01 3.20426E+00 0.00000E+00 0.00000E+00 0.00000E+00 0.00000E+00 0.00000E+00 0.00000E+00 0.00000E+00
 1.89354E+01 3.46384E+00 5.85330E+03 1.89354E+01 3.46384E+00 0.00000E+00 0.00000E+00 0.00000E+00 0.00000E+00 0.00000E+00 0.00000E+00 0.00000E+00
 2.19186E+01 3.70636E+00 5.87837E+03 2.19186E+01 3.70636E+00 0.00000E+00 0.00000E+00 0.00000E+00 0.00000E+00 0.00000E+00 0.00000E+00 0.00000E+00
 2.52356E+01 3.92863E+00 5.90807E+03 2.52356E+01 3.92863E+00 0.00000E+00 0.00000E+00 0.00000E+00 0.00000E+00 0.00000E+00 0.00000E+00 0.00000E+00
 2.89037E+01 4.12841E+00 5.94282E+03 2.89037E+01 4.12841E+00 0.00000E+00 0.00000E+00 0.00000E+00 0.00000E+00 0.00000E+00 0.00000E+00 0.00000E+00
 3.29391E+01 4.30393E+00 5.98302E+03 3.29391E+01 4.30393E+00 0.00000E+00 0.00000E+00 0.00000E+00 0.00000E+00 0.00000E+00 0.00000E+00 0.00000E+00
 3.73557E+01 4.45391E+00 6.02901E+03 3.73557E+01 4.45391E+00 0.00000E+00 0.00000E+00 0.00000E+00 0.00000E+00 0.00000E+00 0.00000E+00 0.00000E+00
 4.21653E+01 4.57753E+00 6.08110E+03 4.21653E+01 4.57753E+00 0.00000E+00 0.00000E+00 0.00000E+00 0.00000E+00 0.00000E+00 0.00000E+00 0.00000E+00
 4.73773E+01 4.67441E+00 6.13952E+03 4.73773E+01 4.67441E+00 0.00000E+00 0.00000E+00 0.00000E+00 0.00000E+00 0.00000E+00 0.00000E+00 0.00000E+00
 5.29985E+01 4.74462E+00 6.20447E+03 5.29985E+01 4.74462E+00 0.00000E+00 0.00000E+00 0.00000E+00 0.00000E+00 0.00000E+00 0.00000E+00 0.00000E+00
 5.90327E+01 4.78861E+00 6.27611E+03 5.90327E+01 4.78861E+00 0.00000E+00 0.00000E+00 0.00000E+00 0.00000E+00 0.00000E+00 0.00000E+00 0.00000E+00
 6.54808E+01 4.80717E+00 6.35453E+03 6.54808E+01 4.80717E+00 0.00000E+00 0.00000E+00 0.00000E+00 0.00000E+00 0.00000E+00 0.00000E+00 0.00000E+00
 7.23473E+01 4.80150E+00 6.43991E+03 7.23473E+01 4.80150E+00 0.00000E+00 0.00000E+00 0.00000E+00 0.00000E+00 0.00000E+00 0.00000E+00 0.00000E+00
 7.96224E+01 4.77282E+00 6.53218E+03 7.96224E+01 4.77282E+00 0.00000E+00 0.00000E+00 0.00000E+00 0.00000E+00 0.00000E+00 0.00000E+00 0.00000E+00
 2.49024E+00 2.24424E-01 4.23620E+03 2.49024E+00 2.24424E-01 0.00000E+00 0.00000E+00 0.00000E+00 0.00000E+00 0.00000E+00 0.00000E+00 0.00000E+00
 2.90073E+00 4.36539E-01 4.25494E+03 2.90073E+00 4.36539E-01 0.00000E+00 0.00000E+00 0.00000E+00 0.00000E+00 0.00000E+00 0.00000E+00 0.00000E+00
 3.43477E+00 6.65497E-01 4.27064E+03 3.43477E+00 6.65497E-01 0.00000E+00 0.00000E+00 0.00000E+00 0.00000E+00 0.00000E+00 0.00000E+00 0.00000E+00
 4.07887E+00 9.08054E-01 4.28375E+03 4.07887E+00 9.08054E-01 0.00000E+00 0.00000E+00 0.00000E+00 0.00000E+00 0.00000E+00 0.00000E+00 0.00000E+00
 4.84225E+00 1.15972E+00 4.29501E+03 4.84225E+00 1.15972E+00 0.00000E+00 0.00000E+00 0.00000E+00 0.00000E+00 0.00000E+00 0.00000E+00 0.00000E+00
 5.74075E+00 1.41851E+00 4.30519E+03 5.74075E+00 1.41851E+00 0.00000E+00 0.00000E+00 0.00000E+00 0.00000E+00 0.00000E+00 0.00000E+00 0.00000E+00
 6.78348E+00 1.67938E+00 4.31480E+03 6.78348E+00 1.67938E+00 0.00000E+00 0.00000E+00 0.00000E+00 0.00000E+00 0.00000E+00 0.00000E+00 0.00000E+00
 7.68750E+00 1.87760E+00 4.32200E+03 7.68750E+00 1.87760E+00 0.00000E+00 0.00000E+00 0.00000E+00 0.00000E+00 0.00000E+00 0.00000E+00 0.00000E+00
 7.94838E+00 1.93634E+00 4.32353E+03 7.94838E+00 1.93634E+00 0.00000E+00 0.00000E+00 0.00000E+00 0.00000E+00 0.00000E+00 0.00000E+00 0.00000E+00
 9.39425E+00 2.20066E+00 4.33224E+03 9.39425E+00 2.20066E+00 0.00000E+00 0.00000E+00 0.00000E+00 0.00000E+00 0.00000E+00 0.00000E+00 0.00000E+00
 1.10780E+01 2.45852E+00 4.34251E+03 1.10780E+01 2.45852E+00 0.00000E+00 0.00000E+00 0.00000E+00 0.00000E+00 0.00000E+00 0.00000E+00 0.00000E+00
 1.29866E+01 2.70762E+00 4.35444E+03 1.29866E+01 2.70762E+00 0.00000E+00 0.00000E+00 0.00000E+00 0.00000E+00 0.00000E+00 0.00000E+00 0.00000E+00
 1.51354E+01 2.94468E+00 4.36844E+03 1.51354E+01 2.94468E+00 0.00000E+00 0.00000E+00 0.00000E+00 0.00000E+00 0.00000E+00 0.00000E+00 0.00000E+00
 1.75449E+01 3.16726E+00 4.38498E+03 1.75449E+01 3.16726E+00 0.00000E+00 0.00000E+00 0.00000E+00 0.00000E+00 0.00000E+00 0.00000E+00 0.00000E+00
 2.02298E+01 3.37246E+00 4.40440E+03 2.02298E+01 3.37246E+00 0.00000E+00 0.00000E+00 0.00000E+00 0.00000E+00 0.00000E+00 0.00000E+00 0.00000E+00
 2.32023E+01 3.55773E+00 4.42700E+03 2.32023E+01 3.55773E+00 0.00000E+00 0.00000E+00 0.00000E+00 0.00000E+00 0.00000E+00 0.00000E+00 0.00000E+00
 2.64754E+01 3.72136E+00 4.45307E+03 2.64754E+01 3.72136E+00 0.00000E+00 0.00000E+00 0.00000E+00 0.00000E+00 0.00000E+00 0.00000E+00 0.00000E+00
 3.00610E+01 3.86209E+00 4.48285E+03 3.00610E+01 3.86209E+00 0.00000E+00 0.00000E+00 0.00000E+00 0.00000E+00 0.00000E+00 0.00000E+00 0.00000E+00
 3.39687E+01 3.97908E+00 4.51656E+03 3.39687E+01 3.97908E+00 0.00000E+00 0.00000E+00 0.00000E+00 0.00000E+00 0.00000E+00 0.00000E+00 0.00000E+00
 3.82061E+01 4.07192E+00 4.55439E+03 3.82061E+01 4.07192E+00 0.00000E+00 0.00000E+00 0.00000E+00 0.00000E+00 0.00000E+00 0.00000E+00 0.00000E+00
 4.27787E+01 4.14060E+00 4.59647E+03 4.27787E+01 4.14060E+00 0.00000E+00 0.00000E+00 0.00000E+00 0.00000E+00 0.00000E+00 0.00000E+00 0.00000E+00
 4.76893E+01 4.18548E+00 4.64292E+03 4.76893E+01 4.18548E+00 0.00000E+00 0.00000E+00 0.00000E+00 0.00000E+00 0.00000E+00 0.00000E+00 0.00000E+00
 5.29385E+01 4.20722E+00 4.69381E+03 5.29385E+01 4.20722E+00 0.00000E+00 0.00000E+00 0.00000E+00 0.00000E+00 0.00000E+00 0.00000E+00 0.00000E+00
 5.85239E+01 4.20680E+00 4.74918E+03 5.85239E+01 4.20680E+00 0.00000E+00 0.00000E+00 0.00000E+00 0.00000E+00 0.00000E+00 0.00000E+00 0.00000E+00
 6.44461E+01 4.18549E+00 4.80912E+03 6.44461E+01 4.18549E+00 0.00000E+00 0.00000E+00 0.00000E+00 0.00000E+00 0.00000E+00 0.00000E+00 0.00000E+00
 7.06937E+01 4.14458E+00 4.87355E+03 7.06937E+01 4.14458E+00 0.00000E+00 0.00000E+00 0.00000E+00 0.00000E+00 0.00000E+00 0.00000E+00 0.00000E+00
 2.38460E+00 2.22343E-01 3.16443E+03 2.38460E+00 2.22343E-01 0.00000E+00 0.00000E+00 0.00000E+00 0.00000E+00 0.00000E+00 0.00000E+00 0.00000E+00
 2.78254E+00 4.27668E-01 3.17969E+03 2.78254E+00 4.27668E-01 0.00000E+00 0.00000E+00 0.00000E+00 0.00000E+00 0.00000E+00 0.00000E+00 0.00000E+00
 3.29366E+00 6.46090E-01 3.19272E+03 3.29366E+00 6.46090E-01 0.00000E+00 0.00000E+00 0.00000E+00 0.00000E+00 0.00000E+00 0.00000E+00 0.00000E+00
 3.90382E+00 8.74615E-01 3.20385E+03 3.90382E+00 8.74615E-01 0.00000E+00 0.00000E+00 0.00000E+00 0.00000E+00 0.00000E+00 0.00000E+00 0.00000E+00
 4.62125E+00 1.10906E+00 3.21360E+03 4.62125E+00 1.10906E+00 0.00000E+00 0.00000E+00 0.00000E+00 0.00000E+00 0.00000E+00 0.00000E+00 0.00000E+00
 5.45985E+00 1.34748E+00 3.22255E+03 5.45985E+00 1.34748E+00 0.00000E+00 0.00000E+00 0.00000E+00 0.00000E+00 0.00000E+00 0.00000E+00 0.00000E+00
 6.42740E+00 1.58531E+00 3.23107E+03 6.42740E+00 1.58531E+00 0.00000E+00 0.00000E+00 0.00000E+00 0.00000E+00 0.00000E+00 0.00000E+00 0.00000E+00
 7.26272E+00 1.76450E+00 3.23746E+03 7.26272E+00 1.76450E+00 0.00000E+00 0.00000E+00 0.00000E+00 0.00000E+00 0.00000E+00 0.00000E+00 0.00000E+00
 7.50277E+00 1.81726E+00 3.23891E+03 7.50277E+00 1.81726E+00 0.00000E+00 0.00000E+00 0.00000E+00 0.00000E+00 0.00000E+00 0.00000E+00 0.00000E+00
 8.83097E+00 2.05336E+00 3.24681E+03 8.83097E+00 2.05336E+00 0.00000E+00 0.00000E+00 0.00000E+00 0.00000E+00 0.00000E+00 0.00000E+00 0.00000E+00
 1.03705E+01 2.28115E+00 3.25582E+03 1.03705E+01 2.28115E+00 0.00000E+00 0.00000E+00 0.00000E+00 0.00000E+00 0.00000E+00 0.00000E+00 0.00000E+00
 1.21074E+01 2.49871E+00 3.26599E+03 1.21074E+01 2.49871E+00 0.00000E+00 0.00000E+00 0.00000E+00 0.00000E+00 0.00000E+00 0.00000E+00 0.00000E+00
 1.40540E+01 2.70328E+00 3.27760E+03 1.40540E+01 2.70328E+00 0.00000E+00 0.00000E+00 0.00000E+00 0.00000E+00 0.00000E+00 0.00000E+00 0.00000E+00
 1.62266E+01 2.89280E+00 3.29099E+03 1.62266E+01 2.89280E+00 0.00000E+00 0.00000E+00 0.00000E+00 0.00000E+00 0.00000E+00 0.00000E+00 0.00000E+00
 1.86365E+01 3.06494E+00 3.30637E+03 1.86365E+01 3.06494E+00 0.00000E+00 0.00000E+00 0.00000E+00 0.00000E+00 0.00000E+00 0.00000E+00 0.00000E+00
 2.12925E+01 3.21772E+00 3.32395E+03 2.12925E+01 3.21772E+00 0.00000E+00 0.00000E+00 0.00000E+00 0.00000E+00 0.00000E+00 0.00000E+00 0.00000E+00
 2.42042E+01 3.34991E+00 3.34392E+03 2.42042E+01 3.34991E+00 0.00000E+00 0.00000E+00 0.00000E+00 0.00000E+00 0.00000E+00 0.00000E+00 0.00000E+00
 2.73796E+01 3.46067E+00 3.36643E+03 2.73796E+01 3.46067E+00 0.00000E+00 0.00000E+00 0.00000E+00 0.00000E+00 0.00000E+00 0.00000E+00 0.00000E+00
 3.08247E+01 3.54956E+00 3.39161E+03 3.08247E+01 3.54956E+00 0.00000E+00 0.00000E+00 0.00000E+00 0.00000E+00 0.00000E+00 0.00000E+00 0.00000E+00
 3.45439E+01 3.61652E+00 3.41958E+03 3.45439E+01 3.61652E+00 0.00000E+00 0.00000E+00 0.00000E+00 0.00000E+00 0.00000E+00 0.00000E+00 0.00000E+00
 3.85393E+01 3.66181E+00 3.45041E+03 3.85393E+01 3.66181E+00 0.00000E+00 0.00000E+00 0.00000E+00 0.00000E+00 0.00000E+00 0.00000E+00 0.00000E+00
 4.28109E+01 3.68601E+00 3.48416E+03 4.28109E+01 3.68601E+00 0.00000E+00 0.00000E+00 0.00000E+00 0.00000E+00 0.00000E+00 0.00000E+00 0.00000E+00
 4.73565E+01 3.68999E+00 3.52087E+03 4.73565E+01 3.68999E+00 0.00000E+00 0.00000E+00 0.00000E+00 0.00000E+00 0.00000E+00 0.00000E+00 0.00000E+00
 5.21715E+01 3.67481E+00 3.56053E+03 5.21715E+01 3.67481E+00 0.00000E+00 0.00000E+00 0.00000E+00 0.00000E+00 0.00000E+00 0.00000E+00 0.00000E+00
 5.72534E+01 3.64176E+00 3.60320E+03 5.72534E+01 3.64176E+00 0.00000E+00 0.00000E+00 0.00000E+00 0.00000E+00 0.00000E+00 0.00000E+00 0.00000E+00
 6.25901E+01 3.59220E+00 3.64879E+03 6.25901E+01 3.59220E+00 0.00000E+00 0.00000E+00 0.00000E+00 0.00000E+00 0.00000E+00 0.00000E+00 0.00000E+00
 2.28549E+00 2.21686E-01 2.36727E+03 2.28549E+00 2.21686E-01 0.00000E+00 0.00000E+00 0.00000E+00 0.00000E+00 0.00000E+00 0.00000E+00 0.00000E+00
 2.66874E+00 4.19966E-01 2.37993E+03 2.66874E+00 4.19966E-01 0.00000E+00 0.00000E+00 0.00000E+00 0.00000E+00 0.00000E+00 0.00000E+00 0.00000E+00
 3.15539E+00 6.27903E-01 2.39093E+03 3.15539E+00 6.27903E-01 0.00000E+00 0.00000E+00 0.00000E+00 0.00000E+00 0.00000E+00 0.00000E+00 0.00000E+00
 3.73107E+00 8.42749E-01 2.40052E+03 3.73107E+00 8.42749E-01 0.00000E+00 0.00000E+00 0.00000E+00 0.00000E+00 0.00000E+00 0.00000E+00 0.00000E+00
 4.40313E+00 1.06062E+00 2.40909E+03 4.40313E+00 1.06062E+00 0.00000E+00 0.00000E+00 0.00000E+00 0.00000E+00 0.00000E+00 0.00000E+00 0.00000E+00
 5.18376E+00 1.27966E+00 2.41705E+03 5.18376E+00 1.27966E+00 0.00000E+00 0.00000E+00 0.00000E+00 0.00000E+00 0.00000E+00 0.00000E+00 0.00000E+00
 6.07954E+00 1.49577E+00 2.42468E+03 6.07954E+00 1.49577E+00 0.00000E+00 0.00000E+00 0.00000E+00 0.00000E+00 0.00000E+00 0.00000E+00 0.00000E+00
 6.84984E+00 1.65713E+00 2.43042E+03 6.84984E+00 1.65713E+00 0.00000E+00 0.00000E+00 0.00000E+00 0.00000E+00 0.00000E+00 0.00000E+00 0.00000E+00
 7.07030E+00 1.70433E+00 2.43179E+03 7.07030E+00 1.70433E+00 0.00000E+00 0.00000E+00 0.00000E+00 0.00000E+00 0.00000E+00 0.00000E+00 0.00000E+00
 8.28826E+00 1.91424E+00 2.43904E+03 8.28826E+00 1.91424E+00 0.00000E+00 0.00000E+00 0.00000E+00 0.00000E+00 0.00000E+00 0.00000E+00 0.00000E+00
 9.69367E+00 2.11437E+00 2.44707E+03 9.69367E+00 2.11437E+00 0.00000E+00 0.00000E+00 0.00000E+00 0.00000E+00 0.00000E+00 0.00000E+00 0.00000E+00
 1.12719E+01 2.30316E+00 2.45591E+03 1.12719E+01 2.30316E+00 0.00000E+00 0.00000E+00 0.00000E+00 0.00000E+00 0.00000E+00 0.00000E+00 0.00000E+00
 1.30325E+01 2.47831E+00 2.46578E+03 1.30325E+01 2.47831E+00 0.00000E+00 0.00000E+00 0.00000E+00 0.00000E+00 0.00000E+00 0.00000E+00 0.00000E+00
 1.49886E+01 2.63818E+00 2.47688E+03 1.49886E+01 2.63818E+00 0.00000E+00 0.00000E+00 0.00000E+00 0.00000E+00 0.00000E+00 0.00000E+00 0.00000E+00
 1.71484E+01 2.78094E+00 2.48938E+03 1.71484E+01 2.78094E+00 0.00000E+00 0.00000E+00 0.00000E+00 0.00000E+00 0.00000E+00 0.00000E+00 0.00000E+00
 1.95180E+01 2.90512E+00 2.50341E+03 1.95180E+01 2.90512E+00 0.00000E+00 0.00000E+00 0.00000E+00 0.00000E+00 0.00000E+00 0.00000E+00 0.00000E+00
 2.21040E+01 3.00990E+00 2.51909E+03 2.21040E+01 3.00990E+00 0.00000E+00 0.00000E+00 0.00000E+00 0.00000E+00 0.00000E+00 0.00000E+00 0.00000E+00
 2.49114E+01 3.09483E+00 2.53651E+03 2.49114E+01 3.09483E+00 0.00000E+00 0.00000E+00 0.00000E+00 0.00000E+00 0.00000E+00 0.00000E+00 0.00000E+00
 2.79436E+01 3.15979E+00 2.55577E+03 2.79436E+01 3.15979E+00 0.00000E+00 0.00000E+00 0.00000E+00 0.00000E+00 0.00000E+00 0.00000E+00 0.00000E+00
 3.12021E+01 3.20500E+00 2.57691E+03 3.12021E+01 3.20500E+00 0.00000E+00 0.00000E+00 0.00000E+00 0.00000E+00 0.00000E+00 0.00000E+00 0.00000E+00
 3.46868E+01 3.23096E+00 2.60000E+03 3.46868E+01 3.23096E+00 0.00000E+00 0.00000E+00 0.00000E+00 0.00000E+00 0.00000E+00 0.00000E+00 0.00000E+00
 3.83955E+01 3.23842E+00 2.62505E+03 3.83955E+01 3.23842E+00 0.00000E+00 0.00000E+00 0.00000E+00 0.00000E+00 0.00000E+00 0.00000E+00 0.00000E+00
 4.23241E+01 3.22835E+00 2.65207E+03 4.23241E+01 3.22835E+00 0.00000E+00 0.00000E+00 0.00000E+00 0.00000E+00 0.00000E+00 0.00000E+00 0.00000E+00
 4.64666E+01 3.20189E+00 2.68106E+03 4.64666E+01 3.20189E+00 0.00000E+00 0.00000E+00 0.00000E+00 0.00000E+00 0.00000E+00 0.00000E+00 0.00000E+00
 5.08182E+01 3.16033E+00 2.71202E+03 5.08182E+01 3.16033E+00 0.00000E+00 0.00000E+00 0.00000E+00 0.00000E+00 0.00000E+00 0.00000E+00 0.00000E+00
 5.53668E+01 3.10502E+00 2.74490E+03 5.53668E+01 3.10502E+00 0.00000E+00 0.00000E+00 0.00000E+00 0.00000E+00 0.00000E+00 0.00000E+00 0.00000E+00
 2.19336E+00 2.22498E-01 1.77512E+03 2.19336E+00 2.22498E-01 0.00000E+00 0.00000E+00 0.00000E+00 0.00000E+00 0.00000E+00 0.00000E+00 0.00000E+00
 2.56010E+00 4.13744E-01 1.78549E+03 2.56010E+00 4.13744E-01 0.00000E+00 0.00000E+00 0.00000E+00 0.00000E+00 0.00000E+00 0.00000E+00 0.00000E+00
 3.02144E+00 6.11414E-01 1.79467E+03 3.02144E+00 6.11414E-01 0.00000E+00 0.00000E+00 0.00000E+00 0.00000E+00 0.00000E+00 0.00000E+00 0.00000E+00
 3.56298E+00 8.13033E-01 1.80282E+03 3.56298E+00 8.13033E-01 0.00000E+00 0.00000E+00 0.00000E+00 0.00000E+00 0.00000E+00 0.00000E+00 0.00000E+00
 4.19120E+00 1.01505E+00 1.81024E+03 4.19120E+00 1.01505E+00 0.00000E+00 0.00000E+00 0.00000E+00 0.00000E+00 0.00000E+00 0.00000E+00 0.00000E+00
 4.91670E+00 1.21572E+00 1.81723E+03 4.91670E+00 1.21572E+00 0.00000E+00 0.00000E+00 0.00000E+00 0.00000E+00 0.00000E+00 0.00000E+00 0.00000E+00
 5.74489E+00 1.41143E+00 1.82399E+03 5.74489E+00 1.41143E+00 0.00000E+00 0.00000E+00 0.00000E+00 0.00000E+00 0.00000E+00 0.00000E+00 0.00000E+00
 6.45431E+00 1.55619E+00 1.82910E+03 6.45431E+00 1.55619E+00 0.00000E+00 0.00000E+00 0.00000E+00 0.00000E+00 0.00000E+00 0.00000E+00 0.00000E+00
 6.65653E+00 1.59823E+00 1.83037E+03 6.65653E+00 1.59823E+00 0.00000E+00 0.00000E+00 0.00000E+00 0.00000E+00 0.00000E+00 0.00000E+00 0.00000E+00
 7.77193E+00 1.78398E+00 1.83694E+03 7.77193E+00 1.78398E+00 0.00000E+00 0.00000E+00 0.00000E+00 0.00000E+00 0.00000E+00 0.00000E+00 0.00000E+00
 9.05303E+00 1.95882E+00 1.84409E+03 9.05303E+00 1.95882E+00 0.00000E+00 0.00000E+00 0.00000E+00 0.00000E+00 0.00000E+00 0.00000E+00 0.00000E+00
 1.04848E+01 2.12154E+00 1.85183E+03 1.04848E+01 2.12154E+00 0.00000E+00 0.00000E+00 0.00000E+00 0.00000E+00 0.00000E+00 0.00000E+00 0.00000E+00
 1.20744E+01 2.27031E+00 1.86030E+03 1.20744E+01 2.27031E+00 0.00000E+00 0.00000E+00 0.00000E+00 0.00000E+00 0.00000E+00 0.00000E+00 0.00000E+00
 1.38319E+01 2.40383E+00 1.86966E+03 1.38319E+01 2.40383E+00 0.00000E+00 0.00000E+00 0.00000E+00 0.00000E+00 0.00000E+00 0.00000E+00 0.00000E+00
 1.57631E+01 2.52074E+00 1.88001E+03 1.57631E+01 2.52074E+00 0.00000E+00 0.00000E+00 0.00000E+00 0.00000E+00 0.00000E+00 0.00000E+00 0.00000E+00
 1.78718E+01 2.62003E+00 1.89144E+03 1.78718E+01 2.62003E+00 0.00000E+00 0.00000E+00 0.00000E+00 0.00000E+00 0.00000E+00 0.00000E+00 0.00000E+00
 2.01620E+01 2.70123E+00 1.90402E+03 2.01620E+01 2.70123E+00 0.00000E+00 0.00000E+00 0.00000E+00 0.00000E+00 0.00000E+00 0.00000E+00 0.00000E+00
 2.26363E+01 2.76421E+00 1.91782E+03 2.26363E+01 2.76421E+00 0.00000E+00 0.00000E+00 0.00000E+00 0.00000E+00 0.00000E+00 0.00000E+00 0.00000E+00
 2.52959E+01 2.80913E+00 1.93288E+03 2.52959E+01 2.80913E+00 0.00000E+00 0.00000E+00 0.00000E+00 0.00000E+00 0.00000E+00 0.00000E+00 0.00000E+00
 2.81403E+01 2.83642E+00 1.94925E+03 2.81403E+01 2.83642E+00 0.00000E+00 0.00000E+00 0.00000E+00 0.00000E+00 0.00000E+00 0.00000E+00 0.00000E+00
 3.11674E+01 2.84674E+00 1.96693E+03 3.11674E+01 2.84674E+00 0.00000E+00 0.00000E+00 0.00000E+00 0.00000E+00 0.00000E+00 0.00000E+00 0.00000E+00
 3.43734E+01 2.84099E+00 1.98595E+03 3.43734E+01 2.84099E+00 0.00000E+00 0.00000E+00 0.00000E+00 0.00000E+00 0.00000E+00 0.00000E+00 0.00000E+00
 3.77531E+01 2.82018E+00 2.00630E+03 3.77531E+01 2.82018E+00 0.00000E+00 0.00000E+00 0.00000E+00 0.00000E+00 0.00000E+00 0.00000E+00 0.00000E+00
 4.12993E+01 2.78551E+00 2.02796E+03 4.12993E+01 2.78551E+00 0.00000E+00 0.00000E+00 0.00000E+00 0.00000E+00 0.00000E+00 0.00000E+00 0.00000E+00
 4.50059E+01 2.73820E+00 2.05094E+03 4.50059E+01 2.73820E+00 0.00000E+00 0.00000E+00 0.00000E+00 0.00000E+00 0.00000E+00 0.00000E+00 0.00000E+00
 4.88611E+01 2.67958E+00 2.07518E+03 4.88611E+01 2.67958E+00 0.00000E+00 0.00000E+00 0.00000E+00 0.00000E+00 0.00000E+00 0.00000E+00 0.00000E+00
 2.10687E+00 2.24891E-01 1.33415E+03 2.10687E+00 2.24891E-01 0.00000E+00 0.00000E+00 0.00000E+00 0.00000E+00 0.00000E+00 0.00000E+00 0.00000E+00
 2.45605E+00 4.09195E-01 1.34253E+03 2.45605E+00 4.09195E-01 0.00000E+00 0.00000E+00 0.00000E+00 0.00000E+00 0.00000E+00 0.00000E+00 0.00000E+00
 2.89203E+00 5.96850E-01 1.35010E+03 2.89203E+00 5.96850E-01 0.00000E+00 0.00000E+00 0.00000E+00 0.00000E+00 0.00000E+00 0.00000E+00 0.00000E+00
 3.40038E+00 7.85709E-01 1.35697E+03 3.40038E+00 7.85709E-01 0.00000E+00 0.00000E+00 0.00000E+00 0.00000E+00 0.00000E+00 0.00000E+00 0.00000E+00
 3.98663E+00 9.72586E-01 1.36334E+03 3.98663E+00 9.72586E-01 0.00000E+00 0.00000E+00 0.00000E+00 0.00000E+00 0.00000E+00 0.00000E+00 0.00000E+00
 4.65983E+00 1.15592E+00 1.36943E+03 4.65983E+00 1.15592E+00 0.00000E+00 0.00000E+00 0.00000E+00 0.00000E+00 0.00000E+00 0.00000E+00 0.00000E+00
 5.42431E+00 1.33257E+00 1.37538E+03 5.42431E+00 1.33257E+00 0.00000E+00 0.00000E+00 0.00000E+00 0.00000E+00 0.00000E+00 0.00000E+00 0.00000E+00
 6.07651E+00 1.46193E+00 1.37991E+03 6.07651E+00 1.46193E+00 0.00000E+00 0.00000E+00 0.00000E+00 0.00000E+00 0.00000E+00 0.00000E+00 0.00000E+00
 6.26165E+00 1.49923E+00 1.38108E+03 6.26165E+00 1.49923E+00 0.00000E+00 0.00000E+00 0.00000E+00 0.00000E+00 0.00000E+00 0.00000E+00 0.00000E+00
 7.28101E+00 1.66285E+00 1.38703E+03 7.28101E+00 1.66285E+00 0.00000E+00 0.00000E+00 0.00000E+00 0.00000E+00 0.00000E+00 0.00000E+00 0.00000E+00
 8.44603E+00 1.81477E+00 1.39341E+03 8.44603E+00 1.81477E+00 0.00000E+00 0.00000E+00 0.00000E+00 0.00000E+00 0.00000E+00 0.00000E+00 0.00000E+00
 9.74130E+00 1.95412E+00 1.40024E+03 9.74130E+00 1.95412E+00 0.00000E+00 0.00000E+00 0.00000E+00 0.00000E+00 0.00000E+00 0.00000E+00 0.00000E+00
 1.11720E+01 2.07947E+00 1.40761E+03 1.11720E+01 2.07947E+00 0.00000E+00 0.00000E+00 0.00000E+00 0.00000E+00 0.00000E+00 0.00000E+00 0.00000E+00
 1.27456E+01 2.18988E+00 1.41563E+03 1.27456E+01 2.18988E+00 0.00000E+00 0.00000E+00 0.00000E+00 0.00000E+00 0.00000E+00 0.00000E+00 0.00000E+00
 1.44655E+01 2.28439E+00 1.42436E+03 1.44655E+01 2.28439E+00 0.00000E+00 0.00000E+00 0.00000E+00 0.00000E+00 0.00000E+00 0.00000E+00 0.00000E+00
 1.63339E+01 2.36237E+00 1.43387E+03 1.63339E+01 2.36237E+00 0.00000E+00 0.00000E+00 0.00000E+00 0.00000E+00 0.00000E+00 0.00000E+00 0.00000E+00
 1.83524E+01 2.42367E+00 1.44419E+03 1.83524E+01 2.42367E+00 0.00000E+00 0.00000E+00 0.00000E+00 0.00000E+00 0.00000E+00 0.00000E+00 0.00000E+00
 2.05218E+01 2.46839E+00 1.45538E+03 2.05218E+01 2.46839E+00 0.00000E+00 0.00000E+00 0.00000E+00 0.00000E+00 0.00000E+00 0.00000E+00 0.00000E+00
 2.28415E+01 2.49691E+00 1.46745E+03 2.28415E+01 2.49691E+00 0.00000E+00 0.00000E+00 0.00000E+00 0.00000E+00 0.00000E+00 0.00000E+00 0.00000E+00
 2.53093E+01 2.50984E+00 1.48042E+03 2.53093E+01 2.50984E+00 0.00000E+00 0.00000E+00 0.00000E+00 0.00000E+00 0.00000E+00 0.00000E+00 0.00000E+00
 2.79217E+01 2.50795E+00 1.49430E+03 2.79217E+01 2.50795E+00 0.00000E+00 0.00000E+00 0.00000E+00 0.00000E+00 0.00000E+00 0.00000E+00 0.00000E+00
 3.06739E+01 2.49220E+00 1.50910E+03 3.06739E+01 2.49220E+00 0.00000E+00 0.00000E+00 0.00000E+00 0.00000E+00 0.00000E+00 0.00000E+00 0.00000E+00
 3.35596E+01 2.46365E+00 1.52480E+03 3.35596E+01 2.46365E+00 0.00000E+00 0.00000E+00 0.00000E+00 0.00000E+00 0.00000E+00 0.00000E+00 0.00000E+00
 3.65714E+01 2.42346E+00 1.54138E+03 3.65714E+01 2.42346E+00 0.00000E+00 0.00000E+00 0.00000E+00 0.00000E+00 0.00000E+00 0.00000E+00 0.00000E+00
 3.97022E+01 2.37283E+00 1.55885E+03 3.97022E+01 2.37283E+00 0.00000E+00 0.00000E+00 0.00000E+00 0.00000E+00 0.00000E+00 0.00000E+00 0.00000E+00
 4.29407E+01 2.31300E+00 1.57715E+03 4.29407E+01 2.31300E+00 0.00000E+00 0.00000E+00 0.00000E+00 0.00000E+00 0.00000E+00 0.00000E+00 0.00000E+00
 2.01943E+00 2.29154E-01 1.00179E+03 2.01943E+00 2.29154E-01 0.00000E+00 0.00000E+00 0.00000E+00 0.00000E+00 0.00000E+00 0.00000E+00 0.00000E+00
 2.35127E+00 4.06497E-01 1.00902E+03 2.35127E+00 4.06497E-01 0.00000E+00 0.00000E+00 0.00000E+00 0.00000E+00 0.00000E+00 0.00000E+00 0.00000E+00
 2.76220E+00 5.84288E-01 1.01567E+03 2.76220E+00 5.84288E-01 0.00000E+00 0.00000E+00 0.00000E+00 0.00000E+00 0.00000E+00 0.00000E+00 0.00000E+00
 3.23780E+00 7.60764E-01 1.02182E+03 3.23780E+00 7.60764E-01 0.00000E+00 0.00000E+00 0.00000E+00 0.00000E+00 0.00000E+00 0.00000E+00 0.00000E+00
 3.78280E+00 9.33149E-01 1.02762E+03 3.78280E+00 9.33149E-01 0.00000E+00 0.00000E+00 0.00000E+00 0.00000E+00 0.00000E+00 0.00000E+00 0.00000E+00
 4.40483E+00 1.10009E+00 1.03322E+03 4.40483E+00 1.10009E+00 0.00000E+00 0.00000E+00 0.00000E+00 0.00000E+00 0.00000E+00 0.00000E+00 0.00000E+00
 5.10728E+00 1.25894E+00 1.03872E+03 5.10728E+00 1.25894E+00 0.00000E+00 0.00000E+00 0.00000E+00 0.00000E+00 0.00000E+00 0.00000E+00 0.00000E+00
 5.70405E+00 1.37406E+00 1.04293E+03 5.70405E+00 1.37406E+00 0.00000E+00 0.00000E+00 0.00000E+00 0.00000E+00 0.00000E+00 0.00000E+00 0.00000E+00
 5.87268E+00 1.40701E+00 1.04404E+03 5.87268E+00 1.40701E+00 0.00000E+00 0.00000E+00 0.00000E+00 0.00000E+00 0.00000E+00 0.00000E+00 0.00000E+00
 6.79954E+00 1.55044E+00 1.04963E+03 6.79954E+00 1.55044E+00 0.00000E+00 0.00000E+00 0.00000E+00 0.00000E+00 0.00000E+00 0.00000E+00 0.00000E+00
 7.85339E+00 1.68168E+00 1.05554E+03 7.85339E+00 1.68168E+00 0.00000E+00 0.00000E+00 0.00000E+00 0.00000E+00 0.00000E+00 0.00000E+00 0.00000E+00
 9.01885E+00 1.80020E+00 1.06178E+03 9.01885E+00 1.80020E+00 0.00000E+00 0.00000E+00 0.00000E+00 0.00000E+00 0.00000E+00 0.00000E+00 0.00000E+00
 1.02994E+01 1.90493E+00 1.06842E+03 1.02994E+01 1.90493E+00 0.00000E+00 0.00000E+00 0.00000E+00 0.00000E+00 0.00000E+00 0.00000E+00 0.00000E+00
 1.17001E+01 1.99524E+00 1.07553E+03 1.17001E+01 1.99524E+00 0.00000E+00 0.00000E+00 0.00000E+00 0.00000E+00 0.00000E+00 0.00000E+00 0.00000E+00
 1.32231E+01 2.07053E+00 1.08315E+03 1.32231E+01 2.07053E+00 0.00000E+00 0.00000E+00 0.00000E+00 0.00000E+00 0.00000E+00 0.00000E+00 0.00000E+00
 1.48686E+01 2.13048E+00 1.09132E+03 1.48686E+01 2.13048E+00 0.00000E+00 0.00000E+00 0.00000E+00 0.00000E+00 0.00000E+00 0.00000E+00 0.00000E+00
 1.66371E+01 2.17519E+00 1.10008E+03 1.66371E+01 2.17519E+00 0.00000E+00 0.00000E+00 0.00000E+00 0.00000E+00 0.00000E+00 0.00000E+00 0.00000E+00
 1.85277E+01 2.20497E+00 1.10943E+03 1.85277E+01 2.20497E+00 0.00000E+00 0.00000E+00 0.00000E+00 0.00000E+00 0.00000E+00 0.00000E+00 0.00000E+00
 2.05385E+01 2.22036E+00 1.11941E+03 2.05385E+01 2.22036E+00 0.00000E+00 0.00000E+00 0.00000E+00 0.00000E+00 0.00000E+00 0.00000E+00 0.00000E+00
 2.26663E+01 2.22207E+00 1.13002E+03 2.26663E+01 2.22207E+00 0.00000E+00 0.00000E+00 0.00000E+00 0.00000E+00 0.00000E+00 0.00000E+00 0.00000E+00
 2.49068E+01 2.21095E+00 1.14125E+03 2.49068E+01 2.21095E+00 0.00000E+00 0.00000E+00 0.00000E+00 0.00000E+00 0.00000E+00 0.00000E+00 0.00000E+00
 2.72545E+01 2.18799E+00 1.15311E+03 2.72545E+01 2.18799E+00 0.00000E+00 0.00000E+00 0.00000E+00 0.00000E+00 0.00000E+00 0.00000E+00 0.00000E+00
 2.97029E+01 2.15425E+00 1.16559E+03 2.97029E+01 2.15425E+00 0.00000E+00 0.00000E+00 0.00000E+00 0.00000E+00 0.00000E+00 0.00000E+00 0.00000E+00
 3.22444E+01 2.11084E+00 1.17867E+03 3.22444E+01 2.11084E+00 0.00000E+00 0.00000E+00 0.00000E+00 0.00000E+00 0.00000E+00 0.00000E+00 0.00000E+00
 3.48716E+01 2.05888E+00 1.19234E+03 3.48716E+01 2.05888E+00 0.00000E+00 0.00000E+00 0.00000E+00 0.00000E+00 0.00000E+00 0.00000E+00 0.00000E+00
 3.75741E+01 1.99954E+00 1.20657E+03 3.75741E+01 1.99954E+00 0.00000E+00 0.00000E+00 0.00000E+00 0.00000E+00 0.00000E+00 0.00000E+00 0.00000E+00
 1.94758E+00 2.35286E-01 7.58964E+02 1.94758E+00 2.35286E-01 0.00000E+00 0.00000E+00 0.00000E+00 0.00000E+00 0.00000E+00 0.00000E+00 0.00000E+00
 2.26304E+00 4.05428E-01 7.65199E+02 2.26304E+00 4.05428E-01 0.00000E+00 0.00000E+00 0.00000E+00 0.00000E+00 0.00000E+00 0.00000E+00 0.00000E+00
 2.65135E+00 5.73252E-01 7.71021E+02 2.65135E+00 5.73252E-01 0.00000E+00 0.00000E+00 0.00000E+00 0.00000E+00 0.00000E+00 0.00000E+00 0.00000E+00
 3.09808E+00 7.37431E-01 7.76490E+02 3.09808E+00 7.37431E-01 0.00000E+00 0.00000E+00 0.00000E+00 0.00000E+00 0.00000E+00 0.00000E+00 0.00000E+00
 3.60729E+00 8.95625E-01 7.81714E+02 3.60729E+00 8.95625E-01 0.00000E+00 0.00000E+00 0.00000E+00 0.00000E+00 0.00000E+00 0.00000E+00 0.00000E+00
 4.18547E+00 1.04673E+00 7.86802E+02 4.18547E+00 1.04673E+00 0.00000E+00 0.00000E+00 0.00000E+00 0.00000E+00 0.00000E+00 0.00000E+00 0.00000E+00
 4.83532E+00 1.18859E+00 7.91822E+02 4.83532E+00 1.18859E+00 0.00000E+00 0.00000E+00 0.00000E+00 0.00000E+00 0.00000E+00 0.00000E+00 0.00000E+00
 5.38544E+00 1.29023E+00 7.95678E+02 5.38544E+00 1.29023E+00 0.00000E+00 0.00000E+00 0.00000E+00 0.00000E+00 0.00000E+00 0.00000E+00 0.00000E+00
 5.54026E+00 1.31908E+00 7.96721E+02 5.54026E+00 1.31908E+00 0.00000E+00 0.00000E+00 0.00000E+00 0.00000E+00 0.00000E+00 0.00000E+00 0.00000E+00
 6.39022E+00 1.44363E+00 8.01890E+02 6.39022E+00 1.44363E+00 0.00000E+00 0.00000E+00 0.00000E+00 0.00000E+00 0.00000E+00 0.00000E+00 0.00000E+00
 7.35256E+00 1.55574E+00 8.07307E+02 7.35256E+00 1.55574E+00 0.00000E+00 0.00000E+00 0.00000E+00 0.00000E+00 0.00000E+00 0.00000E+00 0.00000E+00
 8.41220E+00 1.65518E+00 8.12976E+02 8.41220E+00 1.65518E+00 0.00000E+00 0.00000E+00 0.00000E+00 0.00000E+00 0.00000E+00 0.00000E+00 0.00000E+00
 9.57148E+00 1.74121E+00 8.18942E+02 9.57148E+00 1.74121E+00 0.00000E+00 0.00000E+00 0.00000E+00 0.00000E+00 0.00000E+00 0.00000E+00 0.00000E+00
 1.08342E+01 1.81349E+00 8.25255E+02 1.08342E+01 1.81349E+00 0.00000E+00 0.00000E+00 0.00000E+00 0.00000E+00 0.00000E+00 0.00000E+00 0.00000E+00
 1.22014E+01 1.87172E+00 8.31946E+02 1.22014E+01 1.87172E+00 0.00000E+00 0.00000E+00 0.00000E+00 0.00000E+00 0.00000E+00 0.00000E+00 0.00000E+00
 1.36726E+01 1.91586E+00 8.39038E+02 1.36726E+01 1.91586E+00 0.00000E+00 0.00000E+00 0.00000E+00 0.00000E+00 0.00000E+00 0.00000E+00 0.00000E+00
 1.52474E+01 1.94621E+00 8.46550E+02 1.52474E+01 1.94621E+00 0.00000E+00 0.00000E+00 0.00000E+00 0.00000E+00 0.00000E+00 0.00000E+00 0.00000E+00
 1.69244E+01 1.96325E+00 8.54496E+02 1.69244E+01 1.96325E+00 0.00000E+00 0.00000E+00 0.00000E+00 0.00000E+00 0.00000E+00 0.00000E+00 0.00000E+00
 1.87011E+01 1.96763E+00 8.62887E+02 1.87011E+01 1.96763E+00 0.00000E+00 0.00000E+00 0.00000E+00 0.00000E+00 0.00000E+00 0.00000E+00 0.00000E+00
 2.05741E+01 1.96014E+00 8.71723E+02 2.05741E+01 1.96014E+00 0.00000E+00 0.00000E+00 0.00000E+00 0.00000E+00 0.00000E+00 0.00000E+00 0.00000E+00
 2.25388E+01 1.94168E+00 8.81005E+02 2.25388E+01 1.94168E+00 0.00000E+00 0.00000E+00 0.00000E+00 0.00000E+00 0.00000E+00 0.00000E+00 0.00000E+00
 2.45900E+01 1.91324E+00 8.90726E+02 2.45900E+01 1.91324E+00 0.00000E+00 0.00000E+00 0.00000E+00 0.00000E+00 0.00000E+00 0.00000E+00 0.00000E+00
 2.67214E+01 1.87584E+00 9.00877E+02 2.67214E+01 1.87584E+00 0.00000E+00 0.00000E+00 0.00000E+00 0.00000E+00 0.00000E+00 0.00000E+00 0.00000E+00
 2.89258E+01 1.83055E+00 9.11446E+02 2.89258E+01 1.83055E+00 0.00000E+00 0.00000E+00 0.00000E+00 0.00000E+00 0.00000E+00 0.00000E+00 0.00000E+00
 3.11963E+01 1.77840E+00 9.22425E+02 3.11963E+01 1.77840E+00 0.00000E+00 0.00000E+00 0.00000E+00 0.00000E+00 0.00000E+00 0.00000E+00 0.00000E+00
 3.35237E+01 1.72047E+00 9.33789E+02 3.35237E+01 1.72047E+00 0.00000E+00 0.00000E+00 0.00000E+00 0.00000E+00 0.00000E+00 0.00000E+00 0.00000E+00
 1.87866E+00 2.43181E-01 5.76694E+02 1.87866E+00 2.43181E-01 0.00000E+00 0.00000E+00 0.00000E+00 0.00000E+00 0.00000E+00 0.00000E+00 0.00000E+00
 2.17805E+00 4.05726E-01 5.82025E+02 2.17805E+00 4.05726E-01 0.00000E+00 0.00000E+00 0.00000E+00 0.00000E+00 0.00000E+00 0.00000E+00 0.00000E+00
 2.54440E+00 5.63388E-01 5.87072E+02 2.54440E+00 5.63388E-01 0.00000E+00 0.00000E+00 0.00000E+00 0.00000E+00 0.00000E+00 0.00000E+00 0.00000E+00
 2.96316E+00 7.15301E-01 5.91880E+02 2.96316E+00 7.15301E-01 0.00000E+00 0.00000E+00 0.00000E+00 0.00000E+00 0.00000E+00 0.00000E+00 0.00000E+00
 3.43768E+00 8.59579E-01 5.96523E+02 3.43768E+00 8.59579E-01 0.00000E+00 0.00000E+00 0.00000E+00 0.00000E+00 0.00000E+00 0.00000E+00 0.00000E+00
 3.97338E+00 9.95379E-01 6.01080E+02 3.97338E+00 9.95379E-01 0.00000E+00 0.00000E+00 0.00000E+00 0.00000E+00 0.00000E+00 0.00000E+00 0.00000E+00
 4.57226E+00 1.12101E+00 6.05600E+02 4.57226E+00 1.12101E+00 0.00000E+00 0.00000E+00 0.00000E+00 0.00000E+00 0.00000E+00 0.00000E+00 0.00000E+00
 5.07717E+00 1.20990E+00 6.09083E+02 5.07717E+00 1.20990E+00 0.00000E+00 0.00000E+00 0.00000E+00 0.00000E+00 0.00000E+00 0.00000E+00 0.00000E+00
 5.21863E+00 1.23491E+00 6.10041E+02 5.21863E+00 1.23491E+00 0.00000E+00 0.00000E+00 0.00000E+00 0.00000E+00 0.00000E+00 0.00000E+00 0.00000E+00
 5.99407E+00 1.34181E+00 6.14755E+02 5.99407E+00 1.34181E+00 0.00000E+00 0.00000E+00 0.00000E+00 0.00000E+00 0.00000E+00 0.00000E+00 0.00000E+00
 6.86772E+00 1.43624E+00 6.19663E+02 6.86772E+00 1.43624E+00 0.00000E+00 0.00000E+00 0.00000E+00 0.00000E+00 0.00000E+00 0.00000E+00 0.00000E+00
 7.82479E+00 1.51820E+00 6.24769E+02 7.82479E+00 1.51820E+00 0.00000E+00 0.00000E+00 0.00000E+00 0.00000E+00 0.00000E+00 0.00000E+00 0.00000E+00
 8.86658E+00 1.58729E+00 6.30102E+02 8.86658E+00 1.58729E+00 0.00000E+00 0.00000E+00 0.00000E+00 0.00000E+00 0.00000E+00 0.00000E+00 0.00000E+00
 9.99555E+00 1.64340E+00 6.35698E+02 9.99555E+00 1.64340E+00 0.00000E+00 0.00000E+00 0.00000E+00 0.00000E+00 0.00000E+00 0.00000E+00 0.00000E+00
 1.12118E+01 1.68649E+00 6.41578E+02 1.12118E+01 1.68649E+00 0.00000E+00 0.00000E+00 0.00000E+00 0.00000E+00 0.00000E+00 0.00000E+00 0.00000E+00
 1.25141E+01 1.71677E+00 6.47755E+02 1.25141E+01 1.71677E+00 0.00000E+00 0.00000E+00 0.00000E+00 0.00000E+00 0.00000E+00 0.00000E+00 0.00000E+00
 1.39012E+01 1.73468E+00 6.54241E+02 1.39012E+01 1.73468E+00 0.00000E+00 0.00000E+00 0.00000E+00 0.00000E+00 0.00000E+00 0.00000E+00 0.00000E+00
 1.53711E+01 1.74085E+00 6.61046E+02 1.53711E+01 1.74085E+00 0.00000E+00 0.00000E+00 0.00000E+00 0.00000E+00 0.00000E+00 0.00000E+00 0.00000E+00
 1.69208E+01 1.73601E+00 6.68172E+02 1.69208E+01 1.73601E+00 0.00000E+00 0.00000E+00 0.00000E+00 0.00000E+00 0.00000E+00 0.00000E+00 0.00000E+00
 1.85464E+01 1.72099E+00 6.75619E+02 1.85464E+01 1.72099E+00 0.00000E+00 0.00000E+00 0.00000E+00 0.00000E+00 0.00000E+00 0.00000E+00 0.00000E+00
 2.02435E+01 1.69672E+00 6.83386E+02 2.02435E+01 1.69672E+00 0.00000E+00 0.00000E+00 0.00000E+00 0.00000E+00 0.00000E+00 0.00000E+00 0.00000E+00
 2.20065E+01 1.66416E+00 6.91464E+02 2.20065E+01 1.66416E+00 0.00000E+00 0.00000E+00 0.00000E+00 0.00000E+00 0.00000E+00 0.00000E+00 0.00000E+00
 2.38296E+01 1.62430E+00 6.99847E+02 2.38296E+01 1.62430E+00 0.00000E+00 0.00000E+00 0.00000E+00 0.00000E+00 0.00000E+00 0.00000E+00 0.00000E+00
 2.57060E+01 1.57814E+00 7.08522E+02 2.57060E+01 1.57814E+00 0.00000E+00 0.00000E+00 0.00000E+00 0.00000E+00 0.00000E+00 0.00000E+00 0.00000E+00
 2.76291E+01 1.52661E+00 7.17483E+02 2.76291E+01 1.52661E+00 0.00000E+00 0.00000E+00 0.00000E+00 0.00000E+00 0.00000E+00 0.00000E+00 0.00000E+00
 2.95906E+01 1.47069E+00 7.26710E+02 2.95906E+01 1.47069E+00 0.00000E+00 0.00000E+00 0.00000E+00 0.00000E+00 0.00000E+00 0.00000E+00 0.00000E+00
 1.81438E+00 2.53214E-01 4.38577E+02 1.81438E+00 2.53214E-01 0.00000E+00 0.00000E+00 0.00000E+00 0.00000E+00 0.00000E+00 0.00000E+00 0.00000E+00
 2.09843E+00 4.07538E-01 4.43144E+02 2.09843E+00 4.07538E-01 0.00000E+00 0.00000E+00 0.00000E+00 0.00000E+00 0.00000E+00 0.00000E+00 0.00000E+00
 2.44346E+00 5.54662E-01 4.47522E+02 2.44346E+00 5.54662E-01 0.00000E+00 0.00000E+00 0.00000E+00 0.00000E+00 0.00000E+00 0.00000E+00 0.00000E+00
 2.83493E+00 6.94185E-01 4.51741E+02 2.83493E+00 6.94185E-01 0.00000E+00 0.00000E+00 0.00000E+00 0.00000E+00 0.00000E+00 0.00000E+00 0.00000E+00
 3.27567E+00 8.24672E-01 4.55854E+02 3.27567E+00 8.24672E-01 0.00000E+00 0.00000E+00 0.00000E+00 0.00000E+00 0.00000E+00 0.00000E+00 0.00000E+00
 3.77021E+00 9.45545E-01 4.59916E+02 3.77021E+00 9.45545E-01 0.00000E+00 0.00000E+00 0.00000E+00 0.00000E+00 0.00000E+00 0.00000E+00 0.00000E+00
 4.32001E+00 1.05557E+00 4.63961E+02 4.32001E+00 1.05557E+00 0.00000E+00 0.00000E+00 0.00000E+00 0.00000E+00 0.00000E+00 0.00000E+00 0.00000E+00
 4.78162E+00 1.13232E+00 4.67088E+02 4.78162E+00 1.13232E+00 0.00000E+00 0.00000E+00 0.00000E+00 0.00000E+00 0.00000E+00 0.00000E+00 0.00000E+00
 4.91034E+00 1.15370E+00 4.67959E+02 4.91034E+00 1.15370E+00 0.00000E+00 0.00000E+00 0.00000E+00 0.00000E+00 0.00000E+00 0.00000E+00 0.00000E+00
 5.61497E+00 1.24403E+00 4.72221E+02 5.61497E+00 1.24403E+00 0.00000E+00 0.00000E+00 0.00000E+00 0.00000E+00 0.00000E+00 0.00000E+00 0.00000E+00
 6.40490E+00 1.32202E+00 4.76638E+02 6.40490E+00 1.32202E+00 0.00000E+00 0.00000E+00 0.00000E+00 0.00000E+00 0.00000E+00 0.00000E+00 0.00000E+00
 7.26577E+00 1.38795E+00 4.81210E+02 7.26577E+00 1.38795E+00 0.00000E+00 0.00000E+00 0.00000E+00 0.00000E+00 0.00000E+00 0.00000E+00 0.00000E+00
 8.19802E+00 1.44167E+00 4.85960E+02 8.19802E+00 1.44167E+00 0.00000E+00 0.00000E+00 0.00000E+00 0.00000E+00 0.00000E+00 0.00000E+00 0.00000E+00
 9.20303E+00 1.48329E+00 4.90910E+02 9.20303E+00 1.48329E+00 0.00000E+00 0.00000E+00 0.00000E+00 0.00000E+00 0.00000E+00 0.00000E+00 0.00000E+00
 1.02801E+01 1.51300E+00 4.96074E+02 1.02801E+01 1.51300E+00 0.00000E+00 0.00000E+00 0.00000E+00 0.00000E+00 0.00000E+00 0.00000E+00 0.00000E+00
 1.14275E+01 1.53120E+00 5.01459E+02 1.14275E+01 1.53120E+00 0.00000E+00 0.00000E+00 0.00000E+00 0.00000E+00 0.00000E+00 0.00000E+00 0.00000E+00
 1.26434E+01 1.53847E+00 5.07074E+02 1.26434E+01 1.53847E+00 0.00000E+00 0.00000E+00 0.00000E+00 0.00000E+00 0.00000E+00 0.00000E+00 0.00000E+00
 1.39252E+01 1.53553E+00 5.12922E+02 1.39252E+01 1.53553E+00 0.00000E+00 0.00000E+00 0.00000E+00 0.00000E+00 0.00000E+00 0.00000E+00 0.00000E+00
 1.52697E+01 1.52315E+00 5.19003E+02 1.52697E+01 1.52315E+00 0.00000E+00 0.00000E+00 0.00000E+00 0.00000E+00 0.00000E+00 0.00000E+00 0.00000E+00
 1.66727E+01 1.50220E+00 5.25316E+02 1.66727E+01 1.50220E+00 0.00000E+00 0.00000E+00 0.00000E+00 0.00000E+00 0.00000E+00 0.00000E+00 0.00000E+00
 1.81298E+01 1.47360E+00 5.31857E+02 1.81298E+01 1.47360E+00 0.00000E+00 0.00000E+00 0.00000E+00 0.00000E+00 0.00000E+00 0.00000E+00 0.00000E+00
 1.96356E+01 1.43827E+00 5.38620E+02 1.96356E+01 1.43827E+00 0.00000E+00 0.00000E+00 0.00000E+00 0.00000E+00 0.00000E+00 0.00000E+00 0.00000E+00
 2.11845E+01 1.39714E+00 5.45596E+02 2.11845E+01 1.39714E+00 0.00000E+00 0.00000E+00 0.00000E+00 0.00000E+00 0.00000E+00 0.00000E+00 0.00000E+00
 2.27703E+01 1.35113E+00 5.52775E+02 2.27703E+01 1.35113E+00 0.00000E+00 0.00000E+00 0.00000E+00 0.00000E+00 0.00000E+00 0.00000E+00 0.00000E+00
 2.43866E+01 1.30108E+00 5.60151E+02 2.43866E+01 1.30108E+00 0.00000E+00 0.00000E+00 0.00000E+00 0.00000E+00 0.00000E+00 0.00000E+00 0.00000E+00
 2.60263E+01 1.24786E+00 5.67709E+02 2.60263E+01 1.24786E+00 0.00000E+00 0.00000E+00 0.00000E+00 0.00000E+00 0.00000E+00 0.00000E+00 0.00000E+00
 1.75392E+00 2.65048E-01 3.36394E+02 1.75392E+00 2.65048E-01 0.00000E+00 0.00000E+00 0.00000E+00 0.00000E+00 0.00000E+00 0.00000E+00 0.00000E+00
 2.02224E+00 4.10847E-01 3.40333E+02 2.02224E+00 4.10847E-01 0.00000E+00 0.00000E+00 0.00000E+00 0.00000E+00 0.00000E+00 0.00000E+00 0.00000E+00
 2.34596E+00 5.47454E-01 3.44150E+02 2.34596E+00 5.47454E-01 0.00000E+00 0.00000E+00 0.00000E+00 0.00000E+00 0.00000E+00 0.00000E+00 0.00000E+00
 2.71070E+00 6.74914E-01 3.47866E+02 2.71070E+00 6.74914E-01 0.00000E+00 0.00000E+00 0.00000E+00 0.00000E+00 0.00000E+00 0.00000E+00 0.00000E+00
 3.11887E+00 7.92220E-01 3.51519E+02 3.11887E+00 7.92220E-01 0.00000E+00 0.00000E+00 0.00000E+00 0.00000E+00 0.00000E+00 0.00000E+00 0.00000E+00
 3.57417E+00 8.99057E-01 3.55148E+02 3.57417E+00 8.99057E-01 0.00000E+00 0.00000E+00 0.00000E+00 0.00000E+00 0.00000E+00 0.00000E+00 0.00000E+00
 4.07760E+00 9.94611E-01 3.58775E+02 4.07760E+00 9.94611E-01 0.00000E+00 0.00000E+00 0.00000E+00 0.00000E+00 0.00000E+00 0.00000E+00 0.00000E+00
 4.49852E+00 1.06022E+00 3.61586E+02 4.49852E+00 1.06022E+00 0.00000E+00 0.00000E+00 0.00000E+00 0.00000E+00 0.00000E+00 0.00000E+00 0.00000E+00
 4.61534E+00 1.07829E+00 3.62377E+02 4.61534E+00 1.07829E+00 0.00000E+00 0.00000E+00 0.00000E+00 0.00000E+00 0.00000E+00 0.00000E+00 0.00000E+00
 5.25388E+00 1.15362E+00 3.66229E+02 5.25388E+00 1.15362E+00 0.00000E+00 0.00000E+00 0.00000E+00 0.00000E+00 0.00000E+00 0.00000E+00 0.00000E+00
 5.96602E+00 1.21694E+00 3.70207E+02 5.96602E+00 1.21694E+00 0.00000E+00 0.00000E+00 0.00000E+00 0.00000E+00 0.00000E+00 0.00000E+00 0.00000E+00
 6.73788E+00 1.26871E+00 3.74311E+02 6.73788E+00 1.26871E+00 0.00000E+00 0.00000E+00 0.00000E+00 0.00000E+00 0.00000E+00 0.00000E+00 0.00000E+00
 7.56917E+00 1.30906E+00 3.78555E+02 7.56917E+00 1.30906E+00 0.00000E+00 0.00000E+00 0.00000E+00 0.00000E+00 0.00000E+00 0.00000E+00 0.00000E+00
 8.46030E+00 1.33824E+00 3.82954E+02 8.46030E+00 1.33824E+00 0.00000E+00 0.00000E+00 0.00000E+00 0.00000E+00 0.00000E+00 0.00000E+00 0.00000E+00
 9.40996E+00 1.35664E+00 3.87516E+02 9.40996E+00 1.35664E+00 0.00000E+00 0.00000E+00 0.00000E+00 0.00000E+00 0.00000E+00 0.00000E+00 0.00000E+00
 1.04160E+01 1.36481E+00 3.92246E+02 1.04160E+01 1.36481E+00 0.00000E+00 0.00000E+00 0.00000E+00 0.00000E+00 0.00000E+00 0.00000E+00 0.00000E+00
 1.14760E+01 1.36342E+00 3.97146E+02 1.14760E+01 1.36342E+00 0.00000E+00 0.00000E+00 0.00000E+00 0.00000E+00 0.00000E+00 0.00000E+00 0.00000E+00
 1.25871E+01 1.35324E+00 4.02219E+02 1.25871E+01 1.35324E+00 0.00000E+00 0.00000E+00 0.00000E+00 0.00000E+00 0.00000E+00 0.00000E+00 0.00000E+00
 1.37459E+01 1.33509E+00 4.07463E+02 1.37459E+01 1.33509E+00 0.00000E+00 0.00000E+00 0.00000E+00 0.00000E+00 0.00000E+00 0.00000E+00 0.00000E+00
 1.49482E+01 1.30983E+00 4.12875E+02 1.49482E+01 1.30983E+00 0.00000E+00 0.00000E+00 0.00000E+00 0.00000E+00 0.00000E+00 0.00000E+00 0.00000E+00
 1.61894E+01 1.27834E+00 4.18449E+02 1.61894E+01 1.27834E+00 0.00000E+00 0.00000E+00 0.00000E+00 0.00000E+00 0.00000E+00 0.00000E+00 0.00000E+00
 1.74647E+01 1.24148E+00 4.24180E+02 1.74647E+01 1.24148E+00 0.00000E+00 0.00000E+00 0.00000E+00 0.00000E+00 0.00000E+00 0.00000E+00 0.00000E+00
 1.87686E+01 1.20014E+00 4.30061E+02 1.87686E+01 1.20014E+00 0.00000E+00 0.00000E+00 0.00000E+00 0.00000E+00 0.00000E+00 0.00000E+00 0.00000E+00
 2.00955E+01 1.15513E+00 4.36082E+02 2.00955E+01 1.15513E+00 0.00000E+00 0.00000E+00 0.00000E+00 0.00000E+00 0.00000E+00 0.00000E+00 0.00000E+00
 2.14396E+01 1.10720E+00 4.42238E+02 2.14396E+01 1.10720E+00 0.00000E+00 0.00000E+00 0.00000E+00 0.00000E+00 0.00000E+00 0.00000E+00 0.00000E+00
 2.27945E+01 1.05712E+00 4.48515E+02 2.27945E+01 1.05712E+00 0.00000E+00 0.00000E+00 0.00000E+00 0.00000E+00 0.00000E+00 0.00000E+00 0.00000E+00
 1.69785E+00 2.78842E-01 2.59581E+02 1.69785E+00 2.78842E-01 0.00000E+00 0.00000E+00 0.00000E+00 0.00000E+00 0.00000E+00 0.00000E+00 0.00000E+00
 1.95003E+00 4.15718E-01 2.62985E+02 1.95003E+00 4.15718E-01 0.00000E+00 0.00000E+00 0.00000E+00 0.00000E+00 0.00000E+00 0.00000E+00 0.00000E+00
 2.25256E+00 5.41669E-01 2.66319E+02 2.25256E+00 5.41669E-01 0.00000E+00 0.00000E+00 0.00000E+00 0.00000E+00 0.00000E+00 0.00000E+00 0.00000E+00
 2.59129E+00 6.57179E-01 2.69597E+02 2.59129E+00 6.57179E-01 0.00000E+00 0.00000E+00 0.00000E+00 0.00000E+00 0.00000E+00 0.00000E+00 0.00000E+00
 2.96823E+00 7.61659E-01 2.72844E+02 2.96823E+00 7.61659E-01 0.00000E+00 0.00000E+00 0.00000E+00 0.00000E+00 0.00000E+00 0.00000E+00 0.00000E+00
 3.38632E+00 8.55050E-01 2.76084E+02 3.38632E+00 8.55050E-01 0.00000E+00 0.00000E+00 0.00000E+00 0.00000E+00 0.00000E+00 0.00000E+00 0.00000E+00
 3.84615E+00 9.36938E-01 2.79335E+02 3.84615E+00 9.36938E-01 0.00000E+00 0.00000E+00 0.00000E+00 0.00000E+00 0.00000E+00 0.00000E+00 0.00000E+00
 4.22901E+00 9.92142E-01 2.81859E+02 4.22901E+00 9.92142E-01 0.00000E+00 0.00000E+00 0.00000E+00 0.00000E+00 0.00000E+00 0.00000E+00 0.00000E+00
 4.33475E+00 1.00715E+00 2.82574E+02 4.33475E+00 1.00715E+00 0.00000E+00 0.00000E+00 0.00000E+00 0.00000E+00 0.00000E+00 0.00000E+00 0.00000E+00
 4.91185E+00 1.06868E+00 2.86049E+02 4.91185E+00 1.06868E+00 0.00000E+00 0.00000E+00 0.00000E+00 0.00000E+00 0.00000E+00 0.00000E+00 0.00000E+00
 5.55203E+00 1.11868E+00 2.89625E+02 5.55203E+00 1.11868E+00 0.00000E+00 0.00000E+00 0.00000E+00 0.00000E+00 0.00000E+00 0.00000E+00 0.00000E+00
 6.24193E+00 1.15779E+00 2.93304E+02 6.24193E+00 1.15779E+00 0.00000E+00 0.00000E+00 0.00000E+00 0.00000E+00 0.00000E+00 0.00000E+00 0.00000E+00
 6.98064E+00 1.18633E+00 2.97093E+02 6.98064E+00 1.18633E+00 0.00000E+00 0.00000E+00 0.00000E+00 0.00000E+00 0.00000E+00 0.00000E+00 0.00000E+00
 7.76783E+00 1.20471E+00 3.01003E+02 7.76783E+00 1.20471E+00 0.00000E+00 0.00000E+00 0.00000E+00 0.00000E+00 0.00000E+00 0.00000E+00 0.00000E+00
 8.60171E+00 1.21347E+00 3.05037E+02 8.60171E+00 1.21347E+00 0.00000E+00 0.00000E+00 0.00000E+00 0.00000E+00 0.00000E+00 0.00000E+00 0.00000E+00
 9.47978E+00 1.21327E+00 3.09198E+02 9.47978E+00 1.21327E+00 0.00000E+00 0.00000E+00 0.00000E+00 0.00000E+00 0.00000E+00 0.00000E+00 0.00000E+00
 1.03994E+01 1.20483E+00 3.13486E+02 1.03994E+01 1.20483E+00 0.00000E+00 0.00000E+00 0.00000E+00 0.00000E+00 0.00000E+00 0.00000E+00 0.00000E+00
 1.13575E+01 1.18896E+00 3.17901E+02 1.13575E+01 1.18896E+00 0.00000E+00 0.00000E+00 0.00000E+00 0.00000E+00 0.00000E+00 0.00000E+00 0.00000E+00
 1.23505E+01 1.16647E+00 3.22439E+02 1.23505E+01 1.16647E+00 0.00000E+00 0.00000E+00 0.00000E+00 0.00000E+00 0.00000E+00 0.00000E+00 0.00000E+00
 1.33744E+01 1.13821E+00 3.27097E+02 1.33744E+01 1.13821E+00 0.00000E+00 0.00000E+00 0.00000E+00 0.00000E+00 0.00000E+00 0.00000E+00 0.00000E+00
 1.44249E+01 1.10499E+00 3.31870E+02 1.44249E+01 1.10499E+00 0.00000E+00 0.00000E+00 0.00000E+00 0.00000E+00 0.00000E+00 0.00000E+00 0.00000E+00
 1.54973E+01 1.06764E+00 3.36752E+02 1.54973E+01 1.06764E+00 0.00000E+00 0.00000E+00 0.00000E+00 0.00000E+00 0.00000E+00 0.00000E+00 0.00000E+00
 1.65866E+01 1.02693E+00 3.41737E+02 1.65866E+01 1.02693E+00 0.00000E+00 0.00000E+00 0.00000E+00 0.00000E+00 0.00000E+00 0.00000E+00 0.00000E+00
 1.76879E+01 9.83605E-01 3.46815E+02 1.76879E+01 9.83605E-01 0.00000E+00 0.00000E+00 0.00000E+00 0.00000E+00 0.00000E+00 0.00000E+00 0.00000E+00
 1.87960E+01 9.38313E-01 3.51982E+02 1.87960E+01 9.38313E-01 0.00000E+00 0.00000E+00 0.00000E+00 0.00000E+00 0.00000E+00 0.00000E+00 0.00000E+00
 1.99053E+01 8.91720E-01 3.57227E+02 1.99053E+01 8.91720E-01 0.00000E+00 0.00000E+00 0.00000E+00 0.00000E+00 0.00000E+00 0.00000E+00 0.00000E+00
 1.64473E+00 2.94541E-01 2.01502E+02 1.64473E+00 2.94541E-01 0.00000E+00 0.00000E+00 0.00000E+00 0.00000E+00 0.00000E+00 0.00000E+00 0.00000E+00
 1.88054E+00 4.22090E-01 2.04484E+02 1.88054E+00 4.22090E-01 0.00000E+00 0.00000E+00 0.00000E+00 0.00000E+00 0.00000E+00 0.00000E+00 0.00000E+00
 2.16218E+00 5.37232E-01 2.07429E+02 2.16218E+00 5.37232E-01 0.00000E+00 0.00000E+00 0.00000E+00 0.00000E+00 0.00000E+00 0.00000E+00 0.00000E+00
 2.47576E+00 6.40887E-01 2.10347E+02 2.47576E+00 6.40887E-01 0.00000E+00 0.00000E+00 0.00000E+00 0.00000E+00 0.00000E+00 0.00000E+00 0.00000E+00
 2.82285E+00 7.32876E-01 2.13252E+02 2.82285E+00 7.32876E-01 0.00000E+00 0.00000E+00 0.00000E+00 0.00000E+00 0.00000E+00 0.00000E+00 0.00000E+00
 3.20573E+00 8.13396E-01 2.16162E+02 3.20573E+00 8.13396E-01 0.00000E+00 0.00000E+00 0.00000E+00 0.00000E+00 0.00000E+00 0.00000E+00 0.00000E+00
 3.62457E+00 8.82402E-01 2.19086E+02 3.62457E+00 8.82402E-01 0.00000E+00 0.00000E+00 0.00000E+00 0.00000E+00 0.00000E+00 0.00000E+00 0.00000E+00
 3.97182E+00 9.27913E-01 2.21360E+02 3.97182E+00 9.27913E-01 0.00000E+00 0.00000E+00 0.00000E+00 0.00000E+00 0.00000E+00 0.00000E+00 0.00000E+00
 4.06724E+00 9.40094E-01 2.22007E+02 4.06724E+00 9.40094E-01 0.00000E+00 0.00000E+00 0.00000E+00 0.00000E+00 0.00000E+00 0.00000E+00 0.00000E+00
 4.58718E+00 9.88993E-01 2.25143E+02 4.58718E+00 9.88993E-01 0.00000E+00 0.00000E+00 0.00000E+00 0.00000E+00 0.00000E+00 0.00000E+00 0.00000E+00
 5.16071E+00 1.02698E+00 2.28360E+02 5.16071E+00 1.02698E+00 0.00000E+00 0.00000E+00 0.00000E+00 0.00000E+00 0.00000E+00 0.00000E+00 0.00000E+00
 5.77507E+00 1.05485E+00 2.31659E+02 5.77507E+00 1.05485E+00 0.00000E+00 0.00000E+00 0.00000E+00 0.00000E+00 0.00000E+00 0.00000E+00 0.00000E+00
 6.42887E+00 1.07309E+00 2.35044E+02 6.42887E+00 1.07309E+00 0.00000E+00 0.00000E+00 0.00000E+00 0.00000E+00 0.00000E+00 0.00000E+00 0.00000E+00
 7.12117E+00 1.08223E+00 2.38521E+02 7.12117E+00 1.08223E+00 0.00000E+00 0.00000E+00 0.00000E+00 0.00000E+00 0.00000E+00 0.00000E+00 0.00000E+00
 7.84986E+00 1.08292E+00 2.42092E+02 7.84986E+00 1.08292E+00 0.00000E+00 0.00000E+00 0.00000E+00 0.00000E+00 0.00000E+00 0.00000E+00 0.00000E+00
 8.61228E+00 1.07587E+00 2.45756E+02 8.61228E+00 1.07587E+00 0.00000E+00 0.00000E+00 0.00000E+00 0.00000E+00 0.00000E+00 0.00000E+00 0.00000E+00
 9.40565E+00 1.06186E+00 2.49513E+02 9.40565E+00 1.06186E+00 0.00000E+00 0.00000E+00 0.00000E+00 0.00000E+00 0.00000E+00 0.00000E+00 0.00000E+00
 1.02268E+01 1.04169E+00 2.53361E+02 1.02268E+01 1.04169E+00 0.00000E+00 0.00000E+00 0.00000E+00 0.00000E+00 0.00000E+00 0.00000E+00 0.00000E+00
 1.10723E+01 1.01615E+00 2.57296E+02 1.10723E+01 1.01615E+00 0.00000E+00 0.00000E+00 0.00000E+00 0.00000E+00 0.00000E+00 0.00000E+00 0.00000E+00
 1.19382E+01 9.86030E-01 2.61315E+02 1.19382E+01 9.86030E-01 0.00000E+00 0.00000E+00 0.00000E+00 0.00000E+00 0.00000E+00 0.00000E+00 0.00000E+00
 1.28206E+01 9.52106E-01 2.65413E+02 1.28206E+01 9.52106E-01 0.00000E+00 0.00000E+00 0.00000E+00 0.00000E+00 0.00000E+00 0.00000E+00 0.00000E+00
 1.37152E+01 9.15112E-01 2.69583E+02 1.37152E+01 9.15112E-01 0.00000E+00 0.00000E+00 0.00000E+00 0.00000E+00 0.00000E+00 0.00000E+00 0.00000E+00
 1.46176E+01 8.75743E-01 2.73819E+02 1.46176E+01 8.75743E-01 0.00000E+00 0.00000E+00 0.00000E+00 0.00000E+00 0.00000E+00 0.00000E+00 0.00000E+00
 1.55234E+01 8.34644E-01 2.78116E+02 1.55234E+01 8.34644E-01 0.00000E+00 0.00000E+00 0.00000E+00 0.00000E+00 0.00000E+00 0.00000E+00 0.00000E+00
 1.64280E+01 7.92369E-01 2.82467E+02 1.64280E+01 7.92369E-01 0.00000E+00 0.00000E+00 0.00000E+00 0.00000E+00 0.00000E+00 0.00000E+00 0.00000E+00
 1.73268E+01 7.49480E-01 2.86863E+02 1.73268E+01 7.49480E-01 0.00000E+00 0.00000E+00 0.00000E+00 0.00000E+00 0.00000E+00 0.00000E+00 0.00000E+00
 1.59695E+00 3.11960E-01 1.57729E+02 1.59695E+00 3.11960E-01 0.00000E+00 0.00000E+00 0.00000E+00 0.00000E+00 0.00000E+00 0.00000E+00 0.00000E+00
 1.81645E+00 4.29709E-01 1.60353E+02 1.81645E+00 4.29709E-01 0.00000E+00 0.00000E+00 0.00000E+00 0.00000E+00 0.00000E+00 0.00000E+00 0.00000E+00
 2.07809E+00 5.33839E-01 1.62963E+02 2.07809E+00 5.33839E-01 0.00000E+00 0.00000E+00 0.00000E+00 0.00000E+00 0.00000E+00 0.00000E+00 0.00000E+00
 2.36812E+00 6.25700E-01 1.65563E+02 2.36812E+00 6.25700E-01 0.00000E+00 0.00000E+00 0.00000E+00 0.00000E+00 0.00000E+00 0.00000E+00 0.00000E+00
 2.68767E+00 7.05507E-01 1.68164E+02 2.68767E+00 7.05507E-01 0.00000E+00 0.00000E+00 0.00000E+00 0.00000E+00 0.00000E+00 0.00000E+00 0.00000E+00
 3.03834E+00 7.73706E-01 1.70774E+02 3.03834E+00 7.73706E-01 0.00000E+00 0.00000E+00 0.00000E+00 0.00000E+00 0.00000E+00 0.00000E+00 0.00000E+00
 3.41992E+00 8.30591E-01 1.73399E+02 3.41992E+00 8.30591E-01 0.00000E+00 0.00000E+00 0.00000E+00 0.00000E+00 0.00000E+00 0.00000E+00 0.00000E+00
 3.73491E+00 8.67103E-01 1.75440E+02 3.73491E+00 8.67103E-01 0.00000E+00 0.00000E+00 0.00000E+00 0.00000E+00 0.00000E+00 0.00000E+00 0.00000E+00
 3.82101E+00 8.76691E-01 1.76024E+02 3.82101E+00 8.76691E-01 0.00000E+00 0.00000E+00 0.00000E+00 0.00000E+00 0.00000E+00 0.00000E+00 0.00000E+00
 4.28944E+00 9.14079E-01 1.78841E+02 4.28944E+00 9.14079E-01 0.00000E+00 0.00000E+00 0.00000E+00 0.00000E+00 0.00000E+00 0.00000E+00 0.00000E+00
 4.80314E+00 9.41306E-01 1.81723E+02 4.80314E+00 9.41306E-01 0.00000E+00 0.00000E+00 0.00000E+00 0.00000E+00 0.00000E+00 0.00000E+00 0.00000E+00
 5.34993E+00 9.59296E-01 1.84668E+02 5.34993E+00 9.59296E-01 0.00000E+00 0.00000E+00 0.00000E+00 0.00000E+00 0.00000E+00 0.00000E+00 0.00000E+00
 5.92807E+00 9.68647E-01 1.87679E+02 5.92807E+00 9.68647E-01 0.00000E+00 0.00000E+00 0.00000E+00 0.00000E+00 0.00000E+00 0.00000E+00 0.00000E+00
 6.53620E+00 9.69989E-01 1.90760E+02 6.53620E+00 9.69989E-01 0.00000E+00 0.00000E+00 0.00000E+00 0.00000E+00 0.00000E+00 0.00000E+00 0.00000E+00
 7.17201E+00 9.64028E-01 1.93909E+02 7.17201E+00 9.64028E-01 0.00000E+00 0.00000E+00 0.00000E+00 0.00000E+00 0.00000E+00 0.00000E+00 0.00000E+00
 7.83276E+00 9.51532E-01 1.97125E+02 7.83276E+00 9.51532E-01 0.00000E+00 0.00000E+00 0.00000E+00 0.00000E+00 0.00000E+00 0.00000E+00 0.00000E+00
 8.51566E+00 9.33272E-01 2.00408E+02 8.51566E+00 9.33272E-01 0.00000E+00 0.00000E+00 0.00000E+00 0.00000E+00 0.00000E+00 0.00000E+00 0.00000E+00
 9.21762E+00 9.10020E-01 2.03754E+02 9.21762E+00 9.10020E-01 0.00000E+00 0.00000E+00 0.00000E+00 0.00000E+00 0.00000E+00 0.00000E+00 0.00000E+00
 9.93531E+00 8.82534E-01 2.07159E+02 9.93531E+00 8.82534E-01 0.00000E+00 0.00000E+00 0.00000E+00 0.00000E+00 0.00000E+00 0.00000E+00 0.00000E+00
 1.06652E+01 8.51545E-01 2.10620E+02 1.06652E+01 8.51545E-01 0.00000E+00 0.00000E+00 0.00000E+00 0.00000E+00 0.00000E+00 0.00000E+00 0.00000E+00
 1.14036E+01 8.17752E-01 2.14131E+02 1.14036E+01 8.17752E-01 0.00000E+00 0.00000E+00 0.00000E+00 0.00000E+00 0.00000E+00 0.00000E+00 0.00000E+00
 1.21468E+01 7.81808E-01 2.17688E+02 1.21468E+01 7.81808E-01 0.00000E+00 0.00000E+00 0.00000E+00 0.00000E+00 0.00000E+00 0.00000E+00 0.00000E+00
 1.28909E+01 7.44317E-01 2.21285E+02 1.28909E+01 7.44317E-01 0.00000E+00 0.00000E+00 0.00000E+00 0.00000E+00 0.00000E+00 0.00000E+00 0.00000E+00
 1.36321E+01 7.05831E-01 2.24916E+02 1.36321E+01 7.05831E-01 2.10410E+00 0.00000E+00 0.00000E+00 0.00000E+00 0.00000E+00 0.00000E+00 0.00000E+00
 1.43666E+01 6.66812E-01 2.28576E+02 1.43666E+01 6.66812E-01 6.79171E+00 0.00000E+00 0.00000E+00 0.00000E+00 0.00000E+00 0.00000E+00 0.00000E+00
 1.50904E+01 6.27726E-01 2.32257E+02 1.50904E+01 6.27726E-01 1.15363E+01 0.00000E+00 0.00000E+00 0.00000E+00 0.00000E+00 0.00000E+00 0.00000E+00
 1.55228E+00 3.30829E-01 1.24443E+02 1.55228E+00 3.30829E-01 0.00000E+00 0.00000E+00 0.00000E+00 0.00000E+00 0.00000E+00 0.00000E+00 0.00000E+00
 1.75625E+00 4.38211E-01 1.26764E+02 1.75625E+00 4.38211E-01 0.00000E+00 0.00000E+00 0.00000E+00 0.00000E+00 0.00000E+00 0.00000E+00 0.00000E+00
 1.99910E+00 5.31089E-01 1.29085E+02 1.99910E+00 5.31089E-01 0.00000E+00 0.00000E+00 0.00000E+00 0.00000E+00 0.00000E+00 0.00000E+00 0.00000E+00
 2.26713E+00 6.11216E-01 1.31408E+02 2.26713E+00 6.11216E-01 0.00000E+00 0.00000E+00 0.00000E+00 0.00000E+00 0.00000E+00 0.00000E+00 0.00000E+00
 2.56101E+00 6.79177E-01 1.33737E+02 2.56101E+00 6.79177E-01 0.00000E+00 0.00000E+00 0.00000E+00 0.00000E+00 0.00000E+00 0.00000E+00 0.00000E+00
 2.88171E+00 7.35646E-01 1.36076E+02 2.88171E+00 7.35646E-01 0.00000E+00 0.00000E+00 0.00000E+00 0.00000E+00 0.00000E+00 0.00000E+00 0.00000E+00
 3.22867E+00 7.81214E-01 1.38429E+02 3.22867E+00 7.81214E-01 0.00000E+00 0.00000E+00 0.00000E+00 0.00000E+00 0.00000E+00 0.00000E+00 0.00000E+00
 3.51372E+00 8.09452E-01 1.40259E+02 3.51372E+00 8.09452E-01 0.00000E+00 0.00000E+00 0.00000E+00 0.00000E+00 0.00000E+00 0.00000E+00 0.00000E+00
 3.59120E+00 8.16684E-01 1.40783E+02 3.59120E+00 8.16684E-01 0.00000E+00 0.00000E+00 0.00000E+00 0.00000E+00 0.00000E+00 0.00000E+00 0.00000E+00
 4.01194E+00 8.43714E-01 1.43305E+02 4.01194E+00 8.43714E-01 0.00000E+00 0.00000E+00 0.00000E+00 0.00000E+00 0.00000E+00 0.00000E+00 0.00000E+00
 4.47038E+00 8.61453E-01 1.45877E+02 4.47038E+00 8.61453E-01 0.00000E+00 0.00000E+00 0.00000E+00 0.00000E+00 0.00000E+00 0.00000E+00 0.00000E+00
 4.95497E+00 8.70907E-01 1.48497E+02 4.95497E+00 8.70907E-01 0.00000E+00 0.00000E+00 0.00000E+00 0.00000E+00 0.00000E+00 0.00000E+00 0.00000E+00
 5.46372E+00 8.72765E-01 1.51166E+02 5.46372E+00 8.72765E-01 0.00000E+00 0.00000E+00 0.00000E+00 0.00000E+00 0.00000E+00 0.00000E+00 0.00000E+00
 5.99496E+00 8.67706E-01 1.53884E+02 5.99496E+00 8.67706E-01 0.00000E+00 0.00000E+00 0.00000E+00 0.00000E+00 0.00000E+00 0.00000E+00 0.00000E+00
 6.54628E+00 8.56474E-01 1.56651E+02 6.54628E+00 8.56474E-01 0.00000E+00 0.00000E+00 0.00000E+00 0.00000E+00 0.00000E+00 0.00000E+00 0.00000E+00
 7.11500E+00 8.39842E-01 1.59464E+02 7.11500E+00 8.39842E-01 0.00000E+00 0.00000E+00 0.00000E+00 0.00000E+00 0.00000E+00 0.00000E+00 0.00000E+00
 7.69836E+00 8.18556E-01 1.62322E+02 7.69836E+00 8.18556E-01 0.00000E+00 0.00000E+00 0.00000E+00 0.00000E+00 0.00000E+00 0.00000E+00 0.00000E+00
 8.29344E+00 7.93347E-01 1.65222E+02 8.29344E+00 7.93347E-01 0.00000E+00 0.00000E+00 0.00000E+00 0.00000E+00 0.00000E+00 0.00000E+00 0.00000E+00
 8.89715E+00 7.64913E-01 1.68159E+02 8.89715E+00 7.64913E-01 0.00000E+00 0.00000E+00 0.00000E+00 0.00000E+00 0.00000E+00 0.00000E+00 0.00000E+00
 9.50630E+00 7.33915E-01 1.71129E+02 9.50630E+00 7.33915E-01 2.58884E+00 0.00000E+00 0.00000E+00 0.00000E+00 0.00000E+00 0.00000E+00 0.00000E+00
 1.01176E+01 7.00971E-01 1.74129E+02 1.01176E+01 7.00971E-01 6.37484E+00 0.00000E+00 0.00000E+00 0.00000E+00 0.00000E+00 0.00000E+00 0.00000E+00
 1.07279E+01 6.66646E-01 1.77153E+02 1.07279E+01 6.66646E-01 1.02127E+01 0.00000E+00 0.00000E+00 0.00000E+00 0.00000E+00 0.00000E+00 0.00000E+00
 1.13338E+01 6.31455E-01 1.80197E+02 1.13338E+01 6.31455E-01 1.40985E+01 0.00000E+00 0.00000E+00 0.00000E+00 0.00000E+00 0.00000E+00 0.00000E+00
 1.19322E+01 5.95858E-01 1.83255E+02 1.19322E+01 5.95858E-01 1.80278E+01 0.00000E+00 0.00000E+00 0.00000E+00 0.00000E+00 0.00000E+00 0.00000E+00
 1.25197E+01 5.60231E-01 1.86323E+02 1.25197E+01 5.60231E-01 2.19968E+01 0.00000E+00 0.00000E+00 0.00000E+00 0.00000E+00 0.00000E+00 0.00000E+00
 1.30934E+01 5.24950E-01 1.89394E+02 1.30934E+01 5.24950E-01 2.60011E+01 0.00000E+00 0.00000E+00 0.00000E+00 0.00000E+00 0.00000E+00 0.00000E+00
 1.50465E+00 3.50728E-01 9.87821E+01 1.50465E+00 3.50728E-01 0.00000E+00 0.00000E+00 0.00000E+00 0.00000E+00 0.00000E+00 0.00000E+00 0.00000E+00
 1.69340E+00 4.47172E-01 1.00878E+02 1.69340E+00 4.47172E-01 0.00000E+00 0.00000E+00 0.00000E+00 0.00000E+00 0.00000E+00 0.00000E+00 0.00000E+00
 1.91783E+00 5.28611E-01 1.02977E+02 1.91783E+00 5.28611E-01 0.00000E+00 0.00000E+00 0.00000E+00 0.00000E+00 0.00000E+00 0.00000E+00 0.00000E+00
 2.16428E+00 5.97154E-01 1.05080E+02 2.16428E+00 5.97154E-01 0.00000E+00 0.00000E+00 0.00000E+00 0.00000E+00 0.00000E+00 0.00000E+00 0.00000E+00
 2.43297E+00 6.53706E-01 1.07188E+02 2.43297E+00 6.53706E-01 0.00000E+00 0.00000E+00 0.00000E+00 0.00000E+00 0.00000E+00 0.00000E+00 0.00000E+00
 2.72429E+00 6.99140E-01 1.09303E+02 2.72429E+00 6.99140E-01 0.00000E+00 0.00000E+00 0.00000E+00 0.00000E+00 0.00000E+00 0.00000E+00 0.00000E+00
 3.03735E+00 7.34289E-01 1.11426E+02 3.03735E+00 7.34289E-01 0.00000E+00 0.00000E+00 0.00000E+00 0.00000E+00 0.00000E+00 0.00000E+00 0.00000E+00
 3.29314E+00 7.55038E-01 1.13074E+02 3.29314E+00 7.55038E-01 0.00000E+00 0.00000E+00 0.00000E+00 0.00000E+00 0.00000E+00 0.00000E+00 0.00000E+00
 3.36224E+00 7.60169E-01 1.13545E+02 3.36224E+00 7.60169E-01 0.00000E+00 0.00000E+00 0.00000E+00 0.00000E+00 0.00000E+00 0.00000E+00 0.00000E+00
 3.73654E+00 7.78051E-01 1.15810E+02 3.73654E+00 7.78051E-01 0.00000E+00 0.00000E+00 0.00000E+00 0.00000E+00 0.00000E+00 0.00000E+00 0.00000E+00
 4.14137E+00 7.87606E-01 1.18110E+02 4.14137E+00 7.87606E-01 0.00000E+00 0.00000E+00 0.00000E+00 0.00000E+00 0.00000E+00 0.00000E+00 0.00000E+00
 4.56595E+00 7.89881E-01 1.20442E+02 4.56595E+00 7.89881E-01 0.00000E+00 0.00000E+00 0.00000E+00 0.00000E+00 0.00000E+00 0.00000E+00 0.00000E+00
 5.00812E+00 7.85614E-01 1.22808E+02 5.00812E+00 7.85614E-01 0.00000E+00 0.00000E+00 0.00000E+00 0.00000E+00 0.00000E+00 0.00000E+00 0.00000E+00
 5.46602E+00 7.75507E-01 1.25207E+02 5.46602E+00 7.75507E-01 0.00000E+00 0.00000E+00 0.00000E+00 0.00000E+00 0.00000E+00 0.00000E+00 0.00000E+00
 5.93725E+00 7.60304E-01 1.27636E+02 5.93725E+00 7.60304E-01 0.00000E+00 0.00000E+00 0.00000E+00 0.00000E+00 0.00000E+00 0.00000E+00 0.00000E+00
 6.41926E+00 7.40754E-01 1.30094E+02 6.41926E+00 7.40754E-01 2.39644E+00 0.00000E+00 0.00000E+00 0.00000E+00 0.00000E+00 0.00000E+00 0.00000E+00
 6.90945E+00 7.17559E-01 1.32579E+02 6.90945E+00 7.17559E-01 5.43873E+00 0.00000E+00 0.00000E+00 0.00000E+00 0.00000E+00 0.00000E+00 0.00000E+00
 7.40514E+00 6.91388E-01 1.35087E+02 7.40514E+00 6.91388E-01 8.53077E+00 0.00000E+00 0.00000E+00 0.00000E+00 0.00000E+00 0.00000E+00 0.00000E+00
 7.90356E+00 6.62869E-01 1.37615E+02 7.90356E+00 6.62869E-01 1.16685E+01 0.00000E+00 0.00000E+00 0.00000E+00 0.00000E+00 0.00000E+00 0.00000E+00
 8.40190E+00 6.32585E-01 1.40159E+02 8.40190E+00 6.32585E-01 1.48479E+01 0.00000E+00 0.00000E+00 0.00000E+00 0.00000E+00 0.00000E+00 0.00000E+00
 8.89738E+00 6.01066E-01 1.42715E+02 8.89738E+00 6.01066E-01 1.80650E+01 0.00000E+00 0.00000E+00 0.00000E+00 0.00000E+00 0.00000E+00 0.00000E+00
 9.38724E+00 5.68792E-01 1.45280E+02 9.38724E+00 5.68792E-01 2.13158E+01 0.00000E+00 0.00000E+00 0.00000E+00 0.00000E+00 0.00000E+00 0.00000E+00
 9.86882E+00 5.36190E-01 1.47847E+02 9.86882E+00 5.36190E-01 2.45963E+01 0.00000E+00 0.00000E+00 0.00000E+00 0.00000E+00 0.00000E+00 0.00000E+00
 1.03395E+01 5.03633E-01 1.50414E+02 1.03395E+01 5.03633E-01 2.79024E+01 0.00000E+00 0.00000E+00 0.00000E+00 0.00000E+00 0.00000E+00 0.00000E+00
 1.07967E+01 4.71421E-01 1.52975E+02 1.07967E+01 4.71421E-01 3.12301E+01 0.00000E+00 0.00000E+00 0.00000E+00 0.00000E+00 0.00000E+00 0.00000E+00
 1.12381E+01 4.39845E-01 1.55526E+02 1.12381E+01 4.39845E-01 3.45752E+01 0.00000E+00 0.00000E+00 0.00000E+00 0.00000E+00 0.00000E+00 0.00000E+00
 1.46154E+00 3.71290E-01 7.92893E+01 1.46154E+00 3.71290E-01 0.00000E+00 0.00000E+00 0.00000E+00 0.00000E+00 0.00000E+00 0.00000E+00 0.00000E+00
 1.63616E+00 4.56159E-01 8.11982E+01 1.63616E+00 4.56159E-01 0.00000E+00 0.00000E+00 0.00000E+00 0.00000E+00 0.00000E+00 0.00000E+00 0.00000E+00
 1.84356E+00 5.25917E-01 8.31064E+01 1.84356E+00 5.25917E-01 0.00000E+00 0.00000E+00 0.00000E+00 0.00000E+00 0.00000E+00 0.00000E+00 0.00000E+00
 2.07019E+00 5.82957E-01 8.50146E+01 2.07019E+00 5.82957E-01 0.00000E+00 0.00000E+00 0.00000E+00 0.00000E+00 0.00000E+00 0.00000E+00 0.00000E+00
 2.31592E+00 6.28453E-01 8.69229E+01 2.31592E+00 6.28453E-01 0.00000E+00 0.00000E+00 0.00000E+00 0.00000E+00 0.00000E+00 0.00000E+00 0.00000E+00
 2.58070E+00 6.63433E-01 8.88316E+01 2.58070E+00 6.63433E-01 0.00000E+00 0.00000E+00 0.00000E+00 0.00000E+00 0.00000E+00 0.00000E+00 0.00000E+00
 2.86347E+00 6.88913E-01 9.07412E+01 2.86347E+00 6.88913E-01 0.00000E+00 0.00000E+00 0.00000E+00 0.00000E+00 0.00000E+00 0.00000E+00 0.00000E+00
 3.09337E+00 7.02830E-01 9.22192E+01 3.09337E+00 7.02830E-01 0.00000E+00 0.00000E+00 0.00000E+00 0.00000E+00 0.00000E+00 0.00000E+00 0.00000E+00
 3.15508E+00 7.06068E-01 9.26411E+01 3.15508E+00 7.06068E-01 0.00000E+00 0.00000E+00 0.00000E+00 0.00000E+00 0.00000E+00 0.00000E+00 0.00000E+00
 3.48883E+00 7.15804E-01 9.46620E+01 3.48883E+00 7.15804E-01 0.00000E+00 0.00000E+00 0.00000E+00 0.00000E+00 0.00000E+00 0.00000E+00 0.00000E+00
 3.84745E+00 7.18237E-01 9.67038E+01 3.84745E+00 7.18237E-01 0.00000E+00 0.00000E+00 0.00000E+00 0.00000E+00 0.00000E+00 0.00000E+00 0.00000E+00
 4.22093E+00 7.14423E-01 9.87654E+01 4.22093E+00 7.14423E-01 1.56068E+00 0.00000E+00 0.00000E+00 0.00000E+00 0.00000E+00 0.00000E+00 0.00000E+00
 4.60718E+00 7.05119E-01 1.00846E+02 4.60718E+00 7.05119E-01 3.97962E+00 0.00000E+00 0.00000E+00 0.00000E+00 0.00000E+00 0.00000E+00 0.00000E+00
 5.00431E+00 6.91017E-01 1.02944E+02 5.00431E+00 6.91017E-01 6.44797E+00 0.00000E+00 0.00000E+00 0.00000E+00 0.00000E+00 0.00000E+00 0.00000E+00
 5.41011E+00 6.72837E-01 1.05058E+02 5.41011E+00 6.72837E-01 8.96136E+00 0.00000E+00 0.00000E+00 0.00000E+00 0.00000E+00 0.00000E+00 0.00000E+00
 5.82225E+00 6.51284E-01 1.07187E+02 5.82225E+00 6.51284E-01 1.15157E+01 0.00000E+00 0.00000E+00 0.00000E+00 0.00000E+00 0.00000E+00 0.00000E+00
 6.23842E+00 6.27000E-01 1.09327E+02 6.23842E+00 6.27000E-01 1.41070E+01 0.00000E+00 0.00000E+00 0.00000E+00 0.00000E+00 0.00000E+00 0.00000E+00
 6.65625E+00 6.00581E-01 1.11475E+02 6.65625E+00 6.00581E-01 1.67316E+01 0.00000E+00 0.00000E+00 0.00000E+00 0.00000E+00 0.00000E+00 0.00000E+00
 7.07335E+00 5.72578E-01 1.13629E+02 7.07335E+00 5.72578E-01 1.93855E+01 0.00000E+00 0.00000E+00 0.00000E+00 0.00000E+00 0.00000E+00 0.00000E+00
 7.48735E+00 5.43490E-01 1.15785E+02 7.48735E+00 5.43490E-01 2.20651E+01 0.00000E+00 0.00000E+00 0.00000E+00 0.00000E+00 0.00000E+00 0.00000E+00
 7.89593E+00 5.13762E-01 1.17940E+02 7.89593E+00 5.13762E-01 2.47666E+01 0.00000E+00 0.00000E+00 0.00000E+00 0.00000E+00 0.00000E+00 0.00000E+00
 8.29681E+00 4.83789E-01 1.20090E+02 8.29681E+00 4.83789E-01 2.74863E+01 0.00000E+00 0.00000E+00 0.00000E+00 0.00000E+00 0.00000E+00 0.00000E+00
 8.68787E+00 4.53915E-01 1.22231E+02 8.68787E+00 4.53915E-01 3.02204E+01 0.00000E+00 0.00000E+00 0.00000E+00 0.00000E+00 0.00000E+00 0.00000E+00
 9.06706E+00 4.24435E-01 1.24360E+02 9.06706E+00 4.24435E-01 3.29653E+01 0.00000E+00 0.00000E+00 0.00000E+00 0.00000E+00 0.00000E+00 0.00000E+00
 9.43222E+00 3.95575E-01 1.26472E+02 9.43222E+00 3.95575E-01 3.57169E+01 0.00000E+00 0.00000E+00 0.00000E+00 0.00000E+00 0.00000E+00 0.00000E+00
 9.78172E+00 3.67555E-01 1.28564E+02 9.78172E+00 3.67555E-01 3.84716E+01 0.00000E+00 0.00000E+00 0.00000E+00 0.00000E+00 0.00000E+00 0.00000E+00
 1.42528E+00 3.91461E-01 6.45356E+01 1.42528E+00 3.91461E-01 0.00000E+00 0.00000E+00 0.00000E+00 0.00000E+00 0.00000E+00 0.00000E+00 0.00000E+00
 1.58751E+00 4.64210E-01 6.62593E+01 1.58751E+00 4.64210E-01 0.00000E+00 0.00000E+00 0.00000E+00 0.00000E+00 0.00000E+00 0.00000E+00 0.00000E+00
 1.78010E+00 5.22129E-01 6.79777E+01 1.78010E+00 5.22129E-01 0.00000E+00 0.00000E+00 0.00000E+00 0.00000E+00 0.00000E+00 0.00000E+00 0.00000E+00
 1.98960E+00 5.67820E-01 6.96915E+01 1.98960E+00 5.67820E-01 0.00000E+00 0.00000E+00 0.00000E+00 0.00000E+00 0.00000E+00 0.00000E+00 0.00000E+00
 2.21562E+00 6.02652E-01 7.14003E+01 2.21562E+00 6.02652E-01 0.00000E+00 0.00000E+00 0.00000E+00 0.00000E+00 0.00000E+00 0.00000E+00 0.00000E+00
 2.45776E+00 6.27762E-01 7.31034E+01 2.45776E+00 6.27762E-01 0.00000E+00 0.00000E+00 0.00000E+00 0.00000E+00 0.00000E+00 0.00000E+00 0.00000E+00
 2.71486E+00 6.44291E-01 7.48010E+01 2.71486E+00 6.44291E-01 6.64784E-01 0.00000E+00 0.00000E+00 0.00000E+00 0.00000E+00 0.00000E+00 0.00000E+00
 2.92288E+00 6.51981E-01 7.61107E+01 2.92288E+00 6.51981E-01 2.04674E+00 0.00000E+00 0.00000E+00 0.00000E+00 0.00000E+00 0.00000E+00 0.00000E+00
 2.97842E+00 6.53515E-01 7.64838E+01 2.97842E+00 6.53515E-01 2.45603E+00 0.00000E+00 0.00000E+00 0.00000E+00 0.00000E+00 0.00000E+00 0.00000E+00
 3.27824E+00 6.55991E-01 7.82652E+01 3.27824E+00 6.55991E-01 4.42129E+00 0.00000E+00 0.00000E+00 0.00000E+00 0.00000E+00 0.00000E+00 0.00000E+00
 3.59843E+00 6.52213E-01 8.00563E+01 3.59843E+00 6.52213E-01 6.42829E+00 0.00000E+00 0.00000E+00 0.00000E+00 0.00000E+00 0.00000E+00 0.00000E+00
 3.92975E+00 6.43219E-01 8.18561E+01 3.92975E+00 6.43219E-01 8.47639E+00 0.00000E+00 0.00000E+00 0.00000E+00 0.00000E+00 0.00000E+00 0.00000E+00
 4.27018E+00 6.29752E-01 8.36635E+01 4.27018E+00 6.29752E-01 1.05616E+01 0.00000E+00 0.00000E+00 0.00000E+00 0.00000E+00 0.00000E+00 0.00000E+00
 4.61791E+00 6.12477E-01 8.54772E+01 4.61791E+00 6.12477E-01 1.26800E+01 0.00000E+00 0.00000E+00 0.00000E+00 0.00000E+00 0.00000E+00 0.00000E+00
 4.97092E+00 5.92072E-01 8.72955E+01 4.97092E+00 5.92072E-01 1.48280E+01 0.00000E+00 0.00000E+00 0.00000E+00 0.00000E+00 0.00000E+00 0.00000E+00
 5.32716E+00 5.69181E-01 8.91162E+01 5.32716E+00 5.69181E-01 1.70018E+01 0.00000E+00 0.00000E+00 0.00000E+00 0.00000E+00 0.00000E+00 0.00000E+00
 5.68459E+00 5.44375E-01 9.09370E+01 5.68459E+00 5.44375E-01 1.91981E+01 0.00000E+00 0.00000E+00 0.00000E+00 0.00000E+00 0.00000E+00 0.00000E+00
 6.04117E+00 5.18177E-01 9.27555E+01 6.04117E+00 5.18177E-01 2.14133E+01 0.00000E+00 0.00000E+00 0.00000E+00 0.00000E+00 0.00000E+00 0.00000E+00
 6.39488E+00 4.91055E-01 9.45687E+01 6.39488E+00 4.91055E-01 2.36442E+01 0.00000E+00 0.00000E+00 0.00000E+00 0.00000E+00 0.00000E+00 0.00000E+00
 6.74373E+00 4.63426E-01 9.63739E+01 6.74373E+00 4.63426E-01 2.58871E+01 0.00000E+00 0.00000E+00 0.00000E+00 0.00000E+00 0.00000E+00 0.00000E+00
 7.08581E+00 4.35655E-01 9.81678E+01 7.08581E+00 4.35655E-01 2.81388E+01 0.00000E+00 0.00000E+00 0.00000E+00 0.00000E+00 0.00000E+00 0.00000E+00
 7.41931E+00 4.08058E-01 9.99474E+01 7.41931E+00 4.08058E-01 3.03959E+01 0.00000E+00 0.00000E+00 0.00000E+00 0.00000E+00 0.00000E+00 0.00000E+00
 7.74253E+00 3.80900E-01 1.01709E+02 7.74253E+00 3.80900E-01 3.26551E+01 0.00000E+00 0.00000E+00 0.00000E+00 0.00000E+00 0.00000E+00 0.00000E+00
 8.05387E+00 3.54405E-01 1.03451E+02 8.05387E+00 3.54405E-01 3.49129E+01 0.00000E+00 0.00000E+00 0.00000E+00 0.00000E+00 0.00000E+00 0.00000E+00
 8.35166E+00 3.28738E-01 1.05168E+02 8.35166E+00 3.28738E-01 3.71658E+01 0.00000E+00 0.00000E+00 0.00000E+00 0.00000E+00 0.00000E+00 0.00000E+00
 8.63469E+00 3.04055E-01 1.06858E+02 8.63469E+00 3.04055E-01 3.94105E+01 0.00000E+00 0.00000E+00 0.00000E+00 0.00000E+00 0.00000E+00 0.00000E+00
 1.38516E+00 4.10438E-01 5.29746E+01 1.38516E+00 4.10438E-01 0.00000E+00 0.00000E+00 0.00000E+00 0.00000E+00 0.00000E+00 0.00000E+00 0.00000E+00
 1.53510E+00 4.70692E-01 5.45373E+01 1.53510E+00 4.70692E-01 0.00000E+00 0.00000E+00 0.00000E+00 0.00000E+00 0.00000E+00 0.00000E+00 0.00000E+00
 1.71283E+00 5.16782E-01 5.60881E+01 1.71283E+00 5.16782E-01 2.47268E-01 0.00000E+00 0.00000E+00 0.00000E+00 0.00000E+00 0.00000E+00 0.00000E+00
 1.90507E+00 5.51425E-01 5.76285E+01 1.90507E+00 5.51425E-01 1.69305E+00 0.00000E+00 0.00000E+00 0.00000E+00 0.00000E+00 0.00000E+00 0.00000E+00
 2.11118E+00 5.76119E-01 5.91578E+01 2.11118E+00 5.76119E-01 3.17890E+00 0.00000E+00 0.00000E+00 0.00000E+00 0.00000E+00 0.00000E+00 0.00000E+00
 2.33044E+00 5.92059E-01 6.06750E+01 2.33044E+00 5.92059E-01 4.69723E+00 0.00000E+00 0.00000E+00 0.00000E+00 0.00000E+00 0.00000E+00 0.00000E+00
 2.56160E+00 6.00455E-01 6.21804E+01 2.56160E+00 6.00455E-01 6.24351E+00 0.00000E+00 0.00000E+00 0.00000E+00 0.00000E+00 0.00000E+00 0.00000E+00
 2.74754E+00 6.02590E-01 6.33375E+01 2.74754E+00 6.02590E-01 7.45736E+00 0.00000E+00 0.00000E+00 0.00000E+00 0.00000E+00 0.00000E+00 0.00000E+00
 2.79686E+00 6.02626E-01 6.36659E+01 2.79686E+00 6.02626E-01 7.81424E+00 0.00000E+00 0.00000E+00 0.00000E+00 0.00000E+00 0.00000E+00 0.00000E+00
 3.06245E+00 5.98800E-01 6.52294E+01 3.06245E+00 5.98800E-01 9.52404E+00 0.00000E+00 0.00000E+00 0.00000E+00 0.00000E+00 0.00000E+00 0.00000E+00
 3.34392E+00 5.89783E-01 6.67930E+01 3.34392E+00 5.89783E-01 1.12616E+01 0.00000E+00 0.00000E+00 0.00000E+00 0.00000E+00 0.00000E+00 0.00000E+00
 3.63282E+00 5.76562E-01 6.83560E+01 3.63282E+00 5.76562E-01 1.30261E+01 0.00000E+00 0.00000E+00 0.00000E+00 0.00000E+00 0.00000E+00 0.00000E+00
 3.92725E+00 5.59845E-01 6.99172E+01 3.92725E+00 5.59845E-01 1.48142E+01 0.00000E+00 0.00000E+00 0.00000E+00 0.00000E+00 0.00000E+00 0.00000E+00
 4.22547E+00 5.40249E-01 7.14752E+01 4.22547E+00 5.40249E-01 1.66225E+01 0.00000E+00 0.00000E+00 0.00000E+00 0.00000E+00 0.00000E+00 0.00000E+00
 4.52565E+00 5.18390E-01 7.30284E+01 4.52565E+00 5.18390E-01 1.84477E+01 0.00000E+00 0.00000E+00 0.00000E+00 0.00000E+00 0.00000E+00 0.00000E+00
 4.82601E+00 4.94839E-01 7.45748E+01 4.82601E+00 4.94839E-01 2.02867E+01 0.00000E+00 0.00000E+00 0.00000E+00 0.00000E+00 0.00000E+00 0.00000E+00
 5.12477E+00 4.70093E-01 7.61126E+01 5.12477E+00 4.70093E-01 2.21364E+01 0.00000E+00 0.00000E+00 0.00000E+00 0.00000E+00 0.00000E+00 0.00000E+00
 5.42019E+00 4.44591E-01 7.76394E+01 5.42019E+00 4.44591E-01 2.39938E+01 0.00000E+00 0.00000E+00 0.00000E+00 0.00000E+00 0.00000E+00 0.00000E+00
 5.71058E+00 4.18723E-01 7.91528E+01 5.71058E+00 4.18723E-01 2.58559E+01 0.00000E+00 0.00000E+00 0.00000E+00 0.00000E+00 0.00000E+00 0.00000E+00
 5.99432E+00 3.92824E-01 8.06504E+01 5.99432E+00 3.92824E-01 2.77196E+01 0.00000E+00 0.00000E+00 0.00000E+00 0.00000E+00 0.00000E+00 0.00000E+00
 6.26987E+00 3.67181E-01 8.21295E+01 6.26987E+00 3.67181E-01 2.95819E+01 0.00000E+00 0.00000E+00 0.00000E+00 0.00000E+00 0.00000E+00 0.00000E+00
 6.53583E+00 3.42037E-01 8.35874E+01 6.53583E+00 3.42037E-01 3.14399E+01 0.00000E+00 0.00000E+00 0.00000E+00 0.00000E+00 0.00000E+00 0.00000E+00
 6.79087E+00 3.17588E-01 8.50217E+01 6.79087E+00 3.17588E-01 3.32905E+01 0.00000E+00 0.00000E+00 0.00000E+00 0.00000E+00 0.00000E+00 0.00000E+00
 7.03383E+00 2.93994E-01 8.64298E+01 7.03383E+00 2.93994E-01 3.51310E+01 0.00000E+00 0.00000E+00 0.00000E+00 0.00000E+00 0.00000E+00 0.00000E+00
 7.26341E+00 2.71366E-01 8.78085E+01 7.26341E+00 2.71366E-01 3.69580E+01 0.00000E+00 0.00000E+00 0.00000E+00 0.00000E+00 0.00000E+00 0.00000E+00
 7.47882E+00 2.49804E-01 8.91557E+01 7.47882E+00 2.49804E-01 3.87688E+01 0.00000E+00 0.00000E+00 0.00000E+00 0.00000E+00 0.00000E+00 0.00000E+00
 1.34865E+00 4.27298E-01 4.40442E+01 1.34865E+00 4.27298E-01 1.96094E+00 0.00000E+00 0.00000E+00 0.00000E+00 0.00000E+00 0.00000E+00 0.00000E+00
 1.48733E+00 4.74926E-01 4.54506E+01 1.48733E+00 4.74926E-01 3.19922E+00 0.00000E+00 0.00000E+00 0.00000E+00 0.00000E+00 0.00000E+00 0.00000E+00
 1.65144E+00 5.09399E-01 4.68394E+01 1.65144E+00 5.09399E-01 4.46965E+00 0.00000E+00 0.00000E+00 0.00000E+00 0.00000E+00 0.00000E+00 0.00000E+00
 1.82797E+00 5.33461E-01 4.82127E+01 1.82797E+00 5.33461E-01 5.77150E+00 0.00000E+00 0.00000E+00 0.00000E+00 0.00000E+00 0.00000E+00 0.00000E+00
 2.01602E+00 5.48668E-01 4.95698E+01 2.01602E+00 5.48668E-01 7.09841E+00 0.00000E+00 0.00000E+00 0.00000E+00 0.00000E+00 0.00000E+00 0.00000E+00
 2.21462E+00 5.56225E-01 5.09097E+01 2.21462E+00 5.56225E-01 8.44426E+00 0.00000E+00 0.00000E+00 0.00000E+00 0.00000E+00 0.00000E+00 0.00000E+00
 2.42243E+00 5.57354E-01 5.22326E+01 2.42243E+00 5.57354E-01 9.80567E+00 0.00000E+00 0.00000E+00 0.00000E+00 0.00000E+00 0.00000E+00 0.00000E+00
 2.58855E+00 5.54624E-01 5.32454E+01 2.58855E+00 5.54624E-01 1.08687E+01 0.00000E+00 0.00000E+00 0.00000E+00 0.00000E+00 0.00000E+00 0.00000E+00
 2.63232E+00 5.53370E-01 5.35316E+01 2.63232E+00 5.53370E-01 1.11789E+01 0.00000E+00 0.00000E+00 0.00000E+00 0.00000E+00 0.00000E+00 0.00000E+00
 2.86735E+00 5.44194E-01 5.48904E+01 2.86735E+00 5.44194E-01 1.26614E+01 0.00000E+00 0.00000E+00 0.00000E+00 0.00000E+00 0.00000E+00 0.00000E+00
 3.11443E+00 5.30874E-01 5.62417E+01 3.11443E+00 5.30874E-01 1.41600E+01 0.00000E+00 0.00000E+00 0.00000E+00 0.00000E+00 0.00000E+00 0.00000E+00
 3.36585E+00 5.14327E-01 5.75851E+01 3.36585E+00 5.14327E-01 1.56738E+01 0.00000E+00 0.00000E+00 0.00000E+00 0.00000E+00 0.00000E+00 0.00000E+00
 3.61984E+00 4.95201E-01 5.89194E+01 3.61984E+00 4.95201E-01 1.72000E+01 0.00000E+00 0.00000E+00 0.00000E+00 0.00000E+00 0.00000E+00 0.00000E+00
 3.87478E+00 4.74051E-01 6.02432E+01 3.87478E+00 4.74051E-01 1.87356E+01 0.00000E+00 0.00000E+00 0.00000E+00 0.00000E+00 0.00000E+00 0.00000E+00
 4.12905E+00 4.51418E-01 6.15551E+01 4.12905E+00 4.51418E-01 2.02777E+01 0.00000E+00 0.00000E+00 0.00000E+00 0.00000E+00 0.00000E+00 0.00000E+00
 4.38111E+00 4.27793E-01 6.28535E+01 4.38111E+00 4.27793E-01 2.18239E+01 0.00000E+00 0.00000E+00 0.00000E+00 0.00000E+00 0.00000E+00 0.00000E+00
 4.62945E+00 4.03591E-01 6.41366E+01 4.62945E+00 4.03591E-01 2.33713E+01 0.00000E+00 0.00000E+00 0.00000E+00 0.00000E+00 0.00000E+00 0.00000E+00
 4.87262E+00 3.79172E-01 6.54025E+01 4.87262E+00 3.79172E-01 2.49174E+01 0.00000E+00 0.00000E+00 0.00000E+00 0.00000E+00 0.00000E+00 0.00000E+00
 5.10925E+00 3.54844E-01 6.66493E+01 5.10925E+00 3.54844E-01 2.64595E+01 0.00000E+00 0.00000E+00 0.00000E+00 0.00000E+00 0.00000E+00 0.00000E+00
 5.33805E+00 3.30867E-01 6.78747E+01 5.33805E+00 3.30867E-01 2.79950E+01 0.00000E+00 0.00000E+00 0.00000E+00 0.00000E+00 0.00000E+00 0.00000E+00
 5.55781E+00 3.07456E-01 6.90767E+01 5.55781E+00 3.07456E-01 2.95213E+01 0.00000E+00 0.00000E+00 0.00000E+00 0.00000E+00 0.00000E+00 0.00000E+00
 5.76748E+00 2.84786E-01 7.02531E+01 5.76748E+00 2.84786E-01 3.10359E+01 0.00000E+00 0.00000E+00 0.00000E+00 0.00000E+00 0.00000E+00 0.00000E+00
 5.96609E+00 2.62993E-01 7.14019E+01 5.96609E+00 2.62993E-01 3.25362E+01 0.00000E+00 0.00000E+00 0.00000E+00 0.00000E+00 0.00000E+00 0.00000E+00
 6.15280E+00 2.42180E-01 7.25209E+01 6.15280E+00 2.42180E-01 3.40199E+01 0.00000E+00 0.00000E+00 0.00000E+00 0.00000E+00 0.00000E+00 0.00000E+00
 6.32668E+00 2.22412E-01 7.36077E+01 6.32668E+00 2.22412E-01 3.54840E+01 0.00000E+00 0.00000E+00 0.00000E+00 0.00000E+00 0.00000E+00 0.00000E+00
 6.48726E+00 2.03745E-01 7.46606E+01 6.48726E+00 2.03745E-01 3.69265E+01 0.00000E+00 0.00000E+00 0.00000E+00 0.00000E+00 0.00000E+00 0.00000E+00
 1.31280E+00 4.40835E-01 3.70237E+01 1.31280E+00 4.40835E-01 4.97466E+00 0.00000E+00 0.00000E+00 0.00000E+00 0.00000E+00 0.00000E+00 0.00000E+00
 1.44123E+00 4.75968E-01 3.82852E+01 1.44123E+00 4.75968E-01 6.10538E+00 0.00000E+00 0.00000E+00 0.00000E+00 0.00000E+00 0.00000E+00 0.00000E+00
 1.59277E+00 4.99265E-01 3.95241E+01 1.59277E+00 4.99265E-01 7.25384E+00 0.00000E+00 0.00000E+00 0.00000E+00 0.00000E+00 0.00000E+00 0.00000E+00
 1.75467E+00 5.13407E-01 4.07426E+01 1.75467E+00 5.13407E-01 8.42007E+00 0.00000E+00 0.00000E+00 0.00000E+00 0.00000E+00 0.00000E+00 0.00000E+00
 1.92587E+00 5.19940E-01 4.19405E+01 1.92587E+00 5.19940E-01 9.59921E+00 0.00000E+00 0.00000E+00 0.00000E+00 0.00000E+00 0.00000E+00 0.00000E+00
 2.10517E+00 5.20028E-01 4.31169E+01 2.10517E+00 5.20028E-01 1.07864E+01 0.00000E+00 0.00000E+00 0.00000E+00 0.00000E+00 0.00000E+00 0.00000E+00
 2.29119E+00 5.14854E-01 4.42720E+01 2.29119E+00 5.14854E-01 1.19790E+01 0.00000E+00 0.00000E+00 0.00000E+00 0.00000E+00 0.00000E+00 0.00000E+00
 2.43885E+00 5.08006E-01 4.51523E+01 2.43885E+00 5.08006E-01 1.29051E+01 0.00000E+00 0.00000E+00 0.00000E+00 0.00000E+00 0.00000E+00 0.00000E+00
 2.47748E+00 5.05681E-01 4.53999E+01 2.47748E+00 5.05681E-01 1.31734E+01 0.00000E+00 0.00000E+00 0.00000E+00 0.00000E+00 0.00000E+00 0.00000E+00
 2.68416E+00 4.92151E-01 4.65714E+01 2.68416E+00 4.92151E-01 1.44522E+01 0.00000E+00 0.00000E+00 0.00000E+00 0.00000E+00 0.00000E+00 0.00000E+00
 2.89946E+00 4.75489E-01 4.77295E+01 2.89946E+00 4.75489E-01 1.57373E+01 0.00000E+00 0.00000E+00 0.00000E+00 0.00000E+00 0.00000E+00 0.00000E+00
 3.11643E+00 4.56516E-01 4.88738E+01 3.11643E+00 4.56516E-01 1.70283E+01 0.00000E+00 0.00000E+00 0.00000E+00 0.00000E+00 0.00000E+00 0.00000E+00
 3.33345E+00 4.35805E-01 5.00034E+01 3.33345E+00 4.35805E-01 1.83225E+01 0.00000E+00 0.00000E+00 0.00000E+00 0.00000E+00 0.00000E+00 0.00000E+00
 3.54907E+00 4.13836E-01 5.11170E+01 3.54907E+00 4.13836E-01 1.96175E+01 0.00000E+00 0.00000E+00 0.00000E+00 0.00000E+00 0.00000E+00 0.00000E+00
 3.76189E+00 3.91068E-01 5.22132E+01 3.76189E+00 3.91068E-01 2.09108E+01 0.00000E+00 0.00000E+00 0.00000E+00 0.00000E+00 0.00000E+00 0.00000E+00
 3.97063E+00 3.67905E-01 5.32909E+01 3.97063E+00 3.67905E-01 2.22005E+01 0.00000E+00 0.00000E+00 0.00000E+00 0.00000E+00 0.00000E+00 0.00000E+00
 4.17404E+00 3.44680E-01 5.43487E+01 4.17404E+00 3.44680E-01 2.34840E+01 0.00000E+00 0.00000E+00 0.00000E+00 0.00000E+00 0.00000E+00 0.00000E+00
 4.37096E+00 3.21673E-01 5.53848E+01 4.37096E+00 3.21673E-01 2.47593E+01 0.00000E+00 0.00000E+00 0.00000E+00 0.00000E+00 0.00000E+00 0.00000E+00
 4.56031E+00 2.99117E-01 5.63978E+01 4.56031E+00 2.99117E-01 2.60241E+01 0.00000E+00 0.00000E+00 0.00000E+00 0.00000E+00 0.00000E+00 0.00000E+00
 4.74112E+00 2.77201E-01 5.73858E+01 4.74112E+00 2.77201E-01 2.72761E+01 0.00000E+00 0.00000E+00 0.00000E+00 0.00000E+00 0.00000E+00 0.00000E+00
 4.91249E+00 2.56076E-01 5.83472E+01 4.91249E+00 2.56076E-01 2.85133E+01 0.00000E+00 0.00000E+00 0.00000E+00 0.00000E+00 0.00000E+00 0.00000E+00
 5.07368E+00 2.35856E-01 5.92803E+01 5.07368E+00 2.35856E-01 2.97335E+01 0.00000E+00 0.00000E+00 0.00000E+00 0.00000E+00 0.00000E+00 0.00000E+00
 5.22403E+00 2.16625E-01 6.01834E+01 5.22403E+00 2.16625E-01 3.09347E+01 0.00000E+00 0.00000E+00 0.00000E+00 0.00000E+00 0.00000E+00 0.00000E+00
 5.36300E+00 1.98440E-01 6.10551E+01 5.36300E+00 1.98440E-01 3.21148E+01 0.00000E+00 0.00000E+00 0.00000E+00 0.00000E+00 0.00000E+00 0.00000E+00
 5.48995E+00 1.81328E-01 6.18932E+01 5.48995E+00 1.81328E-01 3.32715E+01 0.00000E+00 0.00000E+00 0.00000E+00 0.00000E+00 0.00000E+00 0.00000E+00
 5.60469E+00 1.65306E-01 6.26966E+01 5.60469E+00 1.65306E-01 3.44032E+01 0.00000E+00 0.00000E+00 0.00000E+00 0.00000E+00 0.00000E+00 0.00000E+00
 1.27816E+00 4.49838E-01 3.14529E+01 1.27816E+00 4.49838E-01 6.91885E+00 0.00000E+00 0.00000E+00 0.00000E+00 0.00000E+00 0.00000E+00 0.00000E+00
 1.39752E+00 4.72935E-01 3.25806E+01 1.39752E+00 4.72935E-01 7.94629E+00 0.00000E+00 0.00000E+00 0.00000E+00 0.00000E+00 0.00000E+00 0.00000E+00
 1.53761E+00 4.85770E-01 3.36810E+01 1.53761E+00 4.85770E-01 8.97965E+00 0.00000E+00 0.00000E+00 0.00000E+00 0.00000E+00 0.00000E+00 0.00000E+00
 1.68608E+00 4.90875E-01 3.47570E+01 1.68608E+00 4.90875E-01 1.00196E+01 0.00000E+00 0.00000E+00 0.00000E+00 0.00000E+00 0.00000E+00 0.00000E+00
 1.84171E+00 4.89717E-01 3.58085E+01 1.84171E+00 4.89717E-01 1.10626E+01 0.00000E+00 0.00000E+00 0.00000E+00 0.00000E+00 0.00000E+00 0.00000E+00
 2.00315E+00 4.83376E-01 3.68347E+01 2.00315E+00 4.83376E-01 1.21047E+01 0.00000E+00 0.00000E+00 0.00000E+00 0.00000E+00 0.00000E+00 0.00000E+00
 2.16905E+00 4.72947E-01 3.78363E+01 2.16905E+00 4.72947E-01 1.31442E+01 0.00000E+00 0.00000E+00 0.00000E+00 0.00000E+00 0.00000E+00 0.00000E+00
 2.29970E+00 4.62768E-01 3.85956E+01 2.29970E+00 4.62768E-01 1.39467E+01 0.00000E+00 0.00000E+00 0.00000E+00 0.00000E+00 0.00000E+00 0.00000E+00
 2.33360E+00 4.59598E-01 3.88081E+01 2.33360E+00 4.59598E-01 1.41775E+01 0.00000E+00 0.00000E+00 0.00000E+00 0.00000E+00 0.00000E+00 0.00000E+00
 2.51428E+00 4.42731E-01 3.98094E+01 2.51428E+00 4.42731E-01 1.52741E+01 0.00000E+00 0.00000E+00 0.00000E+00 0.00000E+00 0.00000E+00 0.00000E+00
 2.70059E+00 4.23675E-01 4.07927E+01 2.70059E+00 4.23675E-01 1.63694E+01 0.00000E+00 0.00000E+00 0.00000E+00 0.00000E+00 0.00000E+00 0.00000E+00
 2.88633E+00 4.03144E-01 4.17577E+01 2.88633E+00 4.03144E-01 1.74628E+01 0.00000E+00 0.00000E+00 0.00000E+00 0.00000E+00 0.00000E+00 0.00000E+00
 3.07007E+00 3.81623E-01 4.27038E+01 3.07007E+00 3.81623E-01 1.85524E+01 0.00000E+00 0.00000E+00 0.00000E+00 0.00000E+00 0.00000E+00 0.00000E+00
 3.25054E+00 3.59506E-01 4.36297E+01 3.25054E+00 3.59506E-01 1.96359E+01 0.00000E+00 0.00000E+00 0.00000E+00 0.00000E+00 0.00000E+00 0.00000E+00
 3.42658E+00 3.37166E-01 4.45344E+01 3.42658E+00 3.37166E-01 2.07115E+01 0.00000E+00 0.00000E+00 0.00000E+00 0.00000E+00 0.00000E+00 0.00000E+00
 3.59716E+00 3.14922E-01 4.54171E+01 3.59716E+00 3.14922E-01 2.17774E+01 0.00000E+00 0.00000E+00 0.00000E+00 0.00000E+00 0.00000E+00 0.00000E+00
 3.76131E+00 2.93024E-01 4.62766E+01 3.76131E+00 2.93024E-01 2.28317E+01 0.00000E+00 0.00000E+00 0.00000E+00 0.00000E+00 0.00000E+00 0.00000E+00
 3.91813E+00 2.71679E-01 4.71117E+01 3.91813E+00 2.71679E-01 2.38726E+01 0.00000E+00 0.00000E+00 0.00000E+00 0.00000E+00 0.00000E+00 0.00000E+00
 4.06682E+00 2.51051E-01 4.79210E+01 4.06682E+00 2.51051E-01 2.48983E+01 0.00000E+00 0.00000E+00 0.00000E+00 0.00000E+00 0.00000E+00 0.00000E+00
 4.20669E+00 2.31265E-01 4.87033E+01 4.20669E+00 2.31265E-01 2.59069E+01 0.00000E+00 0.00000E+00 0.00000E+00 0.00000E+00 0.00000E+00 0.00000E+00
 4.33713E+00 2.12416E-01 4.94572E+01 4.33713E+00 2.12416E-01 2.68968E+01 0.00000E+00 0.00000E+00 0.00000E+00 0.00000E+00 0.00000E+00 0.00000E+00
 4.45765E+00 1.94568E-01 5.01816E+01 4.45765E+00 1.94568E-01 2.78663E+01 0.00000E+00 0.00000E+00 0.00000E+00 0.00000E+00 0.00000E+00 0.00000E+00
 4.56787E+00 1.77761E-01 5.08752E+01 4.56787E+00 1.77761E-01 2.88136E+01 0.00000E+00 0.00000E+00 0.00000E+00 0.00000E+00 0.00000E+00 0.00000E+00
 4.66748E+00 1.62014E-01 5.15369E+01 4.66748E+00 1.62014E-01 2.97373E+01 0.00000E+00 0.00000E+00 0.00000E+00 0.00000E+00 0.00000E+00 0.00000E+00
 4.75613E+00 1.47324E-01 5.21651E+01 4.75613E+00 1.47324E-01 3.06354E+01 0.00000E+00 0.00000E+00 0.00000E+00 0.00000E+00 0.00000E+00 0.00000E+00
 4.83380E+00 1.33681E-01 5.27591E+01 4.83380E+00 1.33681E-01 3.15067E+01 0.00000E+00 0.00000E+00 0.00000E+00 0.00000E+00 0.00000E+00 0.00000E+00
 1.24570E+00 4.53587E-01 2.69895E+01 1.24570E+00 4.53587E-01 8.09094E+00 0.00000E+00 0.00000E+00 0.00000E+00 0.00000E+00 0.00000E+00 0.00000E+00
 1.35715E+00 4.65402E-01 2.79947E+01 1.35715E+00 4.65402E-01 9.01961E+00 0.00000E+00 0.00000E+00 0.00000E+00 0.00000E+00 0.00000E+00 0.00000E+00
 1.48687E+00 4.68703E-01 2.89685E+01 1.48687E+00 4.68703E-01 9.94458E+00 0.00000E+00 0.00000E+00 0.00000E+00 0.00000E+00 0.00000E+00 0.00000E+00
 1.62301E+00 4.65799E-01 2.99140E+01 1.62301E+00 4.65799E-01 1.08671E+01 0.00000E+00 0.00000E+00 0.00000E+00 0.00000E+00 0.00000E+00 0.00000E+00
 1.76426E+00 4.58019E-01 3.08316E+01 1.76426E+00 4.58019E-01 1.17846E+01 0.00000E+00 0.00000E+00 0.00000E+00 0.00000E+00 0.00000E+00 0.00000E+00
 1.90923E+00 4.46323E-01 3.17210E+01 1.90923E+00 4.46323E-01 1.26942E+01 0.00000E+00 0.00000E+00 0.00000E+00 0.00000E+00 0.00000E+00 0.00000E+00
 2.05662E+00 4.31680E-01 3.25830E+01 2.05662E+00 4.31680E-01 1.35948E+01 0.00000E+00 0.00000E+00 0.00000E+00 0.00000E+00 0.00000E+00 0.00000E+00
 2.17168E+00 4.18933E-01 3.32326E+01 2.17168E+00 4.18933E-01 1.42858E+01 0.00000E+00 0.00000E+00 0.00000E+00 0.00000E+00 0.00000E+00 0.00000E+00
 2.20128E+00 4.15133E-01 3.34131E+01 2.20128E+00 4.15133E-01 1.44830E+01 0.00000E+00 0.00000E+00 0.00000E+00 0.00000E+00 0.00000E+00 0.00000E+00
 2.35833E+00 3.95880E-01 3.42608E+01 2.35833E+00 3.95880E-01 1.54169E+01 0.00000E+00 0.00000E+00 0.00000E+00 0.00000E+00 0.00000E+00 0.00000E+00
 2.51848E+00 3.75296E-01 3.50869E+01 2.51848E+00 3.75296E-01 1.63434E+01 0.00000E+00 0.00000E+00 0.00000E+00 0.00000E+00 0.00000E+00 0.00000E+00
 2.67628E+00 3.53975E-01 3.58914E+01 2.67628E+00 3.53975E-01 1.72621E+01 0.00000E+00 0.00000E+00 0.00000E+00 0.00000E+00 0.00000E+00 0.00000E+00
 2.83052E+00 3.32308E-01 3.66739E+01 2.83052E+00 3.32308E-01 1.81714E+01 0.00000E+00 0.00000E+00 0.00000E+00 0.00000E+00 0.00000E+00 0.00000E+00
 2.98011E+00 3.10603E-01 3.74333E+01 2.98011E+00 3.10603E-01 1.90695E+01 0.00000E+00 0.00000E+00 0.00000E+00 0.00000E+00 0.00000E+00 0.00000E+00
 3.12416E+00 2.89145E-01 3.81690E+01 3.12416E+00 2.89145E-01 1.99549E+01 0.00000E+00 0.00000E+00 0.00000E+00 0.00000E+00 0.00000E+00 0.00000E+00
 3.26188E+00 2.68169E-01 3.88804E+01 3.26188E+00 2.68169E-01 2.08263E+01 0.00000E+00 0.00000E+00 0.00000E+00 0.00000E+00 0.00000E+00 0.00000E+00
 3.39254E+00 2.47851E-01 3.95666E+01 3.39254E+00 2.47851E-01 2.16822E+01 0.00000E+00 0.00000E+00 0.00000E+00 0.00000E+00 0.00000E+00 0.00000E+00
 3.51549E+00 2.28329E-01 4.02268E+01 3.51549E+00 2.28329E-01 2.25211E+01 0.00000E+00 0.00000E+00 0.00000E+00 0.00000E+00 0.00000E+00 0.00000E+00
 3.63020E+00 2.09707E-01 4.08600E+01 3.63020E+00 2.09707E-01 2.33415E+01 0.00000E+00 0.00000E+00 0.00000E+00 0.00000E+00 0.00000E+00 0.00000E+00
 3.73619E+00 1.92055E-01 4.14653E+01 3.73619E+00 1.92055E-01 2.41422E+01 0.00000E+00 0.00000E+00 0.00000E+00 0.00000E+00 0.00000E+00 0.00000E+00
 3.83312E+00 1.75420E-01 4.20417E+01 3.83312E+00 1.75420E-01 2.49217E+01 0.00000E+00 0.00000E+00 0.00000E+00 0.00000E+00 0.00000E+00 0.00000E+00
 3.92071E+00 1.59825E-01 4.25885E+01 3.92071E+00 1.59825E-01 2.56787E+01 0.00000E+00 0.00000E+00 0.00000E+00 0.00000E+00 0.00000E+00 0.00000E+00
 3.99879E+00 1.45276E-01 4.31047E+01 3.99879E+00 1.45276E-01 2.64120E+01 0.00000E+00 0.00000E+00 0.00000E+00 0.00000E+00 0.00000E+00 0.00000E+00
 4.06724E+00 1.31762E-01 4.35897E+01 4.06724E+00 1.31762E-01 2.71205E+01 0.00000E+00 0.00000E+00 0.00000E+00 0.00000E+00 0.00000E+00 0.00000E+00
 4.12591E+00 1.19257E-01 4.40423E+01 4.12591E+00 1.19257E-01 2.78027E+01 0.00000E+00 0.00000E+00 0.00000E+00 0.00000E+00 0.00000E+00 0.00000E+00
 4.17495E+00 1.07731E-01 4.44621E+01 4.17495E+00 1.07731E-01 2.84576E+01 0.00000E+00 0.00000E+00 0.00000E+00 0.00000E+00 0.00000E+00 0.00000E+00
 1.21617E+00 4.51179E-01 2.33745E+01 1.21617E+00 4.51179E-01 8.70167E+00 0.00000E+00 0.00000E+00 0.00000E+00 0.00000E+00 0.00000E+00 0.00000E+00
 1.32092E+00 4.52835E-01 2.42664E+01 1.32092E+00 4.52835E-01 9.53836E+00 0.00000E+00 0.00000E+00 0.00000E+00 0.00000E+00 0.00000E+00 0.00000E+00
 1.44143E+00 4.47818E-01 2.51235E+01 1.44143E+00 4.47818E-01 1.03635E+01 0.00000E+00 0.00000E+00 0.00000E+00 0.00000E+00 0.00000E+00 0.00000E+00
 1.56642E+00 4.38145E-01 2.59492E+01 1.56642E+00 4.38145E-01 1.11787E+01 0.00000E+00 0.00000E+00 0.00000E+00 0.00000E+00 0.00000E+00 0.00000E+00
 1.69460E+00 4.24964E-01 2.67445E+01 1.69460E+00 4.24964E-01 1.19825E+01 0.00000E+00 0.00000E+00 0.00000E+00 0.00000E+00 0.00000E+00 0.00000E+00
 1.82456E+00 4.09086E-01 2.75093E+01 1.82456E+00 4.09086E-01 1.27728E+01 0.00000E+00 0.00000E+00 0.00000E+00 0.00000E+00 0.00000E+00 0.00000E+00
 1.95511E+00 3.91324E-01 2.82447E+01 1.95511E+00 3.91324E-01 1.35490E+01 0.00000E+00 0.00000E+00 0.00000E+00 0.00000E+00 0.00000E+00 0.00000E+00
 2.05602E+00 3.76789E-01 2.87953E+01 2.05602E+00 3.76789E-01 1.41406E+01 0.00000E+00 0.00000E+00 0.00000E+00 0.00000E+00 0.00000E+00 0.00000E+00
 2.08175E+00 3.72574E-01 2.89472E+01 2.08175E+00 3.72574E-01 1.43081E+01 0.00000E+00 0.00000E+00 0.00000E+00 0.00000E+00 0.00000E+00 0.00000E+00
 2.21749E+00 3.51874E-01 2.96570E+01 2.21749E+00 3.51874E-01 1.50983E+01 0.00000E+00 0.00000E+00 0.00000E+00 0.00000E+00 0.00000E+00 0.00000E+00
 2.35419E+00 3.30587E-01 3.03429E+01 2.35419E+00 3.30587E-01 1.58765E+01 0.00000E+00 0.00000E+00 0.00000E+00 0.00000E+00 0.00000E+00 0.00000E+00
 2.48713E+00 3.09186E-01 3.10050E+01 2.48713E+00 3.09186E-01 1.66423E+01 0.00000E+00 0.00000E+00 0.00000E+00 0.00000E+00 0.00000E+00 0.00000E+00
 2.61531E+00 2.87965E-01 3.16431E+01 2.61531E+00 2.87965E-01 1.73946E+01 0.00000E+00 0.00000E+00 0.00000E+00 0.00000E+00 0.00000E+00 0.00000E+00
 2.73787E+00 2.67149E-01 3.22564E+01 2.73787E+00 2.67149E-01 1.81320E+01 0.00000E+00 0.00000E+00 0.00000E+00 0.00000E+00 0.00000E+00 0.00000E+00
 2.85412E+00 2.46939E-01 3.28446E+01 2.85412E+00 2.46939E-01 1.88533E+01 0.00000E+00 0.00000E+00 0.00000E+00 0.00000E+00 0.00000E+00 0.00000E+00
 2.96353E+00 2.27493E-01 3.34073E+01 2.96353E+00 2.27493E-01 1.95575E+01 0.00000E+00 0.00000E+00 0.00000E+00 0.00000E+00 0.00000E+00 0.00000E+00
 3.06560E+00 2.08923E-01 3.39440E+01 3.06560E+00 2.08923E-01 2.02436E+01 0.00000E+00 0.00000E+00 0.00000E+00 0.00000E+00 0.00000E+00 0.00000E+00
 3.15989E+00 1.91306E-01 3.44541E+01 3.15989E+00 1.91306E-01 2.09104E+01 0.00000E+00 0.00000E+00 0.00000E+00 0.00000E+00 0.00000E+00 0.00000E+00
 3.24608E+00 1.74693E-01 3.49370E+01 3.24608E+00 1.74693E-01 2.15569E+01 0.00000E+00 0.00000E+00 0.00000E+00 0.00000E+00 0.00000E+00 0.00000E+00
 3.32393E+00 1.59113E-01 3.53922E+01 3.32393E+00 1.59113E-01 2.21820E+01 0.00000E+00 0.00000E+00 0.00000E+00 0.00000E+00 0.00000E+00 0.00000E+00
 3.39328E+00 1.44573E-01 3.58190E+01 3.39328E+00 1.44573E-01 2.27847E+01 0.00000E+00 0.00000E+00 0.00000E+00 0.00000E+00 0.00000E+00 0.00000E+00
 3.45402E+00 1.31066E-01 3.62169E+01 3.45402E+00 1.31066E-01 2.33642E+01 0.00000E+00 0.00000E+00 0.00000E+00 0.00000E+00 0.00000E+00 0.00000E+00
 3.50617E+00 1.18570E-01 3.65854E+01 3.50617E+00 1.18570E-01 2.39195E+01 0.00000E+00 0.00000E+00 0.00000E+00 0.00000E+00 0.00000E+00 0.00000E+00
 3.54976E+00 1.07053E-01 3.69242E+01 3.54976E+00 1.07053E-01 2.44499E+01 0.00000E+00 0.00000E+00 0.00000E+00 0.00000E+00 0.00000E+00 0.00000E+00
 3.58478E+00 9.64757E-02 3.72324E+01 3.58478E+00 9.64757E-02 2.49542E+01 0.00000E+00 0.00000E+00 0.00000E+00 0.00000E+00 0.00000E+00 0.00000E+00
 3.61149E+00 8.67937E-02 3.75100E+01 3.61149E+00 8.67937E-02 2.54320E+01 0.00000E+00 0.00000E+00 0.00000E+00 0.00000E+00 0.00000E+00 0.00000E+00
 1.19022E+00 4.42300E-01 2.04080E+01 1.19022E+00 4.42300E-01 8.91725E+00 0.00000E+00 0.00000E+00 0.00000E+00 0.00000E+00 0.00000E+00 0.00000E+00
 1.28930E+00 4.35206E-01 2.11949E+01 1.28930E+00 4.35206E-01 9.66855E+00 0.00000E+00 0.00000E+00 0.00000E+00 0.00000E+00 0.00000E+00 0.00000E+00
 1.40155E+00 4.23274E-01 2.19445E+01 1.40155E+00 4.23274E-01 1.04018E+01 0.00000E+00 0.00000E+00 0.00000E+00 0.00000E+00 0.00000E+00 0.00000E+00
 1.51639E+00 4.08189E-01 2.26605E+01 1.51639E+00 4.08189E-01 1.11193E+01 0.00000E+00 0.00000E+00 0.00000E+00 0.00000E+00 0.00000E+00 0.00000E+00
 1.63258E+00 3.90886E-01 2.33442E+01 1.63258E+00 3.90886E-01 1.18202E+01 0.00000E+00 0.00000E+00 0.00000E+00 0.00000E+00 0.00000E+00 0.00000E+00
 1.74879E+00 3.72007E-01 2.39961E+01 1.74879E+00 3.72007E-01 1.25031E+01 0.00000E+00 0.00000E+00 0.00000E+00 0.00000E+00 0.00000E+00 0.00000E+00
 1.86396E+00 3.52195E-01 2.46176E+01 1.86396E+00 3.52195E-01 1.31682E+01 0.00000E+00 0.00000E+00 0.00000E+00 0.00000E+00 0.00000E+00 0.00000E+00
 1.95198E+00 3.36614E-01 2.50793E+01 1.95198E+00 3.36614E-01 1.36715E+01 0.00000E+00 0.00000E+00 0.00000E+00 0.00000E+00 0.00000E+00 0.00000E+00
 1.97420E+00 3.32186E-01 2.52055E+01 1.97420E+00 3.32186E-01 1.38127E+01 0.00000E+00 0.00000E+00 0.00000E+00 0.00000E+00 0.00000E+00 0.00000E+00
 2.09069E+00 3.10904E-01 2.57927E+01 2.09069E+00 3.10904E-01 1.44764E+01 0.00000E+00 0.00000E+00 0.00000E+00 0.00000E+00 0.00000E+00 0.00000E+00
 2.20636E+00 2.89652E-01 2.63545E+01 2.20636E+00 2.89652E-01 1.51246E+01 0.00000E+00 0.00000E+00 0.00000E+00 0.00000E+00 0.00000E+00 0.00000E+00
 2.31718E+00 2.68784E-01 2.68913E+01 2.31718E+00 2.68784E-01 1.57571E+01 0.00000E+00 0.00000E+00 0.00000E+00 0.00000E+00 0.00000E+00 0.00000E+00
 2.42239E+00 2.48504E-01 2.74030E+01 2.42239E+00 2.48504E-01 1.63732E+01 0.00000E+00 0.00000E+00 0.00000E+00 0.00000E+00 0.00000E+00 0.00000E+00
 2.52131E+00 2.28956E-01 2.78893E+01 2.52131E+00 2.28956E-01 1.69717E+01 0.00000E+00 0.00000E+00 0.00000E+00 0.00000E+00 0.00000E+00 0.00000E+00
 2.61349E+00 2.10268E-01 2.83499E+01 2.61349E+00 2.10268E-01 1.75520E+01 0.00000E+00 0.00000E+00 0.00000E+00 0.00000E+00 0.00000E+00 0.00000E+00
 2.69860E+00 1.92530E-01 2.87849E+01 2.69860E+00 1.92530E-01 1.81134E+01 0.00000E+00 0.00000E+00 0.00000E+00 0.00000E+00 0.00000E+00 0.00000E+00
 2.77634E+00 1.75796E-01 2.91939E+01 2.77634E+00 1.75796E-01 1.86550E+01 0.00000E+00 0.00000E+00 0.00000E+00 0.00000E+00 0.00000E+00 0.00000E+00
 2.84650E+00 1.60097E-01 2.95766E+01 2.84650E+00 1.60097E-01 1.91762E+01 0.00000E+00 0.00000E+00 0.00000E+00 0.00000E+00 0.00000E+00 0.00000E+00
 2.90892E+00 1.45443E-01 2.99328E+01 2.90892E+00 1.45443E-01 1.96762E+01 0.00000E+00 0.00000E+00 0.00000E+00 0.00000E+00 0.00000E+00 0.00000E+00
 2.96354E+00 1.31827E-01 3.02622E+01 2.96354E+00 1.31827E-01 2.01542E+01 0.00000E+00 0.00000E+00 0.00000E+00 0.00000E+00 0.00000E+00 0.00000E+00
 3.01035E+00 1.19229E-01 3.05643E+01 3.01035E+00 1.19229E-01 2.06097E+01 0.00000E+00 0.00000E+00 0.00000E+00 0.00000E+00 0.00000E+00 0.00000E+00
 3.04941E+00 1.07618E-01 3.08391E+01 3.04941E+00 1.07618E-01 2.10419E+01 0.00000E+00 0.00000E+00 0.00000E+00 0.00000E+00 0.00000E+00 0.00000E+00
 3.08083E+00 9.69552E-02 3.10864E+01 3.08083E+00 9.69552E-02 2.14505E+01 0.00000E+00 0.00000E+00 0.00000E+00 0.00000E+00 0.00000E+00 0.00000E+00
 3.10478E+00 8.71954E-02 3.13059E+01 3.10478E+00 8.71954E-02 2.18348E+01 0.00000E+00 0.00000E+00 0.00000E+00 0.00000E+00 0.00000E+00 0.00000E+00
 3.12137E+00 7.82889E-02 3.14972E+01 3.12137E+00 7.82889E-02 2.21941E+01 0.00000E+00 0.00000E+00 0.00000E+00 0.00000E+00 0.00000E+00 0.00000E+00
 3.13092E+00 7.01851E-02 3.16606E+01 3.13092E+00 7.01851E-02 2.25283E+01 0.00000E+00 0.00000E+00 0.00000E+00 0.00000E+00 0.00000E+00 0.00000E+00
 1.16700E+00 4.27309E-01 1.79488E+01 1.16700E+00 4.27309E-01 8.90839E+00 0.00000E+00 0.00000E+00 0.00000E+00 0.00000E+00 0.00000E+00 0.00000E+00
 1.26093E+00 4.13100E-01 1.86422E+01 1.26093E+00 4.13100E-01 9.58028E+00 0.00000E+00 0.00000E+00 0.00000E+00 0.00000E+00 0.00000E+00 0.00000E+00
 1.36514E+00 3.95789E-01 1.92961E+01 1.36514E+00 3.95789E-01 1.02291E+01 0.00000E+00 0.00000E+00 0.00000E+00 0.00000E+00 0.00000E+00 0.00000E+00
 1.46992E+00 3.76709E-01 1.99147E+01 1.46992E+00 3.76709E-01 1.08574E+01 0.00000E+00 0.00000E+00 0.00000E+00 0.00000E+00 0.00000E+00 0.00000E+00
 1.57419E+00 3.56569E-01 2.04997E+01 1.57419E+00 3.56569E-01 1.14652E+01 0.00000E+00 0.00000E+00 0.00000E+00 0.00000E+00 0.00000E+00 0.00000E+00
 1.67674E+00 3.35834E-01 2.10520E+01 1.67674E+00 3.35834E-01 1.20518E+01 0.00000E+00 0.00000E+00 0.00000E+00 0.00000E+00 0.00000E+00 0.00000E+00
 1.77674E+00 3.14974E-01 2.15732E+01 1.77674E+00 3.14974E-01 1.26177E+01 0.00000E+00 0.00000E+00 0.00000E+00 0.00000E+00 0.00000E+00 0.00000E+00
 1.85213E+00 2.99025E-01 2.19569E+01 1.85213E+00 2.99025E-01 1.30426E+01 0.00000E+00 0.00000E+00 0.00000E+00 0.00000E+00 0.00000E+00 0.00000E+00
 1.87094E+00 2.94563E-01 2.20609E+01 1.87094E+00 2.94563E-01 1.31608E+01 0.00000E+00 0.00000E+00 0.00000E+00 0.00000E+00 0.00000E+00 0.00000E+00
 1.96874E+00 2.73458E-01 2.25413E+01 1.96874E+00 2.73458E-01 1.37135E+01 0.00000E+00 0.00000E+00 0.00000E+00 0.00000E+00 0.00000E+00 0.00000E+00
 2.06419E+00 2.52865E-01 2.29956E+01 2.06419E+00 2.52865E-01 1.42482E+01 0.00000E+00 0.00000E+00 0.00000E+00 0.00000E+00 0.00000E+00 0.00000E+00
 2.15396E+00 2.33026E-01 2.34243E+01 2.15396E+00 2.33026E-01 1.47650E+01 0.00000E+00 0.00000E+00 0.00000E+00 0.00000E+00 0.00000E+00 0.00000E+00
 2.23752E+00 2.14062E-01 2.38276E+01 2.23752E+00 2.14062E-01 1.52635E+01 0.00000E+00 0.00000E+00 0.00000E+00 0.00000E+00 0.00000E+00 0.00000E+00
 2.31441E+00 1.96051E-01 2.42054E+01 2.31441E+00 1.96051E-01 1.57428E+01 0.00000E+00 0.00000E+00 0.00000E+00 0.00000E+00 0.00000E+00 0.00000E+00
 2.38438E+00 1.79053E-01 2.45578E+01 2.38438E+00 1.79053E-01 1.62027E+01 0.00000E+00 0.00000E+00 0.00000E+00 0.00000E+00 0.00000E+00 0.00000E+00
 2.44732E+00 1.63103E-01 2.48849E+01 2.44732E+00 1.63103E-01 1.66427E+01 0.00000E+00 0.00000E+00 0.00000E+00 0.00000E+00 0.00000E+00 0.00000E+00
 2.50310E+00 1.48212E-01 2.51868E+01 2.50310E+00 1.48212E-01 1.70623E+01 0.00000E+00 0.00000E+00 0.00000E+00 0.00000E+00 0.00000E+00 0.00000E+00
 2.55168E+00 1.34373E-01 2.54633E+01 2.55168E+00 1.34373E-01 1.74611E+01 0.00000E+00 0.00000E+00 0.00000E+00 0.00000E+00 0.00000E+00 0.00000E+00
 2.59308E+00 1.21564E-01 2.57144E+01 2.59308E+00 1.21564E-01 1.78386E+01 0.00000E+00 0.00000E+00 0.00000E+00 0.00000E+00 0.00000E+00 0.00000E+00
 2.62737E+00 1.09755E-01 2.59401E+01 2.62737E+00 1.09755E-01 1.81945E+01 0.00000E+00 0.00000E+00 0.00000E+00 0.00000E+00 0.00000E+00 0.00000E+00
 2.65468E+00 9.89064E-02 2.61403E+01 2.65468E+00 9.89064E-02 1.85282E+01 0.00000E+00 0.00000E+00 0.00000E+00 0.00000E+00 0.00000E+00 0.00000E+00
 2.67517E+00 8.89732E-02 2.63151E+01 2.67517E+00 8.89732E-02 1.88395E+01 0.00000E+00 0.00000E+00 0.00000E+00 0.00000E+00 0.00000E+00 0.00000E+00
 2.68907E+00 7.99056E-02 2.64644E+01 2.68907E+00 7.99056E-02 1.91282E+01 0.00000E+00 0.00000E+00 0.00000E+00 0.00000E+00 0.00000E+00 0.00000E+00
 2.69661E+00 7.16517E-02 2.65885E+01 2.69661E+00 7.16517E-02 1.93940E+01 0.00000E+00 0.00000E+00 0.00000E+00 0.00000E+00 0.00000E+00 0.00000E+00
 2.69799E+00 6.41580E-02 2.66870E+01 2.69799E+00 6.41580E-02 1.96364E+01 0.00000E+00 0.00000E+00 0.00000E+00 0.00000E+00 0.00000E+00 0.00000E+00
 2.69358E+00 5.73715E-02 2.67605E+01 2.69358E+00 5.73715E-02 1.98555E+01 0.00000E+00 0.00000E+00 0.00000E+00 0.00000E+00 0.00000E+00 0.00000E+00
 1.15074E+00 4.07181E-01 1.58931E+01 1.15074E+00 4.07181E-01 8.70976E+00 0.00000E+00 0.00000E+00 0.00000E+00 0.00000E+00 0.00000E+00 0.00000E+00
 1.23968E+00 3.87561E-01 1.64999E+01 1.23968E+00 3.87561E-01 9.30624E+00 0.00000E+00 0.00000E+00 0.00000E+00 0.00000E+00 0.00000E+00 0.00000E+00
 1.33604E+00 3.66384E-01 1.70658E+01 1.33604E+00 3.66384E-01 9.87584E+00 0.00000E+00 0.00000E+00 0.00000E+00 0.00000E+00 0.00000E+00 0.00000E+00
 1.43111E+00 3.44636E-01 1.75954E+01 1.43111E+00 3.44636E-01 1.04215E+01 0.00000E+00 0.00000E+00 0.00000E+00 0.00000E+00 0.00000E+00 0.00000E+00
 1.52404E+00 3.22806E-01 1.80907E+01 1.52404E+00 3.22806E-01 1.09440E+01 0.00000E+00 0.00000E+00 0.00000E+00 0.00000E+00 0.00000E+00 0.00000E+00
 1.61386E+00 3.01194E-01 1.85530E+01 1.61386E+00 3.01194E-01 1.14429E+01 0.00000E+00 0.00000E+00 0.00000E+00 0.00000E+00 0.00000E+00 0.00000E+00
 1.69999E+00 2.80104E-01 1.89841E+01 1.69999E+00 2.80104E-01 1.19194E+01 0.00000E+00 0.00000E+00 0.00000E+00 0.00000E+00 0.00000E+00 0.00000E+00
 1.76403E+00 2.64321E-01 1.92983E+01 1.76403E+00 2.64321E-01 1.22740E+01 0.00000E+00 0.00000E+00 0.00000E+00 0.00000E+00 0.00000E+00 0.00000E+00
 1.77978E+00 2.59961E-01 1.93823E+01 1.77978E+00 2.59961E-01 1.23716E+01 0.00000E+00 0.00000E+00 0.00000E+00 0.00000E+00 0.00000E+00 0.00000E+00
 1.86113E+00 2.39596E-01 1.97682E+01 1.86113E+00 2.39596E-01 1.28259E+01 0.00000E+00 0.00000E+00 0.00000E+00 0.00000E+00 0.00000E+00 0.00000E+00
 1.93914E+00 2.20094E-01 2.01278E+01 1.93914E+00 2.20094E-01 1.32606E+01 0.00000E+00 0.00000E+00 0.00000E+00 0.00000E+00 0.00000E+00 0.00000E+00
 2.01112E+00 2.01602E-01 2.04619E+01 2.01112E+00 2.01602E-01 1.36761E+01 0.00000E+00 0.00000E+00 0.00000E+00 0.00000E+00 0.00000E+00 0.00000E+00
 2.07674E+00 1.84170E-01 2.07710E+01 2.07674E+00 1.84170E-01 1.40722E+01 0.00000E+00 0.00000E+00 0.00000E+00 0.00000E+00 0.00000E+00 0.00000E+00
 2.13574E+00 1.67816E-01 2.10552E+01 2.13574E+00 1.67816E-01 1.44486E+01 0.00000E+00 0.00000E+00 0.00000E+00 0.00000E+00 0.00000E+00 0.00000E+00
 2.18806E+00 1.52551E-01 2.13147E+01 2.18806E+00 1.52551E-01 1.48050E+01 0.00000E+00 0.00000E+00 0.00000E+00 0.00000E+00 0.00000E+00 0.00000E+00
 2.23373E+00 1.38367E-01 2.15499E+01 2.23373E+00 1.38367E-01 1.51414E+01 0.00000E+00 0.00000E+00 0.00000E+00 0.00000E+00 0.00000E+00 0.00000E+00
 2.27278E+00 1.25240E-01 2.17612E+01 2.27278E+00 1.25240E-01 1.54574E+01 0.00000E+00 0.00000E+00 0.00000E+00 0.00000E+00 0.00000E+00 0.00000E+00
 2.30528E+00 1.13135E-01 2.19485E+01 2.30528E+00 1.13135E-01 1.57531E+01 0.00000E+00 0.00000E+00 0.00000E+00 0.00000E+00 0.00000E+00 0.00000E+00
 2.33137E+00 1.02013E-01 2.21121E+01 2.33137E+00 1.02013E-01 1.60280E+01 0.00000E+00 0.00000E+00 0.00000E+00 0.00000E+00 0.00000E+00 0.00000E+00
 2.35120E+00 9.18246E-02 2.22521E+01 2.35120E+00 9.18246E-02 1.62821E+01 0.00000E+00 0.00000E+00 0.00000E+00 0.00000E+00 0.00000E+00 0.00000E+00
 2.36498E+00 8.25200E-02 2.23687E+01 2.36498E+00 8.25200E-02 1.65152E+01 0.00000E+00 0.00000E+00 0.00000E+00 0.00000E+00 0.00000E+00 0.00000E+00
 2.37295E+00 7.40459E-02 2.24621E+01 2.37295E+00 7.40459E-02 1.67272E+01 0.00000E+00 0.00000E+00 0.00000E+00 0.00000E+00 0.00000E+00 0.00000E+00
 2.37536E+00 6.63476E-02 2.25327E+01 2.37536E+00 6.63476E-02 1.69181E+01 0.00000E+00 0.00000E+00 0.00000E+00 0.00000E+00 0.00000E+00 0.00000E+00
 2.37249E+00 5.93709E-02 2.25806E+01 2.37249E+00 5.93709E-02 1.70880E+01 0.00000E+00 0.00000E+00 0.00000E+00 0.00000E+00 0.00000E+00 0.00000E+00
 2.36456E+00 5.30621E-02 2.26059E+01 2.36456E+00 5.30621E-02 1.72365E+01 0.00000E+00 0.00000E+00 0.00000E+00 0.00000E+00 0.00000E+00 0.00000E+00
 2.35194E+00 4.73692E-02 2.26091E+01 2.35194E+00 4.73692E-02 1.73639E+01 0.00000E+00 0.00000E+00 0.00000E+00 0.00000E+00 0.00000E+00 0.00000E+00
 1.14328E+00 3.83153E-01 1.41417E+01 1.14328E+00 3.83153E-01 8.35823E+00 0.00000E+00 0.00000E+00 0.00000E+00 0.00000E+00 0.00000E+00 0.00000E+00
 1.22734E+00 3.59704E-01 1.46667E+01 1.22734E+00 3.59704E-01 8.88363E+00 0.00000E+00 0.00000E+00 0.00000E+00 0.00000E+00 0.00000E+00 0.00000E+00
 1.31631E+00 3.35993E-01 1.51506E+01 1.31631E+00 3.35993E-01 9.37962E+00 0.00000E+00 0.00000E+00 0.00000E+00 0.00000E+00 0.00000E+00 0.00000E+00
 1.40254E+00 3.12692E-01 1.55978E+01 1.40254E+00 3.12692E-01 9.84940E+00 0.00000E+00 0.00000E+00 0.00000E+00 0.00000E+00 0.00000E+00 0.00000E+00
 1.48546E+00 2.90092E-01 1.60110E+01 1.48546E+00 2.90092E-01 1.02941E+01 0.00000E+00 0.00000E+00 0.00000E+00 0.00000E+00 0.00000E+00 0.00000E+00
 1.56434E+00 2.68347E-01 1.63914E+01 1.56434E+00 2.68347E-01 1.07140E+01 0.00000E+00 0.00000E+00 0.00000E+00 0.00000E+00 0.00000E+00 0.00000E+00
 1.63886E+00 2.47617E-01 1.67414E+01 1.63886E+00 2.47617E-01 1.11104E+01 0.00000E+00 0.00000E+00 0.00000E+00 0.00000E+00 0.00000E+00 0.00000E+00
 1.69357E+00 2.32365E-01 1.69932E+01 1.69357E+00 2.32365E-01 1.14025E+01 0.00000E+00 0.00000E+00 0.00000E+00 0.00000E+00 0.00000E+00 0.00000E+00
 1.70687E+00 2.28196E-01 1.70596E+01 1.70687E+00 2.28196E-01 1.14820E+01 0.00000E+00 0.00000E+00 0.00000E+00 0.00000E+00 0.00000E+00 0.00000E+00
 1.77513E+00 2.08922E-01 1.73615E+01 1.77513E+00 2.08922E-01 1.18496E+01 0.00000E+00 0.00000E+00 0.00000E+00 0.00000E+00 0.00000E+00 0.00000E+00
 1.83963E+00 1.90753E-01 1.76378E+01 1.83963E+00 1.90753E-01 1.21969E+01 0.00000E+00 0.00000E+00 0.00000E+00 0.00000E+00 0.00000E+00 0.00000E+00
 1.89818E+00 1.73754E-01 1.78895E+01 1.89818E+00 1.73754E-01 1.25245E+01 0.00000E+00 0.00000E+00 0.00000E+00 0.00000E+00 0.00000E+00 0.00000E+00
 1.95064E+00 1.57919E-01 1.81169E+01 1.95064E+00 1.57919E-01 1.28324E+01 0.00000E+00 0.00000E+00 0.00000E+00 0.00000E+00 0.00000E+00 0.00000E+00
 1.99690E+00 1.43223E-01 1.83206E+01 1.99690E+00 1.43223E-01 1.31205E+01 0.00000E+00 0.00000E+00 0.00000E+00 0.00000E+00 0.00000E+00 0.00000E+00
 2.03701E+00 1.29634E-01 1.85009E+01 2.03701E+00 1.29634E-01 1.33888E+01 0.00000E+00 0.00000E+00 0.00000E+00 0.00000E+00 0.00000E+00 0.00000E+00
 2.07112E+00 1.17115E-01 1.86585E+01 2.07112E+00 1.17115E-01 1.36375E+01 0.00000E+00 0.00000E+00 0.00000E+00 0.00000E+00 0.00000E+00 0.00000E+00
 2.09933E+00 1.05617E-01 1.87938E+01 2.09933E+00 1.05617E-01 1.38667E+01 0.00000E+00 0.00000E+00 0.00000E+00 0.00000E+00 0.00000E+00 0.00000E+00
 2.12180E+00 9.50885E-02 1.89069E+01 2.12180E+00 9.50885E-02 1.40762E+01 0.00000E+00 0.00000E+00 0.00000E+00 0.00000E+00 0.00000E+00 0.00000E+00
 2.13871E+00 8.54748E-02 1.89984E+01 2.13871E+00 8.54748E-02 1.42661E+01 0.00000E+00 0.00000E+00 0.00000E+00 0.00000E+00 0.00000E+00 0.00000E+00
 2.15026E+00 7.67195E-02 1.90684E+01 2.15026E+00 7.67195E-02 1.44365E+01 0.00000E+00 0.00000E+00 0.00000E+00 0.00000E+00 0.00000E+00 0.00000E+00
 2.15668E+00 6.87654E-02 1.91175E+01 2.15668E+00 6.87654E-02 1.45875E+01 0.00000E+00 0.00000E+00 0.00000E+00 0.00000E+00 0.00000E+00 0.00000E+00
 2.15822E+00 6.15557E-02 1.91459E+01 2.15822E+00 6.15557E-02 1.47190E+01 0.00000E+00 0.00000E+00 0.00000E+00 0.00000E+00 0.00000E+00 0.00000E+00
 2.15513E+00 5.50346E-02 1.91540E+01 2.15513E+00 5.50346E-02 1.48314E+01 0.00000E+00 0.00000E+00 0.00000E+00 0.00000E+00 0.00000E+00 0.00000E+00
 2.14769E+00 4.91481E-02 1.91424E+01 2.14769E+00 4.91481E-02 1.49247E+01 0.00000E+00 0.00000E+00 0.00000E+00 0.00000E+00 0.00000E+00 0.00000E+00
 2.13610E+00 4.38446E-02 1.91111E+01 2.13610E+00 4.38446E-02 1.49990E+01 0.00000E+00 0.00000E+00 0.00000E+00 0.00000E+00 0.00000E+00 0.00000E+00
 2.12070E+00 3.90745E-02 1.90608E+01 2.12070E+00 3.90745E-02 1.50546E+01 0.00000E+00 0.00000E+00 0.00000E+00 0.00000E+00 0.00000E+00 0.00000E+00
 1.14038E+00 3.56519E-01 1.26419E+01 1.14038E+00 3.56519E-01 7.94739E+00 0.00000E+00 0.00000E+00 0.00000E+00 0.00000E+00 0.00000E+00 0.00000E+00
 1.21929E+00 3.30681E-01 1.30947E+01 1.21929E+00 3.30681E-01 8.41041E+00 0.00000E+00 0.00000E+00 0.00000E+00 0.00000E+00 0.00000E+00 0.00000E+00
 1.30075E+00 3.05604E-01 1.35067E+01 1.30075E+00 3.05604E-01 8.84233E+00 0.00000E+00 0.00000E+00 0.00000E+00 0.00000E+00 0.00000E+00 0.00000E+00
 1.37818E+00 2.81692E-01 1.38825E+01 1.37818E+00 2.81692E-01 9.24652E+00 0.00000E+00 0.00000E+00 0.00000E+00 0.00000E+00 0.00000E+00 0.00000E+00
 1.45126E+00 2.59070E-01 1.42249E+01 1.45126E+00 2.59070E-01 9.62450E+00 0.00000E+00 0.00000E+00 0.00000E+00 0.00000E+00 0.00000E+00 0.00000E+00
 1.51952E+00 2.37771E-01 1.45354E+01 1.51952E+00 2.37771E-01 9.97696E+00 0.00000E+00 0.00000E+00 0.00000E+00 0.00000E+00 0.00000E+00 0.00000E+00
 1.58285E+00 2.17839E-01 1.48164E+01 1.58285E+00 2.17839E-01 1.03055E+01 0.00000E+00 0.00000E+00 0.00000E+00 0.00000E+00 0.00000E+00 0.00000E+00
 1.62865E+00 2.03374E-01 1.50156E+01 1.62865E+00 2.03374E-01 1.05448E+01 0.00000E+00 0.00000E+00 0.00000E+00 0.00000E+00 0.00000E+00 0.00000E+00
 1.63960E+00 1.99455E-01 1.50672E+01 1.63960E+00 1.99455E-01 1.06091E+01 0.00000E+00 0.00000E+00 0.00000E+00 0.00000E+00 0.00000E+00 0.00000E+00
 1.69543E+00 1.81494E-01 1.52990E+01 1.69543E+00 1.81494E-01 1.09041E+01 0.00000E+00 0.00000E+00 0.00000E+00 0.00000E+00 0.00000E+00 0.00000E+00
 1.74715E+00 1.64784E-01 1.55063E+01 1.74715E+00 1.64784E-01 1.11787E+01 0.00000E+00 0.00000E+00 0.00000E+00 0.00000E+00 0.00000E+00 0.00000E+00
 1.79303E+00 1.49329E-01 1.56899E+01 1.79303E+00 1.49329E-01 1.14336E+01 0.00000E+00 0.00000E+00 0.00000E+00 0.00000E+00 0.00000E+00 0.00000E+00
 1.83308E+00 1.35077E-01 1.58507E+01 1.83308E+00 1.35077E-01 1.16689E+01 0.00000E+00 0.00000E+00 0.00000E+00 0.00000E+00 0.00000E+00 0.00000E+00
 1.86731E+00 1.21970E-01 1.59891E+01 1.86731E+00 1.21970E-01 1.18849E+01 0.00000E+00 0.00000E+00 0.00000E+00 0.00000E+00 0.00000E+00 0.00000E+00
 1.89589E+00 1.09950E-01 1.61059E+01 1.89589E+00 1.09950E-01 1.20817E+01 0.00000E+00 0.00000E+00 0.00000E+00 0.00000E+00 0.00000E+00 0.00000E+00
 1.91901E+00 9.89570E-02 1.62015E+01 1.91901E+00 9.89570E-02 1.22597E+01 0.00000E+00 0.00000E+00 0.00000E+00 0.00000E+00 0.00000E+00 0.00000E+00
 1.93688E+00 8.89274E-02 1.62767E+01 1.93688E+00 8.89274E-02 1.24192E+01 0.00000E+00 0.00000E+00 0.00000E+00 0.00000E+00 0.00000E+00 0.00000E+00
 1.94968E+00 7.97989E-02 1.63318E+01 1.94968E+00 7.97989E-02 1.25602E+01 0.00000E+00 0.00000E+00 0.00000E+00 0.00000E+00 0.00000E+00 0.00000E+00
 1.95766E+00 7.15096E-02 1.63673E+01 1.95766E+00 7.15096E-02 1.26829E+01 0.00000E+00 0.00000E+00 0.00000E+00 0.00000E+00 0.00000E+00 0.00000E+00
 1.96103E+00 6.39986E-02 1.63837E+01 1.96103E+00 6.39986E-02 1.27876E+01 0.00000E+00 0.00000E+00 0.00000E+00 0.00000E+00 0.00000E+00 0.00000E+00
 1.96005E+00 5.72068E-02 1.63815E+01 1.96005E+00 5.72068E-02 1.28745E+01 0.00000E+00 0.00000E+00 0.00000E+00 0.00000E+00 0.00000E+00 0.00000E+00
 1.95497E+00 5.10773E-02 1.63611E+01 1.95497E+00 5.10773E-02 1.29438E+01 0.00000E+00 0.00000E+00 0.00000E+00 0.00000E+00 0.00000E+00 0.00000E+00
 1.94605E+00 4.55552E-02 1.63230E+01 1.94605E+00 4.55552E-02 1.29959E+01 0.00000E+00 0.00000E+00 0.00000E+00 0.00000E+00 0.00000E+00 0.00000E+00
 1.93356E+00 4.05890E-02 1.62678E+01 1.93356E+00 4.05890E-02 1.30311E+01 0.00000E+00 0.00000E+00 0.00000E+00 0.00000E+00 0.00000E+00 0.00000E+00
 1.91770E+00 3.61301E-02 1.61958E+01 1.91770E+00 3.61301E-02 1.30495E+01 0.00000E+00 0.00000E+00 0.00000E+00 0.00000E+00 0.00000E+00 0.00000E+00
 1.89877E+00 3.21325E-02 1.61077E+01 1.89877E+00 3.21325E-02 1.30516E+01 0.00000E+00 0.00000E+00 0.00000E+00 0.00000E+00 0.00000E+00 0.00000E+00
 1.14146E+00 3.28852E-01 1.13367E+01 1.14146E+00 3.28852E-01 7.50707E+00 0.00000E+00 0.00000E+00 0.00000E+00 0.00000E+00 0.00000E+00 0.00000E+00
 1.21448E+00 3.01818E-01 1.17263E+01 1.21448E+00 3.01818E-01 7.91444E+00 0.00000E+00 0.00000E+00 0.00000E+00 0.00000E+00 0.00000E+00 0.00000E+00
 1.28786E+00 2.76309E-01 1.20758E+01 1.28786E+00 2.76309E-01 8.28961E+00 0.00000E+00 0.00000E+00 0.00000E+00 0.00000E+00 0.00000E+00 0.00000E+00
 1.35608E+00 2.52512E-01 1.23898E+01 1.35608E+00 2.52512E-01 8.63607E+00 0.00000E+00 0.00000E+00 0.00000E+00 0.00000E+00 0.00000E+00 0.00000E+00
 1.41912E+00 2.30426E-01 1.26711E+01 1.41912E+00 2.30426E-01 8.95567E+00 0.00000E+00 0.00000E+00 0.00000E+00 0.00000E+00 0.00000E+00 0.00000E+00
 1.47676E+00 2.09987E-01 1.29217E+01 1.47676E+00 2.09987E-01 9.24947E+00 0.00000E+00 0.00000E+00 0.00000E+00 0.00000E+00 0.00000E+00 0.00000E+00
 1.52910E+00 1.91146E-01 1.31440E+01 1.52910E+00 1.91146E-01 9.51925E+00 0.00000E+00 0.00000E+00 0.00000E+00 0.00000E+00 0.00000E+00 0.00000E+00
 1.56624E+00 1.77631E-01 1.32985E+01 1.56624E+00 1.77631E-01 9.71311E+00 0.00000E+00 0.00000E+00 0.00000E+00 0.00000E+00 0.00000E+00 0.00000E+00
 1.57492E+00 1.73997E-01 1.33376E+01 1.57492E+00 1.73997E-01 9.76445E+00 0.00000E+00 0.00000E+00 0.00000E+00 0.00000E+00 0.00000E+00 0.00000E+00
 1.61884E+00 1.57467E-01 1.35106E+01 1.61884E+00 1.57467E-01 9.99772E+00 0.00000E+00 0.00000E+00 0.00000E+00 0.00000E+00 0.00000E+00 0.00000E+00
 1.65847E+00 1.42262E-01 1.36602E+01 1.65847E+00 1.42262E-01 1.02107E+01 0.00000E+00 0.00000E+00 0.00000E+00 0.00000E+00 0.00000E+00 0.00000E+00
 1.69250E+00 1.28336E-01 1.37875E+01 1.69250E+00 1.28336E-01 1.04043E+01 0.00000E+00 0.00000E+00 0.00000E+00 0.00000E+00 0.00000E+00 0.00000E+00
 1.72104E+00 1.15606E-01 1.38935E+01 1.72104E+00 1.15606E-01 1.05790E+01 0.00000E+00 0.00000E+00 0.00000E+00 0.00000E+00 0.00000E+00 0.00000E+00
 1.74422E+00 1.03990E-01 1.39787E+01 1.74422E+00 1.03990E-01 1.07350E+01 0.00000E+00 0.00000E+00 0.00000E+00 0.00000E+00 0.00000E+00 0.00000E+00
 1.76225E+00 9.34110E-02 1.40439E+01 1.76225E+00 9.34110E-02 1.08728E+01 0.00000E+00 0.00000E+00 0.00000E+00 0.00000E+00 0.00000E+00 0.00000E+00
 1.77542E+00 8.37949E-02 1.40900E+01 1.77542E+00 8.37949E-02 1.09929E+01 0.00000E+00 0.00000E+00 0.00000E+00 0.00000E+00 0.00000E+00 0.00000E+00
 1.78394E+00 7.50706E-02 1.41175E+01 1.78394E+00 7.50706E-02 1.10957E+01 0.00000E+00 0.00000E+00 0.00000E+00 0.00000E+00 0.00000E+00 0.00000E+00
 1.78805E+00 6.71704E-02 1.41270E+01 1.78805E+00 6.71704E-02 1.11813E+01 0.00000E+00 0.00000E+00 0.00000E+00 0.00000E+00 0.00000E+00 0.00000E+00
 1.78800E+00 6.00296E-02 1.41191E+01 1.78800E+00 6.00296E-02 1.12503E+01 0.00000E+00 0.00000E+00 0.00000E+00 0.00000E+00 0.00000E+00 0.00000E+00
 1.78404E+00 5.35869E-02 1.40943E+01 1.78404E+00 5.35869E-02 1.13028E+01 0.00000E+00 0.00000E+00 0.00000E+00 0.00000E+00 0.00000E+00 0.00000E+00
 1.77641E+00 4.77841E-02 1.40532E+01 1.77641E+00 4.77841E-02 1.13393E+01 0.00000E+00 0.00000E+00 0.00000E+00 0.00000E+00 0.00000E+00 0.00000E+00
 1.76538E+00 4.25661E-02 1.39963E+01 1.76538E+00 4.25661E-02 1.13602E+01 0.00000E+00 0.00000E+00 0.00000E+00 0.00000E+00 0.00000E+00 0.00000E+00
 1.75118E+00 3.78811E-02 1.39243E+01 1.75118E+00 3.78811E-02 1.13658E+01 0.00000E+00 0.00000E+00 0.00000E+00 0.00000E+00 0.00000E+00 0.00000E+00
 1.73408E+00 3.36809E-02 1.38377E+01 1.73408E+00 3.36809E-02 1.13566E+01 0.00000E+00 0.00000E+00 0.00000E+00 0.00000E+00 0.00000E+00 0.00000E+00
 1.71427E+00 2.99209E-02 1.37370E+01 1.71427E+00 2.99209E-02 1.13329E+01 0.00000E+00 0.00000E+00 0.00000E+00 0.00000E+00 0.00000E+00 0.00000E+00
 1.69202E+00 2.65591E-02 1.36229E+01 1.69202E+00 2.65591E-02 1.12952E+01 0.00000E+00 0.00000E+00 0.00000E+00 0.00000E+00 0.00000E+00 0.00000E+00
 1.14650E+00 3.01621E-01 1.01906E+01 1.14650E+00 3.01621E-01 7.03837E+00 0.00000E+00 0.00000E+00 0.00000E+00 0.00000E+00 0.00000E+00 0.00000E+00
 1.21323E+00 2.74265E-01 1.05246E+01 1.21323E+00 2.74265E-01 7.39691E+00 0.00000E+00 0.00000E+00 0.00000E+00 0.00000E+00 0.00000E+00 0.00000E+00
 1.27858E+00 2.48969E-01 1.08196E+01 1.27858E+00 2.48969E-01 7.72262E+00 0.00000E+00 0.00000E+00 0.00000E+00 0.00000E+00 0.00000E+00 0.00000E+00
 1.33802E+00 2.25759E-01 1.10800E+01 1.33802E+00 2.25759E-01 8.01906E+00 0.00000E+00 0.00000E+00 0.00000E+00 0.00000E+00 0.00000E+00 0.00000E+00
 1.39177E+00 2.04541E-01 1.13089E+01 1.39177E+00 2.04541E-01 8.28833E+00 0.00000E+00 0.00000E+00 0.00000E+00 0.00000E+00 0.00000E+00 0.00000E+00
 1.43981E+00 1.85182E-01 1.15082E+01 1.43981E+00 1.85182E-01 8.53180E+00 0.00000E+00 0.00000E+00 0.00000E+00 0.00000E+00 0.00000E+00 0.00000E+00
 1.48242E+00 1.67565E-01 1.16806E+01 1.48242E+00 1.67565E-01 8.75145E+00 0.00000E+00 0.00000E+00 0.00000E+00 0.00000E+00 0.00000E+00 0.00000E+00
 1.51201E+00 1.55054E-01 1.17974E+01 1.51201E+00 1.55054E-01 8.90672E+00 0.00000E+00 0.00000E+00 0.00000E+00 0.00000E+00 0.00000E+00 0.00000E+00
 1.51872E+00 1.51713E-01 1.18260E+01 1.51872E+00 1.51713E-01 8.94709E+00 0.00000E+00 0.00000E+00 0.00000E+00 0.00000E+00 0.00000E+00 0.00000E+00
 1.55245E+00 1.36614E-01 1.19498E+01 1.55245E+00 1.36614E-01 9.12828E+00 0.00000E+00 0.00000E+00 0.00000E+00 0.00000E+00 0.00000E+00 0.00000E+00
 1.58192E+00 1.22867E-01 1.20516E+01 1.58192E+00 1.22867E-01 9.28969E+00 0.00000E+00 0.00000E+00 0.00000E+00 0.00000E+00 0.00000E+00 0.00000E+00
 1.60611E+00 1.10384E-01 1.21326E+01 1.60611E+00 1.10384E-01 9.43226E+00 0.00000E+00 0.00000E+00 0.00000E+00 0.00000E+00 0.00000E+00 0.00000E+00
 1.62524E+00 9.90614E-02 1.21939E+01 1.62524E+00 9.90614E-02 9.55671E+00 0.00000E+00 0.00000E+00 0.00000E+00 0.00000E+00 0.00000E+00 0.00000E+00
 1.63948E+00 8.87995E-02 1.22361E+01 1.63948E+00 8.87995E-02 9.66347E+00 0.00000E+00 0.00000E+00 0.00000E+00 0.00000E+00 0.00000E+00 0.00000E+00
 1.64911E+00 7.95099E-02 1.22601E+01 1.64911E+00 7.95099E-02 9.75315E+00 0.00000E+00 0.00000E+00 0.00000E+00 0.00000E+00 0.00000E+00 0.00000E+00
 1.65441E+00 7.11108E-02 1.22669E+01 1.65441E+00 7.11108E-02 9.82635E+00 0.00000E+00 0.00000E+00 0.00000E+00 0.00000E+00 0.00000E+00 0.00000E+00
 1.65563E+00 6.35273E-02 1.22571E+01 1.65563E+00 6.35273E-02 9.88352E+00 0.00000E+00 0.00000E+00 0.00000E+00 0.00000E+00 0.00000E+00 0.00000E+00
 1.65304E+00 5.66902E-02 1.22313E+01 1.65304E+00 5.66902E-02 9.92512E+00 0.00000E+00 0.00000E+00 0.00000E+00 0.00000E+00 0.00000E+00 0.00000E+00
 1.64687E+00 5.05352E-02 1.21903E+01 1.64687E+00 5.05352E-02 9.95159E+00 0.00000E+00 0.00000E+00 0.00000E+00 0.00000E+00 0.00000E+00 0.00000E+00
 1.63737E+00 4.50026E-02 1.21345E+01 1.63737E+00 4.50026E-02 9.96336E+00 0.00000E+00 0.00000E+00 0.00000E+00 0.00000E+00 0.00000E+00 0.00000E+00
 1.62479E+00 4.00367E-02 1.20647E+01 1.62479E+00 4.00367E-02 9.96089E+00 0.00000E+00 0.00000E+00 0.00000E+00 0.00000E+00 0.00000E+00 0.00000E+00
 1.60938E+00 3.55857E-02 1.19814E+01 1.60938E+00 3.55857E-02 9.94466E+00 0.00000E+00 0.00000E+00 0.00000E+00 0.00000E+00 0.00000E+00 0.00000E+00
 1.59136E+00 3.16016E-02 1.18853E+01 1.59136E+00 3.16016E-02 9.91516E+00 0.00000E+00 0.00000E+00 0.00000E+00 0.00000E+00 0.00000E+00 0.00000E+00
 1.57096E+00 2.80399E-02 1.17770E+01 1.57096E+00 2.80399E-02 9.87288E+00 0.00000E+00 0.00000E+00 0.00000E+00 0.00000E+00 0.00000E+00 0.00000E+00
 1.54838E+00 2.48601E-02 1.16571E+01 1.54838E+00 2.48601E-02 9.81820E+00 0.00000E+00 0.00000E+00 0.00000E+00 0.00000E+00 0.00000E+00 0.00000E+00
 1.52386E+00 2.20243E-02 1.15262E+01 1.52386E+00 2.20243E-02 9.75176E+00 0.00000E+00 0.00000E+00 0.00000E+00 0.00000E+00 0.00000E+00 0.00000E+00
 1.15301E+00 2.76001E-01 9.18867E+00 1.15301E+00 2.76001E-01 6.58328E+00 0.00000E+00 0.00000E+00 0.00000E+00 0.00000E+00 0.00000E+00 0.00000E+00
 1.21286E+00 2.48889E-01 9.47564E+00 1.21286E+00 2.48889E-01 6.89981E+00 0.00000E+00 0.00000E+00 0.00000E+00 0.00000E+00 0.00000E+00 0.00000E+00
 1.26987E+00 2.24192E-01 9.72467E+00 1.26987E+00 2.24192E-01 7.18305E+00 0.00000E+00 0.00000E+00 0.00000E+00 0.00000E+00 0.00000E+00 0.00000E+00
 1.32043E+00 2.01827E-01 9.94006E+00 1.32043E+00 2.01827E-01 7.43662E+00 0.00000E+00 0.00000E+00 0.00000E+00 0.00000E+00 0.00000E+00 0.00000E+00
 1.36496E+00 1.81633E-01 1.01249E+01 1.36496E+00 1.81633E-01 7.66288E+00 0.00000E+00 0.00000E+00 0.00000E+00 0.00000E+00 0.00000E+00 0.00000E+00
 1.40365E+00 1.63434E-01 1.02815E+01 1.40365E+00 1.63434E-01 7.86346E+00 0.00000E+00 0.00000E+00 0.00000E+00 0.00000E+00 0.00000E+00 0.00000E+00
 1.43691E+00 1.47059E-01 1.04124E+01 1.43691E+00 1.47059E-01 8.04054E+00 0.00000E+00 0.00000E+00 0.00000E+00 0.00000E+00 0.00000E+00 0.00000E+00
 1.45932E+00 1.35535E-01 1.04979E+01 1.45932E+00 1.35535E-01 8.16312E+00 0.00000E+00 0.00000E+00 0.00000E+00 0.00000E+00 0.00000E+00 0.00000E+00
 1.46416E+00 1.32477E-01 1.05179E+01 1.46416E+00 1.32477E-01 8.19426E+00 0.00000E+00 0.00000E+00 0.00000E+00 0.00000E+00 0.00000E+00 0.00000E+00
 1.48832E+00 1.18740E-01 1.06013E+01 1.48832E+00 1.18740E-01 8.33174E+00 0.00000E+00 0.00000E+00 0.00000E+00 0.00000E+00 0.00000E+00 0.00000E+00
 1.50832E+00 1.06349E-01 1.06641E+01 1.50832E+00 1.06349E-01 8.45003E+00 0.00000E+00 0.00000E+00 0.00000E+00 0.00000E+00 0.00000E+00 0.00000E+00
 1.52344E+00 9.51878E-02 1.07076E+01 1.52344E+00 9.51878E-02 8.55023E+00 0.00000E+00 0.00000E+00 0.00000E+00 0.00000E+00 0.00000E+00 0.00000E+00
 1.53394E+00 8.51334E-02 1.07329E+01 1.53394E+00 8.51334E-02 8.63321E+00 0.00000E+00 0.00000E+00 0.00000E+00 0.00000E+00 0.00000E+00 0.00000E+00
 1.54005E+00 7.60763E-02 1.07408E+01 1.54005E+00 7.60763E-02 8.69958E+00 0.00000E+00 0.00000E+00 0.00000E+00 0.00000E+00 0.00000E+00 0.00000E+00
 1.54207E+00 6.79206E-02 1.07324E+01 1.54207E+00 6.79206E-02 8.75007E+00 0.00000E+00 0.00000E+00 0.00000E+00 0.00000E+00 0.00000E+00 0.00000E+00
 1.54031E+00 6.05808E-02 1.07086E+01 1.54031E+00 6.05808E-02 8.78537E+00 0.00000E+00 0.00000E+00 0.00000E+00 0.00000E+00 0.00000E+00 0.00000E+00
 1.53502E+00 5.39811E-02 1.06700E+01 1.53502E+00 5.39811E-02 8.80607E+00 0.00000E+00 0.00000E+00 0.00000E+00 0.00000E+00 0.00000E+00 0.00000E+00
 1.52647E+00 4.80534E-02 1.06175E+01 1.52647E+00 4.80534E-02 8.81270E+00 0.00000E+00 0.00000E+00 0.00000E+00 0.00000E+00 0.00000E+00 0.00000E+00
 1.51489E+00 4.27355E-02 1.05516E+01 1.51489E+00 4.27355E-02 8.80578E+00 0.00000E+00 0.00000E+00 0.00000E+00 0.00000E+00 0.00000E+00 0.00000E+00
 1.50053E+00 3.79708E-02 1.04731E+01 1.50053E+00 3.79708E-02 8.78584E+00 0.00000E+00 0.00000E+00 0.00000E+00 0.00000E+00 0.00000E+00 0.00000E+00
 1.48363E+00 3.37071E-02 1.03826E+01 1.48363E+00 3.37071E-02 8.75342E+00 0.00000E+00 0.00000E+00 0.00000E+00 0.00000E+00 0.00000E+00 0.00000E+00
 1.46442E+00 2.98965E-02 1.02807E+01 1.46442E+00 2.98965E-02 8.70906E+00 0.00000E+00 0.00000E+00 0.00000E+00 0.00000E+00 0.00000E+00 0.00000E+00
 1.44311E+00 2.64947E-02 1.01682E+01 1.44311E+00 2.64947E-02 8.65329E+00 0.00000E+00 0.00000E+00 0.00000E+00 0.00000E+00 0.00000E+00 0.00000E+00
 1.41991E+00 2.34614E-02 1.00456E+01 1.41991E+00 2.34614E-02 8.58668E+00 0.00000E+00 0.00000E+00 0.00000E+00 0.00000E+00 0.00000E+00 0.00000E+00
 1.39501E+00 2.07600E-02 9.91361E+00 1.39501E+00 2.07600E-02 8.50967E+00 0.00000E+00 0.00000E+00 0.00000E+00 0.00000E+00 0.00000E+00 0.00000E+00
 1.36863E+00 1.83565E-02 9.77281E+00 1.36863E+00 1.83565E-02 8.42292E+00 0.00000E+00 0.00000E+00 0.00000E+00 0.00000E+00 0.00000E+00 0.00000E+00
 1.15904E+00 2.52718E-01 8.29963E+00 1.15904E+00 2.52718E-01 6.13659E+00 0.00000E+00 0.00000E+00 0.00000E+00 0.00000E+00 0.00000E+00 0.00000E+00
 1.21174E+00 2.26145E-01 8.54661E+00 1.21174E+00 2.26145E-01 6.41685E+00 0.00000E+00 0.00000E+00 0.00000E+00 0.00000E+00 0.00000E+00 0.00000E+00
 1.26053E+00 2.02216E-01 8.75667E+00 1.26053E+00 2.02216E-01 6.66351E+00 0.00000E+00 0.00000E+00 0.00000E+00 0.00000E+00 0.00000E+00 0.00000E+00
 1.30258E+00 1.80776E-01 8.93400E+00 1.30258E+00 1.80776E-01 6.88021E+00 0.00000E+00 0.00000E+00 0.00000E+00 0.00000E+00 0.00000E+00 0.00000E+00
 1.33849E+00 1.61628E-01 9.08179E+00 1.33849E+00 1.61628E-01 7.06956E+00 0.00000E+00 0.00000E+00 0.00000E+00 0.00000E+00 0.00000E+00 0.00000E+00
 1.36859E+00 1.44559E-01 9.20247E+00 1.36859E+00 1.44559E-01 7.23344E+00 0.00000E+00 0.00000E+00 0.00000E+00 0.00000E+00 0.00000E+00 0.00000E+00
 1.39341E+00 1.29363E-01 9.29868E+00 1.39341E+00 1.29363E-01 7.37421E+00 0.00000E+00 0.00000E+00 0.00000E+00 0.00000E+00 0.00000E+00 0.00000E+00
 1.40941E+00 1.18763E-01 9.35824E+00 1.40941E+00 1.18763E-01 7.46902E+00 0.00000E+00 0.00000E+00 0.00000E+00 0.00000E+00 0.00000E+00 0.00000E+00
 1.41259E+00 1.15966E-01 9.37108E+00 1.41259E+00 1.15966E-01 7.49235E+00 0.00000E+00 0.00000E+00 0.00000E+00 0.00000E+00 0.00000E+00 0.00000E+00
 1.42834E+00 1.03477E-01 9.42127E+00 1.42834E+00 1.03477E-01 7.59298E+00 0.00000E+00 0.00000E+00 0.00000E+00 0.00000E+00 0.00000E+00 0.00000E+00
 1.44013E+00 9.23133E-02 9.45217E+00 1.44013E+00 9.23133E-02 7.67512E+00 0.00000E+00 0.00000E+00 0.00000E+00 0.00000E+00 0.00000E+00 0.00000E+00
 1.44746E+00 8.23348E-02 9.46523E+00 1.44746E+00 8.23348E-02 7.74002E+00 0.00000E+00 0.00000E+00 0.00000E+00 0.00000E+00 0.00000E+00 0.00000E+00
 1.45064E+00 7.34051E-02 9.46166E+00 1.45064E+00 7.34051E-02 7.78871E+00 0.00000E+00 0.00000E+00 0.00000E+00 0.00000E+00 0.00000E+00 0.00000E+00
 1.44993E+00 6.54065E-02 9.44244E+00 1.44993E+00 6.54065E-02 7.82194E+00 0.00000E+00 0.00000E+00 0.00000E+00 0.00000E+00 0.00000E+00 0.00000E+00
 1.44563E+00 5.82386E-02 9.40859E+00 1.44563E+00 5.82386E-02 7.84054E+00 0.00000E+00 0.00000E+00 0.00000E+00 0.00000E+00 0.00000E+00 0.00000E+00
 1.43805E+00 5.18145E-02 9.36104E+00 1.43805E+00 5.18145E-02 7.84532E+00 0.00000E+00 0.00000E+00 0.00000E+00 0.00000E+00 0.00000E+00 0.00000E+00
 1.42745E+00 4.60594E-02 9.30060E+00 1.42745E+00 4.60594E-02 7.83692E+00 0.00000E+00 0.00000E+00 0.00000E+00 0.00000E+00 0.00000E+00 0.00000E+00
 1.41408E+00 4.09074E-02 9.22801E+00 1.41408E+00 4.09074E-02 7.81597E+00 0.00000E+00 0.00000E+00 0.00000E+00 0.00000E+00 0.00000E+00 0.00000E+00
 1.39819E+00 3.62997E-02 9.14399E+00 1.39819E+00 3.62997E-02 7.78305E+00 0.00000E+00 0.00000E+00 0.00000E+00 0.00000E+00 0.00000E+00 0.00000E+00
 1.38000E+00 3.21830E-02 9.04923E+00 1.38000E+00 3.21830E-02 7.73876E+00 0.00000E+00 0.00000E+00 0.00000E+00 0.00000E+00 0.00000E+00 0.00000E+00
 1.35973E+00 2.85092E-02 8.94441E+00 1.35973E+00 2.85092E-02 7.68368E+00 0.00000E+00 0.00000E+00 0.00000E+00 0.00000E+00 0.00000E+00 0.00000E+00
 1.33760E+00 2.52342E-02 8.83019E+00 1.33760E+00 2.52342E-02 7.61840E+00 0.00000E+00 0.00000E+00 0.00000E+00 0.00000E+00 0.00000E+00 0.00000E+00
 1.31381E+00 2.23177E-02 8.70725E+00 1.31381E+00 2.23177E-02 7.54349E+00 0.00000E+00 0.00000E+00 0.00000E+00 0.00000E+00 0.00000E+00 0.00000E+00
 1.28856E+00 1.97234E-02 8.57622E+00 1.28856E+00 1.97234E-02 7.45956E+00 0.00000E+00 0.00000E+00 0.00000E+00 0.00000E+00 0.00000E+00 0.00000E+00
 1.26200E+00 1.74183E-02 8.43769E+00 1.26200E+00 1.74183E-02 7.36708E+00 0.00000E+00 0.00000E+00 0.00000E+00 0.00000E+00 0.00000E+00 0.00000E+00
 1.23434E+00 1.53718E-02 8.29234E+00 1.23434E+00 1.53718E-02 7.26671E+00 0.00000E+00 0.00000E+00 0.00000E+00 0.00000E+00 0.00000E+00 0.00000E+00
 1.16417E+00 2.32493E-01 7.51745E+00 1.16417E+00 2.32493E-01 5.71603E+00 0.00000E+00 0.00000E+00 0.00000E+00 0.00000E+00 0.00000E+00 0.00000E+00
 1.20967E+00 2.06508E-01 7.73076E+00 1.20967E+00 2.06508E-01 5.96500E+00 0.00000E+00 0.00000E+00 0.00000E+00 0.00000E+00 0.00000E+00 0.00000E+00
 1.25048E+00 1.83320E-01 7.90802E+00 1.25048E+00 1.83320E-01 6.18009E+00 0.00000E+00 0.00000E+00 0.00000E+00 0.00000E+00 0.00000E+00 0.00000E+00
 1.28446E+00 1.62734E-01 8.05335E+00 1.28446E+00 1.62734E-01 6.36499E+00 0.00000E+00 0.00000E+00 0.00000E+00 0.00000E+00 0.00000E+00 0.00000E+00
 1.31232E+00 1.44530E-01 8.17002E+00 1.31232E+00 1.44530E-01 6.52252E+00 0.00000E+00 0.00000E+00 0.00000E+00 0.00000E+00 0.00000E+00 0.00000E+00
 1.33452E+00 1.28472E-01 8.26062E+00 1.33452E+00 1.28472E-01 6.65484E+00 0.00000E+00 0.00000E+00 0.00000E+00 0.00000E+00 0.00000E+00 0.00000E+00
 1.35166E+00 1.14325E-01 8.32788E+00 1.35166E+00 1.14325E-01 6.76446E+00 0.00000E+00 0.00000E+00 0.00000E+00 0.00000E+00 0.00000E+00 0.00000E+00
 1.36190E+00 1.04543E-01 8.36583E+00 1.36190E+00 1.04543E-01 6.83554E+00 0.00000E+00 0.00000E+00 0.00000E+00 0.00000E+00 0.00000E+00 0.00000E+00
 1.36358E+00 1.01975E-01 8.37278E+00 1.36358E+00 1.01975E-01 6.85224E+00 0.00000E+00 0.00000E+00 0.00000E+00 0.00000E+00 0.00000E+00 0.00000E+00
 1.37184E+00 9.05831E-02 8.39558E+00 1.37184E+00 9.05831E-02 6.92163E+00 0.00000E+00 0.00000E+00 0.00000E+00 0.00000E+00 0.00000E+00 0.00000E+00
 1.37641E+00 8.04943E-02 8.40042E+00 1.37641E+00 8.04943E-02 6.97332E+00 0.00000E+00 0.00000E+00 0.00000E+00 0.00000E+00 0.00000E+00 0.00000E+00
 1.37696E+00 7.15468E-02 8.38882E+00 1.37696E+00 7.15468E-02 7.00868E+00 0.00000E+00 0.00000E+00 0.00000E+00 0.00000E+00 0.00000E+00 0.00000E+00
 1.37381E+00 6.35923E-02 8.36211E+00 1.37381E+00 6.35923E-02 7.02889E+00 0.00000E+00 0.00000E+00 0.00000E+00 0.00000E+00 0.00000E+00 0.00000E+00
 1.36725E+00 5.65065E-02 8.32135E+00 1.36725E+00 5.65065E-02 7.03484E+00 0.00000E+00 0.00000E+00 0.00000E+00 0.00000E+00 0.00000E+00 0.00000E+00
 1.35759E+00 5.01858E-02 8.26759E+00 1.35759E+00 5.01858E-02 7.02746E+00 0.00000E+00 0.00000E+00 0.00000E+00 0.00000E+00 0.00000E+00 0.00000E+00
 1.34511E+00 4.45429E-02 8.20183E+00 1.34511E+00 4.45429E-02 7.00762E+00 0.00000E+00 0.00000E+00 0.00000E+00 0.00000E+00 0.00000E+00 0.00000E+00
 1.33009E+00 3.95047E-02 8.12488E+00 1.33009E+00 3.95047E-02 6.97605E+00 0.00000E+00 0.00000E+00 0.00000E+00 0.00000E+00 0.00000E+00 0.00000E+00
 1.31275E+00 3.50082E-02 8.03752E+00 1.31275E+00 3.50082E-02 6.93341E+00 0.00000E+00 0.00000E+00 0.00000E+00 0.00000E+00 0.00000E+00 0.00000E+00
 1.29333E+00 3.09979E-02 7.94048E+00 1.29333E+00 3.09979E-02 6.88035E+00 0.00000E+00 0.00000E+00 0.00000E+00 0.00000E+00 0.00000E+00 0.00000E+00
 1.27204E+00 2.74245E-02 7.83447E+00 1.27204E+00 2.74245E-02 6.81751E+00 0.00000E+00 0.00000E+00 0.00000E+00 0.00000E+00 0.00000E+00 0.00000E+00
 1.24909E+00 2.42435E-02 7.72016E+00 1.24909E+00 2.42435E-02 6.74550E+00 0.00000E+00 0.00000E+00 0.00000E+00 0.00000E+00 0.00000E+00 0.00000E+00
 1.22468E+00 2.14145E-02 7.59823E+00 1.22468E+00 2.14145E-02 6.66493E+00 0.00000E+00 0.00000E+00 0.00000E+00 0.00000E+00 0.00000E+00 0.00000E+00
 1.19899E+00 1.89012E-02 7.46933E+00 1.19899E+00 1.89012E-02 6.57642E+00 0.00000E+00 0.00000E+00 0.00000E+00 0.00000E+00 0.00000E+00 0.00000E+00
 1.17219E+00 1.66705E-02 7.33409E+00 1.17219E+00 1.66705E-02 6.48055E+00 0.00000E+00 0.00000E+00 0.00000E+00 0.00000E+00 0.00000E+00 0.00000E+00
 1.14446E+00 1.46929E-02 7.19310E+00 1.14446E+00 1.46929E-02 6.37785E+00 0.00000E+00 0.00000E+00 0.00000E+00 0.00000E+00 0.00000E+00 0.00000E+00
 1.11594E+00 1.29409E-02 7.04701E+00 1.11594E+00 1.29409E-02 6.26896E+00 0.00000E+00 0.00000E+00 0.00000E+00 0.00000E+00 0.00000E+00 0.00000E+00
 1.16666E+00 2.15458E-01 6.83099E+00 1.16666E+00 2.15458E-01 5.32582E+00 0.00000E+00 0.00000E+00 0.00000E+00 0.00000E+00 0.00000E+00 0.00000E+00
 1.20522E+00 1.89959E-01 7.01607E+00 1.20522E+00 1.89959E-01 5.54780E+00 0.00000E+00 0.00000E+00 0.00000E+00 0.00000E+00 0.00000E+00 0.00000E+00
 1.23856E+00 1.67375E-01 7.16582E+00 1.23856E+00 1.67375E-01 5.73562E+00 0.00000E+00 0.00000E+00 0.00000E+00 0.00000E+00 0.00000E+00 0.00000E+00
 1.26509E+00 1.47490E-01 7.28430E+00 1.26509E+00 1.47490E-01 5.89307E+00 0.00000E+00 0.00000E+00 0.00000E+00 0.00000E+00 0.00000E+00 0.00000E+00
 1.28563E+00 1.30073E-01 7.37487E+00 1.28563E+00 1.30073E-01 6.02314E+00 0.00000E+00 0.00000E+00 0.00000E+00 0.00000E+00 0.00000E+00 0.00000E+00
 1.30073E+00 1.14868E-01 7.44029E+00 1.30073E+00 1.14868E-01 6.12827E+00 0.00000E+00 0.00000E+00 0.00000E+00 0.00000E+00 0.00000E+00 0.00000E+00
 1.31104E+00 1.01613E-01 7.48341E+00 1.31104E+00 1.01613E-01 6.21117E+00 0.00000E+00 0.00000E+00 0.00000E+00 0.00000E+00 0.00000E+00 0.00000E+00
 1.31619E+00 9.25325E-02 7.50340E+00 1.31619E+00 9.25325E-02 6.26195E+00 0.00000E+00 0.00000E+00 0.00000E+00 0.00000E+00 0.00000E+00 0.00000E+00
 1.31656E+00 9.01619E-02 7.50550E+00 1.31656E+00 9.01619E-02 6.27301E+00 0.00000E+00 0.00000E+00 0.00000E+00 0.00000E+00 0.00000E+00 0.00000E+00
 1.31828E+00 7.97108E-02 7.50579E+00 1.31828E+00 7.97108E-02 6.31593E+00 0.00000E+00 0.00000E+00 0.00000E+00 0.00000E+00 0.00000E+00 0.00000E+00
 1.31660E+00 7.05463E-02 7.48938E+00 1.31660E+00 7.05463E-02 6.34197E+00 0.00000E+00 0.00000E+00 0.00000E+00 0.00000E+00 0.00000E+00 0.00000E+00
 1.31133E+00 6.24856E-02 7.45789E+00 1.31133E+00 6.24856E-02 6.35267E+00 0.00000E+00 0.00000E+00 0.00000E+00 0.00000E+00 0.00000E+00 0.00000E+00
 1.30280E+00 5.53686E-02 7.41274E+00 1.30280E+00 5.53686E-02 6.34931E+00 0.00000E+00 0.00000E+00 0.00000E+00 0.00000E+00 0.00000E+00 0.00000E+00
 1.29131E+00 4.90646E-02 7.35506E+00 1.29131E+00 4.90646E-02 6.33293E+00 0.00000E+00 0.00000E+00 0.00000E+00 0.00000E+00 0.00000E+00 0.00000E+00
 1.27715E+00 4.34670E-02 7.28595E+00 1.27715E+00 4.34670E-02 6.30452E+00 0.00000E+00 0.00000E+00 0.00000E+00 0.00000E+00 0.00000E+00 0.00000E+00
 1.26061E+00 3.84887E-02 7.20642E+00 1.26061E+00 3.84887E-02 6.26502E+00 0.00000E+00 0.00000E+00 0.00000E+00 0.00000E+00 0.00000E+00 0.00000E+00
 1.24195E+00 3.40583E-02 7.11731E+00 1.24195E+00 3.40583E-02 6.21519E+00 0.00000E+00 0.00000E+00 0.00000E+00 0.00000E+00 0.00000E+00 0.00000E+00
 1.22137E+00 3.01156E-02 7.01940E+00 1.22137E+00 3.01156E-02 6.15576E+00 0.00000E+00 0.00000E+00 0.00000E+00 0.00000E+00 0.00000E+00 0.00000E+00
 1.19911E+00 2.66086E-02 6.91343E+00 1.19911E+00 2.66086E-02 6.08740E+00 0.00000E+00 0.00000E+00 0.00000E+00 0.00000E+00 0.00000E+00 0.00000E+00
 1.17536E+00 2.34915E-02 6.80010E+00 1.17536E+00 2.34915E-02 6.01077E+00 0.00000E+00 0.00000E+00 0.00000E+00 0.00000E+00 0.00000E+00 0.00000E+00
 1.15032E+00 2.07233E-02 6.68009E+00 1.15032E+00 2.07233E-02 5.92651E+00 0.00000E+00 0.00000E+00 0.00000E+00 0.00000E+00 0.00000E+00 0.00000E+00
 1.12416E+00 1.82672E-02 6.55405E+00 1.12416E+00 1.82672E-02 5.83523E+00 0.00000E+00 0.00000E+00 0.00000E+00 0.00000E+00 0.00000E+00 0.00000E+00
 1.09706E+00 1.60900E-02 6.42262E+00 1.09706E+00 1.60900E-02 5.73756E+00 0.00000E+00 0.00000E+00 0.00000E+00 0.00000E+00 0.00000E+00 0.00000E+00
 1.06917E+00 1.41619E-02 6.28641E+00 1.06917E+00 1.41619E-02 5.63407E+00 0.00000E+00 0.00000E+00 0.00000E+00 0.00000E+00 0.00000E+00 0.00000E+00
 1.04063E+00 1.24563E-02 6.14599E+00 1.04063E+00 1.24563E-02 5.52530E+00 0.00000E+00 0.00000E+00 0.00000E+00 0.00000E+00 0.00000E+00 0.00000E+00
 1.01161E+00 1.09485E-02 6.00196E+00 1.01161E+00 1.09485E-02 5.41187E+00 0.00000E+00 0.00000E+00 0.00000E+00 0.00000E+00 0.00000E+00 0.00000E+00
 1.16481E+00 2.01186E-01 6.21614E+00 1.16481E+00 2.01186E-01 4.95956E+00 0.00000E+00 0.00000E+00 0.00000E+00 0.00000E+00 0.00000E+00 0.00000E+00
 1.19680E+00 1.75998E-01 6.37682E+00 1.19680E+00 1.75998E-01 5.15737E+00 0.00000E+00 0.00000E+00 0.00000E+00 0.00000E+00 0.00000E+00 0.00000E+00
 1.22320E+00 1.53838E-01 6.50281E+00 1.22320E+00 1.53838E-01 5.32082E+00 0.00000E+00 0.00000E+00 0.00000E+00 0.00000E+00 0.00000E+00 0.00000E+00
 1.24290E+00 1.34481E-01 6.59812E+00 1.24290E+00 1.34481E-01 5.45377E+00 0.00000E+00 0.00000E+00 0.00000E+00 0.00000E+00 0.00000E+00 0.00000E+00
 1.25680E+00 1.17687E-01 6.66622E+00 1.25680E+00 1.17687E-01 5.55943E+00 0.00000E+00 0.00000E+00 0.00000E+00 0.00000E+00 0.00000E+00 0.00000E+00
 1.26552E+00 1.03182E-01 6.71005E+00 1.26552E+00 1.03182E-01 5.64049E+00 0.00000E+00 0.00000E+00 0.00000E+00 0.00000E+00 0.00000E+00 0.00000E+00
 1.26974E+00 9.06802E-02 6.73259E+00 1.26974E+00 9.06802E-02 5.69987E+00 0.00000E+00 0.00000E+00 0.00000E+00 0.00000E+00 0.00000E+00 0.00000E+00
 1.27038E+00 8.21992E-02 6.73736E+00 1.27038E+00 8.21992E-02 5.73287E+00 0.00000E+00 0.00000E+00 0.00000E+00 0.00000E+00 0.00000E+00 0.00000E+00
 1.26959E+00 7.99966E-02 6.73538E+00 1.26959E+00 7.99966E-02 5.73904E+00 0.00000E+00 0.00000E+00 0.00000E+00 0.00000E+00 0.00000E+00 0.00000E+00
 1.26557E+00 7.03566E-02 6.71684E+00 1.26557E+00 7.03566E-02 5.75906E+00 0.00000E+00 0.00000E+00 0.00000E+00 0.00000E+00 0.00000E+00 0.00000E+00
 1.25845E+00 6.19946E-02 6.68285E+00 1.25845E+00 6.19946E-02 5.76311E+00 0.00000E+00 0.00000E+00 0.00000E+00 0.00000E+00 0.00000E+00 0.00000E+00
 1.24814E+00 5.47066E-02 6.63513E+00 1.24814E+00 5.47066E-02 5.75287E+00 0.00000E+00 0.00000E+00 0.00000E+00 0.00000E+00 0.00000E+00 0.00000E+00
 1.23500E+00 4.83201E-02 6.57515E+00 1.23500E+00 4.83201E-02 5.72974E+00 0.00000E+00 0.00000E+00 0.00000E+00 0.00000E+00 0.00000E+00 0.00000E+00
 1.21931E+00 4.26975E-02 6.50413E+00 1.21931E+00 4.26975E-02 5.69487E+00 0.00000E+00 0.00000E+00 0.00000E+00 0.00000E+00 0.00000E+00 0.00000E+00
 1.20136E+00 3.77290E-02 6.42322E+00 1.20136E+00 3.77290E-02 5.64931E+00 0.00000E+00 0.00000E+00 0.00000E+00 0.00000E+00 0.00000E+00 0.00000E+00
 1.18143E+00 3.33276E-02 6.33339E+00 1.18143E+00 3.33276E-02 5.59403E+00 0.00000E+00 0.00000E+00 0.00000E+00 0.00000E+00 0.00000E+00 0.00000E+00
 1.15976E+00 2.94235E-02 6.23552E+00 1.15976E+00 2.94235E-02 5.52984E+00 0.00000E+00 0.00000E+00 0.00000E+00 0.00000E+00 0.00000E+00 0.00000E+00
 1.13655E+00 2.59592E-02 6.13038E+00 1.13655E+00 2.59592E-02 5.45749E+00 0.00000E+00 0.00000E+00 0.00000E+00 0.00000E+00 0.00000E+00 0.00000E+00
 1.11201E+00 2.28858E-02 6.01869E+00 1.11201E+00 2.28858E-02 5.37766E+00 0.00000E+00 0.00000E+00 0.00000E+00 0.00000E+00 0.00000E+00 0.00000E+00
 1.08633E+00 2.01609E-02 5.90115E+00 1.08633E+00 2.01609E-02 5.29102E+00 0.00000E+00 0.00000E+00 0.00000E+00 0.00000E+00 0.00000E+00 0.00000E+00
 1.05967E+00 1.77468E-02 5.77842E+00 1.05967E+00 1.77468E-02 5.19822E+00 0.00000E+00 0.00000E+00 0.00000E+00 0.00000E+00 0.00000E+00 0.00000E+00
 1.03222E+00 1.56099E-02 5.65111E+00 1.03222E+00 1.56099E-02 5.09985E+00 0.00000E+00 0.00000E+00 0.00000E+00 0.00000E+00 0.00000E+00 0.00000E+00
 1.00411E+00 1.37199E-02 5.51985E+00 1.00411E+00 1.37199E-02 4.99653E+00 0.00000E+00 0.00000E+00 0.00000E+00 0.00000E+00 0.00000E+00 0.00000E+00
 9.75490E-01 1.20499E-02 5.38519E+00 9.75490E-01 1.20499E-02 4.88883E+00 0.00000E+00 0.00000E+00 0.00000E+00 0.00000E+00 0.00000E+00 0.00000E+00
 9.46500E-01 1.05759E-02 5.24770E+00 9.46500E-01 1.05759E-02 4.77726E+00 0.00000E+00 0.00000E+00 0.00000E+00 0.00000E+00 0.00000E+00 0.00000E+00
 9.17263E-01 9.27571E-03 5.10792E+00 9.17263E-01 9.27571E-03 4.66241E+00 0.00000E+00 0.00000E+00 0.00000E+00 0.00000E+00 0.00000E+00 0.00000E+00
 1.15849E+00 1.89619E-01 5.67193E+00 1.15849E+00 1.89619E-01 4.62263E+00 0.00000E+00 0.00000E+00 0.00000E+00 0.00000E+00 0.00000E+00 0.00000E+00
 1.18453E+00 1.64525E-01 5.81174E+00 1.18453E+00 1.64525E-01 4.79892E+00 0.00000E+00 0.00000E+00 0.00000E+00 0.00000E+00 0.00000E+00 0.00000E+00
 1.20471E+00 1.42578E-01 5.91740E+00 1.20471E+00 1.42578E-01 4.94073E+00 0.00000E+00 0.00000E+00 0.00000E+00 0.00000E+00 0.00000E+00 0.00000E+00
 1.21833E+00 1.23558E-01 5.99288E+00 1.21833E+00 1.23558E-01 5.05196E+00 0.00000E+00 0.00000E+00 0.00000E+00 0.00000E+00 0.00000E+00 0.00000E+00
 1.22633E+00 1.07213E-01 6.04178E+00 1.22633E+00 1.07213E-01 5.13605E+00 0.00000E+00 0.00000E+00 0.00000E+00 0.00000E+00 0.00000E+00 0.00000E+00
 1.22940E+00 9.32509E-02 6.06722E+00 1.22940E+00 9.32509E-02 5.19594E+00 0.00000E+00 0.00000E+00 0.00000E+00 0.00000E+00 0.00000E+00 0.00000E+00
 1.22826E+00 8.13581E-02 6.07230E+00 1.22826E+00 8.13581E-02 5.23472E+00 0.00000E+00 0.00000E+00 0.00000E+00 0.00000E+00 0.00000E+00 0.00000E+00
 1.22493E+00 7.33760E-02 6.06424E+00 1.22493E+00 7.33760E-02 5.25227E+00 0.00000E+00 0.00000E+00 0.00000E+00 0.00000E+00 0.00000E+00 0.00000E+00
 1.22312E+00 7.13138E-02 6.05885E+00 1.22312E+00 7.13138E-02 5.25422E+00 0.00000E+00 0.00000E+00 0.00000E+00 0.00000E+00 0.00000E+00 0.00000E+00
 1.21410E+00 6.23591E-02 6.02468E+00 1.21410E+00 6.23591E-02 5.25456E+00 0.00000E+00 0.00000E+00 0.00000E+00 0.00000E+00 0.00000E+00 0.00000E+00
 1.20226E+00 5.46835E-02 5.97628E+00 1.20226E+00 5.46835E-02 5.23993E+00 0.00000E+00 0.00000E+00 0.00000E+00 0.00000E+00 0.00000E+00 0.00000E+00
 1.18762E+00 4.80609E-02 5.91544E+00 1.18762E+00 4.80609E-02 5.21210E+00 0.00000E+00 0.00000E+00 0.00000E+00 0.00000E+00 0.00000E+00 0.00000E+00
 1.17053E+00 4.23054E-02 5.84373E+00 1.17053E+00 4.23054E-02 5.17260E+00 0.00000E+00 0.00000E+00 0.00000E+00 0.00000E+00 0.00000E+00 0.00000E+00
 1.15128E+00 3.72718E-02 5.76243E+00 1.15128E+00 3.72718E-02 5.12264E+00 0.00000E+00 0.00000E+00 0.00000E+00 0.00000E+00 0.00000E+00 0.00000E+00
 1.13015E+00 3.28470E-02 5.67267E+00 1.13015E+00 3.28470E-02 5.06335E+00 0.00000E+00 0.00000E+00 0.00000E+00 0.00000E+00 0.00000E+00 0.00000E+00
 1.10740E+00 2.89433E-02 5.57545E+00 1.10740E+00 2.89433E-02 4.99571E+00 0.00000E+00 0.00000E+00 0.00000E+00 0.00000E+00 0.00000E+00 0.00000E+00
 1.08326E+00 2.54924E-02 5.47162E+00 1.08326E+00 2.54924E-02 4.92054E+00 0.00000E+00 0.00000E+00 0.00000E+00 0.00000E+00 0.00000E+00 0.00000E+00
 1.05791E+00 2.24394E-02 5.36195E+00 1.05791E+00 2.24394E-02 4.83860E+00 0.00000E+00 0.00000E+00 0.00000E+00 0.00000E+00 0.00000E+00 0.00000E+00
 1.03156E+00 1.97380E-02 5.24714E+00 1.03156E+00 1.97380E-02 4.75057E+00 0.00000E+00 0.00000E+00 0.00000E+00 0.00000E+00 0.00000E+00 0.00000E+00
 1.00437E+00 1.73490E-02 5.12785E+00 1.00437E+00 1.73490E-02 4.65711E+00 0.00000E+00 0.00000E+00 0.00000E+00 0.00000E+00 0.00000E+00 0.00000E+00
 9.76510E-01 1.52375E-02 5.00472E+00 9.76510E-01 1.52375E-02 4.55885E+00 0.00000E+00 0.00000E+00 0.00000E+00 0.00000E+00 0.00000E+00 0.00000E+00
 9.48120E-01 1.33729E-02 4.87833E+00 9.48120E-01 1.33729E-02 4.45639E+00 0.00000E+00 0.00000E+00 0.00000E+00 0.00000E+00 0.00000E+00 0.00000E+00
 9.19343E-01 1.17277E-02 4.74924E+00 9.19343E-01 1.17277E-02 4.35028E+00 0.00000E+00 0.00000E+00 0.00000E+00 0.00000E+00 0.00000E+00 0.00000E+00
 8.90308E-01 1.02771E-02 4.61801E+00 8.90308E-01 1.02771E-02 4.24109E+00 0.00000E+00 0.00000E+00 0.00000E+00 0.00000E+00 0.00000E+00 0.00000E+00
 8.61137E-01 8.99980E-03 4.48512E+00 8.61137E-01 8.99980E-03 4.12930E+00 0.00000E+00 0.00000E+00 0.00000E+00 0.00000E+00 0.00000E+00 0.00000E+00
 8.31940E-01 7.87563E-03 4.35109E+00 8.31940E-01 7.87563E-03 4.01544E+00 0.00000E+00 0.00000E+00 0.00000E+00 0.00000E+00 0.00000E+00 0.00000E+00
 1.14755E+00 1.80363E-01 5.18646E+00 1.14755E+00 1.80363E-01 4.31146E+00 0.00000E+00 0.00000E+00 0.00000E+00 0.00000E+00 0.00000E+00 0.00000E+00
 1.16835E+00 1.55143E-01 5.30782E+00 1.16835E+00 1.55143E-01 4.46800E+00 0.00000E+00 0.00000E+00 0.00000E+00 0.00000E+00 0.00000E+00 0.00000E+00
 1.18307E+00 1.33213E-01 5.39556E+00 1.18307E+00 1.33213E-01 4.59004E+00 0.00000E+00 0.00000E+00 0.00000E+00 0.00000E+00 0.00000E+00 0.00000E+00
 1.19135E+00 1.14352E-01 5.45364E+00 1.19135E+00 1.14352E-01 4.68156E+00 0.00000E+00 0.00000E+00 0.00000E+00 0.00000E+00 0.00000E+00 0.00000E+00
 1.19416E+00 9.83008E-02 5.48576E+00 1.19416E+00 9.83008E-02 4.74620E+00 0.00000E+00 0.00000E+00 0.00000E+00 0.00000E+00 0.00000E+00 0.00000E+00
 1.19227E+00 8.47448E-02 5.49524E+00 1.19227E+00 8.47448E-02 4.78716E+00 0.00000E+00 0.00000E+00 0.00000E+00 0.00000E+00 0.00000E+00 0.00000E+00
 1.18643E+00 7.33398E-02 5.48533E+00 1.18643E+00 7.33398E-02 4.80772E+00 0.00000E+00 0.00000E+00 0.00000E+00 0.00000E+00 0.00000E+00 0.00000E+00
 1.17964E+00 6.57715E-02 5.46634E+00 1.17964E+00 6.57715E-02 4.81170E+00 0.00000E+00 0.00000E+00 0.00000E+00 0.00000E+00 0.00000E+00 0.00000E+00
 1.17693E+00 6.38267E-02 5.45809E+00 1.17693E+00 6.38267E-02 4.80997E+00 0.00000E+00 0.00000E+00 0.00000E+00 0.00000E+00 0.00000E+00 0.00000E+00
 1.16356E+00 5.54527E-02 5.41087E+00 1.16356E+00 5.54527E-02 4.79333E+00 0.00000E+00 0.00000E+00 0.00000E+00 0.00000E+00 0.00000E+00 0.00000E+00
 1.14764E+00 4.83680E-02 5.35064E+00 1.14764E+00 4.83680E-02 4.76277E+00 0.00000E+00 0.00000E+00 0.00000E+00 0.00000E+00 0.00000E+00 0.00000E+00
 1.12928E+00 4.23232E-02 5.27928E+00 1.12928E+00 4.23232E-02 4.72019E+00 0.00000E+00 0.00000E+00 0.00000E+00 0.00000E+00 0.00000E+00 0.00000E+00
 1.10882E+00 3.71180E-02 5.19841E+00 1.10882E+00 3.71180E-02 4.66719E+00 0.00000E+00 0.00000E+00 0.00000E+00 0.00000E+00 0.00000E+00 0.00000E+00
 1.08655E+00 3.25987E-02 5.10933E+00 1.08655E+00 3.25987E-02 4.60506E+00 0.00000E+00 0.00000E+00 0.00000E+00 0.00000E+00 0.00000E+00 0.00000E+00
 1.06275E+00 2.86484E-02 5.01320E+00 1.06275E+00 2.86484E-02 4.53494E+00 0.00000E+00 0.00000E+00 0.00000E+00 0.00000E+00 0.00000E+00 0.00000E+00
 1.03767E+00 2.51788E-02 4.91098E+00 1.03767E+00 2.51788E-02 4.45782E+00 0.00000E+00 0.00000E+00 0.00000E+00 0.00000E+00 0.00000E+00 0.00000E+00
 1.01152E+00 2.21226E-02 4.80352E+00 1.01152E+00 2.21226E-02 4.37452E+00 0.00000E+00 0.00000E+00 0.00000E+00 0.00000E+00 0.00000E+00 0.00000E+00
 9.84469E-01 1.94269E-02 4.69154E+00 9.84469E-01 1.94269E-02 4.28579E+00 0.00000E+00 0.00000E+00 0.00000E+00 0.00000E+00 0.00000E+00 0.00000E+00
 9.56706E-01 1.70484E-02 4.57572E+00 9.56706E-01 1.70484E-02 4.19230E+00 0.00000E+00 0.00000E+00 0.00000E+00 0.00000E+00 0.00000E+00 0.00000E+00
 9.28388E-01 1.49502E-02 4.45669E+00 9.28388E-01 1.49502E-02 4.09467E+00 0.00000E+00 0.00000E+00 0.00000E+00 0.00000E+00 0.00000E+00 0.00000E+00
 8.99661E-01 1.31004E-02 4.33503E+00 8.99661E-01 1.31004E-02 3.99352E+00 0.00000E+00 0.00000E+00 0.00000E+00 0.00000E+00 0.00000E+00 0.00000E+00
 8.70660E-01 1.14707E-02 4.21129E+00 8.70660E-01 1.14707E-02 3.88940E+00 0.00000E+00 0.00000E+00 0.00000E+00 0.00000E+00 0.00000E+00 0.00000E+00
 8.41510E-01 1.00362E-02 4.08598E+00 8.41510E-01 1.00362E-02 3.78283E+00 0.00000E+00 0.00000E+00 0.00000E+00 0.00000E+00 0.00000E+00 0.00000E+00
 8.12326E-01 8.77447E-03 3.95960E+00 8.12326E-01 8.77447E-03 3.67433E+00 0.00000E+00 0.00000E+00 0.00000E+00 0.00000E+00 0.00000E+00 0.00000E+00
 7.83219E-01 7.66597E-03 3.83260E+00 7.83219E-01 7.66597E-03 3.56436E+00 0.00000E+00 0.00000E+00 0.00000E+00 0.00000E+00 0.00000E+00 0.00000E+00
 7.54282E-01 6.69268E-03 3.70542E+00 7.54282E-01 6.69268E-03 3.45339E+00 0.00000E+00 0.00000E+00 0.00000E+00 0.00000E+00 0.00000E+00 0.00000E+00
 1.13293E+00 1.73107E-01 4.75688E+00 1.13293E+00 1.73107E-01 4.02803E+00 0.00000E+00 0.00000E+00 0.00000E+00 0.00000E+00 0.00000E+00 0.00000E+00
 1.14921E+00 1.47563E-01 4.86184E+00 1.14921E+00 1.47563E-01 4.16636E+00 0.00000E+00 0.00000E+00 0.00000E+00 0.00000E+00 0.00000E+00 0.00000E+00
 1.15920E+00 1.25468E-01 4.93367E+00 1.15920E+00 1.25468E-01 4.27029E+00 0.00000E+00 0.00000E+00 0.00000E+00 0.00000E+00 0.00000E+00 0.00000E+00
 1.16280E+00 1.06610E-01 4.97635E+00 1.16280E+00 1.06610E-01 4.34388E+00 0.00000E+00 0.00000E+00 0.00000E+00 0.00000E+00 0.00000E+00 0.00000E+00
 1.16106E+00 9.07153E-02 4.99371E+00 1.16106E+00 9.07153E-02 4.39095E+00 0.00000E+00 0.00000E+00 0.00000E+00 0.00000E+00 0.00000E+00 0.00000E+00
 1.15480E+00 7.74459E-02 4.98927E+00 1.15480E+00 7.74459E-02 4.41495E+00 0.00000E+00 0.00000E+00 0.00000E+00 0.00000E+00 0.00000E+00 0.00000E+00
 1.14480E+00 6.64239E-02 4.96639E+00 1.14480E+00 6.64239E-02 4.41934E+00 0.00000E+00 0.00000E+00 0.00000E+00 0.00000E+00 0.00000E+00 0.00000E+00
 1.13496E+00 5.91964E-02 4.93806E+00 1.13496E+00 5.91964E-02 4.41141E+00 0.00000E+00 0.00000E+00 0.00000E+00 0.00000E+00 0.00000E+00 0.00000E+00
 1.13146E+00 5.73493E-02 4.92740E+00 1.13146E+00 5.73493E-02 4.40649E+00 0.00000E+00 0.00000E+00 0.00000E+00 0.00000E+00 0.00000E+00 0.00000E+00
 1.11427E+00 4.94671E-02 4.86925E+00 1.11427E+00 4.94671E-02 4.37519E+00 0.00000E+00 0.00000E+00 0.00000E+00 0.00000E+00 0.00000E+00 0.00000E+00
 1.09479E+00 4.28922E-02 4.79933E+00 1.09479E+00 4.28922E-02 4.33110E+00 0.00000E+00 0.00000E+00 0.00000E+00 0.00000E+00 0.00000E+00 0.00000E+00
 1.07320E+00 3.73508E-02 4.71956E+00 1.07320E+00 3.73508E-02 4.27621E+00 0.00000E+00 0.00000E+00 0.00000E+00 0.00000E+00 0.00000E+00 0.00000E+00
 1.04983E+00 3.26270E-02 4.63160E+00 1.04983E+00 3.26270E-02 4.21218E+00 0.00000E+00 0.00000E+00 0.00000E+00 0.00000E+00 0.00000E+00 0.00000E+00
 1.02500E+00 2.85586E-02 4.53679E+00 1.02500E+00 2.85586E-02 4.14034E+00 0.00000E+00 0.00000E+00 0.00000E+00 0.00000E+00 0.00000E+00 0.00000E+00
 9.98953E-01 2.50243E-02 4.43626E+00 9.98953E-01 2.50243E-02 4.06184E+00 0.00000E+00 0.00000E+00 0.00000E+00 0.00000E+00 0.00000E+00 0.00000E+00
 9.71936E-01 2.19346E-02 4.33095E+00 9.71936E-01 2.19346E-02 3.97766E+00 0.00000E+00 0.00000E+00 0.00000E+00 0.00000E+00 0.00000E+00 0.00000E+00
 9.44139E-01 1.92235E-02 4.22165E+00 9.44139E-01 1.92235E-02 3.88859E+00 0.00000E+00 0.00000E+00 0.00000E+00 0.00000E+00 0.00000E+00 0.00000E+00
 9.15741E-01 1.68398E-02 4.10908E+00 9.15741E-01 1.68398E-02 3.79536E+00 0.00000E+00 0.00000E+00 0.00000E+00 0.00000E+00 0.00000E+00 0.00000E+00
 8.86899E-01 1.47424E-02 3.99385E+00 8.86899E-01 1.47424E-02 3.69861E+00 0.00000E+00 0.00000E+00 0.00000E+00 0.00000E+00 0.00000E+00 0.00000E+00
 8.57761E-01 1.28970E-02 3.87656E+00 8.57761E-01 1.28970E-02 3.59894E+00 0.00000E+00 0.00000E+00 0.00000E+00 0.00000E+00 0.00000E+00 0.00000E+00
 8.28458E-01 1.12743E-02 3.75773E+00 8.28458E-01 1.12743E-02 3.49689E+00 0.00000E+00 0.00000E+00 0.00000E+00 0.00000E+00 0.00000E+00 0.00000E+00
 7.99112E-01 9.84818E-03 3.63787E+00 7.99112E-01 9.84818E-03 3.39300E+00 0.00000E+00 0.00000E+00 0.00000E+00 0.00000E+00 0.00000E+00 0.00000E+00
 7.69834E-01 8.59589E-03 3.51742E+00 7.69834E-01 8.59589E-03 3.28773E+00 0.00000E+00 0.00000E+00 0.00000E+00 0.00000E+00 0.00000E+00 0.00000E+00
 7.40725E-01 7.49710E-03 3.39683E+00 7.40725E-01 7.49710E-03 3.18155E+00 0.00000E+00 0.00000E+00 0.00000E+00 0.00000E+00 0.00000E+00 0.00000E+00
 7.11883E-01 6.53411E-03 3.27651E+00 7.11883E-01 6.53411E-03 3.07489E+00 0.00000E+00 0.00000E+00 0.00000E+00 0.00000E+00 0.00000E+00 0.00000E+00
 6.83388E-01 5.69061E-03 3.15683E+00 6.83388E-01 5.69061E-03 2.96813E+00 0.00000E+00 0.00000E+00 0.00000E+00 0.00000E+00 0.00000E+00 0.00000E+00
 1.11313E+00 1.67204E-01 4.36794E+00 1.11313E+00 1.67204E-01 3.76282E+00 0.00000E+00 0.00000E+00 0.00000E+00 0.00000E+00 0.00000E+00 0.00000E+00
 1.12557E+00 1.41208E-01 4.45778E+00 1.12557E+00 1.41208E-01 3.88388E+00 0.00000E+00 0.00000E+00 0.00000E+00 0.00000E+00 0.00000E+00 0.00000E+00
 1.13150E+00 1.18839E-01 4.51510E+00 1.13150E+00 1.18839E-01 3.97083E+00 0.00000E+00 0.00000E+00 0.00000E+00 0.00000E+00 0.00000E+00 0.00000E+00
 1.13104E+00 9.98877E-02 4.54387E+00 1.13104E+00 9.98877E-02 4.02781E+00 0.00000E+00 0.00000E+00 0.00000E+00 0.00000E+00 0.00000E+00 0.00000E+00
 1.12531E+00 8.40678E-02 4.54807E+00 1.12531E+00 8.40678E-02 4.05881E+00 0.00000E+00 0.00000E+00 0.00000E+00 0.00000E+00 0.00000E+00 0.00000E+00
 1.11522E+00 7.10123E-02 4.53137E+00 1.11522E+00 7.10123E-02 4.06753E+00 0.00000E+00 0.00000E+00 0.00000E+00 0.00000E+00 0.00000E+00 0.00000E+00
 1.10158E+00 6.03081E-02 4.49728E+00 1.10158E+00 6.03081E-02 4.05756E+00 0.00000E+00 0.00000E+00 0.00000E+00 0.00000E+00 0.00000E+00 0.00000E+00
 1.08906E+00 5.33751E-02 4.46101E+00 1.08906E+00 5.33751E-02 4.03919E+00 0.00000E+00 0.00000E+00 0.00000E+00 0.00000E+00 0.00000E+00 0.00000E+00
 1.08487E+00 5.16131E-02 4.44832E+00 1.08487E+00 5.16131E-02 4.03152E+00 0.00000E+00 0.00000E+00 0.00000E+00 0.00000E+00 0.00000E+00 0.00000E+00
 1.06435E+00 4.41645E-02 4.38118E+00 1.06435E+00 4.41645E-02 3.98769E+00 0.00000E+00 0.00000E+00 0.00000E+00 0.00000E+00 0.00000E+00 0.00000E+00
 1.04180E+00 3.80445E-02 4.30351E+00 1.04180E+00 3.80445E-02 3.93229E+00 0.00000E+00 0.00000E+00 0.00000E+00 0.00000E+00 0.00000E+00 0.00000E+00
 1.01744E+00 3.29545E-02 4.21730E+00 1.01744E+00 3.29545E-02 3.86736E+00 0.00000E+00 0.00000E+00 0.00000E+00 0.00000E+00 0.00000E+00 0.00000E+00
 9.91618E-01 2.86634E-02 4.12421E+00 9.91618E-01 2.86634E-02 3.79459E+00 0.00000E+00 0.00000E+00 0.00000E+00 0.00000E+00 0.00000E+00 0.00000E+00
 9.64643E-01 2.49998E-02 4.02557E+00 9.64643E-01 2.49998E-02 3.71535E+00 0.00000E+00 0.00000E+00 0.00000E+00 0.00000E+00 0.00000E+00 0.00000E+00
 9.36769E-01 2.18384E-02 3.92249E+00 9.36769E-01 2.18384E-02 3.63075E+00 0.00000E+00 0.00000E+00 0.00000E+00 0.00000E+00 0.00000E+00 0.00000E+00
 9.08213E-01 1.90889E-02 3.81586E+00 9.08213E-01 1.90889E-02 3.54174E+00 0.00000E+00 0.00000E+00 0.00000E+00 0.00000E+00 0.00000E+00 0.00000E+00
 8.79160E-01 1.66857E-02 3.70644E+00 8.79160E-01 1.66857E-02 3.44909E+00 0.00000E+00 0.00000E+00 0.00000E+00 0.00000E+00 0.00000E+00 0.00000E+00
 8.49773E-01 1.45798E-02 3.59487E+00 8.49773E-01 1.45798E-02 3.35347E+00 0.00000E+00 0.00000E+00 0.00000E+00 0.00000E+00 0.00000E+00 0.00000E+00
 8.20197E-01 1.27322E-02 3.48173E+00 8.20197E-01 1.27322E-02 3.25548E+00 0.00000E+00 0.00000E+00 0.00000E+00 0.00000E+00 0.00000E+00 0.00000E+00
 7.90564E-01 1.11110E-02 3.36756E+00 7.90564E-01 1.11110E-02 3.15568E+00 0.00000E+00 0.00000E+00 0.00000E+00 0.00000E+00 0.00000E+00 0.00000E+00
 7.60993E-01 9.68905E-03 3.25282E+00 7.60993E-01 9.68905E-03 3.05456E+00 0.00000E+00 0.00000E+00 0.00000E+00 0.00000E+00 0.00000E+00 0.00000E+00
 7.31591E-01 8.44258E-03 3.13796E+00 7.31591E-01 8.44258E-03 2.95259E+00 0.00000E+00 0.00000E+00 0.00000E+00 0.00000E+00 0.00000E+00 0.00000E+00
 7.02454E-01 7.35075E-03 3.02337E+00 7.02454E-01 7.35075E-03 2.85019E+00 0.00000E+00 0.00000E+00 0.00000E+00 0.00000E+00 0.00000E+00 0.00000E+00
 6.73669E-01 6.39514E-03 2.90943E+00 6.73669E-01 6.39514E-03 2.74776E+00 0.00000E+00 0.00000E+00 0.00000E+00 0.00000E+00 0.00000E+00 0.00000E+00
 6.45324E-01 5.55973E-03 2.79651E+00 6.45324E-01 5.55973E-03 2.64569E+00 0.00000E+00 0.00000E+00 0.00000E+00 0.00000E+00 0.00000E+00 0.00000E+00
 6.17481E-01 4.82979E-03 2.68489E+00 6.17481E-01 4.82979E-03 2.54430E+00 0.00000E+00 0.00000E+00 0.00000E+00 0.00000E+00 0.00000E+00 0.00000E+00
 1.08903E+00 1.62348E-01 4.01538E+00 1.08903E+00 1.62348E-01 3.51473E+00 0.00000E+00 0.00000E+00 0.00000E+00 0.00000E+00 0.00000E+00 0.00000E+00
 1.09820E+00 1.35814E-01 4.09102E+00 1.09820E+00 1.35814E-01 3.61920E+00 0.00000E+00 0.00000E+00 0.00000E+00 0.00000E+00 0.00000E+00 0.00000E+00
 1.10061E+00 1.13095E-01 4.13485E+00 1.10061E+00 1.13095E-01 3.69009E+00 0.00000E+00 0.00000E+00 0.00000E+00 0.00000E+00 0.00000E+00 0.00000E+00
 1.09661E+00 9.39868E-02 4.15090E+00 1.09661E+00 9.39868E-02 3.73158E+00 0.00000E+00 0.00000E+00 0.00000E+00 0.00000E+00 0.00000E+00 0.00000E+00
 1.08737E+00 7.81856E-02 4.14325E+00 1.08737E+00 7.81856E-02 3.74787E+00 0.00000E+00 0.00000E+00 0.00000E+00 0.00000E+00 0.00000E+00 0.00000E+00
 1.07389E+00 6.52939E-02 4.11575E+00 1.07389E+00 6.52939E-02 3.74282E+00 0.00000E+00 0.00000E+00 0.00000E+00 0.00000E+00 0.00000E+00 0.00000E+00
 1.05704E+00 5.48614E-02 4.07198E+00 1.05704E+00 5.48614E-02 3.72017E+00 0.00000E+00 0.00000E+00 0.00000E+00 0.00000E+00 0.00000E+00 0.00000E+00
 1.04217E+00 4.81887E-02 4.02900E+00 1.04217E+00 4.81887E-02 3.69274E+00 0.00000E+00 0.00000E+00 0.00000E+00 0.00000E+00 0.00000E+00 0.00000E+00
 1.03737E+00 4.65024E-02 4.01465E+00 1.03737E+00 4.65024E-02 3.68272E+00 0.00000E+00 0.00000E+00 0.00000E+00 0.00000E+00 0.00000E+00 0.00000E+00
 1.01396E+00 3.94426E-02 3.94022E+00 1.01396E+00 3.94426E-02 3.62834E+00 0.00000E+00 0.00000E+00 0.00000E+00 0.00000E+00 0.00000E+00 0.00000E+00
 9.88768E-01 3.37336E-02 3.85656E+00 9.88768E-01 3.37336E-02 3.56368E+00 0.00000E+00 0.00000E+00 0.00000E+00 0.00000E+00 0.00000E+00 0.00000E+00
 9.62056E-01 2.90525E-02 3.76565E+00 9.62056E-01 2.90525E-02 3.49080E+00 0.00000E+00 0.00000E+00 0.00000E+00 0.00000E+00 0.00000E+00 0.00000E+00
 9.34191E-01 2.51530E-02 3.66915E+00 9.34191E-01 2.51530E-02 3.41140E+00 0.00000E+00 0.00000E+00 0.00000E+00 0.00000E+00 0.00000E+00 0.00000E+00
 9.05471E-01 2.18552E-02 3.56836E+00 9.05471E-01 2.18552E-02 3.32682E+00 0.00000E+00 0.00000E+00 0.00000E+00 0.00000E+00 0.00000E+00 0.00000E+00
 8.76145E-01 1.90300E-02 3.46434E+00 8.76145E-01 1.90300E-02 3.23817E+00 0.00000E+00 0.00000E+00 0.00000E+00 0.00000E+00 0.00000E+00 0.00000E+00
 8.46416E-01 1.65861E-02 3.35793E+00 8.46416E-01 1.65861E-02 3.14631E+00 0.00000E+00 0.00000E+00 0.00000E+00 0.00000E+00 0.00000E+00 0.00000E+00
 8.16456E-01 1.44590E-02 3.24981E+00 8.16456E-01 1.44590E-02 3.05197E+00 0.00000E+00 0.00000E+00 0.00000E+00 0.00000E+00 0.00000E+00 0.00000E+00
 7.86415E-01 1.26013E-02 3.14059E+00 7.86415E-01 1.26013E-02 2.95577E+00 0.00000E+00 0.00000E+00 0.00000E+00 0.00000E+00 0.00000E+00 0.00000E+00
 7.56422E-01 1.09764E-02 3.03077E+00 7.56422E-01 1.09764E-02 2.85826E+00 0.00000E+00 0.00000E+00 0.00000E+00 0.00000E+00 0.00000E+00 0.00000E+00
 7.26596E-01 9.55457E-03 2.92082E+00 7.26596E-01 9.55457E-03 2.75993E+00 0.00000E+00 0.00000E+00 0.00000E+00 0.00000E+00 0.00000E+00 0.00000E+00
 6.97039E-01 8.31070E-03 2.81115E+00 6.97039E-01 8.31070E-03 2.66122E+00 0.00000E+00 0.00000E+00 0.00000E+00 0.00000E+00 0.00000E+00 0.00000E+00
 6.67845E-01 7.22317E-03 2.70215E+00 6.67845E-01 7.22317E-03 2.56253E+00 0.00000E+00 0.00000E+00 0.00000E+00 0.00000E+00 0.00000E+00 0.00000E+00
 6.39095E-01 6.27300E-03 2.59414E+00 6.39095E-01 6.27300E-03 2.46422E+00 0.00000E+00 0.00000E+00 0.00000E+00 0.00000E+00 0.00000E+00 0.00000E+00
 6.10861E-01 5.44348E-03 2.48744E+00 6.10861E-01 5.44348E-03 2.36665E+00 0.00000E+00 0.00000E+00 0.00000E+00 0.00000E+00 0.00000E+00 0.00000E+00
 5.83219E-01 4.72017E-03 2.38236E+00 5.83219E-01 4.72017E-03 2.27012E+00 0.00000E+00 0.00000E+00 0.00000E+00 0.00000E+00 0.00000E+00 0.00000E+00
 5.56216E-01 4.08979E-03 2.27913E+00 5.56216E-01 4.08979E-03 2.17491E+00 0.00000E+00 0.00000E+00 0.00000E+00 0.00000E+00 0.00000E+00 0.00000E+00
 1.06285E+00 1.58457E-01 3.70154E+00 1.06285E+00 1.58457E-01 3.28760E+00 0.00000E+00 0.00000E+00 0.00000E+00 0.00000E+00 0.00000E+00 0.00000E+00
 1.06926E+00 1.31321E-01 3.76411E+00 1.06926E+00 1.31321E-01 3.37656E+00 0.00000E+00 0.00000E+00 0.00000E+00 0.00000E+00 0.00000E+00 0.00000E+00
 1.06866E+00 1.08196E-01 3.79571E+00 1.06866E+00 1.08196E-01 3.43262E+00 0.00000E+00 0.00000E+00 0.00000E+00 0.00000E+00 0.00000E+00 0.00000E+00
 1.06157E+00 8.88814E-02 3.80035E+00 1.06157E+00 8.88814E-02 3.46004E+00 0.00000E+00 0.00000E+00 0.00000E+00 0.00000E+00 0.00000E+00 0.00000E+00
 1.04925E+00 7.30534E-02 3.78225E+00 1.04925E+00 7.30534E-02 3.46313E+00 0.00000E+00 0.00000E+00 0.00000E+00 0.00000E+00 0.00000E+00 0.00000E+00
 1.03279E+00 6.02823E-02 3.74539E+00 1.03279E+00 6.02823E-02 3.44596E+00 0.00000E+00 0.00000E+00 0.00000E+00 0.00000E+00 0.00000E+00 0.00000E+00
 1.01311E+00 5.00789E-02 3.69343E+00 1.01311E+00 5.00789E-02 3.41236E+00 0.00000E+00 0.00000E+00 0.00000E+00 0.00000E+00 0.00000E+00 0.00000E+00
 9.96172E-01 4.36338E-02 3.64491E+00 9.96172E-01 4.36338E-02 3.37725E+00 0.00000E+00 0.00000E+00 0.00000E+00 0.00000E+00 0.00000E+00 0.00000E+00
 9.90852E-01 4.20141E-02 3.62922E+00 9.90852E-01 4.20141E-02 3.36527E+00 0.00000E+00 0.00000E+00 0.00000E+00 0.00000E+00 0.00000E+00 0.00000E+00
 9.64930E-01 3.52991E-02 3.54907E+00 9.64930E-01 3.52991E-02 3.30224E+00 0.00000E+00 0.00000E+00 0.00000E+00 0.00000E+00 0.00000E+00 0.00000E+00
 9.37471E-01 2.99568E-02 3.46095E+00 9.37471E-01 2.99568E-02 3.23022E+00 0.00000E+00 0.00000E+00 0.00000E+00 0.00000E+00 0.00000E+00 0.00000E+00
 9.08777E-01 2.56410E-02 3.36685E+00 9.08777E-01 2.56410E-02 3.15128E+00 0.00000E+00 0.00000E+00 0.00000E+00 0.00000E+00 0.00000E+00 0.00000E+00
 8.79219E-01 2.20909E-02 3.26837E+00 8.79219E-01 2.20909E-02 3.06710E+00 0.00000E+00 0.00000E+00 0.00000E+00 0.00000E+00 0.00000E+00 0.00000E+00
 8.49094E-01 1.91187E-02 3.16679E+00 8.49094E-01 1.91187E-02 2.97899E+00 0.00000E+00 0.00000E+00 0.00000E+00 0.00000E+00 0.00000E+00 0.00000E+00
 8.18641E-01 1.65918E-02 3.06309E+00 8.18641E-01 1.65918E-02 2.88799E+00 0.00000E+00 0.00000E+00 0.00000E+00 0.00000E+00 0.00000E+00 0.00000E+00
 7.88049E-01 1.44184E-02 2.95805E+00 7.88049E-01 1.44184E-02 2.79490E+00 0.00000E+00 0.00000E+00 0.00000E+00 0.00000E+00 0.00000E+00 0.00000E+00
 7.57476E-01 1.25349E-02 2.85229E+00 7.57476E-01 1.25349E-02 2.70040E+00 0.00000E+00 0.00000E+00 0.00000E+00 0.00000E+00 0.00000E+00 0.00000E+00
 7.27056E-01 1.08958E-02 2.74633E+00 7.27056E-01 1.08958E-02 2.60502E+00 0.00000E+00 0.00000E+00 0.00000E+00 0.00000E+00 0.00000E+00 0.00000E+00
 6.96904E-01 9.46629E-03 2.64063E+00 6.96904E-01 9.46629E-03 2.50927E+00 0.00000E+00 0.00000E+00 0.00000E+00 0.00000E+00 0.00000E+00 0.00000E+00
 6.67123E-01 8.21892E-03 2.53558E+00 6.67123E-01 8.21892E-03 2.41357E+00 0.00000E+00 0.00000E+00 0.00000E+00 0.00000E+00 0.00000E+00 0.00000E+00
 6.37801E-01 7.13059E-03 2.43154E+00 6.37801E-01 7.13059E-03 2.31828E+00 0.00000E+00 0.00000E+00 0.00000E+00 0.00000E+00 0.00000E+00 0.00000E+00
 6.09016E-01 6.18152E-03 2.32881E+00 6.09016E-01 6.18152E-03 2.22377E+00 0.00000E+00 0.00000E+00 0.00000E+00 0.00000E+00 0.00000E+00 0.00000E+00
 5.80834E-01 5.35446E-03 2.22767E+00 5.80834E-01 5.35446E-03 2.13032E+00 0.00000E+00 0.00000E+00 0.00000E+00 0.00000E+00 0.00000E+00 0.00000E+00
 5.53314E-01 4.63428E-03 2.12837E+00 5.53314E-01 4.63428E-03 2.03821E+00 0.00000E+00 0.00000E+00 0.00000E+00 0.00000E+00 0.00000E+00 0.00000E+00
 5.26516E-01 4.00794E-03 2.03116E+00 5.26516E-01 4.00794E-03 1.94772E+00 0.00000E+00 0.00000E+00 0.00000E+00 0.00000E+00 0.00000E+00 0.00000E+00
 5.00476E-01 3.46351E-03 1.93621E+00 5.00476E-01 3.46351E-03 1.85904E+00 0.00000E+00 0.00000E+00 0.00000E+00 0.00000E+00 0.00000E+00 0.00000E+00
 1.03262E+00 1.54983E-01 3.41003E+00 1.03262E+00 1.54983E-01 3.06988E+00 0.00000E+00 0.00000E+00 0.00000E+00 0.00000E+00 0.00000E+00 0.00000E+00
 1.03663E+00 1.27226E-01 3.45982E+00 1.03663E+00 1.27226E-01 3.14357E+00 0.00000E+00 0.00000E+00 0.00000E+00 0.00000E+00 0.00000E+00 0.00000E+00
 1.03335E+00 1.03690E-01 3.47968E+00 1.03335E+00 1.03690E-01 3.18534E+00 0.00000E+00 0.00000E+00 0.00000E+00 0.00000E+00 0.00000E+00 0.00000E+00
 1.02351E+00 8.41673E-02 3.47367E+00 1.02351E+00 8.41673E-02 3.19948E+00 0.00000E+00 0.00000E+00 0.00000E+00 0.00000E+00 0.00000E+00 0.00000E+00
 1.00844E+00 6.83130E-02 3.44605E+00 1.00844E+00 6.83130E-02 3.19043E+00 0.00000E+00 0.00000E+00 0.00000E+00 0.00000E+00 0.00000E+00 0.00000E+00
 9.89318E-01 5.56609E-02 3.40094E+00 9.89318E-01 5.56609E-02 3.16240E+00 0.00000E+00 0.00000E+00 0.00000E+00 0.00000E+00 0.00000E+00 0.00000E+00
 9.67135E-01 4.56806E-02 3.34202E+00 9.67135E-01 4.56806E-02 3.11925E+00 0.00000E+00 0.00000E+00 0.00000E+00 0.00000E+00 0.00000E+00 0.00000E+00
 9.48383E-01 3.94554E-02 3.28898E+00 9.48383E-01 3.94554E-02 3.07764E+00 0.00000E+00 0.00000E+00 0.00000E+00 0.00000E+00 0.00000E+00 0.00000E+00
 9.42604E-01 3.78997E-02 3.27224E+00 9.42604E-01 3.78997E-02 3.06405E+00 0.00000E+00 0.00000E+00 0.00000E+00 0.00000E+00 0.00000E+00 0.00000E+00
 9.14525E-01 3.15144E-02 3.18779E+00 9.14525E-01 3.15144E-02 2.99405E+00 0.00000E+00 0.00000E+00 0.00000E+00 0.00000E+00 0.00000E+00 0.00000E+00
 8.85158E-01 2.65194E-02 3.09668E+00 8.85158E-01 2.65194E-02 2.91642E+00 0.00000E+00 0.00000E+00 0.00000E+00 0.00000E+00 0.00000E+00 0.00000E+00
 8.54838E-01 2.25468E-02 3.00083E+00 8.54838E-01 2.25468E-02 2.83319E+00 0.00000E+00 0.00000E+00 0.00000E+00 0.00000E+00 0.00000E+00 0.00000E+00
 8.23942E-01 1.93229E-02 2.90179E+00 8.23942E-01 1.93229E-02 2.74597E+00 0.00000E+00 0.00000E+00 0.00000E+00 0.00000E+00 0.00000E+00 0.00000E+00
 7.92761E-01 1.66528E-02 2.80078E+00 7.92761E-01 1.66528E-02 2.65602E+00 0.00000E+00 0.00000E+00 0.00000E+00 0.00000E+00 0.00000E+00 0.00000E+00
 7.61522E-01 1.44013E-02 2.69869E+00 7.61522E-01 1.44013E-02 2.56429E+00 0.00000E+00 0.00000E+00 0.00000E+00 0.00000E+00 0.00000E+00 0.00000E+00
 7.30398E-01 1.24765E-02 2.59622E+00 7.30398E-01 1.24765E-02 2.47153E+00 0.00000E+00 0.00000E+00 0.00000E+00 0.00000E+00 0.00000E+00 0.00000E+00
 6.99531E-01 1.08160E-02 2.49392E+00 6.99531E-01 1.08160E-02 2.37831E+00 0.00000E+00 0.00000E+00 0.00000E+00 0.00000E+00 0.00000E+00 0.00000E+00
 6.69039E-01 9.37616E-03 2.39223E+00 6.69039E-01 9.37616E-03 2.28513E+00 0.00000E+00 0.00000E+00 0.00000E+00 0.00000E+00 0.00000E+00 0.00000E+00
 6.39020E-01 8.12441E-03 2.29153E+00 6.39020E-01 8.12441E-03 2.19239E+00 0.00000E+00 0.00000E+00 0.00000E+00 0.00000E+00 0.00000E+00 0.00000E+00
 6.09561E-01 7.03522E-03 2.19216E+00 6.09561E-01 7.03522E-03 2.10044E+00 0.00000E+00 0.00000E+00 0.00000E+00 0.00000E+00 0.00000E+00 0.00000E+00
 5.80734E-01 6.08748E-03 2.09440E+00 5.80734E-01 6.08748E-03 2.00962E+00 0.00000E+00 0.00000E+00 0.00000E+00 0.00000E+00 0.00000E+00 0.00000E+00
 5.52600E-01 5.26322E-03 1.99850E+00 5.52600E-01 5.26322E-03 1.92018E+00 0.00000E+00 0.00000E+00 0.00000E+00 0.00000E+00 0.00000E+00 0.00000E+00
 5.25211E-01 4.54682E-03 1.90467E+00 5.25211E-01 4.54682E-03 1.83237E+00 0.00000E+00 0.00000E+00 0.00000E+00 0.00000E+00 0.00000E+00 0.00000E+00
 4.98610E-01 3.92466E-03 1.81308E+00 4.98610E-01 3.92466E-03 1.74640E+00 0.00000E+00 0.00000E+00 0.00000E+00 0.00000E+00 0.00000E+00 0.00000E+00
 4.72846E-01 3.38503E-03 1.72396E+00 4.72846E-01 3.38503E-03 1.66249E+00 0.00000E+00 0.00000E+00 0.00000E+00 0.00000E+00 0.00000E+00 0.00000E+00
 4.47937E-01 2.91722E-03 1.63740E+00 4.47937E-01 2.91722E-03 1.58077E+00 0.00000E+00 0.00000E+00 0.00000E+00 0.00000E+00 0.00000E+00 0.00000E+00
 9.99538E-01 1.51756E-01 3.14214E+00 9.99538E-01 1.51756E-01 2.86359E+00 0.00000E+00 0.00000E+00 0.00000E+00 0.00000E+00 0.00000E+00 0.00000E+00
 1.00128E+00 1.23400E-01 3.17941E+00 1.00128E+00 1.23400E-01 2.92234E+00 0.00000E+00 0.00000E+00 0.00000E+00 0.00000E+00 0.00000E+00 0.00000E+00
 9.95548E-01 9.94816E-02 3.18806E+00 9.95548E-01 9.94816E-02 2.95045E+00 0.00000E+00 0.00000E+00 0.00000E+00 0.00000E+00 0.00000E+00 0.00000E+00
 9.83189E-01 7.97826E-02 3.17214E+00 9.83189E-01 7.97826E-02 2.95224E+00 0.00000E+00 0.00000E+00 0.00000E+00 0.00000E+00 0.00000E+00 0.00000E+00
 9.65632E-01 6.39270E-02 3.13599E+00 9.65632E-01 6.39270E-02 2.93223E+00 0.00000E+00 0.00000E+00 0.00000E+00 0.00000E+00 0.00000E+00 0.00000E+00
 9.44142E-01 5.14095E-02 3.08377E+00 9.44142E-01 5.14095E-02 2.89469E+00 0.00000E+00 0.00000E+00 0.00000E+00 0.00000E+00 0.00000E+00 0.00000E+00
 9.19770E-01 4.16582E-02 3.01916E+00 9.19770E-01 4.16582E-02 2.84351E+00 0.00000E+00 0.00000E+00 0.00000E+00 0.00000E+00 0.00000E+00 0.00000E+00
 8.99462E-01 3.56509E-02 2.96261E+00 8.99462E-01 3.56509E-02 2.79663E+00 0.00000E+00 0.00000E+00 0.00000E+00 0.00000E+00 0.00000E+00 0.00000E+00
 8.93296E-01 3.41581E-02 2.94512E+00 8.93296E-01 3.41581E-02 2.78178E+00 0.00000E+00 0.00000E+00 0.00000E+00 0.00000E+00 0.00000E+00 0.00000E+00
 8.63426E-01 2.80912E-02 2.85779E+00 8.63426E-01 2.80912E-02 2.70654E+00 0.00000E+00 0.00000E+00 0.00000E+00 0.00000E+00 0.00000E+00 0.00000E+00
 8.32526E-01 2.34257E-02 2.76509E+00 8.32526E-01 2.34257E-02 2.62504E+00 0.00000E+00 0.00000E+00 0.00000E+00 0.00000E+00 0.00000E+00 0.00000E+00
 8.00959E-01 1.97744E-02 2.66887E+00 8.00959E-01 1.97744E-02 2.53921E+00 0.00000E+00 0.00000E+00 0.00000E+00 0.00000E+00 0.00000E+00 0.00000E+00
 7.69096E-01 1.68524E-02 2.57060E+00 7.69096E-01 1.68524E-02 2.45061E+00 0.00000E+00 0.00000E+00 0.00000E+00 0.00000E+00 0.00000E+00 0.00000E+00
 7.37223E-01 1.44599E-02 2.47138E+00 7.37223E-01 1.44599E-02 2.36040E+00 0.00000E+00 0.00000E+00 0.00000E+00 0.00000E+00 0.00000E+00 0.00000E+00
 7.05550E-01 1.24597E-02 2.37203E+00 7.05550E-01 1.24597E-02 2.26943E+00 0.00000E+00 0.00000E+00 0.00000E+00 0.00000E+00 0.00000E+00 0.00000E+00
 6.74231E-01 1.07605E-02 2.27315E+00 6.74231E-01 1.07605E-02 2.17836E+00 0.00000E+00 0.00000E+00 0.00000E+00 0.00000E+00 0.00000E+00 0.00000E+00
 6.43390E-01 9.30164E-03 2.17520E+00 6.43390E-01 9.30164E-03 2.08769E+00 0.00000E+00 0.00000E+00 0.00000E+00 0.00000E+00 0.00000E+00 0.00000E+00
 6.13127E-01 8.04126E-03 2.07856E+00 6.13127E-01 8.04126E-03 1.99782E+00 0.00000E+00 0.00000E+00 0.00000E+00 0.00000E+00 0.00000E+00 0.00000E+00
 5.83524E-01 6.94897E-03 1.98353E+00 5.83524E-01 6.94897E-03 1.90909E+00 0.00000E+00 0.00000E+00 0.00000E+00 0.00000E+00 0.00000E+00 0.00000E+00
 5.54649E-01 6.00125E-03 1.89038E+00 5.54649E-01 6.00125E-03 1.82179E+00 0.00000E+00 0.00000E+00 0.00000E+00 0.00000E+00 0.00000E+00 0.00000E+00
 5.26558E-01 5.17887E-03 1.79931E+00 5.26558E-01 5.17887E-03 1.73617E+00 0.00000E+00 0.00000E+00 0.00000E+00 0.00000E+00 0.00000E+00 0.00000E+00
 4.99296E-01 4.46555E-03 1.71053E+00 4.99296E-01 4.46555E-03 1.65244E+00 0.00000E+00 0.00000E+00 0.00000E+00 0.00000E+00 0.00000E+00 0.00000E+00
 4.72900E-01 3.84725E-03 1.62418E+00 4.72900E-01 3.84725E-03 1.57077E+00 0.00000E+00 0.00000E+00 0.00000E+00 0.00000E+00 0.00000E+00 0.00000E+00
 4.47396E-01 3.31172E-03 1.54038E+00 4.47396E-01 3.31172E-03 1.49131E+00 0.00000E+00 0.00000E+00 0.00000E+00 0.00000E+00 0.00000E+00 0.00000E+00
 4.22823E-01 2.84850E-03 1.45930E+00 4.22823E-01 2.84850E-03 1.41424E+00 0.00000E+00 0.00000E+00 0.00000E+00 0.00000E+00 0.00000E+00 0.00000E+00
 3.99183E-01 2.44802E-03 1.38097E+00 3.99183E-01 2.44802E-03 1.33962E+00 0.00000E+00 0.00000E+00 0.00000E+00 0.00000E+00 0.00000E+00 0.00000E+00
 9.65178E-01 1.48807E-01 2.89754E+00 9.65178E-01 1.48807E-01 2.67013E+00 0.00000E+00 0.00000E+00 0.00000E+00 0.00000E+00 0.00000E+00 0.00000E+00
 9.64789E-01 1.19860E-01 2.92280E+00 9.64789E-01 1.19860E-01 2.71457E+00 0.00000E+00 0.00000E+00 0.00000E+00 0.00000E+00 0.00000E+00 0.00000E+00
 9.56765E-01 9.55802E-02 2.92094E+00 9.56765E-01 9.55802E-02 2.72987E+00 0.00000E+00 0.00000E+00 0.00000E+00 0.00000E+00 0.00000E+00 0.00000E+00
 9.42097E-01 7.57292E-02 2.89599E+00 9.42097E-01 7.57292E-02 2.72037E+00 0.00000E+00 0.00000E+00 0.00000E+00 0.00000E+00 0.00000E+00 0.00000E+00
 9.22289E-01 5.98929E-02 2.85231E+00 9.22289E-01 5.98929E-02 2.69061E+00 0.00000E+00 0.00000E+00 0.00000E+00 0.00000E+00 0.00000E+00 0.00000E+00
 8.98690E-01 4.75225E-02 2.79409E+00 8.98690E-01 4.75225E-02 2.64492E+00 0.00000E+00 0.00000E+00 0.00000E+00 0.00000E+00 0.00000E+00 0.00000E+00
 8.72405E-01 3.80033E-02 2.72495E+00 8.72405E-01 3.80033E-02 2.58713E+00 0.00000E+00 0.00000E+00 0.00000E+00 0.00000E+00 0.00000E+00 0.00000E+00
 8.50762E-01 3.22101E-02 2.66583E+00 8.50762E-01 3.22101E-02 2.53611E+00 0.00000E+00 0.00000E+00 0.00000E+00 0.00000E+00 0.00000E+00 0.00000E+00
 8.44271E-01 3.07786E-02 2.64784E+00 8.44271E-01 3.07786E-02 2.52033E+00 0.00000E+00 0.00000E+00 0.00000E+00 0.00000E+00 0.00000E+00 0.00000E+00
 8.12924E-01 2.50172E-02 2.55883E+00 8.12924E-01 2.50172E-02 2.44135E+00 0.00000E+00 0.00000E+00 0.00000E+00 0.00000E+00 0.00000E+00 0.00000E+00
 7.80813E-01 2.06618E-02 2.46573E+00 7.80813E-01 2.06618E-02 2.35746E+00 0.00000E+00 0.00000E+00 0.00000E+00 0.00000E+00 0.00000E+00 0.00000E+00
 7.48317E-01 1.73088E-02 2.37026E+00 7.48317E-01 1.73088E-02 2.27049E+00 0.00000E+00 0.00000E+00 0.00000E+00 0.00000E+00 0.00000E+00 0.00000E+00
 7.15800E-01 1.46643E-02 2.27377E+00 7.15800E-01 1.46643E-02 2.18185E+00 0.00000E+00 0.00000E+00 0.00000E+00 0.00000E+00 0.00000E+00 0.00000E+00
 6.83537E-01 1.25245E-02 2.17728E+00 6.83537E-01 1.25245E-02 2.09263E+00 0.00000E+00 0.00000E+00 0.00000E+00 0.00000E+00 0.00000E+00 0.00000E+00
 6.51717E-01 1.07517E-02 2.08149E+00 6.51717E-01 1.07517E-02 2.00357E+00 0.00000E+00 0.00000E+00 0.00000E+00 0.00000E+00 0.00000E+00 0.00000E+00
 6.20474E-01 9.25564E-03 1.98690E+00 6.20474E-01 9.25564E-03 1.91521E+00 0.00000E+00 0.00000E+00 0.00000E+00 0.00000E+00 0.00000E+00 0.00000E+00
 5.89913E-01 7.97737E-03 1.89389E+00 5.89913E-01 7.97737E-03 1.82799E+00 0.00000E+00 0.00000E+00 0.00000E+00 0.00000E+00 0.00000E+00 0.00000E+00
 5.60116E-01 6.87720E-03 1.80277E+00 5.60116E-01 6.87720E-03 1.74222E+00 0.00000E+00 0.00000E+00 0.00000E+00 0.00000E+00 0.00000E+00 0.00000E+00
 5.31146E-01 5.92679E-03 1.71377E+00 5.31146E-01 5.92679E-03 1.65817E+00 0.00000E+00 0.00000E+00 0.00000E+00 0.00000E+00 0.00000E+00 0.00000E+00
 5.03052E-01 5.10456E-03 1.62708E+00 5.03052E-01 5.10456E-03 1.57606E+00 0.00000E+00 0.00000E+00 0.00000E+00 0.00000E+00 0.00000E+00 0.00000E+00
 4.75874E-01 4.39305E-03 1.54285E+00 4.75874E-01 4.39305E-03 1.49607E+00 0.00000E+00 0.00000E+00 0.00000E+00 0.00000E+00 0.00000E+00 0.00000E+00
 4.49642E-01 3.77758E-03 1.46122E+00 4.49642E-01 3.77758E-03 1.41835E+00 0.00000E+00 0.00000E+00 0.00000E+00 0.00000E+00 0.00000E+00 0.00000E+00
 4.24374E-01 3.24554E-03 1.38228E+00 4.24374E-01 3.24554E-03 1.34302E+00 0.00000E+00 0.00000E+00 0.00000E+00 0.00000E+00 0.00000E+00 0.00000E+00
 4.00086E-01 2.78599E-03 1.30609E+00 4.00086E-01 2.78599E-03 1.27017E+00 0.00000E+00 0.00000E+00 0.00000E+00 0.00000E+00 0.00000E+00 0.00000E+00
 3.76801E-01 2.38959E-03 1.23278E+00 3.76801E-01 2.38959E-03 1.19992E+00 0.00000E+00 0.00000E+00 0.00000E+00 0.00000E+00 0.00000E+00 0.00000E+00
 3.54508E-01 2.04784E-03 1.16233E+00 3.54508E-01 2.04784E-03 1.13230E+00 0.00000E+00 0.00000E+00 0.00000E+00 0.00000E+00 0.00000E+00 0.00000E+00
 9.28519E-01 1.45803E-01 2.67000E+00 9.28519E-01 1.45803E-01 2.48513E+00 0.00000E+00 0.00000E+00 0.00000E+00 0.00000E+00 0.00000E+00 0.00000E+00
 9.25932E-01 1.16312E-01 2.68333E+00 9.25932E-01 1.16312E-01 2.51547E+00 0.00000E+00 0.00000E+00 0.00000E+00 0.00000E+00 0.00000E+00 0.00000E+00
 9.15662E-01 9.17364E-02 2.67131E+00 9.15662E-01 9.17364E-02 2.51850E+00 0.00000E+00 0.00000E+00 0.00000E+00 0.00000E+00 0.00000E+00 0.00000E+00
 8.98811E-01 7.17998E-02 2.63796E+00 8.98811E-01 7.17998E-02 2.49853E+00 0.00000E+00 0.00000E+00 0.00000E+00 0.00000E+00 0.00000E+00 0.00000E+00
 8.76949E-01 5.60403E-02 2.58762E+00 8.76949E-01 5.60403E-02 2.46010E+00 0.00000E+00 0.00000E+00 0.00000E+00 0.00000E+00 0.00000E+00 0.00000E+00
 8.51492E-01 4.38601E-02 2.52443E+00 8.51492E-01 4.38601E-02 2.40751E+00 0.00000E+00 0.00000E+00 0.00000E+00 0.00000E+00 0.00000E+00 0.00000E+00
 8.23584E-01 3.46000E-02 2.45189E+00 8.23584E-01 3.46000E-02 2.34448E+00 0.00000E+00 0.00000E+00 0.00000E+00 0.00000E+00 0.00000E+00 0.00000E+00
 8.00853E-01 2.90320E-02 2.39110E+00 8.00853E-01 2.90320E-02 2.29042E+00 0.00000E+00 0.00000E+00 0.00000E+00 0.00000E+00 0.00000E+00 0.00000E+00
 7.94108E-01 2.76638E-02 2.37287E+00 7.94108E-01 2.76638E-02 2.27401E+00 0.00000E+00 0.00000E+00 0.00000E+00 0.00000E+00 0.00000E+00 0.00000E+00
 7.61641E-01 2.22100E-02 2.28341E+00 7.61641E-01 2.22100E-02 2.19279E+00 0.00000E+00 0.00000E+00 0.00000E+00 0.00000E+00 0.00000E+00 0.00000E+00
 7.28688E-01 1.81568E-02 2.19111E+00 7.28688E-01 1.81568E-02 2.10800E+00 0.00000E+00 0.00000E+00 0.00000E+00 0.00000E+00 0.00000E+00 0.00000E+00
 6.95633E-01 1.50879E-02 2.09752E+00 6.95633E-01 1.50879E-02 2.02129E+00 0.00000E+00 0.00000E+00 0.00000E+00 0.00000E+00 0.00000E+00 0.00000E+00
 6.62826E-01 1.27035E-02 2.00387E+00 6.62826E-01 1.27035E-02 1.93396E+00 0.00000E+00 0.00000E+00 0.00000E+00 0.00000E+00 0.00000E+00 0.00000E+00
 6.30522E-01 1.07976E-02 1.91105E+00 6.30522E-01 1.07976E-02 1.84695E+00 0.00000E+00 0.00000E+00 0.00000E+00 0.00000E+00 0.00000E+00 0.00000E+00
 5.98889E-01 9.23354E-03 1.81966E+00 5.98889E-01 9.23354E-03 1.76090E+00 0.00000E+00 0.00000E+00 0.00000E+00 0.00000E+00 0.00000E+00 0.00000E+00
 5.68037E-01 7.92257E-03 1.73008E+00 5.68037E-01 7.92257E-03 1.67626E+00 0.00000E+00 0.00000E+00 0.00000E+00 0.00000E+00 0.00000E+00 0.00000E+00
 5.38052E-01 6.80808E-03 1.64262E+00 5.38052E-01 6.80808E-03 1.59334E+00 0.00000E+00 0.00000E+00 0.00000E+00 0.00000E+00 0.00000E+00 0.00000E+00
 5.08993E-01 5.85257E-03 1.55751E+00 5.08993E-01 5.85257E-03 1.51242E+00 0.00000E+00 0.00000E+00 0.00000E+00 0.00000E+00 0.00000E+00 0.00000E+00
 4.80905E-01 5.02981E-03 1.47491E+00 4.80905E-01 5.02981E-03 1.43367E+00 0.00000E+00 0.00000E+00 0.00000E+00 0.00000E+00 0.00000E+00 0.00000E+00
 4.53819E-01 4.32008E-03 1.39494E+00 4.53819E-01 4.32008E-03 1.35726E+00 0.00000E+00 0.00000E+00 0.00000E+00 0.00000E+00 0.00000E+00 0.00000E+00
 4.27759E-01 3.70764E-03 1.31771E+00 4.27759E-01 3.70764E-03 1.28329E+00 0.00000E+00 0.00000E+00 0.00000E+00 0.00000E+00 0.00000E+00 0.00000E+00
 4.02737E-01 3.17933E-03 1.24328E+00 4.02737E-01 3.17933E-03 1.21187E+00 0.00000E+00 0.00000E+00 0.00000E+00 0.00000E+00 0.00000E+00 0.00000E+00
 3.78759E-01 2.72388E-03 1.17170E+00 3.78759E-01 2.72388E-03 1.14305E+00 0.00000E+00 0.00000E+00 0.00000E+00 0.00000E+00 0.00000E+00 0.00000E+00
 3.55824E-01 2.33158E-03 1.10299E+00 3.55824E-01 2.33158E-03 1.07688E+00 0.00000E+00 0.00000E+00 0.00000E+00 0.00000E+00 0.00000E+00 0.00000E+00
 3.33944E-01 1.99415E-03 1.03723E+00 3.33944E-01 1.99415E-03 1.01344E+00 0.00000E+00 0.00000E+00 0.00000E+00 0.00000E+00 0.00000E+00 0.00000E+00
 3.13096E-01 1.70406E-03 9.74359E-01 3.13096E-01 1.70406E-03 9.52698E-01 0.00000E+00 0.00000E+00 0.00000E+00 0.00000E+00 0.00000E+00 0.00000E+00
 8.90427E-01 1.42693E-01 2.45823E+00 8.90427E-01 1.42693E-01 2.30861E+00 0.00000E+00 0.00000E+00 0.00000E+00 0.00000E+00 0.00000E+00 0.00000E+00
 8.85532E-01 1.12714E-01 2.45995E+00 8.85532E-01 1.12714E-01 2.32532E+00 0.00000E+00 0.00000E+00 0.00000E+00 0.00000E+00 0.00000E+00 0.00000E+00
 8.73025E-01 8.79167E-02 2.43834E+00 8.73025E-01 8.79167E-02 2.31680E+00 0.00000E+00 0.00000E+00 0.00000E+00 0.00000E+00 0.00000E+00 0.00000E+00
 8.54097E-01 6.79688E-02 2.39737E+00 8.54097E-01 6.79688E-02 2.28733E+00 0.00000E+00 0.00000E+00 0.00000E+00 0.00000E+00 0.00000E+00 0.00000E+00
 8.30363E-01 5.23493E-02 2.34130E+00 8.30363E-01 5.23493E-02 2.24138E+00 0.00000E+00 0.00000E+00 0.00000E+00 0.00000E+00 0.00000E+00 0.00000E+00
 8.03289E-01 4.04056E-02 2.27418E+00 8.03289E-01 4.04056E-02 2.18316E+00 0.00000E+00 0.00000E+00 0.00000E+00 0.00000E+00 0.00000E+00 0.00000E+00
 7.74039E-01 3.14335E-02 2.19933E+00 7.74039E-01 3.14335E-02 2.11621E+00 0.00000E+00 0.00000E+00 0.00000E+00 0.00000E+00 0.00000E+00 0.00000E+00
 7.50456E-01 2.61023E-02 2.13774E+00 7.50456E-01 2.61023E-02 2.06016E+00 0.00000E+00 0.00000E+00 0.00000E+00 0.00000E+00 0.00000E+00 0.00000E+00
 7.43523E-01 2.47995E-02 2.11949E+00 7.43523E-01 2.47995E-02 2.04340E+00 0.00000E+00 0.00000E+00 0.00000E+00 0.00000E+00 0.00000E+00 0.00000E+00
 7.10276E-01 1.96553E-02 2.03069E+00 7.10276E-01 1.96553E-02 1.96131E+00 0.00000E+00 0.00000E+00 0.00000E+00 0.00000E+00 0.00000E+00 0.00000E+00
 6.76828E-01 1.58963E-02 1.94023E+00 6.76828E-01 1.58963E-02 1.87691E+00 0.00000E+00 0.00000E+00 0.00000E+00 0.00000E+00 0.00000E+00 0.00000E+00
 6.43559E-01 1.30974E-02 1.84949E+00 6.43559E-01 1.30974E-02 1.79168E+00 0.00000E+00 0.00000E+00 0.00000E+00 0.00000E+00 0.00000E+00 0.00000E+00
 6.10793E-01 1.09556E-02 1.75953E+00 6.10793E-01 1.09556E-02 1.70676E+00 0.00000E+00 0.00000E+00 0.00000E+00 0.00000E+00 0.00000E+00 0.00000E+00
 5.78764E-01 9.26529E-03 1.67113E+00 5.78764E-01 9.26529E-03 1.62295E+00 0.00000E+00 0.00000E+00 0.00000E+00 0.00000E+00 0.00000E+00 0.00000E+00
 5.47615E-01 7.89157E-03 1.58476E+00 5.47615E-01 7.89157E-03 1.54079E+00 0.00000E+00 0.00000E+00 0.00000E+00 0.00000E+00 0.00000E+00 0.00000E+00
 5.17431E-01 6.74832E-03 1.50071E+00 5.17431E-01 6.74832E-03 1.46060E+00 0.00000E+00 0.00000E+00 0.00000E+00 0.00000E+00 0.00000E+00 0.00000E+00
 4.88273E-01 5.78144E-03 1.41920E+00 4.88273E-01 5.78144E-03 1.38263E+00 0.00000E+00 0.00000E+00 0.00000E+00 0.00000E+00 0.00000E+00 0.00000E+00
 4.60182E-01 4.95575E-03 1.34039E+00 4.60182E-01 4.95575E-03 1.30706E+00 0.00000E+00 0.00000E+00 0.00000E+00 0.00000E+00 0.00000E+00 0.00000E+00
 4.33183E-01 4.24709E-03 1.26436E+00 4.33183E-01 4.24709E-03 1.23401E+00 0.00000E+00 0.00000E+00 0.00000E+00 0.00000E+00 0.00000E+00 0.00000E+00
 4.07290E-01 3.63761E-03 1.19120E+00 4.07290E-01 3.63761E-03 1.16357E+00 0.00000E+00 0.00000E+00 0.00000E+00 0.00000E+00 0.00000E+00 0.00000E+00
 3.82508E-01 3.11316E-03 1.12094E+00 3.82508E-01 3.11316E-03 1.09581E+00 0.00000E+00 0.00000E+00 0.00000E+00 0.00000E+00 0.00000E+00 0.00000E+00
 3.58835E-01 2.66201E-03 1.05361E+00 3.58835E-01 2.66201E-03 1.03077E+00 0.00000E+00 0.00000E+00 0.00000E+00 0.00000E+00 0.00000E+00 0.00000E+00
 3.36263E-01 2.27418E-03 9.89203E-01 3.36263E-01 2.27418E-03 9.68451E-01 0.00000E+00 0.00000E+00 0.00000E+00 0.00000E+00 0.00000E+00 0.00000E+00
 3.14779E-01 1.94105E-03 9.27711E-01 3.14779E-01 1.94105E-03 9.08870E-01 0.00000E+00 0.00000E+00 0.00000E+00 0.00000E+00 0.00000E+00 0.00000E+00
 2.94381E-01 1.65534E-03 8.69153E-01 2.94381E-01 1.65534E-03 8.52055E-01 0.00000E+00 0.00000E+00 0.00000E+00 0.00000E+00 0.00000E+00 0.00000E+00
 2.75036E-01 1.41043E-03 8.13458E-01 2.75036E-01 1.41043E-03 7.97950E-01 0.00000E+00 0.00000E+00 0.00000E+00 0.00000E+00 0.00000E+00 0.00000E+00
 8.51886E-01 1.39576E-01 2.26357E+00 8.51886E-01 1.39576E-01 2.14286E+00 0.00000E+00 0.00000E+00 0.00000E+00 0.00000E+00 0.00000E+00 0.00000E+00
 8.44479E-01 1.09106E-01 2.25364E+00 8.44479E-01 1.09106E-01 2.14609E+00 0.00000E+00 0.00000E+00 0.00000E+00 0.00000E+00 0.00000E+00 0.00000E+00
 8.29645E-01 8.41368E-02 2.22264E+00 8.29645E-01 8.41368E-02 2.12644E+00 0.00000E+00 0.00000E+00 0.00000E+00 0.00000E+00 0.00000E+00 0.00000E+00
 8.08668E-01 6.42386E-02 2.17451E+00 8.08668E-01 6.42386E-02 2.08814E+00 0.00000E+00 0.00000E+00 0.00000E+00 0.00000E+00 0.00000E+00 0.00000E+00
 7.83185E-01 4.88149E-02 2.11337E+00 7.83185E-01 4.88149E-02 2.03555E+00 0.00000E+00 0.00000E+00 0.00000E+00 0.00000E+00 0.00000E+00 0.00000E+00
 7.54690E-01 3.71503E-02 2.04311E+00 7.54690E-01 3.71503E-02 1.97271E+00 0.00000E+00 0.00000E+00 0.00000E+00 0.00000E+00 0.00000E+00 0.00000E+00
 7.24347E-01 2.84928E-02 1.96683E+00 7.24347E-01 2.84928E-02 1.90294E+00 0.00000E+00 0.00000E+00 0.00000E+00 0.00000E+00 0.00000E+00 0.00000E+00
 7.00128E-01 2.34088E-02 1.90513E+00 7.00128E-01 2.34088E-02 1.84576E+00 0.00000E+00 0.00000E+00 0.00000E+00 0.00000E+00 0.00000E+00 0.00000E+00
 6.93070E-01 2.21733E-02 1.88706E+00 6.93070E-01 2.21733E-02 1.82890E+00 0.00000E+00 0.00000E+00 0.00000E+00 0.00000E+00 0.00000E+00 0.00000E+00
 6.59357E-01 1.73398E-02 1.79982E+00 6.59357E-01 1.73398E-02 1.74707E+00 0.00000E+00 0.00000E+00 0.00000E+00 0.00000E+00 0.00000E+00 0.00000E+00
 6.25738E-01 1.38665E-02 1.71204E+00 6.25738E-01 1.38665E-02 1.66415E+00 0.00000E+00 0.00000E+00 0.00000E+00 0.00000E+00 0.00000E+00 0.00000E+00
 5.92573E-01 1.13231E-02 1.62492E+00 5.92573E-01 1.13231E-02 1.58140E+00 0.00000E+00 0.00000E+00 0.00000E+00 0.00000E+00 0.00000E+00 0.00000E+00
 5.60154E-01 9.40666E-03 1.53933E+00 5.60154E-01 9.40666E-03 1.49979E+00 0.00000E+00 0.00000E+00 0.00000E+00 0.00000E+00 0.00000E+00 0.00000E+00
 5.28689E-01 7.91385E-03 1.45591E+00 5.28689E-01 7.91385E-03 1.41997E+00 0.00000E+00 0.00000E+00 0.00000E+00 0.00000E+00 0.00000E+00 0.00000E+00
 4.98291E-01 6.71276E-03 1.37501E+00 4.98291E-01 6.71276E-03 1.34235E+00 0.00000E+00 0.00000E+00 0.00000E+00 0.00000E+00 0.00000E+00 0.00000E+00
 4.69016E-01 5.72051E-03 1.29683E+00 4.69016E-01 5.72051E-03 1.26715E+00 0.00000E+00 0.00000E+00 0.00000E+00 0.00000E+00 0.00000E+00 0.00000E+00
 4.40905E-01 4.88577E-03 1.22150E+00 4.40905E-01 4.88577E-03 1.19456E+00 0.00000E+00 0.00000E+00 0.00000E+00 0.00000E+00 0.00000E+00 0.00000E+00
 4.13976E-01 4.17579E-03 1.14910E+00 4.13976E-01 4.17579E-03 1.12465E+00 0.00000E+00 0.00000E+00 0.00000E+00 0.00000E+00 0.00000E+00 0.00000E+00
 3.88237E-01 3.56848E-03 1.07969E+00 3.88237E-01 3.56848E-03 1.05751E+00 0.00000E+00 0.00000E+00 0.00000E+00 0.00000E+00 0.00000E+00 0.00000E+00
 3.63683E-01 3.04771E-03 1.01327E+00 3.63683E-01 3.04771E-03 9.93168E-01 0.00000E+00 0.00000E+00 0.00000E+00 0.00000E+00 0.00000E+00 0.00000E+00
 3.40304E-01 2.60089E-03 9.49842E-01 3.40304E-01 2.60089E-03 9.31629E-01 0.00000E+00 0.00000E+00 0.00000E+00 0.00000E+00 0.00000E+00 0.00000E+00
 3.18083E-01 2.21760E-03 8.89381E-01 3.18083E-01 2.21760E-03 8.72891E-01 0.00000E+00 0.00000E+00 0.00000E+00 0.00000E+00 0.00000E+00 0.00000E+00
 2.96999E-01 1.88904E-03 8.31852E-01 2.96999E-01 1.88904E-03 8.16930E-01 0.00000E+00 0.00000E+00 0.00000E+00 0.00000E+00 0.00000E+00 0.00000E+00
 2.77027E-01 1.60764E-03 7.77207E-01 2.77027E-01 1.60764E-03 7.63712E-01 0.00000E+00 0.00000E+00 0.00000E+00 0.00000E+00 0.00000E+00 0.00000E+00
 2.58155E-01 1.36699E-03 7.25434E-01 2.58155E-01 1.36699E-03 7.13235E-01 0.00000E+00 0.00000E+00 0.00000E+00 0.00000E+00 0.00000E+00 0.00000E+00
 2.40339E-01 1.16130E-03 6.76434E-01 2.40339E-01 1.16130E-03 6.65413E-01 0.00000E+00 0.00000E+00 0.00000E+00 0.00000E+00 0.00000E+00 0.00000E+00
 8.12853E-01 1.36280E-01 2.08281E+00 8.12853E-01 1.36280E-01 1.98581E+00 0.00000E+00 0.00000E+00 0.00000E+00 0.00000E+00 0.00000E+00 0.00000E+00
 8.02641E-01 1.05352E-01 2.06128E+00 8.02641E-01 1.05352E-01 1.97577E+00 0.00000E+00 0.00000E+00 0.00000E+00 0.00000E+00 0.00000E+00 0.00000E+00
 7.85326E-01 8.02891E-02 2.02127E+00 7.85326E-01 8.02891E-02 1.94555E+00 0.00000E+00 0.00000E+00 0.00000E+00 0.00000E+00 0.00000E+00 0.00000E+00
 7.62289E-01 6.05249E-02 1.96657E+00 7.62289E-01 6.05249E-02 1.89922E+00 0.00000E+00 0.00000E+00 0.00000E+00 0.00000E+00 0.00000E+00 0.00000E+00
 7.35164E-01 4.53710E-02 1.90113E+00 7.35164E-01 4.53710E-02 1.84094E+00 0.00000E+00 0.00000E+00 0.00000E+00 0.00000E+00 0.00000E+00 0.00000E+00
 7.05441E-01 3.40410E-02 1.82859E+00 7.05441E-01 3.40410E-02 1.77454E+00 0.00000E+00 0.00000E+00 0.00000E+00 0.00000E+00 0.00000E+00 0.00000E+00
 6.74256E-01 2.57338E-02 1.75176E+00 6.74256E-01 2.57338E-02 1.70303E+00 0.00000E+00 0.00000E+00 0.00000E+00 0.00000E+00 0.00000E+00 0.00000E+00
 6.49625E-01 2.09123E-02 1.69065E+00 6.49625E-01 2.09123E-02 1.64558E+00 0.00000E+00 0.00000E+00 0.00000E+00 0.00000E+00 0.00000E+00 0.00000E+00
 6.42507E-01 1.97472E-02 1.67293E+00 6.42507E-01 1.97472E-02 1.62884E+00 0.00000E+00 0.00000E+00 0.00000E+00 0.00000E+00 0.00000E+00 0.00000E+00
 6.08655E-01 1.52304E-02 1.58811E+00 6.08655E-01 1.52304E-02 1.54834E+00 0.00000E+00 0.00000E+00 0.00000E+00 0.00000E+00 0.00000E+00 0.00000E+00
 5.75199E-01 1.20374E-02 1.50381E+00 5.75199E-01 1.20374E-02 1.46789E+00 0.00000E+00 0.00000E+00 0.00000E+00 0.00000E+00 0.00000E+00 0.00000E+00
 5.42465E-01 9.73794E-03 1.42099E+00 5.42465E-01 9.73794E-03 1.38852E+00 0.00000E+00 0.00000E+00 0.00000E+00 0.00000E+00 0.00000E+00 0.00000E+00
 5.10706E-01 8.03200E-03 1.34037E+00 5.10706E-01 8.03200E-03 1.31098E+00 0.00000E+00 0.00000E+00 0.00000E+00 0.00000E+00 0.00000E+00 0.00000E+00
 4.80094E-01 6.72071E-03 1.26240E+00 4.80094E-01 6.72071E-03 1.23581E+00 0.00000E+00 0.00000E+00 0.00000E+00 0.00000E+00 0.00000E+00 0.00000E+00
 4.50711E-01 5.67653E-03 1.18734E+00 4.50711E-01 5.67653E-03 1.16328E+00 0.00000E+00 0.00000E+00 0.00000E+00 0.00000E+00 0.00000E+00 0.00000E+00
 4.22586E-01 4.82039E-03 1.11527E+00 4.22586E-01 4.82039E-03 1.09351E+00 0.00000E+00 0.00000E+00 0.00000E+00 0.00000E+00 0.00000E+00 0.00000E+00
 3.95734E-01 4.10406E-03 1.04627E+00 3.95734E-01 4.10406E-03 1.02659E+00 0.00000E+00 0.00000E+00 0.00000E+00 0.00000E+00 0.00000E+00 0.00000E+00
 3.70155E-01 3.49731E-03 9.80355E-01 3.70155E-01 3.49731E-03 9.62569E-01 0.00000E+00 0.00000E+00 0.00000E+00 0.00000E+00 0.00000E+00 0.00000E+00
 3.45836E-01 2.98004E-03 9.17515E-01 3.45836E-01 2.98004E-03 9.01449E-01 0.00000E+00 0.00000E+00 0.00000E+00 0.00000E+00 0.00000E+00 0.00000E+00
 3.22757E-01 2.53783E-03 8.57721E-01 3.22757E-01 2.53783E-03 8.43215E-01 0.00000E+00 0.00000E+00 0.00000E+00 0.00000E+00 0.00000E+00 0.00000E+00
 3.00894E-01 2.15951E-03 8.00926E-01 3.00894E-01 2.15951E-03 7.87837E-01 0.00000E+00 0.00000E+00 0.00000E+00 0.00000E+00 0.00000E+00 0.00000E+00
 2.80217E-01 1.83592E-03 7.47074E-01 2.80217E-01 1.83592E-03 7.35270E-01 0.00000E+00 0.00000E+00 0.00000E+00 0.00000E+00 0.00000E+00 0.00000E+00
 2.60692E-01 1.55933E-03 6.96095E-01 2.60692E-01 1.55933E-03 6.85455E-01 0.00000E+00 0.00000E+00 0.00000E+00 0.00000E+00 0.00000E+00 0.00000E+00
 2.42283E-01 1.32312E-03 6.47914E-01 2.42283E-01 1.32312E-03 6.38330E-01 0.00000E+00 0.00000E+00 0.00000E+00 0.00000E+00 0.00000E+00 0.00000E+00
 2.24969E-01 1.12173E-03 6.02493E-01 2.24969E-01 1.12173E-03 5.93863E-01 0.00000E+00 0.00000E+00 0.00000E+00 0.00000E+00 0.00000E+00 0.00000E+00
 2.08698E-01 9.50100E-04 5.59711E-01 2.08698E-01 9.50100E-04 5.51944E-01 0.00000E+00 0.00000E+00 0.00000E+00 0.00000E+00 0.00000E+00 0.00000E+00
 7.74120E-01 1.32923E-01 1.91690E+00 7.74120E-01 1.32923E-01 1.83918E+00 0.00000E+00 0.00000E+00 0.00000E+00 0.00000E+00 0.00000E+00 0.00000E+00
 7.60804E-01 1.01556E-01 1.88414E+00 7.60804E-01 1.01556E-01 1.81643E+00 0.00000E+00 0.00000E+00 0.00000E+00 0.00000E+00 0.00000E+00 0.00000E+00
 7.40911E-01 7.64404E-02 1.83551E+00 7.40911E-01 7.64404E-02 1.77620E+00 0.00000E+00 0.00000E+00 0.00000E+00 0.00000E+00 0.00000E+00 0.00000E+00
 7.15837E-01 5.68722E-02 1.77479E+00 7.15837E-01 5.68722E-02 1.72255E+00 0.00000E+00 0.00000E+00 0.00000E+00 0.00000E+00 0.00000E+00 0.00000E+00
 6.87194E-01 4.20460E-02 1.70569E+00 6.87194E-01 4.20460E-02 1.65943E+00 0.00000E+00 0.00000E+00 0.00000E+00 0.00000E+00 0.00000E+00 0.00000E+00
 6.56440E-01 3.10944E-02 1.63158E+00 6.56440E-01 3.10944E-02 1.59037E+00 0.00000E+00 0.00000E+00 0.00000E+00 0.00000E+00 0.00000E+00 0.00000E+00
 6.24661E-01 2.31646E-02 1.55494E+00 6.24661E-01 2.31646E-02 1.51805E+00 0.00000E+00 0.00000E+00 0.00000E+00 0.00000E+00 0.00000E+00 0.00000E+00
 5.99826E-01 1.86162E-02 1.49495E+00 5.99826E-01 1.86162E-02 1.46100E+00 0.00000E+00 0.00000E+00 0.00000E+00 0.00000E+00 0.00000E+00 0.00000E+00
 5.92708E-01 1.75233E-02 1.47774E+00 5.92708E-01 1.75233E-02 1.44457E+00 0.00000E+00 0.00000E+00 0.00000E+00 0.00000E+00 0.00000E+00 0.00000E+00
 5.59011E-01 1.33242E-02 1.39597E+00 5.59011E-01 1.33242E-02 1.36623E+00 0.00000E+00 0.00000E+00 0.00000E+00 0.00000E+00 0.00000E+00 0.00000E+00
 5.26013E-01 1.04035E-02 1.31571E+00 5.26013E-01 1.04035E-02 1.28899E+00 0.00000E+00 0.00000E+00 0.00000E+00 0.00000E+00 0.00000E+00 0.00000E+00
 4.93991E-01 8.33449E-03 1.23768E+00 4.93991E-01 8.33449E-03 1.21363E+00 0.00000E+00 0.00000E+00 0.00000E+00 0.00000E+00 0.00000E+00 0.00000E+00
 4.63153E-01 6.82329E-03 1.16237E+00 4.63153E-01 6.82329E-03 1.14071E+00 0.00000E+00 0.00000E+00 0.00000E+00 0.00000E+00 0.00000E+00 0.00000E+00
 4.33632E-01 5.67721E-03 1.09011E+00 4.33632E-01 5.67721E-03 1.07060E+00 0.00000E+00 0.00000E+00 0.00000E+00 0.00000E+00 0.00000E+00 0.00000E+00
 4.05474E-01 4.77420E-03 1.02102E+00 4.05474E-01 4.77420E-03 1.00344E+00 0.00000E+00 0.00000E+00 0.00000E+00 0.00000E+00 0.00000E+00 0.00000E+00
 3.78682E-01 4.03951E-03 9.55126E-01 3.78682E-01 4.03951E-03 9.39293E-01 0.00000E+00 0.00000E+00 0.00000E+00 0.00000E+00 0.00000E+00 0.00000E+00
 3.53248E-01 3.42822E-03 8.92417E-01 3.53248E-01 3.42822E-03 8.78159E-01 0.00000E+00 0.00000E+00 0.00000E+00 0.00000E+00 0.00000E+00 0.00000E+00
 3.29150E-01 2.91261E-03 8.32858E-01 3.29150E-01 2.91261E-03 8.20026E-01 0.00000E+00 0.00000E+00 0.00000E+00 0.00000E+00 0.00000E+00 0.00000E+00
 3.06359E-01 2.47454E-03 7.76395E-01 3.06359E-01 2.47454E-03 7.64850E-01 0.00000E+00 0.00000E+00 0.00000E+00 0.00000E+00 0.00000E+00 0.00000E+00
 2.84842E-01 2.10120E-03 7.22959E-01 2.84842E-01 2.10120E-03 7.12578E-01 0.00000E+00 0.00000E+00 0.00000E+00 0.00000E+00 0.00000E+00 0.00000E+00
 2.64559E-01 1.78273E-03 6.72471E-01 2.64559E-01 1.78273E-03 6.63141E-01 0.00000E+00 0.00000E+00 0.00000E+00 0.00000E+00 0.00000E+00 0.00000E+00
 2.45468E-01 1.51113E-03 6.24844E-01 2.45468E-01 1.51113E-03 6.16463E-01 0.00000E+00 0.00000E+00 0.00000E+00 0.00000E+00 0.00000E+00 0.00000E+00
 2.27527E-01 1.27966E-03 5.79985E-01 2.27527E-01 1.27966E-03 5.72461E-01 0.00000E+00 0.00000E+00 0.00000E+00 0.00000E+00 0.00000E+00 0.00000E+00
 2.10690E-01 1.08257E-03 5.37797E-01 2.10690E-01 1.08257E-03 5.31045E-01 0.00000E+00 0.00000E+00 0.00000E+00 0.00000E+00 0.00000E+00 0.00000E+00
 1.94927E-01 9.15028E-04 4.98218E-01 1.94927E-01 9.15028E-04 4.92162E-01 0.00000E+00 0.00000E+00 0.00000E+00 0.00000E+00 0.00000E+00 0.00000E+00
 1.80181E-01 7.72682E-04 4.61118E-01 1.80181E-01 7.72682E-04 4.55688E-01 0.00000E+00 0.00000E+00 0.00000E+00 0.00000E+00 0.00000E+00 0.00000E+00
 7.35487E-01 1.29351E-01 1.76310E+00 7.35487E-01 1.29351E-01 1.70105E+00 0.00000E+00 0.00000E+00 0.00000E+00 0.00000E+00 0.00000E+00 0.00000E+00
 7.18706E-01 9.75863E-02 1.71904E+00 7.18706E-01 9.75863E-02 1.66567E+00 0.00000E+00 0.00000E+00 0.00000E+00 0.00000E+00 0.00000E+00 0.00000E+00
 6.96115E-01 7.24879E-02 1.66223E+00 6.96115E-01 7.24879E-02 1.61604E+00 0.00000E+00 0.00000E+00 0.00000E+00 0.00000E+00 0.00000E+00 0.00000E+00
 6.69010E-01 5.32059E-02 1.59608E+00 6.69010E-01 5.32059E-02 1.55585E+00 0.00000E+00 0.00000E+00 0.00000E+00 0.00000E+00 0.00000E+00 0.00000E+00
 6.38973E-01 3.87841E-02 1.52404E+00 6.38973E-01 3.87841E-02 1.48876E+00 0.00000E+00 0.00000E+00 0.00000E+00 0.00000E+00 0.00000E+00 0.00000E+00
 6.07394E-01 2.82667E-02 1.44911E+00 6.07394E-01 2.82667E-02 1.41795E+00 0.00000E+00 0.00000E+00 0.00000E+00 0.00000E+00 0.00000E+00 0.00000E+00
 5.75277E-01 2.07492E-02 1.37340E+00 5.75277E-01 2.07492E-02 1.34571E+00 0.00000E+00 0.00000E+00 0.00000E+00 0.00000E+00 0.00000E+00 0.00000E+00
 5.50460E-01 1.64881E-02 1.31508E+00 5.50460E-01 1.64881E-02 1.28973E+00 0.00000E+00 0.00000E+00 0.00000E+00 0.00000E+00 0.00000E+00 0.00000E+00
 5.43402E-01 1.54703E-02 1.29852E+00 5.43402E-01 1.54703E-02 1.27378E+00 0.00000E+00 0.00000E+00 0.00000E+00 0.00000E+00 0.00000E+00 0.00000E+00
 5.10170E-01 1.15934E-02 1.22045E+00 5.10170E-01 1.15934E-02 1.19841E+00 0.00000E+00 0.00000E+00 0.00000E+00 0.00000E+00 0.00000E+00 0.00000E+00
 4.77934E-01 8.93957E-03 1.14477E+00 4.77934E-01 8.93957E-03 1.12508E+00 0.00000E+00 0.00000E+00 0.00000E+00 0.00000E+00 0.00000E+00 0.00000E+00
 4.46913E-01 7.08978E-03 1.07195E+00 4.46913E-01 7.08978E-03 1.05432E+00 0.00000E+00 0.00000E+00 0.00000E+00 0.00000E+00 0.00000E+00 0.00000E+00
 4.17261E-01 5.75953E-03 1.00228E+00 4.17261E-01 5.75953E-03 9.86476E-01 0.00000E+00 0.00000E+00 0.00000E+00 0.00000E+00 0.00000E+00 0.00000E+00
 3.89068E-01 4.76427E-03 9.35949E-01 3.89068E-01 4.76427E-03 9.21774E-01 0.00000E+00 0.00000E+00 0.00000E+00 0.00000E+00 0.00000E+00 0.00000E+00
 3.62345E-01 3.98847E-03 8.72967E-01 3.62345E-01 3.98847E-03 8.60250E-01 0.00000E+00 0.00000E+00 0.00000E+00 0.00000E+00 0.00000E+00 0.00000E+00
 3.37065E-01 3.36224E-03 8.13271E-01 3.37065E-01 3.36224E-03 8.01863E-01 0.00000E+00 0.00000E+00 0.00000E+00 0.00000E+00 0.00000E+00 0.00000E+00
 3.13199E-01 2.84415E-03 7.56797E-01 3.13199E-01 2.84415E-03 7.46567E-01 0.00000E+00 0.00000E+00 0.00000E+00 0.00000E+00 0.00000E+00 0.00000E+00
 2.90708E-01 2.40901E-03 7.03463E-01 2.90708E-01 2.40901E-03 6.94293E-01 0.00000E+00 0.00000E+00 0.00000E+00 0.00000E+00 0.00000E+00 0.00000E+00
 2.69547E-01 2.04060E-03 6.53176E-01 2.69547E-01 2.04060E-03 6.44959E-01 0.00000E+00 0.00000E+00 0.00000E+00 0.00000E+00 0.00000E+00 0.00000E+00
 2.49667E-01 1.72761E-03 6.05836E-01 2.49667E-01 1.72761E-03 5.98477E-01 0.00000E+00 0.00000E+00 0.00000E+00 0.00000E+00 0.00000E+00 0.00000E+00
 2.31019E-01 1.46142E-03 5.61338E-01 2.31019E-01 1.46142E-03 5.54750E-01 0.00000E+00 0.00000E+00 0.00000E+00 0.00000E+00 0.00000E+00 0.00000E+00
 2.13552E-01 1.23507E-03 5.19572E-01 2.13552E-01 1.23507E-03 5.13678E-01 0.00000E+00 0.00000E+00 0.00000E+00 0.00000E+00 0.00000E+00 0.00000E+00
 1.97213E-01 1.04274E-03 4.80427E-01 1.97213E-01 1.04274E-03 4.75156E-01 0.00000E+00 0.00000E+00 0.00000E+00 0.00000E+00 0.00000E+00 0.00000E+00
 1.81949E-01 8.79464E-04 4.43789E-01 1.81949E-01 8.79464E-04 4.39078E-01 0.00000E+00 0.00000E+00 0.00000E+00 0.00000E+00 0.00000E+00 0.00000E+00
 1.67725E-01 7.41095E-04 4.09583E-01 1.67725E-01 7.41095E-04 4.05374E-01 0.00000E+00 0.00000E+00 0.00000E+00 0.00000E+00 0.00000E+00 0.00000E+00
 1.54477E-01 6.23893E-04 3.77669E-01 1.54477E-01 6.23893E-04 3.73909E-01 0.00000E+00 0.00000E+00 0.00000E+00 0.00000E+00 0.00000E+00 0.00000E+00
 6.97819E-01 1.25708E-01 1.62220E+00 6.97819E-01 1.25708E-01 1.57282E+00 0.00000E+00 0.00000E+00 0.00000E+00 0.00000E+00 0.00000E+00 0.00000E+00
 6.77310E-01 9.35538E-02 1.56728E+00 6.77310E-01 9.35538E-02 1.52539E+00 0.00000E+00 0.00000E+00 0.00000E+00 0.00000E+00 0.00000E+00 0.00000E+00
 6.51885E-01 6.85210E-02 1.50276E+00 6.51885E-01 6.85210E-02 1.46698E+00 0.00000E+00 0.00000E+00 0.00000E+00 0.00000E+00 0.00000E+00 0.00000E+00
 6.22740E-01 4.95845E-02 1.43173E+00 6.22740E-01 4.95845E-02 1.40093E+00 0.00000E+00 0.00000E+00 0.00000E+00 0.00000E+00 0.00000E+00 0.00000E+00
 5.91404E-01 3.56217E-02 1.35733E+00 5.91404E-01 3.56217E-02 1.33061E+00 0.00000E+00 0.00000E+00 0.00000E+00 0.00000E+00 0.00000E+00 0.00000E+00
 5.59170E-01 2.55785E-02 1.28218E+00 5.59170E-01 2.55785E-02 1.25881E+00 0.00000E+00 0.00000E+00 0.00000E+00 0.00000E+00 0.00000E+00 0.00000E+00
 5.26932E-01 1.84964E-02 1.20795E+00 5.26932E-01 1.84964E-02 1.18735E+00 0.00000E+00 0.00000E+00 0.00000E+00 0.00000E+00 0.00000E+00 0.00000E+00
 5.02317E-01 1.45307E-02 1.15170E+00 5.02317E-01 1.45307E-02 1.13295E+00 0.00000E+00 0.00000E+00 0.00000E+00 0.00000E+00 0.00000E+00 0.00000E+00
 4.95373E-01 1.35891E-02 1.13588E+00 4.95373E-01 1.35891E-02 1.11761E+00 0.00000E+00 0.00000E+00 0.00000E+00 0.00000E+00 0.00000E+00 0.00000E+00
 4.62860E-01 1.00338E-02 1.06193E+00 4.62860E-01 1.00338E-02 1.04575E+00 0.00000E+00 0.00000E+00 0.00000E+00 0.00000E+00 0.00000E+00 0.00000E+00
 4.31635E-01 7.63799E-03 9.91149E-01 4.31635E-01 7.63799E-03 9.76774E-01 0.00000E+00 0.00000E+00 0.00000E+00 0.00000E+00 0.00000E+00 0.00000E+00
 4.01844E-01 5.99465E-03 9.23751E-01 4.01844E-01 5.99465E-03 9.10946E-01 0.00000E+00 0.00000E+00 0.00000E+00 0.00000E+00 0.00000E+00 0.00000E+00
 3.73583E-01 4.83098E-03 8.59842E-01 3.73583E-01 4.83098E-03 8.48419E-01 0.00000E+00 0.00000E+00 0.00000E+00 0.00000E+00 0.00000E+00 0.00000E+00
 3.46896E-01 3.97215E-03 7.99459E-01 3.46896E-01 3.97215E-03 7.89259E-01 0.00000E+00 0.00000E+00 0.00000E+00 0.00000E+00 0.00000E+00 0.00000E+00
 3.21757E-01 3.30994E-03 7.42515E-01 3.21757E-01 3.30994E-03 7.33404E-01 0.00000E+00 0.00000E+00 0.00000E+00 0.00000E+00 0.00000E+00 0.00000E+00
 2.98112E-01 2.77969E-03 6.88875E-01 2.98112E-01 2.77969E-03 6.80736E-01 0.00000E+00 0.00000E+00 0.00000E+00 0.00000E+00 0.00000E+00 0.00000E+00
 2.75913E-01 2.34356E-03 6.38425E-01 2.75913E-01 2.34356E-03 6.31156E-01 0.00000E+00 0.00000E+00 0.00000E+00 0.00000E+00 0.00000E+00 0.00000E+00
 2.55101E-01 1.97883E-03 5.91042E-01 2.55101E-01 1.97883E-03 5.84553E-01 0.00000E+00 0.00000E+00 0.00000E+00 0.00000E+00 0.00000E+00 0.00000E+00
 2.35619E-01 1.67114E-03 5.46605E-01 2.35619E-01 1.67114E-03 5.40814E-01 0.00000E+00 0.00000E+00 0.00000E+00 0.00000E+00 0.00000E+00 0.00000E+00
 2.17408E-01 1.41056E-03 5.04989E-01 2.17408E-01 1.41056E-03 4.99823E-01 0.00000E+00 0.00000E+00 0.00000E+00 0.00000E+00 0.00000E+00 0.00000E+00
 2.00408E-01 1.18962E-03 4.66068E-01 2.00408E-01 1.18962E-03 4.61462E-01 0.00000E+00 0.00000E+00 0.00000E+00 0.00000E+00 0.00000E+00 0.00000E+00
 1.84559E-01 1.00232E-03 4.29718E-01 1.84559E-01 1.00232E-03 4.25613E-01 0.00000E+00 0.00000E+00 0.00000E+00 0.00000E+00 0.00000E+00 0.00000E+00
 1.69802E-01 8.43647E-04 3.95814E-01 1.69802E-01 8.43647E-04 3.92157E-01 0.00000E+00 0.00000E+00 0.00000E+00 0.00000E+00 0.00000E+00 0.00000E+00
 1.56079E-01 7.09353E-04 3.64233E-01 1.56079E-01 7.09353E-04 3.60977E-01 0.00000E+00 0.00000E+00 0.00000E+00 0.00000E+00 0.00000E+00 0.00000E+00
 1.43349E-01 5.95901E-04 3.34888E-01 1.43349E-01 5.95901E-04 3.31990E-01 0.00000E+00 0.00000E+00 0.00000E+00 0.00000E+00 0.00000E+00 0.00000E+00
 1.31545E-01 5.00103E-04 3.07634E-01 1.31545E-01 5.00103E-04 3.05056E-01 0.00000E+00 0.00000E+00 0.00000E+00 0.00000E+00 0.00000E+00 0.00000E+00
 6.61194E-01 1.21943E-01 1.49352E+00 6.61194E-01 1.21943E-01 1.45426E+00 0.00000E+00 0.00000E+00 0.00000E+00 0.00000E+00 0.00000E+00 0.00000E+00
 6.36731E-01 8.94165E-02 1.42799E+00 6.36731E-01 8.94165E-02 1.39519E+00 0.00000E+00 0.00000E+00 0.00000E+00 0.00000E+00 0.00000E+00 0.00000E+00
 6.08397E-01 6.45193E-02 1.35622E+00 6.08397E-01 6.45193E-02 1.32860E+00 0.00000E+00 0.00000E+00 0.00000E+00 0.00000E+00 0.00000E+00 0.00000E+00
 5.77260E-01 4.59998E-02 1.28097E+00 5.77260E-01 4.59998E-02 1.25750E+00 0.00000E+00 0.00000E+00 0.00000E+00 0.00000E+00 0.00000E+00 0.00000E+00
 5.44761E-01 3.25568E-02 1.20489E+00 5.44761E-01 3.25568E-02 1.18477E+00 0.00000E+00 0.00000E+00 0.00000E+00 0.00000E+00 0.00000E+00 0.00000E+00
 5.12068E-01 2.30285E-02 1.13015E+00 5.12068E-01 2.30285E-02 1.11272E+00 0.00000E+00 0.00000E+00 0.00000E+00 0.00000E+00 0.00000E+00 0.00000E+00
 4.79941E-01 1.64034E-02 1.05795E+00 4.79941E-01 1.64034E-02 1.04273E+00 0.00000E+00 0.00000E+00 0.00000E+00 0.00000E+00 0.00000E+00 0.00000E+00
 4.55718E-01 1.27396E-02 1.00413E+00 4.55718E-01 1.27396E-02 9.90349E-01 0.00000E+00 0.00000E+00 0.00000E+00 0.00000E+00 0.00000E+00 0.00000E+00
 4.48939E-01 1.18750E-02 9.89134E-01 4.48939E-01 1.18750E-02 9.75729E-01 0.00000E+00 0.00000E+00 0.00000E+00 0.00000E+00 0.00000E+00 0.00000E+00
 4.17396E-01 8.63828E-03 9.19638E-01 4.17396E-01 8.63828E-03 9.07852E-01 0.00000E+00 0.00000E+00 0.00000E+00 0.00000E+00 0.00000E+00 0.00000E+00
 3.87416E-01 6.49050E-03 8.53987E-01 3.87416E-01 6.49050E-03 8.43576E-01 0.00000E+00 0.00000E+00 0.00000E+00 0.00000E+00 0.00000E+00 0.00000E+00
 3.59067E-01 5.04020E-03 7.92135E-01 3.59067E-01 5.04020E-03 7.82909E-01 0.00000E+00 0.00000E+00 0.00000E+00 0.00000E+00 0.00000E+00 0.00000E+00
 3.32378E-01 4.02868E-03 7.34004E-01 3.32378E-01 4.02868E-03 7.25812E-01 0.00000E+00 0.00000E+00 0.00000E+00 0.00000E+00 0.00000E+00 0.00000E+00
 3.07347E-01 3.29214E-03 6.79497E-01 3.07347E-01 3.29214E-03 6.72215E-01 0.00000E+00 0.00000E+00 0.00000E+00 0.00000E+00 0.00000E+00 0.00000E+00
 2.83913E-01 2.73037E-03 6.28438E-01 2.83913E-01 2.73037E-03 6.21961E-01 0.00000E+00 0.00000E+00 0.00000E+00 0.00000E+00 0.00000E+00 0.00000E+00
 2.61998E-01 2.28418E-03 5.80632E-01 2.61998E-01 2.28418E-03 5.74870E-01 0.00000E+00 0.00000E+00 0.00000E+00 0.00000E+00 0.00000E+00 0.00000E+00
 2.41531E-01 1.91932E-03 5.35922E-01 2.41531E-01 1.91932E-03 5.30797E-01 0.00000E+00 0.00000E+00 0.00000E+00 0.00000E+00 0.00000E+00 0.00000E+00
 2.22442E-01 1.61554E-03 4.94157E-01 2.22442E-01 1.61554E-03 4.89600E-01 0.00000E+00 0.00000E+00 0.00000E+00 0.00000E+00 0.00000E+00 0.00000E+00
 2.04662E-01 1.36018E-03 4.55190E-01 2.04662E-01 1.36018E-03 4.51140E-01 0.00000E+00 0.00000E+00 0.00000E+00 0.00000E+00 0.00000E+00 0.00000E+00
 1.88122E-01 1.14462E-03 4.18882E-01 1.88122E-01 1.14462E-03 4.15283E-01 0.00000E+00 0.00000E+00 0.00000E+00 0.00000E+00 0.00000E+00 0.00000E+00
 1.72755E-01 9.62402E-04 3.85092E-01 1.72755E-01 9.62402E-04 3.81896E-01 0.00000E+00 0.00000E+00 0.00000E+00 0.00000E+00 0.00000E+00 0.00000E+00
 1.58494E-01 8.08399E-04 3.53687E-01 1.58494E-01 8.08399E-04 3.50849E-01 0.00000E+00 0.00000E+00 0.00000E+00 0.00000E+00 0.00000E+00 0.00000E+00
 1.45277E-01 6.78331E-04 3.24533E-01 1.45277E-01 6.78331E-04 3.22015E-01 0.00000E+00 0.00000E+00 0.00000E+00 0.00000E+00 0.00000E+00 0.00000E+00
 1.33041E-01 5.68587E-04 2.97504E-01 1.33041E-01 5.68587E-04 2.95271E-01 0.00000E+00 0.00000E+00 0.00000E+00 0.00000E+00 0.00000E+00 0.00000E+00
 1.21741E-01 4.76166E-04 2.72505E-01 1.21741E-01 4.76166E-04 2.70524E-01 0.00000E+00 0.00000E+00 0.00000E+00 0.00000E+00 0.00000E+00 0.00000E+00
 1.11309E-01 3.98371E-04 2.49393E-01 1.11309E-01 3.98371E-04 2.47637E-01 0.00000E+00 0.00000E+00 0.00000E+00 0.00000E+00 0.00000E+00 0.00000E+00
 6.25581E-01 1.18083E-01 1.37486E+00 6.25581E-01 1.18083E-01 1.34379E+00 0.00000E+00 0.00000E+00 0.00000E+00 0.00000E+00 0.00000E+00 0.00000E+00
 5.96882E-01 8.51997E-02 1.29919E+00 5.96882E-01 8.51997E-02 1.27366E+00 0.00000E+00 0.00000E+00 0.00000E+00 0.00000E+00 0.00000E+00 0.00000E+00
 5.65499E-01 6.05042E-02 1.22073E+00 5.65499E-01 6.05042E-02 1.19956E+00 0.00000E+00 0.00000E+00 0.00000E+00 0.00000E+00 0.00000E+00 0.00000E+00
 5.32443E-01 4.24497E-02 1.14183E+00 5.32443E-01 4.24497E-02 1.12410E+00 0.00000E+00 0.00000E+00 0.00000E+00 0.00000E+00 0.00000E+00 0.00000E+00
 4.98923E-01 2.95752E-02 1.06464E+00 4.98923E-01 2.95752E-02 1.04964E+00 0.00000E+00 0.00000E+00 0.00000E+00 0.00000E+00 0.00000E+00 0.00000E+00
 4.65966E-01 2.05952E-02 9.90815E-01 4.65966E-01 2.05952E-02 9.77968E-01 0.00000E+00 0.00000E+00 0.00000E+00 0.00000E+00 0.00000E+00 0.00000E+00
 4.34167E-01 1.44450E-02 9.21094E-01 4.34167E-01 1.44450E-02 9.09976E-01 0.00000E+00 0.00000E+00 0.00000E+00 0.00000E+00 0.00000E+00 0.00000E+00
 4.10511E-01 1.10877E-02 8.69981E-01 4.10511E-01 1.10877E-02 8.59982E-01 0.00000E+00 0.00000E+00 0.00000E+00 0.00000E+00 0.00000E+00 0.00000E+00
 4.03944E-01 1.03007E-02 8.55877E-01 4.03944E-01 1.03007E-02 8.46166E-01 0.00000E+00 0.00000E+00 0.00000E+00 0.00000E+00 0.00000E+00 0.00000E+00
 3.73594E-01 7.37959E-03 7.91090E-01 3.73594E-01 7.37959E-03 7.82613E-01 0.00000E+00 0.00000E+00 0.00000E+00 0.00000E+00 0.00000E+00 0.00000E+00
 3.45064E-01 5.47096E-03 7.30715E-01 3.45064E-01 5.47096E-03 7.23273E-01 0.00000E+00 0.00000E+00 0.00000E+00 0.00000E+00 0.00000E+00 0.00000E+00
 3.18336E-01 4.20208E-03 6.74460E-01 3.18336E-01 4.20208E-03 6.67900E-01 0.00000E+00 0.00000E+00 0.00000E+00 0.00000E+00 0.00000E+00 0.00000E+00
 2.93372E-01 3.33037E-03 6.22069E-01 2.93372E-01 3.33037E-03 6.16273E-01 0.00000E+00 0.00000E+00 0.00000E+00 0.00000E+00 0.00000E+00 0.00000E+00
 2.70121E-01 2.70418E-03 5.73324E-01 2.70121E-01 2.70418E-03 5.68195E-01 0.00000E+00 0.00000E+00 0.00000E+00 0.00000E+00 0.00000E+00 0.00000E+00
 2.48488E-01 2.23182E-03 5.27970E-01 2.48488E-01 2.23182E-03 5.23427E-01 0.00000E+00 0.00000E+00 0.00000E+00 0.00000E+00 0.00000E+00 0.00000E+00
 2.28372E-01 1.85972E-03 4.85761E-01 2.28372E-01 1.85972E-03 4.81737E-01 0.00000E+00 0.00000E+00 0.00000E+00 0.00000E+00 0.00000E+00 0.00000E+00
 2.09686E-01 1.55726E-03 4.46508E-01 2.09686E-01 1.55726E-03 4.42943E-01 0.00000E+00 0.00000E+00 0.00000E+00 0.00000E+00 0.00000E+00 0.00000E+00
 1.92348E-01 1.30657E-03 4.10036E-01 1.92348E-01 1.30657E-03 4.06879E-01 0.00000E+00 0.00000E+00 0.00000E+00 0.00000E+00 0.00000E+00 0.00000E+00
 1.76278E-01 1.09661E-03 3.76183E-01 1.76278E-01 1.09661E-03 3.73388E-01 0.00000E+00 0.00000E+00 0.00000E+00 0.00000E+00 0.00000E+00 0.00000E+00
 1.61401E-01 9.19948E-04 3.44797E-01 1.61401E-01 9.19948E-04 3.42323E-01 0.00000E+00 0.00000E+00 0.00000E+00 0.00000E+00 0.00000E+00 0.00000E+00
 1.47645E-01 7.71094E-04 3.15732E-01 1.47645E-01 7.71094E-04 3.13543E-01 0.00000E+00 0.00000E+00 0.00000E+00 0.00000E+00 0.00000E+00 0.00000E+00
 1.34938E-01 6.45678E-04 2.88848E-01 1.34938E-01 6.45678E-04 2.86912E-01 0.00000E+00 0.00000E+00 0.00000E+00 0.00000E+00 0.00000E+00 0.00000E+00
 1.23215E-01 5.40086E-04 2.64009E-01 1.23215E-01 5.40086E-04 2.62298E-01 0.00000E+00 0.00000E+00 0.00000E+00 0.00000E+00 0.00000E+00 0.00000E+00
 1.12411E-01 4.51274E-04 2.41087E-01 1.12411E-01 4.51274E-04 2.39575E-01 0.00000E+00 0.00000E+00 0.00000E+00 0.00000E+00 0.00000E+00 0.00000E+00
 1.02478E-01 3.76721E-04 2.19985E-01 1.02478E-01 3.76721E-04 2.18650E-01 0.00000E+00 0.00000E+00 0.00000E+00 0.00000E+00 0.00000E+00 0.00000E+00
 9.33485E-02 3.14169E-04 2.00565E-01 9.33485E-02 3.14169E-04 1.99385E-01 0.00000E+00 0.00000E+00 0.00000E+00 0.00000E+00 0.00000E+00 0.00000E+00
 5.91359E-01 1.14217E-01 1.26683E+00 5.91359E-01 1.14217E-01 1.24228E+00 0.00000E+00 0.00000E+00 0.00000E+00 0.00000E+00 0.00000E+00 0.00000E+00
 5.58381E-01 8.09481E-02 1.18153E+00 5.58381E-01 8.09481E-02 1.16172E+00 0.00000E+00 0.00000E+00 0.00000E+00 0.00000E+00 0.00000E+00 0.00000E+00
 5.23986E-01 5.64970E-02 1.09692E+00 5.23986E-01 5.64970E-02 1.08078E+00 0.00000E+00 0.00000E+00 0.00000E+00 0.00000E+00 0.00000E+00 0.00000E+00
 4.89082E-01 3.89655E-02 1.01493E+00 4.89082E-01 3.89655E-02 1.00163E+00 0.00000E+00 0.00000E+00 0.00000E+00 0.00000E+00 0.00000E+00 0.00000E+00
 4.54659E-01 2.67048E-02 9.37160E-01 4.54659E-01 2.67048E-02 9.26060E-01 0.00000E+00 0.00000E+00 0.00000E+00 0.00000E+00 0.00000E+00 0.00000E+00
 4.21599E-01 1.82993E-02 8.64714E-01 4.21599E-01 1.82993E-02 8.55324E-01 0.00000E+00 0.00000E+00 0.00000E+00 0.00000E+00 0.00000E+00 0.00000E+00
 3.90310E-01 1.26340E-02 7.97818E-01 3.90310E-01 1.26340E-02 7.89777E-01 0.00000E+00 0.00000E+00 0.00000E+00 0.00000E+00 0.00000E+00 0.00000E+00
 3.67364E-01 9.58318E-03 7.49611E-01 3.67364E-01 9.58318E-03 7.42429E-01 0.00000E+00 0.00000E+00 0.00000E+00 0.00000E+00 0.00000E+00 0.00000E+00
 3.61046E-01 8.87278E-03 7.36436E-01 3.61046E-01 8.87278E-03 7.29472E-01 0.00000E+00 0.00000E+00 0.00000E+00 0.00000E+00 0.00000E+00 0.00000E+00
 3.32066E-01 6.25928E-03 6.76481E-01 3.32066E-01 6.25928E-03 6.70448E-01 0.00000E+00 0.00000E+00 0.00000E+00 0.00000E+00 0.00000E+00 0.00000E+00
 3.05143E-01 4.57771E-03 6.21395E-01 3.05143E-01 4.57771E-03 6.16132E-01 0.00000E+00 0.00000E+00 0.00000E+00 0.00000E+00 0.00000E+00 0.00000E+00
 2.80166E-01 3.47684E-03 5.70654E-01 2.80166E-01 3.47684E-03 5.66041E-01 0.00000E+00 0.00000E+00 0.00000E+00 0.00000E+00 0.00000E+00 0.00000E+00
 2.57029E-01 2.73174E-03 5.23841E-01 2.57029E-01 2.73174E-03 5.19785E-01 0.00000E+00 0.00000E+00 0.00000E+00 0.00000E+00 0.00000E+00 0.00000E+00
 2.35632E-01 2.20364E-03 4.80627E-01 2.35632E-01 2.20364E-03 4.77054E-01 0.00000E+00 0.00000E+00 0.00000E+00 0.00000E+00 0.00000E+00 0.00000E+00
 2.15849E-01 1.80964E-03 4.40690E-01 2.15849E-01 1.80964E-03 4.37539E-01 0.00000E+00 0.00000E+00 0.00000E+00 0.00000E+00 0.00000E+00 0.00000E+00
 1.97557E-01 1.50184E-03 4.03747E-01 1.97557E-01 1.50184E-03 4.00967E-01 0.00000E+00 0.00000E+00 0.00000E+00 0.00000E+00 0.00000E+00 0.00000E+00
 1.80656E-01 1.25316E-03 3.69581E-01 1.80656E-01 1.25316E-03 3.67128E-01 0.00000E+00 0.00000E+00 0.00000E+00 0.00000E+00 0.00000E+00 0.00000E+00
 1.65053E-01 1.04798E-03 3.38003E-01 1.65053E-01 1.04798E-03 3.35839E-01 0.00000E+00 0.00000E+00 0.00000E+00 0.00000E+00 0.00000E+00 0.00000E+00
 1.50663E-01 8.76772E-04 3.08842E-01 1.50663E-01 8.76772E-04 3.06934E-01 0.00000E+00 0.00000E+00 0.00000E+00 0.00000E+00 0.00000E+00 0.00000E+00
 1.37406E-01 7.33207E-04 2.81939E-01 1.37406E-01 7.33207E-04 2.80257E-01 0.00000E+00 0.00000E+00 0.00000E+00 0.00000E+00 0.00000E+00 0.00000E+00
 1.25204E-01 6.12626E-04 2.57147E-01 1.25204E-01 6.12626E-04 2.55665E-01 0.00000E+00 0.00000E+00 0.00000E+00 0.00000E+00 0.00000E+00 0.00000E+00
 1.13986E-01 5.11354E-04 2.34324E-01 1.13986E-01 5.11354E-04 2.33018E-01 0.00000E+00 0.00000E+00 0.00000E+00 0.00000E+00 0.00000E+00 0.00000E+00
 1.03683E-01 4.26361E-04 2.13337E-01 1.03683E-01 4.26361E-04 2.12186E-01 0.00000E+00 0.00000E+00 0.00000E+00 0.00000E+00 0.00000E+00 0.00000E+00
 9.42303E-02 3.55105E-04 1.94058E-01 9.42303E-02 3.55105E-04 1.93046E-01 0.00000E+00 0.00000E+00 0.00000E+00 0.00000E+00 0.00000E+00 0.00000E+00
 8.55788E-02 2.95485E-04 1.76392E-01 8.55788E-02 2.95485E-04 1.75501E-01 0.00000E+00 0.00000E+00 0.00000E+00 0.00000E+00 0.00000E+00 0.00000E+00
 7.76615E-02 2.45625E-04 1.60207E-01 7.76615E-02 2.45625E-04 1.59423E-01 0.00000E+00 0.00000E+00 0.00000E+00 0.00000E+00 0.00000E+00 0.00000E+00
 5.58553E-01 1.10271E-01 1.16784E+00 5.58553E-01 1.10271E-01 1.14850E+00 0.00000E+00 0.00000E+00 0.00000E+00 0.00000E+00 0.00000E+00 0.00000E+00
 5.21181E-01 7.66549E-02 1.07352E+00 5.21181E-01 7.66549E-02 1.05821E+00 0.00000E+00 0.00000E+00 0.00000E+00 0.00000E+00 0.00000E+00 0.00000E+00
 4.83755E-01 5.25164E-02 9.83491E-01 4.83755E-01 5.25164E-02 9.71252E-01 0.00000E+00 0.00000E+00 0.00000E+00 0.00000E+00 0.00000E+00 0.00000E+00
 4.47104E-01 3.55648E-02 8.99103E-01 4.47104E-01 3.55648E-02 8.89192E-01 0.00000E+00 0.00000E+00 0.00000E+00 0.00000E+00 0.00000E+00 0.00000E+00
 4.11959E-01 2.39532E-02 8.21308E-01 4.11959E-01 2.39532E-02 8.13163E-01 0.00000E+00 0.00000E+00 0.00000E+00 0.00000E+00 0.00000E+00 0.00000E+00
 3.78996E-01 1.61404E-02 7.50681E-01 3.78996E-01 1.61404E-02 7.43883E-01 0.00000E+00 0.00000E+00 0.00000E+00 0.00000E+00 0.00000E+00 0.00000E+00
 3.48416E-01 1.09644E-02 6.86927E-01 3.48416E-01 1.09644E-02 6.81171E-01 0.00000E+00 0.00000E+00 0.00000E+00 0.00000E+00 0.00000E+00 0.00000E+00
 3.26324E-01 8.21670E-03 6.41787E-01 3.26324E-01 8.21670E-03 6.36684E-01 0.00000E+00 0.00000E+00 0.00000E+00 0.00000E+00 0.00000E+00 0.00000E+00
 3.20293E-01 7.58149E-03 6.29569E-01 3.20293E-01 7.58149E-03 6.24631E-01 0.00000E+00 0.00000E+00 0.00000E+00 0.00000E+00 0.00000E+00 0.00000E+00
 2.92850E-01 5.26533E-03 5.74514E-01 2.92850E-01 5.26533E-03 5.70270E-01 0.00000E+00 0.00000E+00 0.00000E+00 0.00000E+00 0.00000E+00 0.00000E+00
 2.67672E-01 3.79798E-03 5.24674E-01 2.67672E-01 3.79798E-03 5.20998E-01 0.00000E+00 0.00000E+00 0.00000E+00 0.00000E+00 0.00000E+00 0.00000E+00
 2.44552E-01 2.85189E-03 4.79313E-01 2.44552E-01 2.85189E-03 4.76109E-01 0.00000E+00 0.00000E+00 0.00000E+00 0.00000E+00 0.00000E+00 0.00000E+00
 2.23318E-01 2.22090E-03 4.37867E-01 2.23318E-01 2.22090E-03 4.35063E-01 0.00000E+00 0.00000E+00 0.00000E+00 0.00000E+00 0.00000E+00 0.00000E+00
 2.03823E-01 1.77961E-03 3.99915E-01 2.03823E-01 1.77961E-03 3.97456E-01 0.00000E+00 0.00000E+00 0.00000E+00 0.00000E+00 0.00000E+00 0.00000E+00
 1.85913E-01 1.45397E-03 3.65080E-01 1.85913E-01 1.45397E-03 3.62920E-01 0.00000E+00 0.00000E+00 0.00000E+00 0.00000E+00 0.00000E+00 0.00000E+00
 1.69447E-01 1.20169E-03 3.33049E-01 1.69447E-01 1.20169E-03 3.31152E-01 0.00000E+00 0.00000E+00 0.00000E+00 0.00000E+00 0.00000E+00 0.00000E+00
 1.54314E-01 9.99111E-04 3.03591E-01 1.54314E-01 9.99111E-04 3.01924E-01 0.00000E+00 0.00000E+00 0.00000E+00 0.00000E+00 0.00000E+00 0.00000E+00
 1.40414E-01 8.32733E-04 2.76506E-01 1.40414E-01 8.32733E-04 2.75041E-01 0.00000E+00 0.00000E+00 0.00000E+00 0.00000E+00 0.00000E+00 0.00000E+00
 1.27658E-01 6.94436E-04 2.51620E-01 1.27658E-01 6.94436E-04 2.50333E-01 0.00000E+00 0.00000E+00 0.00000E+00 0.00000E+00 0.00000E+00 0.00000E+00
 1.15961E-01 5.78862E-04 2.28775E-01 1.15961E-01 5.78862E-04 2.27644E-01 0.00000E+00 0.00000E+00 0.00000E+00 0.00000E+00 0.00000E+00 0.00000E+00
 1.05247E-01 4.82110E-04 2.07822E-01 1.05247E-01 4.82110E-04 2.06830E-01 0.00000E+00 0.00000E+00 0.00000E+00 0.00000E+00 0.00000E+00 0.00000E+00
 9.54411E-02 4.01114E-04 1.88625E-01 9.54411E-02 4.01114E-04 1.87754E-01 0.00000E+00 0.00000E+00 0.00000E+00 0.00000E+00 0.00000E+00 0.00000E+00
 8.64765E-02 3.33358E-04 1.71054E-01 8.64765E-02 3.33358E-04 1.70290E-01 0.00000E+00 0.00000E+00 0.00000E+00 0.00000E+00 0.00000E+00 0.00000E+00
 7.82888E-02 2.76739E-04 1.54988E-01 7.82888E-02 2.76739E-04 1.54318E-01 0.00000E+00 0.00000E+00 0.00000E+00 0.00000E+00 0.00000E+00 0.00000E+00
 7.08284E-02 2.29524E-04 1.40334E-01 7.08284E-02 2.29524E-04 1.39746E-01 0.00000E+00 0.00000E+00 0.00000E+00 0.00000E+00 0.00000E+00 0.00000E+00
 6.40311E-02 1.90169E-04 1.26968E-01 6.40311E-02 1.90169E-04 1.26452E-01 0.00000E+00 0.00000E+00 0.00000E+00 0.00000E+00 0.00000E+00 0.00000E+00
 5.27496E-01 1.06378E-01 1.07825E+00 5.27496E-01 1.06378E-01 1.06303E+00 0.00000E+00 0.00000E+00 0.00000E+00 0.00000E+00 0.00000E+00 0.00000E+00
 4.85764E-01 7.24184E-02 9.75569E-01 4.85764E-01 7.24184E-02 9.63776E-01 0.00000E+00 0.00000E+00 0.00000E+00 0.00000E+00 0.00000E+00 0.00000E+00
 4.45417E-01 4.86270E-02 8.80737E-01 4.45417E-01 4.86270E-02 8.71497E-01 0.00000E+00 0.00000E+00 0.00000E+00 0.00000E+00 0.00000E+00 0.00000E+00
 4.07159E-01 3.22967E-02 7.94525E-01 4.07159E-01 3.22967E-02 7.87184E-01 0.00000E+00 0.00000E+00 0.00000E+00 0.00000E+00 0.00000E+00 0.00000E+00
 3.71492E-01 2.13521E-02 7.17256E-01 3.71492E-01 2.13521E-02 7.11326E-01 0.00000E+00 0.00000E+00 0.00000E+00 0.00000E+00 0.00000E+00 0.00000E+00
 3.38811E-01 1.41381E-02 6.48836E-01 3.38811E-01 1.41381E-02 6.43958E-01 0.00000E+00 0.00000E+00 0.00000E+00 0.00000E+00 0.00000E+00 0.00000E+00
 3.09102E-01 9.44538E-03 5.88451E-01 3.09102E-01 9.44538E-03 5.84371E-01 0.00000E+00 0.00000E+00 0.00000E+00 0.00000E+00 0.00000E+00 0.00000E+00
 2.87973E-01 6.99160E-03 5.46453E-01 2.87973E-01 6.99160E-03 5.42865E-01 0.00000E+00 0.00000E+00 0.00000E+00 0.00000E+00 0.00000E+00 0.00000E+00
 2.82255E-01 6.42864E-03 5.35196E-01 2.82255E-01 6.42864E-03 5.31731E-01 0.00000E+00 0.00000E+00 0.00000E+00 0.00000E+00 0.00000E+00 0.00000E+00
 2.56456E-01 4.39451E-03 4.84983E-01 2.56456E-01 4.39451E-03 4.82031E-01 0.00000E+00 0.00000E+00 0.00000E+00 0.00000E+00 0.00000E+00 0.00000E+00
 2.33096E-01 3.12583E-03 4.40222E-01 2.33096E-01 3.12583E-03 4.37681E-01 0.00000E+00 0.00000E+00 0.00000E+00 0.00000E+00 0.00000E+00 0.00000E+00
 2.11876E-01 2.32012E-03 3.99986E-01 2.11876E-01 2.32012E-03 3.97785E-01 0.00000E+00 0.00000E+00 0.00000E+00 0.00000E+00 0.00000E+00 0.00000E+00
 1.92560E-01 1.79050E-03 3.63590E-01 1.92560E-01 1.79050E-03 3.61674E-01 0.00000E+00 0.00000E+00 0.00000E+00 0.00000E+00 0.00000E+00 0.00000E+00
 1.74957E-01 1.42496E-03 3.30535E-01 1.74957E-01 1.42496E-03 3.28862E-01 0.00000E+00 0.00000E+00 0.00000E+00 0.00000E+00 0.00000E+00 0.00000E+00
 1.58890E-01 1.15815E-03 3.00405E-01 1.58890E-01 1.15815E-03 2.98942E-01 0.00000E+00 0.00000E+00 0.00000E+00 0.00000E+00 0.00000E+00 0.00000E+00
 1.44204E-01 9.53167E-04 2.72868E-01 1.44204E-01 9.53167E-04 2.71588E-01 0.00000E+00 0.00000E+00 0.00000E+00 0.00000E+00 0.00000E+00 0.00000E+00
 1.30778E-01 7.89575E-04 2.47682E-01 1.30778E-01 7.89575E-04 2.46561E-01 0.00000E+00 0.00000E+00 0.00000E+00 0.00000E+00 0.00000E+00 0.00000E+00
 1.18508E-01 6.55849E-04 2.24645E-01 1.18508E-01 6.55849E-04 2.23664E-01 0.00000E+00 0.00000E+00 0.00000E+00 0.00000E+00 0.00000E+00 0.00000E+00
 1.07303E-01 5.45123E-04 2.03585E-01 1.07303E-01 5.45123E-04 2.02726E-01 0.00000E+00 0.00000E+00 0.00000E+00 0.00000E+00 0.00000E+00 0.00000E+00
 9.70781E-02 4.52913E-04 1.84346E-01 9.70781E-02 4.52913E-04 1.83595E-01 0.00000E+00 0.00000E+00 0.00000E+00 0.00000E+00 0.00000E+00 0.00000E+00
 8.77553E-02 3.75977E-04 1.66786E-01 8.77553E-02 3.75977E-04 1.66128E-01 0.00000E+00 0.00000E+00 0.00000E+00 0.00000E+00 0.00000E+00 0.00000E+00
 7.92630E-02 3.11783E-04 1.50773E-01 7.92630E-02 3.11783E-04 1.50198E-01 0.00000E+00 0.00000E+00 0.00000E+00 0.00000E+00 0.00000E+00 0.00000E+00
 7.15343E-02 2.58262E-04 1.36184E-01 7.15343E-02 2.58262E-04 1.35681E-01 0.00000E+00 0.00000E+00 0.00000E+00 0.00000E+00 0.00000E+00 0.00000E+00
 6.45072E-02 2.13686E-04 1.22906E-01 6.45072E-02 2.13686E-04 1.22466E-01 0.00000E+00 0.00000E+00 0.00000E+00 0.00000E+00 0.00000E+00 0.00000E+00
 5.81331E-02 1.76640E-04 1.10850E-01 5.81331E-02 1.76640E-04 1.10466E-01 0.00000E+00 0.00000E+00 0.00000E+00 0.00000E+00 0.00000E+00 0.00000E+00
 5.23512E-02 1.45865E-04 9.99029E-02 5.23512E-02 1.45865E-04 9.95672E-02 0.00000E+00 0.00000E+00 0.00000E+00 0.00000E+00 0.00000E+00 0.00000E+00
 4.97867E-01 1.02460E-01 9.96410E-01 4.97867E-01 1.02460E-01 9.84455E-01 0.00000E+00 0.00000E+00 0.00000E+00 0.00000E+00 0.00000E+00 0.00000E+00
 4.51758E-01 6.82021E-02 8.86067E-01 4.51758E-01 6.82021E-02 8.77012E-01 0.00000E+00 0.00000E+00 0.00000E+00 0.00000E+00 0.00000E+00 0.00000E+00
 4.08672E-01 4.48054E-02 7.87133E-01 4.08672E-01 4.48054E-02 7.80194E-01 0.00000E+00 0.00000E+00 0.00000E+00 0.00000E+00 0.00000E+00 0.00000E+00
 3.69000E-01 2.91452E-02 6.99711E-01 3.69000E-01 2.91452E-02 6.94311E-01 0.00000E+00 0.00000E+00 0.00000E+00 0.00000E+00 0.00000E+00 0.00000E+00
 3.32986E-01 1.88867E-02 6.23442E-01 3.32986E-01 1.88867E-02 6.19161E-01 0.00000E+00 0.00000E+00 0.00000E+00 0.00000E+00 0.00000E+00 0.00000E+00
 3.00751E-01 1.22765E-02 5.57565E-01 3.00751E-01 1.22765E-02 5.54100E-01 0.00000E+00 0.00000E+00 0.00000E+00 0.00000E+00 0.00000E+00 0.00000E+00
 2.72065E-01 8.06063E-03 5.00739E-01 2.72065E-01 8.06063E-03 4.97879E-01 0.00000E+00 0.00000E+00 0.00000E+00 0.00000E+00 0.00000E+00 0.00000E+00
 2.52000E-01 5.89135E-03 4.61939E-01 2.52000E-01 5.89135E-03 4.59445E-01 0.00000E+00 0.00000E+00 0.00000E+00 0.00000E+00 0.00000E+00 0.00000E+00
 2.46619E-01 5.39769E-03 4.51642E-01 2.46619E-01 5.39769E-03 4.49239E-01 0.00000E+00 0.00000E+00 0.00000E+00 0.00000E+00 0.00000E+00 0.00000E+00
 2.22564E-01 3.63073E-03 4.06200E-01 2.22564E-01 3.63073E-03 4.04172E-01 0.00000E+00 0.00000E+00 0.00000E+00 0.00000E+00 0.00000E+00 0.00000E+00
 2.01092E-01 2.54613E-03 3.66343E-01 2.01092E-01 2.54613E-03 3.64611E-01 0.00000E+00 0.00000E+00 0.00000E+00 0.00000E+00 0.00000E+00 0.00000E+00
 1.81812E-01 1.86769E-03 3.30983E-01 1.81812E-01 1.86769E-03 3.29491E-01 0.00000E+00 0.00000E+00 0.00000E+00 0.00000E+00 0.00000E+00 0.00000E+00
 1.64425E-01 1.42812E-03 2.99331E-01 1.64425E-01 1.42812E-03 2.98039E-01 0.00000E+00 0.00000E+00 0.00000E+00 0.00000E+00 0.00000E+00 0.00000E+00
 1.48704E-01 1.12865E-03 2.70829E-01 1.48704E-01 1.12865E-03 2.69706E-01 0.00000E+00 0.00000E+00 0.00000E+00 0.00000E+00 0.00000E+00 0.00000E+00
 1.34449E-01 9.12447E-04 2.45032E-01 1.34449E-01 9.12447E-04 2.44053E-01 0.00000E+00 0.00000E+00 0.00000E+00 0.00000E+00 0.00000E+00 0.00000E+00
 1.21496E-01 7.47724E-04 2.21599E-01 1.21496E-01 7.47724E-04 2.20746E-01 0.00000E+00 0.00000E+00 0.00000E+00 0.00000E+00 0.00000E+00 0.00000E+00
 1.09717E-01 6.17076E-04 2.00285E-01 1.09717E-01 6.17076E-04 1.99541E-01 0.00000E+00 0.00000E+00 0.00000E+00 0.00000E+00 0.00000E+00 0.00000E+00
 9.90083E-02 5.10784E-04 1.80892E-01 9.90083E-02 5.10784E-04 1.80243E-01 0.00000E+00 0.00000E+00 0.00000E+00 0.00000E+00 0.00000E+00 0.00000E+00
 8.92761E-02 4.23120E-04 1.63252E-01 8.92761E-02 4.23120E-04 1.62686E-01 0.00000E+00 0.00000E+00 0.00000E+00 0.00000E+00 0.00000E+00 0.00000E+00
 8.04376E-02 3.50376E-04 1.47215E-01 8.04376E-02 3.50376E-04 1.46722E-01 0.00000E+00 0.00000E+00 0.00000E+00 0.00000E+00 0.00000E+00 0.00000E+00
 7.24170E-02 2.89889E-04 1.32648E-01 7.24170E-02 2.89889E-04 1.32217E-01 0.00000E+00 0.00000E+00 0.00000E+00 0.00000E+00 0.00000E+00 0.00000E+00
 6.51448E-02 2.39590E-04 1.19426E-01 6.51448E-02 2.39590E-04 1.19051E-01 0.00000E+00 0.00000E+00 0.00000E+00 0.00000E+00 0.00000E+00 0.00000E+00
 5.85569E-02 1.97794E-04 1.07437E-01 5.85569E-02 1.97794E-04 1.07110E-01 0.00000E+00 0.00000E+00 0.00000E+00 0.00000E+00 0.00000E+00 0.00000E+00
 5.25940E-02 1.63103E-04 9.65751E-02 5.25940E-02 1.63103E-04 9.62902E-02 0.00000E+00 0.00000E+00 0.00000E+00 0.00000E+00 0.00000E+00 0.00000E+00
 4.72099E-02 1.34372E-04 8.67579E-02 4.72099E-02 1.34372E-04 8.65097E-02 0.00000E+00 0.00000E+00 0.00000E+00 0.00000E+00 0.00000E+00 0.00000E+00
 4.23476E-02 1.10587E-04 7.78840E-02 4.23476E-02 1.10587E-04 7.76679E-02 0.00000E+00 0.00000E+00 0.00000E+00 0.00000E+00 0.00000E+00 0.00000E+00
 4.69868E-01 9.85590E-02 9.22038E-01 4.69868E-01 9.85590E-02 9.12659E-01 0.00000E+00 0.00000E+00 0.00000E+00 0.00000E+00 0.00000E+00 0.00000E+00
 4.19565E-01 6.40614E-02 8.04663E-01 4.19565E-01 6.40614E-02 7.97730E-01 0.00000E+00 0.00000E+00 0.00000E+00 0.00000E+00 0.00000E+00 0.00000E+00
 3.73918E-01 4.11065E-02 7.02389E-01 3.73918E-01 4.11065E-02 6.97203E-01 0.00000E+00 0.00000E+00 0.00000E+00 0.00000E+00 0.00000E+00 0.00000E+00
 3.33017E-01 2.61501E-02 6.14407E-01 3.33017E-01 2.61501E-02 6.10461E-01 0.00000E+00 0.00000E+00 0.00000E+00 0.00000E+00 0.00000E+00 0.00000E+00
 2.96858E-01 1.65870E-02 5.39600E-01 2.96858E-01 1.65870E-02 5.36536E-01 0.00000E+00 0.00000E+00 0.00000E+00 0.00000E+00 0.00000E+00 0.00000E+00
 2.65248E-01 1.05725E-02 4.76552E-01 2.65248E-01 1.05725E-02 4.74114E-01 0.00000E+00 0.00000E+00 0.00000E+00 0.00000E+00 0.00000E+00 0.00000E+00
 2.37721E-01 6.81696E-03 4.23405E-01 2.37721E-01 6.81696E-03 4.21422E-01 0.00000E+00 0.00000E+00 0.00000E+00 0.00000E+00 0.00000E+00 0.00000E+00
 2.18798E-01 4.91747E-03 3.87797E-01 2.18798E-01 4.91747E-03 3.86084E-01 0.00000E+00 0.00000E+00 0.00000E+00 0.00000E+00 0.00000E+00 0.00000E+00
 2.13771E-01 4.48895E-03 3.78442E-01 2.13771E-01 4.48895E-03 3.76796E-01 0.00000E+00 0.00000E+00 0.00000E+00 0.00000E+00 0.00000E+00 0.00000E+00
 1.91518E-01 2.97014E-03 3.37621E-01 1.91518E-01 2.97014E-03 3.36245E-01 0.00000E+00 0.00000E+00 0.00000E+00 0.00000E+00 0.00000E+00 0.00000E+00
 1.71952E-01 2.05302E-03 3.02421E-01 1.71952E-01 2.05302E-03 3.01254E-01 0.00000E+00 0.00000E+00 0.00000E+00 0.00000E+00 0.00000E+00 0.00000E+00
 1.54598E-01 1.48805E-03 2.71619E-01 1.54598E-01 1.48805E-03 2.70620E-01 0.00000E+00 0.00000E+00 0.00000E+00 0.00000E+00 0.00000E+00 0.00000E+00
 1.39103E-01 1.12719E-03 2.44349E-01 1.39103E-01 1.12719E-03 2.43488E-01 0.00000E+00 0.00000E+00 0.00000E+00 0.00000E+00 0.00000E+00 0.00000E+00
 1.25206E-01 8.84513E-04 2.20009E-01 1.25206E-01 8.84513E-04 2.19264E-01 0.00000E+00 0.00000E+00 0.00000E+00 0.00000E+00 0.00000E+00 0.00000E+00
 1.12691E-01 7.11193E-04 1.98139E-01 1.12691E-01 7.11193E-04 1.97493E-01 0.00000E+00 0.00000E+00 0.00000E+00 0.00000E+00 0.00000E+00 0.00000E+00
 1.01385E-01 5.80245E-04 1.78397E-01 1.01385E-01 5.80245E-04 1.77835E-01 0.00000E+00 0.00000E+00 0.00000E+00 0.00000E+00 0.00000E+00 0.00000E+00
 9.11616E-02 4.77031E-04 1.60540E-01 9.11616E-02 4.77031E-04 1.60052E-01 0.00000E+00 0.00000E+00 0.00000E+00 0.00000E+00 0.00000E+00 0.00000E+00
 8.19139E-02 3.93463E-04 1.44377E-01 8.19139E-02 3.93463E-04 1.43953E-01 0.00000E+00 0.00000E+00 0.00000E+00 0.00000E+00 0.00000E+00 0.00000E+00
 7.35511E-02 3.24816E-04 1.29748E-01 7.35511E-02 3.24816E-04 1.29380E-01 0.00000E+00 0.00000E+00 0.00000E+00 0.00000E+00 0.00000E+00 0.00000E+00
 6.59928E-02 2.68058E-04 1.16515E-01 6.59928E-02 2.68058E-04 1.16194E-01 0.00000E+00 0.00000E+00 0.00000E+00 0.00000E+00 0.00000E+00 0.00000E+00
 5.91665E-02 2.21029E-04 1.04551E-01 5.91665E-02 2.21029E-04 1.04273E-01 0.00000E+00 0.00000E+00 0.00000E+00 0.00000E+00 0.00000E+00 0.00000E+00
 5.30060E-02 1.82055E-04 9.37446E-02 5.30060E-02 1.82055E-04 9.35025E-02 0.00000E+00 0.00000E+00 0.00000E+00 0.00000E+00 0.00000E+00 0.00000E+00
 4.74510E-02 1.49783E-04 8.39906E-02 4.74510E-02 1.49783E-04 8.37802E-02 0.00000E+00 0.00000E+00 0.00000E+00 0.00000E+00 0.00000E+00 0.00000E+00
 4.24461E-02 1.23089E-04 7.51943E-02 4.24461E-02 1.23089E-04 7.50115E-02 0.00000E+00 0.00000E+00 0.00000E+00 0.00000E+00 0.00000E+00 0.00000E+00
 3.79476E-02 1.01059E-04 6.72808E-02 3.79476E-02 1.01059E-04 6.71220E-02 0.00000E+00 0.00000E+00 0.00000E+00 0.00000E+00 0.00000E+00 0.00000E+00
 3.39033E-02 8.28849E-05 6.01600E-02 3.39033E-02 8.28849E-05 6.00221E-02 0.00000E+00 0.00000E+00 0.00000E+00 0.00000E+00 0.00000E+00 0.00000E+00
 4.43470E-01 9.47271E-02 8.54367E-01 4.43470E-01 9.47271E-02 8.47017E-01 0.00000E+00 0.00000E+00 0.00000E+00 0.00000E+00 0.00000E+00 0.00000E+00
 3.89156E-01 6.00230E-02 7.30853E-01 3.89156E-01 6.00230E-02 7.25559E-01 0.00000E+00 0.00000E+00 0.00000E+00 0.00000E+00 0.00000E+00 0.00000E+00
 3.41196E-01 3.75531E-02 6.25974E-01 3.41196E-01 3.75531E-02 6.22114E-01 0.00000E+00 0.00000E+00 0.00000E+00 0.00000E+00 0.00000E+00 0.00000E+00
 2.99318E-01 2.33222E-02 5.38013E-01 2.99318E-01 2.33222E-02 5.35148E-01 0.00000E+00 0.00000E+00 0.00000E+00 0.00000E+00 0.00000E+00 0.00000E+00
 2.63224E-01 1.44569E-02 4.65093E-01 2.63224E-01 1.44569E-02 4.62916E-01 0.00000E+00 0.00000E+00 0.00000E+00 0.00000E+00 0.00000E+00 0.00000E+00
 2.32396E-01 9.02500E-03 4.05118E-01 2.32396E-01 9.02500E-03 4.03420E-01 0.00000E+00 0.00000E+00 0.00000E+00 0.00000E+00 0.00000E+00 0.00000E+00
 2.06141E-01 5.70932E-03 3.55722E-01 2.06141E-01 5.70932E-03 3.54362E-01 0.00000E+00 0.00000E+00 0.00000E+00 0.00000E+00 0.00000E+00 0.00000E+00
 1.88416E-01 4.06278E-03 3.23264E-01 1.88416E-01 4.06278E-03 3.22100E-01 0.00000E+00 0.00000E+00 0.00000E+00 0.00000E+00 0.00000E+00 0.00000E+00
 1.83752E-01 3.69478E-03 3.14824E-01 1.83752E-01 3.69478E-03 3.13708E-01 0.00000E+00 0.00000E+00 0.00000E+00 0.00000E+00 0.00000E+00 0.00000E+00
 1.63325E-01 2.40375E-03 2.78422E-01 1.63325E-01 2.40375E-03 2.77499E-01 0.00000E+00 0.00000E+00 0.00000E+00 0.00000E+00 0.00000E+00 0.00000E+00
 1.45653E-01 1.63727E-03 2.47586E-01 1.45653E-01 1.63727E-03 2.46809E-01 0.00000E+00 0.00000E+00 0.00000E+00 0.00000E+00 0.00000E+00 0.00000E+00
 1.30183E-01 1.17234E-03 2.20993E-01 1.30183E-01 1.17234E-03 2.20332E-01 0.00000E+00 0.00000E+00 0.00000E+00 0.00000E+00 0.00000E+00 0.00000E+00
 1.16515E-01 8.79600E-04 1.97719E-01 1.16515E-01 8.79600E-04 1.97152E-01 0.00000E+00 0.00000E+00 0.00000E+00 0.00000E+00 0.00000E+00 0.00000E+00
 1.04361E-01 6.85243E-04 1.77136E-01 1.04361E-01 6.85243E-04 1.76647E-01 0.00000E+00 0.00000E+00 0.00000E+00 0.00000E+00 0.00000E+00 0.00000E+00
 9.34929E-02 5.47920E-04 1.58780E-01 9.34929E-02 5.47920E-04 1.58358E-01 0.00000E+00 0.00000E+00 0.00000E+00 0.00000E+00 0.00000E+00 0.00000E+00
 8.37352E-02 4.45033E-04 1.42315E-01 8.37352E-02 4.45033E-04 1.41949E-01 0.00000E+00 0.00000E+00 0.00000E+00 0.00000E+00 0.00000E+00 0.00000E+00
 7.49598E-02 3.64444E-04 1.27506E-01 7.49598E-02 3.64444E-04 1.27189E-01 0.00000E+00 0.00000E+00 0.00000E+00 0.00000E+00 0.00000E+00 0.00000E+00
 6.70633E-02 2.99512E-04 1.14173E-01 6.70633E-02 2.99512E-04 1.13899E-01 0.00000E+00 0.00000E+00 0.00000E+00 0.00000E+00 0.00000E+00 0.00000E+00
 5.99581E-02 2.46390E-04 1.02167E-01 5.99581E-02 2.46390E-04 1.01929E-01 0.00000E+00 0.00000E+00 0.00000E+00 0.00000E+00 0.00000E+00 0.00000E+00
 5.35676E-02 2.02632E-04 9.13582E-02 5.35676E-02 2.02632E-04 9.11519E-02 0.00000E+00 0.00000E+00 0.00000E+00 0.00000E+00 0.00000E+00 0.00000E+00
 4.78237E-02 1.66503E-04 8.16342E-02 4.78237E-02 1.66503E-04 8.14554E-02 0.00000E+00 0.00000E+00 0.00000E+00 0.00000E+00 0.00000E+00 0.00000E+00
 4.26646E-02 1.36669E-04 7.28921E-02 4.26646E-02 1.36669E-04 7.27372E-02 0.00000E+00 0.00000E+00 0.00000E+00 0.00000E+00 0.00000E+00 0.00000E+00
 3.80342E-02 1.12051E-04 6.50387E-02 3.80342E-02 1.12051E-04 6.49044E-02 0.00000E+00 0.00000E+00 0.00000E+00 0.00000E+00 0.00000E+00 0.00000E+00
 3.38817E-02 9.17599E-05 5.79892E-02 3.38817E-02 9.17599E-05 5.78729E-02 0.00000E+00 0.00000E+00 0.00000E+00 0.00000E+00 0.00000E+00 0.00000E+00
 3.01666E-02 7.50745E-05 5.16767E-02 3.01666E-02 7.50745E-05 5.15759E-02 0.00000E+00 0.00000E+00 0.00000E+00 0.00000E+00 0.00000E+00 0.00000E+00
 2.68419E-02 6.13589E-05 4.60223E-02 2.68419E-02 6.13589E-05 4.59349E-02 0.00000E+00 0.00000E+00 0.00000E+00 0.00000E+00 0.00000E+00 0.00000E+00
 4.18600E-01 9.09604E-02 7.92685E-01 4.18600E-01 9.09604E-02 7.86928E-01 0.00000E+00 0.00000E+00 0.00000E+00 0.00000E+00 0.00000E+00 0.00000E+00
 3.60498E-01 5.60929E-02 6.63797E-01 3.60498E-01 5.60929E-02 6.59763E-01 0.00000E+00 0.00000E+00 0.00000E+00 0.00000E+00 0.00000E+00 0.00000E+00
 3.10457E-01 3.41571E-02 5.57039E-01 3.10457E-01 3.41571E-02 5.54180E-01 0.00000E+00 0.00000E+00 0.00000E+00 0.00000E+00 0.00000E+00 0.00000E+00
 2.67852E-01 2.06712E-02 4.69668E-01 2.67852E-01 2.06712E-02 4.67600E-01 0.00000E+00 0.00000E+00 0.00000E+00 0.00000E+00 0.00000E+00 0.00000E+00
 2.32036E-01 1.24994E-02 3.99017E-01 2.32036E-01 1.24994E-02 3.97484E-01 0.00000E+00 0.00000E+00 0.00000E+00 0.00000E+00 0.00000E+00 0.00000E+00
 2.02158E-01 7.63144E-03 3.42319E-01 2.02158E-01 7.63144E-03 3.41146E-01 0.00000E+00 0.00000E+00 0.00000E+00 0.00000E+00 0.00000E+00 0.00000E+00
 1.77281E-01 4.73144E-03 2.96708E-01 1.77281E-01 4.73144E-03 2.95784E-01 0.00000E+00 0.00000E+00 0.00000E+00 0.00000E+00 0.00000E+00 0.00000E+00
 1.60801E-01 3.31935E-03 2.67329E-01 1.60801E-01 3.31935E-03 2.66547E-01 0.00000E+00 0.00000E+00 0.00000E+00 0.00000E+00 0.00000E+00 0.00000E+00
 1.56507E-01 3.00689E-03 2.59771E-01 1.56507E-01 3.00689E-03 2.59023E-01 0.00000E+00 0.00000E+00 0.00000E+00 0.00000E+00 0.00000E+00 0.00000E+00
 1.37913E-01 1.92247E-03 2.27566E-01 1.37913E-01 1.92247E-03 2.26954E-01 0.00000E+00 0.00000E+00 0.00000E+00 0.00000E+00 0.00000E+00 0.00000E+00
 1.22102E-01 1.28992E-03 2.00791E-01 1.22102E-01 1.28992E-03 2.00281E-01 0.00000E+00 0.00000E+00 0.00000E+00 0.00000E+00 0.00000E+00 0.00000E+00
 1.08454E-01 9.12235E-04 1.78053E-01 1.08454E-01 9.12235E-04 1.77621E-01 0.00000E+00 0.00000E+00 0.00000E+00 0.00000E+00 0.00000E+00 0.00000E+00
 9.65302E-02 6.77809E-04 1.58394E-01 9.65302E-02 6.77809E-04 1.58025E-01 0.00000E+00 0.00000E+00 0.00000E+00 0.00000E+00 0.00000E+00 0.00000E+00
 8.60226E-02 5.24152E-04 1.41176E-01 8.60226E-02 5.24152E-04 1.40859E-01 0.00000E+00 0.00000E+00 0.00000E+00 0.00000E+00 0.00000E+00 0.00000E+00
 7.66960E-02 4.16745E-04 1.25939E-01 7.66960E-02 4.16745E-04 1.25666E-01 0.00000E+00 0.00000E+00 0.00000E+00 0.00000E+00 0.00000E+00 0.00000E+00
 6.83747E-02 3.36942E-04 1.12360E-01 6.83747E-02 3.36942E-04 1.12125E-01 0.00000E+00 0.00000E+00 0.00000E+00 0.00000E+00 0.00000E+00 0.00000E+00
 6.09335E-02 2.74830E-04 1.00218E-01 6.09335E-02 2.74830E-04 1.00015E-01 0.00000E+00 0.00000E+00 0.00000E+00 0.00000E+00 0.00000E+00 0.00000E+00
 5.42727E-02 2.25030E-04 8.93446E-02 5.42727E-02 2.25030E-04 8.91686E-02 0.00000E+00 0.00000E+00 0.00000E+00 0.00000E+00 0.00000E+00 0.00000E+00
 4.83097E-02 1.84457E-04 7.96023E-02 4.83097E-02 1.84457E-04 7.94501E-02 0.00000E+00 0.00000E+00 0.00000E+00 0.00000E+00 0.00000E+00 0.00000E+00
 4.29730E-02 1.51162E-04 7.08757E-02 4.29730E-02 1.51162E-04 7.07440E-02 0.00000E+00 0.00000E+00 0.00000E+00 0.00000E+00 0.00000E+00 0.00000E+00
 3.81996E-02 1.23773E-04 6.30627E-02 3.81996E-02 1.23773E-04 6.29489E-02 0.00000E+00 0.00000E+00 0.00000E+00 0.00000E+00 0.00000E+00 0.00000E+00
 3.39327E-02 1.01236E-04 5.60723E-02 3.39327E-02 1.01236E-04 5.59738E-02 0.00000E+00 0.00000E+00 0.00000E+00 0.00000E+00 0.00000E+00 0.00000E+00
 3.01212E-02 8.27073E-05 4.98222E-02 3.01212E-02 8.27073E-05 4.97370E-02 0.00000E+00 0.00000E+00 0.00000E+00 0.00000E+00 0.00000E+00 0.00000E+00
 2.67191E-02 6.74901E-05 4.42381E-02 2.67191E-02 6.74901E-05 4.41645E-02 0.00000E+00 0.00000E+00 0.00000E+00 0.00000E+00 0.00000E+00 0.00000E+00
 2.36898E-02 5.50226E-05 3.92612E-02 2.36898E-02 5.50226E-05 3.91975E-02 0.00000E+00 0.00000E+00 0.00000E+00 0.00000E+00 0.00000E+00 0.00000E+00
 2.09913E-02 4.48114E-05 3.48237E-02 2.09913E-02 4.48114E-05 3.47686E-02 0.00000E+00 0.00000E+00 0.00000E+00 0.00000E+00 0.00000E+00 0.00000E+00
 3.94983E-01 8.72152E-02 7.36190E-01 3.94983E-01 8.72152E-02 7.31686E-01 0.00000E+00 0.00000E+00 0.00000E+00 0.00000E+00 0.00000E+00 0.00000E+00
 3.33402E-01 5.22555E-02 6.02647E-01 3.33402E-01 5.22555E-02 5.99583E-01 0.00000E+00 0.00000E+00 0.00000E+00 0.00000E+00 0.00000E+00 0.00000E+00
 2.81568E-01 3.09160E-02 4.94677E-01 2.81568E-01 3.09160E-02 4.92568E-01 0.00000E+00 0.00000E+00 0.00000E+00 0.00000E+00 0.00000E+00 0.00000E+00
 2.38518E-01 1.81942E-02 4.08495E-01 2.38518E-01 1.81942E-02 4.07013E-01 0.00000E+00 0.00000E+00 0.00000E+00 0.00000E+00 0.00000E+00 0.00000E+00
 2.03196E-01 1.07167E-02 3.40504E-01 2.03196E-01 1.07167E-02 3.39433E-01 0.00000E+00 0.00000E+00 0.00000E+00 0.00000E+00 0.00000E+00 0.00000E+00
 1.74436E-01 6.38507E-03 2.87258E-01 1.74436E-01 6.38507E-03 2.86457E-01 0.00000E+00 0.00000E+00 0.00000E+00 0.00000E+00 0.00000E+00 0.00000E+00
 1.51034E-01 3.87461E-03 2.45445E-01 1.51034E-01 3.87461E-03 2.44825E-01 0.00000E+00 0.00000E+00 0.00000E+00 0.00000E+00 0.00000E+00 0.00000E+00
 1.35833E-01 2.67776E-03 2.19063E-01 1.35833E-01 2.67776E-03 2.18544E-01 0.00000E+00 0.00000E+00 0.00000E+00 0.00000E+00 0.00000E+00 0.00000E+00
 1.31914E-01 2.41576E-03 2.12349E-01 1.31914E-01 2.41576E-03 2.11854E-01 0.00000E+00 0.00000E+00 0.00000E+00 0.00000E+00 0.00000E+00 0.00000E+00
 1.15144E-01 1.51685E-03 1.84108E-01 1.15144E-01 1.51685E-03 1.83707E-01 0.00000E+00 0.00000E+00 0.00000E+00 0.00000E+00 0.00000E+00 0.00000E+00
 1.01144E-01 1.00214E-03 1.61089E-01 1.01144E-01 1.00214E-03 1.60756E-01 0.00000E+00 0.00000E+00 0.00000E+00 0.00000E+00 0.00000E+00 0.00000E+00
 8.92421E-02 6.99754E-04 1.41855E-01 8.92421E-02 6.99754E-04 1.41576E-01 0.00000E+00 0.00000E+00 0.00000E+00 0.00000E+00 0.00000E+00 0.00000E+00
 7.89681E-02 5.14778E-04 1.25441E-01 7.89681E-02 5.14778E-04 1.25203E-01 0.00000E+00 0.00000E+00 0.00000E+00 0.00000E+00 0.00000E+00 0.00000E+00
 7.00009E-02 3.95083E-04 1.11210E-01 7.00009E-02 3.95083E-04 1.11006E-01 0.00000E+00 0.00000E+00 0.00000E+00 0.00000E+00 0.00000E+00 0.00000E+00
 6.21031E-02 3.12311E-04 9.87184E-02 6.21031E-02 3.12311E-04 9.85436E-02 0.00000E+00 0.00000E+00 0.00000E+00 0.00000E+00 0.00000E+00 0.00000E+00
 5.51026E-02 2.51327E-04 8.76612E-02 5.51026E-02 2.51327E-04 8.75105E-02 0.00000E+00 0.00000E+00 0.00000E+00 0.00000E+00 0.00000E+00 0.00000E+00
 4.88787E-02 2.04164E-04 7.78319E-02 4.88787E-02 2.04164E-04 7.77021E-02 0.00000E+00 0.00000E+00 0.00000E+00 0.00000E+00 0.00000E+00 0.00000E+00
 4.33376E-02 1.66539E-04 6.90769E-02 4.33376E-02 1.66539E-04 6.89648E-02 0.00000E+00 0.00000E+00 0.00000E+00 0.00000E+00 0.00000E+00 0.00000E+00
 3.84025E-02 1.36015E-04 6.12733E-02 3.84025E-02 1.36015E-04 6.11766E-02 0.00000E+00 0.00000E+00 0.00000E+00 0.00000E+00 0.00000E+00 0.00000E+00
 3.40081E-02 1.11063E-04 5.43183E-02 3.40081E-02 1.11063E-04 5.42348E-02 0.00000E+00 0.00000E+00 0.00000E+00 0.00000E+00 0.00000E+00 0.00000E+00
 3.00968E-02 9.06128E-05 4.81220E-02 3.00968E-02 9.06128E-05 4.80499E-02 0.00000E+00 0.00000E+00 0.00000E+00 0.00000E+00 0.00000E+00 0.00000E+00
 2.66176E-02 7.38482E-05 4.26050E-02 2.66176E-02 7.38482E-05 4.25427E-02 0.00000E+00 0.00000E+00 0.00000E+00 0.00000E+00 0.00000E+00 0.00000E+00
 2.35248E-02 6.01150E-05 3.76958E-02 2.35248E-02 6.01150E-05 3.76421E-02 0.00000E+00 0.00000E+00 0.00000E+00 0.00000E+00 0.00000E+00 0.00000E+00
 2.07775E-02 4.88780E-05 3.33306E-02 2.07775E-02 4.88780E-05 3.32841E-02 0.00000E+00 0.00000E+00 0.00000E+00 0.00000E+00 0.00000E+00 0.00000E+00
 1.83428E-02 3.97057E-05 2.94584E-02 1.83428E-02 3.97057E-05 2.94182E-02 0.00000E+00 0.00000E+00 0.00000E+00 0.00000E+00 0.00000E+00 0.00000E+00
 1.61843E-02 3.22212E-05 2.60218E-02 1.61843E-02 3.22212E-05 2.59871E-02 0.00000E+00 0.00000E+00 0.00000E+00 0.00000E+00 0.00000E+00 0.00000E+00
 3.72841E-01 8.35414E-02 6.84799E-01 3.72841E-01 8.35414E-02 6.81270E-01 0.00000E+00 0.00000E+00 0.00000E+00 0.00000E+00 0.00000E+00 0.00000E+00
 3.08131E-01 4.85733E-02 5.47491E-01 3.08131E-01 4.85733E-02 5.45164E-01 0.00000E+00 0.00000E+00 0.00000E+00 0.00000E+00 0.00000E+00 0.00000E+00
 2.54868E-01 2.78858E-02 4.38987E-01 2.54868E-01 2.78858E-02 4.37434E-01 0.00000E+00 0.00000E+00 0.00000E+00 0.00000E+00 0.00000E+00 0.00000E+00
 2.11642E-01 1.59270E-02 3.54466E-01 2.11642E-01 1.59270E-02 3.53407E-01 0.00000E+00 0.00000E+00 0.00000E+00 0.00000E+00 0.00000E+00 0.00000E+00
 1.77008E-01 9.12243E-03 2.89413E-01 1.77008E-01 9.12243E-03 2.88668E-01 0.00000E+00 0.00000E+00 0.00000E+00 0.00000E+00 0.00000E+00 0.00000E+00
 1.49490E-01 5.29434E-03 2.39720E-01 1.49490E-01 5.29434E-03 2.39175E-01 0.00000E+00 0.00000E+00 0.00000E+00 0.00000E+00 0.00000E+00 0.00000E+00
 1.27620E-01 3.14018E-03 2.01644E-01 1.27620E-01 3.14018E-03 2.01230E-01 0.00000E+00 0.00000E+00 0.00000E+00 0.00000E+00 0.00000E+00 0.00000E+00
 1.13701E-01 2.13616E-03 1.78122E-01 1.13701E-01 2.13616E-03 1.77779E-01 0.00000E+00 0.00000E+00 0.00000E+00 0.00000E+00 0.00000E+00 0.00000E+00
 1.10151E-01 1.91890E-03 1.72203E-01 1.10151E-01 1.91890E-03 1.71877E-01 0.00000E+00 0.00000E+00 0.00000E+00 0.00000E+00 0.00000E+00 0.00000E+00
 9.51528E-02 1.18246E-03 1.47634E-01 9.51528E-02 1.18246E-03 1.47373E-01 0.00000E+00 0.00000E+00 0.00000E+00 0.00000E+00 0.00000E+00 0.00000E+00
 8.28760E-02 7.68896E-04 1.28018E-01 8.28760E-02 7.68896E-04 1.27803E-01 0.00000E+00 0.00000E+00 0.00000E+00 0.00000E+00 0.00000E+00 0.00000E+00
 7.26069E-02 5.29965E-04 1.11907E-01 7.26069E-02 5.29965E-04 1.11727E-01 0.00000E+00 0.00000E+00 0.00000E+00 0.00000E+00 0.00000E+00 0.00000E+00
 6.38560E-02 3.85939E-04 9.83436E-02 6.38560E-02 3.85939E-04 9.81910E-02 0.00000E+00 0.00000E+00 0.00000E+00 0.00000E+00 0.00000E+00 0.00000E+00
 5.62955E-02 2.93935E-04 8.67097E-02 5.62955E-02 2.93935E-04 8.65794E-02 0.00000E+00 0.00000E+00 0.00000E+00 0.00000E+00 0.00000E+00 0.00000E+00
 4.96905E-02 2.30993E-04 7.65839E-02 4.96905E-02 2.30993E-04 7.64721E-02 0.00000E+00 0.00000E+00 0.00000E+00 0.00000E+00 0.00000E+00 0.00000E+00
 4.38755E-02 1.85008E-04 6.76821E-02 4.38755E-02 1.85008E-04 6.75860E-02 0.00000E+00 0.00000E+00 0.00000E+00 0.00000E+00 0.00000E+00 0.00000E+00
 3.87362E-02 1.49673E-04 5.98164E-02 3.87362E-02 1.49673E-04 5.97336E-02 0.00000E+00 0.00000E+00 0.00000E+00 0.00000E+00 0.00000E+00 0.00000E+00
 3.41858E-02 1.21625E-04 5.28486E-02 3.41858E-02 1.21625E-04 5.27772E-02 0.00000E+00 0.00000E+00 0.00000E+00 0.00000E+00 0.00000E+00 0.00000E+00
 3.01543E-02 9.89678E-05 4.66702E-02 3.01543E-02 9.89678E-05 4.66087E-02 0.00000E+00 0.00000E+00 0.00000E+00 0.00000E+00 0.00000E+00 0.00000E+00
 2.65827E-02 8.05191E-05 4.11914E-02 2.65827E-02 8.05191E-05 4.11383E-02 0.00000E+00 0.00000E+00 0.00000E+00 0.00000E+00 0.00000E+00 0.00000E+00
 2.34196E-02 6.54557E-05 3.63344E-02 2.34196E-02 6.54557E-05 3.62886E-02 0.00000E+00 0.00000E+00 0.00000E+00 0.00000E+00 0.00000E+00 0.00000E+00
 2.06200E-02 5.31529E-05 3.20308E-02 2.06200E-02 5.31529E-05 3.19913E-02 0.00000E+00 0.00000E+00 0.00000E+00 0.00000E+00 0.00000E+00 0.00000E+00
 1.81434E-02 4.31121E-05 2.82198E-02 1.81434E-02 4.31121E-05 2.81857E-02 0.00000E+00 0.00000E+00 0.00000E+00 0.00000E+00 0.00000E+00 0.00000E+00
 1.59540E-02 3.49267E-05 2.48471E-02 1.59540E-02 3.49267E-05 2.48176E-02 0.00000E+00 0.00000E+00 0.00000E+00 0.00000E+00 0.00000E+00 0.00000E+00
 1.40233E-02 2.82704E-05 2.18696E-02 1.40233E-02 2.82704E-05 2.18441E-02 0.00000E+00 0.00000E+00 0.00000E+00 0.00000E+00 0.00000E+00 0.00000E+00
 1.23197E-02 2.28590E-05 1.92393E-02 1.23197E-02 2.28590E-05 1.92173E-02 0.00000E+00 0.00000E+00 0.00000E+00 0.00000E+00 0.00000E+00 0.00000E+00
 3.51796E-01 7.99077E-02 6.37388E-01 3.51796E-01 7.99077E-02 6.34627E-01 0.00000E+00 0.00000E+00 0.00000E+00 0.00000E+00 0.00000E+00 0.00000E+00
 2.84305E-01 4.50206E-02 4.97060E-01 2.84305E-01 4.50206E-02 4.95297E-01 0.00000E+00 0.00000E+00 0.00000E+00 0.00000E+00 0.00000E+00 0.00000E+00
 2.29933E-01 2.50244E-02 3.88675E-01 2.29933E-01 2.50244E-02 3.87538E-01 0.00000E+00 0.00000E+00 0.00000E+00 0.00000E+00 0.00000E+00 0.00000E+00
 1.86818E-01 1.38383E-02 3.06286E-01 1.86818E-01 1.38383E-02 3.05535E-01 0.00000E+00 0.00000E+00 0.00000E+00 0.00000E+00 0.00000E+00 0.00000E+00
 1.53085E-01 7.68949E-03 2.44456E-01 1.53085E-01 7.68949E-03 2.43942E-01 0.00000E+00 0.00000E+00 0.00000E+00 0.00000E+00 0.00000E+00 0.00000E+00
 1.26946E-01 4.33740E-03 1.98409E-01 1.26946E-01 4.33740E-03 1.98042E-01 0.00000E+00 0.00000E+00 0.00000E+00 0.00000E+00 0.00000E+00 0.00000E+00
 1.06674E-01 2.51026E-03 1.64013E-01 1.06674E-01 2.51026E-03 1.63739E-01 0.00000E+00 0.00000E+00 0.00000E+00 0.00000E+00 0.00000E+00 0.00000E+00
 9.40443E-02 1.67912E-03 1.43229E-01 9.40443E-02 1.67912E-03 1.43004E-01 0.00000E+00 0.00000E+00 0.00000E+00 0.00000E+00 0.00000E+00 0.00000E+00
 9.08598E-02 1.50150E-03 1.38060E-01 9.08598E-02 1.50150E-03 1.37847E-01 0.00000E+00 0.00000E+00 0.00000E+00 0.00000E+00 0.00000E+00 0.00000E+00
 7.75858E-02 9.07140E-04 1.16904E-01 7.75858E-02 9.07140E-04 1.16735E-01 0.00000E+00 0.00000E+00 0.00000E+00 0.00000E+00 0.00000E+00 0.00000E+00
 6.69475E-02 5.80167E-04 1.00380E-01 6.69475E-02 5.80167E-04 1.00242E-01 0.00000E+00 0.00000E+00 0.00000E+00 0.00000E+00 0.00000E+00 0.00000E+00
 5.82037E-02 3.94535E-04 8.70562E-02 5.82037E-02 3.94535E-04 8.69409E-02 0.00000E+00 0.00000E+00 0.00000E+00 0.00000E+00 0.00000E+00 0.00000E+00
 5.08558E-02 2.84319E-04 7.60028E-02 5.08558E-02 2.84319E-04 7.59053E-02 0.00000E+00 0.00000E+00 0.00000E+00 0.00000E+00 0.00000E+00 0.00000E+00
 4.45768E-02 2.14831E-04 6.66293E-02 4.45768E-02 2.14831E-04 6.65461E-02 0.00000E+00 0.00000E+00 0.00000E+00 0.00000E+00 0.00000E+00 0.00000E+00
 3.91386E-02 1.67811E-04 5.85432E-02 3.91386E-02 1.67811E-04 5.84719E-02 0.00000E+00 0.00000E+00 0.00000E+00 0.00000E+00 0.00000E+00 0.00000E+00
 3.43847E-02 1.33753E-04 5.14858E-02 3.43847E-02 1.33753E-04 5.14245E-02 0.00000E+00 0.00000E+00 0.00000E+00 0.00000E+00 0.00000E+00 0.00000E+00
 3.02092E-02 1.07752E-04 4.52882E-02 3.02092E-02 1.07752E-04 4.52355E-02 0.00000E+00 0.00000E+00 0.00000E+00 0.00000E+00 0.00000E+00 0.00000E+00
 2.65330E-02 8.72200E-05 3.98289E-02 2.65330E-02 8.72200E-05 3.97834E-02 0.00000E+00 0.00000E+00 0.00000E+00 0.00000E+00 0.00000E+00 0.00000E+00
 2.32936E-02 7.07065E-05 3.50138E-02 2.32936E-02 7.07065E-05 3.49746E-02 0.00000E+00 0.00000E+00 0.00000E+00 0.00000E+00 0.00000E+00 0.00000E+00
 2.04387E-02 5.73139E-05 3.07658E-02 2.04387E-02 5.73139E-05 3.07319E-02 0.00000E+00 0.00000E+00 0.00000E+00 0.00000E+00 0.00000E+00 0.00000E+00
 1.79233E-02 4.64208E-05 2.70188E-02 1.79233E-02 4.64208E-05 2.69896E-02 0.00000E+00 0.00000E+00 0.00000E+00 0.00000E+00 0.00000E+00 0.00000E+00
 1.57083E-02 3.75577E-05 2.37152E-02 1.57083E-02 3.75577E-05 2.36899E-02 0.00000E+00 0.00000E+00 0.00000E+00 0.00000E+00 0.00000E+00 0.00000E+00
 1.37586E-02 3.03515E-05 2.08039E-02 1.37586E-02 3.03515E-05 2.07821E-02 0.00000E+00 0.00000E+00 0.00000E+00 0.00000E+00 0.00000E+00 0.00000E+00
 1.20437E-02 2.44990E-05 1.82399E-02 1.20437E-02 2.44990E-05 1.82210E-02 0.00000E+00 0.00000E+00 0.00000E+00 0.00000E+00 0.00000E+00 0.00000E+00
 1.05389E-02 1.97580E-05 1.59872E-02 1.05389E-02 1.97580E-05 1.59709E-02 0.00000E+00 0.00000E+00 0.00000E+00 0.00000E+00 0.00000E+00 0.00000E+00
 9.21764E-03 1.59181E-05 1.40066E-02 9.21764E-03 1.59181E-05 1.39925E-02 0.00000E+00 0.00000E+00 0.00000E+00 0.00000E+00 0.00000E+00 0.00000E+00
 3.31870E-01 7.63416E-02 5.93725E-01 3.31870E-01 7.63416E-02 5.91564E-01 0.00000E+00 0.00000E+00 0.00000E+00 0.00000E+00 0.00000E+00 0.00000E+00
 2.61981E-01 4.16261E-02 4.51209E-01 2.61981E-01 4.16261E-02 4.49875E-01 0.00000E+00 0.00000E+00 0.00000E+00 0.00000E+00 0.00000E+00 0.00000E+00
 2.06861E-01 2.23571E-02 3.43574E-01 2.06861E-01 2.23571E-02 3.42742E-01 0.00000E+00 0.00000E+00 0.00000E+00 0.00000E+00 0.00000E+00 0.00000E+00
 1.64141E-01 1.19431E-02 2.63730E-01 1.64141E-01 1.19431E-02 2.63199E-01 0.00000E+00 0.00000E+00 0.00000E+00 0.00000E+00 0.00000E+00 0.00000E+00
 1.31508E-01 6.42383E-03 2.05329E-01 1.31508E-01 6.42383E-03 2.04976E-01 0.00000E+00 0.00000E+00 0.00000E+00 0.00000E+00 0.00000E+00 0.00000E+00
 1.06854E-01 3.51341E-03 1.62963E-01 1.06854E-01 3.51341E-03 1.62717E-01 0.00000E+00 0.00000E+00 0.00000E+00 0.00000E+00 0.00000E+00 0.00000E+00
 8.82137E-02 1.98051E-03 1.32142E-01 8.82137E-02 1.98051E-03 1.31961E-01 0.00000E+00 0.00000E+00 0.00000E+00 0.00000E+00 0.00000E+00 0.00000E+00
 7.68589E-02 1.30117E-03 1.13944E-01 7.68589E-02 1.30117E-03 1.13797E-01 0.00000E+00 0.00000E+00 0.00000E+00 0.00000E+00 0.00000E+00 0.00000E+00
 7.40296E-02 1.15794E-03 1.09473E-01 7.40296E-02 1.15794E-03 1.09334E-01 0.00000E+00 0.00000E+00 0.00000E+00 0.00000E+00 0.00000E+00 0.00000E+00
 6.24052E-02 6.85137E-04 9.14417E-02 6.24052E-02 6.85137E-04 9.13325E-02 0.00000E+00 0.00000E+00 0.00000E+00 0.00000E+00 0.00000E+00 0.00000E+00
 5.32980E-02 4.30658E-04 7.76831E-02 5.32980E-02 4.30658E-04 7.75942E-02 0.00000E+00 0.00000E+00 0.00000E+00 0.00000E+00 0.00000E+00 0.00000E+00
 4.59534E-02 2.88799E-04 6.68045E-02 4.59534E-02 2.88799E-04 6.67305E-02 0.00000E+00 0.00000E+00 0.00000E+00 0.00000E+00 0.00000E+00 0.00000E+00
 3.98742E-02 2.05877E-04 5.79197E-02 3.98742E-02 2.05877E-04 5.78571E-02 0.00000E+00 0.00000E+00 0.00000E+00 0.00000E+00 0.00000E+00 0.00000E+00
 3.47402E-02 1.54297E-04 5.04761E-02 3.47402E-02 1.54297E-04 5.04227E-02 0.00000E+00 0.00000E+00 0.00000E+00 0.00000E+00 0.00000E+00 0.00000E+00
 3.03346E-02 1.19783E-04 4.41148E-02 3.03346E-02 1.19783E-04 4.40690E-02 0.00000E+00 0.00000E+00 0.00000E+00 0.00000E+00 0.00000E+00 0.00000E+00
 2.65120E-02 9.50005E-05 3.86042E-02 2.65120E-02 9.50005E-05 3.85648E-02 0.00000E+00 0.00000E+00 0.00000E+00 0.00000E+00 0.00000E+00 0.00000E+00
 2.31760E-02 7.62075E-05 3.37957E-02 2.31760E-02 7.62075E-05 3.37617E-02 0.00000E+00 0.00000E+00 0.00000E+00 0.00000E+00 0.00000E+00 0.00000E+00
 2.02560E-02 6.14448E-05 2.95842E-02 2.02560E-02 6.14448E-05 2.95549E-02 0.00000E+00 0.00000E+00 0.00000E+00 0.00000E+00 0.00000E+00 0.00000E+00
 1.76970E-02 4.96240E-05 2.58896E-02 1.76970E-02 4.96240E-05 2.58643E-02 0.00000E+00 0.00000E+00 0.00000E+00 0.00000E+00 0.00000E+00 0.00000E+00
 1.54539E-02 4.00760E-05 2.26470E-02 1.54539E-02 4.00760E-05 2.26251E-02 0.00000E+00 0.00000E+00 0.00000E+00 0.00000E+00 0.00000E+00 0.00000E+00
 1.34879E-02 3.23400E-05 1.98013E-02 1.34879E-02 3.23400E-05 1.97824E-02 0.00000E+00 0.00000E+00 0.00000E+00 0.00000E+00 0.00000E+00 0.00000E+00
 1.17656E-02 2.60696E-05 1.73048E-02 1.17656E-02 2.60696E-05 1.72884E-02 0.00000E+00 0.00000E+00 0.00000E+00 0.00000E+00 0.00000E+00 0.00000E+00
 1.02574E-02 2.09908E-05 1.51156E-02 1.02574E-02 2.09908E-05 1.51014E-02 0.00000E+00 0.00000E+00 0.00000E+00 0.00000E+00 0.00000E+00 0.00000E+00
 8.93756E-03 1.68816E-05 1.31969E-02 8.93756E-03 1.68816E-05 1.31846E-02 0.00000E+00 0.00000E+00 0.00000E+00 0.00000E+00 0.00000E+00 0.00000E+00
 7.78530E-03 1.35655E-05 1.15192E-02 7.78530E-03 1.35655E-05 1.15086E-02 0.00000E+00 0.00000E+00 0.00000E+00 0.00000E+00 0.00000E+00 0.00000E+00
 6.77858E-03 1.08898E-05 1.00512E-02 6.77858E-03 1.08898E-05 1.00420E-02 0.00000E+00 0.00000E+00 0.00000E+00 0.00000E+00 0.00000E+00 0.00000E+00
 3.12951E-01 7.28270E-02 5.53355E-01 3.12951E-01 7.28270E-02 5.51662E-01 0.00000E+00 0.00000E+00 0.00000E+00 0.00000E+00 0.00000E+00 0.00000E+00
 2.41080E-01 3.83798E-02 4.09438E-01 2.41080E-01 3.83798E-02 4.08429E-01 0.00000E+00 0.00000E+00 0.00000E+00 0.00000E+00 0.00000E+00 0.00000E+00
 1.85560E-01 1.98828E-02 3.03141E-01 1.85560E-01 1.98828E-02 3.02534E-01 0.00000E+00 0.00000E+00 0.00000E+00 0.00000E+00 0.00000E+00 0.00000E+00
 1.43513E-01 1.02370E-02 2.26219E-01 1.43513E-01 1.02370E-02 2.25844E-01 0.00000E+00 0.00000E+00 0.00000E+00 0.00000E+00 0.00000E+00 0.00000E+00
 1.12164E-01 5.31737E-03 1.71422E-01 1.12164E-01 5.31737E-03 1.71180E-01 0.00000E+00 0.00000E+00 0.00000E+00 0.00000E+00 0.00000E+00 0.00000E+00
 8.90921E-02 2.81267E-03 1.32736E-01 8.90921E-02 2.81267E-03 1.32572E-01 0.00000E+00 0.00000E+00 0.00000E+00 0.00000E+00 0.00000E+00 0.00000E+00
 7.21047E-02 1.54128E-03 1.05361E-01 7.21047E-02 1.54128E-03 1.05242E-01 0.00000E+00 0.00000E+00 0.00000E+00 0.00000E+00 0.00000E+00 0.00000E+00
 6.19987E-02 9.93360E-04 8.95841E-02 6.19987E-02 9.93360E-04 8.94883E-02 0.00000E+00 0.00000E+00 0.00000E+00 0.00000E+00 0.00000E+00 0.00000E+00
 5.95118E-02 8.79480E-04 8.57577E-02 5.95118E-02 8.79480E-04 8.56671E-02 0.00000E+00 0.00000E+00 0.00000E+00 0.00000E+00 0.00000E+00 0.00000E+00
 4.94504E-02 5.09022E-04 7.05637E-02 4.94504E-02 5.09022E-04 7.04927E-02 0.00000E+00 0.00000E+00 0.00000E+00 0.00000E+00 0.00000E+00 0.00000E+00
 4.17571E-02 3.14188E-04 5.92530E-02 4.17571E-02 3.14188E-04 5.91953E-02 0.00000E+00 0.00000E+00 0.00000E+00 0.00000E+00 0.00000E+00 0.00000E+00
 3.56791E-02 2.07637E-04 5.04952E-02 3.56791E-02 2.07637E-04 5.04472E-02 0.00000E+00 0.00000E+00 0.00000E+00 0.00000E+00 0.00000E+00 0.00000E+00
 3.07303E-02 1.46358E-04 4.34612E-02 3.07303E-02 1.46358E-04 4.34206E-02 0.00000E+00 0.00000E+00 0.00000E+00 0.00000E+00 0.00000E+00 0.00000E+00
 2.66038E-02 1.08767E-04 3.76440E-02 2.66038E-02 1.08767E-04 3.76093E-02 0.00000E+00 0.00000E+00 0.00000E+00 0.00000E+00 0.00000E+00 0.00000E+00
 2.30975E-02 8.39025E-05 3.27215E-02 2.30975E-02 8.39025E-05 3.26917E-02 0.00000E+00 0.00000E+00 0.00000E+00 0.00000E+00 0.00000E+00 0.00000E+00
 2.00791E-02 6.62095E-05 2.84905E-02 2.00791E-02 6.62095E-05 2.84648E-02 0.00000E+00 0.00000E+00 0.00000E+00 0.00000E+00 0.00000E+00 0.00000E+00
 1.74624E-02 5.28844E-05 2.48227E-02 1.74624E-02 5.28844E-05 2.48005E-02 0.00000E+00 0.00000E+00 0.00000E+00 0.00000E+00 0.00000E+00 0.00000E+00
 1.51858E-02 4.24729E-05 2.16288E-02 1.51858E-02 4.24729E-05 2.16096E-02 0.00000E+00 0.00000E+00 0.00000E+00 0.00000E+00 0.00000E+00 0.00000E+00
 1.32019E-02 3.41735E-05 1.88422E-02 1.32019E-02 3.41735E-05 1.88256E-02 0.00000E+00 0.00000E+00 0.00000E+00 0.00000E+00 0.00000E+00 0.00000E+00
 1.14724E-02 2.74971E-05 1.64092E-02 1.14724E-02 2.74971E-05 1.63948E-02 0.00000E+00 0.00000E+00 0.00000E+00 0.00000E+00 0.00000E+00 0.00000E+00
 9.96466E-03 2.21086E-05 1.42849E-02 9.96466E-03 2.21086E-05 1.42724E-02 0.00000E+00 0.00000E+00 0.00000E+00 0.00000E+00 0.00000E+00 0.00000E+00
 8.65077E-03 1.77576E-05 1.24305E-02 8.65077E-03 1.77576E-05 1.24197E-02 0.00000E+00 0.00000E+00 0.00000E+00 0.00000E+00 0.00000E+00 0.00000E+00
 7.50626E-03 1.42467E-05 1.08124E-02 7.50626E-03 1.42467E-05 1.08030E-02 0.00000E+00 0.00000E+00 0.00000E+00 0.00000E+00 0.00000E+00 0.00000E+00
 6.50979E-03 1.14167E-05 9.40103E-03 6.50979E-03 1.14167E-05 9.39287E-03 0.00000E+00 0.00000E+00 0.00000E+00 0.00000E+00 0.00000E+00 0.00000E+00
 5.64437E-03 9.14157E-06 8.17292E-03 5.64437E-03 9.14157E-06 8.16583E-03 0.00000E+00 0.00000E+00 0.00000E+00 0.00000E+00 0.00000E+00 0.00000E+00
 4.89209E-03 7.31268E-06 7.10325E-03 4.89209E-03 7.31268E-06 7.09708E-03 0.00000E+00 0.00000E+00 0.00000E+00 0.00000E+00 0.00000E+00 0.00000E+00
 2.94912E-01 6.93482E-02 5.15883E-01 2.94912E-01 6.93482E-02 5.14555E-01 0.00000E+00 0.00000E+00 0.00000E+00 0.00000E+00 0.00000E+00 0.00000E+00
 2.21508E-01 3.52844E-02 3.71324E-01 2.21508E-01 3.52844E-02 3.70561E-01 0.00000E+00 0.00000E+00 0.00000E+00 0.00000E+00 0.00000E+00 0.00000E+00
 1.65929E-01 1.75999E-02 2.66913E-01 1.65929E-01 1.75999E-02 2.66471E-01 0.00000E+00 0.00000E+00 0.00000E+00 0.00000E+00 0.00000E+00 0.00000E+00
 1.24818E-01 8.71660E-03 1.93241E-01 1.24818E-01 8.71660E-03 1.92978E-01 0.00000E+00 0.00000E+00 0.00000E+00 0.00000E+00 0.00000E+00 0.00000E+00
 9.49369E-02 4.36012E-03 1.42177E-01 9.49369E-02 4.36012E-03 1.42012E-01 0.00000E+00 0.00000E+00 0.00000E+00 0.00000E+00 0.00000E+00 0.00000E+00
 7.35273E-02 2.22459E-03 1.07137E-01 7.35273E-02 2.22459E-03 1.07027E-01 0.00000E+00 0.00000E+00 0.00000E+00 0.00000E+00 0.00000E+00 0.00000E+00
 5.81971E-02 1.18255E-03 8.30542E-02 5.81971E-02 1.18255E-03 8.29755E-02 0.00000E+00 0.00000E+00 0.00000E+00 0.00000E+00 0.00000E+00 0.00000E+00
 4.93019E-02 7.46728E-04 6.95265E-02 4.93019E-02 7.46728E-04 6.94633E-02 0.00000E+00 0.00000E+00 0.00000E+00 0.00000E+00 0.00000E+00 0.00000E+00
 4.71419E-02 6.57525E-04 6.62898E-02 4.71419E-02 6.57525E-04 6.62301E-02 0.00000E+00 0.00000E+00 0.00000E+00 0.00000E+00 0.00000E+00 0.00000E+00
 3.85448E-02 3.71771E-04 5.36470E-02 3.85448E-02 3.71771E-04 5.36003E-02 0.00000E+00 0.00000E+00 0.00000E+00 0.00000E+00 0.00000E+00 0.00000E+00
 3.21411E-02 2.25111E-04 4.44800E-02 3.21411E-02 2.25111E-04 4.44420E-02 0.00000E+00 0.00000E+00 0.00000E+00 0.00000E+00 0.00000E+00 0.00000E+00
 2.71934E-02 1.46499E-04 3.75390E-02 2.71934E-02 1.46499E-04 3.75073E-02 0.00000E+00 0.00000E+00 0.00000E+00 0.00000E+00 0.00000E+00 0.00000E+00
 2.32362E-02 1.02048E-04 3.20633E-02 2.32362E-02 1.02048E-04 3.20364E-02 0.00000E+00 0.00000E+00 0.00000E+00 0.00000E+00 0.00000E+00 0.00000E+00
 1.99819E-02 7.51729E-05 2.75968E-02 1.99819E-02 7.51729E-05 2.75738E-02 0.00000E+00 0.00000E+00 0.00000E+00 0.00000E+00 0.00000E+00 0.00000E+00
 1.72457E-02 5.76093E-05 2.38567E-02 1.72457E-02 5.76093E-05 2.38368E-02 0.00000E+00 0.00000E+00 0.00000E+00 0.00000E+00 0.00000E+00 0.00000E+00
 1.49097E-02 4.52295E-05 2.06678E-02 1.49097E-02 4.52295E-05 2.06507E-02 0.00000E+00 0.00000E+00 0.00000E+00 0.00000E+00 0.00000E+00 0.00000E+00
 1.28987E-02 3.59722E-05 1.79219E-02 1.28987E-02 3.59722E-05 1.79070E-02 0.00000E+00 0.00000E+00 0.00000E+00 0.00000E+00 0.00000E+00 0.00000E+00
 1.11598E-02 2.87786E-05 1.55448E-02 1.11598E-02 2.87786E-05 1.55319E-02 0.00000E+00 0.00000E+00 0.00000E+00 0.00000E+00 0.00000E+00 0.00000E+00
 9.65327E-03 2.30702E-05 1.34821E-02 9.65327E-03 2.30702E-05 1.34709E-02 0.00000E+00 0.00000E+00 0.00000E+00 0.00000E+00 0.00000E+00 0.00000E+00
 8.34719E-03 1.84966E-05 1.16906E-02 8.34719E-03 1.84966E-05 1.16808E-02 0.00000E+00 0.00000E+00 0.00000E+00 0.00000E+00 0.00000E+00 0.00000E+00
 7.21483E-03 1.48194E-05 1.01342E-02 7.21483E-03 1.48194E-05 1.01257E-02 0.00000E+00 0.00000E+00 0.00000E+00 0.00000E+00 0.00000E+00 0.00000E+00
 6.23332E-03 1.18613E-05 8.78230E-03 6.23332E-03 1.18613E-05 8.77492E-03 0.00000E+00 0.00000E+00 0.00000E+00 0.00000E+00 0.00000E+00 0.00000E+00
 5.38286E-03 9.48307E-06 7.60833E-03 5.38286E-03 9.48307E-06 7.60191E-03 0.00000E+00 0.00000E+00 0.00000E+00 0.00000E+00 0.00000E+00 0.00000E+00
 4.64629E-03 7.57315E-06 6.58921E-03 4.64629E-03 7.57315E-06 6.58362E-03 0.00000E+00 0.00000E+00 0.00000E+00 0.00000E+00 0.00000E+00 0.00000E+00
 4.00993E-03 6.04334E-06 5.70660E-03 4.00993E-03 6.04334E-06 5.70172E-03 0.00000E+00 0.00000E+00 0.00000E+00 0.00000E+00 0.00000E+00 0.00000E+00
 3.45959E-03 4.81801E-06 4.94135E-03 3.45959E-03 4.81801E-06 4.93710E-03 0.00000E+00 0.00000E+00 0.00000E+00 0.00000E+00 0.00000E+00 0.00000E+00
 2.77579E-01 6.58955E-02 4.80735E-01 2.77579E-01 6.58955E-02 4.79692E-01 0.00000E+00 0.00000E+00 0.00000E+00 0.00000E+00 0.00000E+00 0.00000E+00
 2.03125E-01 3.23352E-02 3.36417E-01 2.03125E-01 3.23352E-02 3.35839E-01 0.00000E+00 0.00000E+00 0.00000E+00 0.00000E+00 0.00000E+00 0.00000E+00
 1.47875E-01 1.55024E-02 2.34428E-01 1.47875E-01 1.55024E-02 2.34106E-01 0.00000E+00 0.00000E+00 0.00000E+00 0.00000E+00 0.00000E+00 0.00000E+00
 1.07945E-01 7.37365E-03 1.64315E-01 1.07945E-01 7.37365E-03 1.64129E-01 0.00000E+00 0.00000E+00 0.00000E+00 0.00000E+00 0.00000E+00 0.00000E+00
 7.96921E-02 3.54091E-03 1.17064E-01 7.96921E-02 3.54091E-03 1.16951E-01 0.00000E+00 0.00000E+00 0.00000E+00 0.00000E+00 0.00000E+00 0.00000E+00
 6.00074E-02 1.74023E-03 8.56038E-02 6.00074E-02 1.74023E-03 8.55297E-02 0.00000E+00 0.00000E+00 0.00000E+00 0.00000E+00 0.00000E+00 0.00000E+00
 4.63186E-02 8.94129E-04 6.46408E-02 4.63186E-02 8.94129E-04 6.45883E-02 0.00000E+00 0.00000E+00 0.00000E+00 0.00000E+00 0.00000E+00 0.00000E+00
 3.85848E-02 5.52458E-04 5.31858E-02 3.85848E-02 5.52458E-04 5.31436E-02 0.00000E+00 0.00000E+00 0.00000E+00 0.00000E+00 0.00000E+00 0.00000E+00
 3.67334E-02 4.83655E-04 5.04844E-02 3.67334E-02 4.83655E-04 5.04446E-02 0.00000E+00 0.00000E+00 0.00000E+00 0.00000E+00 0.00000E+00 0.00000E+00
 2.94931E-02 2.66783E-04 4.01151E-02 2.94931E-02 2.66783E-04 4.00838E-02 0.00000E+00 0.00000E+00 0.00000E+00 0.00000E+00 0.00000E+00 0.00000E+00
 2.42506E-02 1.58294E-04 3.28042E-02 2.42506E-02 1.58294E-04 3.27787E-02 0.00000E+00 0.00000E+00 0.00000E+00 0.00000E+00 0.00000E+00 0.00000E+00
 2.02973E-02 1.01351E-04 2.73998E-02 2.02973E-02 1.01351E-04 2.73784E-02 0.00000E+00 0.00000E+00 0.00000E+00 0.00000E+00 0.00000E+00 0.00000E+00
 1.71964E-02 6.97177E-05 2.32171E-02 1.71964E-02 6.97177E-05 2.31989E-02 0.00000E+00 0.00000E+00 0.00000E+00 0.00000E+00 0.00000E+00 0.00000E+00
 1.46844E-02 5.08830E-05 1.98551E-02 1.46844E-02 5.08830E-05 1.98394E-02 0.00000E+00 0.00000E+00 0.00000E+00 0.00000E+00 0.00000E+00 0.00000E+00
 1.25961E-02 3.87311E-05 1.70705E-02 1.25961E-02 3.87311E-05 1.70569E-02 0.00000E+00 0.00000E+00 0.00000E+00 0.00000E+00 0.00000E+00 0.00000E+00
 1.08288E-02 3.02517E-05 1.47163E-02 1.08288E-02 3.02517E-05 1.47044E-02 0.00000E+00 0.00000E+00 0.00000E+00 0.00000E+00 0.00000E+00 0.00000E+00
 9.31840E-03 2.39585E-05 1.27026E-02 9.31840E-03 2.39585E-05 1.26924E-02 0.00000E+00 0.00000E+00 0.00000E+00 0.00000E+00 0.00000E+00 0.00000E+00
 8.02066E-03 1.90956E-05 1.09698E-02 8.02066E-03 1.90956E-05 1.09608E-02 0.00000E+00 0.00000E+00 0.00000E+00 0.00000E+00 0.00000E+00 0.00000E+00
 6.90295E-03 1.52541E-05 9.47417E-03 6.90295E-03 1.52541E-05 9.46637E-03 0.00000E+00 0.00000E+00 0.00000E+00 0.00000E+00 0.00000E+00 0.00000E+00
 5.93940E-03 1.21885E-05 8.18176E-03 5.93940E-03 1.21885E-05 8.17495E-03 0.00000E+00 0.00000E+00 0.00000E+00 0.00000E+00 0.00000E+00 0.00000E+00
 5.10860E-03 9.73283E-06 7.06453E-03 5.10860E-03 9.73283E-06 7.05859E-03 0.00000E+00 0.00000E+00 0.00000E+00 0.00000E+00 0.00000E+00 0.00000E+00
 4.39237E-03 7.76442E-06 6.09874E-03 4.39237E-03 7.76442E-06 6.09355E-03 0.00000E+00 0.00000E+00 0.00000E+00 0.00000E+00 0.00000E+00 0.00000E+00
 3.77508E-03 6.18746E-06 5.26396E-03 3.77508E-03 6.18746E-06 5.25944E-03 0.00000E+00 0.00000E+00 0.00000E+00 0.00000E+00 0.00000E+00 0.00000E+00
 3.24326E-03 4.92541E-06 4.54259E-03 3.24326E-03 4.92541E-06 4.53863E-03 0.00000E+00 0.00000E+00 0.00000E+00 0.00000E+00 0.00000E+00 0.00000E+00
 2.78620E-03 3.91804E-06 3.92063E-03 2.78620E-03 3.91804E-06 3.91718E-03 0.00000E+00 0.00000E+00 0.00000E+00 0.00000E+00 0.00000E+00 0.00000E+00
 2.39295E-03 3.11392E-06 3.38370E-03 2.39295E-03 3.11392E-06 3.38068E-03 0.00000E+00 0.00000E+00 0.00000E+00 0.00000E+00 0.00000E+00 0.00000E+00
 2.60824E-01 6.24720E-02 4.47570E-01 2.60824E-01 6.24720E-02 4.46751E-01 0.00000E+00 0.00000E+00 0.00000E+00 0.00000E+00 0.00000E+00 0.00000E+00
 1.85857E-01 2.95419E-02 3.04331E-01 1.85857E-01 2.95419E-02 3.03893E-01 0.00000E+00 0.00000E+00 0.00000E+00 0.00000E+00 0.00000E+00 0.00000E+00
 1.31313E-01 1.35946E-02 2.05343E-01 1.31313E-01 1.35946E-02 2.05108E-01 0.00000E+00 0.00000E+00 0.00000E+00 0.00000E+00 0.00000E+00 0.00000E+00
 9.28090E-02 6.19385E-03 1.39020E-01 9.28090E-02 6.19385E-03 1.38889E-01 0.00000E+00 0.00000E+00 0.00000E+00 0.00000E+00 0.00000E+00 0.00000E+00
 6.63061E-02 2.84808E-03 9.56405E-02 6.63061E-02 2.84808E-03 9.55625E-02 0.00000E+00 0.00000E+00 0.00000E+00 0.00000E+00 0.00000E+00 0.00000E+00
 4.83833E-02 1.34526E-03 6.76693E-02 4.83833E-02 1.34526E-03 6.76189E-02 0.00000E+00 0.00000E+00 0.00000E+00 0.00000E+00 0.00000E+00 0.00000E+00
 3.63056E-02 6.66374E-04 4.96295E-02 3.63056E-02 6.66374E-04 4.95938E-02 0.00000E+00 0.00000E+00 0.00000E+00 0.00000E+00 0.00000E+00 0.00000E+00
 2.96746E-02 4.02425E-04 4.00595E-02 2.96746E-02 4.02425E-04 4.00308E-02 0.00000E+00 0.00000E+00 0.00000E+00 0.00000E+00 0.00000E+00 0.00000E+00
 2.81113E-02 3.50171E-04 3.78374E-02 2.81113E-02 3.50171E-04 3.78102E-02 0.00000E+00 0.00000E+00 0.00000E+00 0.00000E+00 0.00000E+00 0.00000E+00
 2.21126E-02 1.88205E-04 2.94660E-02 2.21126E-02 1.88205E-04 2.94445E-02 0.00000E+00 0.00000E+00 0.00000E+00 0.00000E+00 0.00000E+00 0.00000E+00
 1.78997E-02 1.09305E-04 2.37381E-02 1.78997E-02 1.09305E-04 2.37204E-02 0.00000E+00 0.00000E+00 0.00000E+00 0.00000E+00 0.00000E+00 0.00000E+00
 1.48057E-02 6.87813E-05 1.96109E-02 1.48057E-02 6.87813E-05 1.95960E-02 0.00000E+00 0.00000E+00 0.00000E+00 0.00000E+00 0.00000E+00 0.00000E+00
 1.24300E-02 4.66825E-05 1.64818E-02 1.24300E-02 4.66825E-05 1.64690E-02 0.00000E+00 0.00000E+00 0.00000E+00 0.00000E+00 0.00000E+00 0.00000E+00
 1.05365E-02 3.37368E-05 1.40054E-02 1.05365E-02 3.37368E-05 1.39943E-02 0.00000E+00 0.00000E+00 0.00000E+00 0.00000E+00 0.00000E+00 0.00000E+00
 8.98149E-03 2.54995E-05 1.19777E-02 8.98149E-03 2.54995E-05 1.19681E-02 0.00000E+00 0.00000E+00 0.00000E+00 0.00000E+00 0.00000E+00 0.00000E+00
 7.67769E-03 1.98140E-05 1.02780E-02 7.67769E-03 1.98140E-05 1.02696E-02 0.00000E+00 0.00000E+00 0.00000E+00 0.00000E+00 0.00000E+00 0.00000E+00
 6.57164E-03 1.56281E-05 8.83403E-03 6.57164E-03 1.56281E-05 8.82670E-03 0.00000E+00 0.00000E+00 0.00000E+00 0.00000E+00 0.00000E+00 0.00000E+00
 5.62748E-03 1.24123E-05 7.59852E-03 5.62748E-03 1.24123E-05 7.59212E-03 0.00000E+00 0.00000E+00 0.00000E+00 0.00000E+00 0.00000E+00 0.00000E+00
 4.81912E-03 9.88331E-06 6.53767E-03 4.81912E-03 9.88331E-06 6.53207E-03 0.00000E+00 0.00000E+00 0.00000E+00 0.00000E+00 0.00000E+00 0.00000E+00
 4.12618E-03 7.87268E-06 5.62540E-03 4.12618E-03 7.87268E-06 5.62050E-03 0.00000E+00 0.00000E+00 0.00000E+00 0.00000E+00 0.00000E+00 0.00000E+00
 3.53199E-03 6.26766E-06 4.84044E-03 3.53199E-03 6.26766E-06 4.83615E-03 0.00000E+00 0.00000E+00 0.00000E+00 0.00000E+00 0.00000E+00 0.00000E+00
 3.02249E-03 4.98534E-06 4.16491E-03 3.02249E-03 4.98534E-06 4.16116E-03 0.00000E+00 0.00000E+00 0.00000E+00 0.00000E+00 0.00000E+00 0.00000E+00
 2.58569E-03 3.96133E-06 3.58354E-03 2.58569E-03 3.96133E-06 3.58025E-03 0.00000E+00 0.00000E+00 0.00000E+00 0.00000E+00 0.00000E+00 0.00000E+00
 2.21132E-03 3.14439E-06 3.08323E-03 2.21132E-03 3.14439E-06 3.08036E-03 0.00000E+00 0.00000E+00 0.00000E+00 0.00000E+00 0.00000E+00 0.00000E+00
 1.89125E-03 2.49435E-06 2.65363E-03 1.89125E-03 2.49435E-06 2.65111E-03 0.00000E+00 0.00000E+00 0.00000E+00 0.00000E+00 0.00000E+00 0.00000E+00
 1.61724E-03 1.97704E-06 2.28418E-03 1.61724E-03 1.97704E-06 2.28197E-03 0.00000E+00 0.00000E+00 0.00000E+00 0.00000E+00 0.00000E+00 0.00000E+00
 2.44466E-01 5.90444E-02 4.15915E-01 2.44466E-01 5.90444E-02 4.15270E-01 0.00000E+00 0.00000E+00 0.00000E+00 0.00000E+00 0.00000E+00 0.00000E+00
 1.69534E-01 2.68903E-02 2.74697E-01 1.69534E-01 2.68903E-02 2.74365E-01 0.00000E+00 0.00000E+00 0.00000E+00 0.00000E+00 0.00000E+00 0.00000E+00
 1.16074E-01 1.18605E-02 1.79189E-01 1.16074E-01 1.18605E-02 1.79017E-01 0.00000E+00 0.00000E+00 0.00000E+00 0.00000E+00 0.00000E+00 0.00000E+00
 7.92417E-02 5.16351E-03 1.16899E-01 7.92417E-02 5.16351E-03 1.16806E-01 0.00000E+00 0.00000E+00 0.00000E+00 0.00000E+00 0.00000E+00 0.00000E+00
 5.46037E-02 2.26752E-03 7.74099E-02 5.46037E-02 2.26752E-03 7.73559E-02 0.00000E+00 0.00000E+00 0.00000E+00 0.00000E+00 0.00000E+00 0.00000E+00
 3.84656E-02 1.02725E-03 5.28088E-02 3.84656E-02 1.02725E-03 5.27741E-02 0.00000E+00 0.00000E+00 0.00000E+00 0.00000E+00 0.00000E+00 0.00000E+00
 2.79563E-02 4.89332E-04 3.74940E-02 2.79563E-02 4.89332E-04 3.74694E-02 0.00000E+00 0.00000E+00 0.00000E+00 0.00000E+00 0.00000E+00 0.00000E+00
 2.23639E-02 2.88582E-04 2.96284E-02 2.23639E-02 2.88582E-04 2.96084E-02 0.00000E+00 0.00000E+00 0.00000E+00 0.00000E+00 0.00000E+00 0.00000E+00
 2.10674E-02 2.49536E-04 2.78329E-02 2.10674E-02 2.49536E-04 2.78139E-02 0.00000E+00 0.00000E+00 0.00000E+00 0.00000E+00 0.00000E+00 0.00000E+00
 1.61924E-02 1.30555E-04 2.12017E-02 1.61924E-02 1.30555E-04 2.11865E-02 0.00000E+00 0.00000E+00 0.00000E+00 0.00000E+00 0.00000E+00 0.00000E+00
 1.28811E-02 7.41382E-05 1.68088E-02 1.28811E-02 7.41382E-05 1.67962E-02 0.00000E+00 0.00000E+00 0.00000E+00 0.00000E+00 0.00000E+00 0.00000E+00
 1.05177E-02 4.57955E-05 1.37289E-02 1.05177E-02 4.57955E-05 1.37182E-02 0.00000E+00 0.00000E+00 0.00000E+00 0.00000E+00 0.00000E+00 0.00000E+00
 8.74466E-03 3.06337E-05 1.14441E-02 8.74466E-03 3.06337E-05 1.14349E-02 0.00000E+00 0.00000E+00 0.00000E+00 0.00000E+00 0.00000E+00 0.00000E+00
 7.35630E-03 2.19049E-05 9.66522E-03 7.35630E-03 2.19049E-05 9.65719E-03 0.00000E+00 0.00000E+00 0.00000E+00 0.00000E+00 0.00000E+00 0.00000E+00
 6.23093E-03 1.64346E-05 8.22579E-03 6.23093E-03 1.64346E-05 8.21879E-03 0.00000E+00 0.00000E+00 0.00000E+00 0.00000E+00 0.00000E+00 0.00000E+00
 5.29649E-03 1.27044E-05 7.02948E-03 5.29649E-03 1.27044E-05 7.02335E-03 0.00000E+00 0.00000E+00 0.00000E+00 0.00000E+00 0.00000E+00 0.00000E+00
 4.50986E-03 9.98188E-06 6.01985E-03 4.50986E-03 9.98188E-06 6.01448E-03 0.00000E+00 0.00000E+00 0.00000E+00 0.00000E+00 0.00000E+00 0.00000E+00
 3.84273E-03 7.90298E-06 5.16063E-03 3.84273E-03 7.90298E-06 5.15594E-03 0.00000E+00 0.00000E+00 0.00000E+00 0.00000E+00 0.00000E+00 0.00000E+00
 3.27491E-03 6.27517E-06 4.42640E-03 3.27491E-03 6.27517E-06 4.42228E-03 0.00000E+00 0.00000E+00 0.00000E+00 0.00000E+00 0.00000E+00 0.00000E+00
 2.79087E-03 4.98551E-06 3.79776E-03 2.79087E-03 4.98551E-06 3.79415E-03 0.00000E+00 0.00000E+00 0.00000E+00 0.00000E+00 0.00000E+00 0.00000E+00
 2.37804E-03 3.95915E-06 3.25907E-03 2.37804E-03 3.95915E-06 3.25591E-03 0.00000E+00 0.00000E+00 0.00000E+00 0.00000E+00 0.00000E+00 0.00000E+00
 2.02589E-03 3.14148E-06 2.79729E-03 2.02589E-03 3.14148E-06 2.79452E-03 0.00000E+00 0.00000E+00 0.00000E+00 0.00000E+00 0.00000E+00 0.00000E+00
 1.72554E-03 2.49031E-06 2.40135E-03 1.72554E-03 2.49031E-06 2.39892E-03 0.00000E+00 0.00000E+00 0.00000E+00 0.00000E+00 0.00000E+00 0.00000E+00
 1.46941E-03 1.97219E-06 2.06181E-03 1.46941E-03 1.97219E-06 2.05968E-03 0.00000E+00 0.00000E+00 0.00000E+00 0.00000E+00 0.00000E+00 0.00000E+00
 1.25151E-03 1.56101E-06 1.77124E-03 1.25151E-03 1.56101E-06 1.76936E-03 0.00000E+00 0.00000E+00 0.00000E+00 0.00000E+00 0.00000E+00 0.00000E+00
 1.06587E-03 1.23460E-06 1.52213E-03 1.06587E-03 1.23460E-06 1.52048E-03 0.00000E+00 0.00000E+00 0.00000E+00 0.00000E+00 0.00000E+00 0.00000E+00
 2.28333E-01 5.55896E-02 3.85384E-01 2.28333E-01 5.55896E-02 3.84875E-01 0.00000E+00 0.00000E+00 0.00000E+00 0.00000E+00 0.00000E+00 0.00000E+00
 1.54107E-01 2.43796E-02 2.47248E-01 1.54107E-01 2.43796E-02 2.46995E-01 0.00000E+00 0.00000E+00 0.00000E+00 0.00000E+00 0.00000E+00 0.00000E+00
 1.02142E-01 1.02966E-02 1.55796E-01 1.02142E-01 1.02966E-02 1.55669E-01 0.00000E+00 0.00000E+00 0.00000E+00 0.00000E+00 0.00000E+00 0.00000E+00
 6.72012E-02 4.27684E-03 9.77329E-02 6.72012E-02 4.27684E-03 9.76668E-02 0.00000E+00 0.00000E+00 0.00000E+00 0.00000E+00 0.00000E+00 0.00000E+00
 4.45177E-02 1.79008E-03 6.21027E-02 4.45177E-02 1.79008E-03 6.20649E-02 0.00000E+00 0.00000E+00 0.00000E+00 0.00000E+00 0.00000E+00 0.00000E+00
 3.01594E-02 7.76817E-04 4.07076E-02 3.01594E-02 7.76817E-04 4.06833E-02 0.00000E+00 0.00000E+00 0.00000E+00 0.00000E+00 0.00000E+00 0.00000E+00
 2.11489E-02 3.55185E-04 2.78897E-02 2.11489E-02 3.55185E-04 2.78723E-02 0.00000E+00 0.00000E+00 0.00000E+00 0.00000E+00 0.00000E+00 0.00000E+00
 1.65147E-02 2.04555E-04 2.15348E-02 1.65147E-02 2.04555E-04 2.15205E-02 0.00000E+00 0.00000E+00 0.00000E+00 0.00000E+00 0.00000E+00 0.00000E+00
 1.54597E-02 1.75770E-04 2.01105E-02 1.54597E-02 1.75770E-04 2.00969E-02 0.00000E+00 0.00000E+00 0.00000E+00 0.00000E+00 0.00000E+00 0.00000E+00
 1.15793E-02 8.95139E-05 1.49620E-02 1.15793E-02 8.95139E-05 1.49510E-02 0.00000E+00 0.00000E+00 0.00000E+00 0.00000E+00 0.00000E+00 0.00000E+00
 9.03616E-03 4.96759E-05 1.16663E-02 9.03616E-03 4.96759E-05 1.16570E-02 0.00000E+00 0.00000E+00 0.00000E+00 0.00000E+00 0.00000E+00 0.00000E+00
 7.27651E-03 3.00903E-05 9.42130E-03 7.27651E-03 3.00903E-05 9.41338E-03 0.00000E+00 0.00000E+00 0.00000E+00 0.00000E+00 0.00000E+00 0.00000E+00
 5.98890E-03 1.98148E-05 7.79307E-03 5.98890E-03 1.98148E-05 7.78621E-03 0.00000E+00 0.00000E+00 0.00000E+00 0.00000E+00 0.00000E+00 0.00000E+00
 4.99954E-03 1.40072E-05 6.54632E-03 4.99954E-03 1.40072E-05 6.54034E-03 0.00000E+00 0.00000E+00 0.00000E+00 0.00000E+00 0.00000E+00 0.00000E+00
 4.20856E-03 1.04280E-05 5.54921E-03 4.20856E-03 1.04280E-05 5.54397E-03 0.00000E+00 0.00000E+00 0.00000E+00 0.00000E+00 0.00000E+00 0.00000E+00
 3.55831E-03 8.02020E-06 4.72724E-03 3.55831E-03 8.02020E-06 4.72265E-03 0.00000E+00 0.00000E+00 0.00000E+00 0.00000E+00 0.00000E+00 0.00000E+00
 3.01510E-03 6.27966E-06 4.03766E-03 3.01510E-03 6.27966E-06 4.03363E-03 0.00000E+00 0.00000E+00 0.00000E+00 0.00000E+00 0.00000E+00 0.00000E+00
 2.55732E-03 4.95890E-06 3.45355E-03 2.55732E-03 4.95890E-06 3.45002E-03 0.00000E+00 0.00000E+00 0.00000E+00 0.00000E+00 0.00000E+00 0.00000E+00
 2.16987E-03 3.92900E-06 2.95637E-03 2.16987E-03 3.92900E-06 2.95327E-03 0.00000E+00 0.00000E+00 0.00000E+00 0.00000E+00 0.00000E+00 0.00000E+00
 1.84133E-03 3.11548E-06 2.53219E-03 1.84133E-03 3.11548E-06 2.52946E-03 0.00000E+00 0.00000E+00 0.00000E+00 0.00000E+00 0.00000E+00 0.00000E+00
 1.56252E-03 2.46964E-06 2.16986E-03 1.56252E-03 2.46964E-06 2.16747E-03 0.00000E+00 0.00000E+00 0.00000E+00 0.00000E+00 0.00000E+00 0.00000E+00
 1.32585E-03 1.95623E-06 1.86016E-03 1.32585E-03 1.95623E-06 1.85806E-03 0.00000E+00 0.00000E+00 0.00000E+00 0.00000E+00 0.00000E+00 0.00000E+00
 1.12494E-03 1.54820E-06 1.59532E-03 1.12494E-03 1.54820E-06 1.59348E-03 0.00000E+00 0.00000E+00 0.00000E+00 0.00000E+00 0.00000E+00 0.00000E+00
 9.54385E-04 1.22417E-06 1.36876E-03 9.54385E-04 1.22417E-06 1.36714E-03 0.00000E+00 0.00000E+00 0.00000E+00 0.00000E+00 0.00000E+00 0.00000E+00
 8.09946E-04 9.67503E-07 1.17529E-03 8.09946E-04 9.67503E-07 1.17387E-03 0.00000E+00 0.00000E+00 0.00000E+00 0.00000E+00 0.00000E+00 0.00000E+00
 6.87418E-04 7.64118E-07 1.00974E-03 6.87418E-04 7.64118E-07 1.00850E-03 0.00000E+00 0.00000E+00 0.00000E+00 0.00000E+00 0.00000E+00 0.00000E+00
 2.11715E-01 5.19795E-02 3.54723E-01 2.11715E-01 5.19795E-02 3.54321E-01 0.00000E+00 0.00000E+00 0.00000E+00 0.00000E+00 0.00000E+00 0.00000E+00
 1.39180E-01 2.19695E-02 2.21261E-01 1.39180E-01 2.19695E-02 2.21067E-01 0.00000E+00 0.00000E+00 0.00000E+00 0.00000E+00 0.00000E+00 0.00000E+00
 8.92689E-02 8.88275E-03 1.34625E-01 8.92689E-02 8.88275E-03 1.34532E-01 0.00000E+00 0.00000E+00 0.00000E+00 0.00000E+00 0.00000E+00 0.00000E+00
 5.65010E-02 3.51625E-03 8.10624E-02 5.65010E-02 3.51625E-03 8.10151E-02 0.00000E+00 0.00000E+00 0.00000E+00 0.00000E+00 0.00000E+00 0.00000E+00
 3.58669E-02 1.40069E-03 4.92793E-02 3.58669E-02 1.40069E-03 4.92526E-02 0.00000E+00 0.00000E+00 0.00000E+00 0.00000E+00 0.00000E+00 0.00000E+00
 2.32723E-02 5.82191E-04 3.09300E-02 2.32723E-02 5.82191E-04 3.09127E-02 0.00000E+00 0.00000E+00 0.00000E+00 0.00000E+00 0.00000E+00 0.00000E+00
 1.56793E-02 2.55197E-04 2.03826E-02 1.56793E-02 2.55197E-04 2.03700E-02 0.00000E+00 0.00000E+00 0.00000E+00 0.00000E+00 0.00000E+00 0.00000E+00
 1.19174E-02 1.43650E-04 1.53517E-02 1.19174E-02 1.43650E-04 1.53413E-02 0.00000E+00 0.00000E+00 0.00000E+00 0.00000E+00 0.00000E+00 0.00000E+00
 1.10780E-02 1.22695E-04 1.42467E-02 1.10780E-02 1.22695E-04 1.42368E-02 0.00000E+00 0.00000E+00 0.00000E+00 0.00000E+00 0.00000E+00 0.00000E+00
 8.06313E-03 6.08785E-05 1.03424E-02 8.06313E-03 6.08785E-05 1.03342E-02 0.00000E+00 0.00000E+00 0.00000E+00 0.00000E+00 0.00000E+00 0.00000E+00
 6.16233E-03 3.30165E-05 7.93247E-03 6.16233E-03 3.30165E-05 7.92553E-03 0.00000E+00 0.00000E+00 0.00000E+00 0.00000E+00 0.00000E+00 0.00000E+00
 4.89004E-03 1.95939E-05 6.33908E-03 4.89004E-03 1.95939E-05 6.33310E-03 0.00000E+00 0.00000E+00 0.00000E+00 0.00000E+00 0.00000E+00 0.00000E+00
 3.98358E-03 1.26856E-05 5.20958E-03 3.98358E-03 1.26856E-05 5.20438E-03 0.00000E+00 0.00000E+00 0.00000E+00 0.00000E+00 0.00000E+00 0.00000E+00
 3.30075E-03 8.85586E-06 4.35854E-03 3.30075E-03 8.85586E-06 4.35399E-03 0.00000E+00 0.00000E+00 0.00000E+00 0.00000E+00 0.00000E+00 0.00000E+00
 2.76256E-03 6.53896E-06 3.68530E-03 2.76256E-03 6.53896E-06 3.68131E-03 0.00000E+00 0.00000E+00 0.00000E+00 0.00000E+00 0.00000E+00 0.00000E+00
 2.32456E-03 5.00403E-06 3.13425E-03 2.32456E-03 5.00403E-06 3.13075E-03 0.00000E+00 0.00000E+00 0.00000E+00 0.00000E+00 0.00000E+00 0.00000E+00
 1.96136E-03 3.90632E-06 2.67416E-03 1.96136E-03 3.90632E-06 2.67108E-03 0.00000E+00 0.00000E+00 0.00000E+00 0.00000E+00 0.00000E+00 0.00000E+00
 1.65709E-03 3.07884E-06 2.28576E-03 1.65709E-03 3.07884E-06 2.28306E-03 0.00000E+00 0.00000E+00 0.00000E+00 0.00000E+00 0.00000E+00 0.00000E+00
 1.40086E-03 2.43607E-06 1.95602E-03 1.40086E-03 2.43607E-06 1.95365E-03 0.00000E+00 0.00000E+00 0.00000E+00 0.00000E+00 0.00000E+00 0.00000E+00
 1.18460E-03 1.92955E-06 1.67529E-03 1.18460E-03 1.92955E-06 1.67321E-03 0.00000E+00 0.00000E+00 0.00000E+00 0.00000E+00 0.00000E+00 0.00000E+00
 1.00188E-03 1.52809E-06 1.43590E-03 1.00188E-03 1.52809E-06 1.43408E-03 0.00000E+00 0.00000E+00 0.00000E+00 0.00000E+00 0.00000E+00 0.00000E+00
 8.47421E-04 1.20937E-06 1.23158E-03 8.47421E-04 1.20937E-06 1.22997E-03 0.00000E+00 0.00000E+00 0.00000E+00 0.00000E+00 0.00000E+00 0.00000E+00
 7.16824E-04 9.56370E-07 1.05704E-03 7.16824E-04 9.56370E-07 1.05563E-03 0.00000E+00 0.00000E+00 0.00000E+00 0.00000E+00 0.00000E+00 0.00000E+00
 6.06390E-04 7.55663E-07 9.07848E-04 6.06390E-04 7.55663E-07 9.06610E-04 0.00000E+00 0.00000E+00 0.00000E+00 0.00000E+00 0.00000E+00 0.00000E+00
 5.13212E-04 5.96839E-07 7.80510E-04 5.13212E-04 5.96839E-07 7.79423E-04 0.00000E+00 0.00000E+00 0.00000E+00 0.00000E+00 0.00000E+00 0.00000E+00
 4.34447E-04 4.71097E-07 6.71572E-04 4.34447E-04 4.71097E-07 6.70618E-04 0.00000E+00 0.00000E+00 0.00000E+00 0.00000E+00 0.00000E+00 0.00000E+00
 1.94810E-01 4.82754E-02 3.24080E-01 1.94810E-01 4.82754E-02 3.23762E-01 0.00000E+00 0.00000E+00 0.00000E+00 0.00000E+00 0.00000E+00 0.00000E+00
 1.24799E-01 1.96707E-02 1.96682E-01 1.24799E-01 1.96707E-02 1.96534E-01 0.00000E+00 0.00000E+00 0.00000E+00 0.00000E+00 0.00000E+00 0.00000E+00
 7.74130E-02 7.61306E-03 1.15506E-01 7.74130E-02 7.61306E-03 1.15437E-01 0.00000E+00 0.00000E+00 0.00000E+00 0.00000E+00 0.00000E+00 0.00000E+00
 4.70398E-02 2.87077E-03 6.66391E-02 4.70398E-02 2.87077E-03 6.66048E-02 0.00000E+00 0.00000E+00 0.00000E+00 0.00000E+00 0.00000E+00 0.00000E+00
 2.85156E-02 1.08779E-03 3.86370E-02 2.85156E-02 1.08779E-03 3.86177E-02 0.00000E+00 0.00000E+00 0.00000E+00 0.00000E+00 0.00000E+00 0.00000E+00
 1.76448E-02 4.33545E-04 2.31377E-02 1.76448E-02 4.33545E-04 2.31250E-02 0.00000E+00 0.00000E+00 0.00000E+00 0.00000E+00 0.00000E+00 0.00000E+00
 1.13733E-02 1.82177E-04 1.46241E-02 1.13733E-02 1.82177E-04 1.46149E-02 0.00000E+00 0.00000E+00 0.00000E+00 0.00000E+00 0.00000E+00 0.00000E+00
 8.39168E-03 1.00460E-04 1.07336E-02 8.39168E-03 1.00460E-04 1.07258E-02 0.00000E+00 0.00000E+00 0.00000E+00 0.00000E+00 0.00000E+00 0.00000E+00
 7.74078E-03 8.53435E-05 9.89749E-03 7.74078E-03 8.53435E-05 9.89001E-03 0.00000E+00 0.00000E+00 0.00000E+00 0.00000E+00 0.00000E+00 0.00000E+00
 5.46256E-03 4.13598E-05 7.01473E-03 5.46256E-03 4.13598E-05 7.00851E-03 0.00000E+00 0.00000E+00 0.00000E+00 0.00000E+00 0.00000E+00 0.00000E+00
 4.08437E-03 2.19431E-05 5.30139E-03 4.08437E-03 2.19431E-05 5.29608E-03 0.00000E+00 0.00000E+00 0.00000E+00 0.00000E+00 0.00000E+00 0.00000E+00
 3.19343E-03 1.27527E-05 4.20164E-03 3.19343E-03 1.27527E-05 4.19704E-03 0.00000E+00 0.00000E+00 0.00000E+00 0.00000E+00 0.00000E+00 0.00000E+00
 2.57587E-03 8.10754E-06 3.43863E-03 2.57587E-03 8.10754E-06 3.43463E-03 0.00000E+00 0.00000E+00 0.00000E+00 0.00000E+00 0.00000E+00 0.00000E+00
 2.12005E-03 5.58303E-06 2.87197E-03 2.12005E-03 5.58303E-06 2.86846E-03 0.00000E+00 0.00000E+00 0.00000E+00 0.00000E+00 0.00000E+00 0.00000E+00
 1.76581E-03 4.08627E-06 2.42763E-03 1.76581E-03 4.08627E-06 2.42455E-03 0.00000E+00 0.00000E+00 0.00000E+00 0.00000E+00 0.00000E+00 0.00000E+00
 1.48025E-03 3.11166E-06 2.06574E-03 1.48025E-03 3.11166E-06 2.06304E-03 0.00000E+00 0.00000E+00 0.00000E+00 0.00000E+00 0.00000E+00 0.00000E+00
 1.24502E-03 2.42303E-06 1.76439E-03 1.24502E-03 2.42303E-06 1.76202E-03 0.00000E+00 0.00000E+00 0.00000E+00 0.00000E+00 0.00000E+00 0.00000E+00
 1.04894E-03 1.90753E-06 1.51033E-03 1.04894E-03 1.90753E-06 1.50825E-03 0.00000E+00 0.00000E+00 0.00000E+00 0.00000E+00 0.00000E+00 0.00000E+00
 8.84495E-04 1.50852E-06 1.29476E-03 8.84495E-04 1.50852E-06 1.29293E-03 0.00000E+00 0.00000E+00 0.00000E+00 0.00000E+00 0.00000E+00 0.00000E+00
 7.46195E-04 1.19460E-06 1.11122E-03 7.46195E-04 1.19460E-06 1.10961E-03 0.00000E+00 0.00000E+00 0.00000E+00 0.00000E+00 0.00000E+00 0.00000E+00
 6.29725E-04 9.45985E-07 9.54650E-04 6.29725E-04 9.45985E-07 9.53238E-04 0.00000E+00 0.00000E+00 0.00000E+00 0.00000E+00 0.00000E+00 0.00000E+00
 5.31574E-04 7.48688E-07 8.20908E-04 5.31574E-04 7.48688E-07 8.19669E-04 0.00000E+00 0.00000E+00 0.00000E+00 0.00000E+00 0.00000E+00 0.00000E+00
 4.48823E-04 5.92097E-07 7.06538E-04 4.48823E-04 5.92097E-07 7.05451E-04 0.00000E+00 0.00000E+00 0.00000E+00 0.00000E+00 0.00000E+00 0.00000E+00
 3.79034E-04 4.67888E-07 6.08636E-04 3.79034E-04 4.67888E-07 6.07682E-04 0.00000E+00 0.00000E+00 0.00000E+00 0.00000E+00 0.00000E+00 0.00000E+00
 3.20300E-04 3.69601E-07 5.24930E-04 3.20300E-04 3.69601E-07 5.24093E-04 0.00000E+00 0.00000E+00 0.00000E+00 0.00000E+00 0.00000E+00 0.00000E+00
 2.70765E-04 2.91786E-07 4.53174E-04 2.70765E-04 2.91786E-07 4.52439E-04 0.00000E+00 0.00000E+00 0.00000E+00 0.00000E+00 0.00000E+00 0.00000E+00
 1.76748E-01 4.43116E-02 2.92109E-01 1.76748E-01 4.43116E-02 2.91858E-01 0.00000E+00 0.00000E+00 0.00000E+00 0.00000E+00 0.00000E+00 0.00000E+00
 1.10499E-01 1.74436E-02 1.72724E-01 1.10499E-01 1.74436E-02 1.72610E-01 0.00000E+00 0.00000E+00 0.00000E+00 0.00000E+00 0.00000E+00 0.00000E+00
 6.63392E-02 6.47010E-03 9.79765E-02 6.63392E-02 6.47010E-03 9.79250E-02 0.00000E+00 0.00000E+00 0.00000E+00 0.00000E+00 0.00000E+00 0.00000E+00
 3.86679E-02 2.32638E-03 5.41267E-02 3.86679E-02 2.32638E-03 5.41017E-02 0.00000E+00 0.00000E+00 0.00000E+00 0.00000E+00 0.00000E+00 0.00000E+00
 2.23292E-02 8.42733E-04 2.98762E-02 2.23292E-02 8.42733E-04 2.98621E-02 0.00000E+00 0.00000E+00 0.00000E+00 0.00000E+00 0.00000E+00 0.00000E+00
 1.31283E-02 3.21960E-04 1.70262E-02 1.31283E-02 3.21960E-04 1.70168E-02 0.00000E+00 0.00000E+00 0.00000E+00 0.00000E+00 0.00000E+00 0.00000E+00
 8.06642E-03 1.29892E-04 1.03061E-02 8.06642E-03 1.29892E-04 1.02991E-02 0.00000E+00 0.00000E+00 0.00000E+00 0.00000E+00 0.00000E+00 0.00000E+00
 5.76633E-03 7.04409E-05 7.37532E-03 5.76633E-03 7.04409E-05 7.36936E-03 0.00000E+00 0.00000E+00 0.00000E+00 0.00000E+00 0.00000E+00 0.00000E+00
 5.27627E-03 5.95820E-05 6.76034E-03 5.27627E-03 5.95820E-05 6.75462E-03 0.00000E+00 0.00000E+00 0.00000E+00 0.00000E+00 0.00000E+00 0.00000E+00
 3.60655E-03 2.83160E-05 4.69254E-03 3.60655E-03 2.83160E-05 4.68774E-03 0.00000E+00 0.00000E+00 0.00000E+00 0.00000E+00 0.00000E+00 0.00000E+00
 2.63903E-03 1.47263E-05 3.50917E-03 2.63903E-03 1.47263E-05 3.50506E-03 0.00000E+00 0.00000E+00 0.00000E+00 0.00000E+00 0.00000E+00 0.00000E+00
 2.03509E-03 8.38321E-06 2.76995E-03 2.03509E-03 8.38321E-06 2.76638E-03 0.00000E+00 0.00000E+00 0.00000E+00 0.00000E+00 0.00000E+00 0.00000E+00
 1.62769E-03 5.22860E-06 2.26617E-03 1.62769E-03 5.22860E-06 2.26306E-03 0.00000E+00 0.00000E+00 0.00000E+00 0.00000E+00 0.00000E+00 0.00000E+00
 1.33271E-03 3.54749E-06 1.89577E-03 1.33271E-03 3.54749E-06 1.89304E-03 0.00000E+00 0.00000E+00 0.00000E+00 0.00000E+00 0.00000E+00 0.00000E+00
 1.10636E-03 2.57187E-06 1.60666E-03 1.10636E-03 2.57187E-06 1.60427E-03 0.00000E+00 0.00000E+00 0.00000E+00 0.00000E+00 0.00000E+00 0.00000E+00
 9.25381E-04 1.94862E-06 1.37154E-03 9.25381E-04 1.94862E-06 1.36944E-03 0.00000E+00 0.00000E+00 0.00000E+00 0.00000E+00 0.00000E+00 0.00000E+00
 7.77069E-04 1.51412E-06 1.17565E-03 7.77069E-04 1.51412E-06 1.17380E-03 0.00000E+00 0.00000E+00 0.00000E+00 0.00000E+00 0.00000E+00 0.00000E+00
 6.53864E-04 1.19130E-06 1.01023E-03 6.53864E-04 1.19130E-06 1.00861E-03 0.00000E+00 0.00000E+00 0.00000E+00 0.00000E+00 0.00000E+00 0.00000E+00
 5.50801E-04 9.42262E-07 8.69550E-04 5.50801E-04 9.42262E-07 8.68130E-04 0.00000E+00 0.00000E+00 0.00000E+00 0.00000E+00 0.00000E+00 0.00000E+00
 4.64297E-04 7.46535E-07 7.49448E-04 4.64297E-04 7.46535E-07 7.48202E-04 0.00000E+00 0.00000E+00 0.00000E+00 0.00000E+00 0.00000E+00 0.00000E+00
 3.91571E-04 5.91522E-07 6.46678E-04 3.91571E-04 5.91522E-07 6.45584E-04 0.00000E+00 0.00000E+00 0.00000E+00 0.00000E+00 0.00000E+00 0.00000E+00
 3.30371E-04 4.68453E-07 5.58593E-04 3.30371E-04 4.68453E-07 5.57633E-04 0.00000E+00 0.00000E+00 0.00000E+00 0.00000E+00 0.00000E+00 0.00000E+00
 2.78838E-04 3.70716E-07 4.82989E-04 2.78838E-04 3.70716E-07 4.82148E-04 0.00000E+00 0.00000E+00 0.00000E+00 0.00000E+00 0.00000E+00 0.00000E+00
 2.35425E-04 2.93140E-07 4.18018E-04 2.35425E-04 2.93140E-07 4.17280E-04 0.00000E+00 0.00000E+00 0.00000E+00 0.00000E+00 0.00000E+00 0.00000E+00
 1.98920E-04 2.31711E-07 3.62233E-04 1.98920E-04 2.31711E-07 3.61587E-04 0.00000E+00 0.00000E+00 0.00000E+00 0.00000E+00 0.00000E+00 0.00000E+00
 1.68156E-04 1.83044E-07 3.14203E-04 1.68156E-04 1.83044E-07 3.13637E-04 0.00000E+00 0.00000E+00 0.00000E+00 0.00000E+00 0.00000E+00 0.00000E+00
 1.56867E-01 3.99464E-02 2.57629E-01 1.56867E-01 3.99464E-02 2.57430E-01 0.00000E+00 0.00000E+00 0.00000E+00 0.00000E+00 0.00000E+00 0.00000E+00
 9.58894E-02 1.52424E-02 1.48721E-01 9.58894E-02 1.52424E-02 1.48633E-01 0.00000E+00 0.00000E+00 0.00000E+00 0.00000E+00 0.00000E+00 0.00000E+00
 5.58016E-02 5.43843E-03 8.16358E-02 5.58016E-02 5.43843E-03 8.15970E-02 0.00000E+00 0.00000E+00 0.00000E+00 0.00000E+00 0.00000E+00 0.00000E+00
 3.12234E-02 1.87167E-03 4.32248E-02 3.12234E-02 1.87167E-03 4.32062E-02 0.00000E+00 0.00000E+00 0.00000E+00 0.00000E+00 0.00000E+00 0.00000E+00
 1.71614E-02 6.50895E-04 2.27081E-02 1.71614E-02 6.50895E-04 2.26976E-02 0.00000E+00 0.00000E+00 0.00000E+00 0.00000E+00 0.00000E+00 0.00000E+00
 9.56952E-03 2.39513E-04 1.23120E-02 9.56952E-03 2.39513E-04 1.23049E-02 0.00000E+00 0.00000E+00 0.00000E+00 0.00000E+00 0.00000E+00 0.00000E+00
 5.59600E-03 9.34777E-05 7.14872E-03 5.59600E-03 9.34777E-05 7.14337E-03 0.00000E+00 0.00000E+00 0.00000E+00 0.00000E+00 0.00000E+00 0.00000E+00
 3.87516E-03 4.98875E-05 5.00456E-03 3.87516E-03 4.98875E-05 4.99997E-03 0.00000E+00 0.00000E+00 0.00000E+00 0.00000E+00 0.00000E+00 0.00000E+00
 3.51765E-03 4.20680E-05 4.56576E-03 3.51765E-03 4.20680E-05 4.56135E-03 0.00000E+00 0.00000E+00 0.00000E+00 0.00000E+00 0.00000E+00 0.00000E+00
 2.33297E-03 1.97003E-05 3.12672E-03 2.33297E-03 1.97003E-05 3.12299E-03 0.00000E+00 0.00000E+00 0.00000E+00 0.00000E+00 0.00000E+00 0.00000E+00
 1.67505E-03 1.00696E-05 2.33108E-03 1.67505E-03 1.00696E-05 2.32787E-03 0.00000E+00 0.00000E+00 0.00000E+00 0.00000E+00 0.00000E+00 0.00000E+00
 1.27771E-03 5.61908E-06 1.84440E-03 1.27771E-03 5.61908E-06 1.84161E-03 0.00000E+00 0.00000E+00 0.00000E+00 0.00000E+00 0.00000E+00 0.00000E+00
 1.01586E-03 3.43624E-06 1.51585E-03 1.01586E-03 3.43624E-06 1.51342E-03 0.00000E+00 0.00000E+00 0.00000E+00 0.00000E+00 0.00000E+00 0.00000E+00
 8.29320E-04 2.29465E-06 1.27493E-03 8.29320E-04 2.29465E-06 1.27280E-03 0.00000E+00 0.00000E+00 0.00000E+00 0.00000E+00 0.00000E+00 0.00000E+00
 6.87642E-04 1.64644E-06 1.08663E-03 6.87642E-04 1.64644E-06 1.08477E-03 0.00000E+00 0.00000E+00 0.00000E+00 0.00000E+00 0.00000E+00 0.00000E+00
 5.75001E-04 1.24070E-06 9.32944E-04 5.75001E-04 1.24070E-06 9.31307E-04 0.00000E+00 0.00000E+00 0.00000E+00 0.00000E+00 0.00000E+00 0.00000E+00
 4.82957E-04 9.61967E-07 8.04305E-04 4.82957E-04 9.61967E-07 8.02869E-04 0.00000E+00 0.00000E+00 0.00000E+00 0.00000E+00 0.00000E+00 0.00000E+00
 4.06592E-04 7.56567E-07 6.95126E-04 4.06592E-04 7.56567E-07 6.93866E-04 0.00000E+00 0.00000E+00 0.00000E+00 0.00000E+00 0.00000E+00 0.00000E+00
 3.42741E-04 5.98648E-07 6.01777E-04 3.42741E-04 5.98648E-07 6.00673E-04 0.00000E+00 0.00000E+00 0.00000E+00 0.00000E+00 0.00000E+00 0.00000E+00
 2.89148E-04 4.74637E-07 5.21642E-04 2.89148E-04 4.74637E-07 5.20674E-04 0.00000E+00 0.00000E+00 0.00000E+00 0.00000E+00 0.00000E+00 0.00000E+00
 2.44078E-04 3.76386E-07 4.52680E-04 2.44078E-04 3.76386E-07 4.51832E-04 0.00000E+00 0.00000E+00 0.00000E+00 0.00000E+00 0.00000E+00 0.00000E+00
 2.06134E-04 2.98317E-07 3.93229E-04 2.06134E-04 2.98317E-07 3.92485E-04 0.00000E+00 0.00000E+00 0.00000E+00 0.00000E+00 0.00000E+00 0.00000E+00
 1.74165E-04 2.36261E-07 3.41900E-04 1.74165E-04 2.36261E-07 3.41249E-04 0.00000E+00 0.00000E+00 0.00000E+00 0.00000E+00 0.00000E+00 0.00000E+00
 1.47213E-04 1.86957E-07 2.97525E-04 1.47213E-04 1.86957E-07 2.96954E-04 0.00000E+00 0.00000E+00 0.00000E+00 0.00000E+00 0.00000E+00 0.00000E+00
 1.24530E-04 1.47880E-07 2.59191E-04 1.24530E-04 1.47880E-07 2.58692E-04 0.00000E+00 0.00000E+00 0.00000E+00 0.00000E+00 0.00000E+00 0.00000E+00
 1.05397E-04 1.16893E-07 2.25987E-04 1.05397E-04 1.16893E-07 2.25550E-04 0.00000E+00 0.00000E+00 0.00000E+00 0.00000E+00 0.00000E+00 0.00000E+00
 1.34608E-01 3.50625E-02 2.19754E-01 1.34608E-01 3.50625E-02 2.19598E-01 0.00000E+00 0.00000E+00 0.00000E+00 0.00000E+00 0.00000E+00 0.00000E+00
 8.05615E-02 1.30195E-02 1.24035E-01 8.05615E-02 1.30195E-02 1.23968E-01 0.00000E+00 0.00000E+00 0.00000E+00 0.00000E+00 0.00000E+00 0.00000E+00
 4.55469E-02 4.49636E-03 6.60507E-02 4.55469E-02 4.49636E-03 6.60212E-02 0.00000E+00 0.00000E+00 0.00000E+00 0.00000E+00 0.00000E+00 0.00000E+00
 2.45299E-02 1.49360E-03 3.36233E-02 2.45299E-02 1.49360E-03 3.36092E-02 0.00000E+00 0.00000E+00 0.00000E+00 0.00000E+00 0.00000E+00 0.00000E+00
 1.28638E-02 5.02098E-04 1.68674E-02 1.28638E-02 5.02098E-04 1.68594E-02 0.00000E+00 0.00000E+00 0.00000E+00 0.00000E+00 0.00000E+00 0.00000E+00
 6.81767E-03 1.79343E-04 8.73849E-03 6.81767E-03 1.79343E-04 8.73306E-03 0.00000E+00 0.00000E+00 0.00000E+00 0.00000E+00 0.00000E+00 0.00000E+00
 3.80557E-03 6.86420E-05 4.90322E-03 3.80557E-03 6.86420E-05 4.89908E-03 0.00000E+00 0.00000E+00 0.00000E+00 0.00000E+00 0.00000E+00 0.00000E+00
 2.56129E-03 3.59123E-05 3.38315E-03 2.56129E-03 3.59123E-05 3.37959E-03 0.00000E+00 0.00000E+00 0.00000E+00 0.00000E+00 0.00000E+00 0.00000E+00
 2.30924E-03 3.02279E-05 3.07995E-03 2.30924E-03 3.02279E-05 3.07652E-03 0.00000E+00 0.00000E+00 0.00000E+00 0.00000E+00 0.00000E+00 0.00000E+00
 1.49492E-03 1.40078E-05 2.10634E-03 1.49492E-03 1.40078E-05 2.10343E-03 0.00000E+00 0.00000E+00 0.00000E+00 0.00000E+00 0.00000E+00 0.00000E+00
 1.05917E-03 7.05272E-06 1.58143E-03 1.05917E-03 7.05272E-06 1.57892E-03 0.00000E+00 0.00000E+00 0.00000E+00 0.00000E+00 0.00000E+00 0.00000E+00
 8.02674E-04 3.86099E-06 1.26305E-03 8.02674E-04 3.86099E-06 1.26087E-03 0.00000E+00 0.00000E+00 0.00000E+00 0.00000E+00 0.00000E+00 0.00000E+00
 6.36605E-04 2.31430E-06 1.04771E-03 6.36605E-04 2.31430E-06 1.04581E-03 0.00000E+00 0.00000E+00 0.00000E+00 0.00000E+00 0.00000E+00 0.00000E+00
 5.19609E-04 1.51954E-06 8.88672E-04 5.19609E-04 1.51954E-06 8.87007E-04 0.00000E+00 0.00000E+00 0.00000E+00 0.00000E+00 0.00000E+00 0.00000E+00
 4.31227E-04 1.07790E-06 7.63202E-04 4.31227E-04 1.07790E-06 7.61744E-04 0.00000E+00 0.00000E+00 0.00000E+00 0.00000E+00 0.00000E+00 0.00000E+00
 3.61125E-04 8.07225E-07 6.59887E-04 3.61125E-04 8.07225E-07 6.58609E-04 0.00000E+00 0.00000E+00 0.00000E+00 0.00000E+00 0.00000E+00 0.00000E+00
 3.03855E-04 6.24196E-07 5.72694E-04 3.03855E-04 6.24196E-07 5.71574E-04 0.00000E+00 0.00000E+00 0.00000E+00 0.00000E+00 0.00000E+00 0.00000E+00
 2.56296E-04 4.90537E-07 4.98114E-04 2.56296E-04 4.90537E-07 4.97133E-04 0.00000E+00 0.00000E+00 0.00000E+00 0.00000E+00 0.00000E+00 0.00000E+00
 2.16468E-04 3.88182E-07 4.33870E-04 2.16468E-04 3.88182E-07 4.33012E-04 0.00000E+00 0.00000E+00 0.00000E+00 0.00000E+00 0.00000E+00 0.00000E+00
 1.82976E-04 3.07893E-07 3.78319E-04 1.82976E-04 3.07893E-07 3.77567E-04 0.00000E+00 0.00000E+00 0.00000E+00 0.00000E+00 0.00000E+00 0.00000E+00
 1.54755E-04 2.44273E-07 3.30172E-04 1.54755E-04 2.44273E-07 3.29514E-04 0.00000E+00 0.00000E+00 0.00000E+00 0.00000E+00 0.00000E+00 0.00000E+00
 1.30947E-04 1.93693E-07 2.88375E-04 1.30947E-04 1.93693E-07 2.87799E-04 0.00000E+00 0.00000E+00 0.00000E+00 0.00000E+00 0.00000E+00 0.00000E+00
 1.10845E-04 1.53460E-07 2.52041E-04 1.10845E-04 1.53460E-07 2.51537E-04 0.00000E+00 0.00000E+00 0.00000E+00 0.00000E+00 0.00000E+00 0.00000E+00
 9.38630E-05 1.21473E-07 2.20420E-04 9.38630E-05 1.21473E-07 2.19979E-04 0.00000E+00 0.00000E+00 0.00000E+00 0.00000E+00 0.00000E+00 0.00000E+00
 7.95407E-05 9.61058E-08 1.92924E-04 7.95407E-05 9.61058E-08 1.92539E-04 0.00000E+00 0.00000E+00 0.00000E+00 0.00000E+00 0.00000E+00 0.00000E+00
 6.74341E-05 7.59797E-08 1.68958E-04 6.74341E-05 7.59797E-08 1.68622E-04 0.00000E+00 0.00000E+00 0.00000E+00 0.00000E+00 0.00000E+00 0.00000E+00
 1.10347E-01 2.97163E-02 1.79108E-01 1.10347E-01 2.97163E-02 1.78986E-01 0.00000E+00 0.00000E+00 0.00000E+00 0.00000E+00 0.00000E+00 0.00000E+00
 6.45806E-02 1.07776E-02 9.87411E-02 6.45806E-02 1.07776E-02 9.86890E-02 0.00000E+00 0.00000E+00 0.00000E+00 0.00000E+00 0.00000E+00 0.00000E+00
 3.55134E-02 3.63104E-03 5.10837E-02 3.55134E-02 3.63104E-03 5.10611E-02 0.00000E+00 0.00000E+00 0.00000E+00 0.00000E+00 0.00000E+00 0.00000E+00
 1.84807E-02 1.17753E-03 2.51160E-02 1.84807E-02 1.17753E-03 2.51053E-02 0.00000E+00 0.00000E+00 0.00000E+00 0.00000E+00 0.00000E+00 0.00000E+00
 9.30950E-03 3.87606E-04 1.21298E-02 9.30950E-03 3.87606E-04 1.21237E-02 0.00000E+00 0.00000E+00 0.00000E+00 0.00000E+00 0.00000E+00 0.00000E+00
 4.73229E-03 1.35760E-04 6.07842E-03 4.73229E-03 1.35760E-04 6.07423E-03 0.00000E+00 0.00000E+00 0.00000E+00 0.00000E+00 0.00000E+00 0.00000E+00
 2.54891E-03 5.14328E-05 3.34950E-03 2.54891E-03 5.14328E-05 3.34628E-03 0.00000E+00 0.00000E+00 0.00000E+00 0.00000E+00 0.00000E+00 0.00000E+00
 1.68207E-03 2.63611E-05 2.30792E-03 1.68207E-03 2.63611E-05 2.30515E-03 0.00000E+00 0.00000E+00 0.00000E+00 0.00000E+00 0.00000E+00 0.00000E+00
 1.51009E-03 2.21656E-05 2.10454E-03 1.51009E-03 2.21656E-05 2.10187E-03 0.00000E+00 0.00000E+00 0.00000E+00 0.00000E+00 0.00000E+00 0.00000E+00
 9.64222E-04 1.01877E-05 1.45905E-03 9.64222E-04 1.01877E-05 1.45678E-03 0.00000E+00 0.00000E+00 0.00000E+00 0.00000E+00 0.00000E+00 0.00000E+00
 6.79091E-04 5.05787E-06 1.11363E-03 6.79091E-04 5.05787E-06 1.11166E-03 0.00000E+00 0.00000E+00 0.00000E+00 0.00000E+00 0.00000E+00 0.00000E+00
 5.13806E-04 2.71756E-06 9.02481E-04 5.13806E-04 2.71756E-06 9.00775E-04 0.00000E+00 0.00000E+00 0.00000E+00 0.00000E+00 0.00000E+00 0.00000E+00
 4.07665E-04 1.59608E-06 7.57333E-04 4.07665E-04 1.59608E-06 7.55846E-04 0.00000E+00 0.00000E+00 0.00000E+00 0.00000E+00 0.00000E+00 0.00000E+00
 3.33223E-04 1.02939E-06 6.48292E-04 3.33223E-04 1.02939E-06 6.46991E-04 0.00000E+00 0.00000E+00 0.00000E+00 0.00000E+00 0.00000E+00 0.00000E+00
 2.77096E-04 7.21045E-07 5.61005E-04 2.77096E-04 7.21045E-07 5.59868E-04 0.00000E+00 0.00000E+00 0.00000E+00 0.00000E+00 0.00000E+00 0.00000E+00
 2.32561E-04 5.36047E-07 4.88260E-04 2.32561E-04 5.36047E-07 4.87265E-04 0.00000E+00 0.00000E+00 0.00000E+00 0.00000E+00 0.00000E+00 0.00000E+00
 1.96124E-04 4.13022E-07 4.26262E-04 1.96124E-04 4.13022E-07 4.25392E-04 0.00000E+00 0.00000E+00 0.00000E+00 0.00000E+00 0.00000E+00 0.00000E+00
 1.65797E-04 3.24083E-07 3.72783E-04 1.65797E-04 3.24083E-07 3.72021E-04 0.00000E+00 0.00000E+00 0.00000E+00 0.00000E+00 0.00000E+00 0.00000E+00
 1.40334E-04 2.56303E-07 3.26362E-04 1.40334E-04 2.56303E-07 3.25696E-04 0.00000E+00 0.00000E+00 0.00000E+00 0.00000E+00 0.00000E+00 0.00000E+00
 1.18866E-04 2.03236E-07 2.85937E-04 1.18866E-04 2.03236E-07 2.85354E-04 0.00000E+00 0.00000E+00 0.00000E+00 0.00000E+00 0.00000E+00 0.00000E+00
 1.00728E-04 1.61209E-07 2.50664E-04 1.00728E-04 1.61209E-07 2.50154E-04 0.00000E+00 0.00000E+00 0.00000E+00 0.00000E+00 0.00000E+00 0.00000E+00
 8.53864E-05 1.27799E-07 2.19847E-04 8.53864E-05 1.27799E-07 2.19402E-04 0.00000E+00 0.00000E+00 0.00000E+00 0.00000E+00 0.00000E+00 0.00000E+00
 7.24016E-05 1.01223E-07 1.92895E-04 7.24016E-05 1.01223E-07 1.92507E-04 0.00000E+00 0.00000E+00 0.00000E+00 0.00000E+00 0.00000E+00 0.00000E+00
 6.14054E-05 8.00952E-08 1.69305E-04 6.14054E-05 8.00952E-08 1.68965E-04 0.00000E+00 0.00000E+00 0.00000E+00 0.00000E+00 0.00000E+00 0.00000E+00
 5.21106E-05 6.33408E-08 1.48679E-04 5.21106E-05 6.33408E-08 1.48383E-04 0.00000E+00 0.00000E+00 0.00000E+00 0.00000E+00 0.00000E+00 0.00000E+00
 4.42370E-05 5.00504E-08 1.30609E-04 4.42370E-05 5.00504E-08 1.30350E-04 0.00000E+00 0.00000E+00 0.00000E+00 0.00000E+00 0.00000E+00 0.00000E+00
 8.60972E-02 2.42946E-02 1.39004E-01 8.60972E-02 2.42946E-02 1.38910E-01 0.00000E+00 0.00000E+00 0.00000E+00 0.00000E+00 0.00000E+00 0.00000E+00
 4.91078E-02 8.63981E-03 7.46184E-02 4.91078E-02 8.63981E-03 7.45782E-02 0.00000E+00 0.00000E+00 0.00000E+00 0.00000E+00 0.00000E+00 0.00000E+00
 2.62425E-02 2.86502E-03 3.74906E-02 2.62425E-02 2.86502E-03 3.74730E-02 0.00000E+00 0.00000E+00 0.00000E+00 0.00000E+00 0.00000E+00 0.00000E+00
 1.32493E-02 9.19869E-04 1.78938E-02 1.32493E-02 9.19869E-04 1.78854E-02 0.00000E+00 0.00000E+00 0.00000E+00 0.00000E+00 0.00000E+00 0.00000E+00
 6.47830E-03 3.00898E-04 8.42431E-03 6.47830E-03 3.00898E-04 8.41956E-03 0.00000E+00 0.00000E+00 0.00000E+00 0.00000E+00 0.00000E+00 0.00000E+00
 3.21082E-03 1.04342E-04 4.16644E-03 3.21082E-03 1.04342E-04 4.16320E-03 0.00000E+00 0.00000E+00 0.00000E+00 0.00000E+00 0.00000E+00 0.00000E+00
 1.70076E-03 3.94101E-05 2.30909E-03 1.70076E-03 3.94101E-05 2.30659E-03 0.00000E+00 0.00000E+00 0.00000E+00 0.00000E+00 0.00000E+00 0.00000E+00
 1.11471E-03 1.97275E-05 1.61369E-03 1.11471E-03 1.97275E-05 1.61153E-03 0.00000E+00 0.00000E+00 0.00000E+00 0.00000E+00 0.00000E+00 0.00000E+00
 9.99683E-04 1.65728E-05 1.47951E-03 9.99683E-04 1.65728E-05 1.47743E-03 0.00000E+00 0.00000E+00 0.00000E+00 0.00000E+00 0.00000E+00 0.00000E+00
 6.36891E-04 7.55391E-06 1.05286E-03 6.36891E-04 7.55391E-06 1.05108E-03 0.00000E+00 0.00000E+00 0.00000E+00 0.00000E+00 0.00000E+00 0.00000E+00
 4.48483E-04 3.69698E-06 8.20954E-04 4.48483E-04 3.69698E-06 8.19420E-04 0.00000E+00 0.00000E+00 0.00000E+00 0.00000E+00 0.00000E+00 0.00000E+00
 3.39481E-04 1.94913E-06 6.75581E-04 3.39481E-04 1.94913E-06 6.74249E-04 0.00000E+00 0.00000E+00 0.00000E+00 0.00000E+00 0.00000E+00 0.00000E+00
 2.69624E-04 1.12111E-06 5.73088E-04 2.69624E-04 1.12111E-06 5.71927E-04 0.00000E+00 0.00000E+00 0.00000E+00 0.00000E+00 0.00000E+00 0.00000E+00
 2.20653E-04 7.09483E-07 4.94386E-04 2.20653E-04 7.09483E-07 4.93372E-04 0.00000E+00 0.00000E+00 0.00000E+00 0.00000E+00 0.00000E+00 0.00000E+00
 1.83754E-04 4.90075E-07 4.30374E-04 1.83754E-04 4.90075E-07 4.29488E-04 0.00000E+00 0.00000E+00 0.00000E+00 0.00000E+00 0.00000E+00 0.00000E+00
 1.54466E-04 3.61235E-07 3.76405E-04 1.54466E-04 3.61235E-07 3.75632E-04 0.00000E+00 0.00000E+00 0.00000E+00 0.00000E+00 0.00000E+00 0.00000E+00
 1.30468E-04 2.77047E-07 3.30002E-04 1.30468E-04 2.77047E-07 3.29326E-04 0.00000E+00 0.00000E+00 0.00000E+00 0.00000E+00 0.00000E+00 0.00000E+00
 1.10456E-04 2.16864E-07 2.89688E-04 1.10456E-04 2.16864E-07 2.89098E-04 0.00000E+00 0.00000E+00 0.00000E+00 0.00000E+00 0.00000E+00 0.00000E+00
 9.36189E-05 1.71267E-07 2.54483E-04 9.36189E-05 1.71267E-07 2.53967E-04 0.00000E+00 0.00000E+00 0.00000E+00 0.00000E+00 0.00000E+00 0.00000E+00
 7.93931E-05 1.35667E-07 2.23656E-04 7.93931E-05 1.35667E-07 2.23205E-04 0.00000E+00 0.00000E+00 0.00000E+00 0.00000E+00 0.00000E+00 0.00000E+00
 6.73500E-05 1.07513E-07 1.96623E-04 6.73500E-05 1.07513E-07 1.96230E-04 0.00000E+00 0.00000E+00 0.00000E+00 0.00000E+00 0.00000E+00 0.00000E+00
 5.71449E-05 8.51508E-08 1.72895E-04 5.71449E-05 8.51508E-08 1.72553E-04 0.00000E+00 0.00000E+00 0.00000E+00 0.00000E+00 0.00000E+00 0.00000E+00
 4.84924E-05 6.73766E-08 1.52055E-04 4.84924E-05 6.73766E-08 1.51756E-04 0.00000E+00 0.00000E+00 0.00000E+00 0.00000E+00 0.00000E+00 0.00000E+00
 4.11538E-05 5.32572E-08 1.33740E-04 4.11538E-05 5.32572E-08 1.33480E-04 0.00000E+00 0.00000E+00 0.00000E+00 0.00000E+00 0.00000E+00 0.00000E+00
 3.49419E-05 4.20700E-08 1.17668E-04 3.49419E-05 4.20700E-08 1.17441E-04 0.00000E+00 0.00000E+00 0.00000E+00 0.00000E+00 0.00000E+00 0.00000E+00
 2.96733E-05 3.32039E-08 1.03540E-04 2.96733E-05 3.32039E-08 1.03342E-04 0.00000E+00 0.00000E+00 0.00000E+00 0.00000E+00 0.00000E+00 0.00000E+00
---
