PdfType: error
Format: lhagrid1
---
1.00000E-06 1.28121E-06 1.64152E-06 2.10317E-06 2.69463E-06 3.45242E-06 4.42329E-06 5.66715E-06 7.26076E-06 9.30241E-06 1.19180E-05 1.52689E-05 1.95617E-05 2.50609E-05 3.21053E-05 4.11287E-05 5.26863E-05 6.74889E-05 8.64459E-05 1.10720E-04 1.41800E-04 1.81585E-04 2.32503E-04 2.97652E-04 3.80981E-04 4.87518E-04 6.26039E-04 8.00452E-04 1.02297E-03 1.30657E-03 1.66759E-03 2.12729E-03 2.71054E-03 3.44865E-03 4.37927E-03 5.54908E-03 7.01192E-03 8.83064E-03 1.10763E-02 1.38266E-02 1.71641E-02 2.11717E-02 2.59364E-02 3.15062E-02 3.79623E-02 4.53425E-02 5.36750E-02 6.29705E-02 7.32221E-02 8.44039E-02 9.64793E-02 1.09332E-01 1.23067E-01 1.37507E-01 1.52639E-01 1.68416E-01 1.84794E-01 2.01731E-01 2.19016E-01 2.36948E-01 2.55242E-01 2.73927E-01 2.92954E-01 3.12340E-01 3.32036E-01 3.52019E-01 3.72282E-01 3.92772E-01 4.13533E-01 4.34326E-01 4.55495E-01 4.76836E-01 4.98342E-01 5.20006E-01 5.41818E-01 5.63773E-01 5.85861E-01 6.08077E-01 6.30459E-01 6.52800E-01 6.75387E-01 6.98063E-01 7.20830E-01 7.43683E-01 7.66623E-01 7.89636E-01 8.12791E-01 8.35940E-01 8.59175E-01 8.82485E-01 9.05866E-01 9.29311E-01 9.52817E-01 9.76387E-01 1.00000E+00
1.30000E+00 1.50159E+00 1.75516E+00 2.07810E+00 2.49495E+00 3.04086E+00 3.76715E+00 4.50000E+00 4.75000E+00 6.23113E+00 8.37423E+00 1.15549E+01 1.64076E+01 2.40380E+01 3.64361E+01 5.73145E+01 9.38707E+01 1.60654E+02 2.88438E+02 5.45587E+02 1.09231E+03 2.32646E+03 5.30043E+03 1.29956E+04 3.45140E+04 1.00000E+05
940 941 942 930 931 932 0 0 0 0 0 0
 4.64663E+00 3.79944E-01 6.84487E+05 4.64663E+00 3.79944E-01 0.00000E+00 0.00000E+00 0.00000E+00 0.00000E+00 0.00000E+00 0.00000E+00 0.00000E+00
 5.03776E+00 5.79950E-01 6.86940E+05 5.03776E+00 5.79950E-01 0.00000E+00 0.00000E+00 0.00000E+00 0.00000E+00 0.00000E+00 0.00000E+00 0.00000E+00
 5.72984E+00 8.90827E-01 6.88722E+05 5.72984E+00 8.90827E-01 0.00000E+00 0.00000E+00 0.00000E+00 0.00000E+00 0.00000E+00 0.00000E+00 0.00000E+00
 6.75249E+00 1.31505E+00 6.89978E+05 6.75249E+00 1.31505E+00 0.00000E+00 0.00000E+00 0.00000E+00 0.00000E+00 0.00000E+00 0.00000E+00 0.00000E+00
 8.15327E+00 1.85194E+00 6.90874E+05 8.15327E+00 1.85194E+00 0.00000E+00 0.00000E+00 0.00000E+00 0.00000E+00 0.00000E+00 0.00000E+00 0.00000E+00
 1.00078E+01 2.50917E+00 6.91589E+05 1.00078E+01 2.50917E+00 0.00000E+00 0.00000E+00 0.00000E+00 0.00000E+00 0.00000E+00 0.00000E+00 0.00000E+00
 1.23720E+01 3.27982E+00 6.92256E+05 1.23720E+01 3.27982E+00 0.00000E+00 0.00000E+00 0.00000E+00 0.00000E+00 0.00000E+00 0.00000E+00 0.00000E+00
 1.45557E+01 3.93508E+00 6.92787E+05 1.45557E+01 3.93508E+00 0.00000E+00 0.00000E+00 0.00000E+00 0.00000E+00 0.00000E+00 0.00000E+00 0.00000E+00
 1.52291E+01 4.14608E+00 6.92850E+05 1.52291E+01 4.14608E+00 0.00000E+00 0.00000E+00 0.00000E+00 0.00000E+00 0.00000E+00 0.00000E+00 0.00000E+00
 1.90246E+01 5.16186E+00 6.93496E+05 1.90246E+01 5.16186E+00 0.00000E+00 0.00000E+00 0.00000E+00 0.00000E+00 0.00000E+00 0.00000E+00 0.00000E+00
 2.37276E+01 6.28656E+00 6.94653E+05 2.37276E+01 6.28656E+00 0.00000E+00 0.00000E+00 0.00000E+00 0.00000E+00 0.00000E+00 0.00000E+00 0.00000E+00
 2.93912E+01 7.51440E+00 6.96413E+05 2.93912E+01 7.51440E+00 0.00000E+00 0.00000E+00 0.00000E+00 0.00000E+00 0.00000E+00 0.00000E+00 0.00000E+00
 3.61383E+01 8.83347E+00 6.98940E+05 3.61383E+01 8.83347E+00 0.00000E+00 0.00000E+00 0.00000E+00 0.00000E+00 0.00000E+00 0.00000E+00 0.00000E+00
 4.41253E+01 1.02351E+01 7.02424E+05 4.41253E+01 1.02351E+01 0.00000E+00 0.00000E+00 0.00000E+00 0.00000E+00 0.00000E+00 0.00000E+00 0.00000E+00
 5.34962E+01 1.17025E+01 7.07041E+05 5.34962E+01 1.17025E+01 0.00000E+00 0.00000E+00 0.00000E+00 0.00000E+00 0.00000E+00 0.00000E+00 0.00000E+00
 6.43919E+01 1.32154E+01 7.12959E+05 6.43919E+01 1.32154E+01 0.00000E+00 0.00000E+00 0.00000E+00 0.00000E+00 0.00000E+00 0.00000E+00 0.00000E+00
 7.69741E+01 1.47563E+01 7.20363E+05 7.69741E+01 1.47563E+01 0.00000E+00 0.00000E+00 0.00000E+00 0.00000E+00 0.00000E+00 0.00000E+00 0.00000E+00
 9.14113E+01 1.63072E+01 7.29440E+05 9.14113E+01 1.63072E+01 0.00000E+00 0.00000E+00 0.00000E+00 0.00000E+00 0.00000E+00 0.00000E+00 0.00000E+00
 1.07878E+02 1.78502E+01 7.40383E+05 1.07878E+02 1.78502E+01 0.00000E+00 0.00000E+00 0.00000E+00 0.00000E+00 0.00000E+00 0.00000E+00 0.00000E+00
 1.26552E+02 1.93677E+01 7.53385E+05 1.26552E+02 1.93677E+01 0.00000E+00 0.00000E+00 0.00000E+00 0.00000E+00 0.00000E+00 0.00000E+00 0.00000E+00
 1.47616E+02 2.08425E+01 7.68638E+05 1.47616E+02 2.08425E+01 0.00000E+00 0.00000E+00 0.00000E+00 0.00000E+00 0.00000E+00 0.00000E+00 0.00000E+00
 1.71252E+02 2.22588E+01 7.86337E+05 1.71252E+02 2.22588E+01 0.00000E+00 0.00000E+00 0.00000E+00 0.00000E+00 0.00000E+00 0.00000E+00 0.00000E+00
 1.97641E+02 2.36018E+01 8.06673E+05 1.97641E+02 2.36018E+01 0.00000E+00 0.00000E+00 0.00000E+00 0.00000E+00 0.00000E+00 0.00000E+00 0.00000E+00
 2.26962E+02 2.48579E+01 8.29833E+05 2.26962E+02 2.48579E+01 0.00000E+00 0.00000E+00 0.00000E+00 0.00000E+00 0.00000E+00 0.00000E+00 0.00000E+00
 2.59450E+02 2.60200E+01 8.56056E+05 2.59450E+02 2.60200E+01 0.00000E+00 0.00000E+00 0.00000E+00 0.00000E+00 0.00000E+00 0.00000E+00 0.00000E+00
 2.95244E+02 2.70747E+01 8.85489E+05 2.95244E+02 2.70747E+01 0.00000E+00 0.00000E+00 0.00000E+00 0.00000E+00 0.00000E+00 0.00000E+00 0.00000E+00
 4.60342E+00 3.75245E-01 5.29738E+05 4.60342E+00 3.75245E-01 0.00000E+00 0.00000E+00 0.00000E+00 0.00000E+00 0.00000E+00 0.00000E+00 0.00000E+00
 4.99765E+00 5.76650E-01 5.31679E+05 4.99765E+00 5.76650E-01 0.00000E+00 0.00000E+00 0.00000E+00 0.00000E+00 0.00000E+00 0.00000E+00 0.00000E+00
 5.68722E+00 8.86678E-01 5.33095E+05 5.68722E+00 8.86678E-01 0.00000E+00 0.00000E+00 0.00000E+00 0.00000E+00 0.00000E+00 0.00000E+00 0.00000E+00
 6.70037E+00 1.30722E+00 5.34100E+05 6.70037E+00 1.30722E+00 0.00000E+00 0.00000E+00 0.00000E+00 0.00000E+00 0.00000E+00 0.00000E+00 0.00000E+00
 8.08346E+00 1.83711E+00 5.34822E+05 8.08346E+00 1.83711E+00 0.00000E+00 0.00000E+00 0.00000E+00 0.00000E+00 0.00000E+00 0.00000E+00 0.00000E+00
 9.91029E+00 2.48338E+00 5.35399E+05 9.91029E+00 2.48338E+00 0.00000E+00 0.00000E+00 0.00000E+00 0.00000E+00 0.00000E+00 0.00000E+00 0.00000E+00
 1.22358E+01 3.23887E+00 5.35937E+05 1.22358E+01 3.23887E+00 0.00000E+00 0.00000E+00 0.00000E+00 0.00000E+00 0.00000E+00 0.00000E+00 0.00000E+00
 1.43822E+01 3.87987E+00 5.36361E+05 1.43822E+01 3.87987E+00 0.00000E+00 0.00000E+00 0.00000E+00 0.00000E+00 0.00000E+00 0.00000E+00 0.00000E+00
 1.50430E+01 4.08594E+00 5.36413E+05 1.50430E+01 4.08594E+00 0.00000E+00 0.00000E+00 0.00000E+00 0.00000E+00 0.00000E+00 0.00000E+00 0.00000E+00
 1.87710E+01 5.07688E+00 5.36925E+05 1.87710E+01 5.07688E+00 0.00000E+00 0.00000E+00 0.00000E+00 0.00000E+00 0.00000E+00 0.00000E+00 0.00000E+00
 2.33888E+01 6.17166E+00 5.37828E+05 2.33888E+01 6.17166E+00 0.00000E+00 0.00000E+00 0.00000E+00 0.00000E+00 0.00000E+00 0.00000E+00 0.00000E+00
 2.89481E+01 7.36444E+00 5.39192E+05 2.89481E+01 7.36444E+00 0.00000E+00 0.00000E+00 0.00000E+00 0.00000E+00 0.00000E+00 0.00000E+00 0.00000E+00
 3.55698E+01 8.64344E+00 5.41143E+05 3.55698E+01 8.64344E+00 0.00000E+00 0.00000E+00 0.00000E+00 0.00000E+00 0.00000E+00 0.00000E+00 0.00000E+00
 4.34078E+01 1.00001E+01 5.43828E+05 4.34078E+01 1.00001E+01 0.00000E+00 0.00000E+00 0.00000E+00 0.00000E+00 0.00000E+00 0.00000E+00 0.00000E+00
 5.26036E+01 1.14179E+01 5.47382E+05 5.26036E+01 1.14179E+01 0.00000E+00 0.00000E+00 0.00000E+00 0.00000E+00 0.00000E+00 0.00000E+00 0.00000E+00
 6.32962E+01 1.28773E+01 5.51932E+05 6.32962E+01 1.28773E+01 0.00000E+00 0.00000E+00 0.00000E+00 0.00000E+00 0.00000E+00 0.00000E+00 0.00000E+00
 7.56446E+01 1.43613E+01 5.57621E+05 7.56446E+01 1.43613E+01 0.00000E+00 0.00000E+00 0.00000E+00 0.00000E+00 0.00000E+00 0.00000E+00 0.00000E+00
 8.98147E+01 1.58525E+01 5.64593E+05 8.98147E+01 1.58525E+01 0.00000E+00 0.00000E+00 0.00000E+00 0.00000E+00 0.00000E+00 0.00000E+00 0.00000E+00
 1.05978E+02 1.73338E+01 5.72993E+05 1.05978E+02 1.73338E+01 0.00000E+00 0.00000E+00 0.00000E+00 0.00000E+00 0.00000E+00 0.00000E+00 0.00000E+00
 1.24310E+02 1.87881E+01 5.82970E+05 1.24310E+02 1.87881E+01 0.00000E+00 0.00000E+00 0.00000E+00 0.00000E+00 0.00000E+00 0.00000E+00 0.00000E+00
 1.44988E+02 2.01992E+01 5.94672E+05 1.44988E+02 2.01992E+01 0.00000E+00 0.00000E+00 0.00000E+00 0.00000E+00 0.00000E+00 0.00000E+00 0.00000E+00
 1.68192E+02 2.15519E+01 6.08245E+05 1.68192E+02 2.15519E+01 0.00000E+00 0.00000E+00 0.00000E+00 0.00000E+00 0.00000E+00 0.00000E+00 0.00000E+00
 1.94100E+02 2.28321E+01 6.23836E+05 1.94100E+02 2.28321E+01 0.00000E+00 0.00000E+00 0.00000E+00 0.00000E+00 0.00000E+00 0.00000E+00 0.00000E+00
 2.22887E+02 2.40271E+01 6.41587E+05 2.22887E+02 2.40271E+01 0.00000E+00 0.00000E+00 0.00000E+00 0.00000E+00 0.00000E+00 0.00000E+00 0.00000E+00
 2.54781E+02 2.51300E+01 6.61680E+05 2.54781E+02 2.51300E+01 0.00000E+00 0.00000E+00 0.00000E+00 0.00000E+00 0.00000E+00 0.00000E+00 0.00000E+00
 2.89919E+02 2.61283E+01 6.84226E+05 2.89919E+02 2.61283E+01 0.00000E+00 0.00000E+00 0.00000E+00 0.00000E+00 0.00000E+00 0.00000E+00 0.00000E+00
 4.55154E+00 3.69524E-01 4.09209E+05 4.55154E+00 3.69524E-01 0.00000E+00 0.00000E+00 0.00000E+00 0.00000E+00 0.00000E+00 0.00000E+00 0.00000E+00
 4.94916E+00 5.72612E-01 4.10729E+05 4.94916E+00 5.72612E-01 0.00000E+00 0.00000E+00 0.00000E+00 0.00000E+00 0.00000E+00 0.00000E+00 0.00000E+00
 5.63580E+00 8.81597E-01 4.11842E+05 5.63580E+00 8.81597E-01 0.00000E+00 0.00000E+00 0.00000E+00 0.00000E+00 0.00000E+00 0.00000E+00 0.00000E+00
 6.63814E+00 1.29769E+00 4.12635E+05 6.63814E+00 1.29769E+00 0.00000E+00 0.00000E+00 0.00000E+00 0.00000E+00 0.00000E+00 0.00000E+00 0.00000E+00
 8.00117E+00 1.81916E+00 4.13207E+05 8.00117E+00 1.81916E+00 0.00000E+00 0.00000E+00 0.00000E+00 0.00000E+00 0.00000E+00 0.00000E+00 0.00000E+00
 9.79663E+00 2.45231E+00 4.13666E+05 9.79663E+00 2.45231E+00 0.00000E+00 0.00000E+00 0.00000E+00 0.00000E+00 0.00000E+00 0.00000E+00 0.00000E+00
 1.20781E+01 3.18969E+00 4.14090E+05 1.20781E+01 3.18969E+00 0.00000E+00 0.00000E+00 0.00000E+00 0.00000E+00 0.00000E+00 0.00000E+00 0.00000E+00
 1.41819E+01 3.81366E+00 4.14424E+05 1.41819E+01 3.81366E+00 0.00000E+00 0.00000E+00 0.00000E+00 0.00000E+00 0.00000E+00 0.00000E+00 0.00000E+00
 1.48285E+01 4.01386E+00 4.14465E+05 1.48285E+01 4.01386E+00 0.00000E+00 0.00000E+00 0.00000E+00 0.00000E+00 0.00000E+00 0.00000E+00 0.00000E+00
 1.84789E+01 4.97518E+00 4.14864E+05 1.84789E+01 4.97518E+00 0.00000E+00 0.00000E+00 0.00000E+00 0.00000E+00 0.00000E+00 0.00000E+00 0.00000E+00
 2.29986E+01 6.03438E+00 4.15561E+05 2.29986E+01 6.03438E+00 0.00000E+00 0.00000E+00 0.00000E+00 0.00000E+00 0.00000E+00 0.00000E+00 0.00000E+00
 2.84372E+01 7.18550E+00 4.16610E+05 2.84372E+01 7.18550E+00 0.00000E+00 0.00000E+00 0.00000E+00 0.00000E+00 0.00000E+00 0.00000E+00 0.00000E+00
 3.49132E+01 8.41696E+00 4.18107E+05 3.49132E+01 8.41696E+00 0.00000E+00 0.00000E+00 0.00000E+00 0.00000E+00 0.00000E+00 0.00000E+00 0.00000E+00
 4.25769E+01 9.72025E+00 4.20164E+05 4.25769E+01 9.72025E+00 0.00000E+00 0.00000E+00 0.00000E+00 0.00000E+00 0.00000E+00 0.00000E+00 0.00000E+00
 5.15670E+01 1.10794E+01 4.22883E+05 5.15670E+01 1.10794E+01 0.00000E+00 0.00000E+00 0.00000E+00 0.00000E+00 0.00000E+00 0.00000E+00 0.00000E+00
 6.20197E+01 1.24754E+01 4.26364E+05 6.20197E+01 1.24754E+01 0.00000E+00 0.00000E+00 0.00000E+00 0.00000E+00 0.00000E+00 0.00000E+00 0.00000E+00
 7.40906E+01 1.38921E+01 4.30713E+05 7.40906E+01 1.38921E+01 0.00000E+00 0.00000E+00 0.00000E+00 0.00000E+00 0.00000E+00 0.00000E+00 0.00000E+00
 8.79419E+01 1.53128E+01 4.36041E+05 8.79419E+01 1.53128E+01 0.00000E+00 0.00000E+00 0.00000E+00 0.00000E+00 0.00000E+00 0.00000E+00 0.00000E+00
 1.03741E+02 1.67211E+01 4.42459E+05 1.03741E+02 1.67211E+01 0.00000E+00 0.00000E+00 0.00000E+00 0.00000E+00 0.00000E+00 0.00000E+00 0.00000E+00
 1.21660E+02 1.81010E+01 4.50078E+05 1.21660E+02 1.81010E+01 0.00000E+00 0.00000E+00 0.00000E+00 0.00000E+00 0.00000E+00 0.00000E+00 0.00000E+00
 1.41871E+02 1.94369E+01 4.59010E+05 1.41871E+02 1.94369E+01 0.00000E+00 0.00000E+00 0.00000E+00 0.00000E+00 0.00000E+00 0.00000E+00 0.00000E+00
 1.64550E+02 2.07146E+01 4.69369E+05 1.64550E+02 2.07146E+01 0.00000E+00 0.00000E+00 0.00000E+00 0.00000E+00 0.00000E+00 0.00000E+00 0.00000E+00
 1.89871E+02 2.19209E+01 4.81262E+05 1.89871E+02 2.19209E+01 0.00000E+00 0.00000E+00 0.00000E+00 0.00000E+00 0.00000E+00 0.00000E+00 0.00000E+00
 2.18002E+02 2.30439E+01 4.94799E+05 2.18002E+02 2.30439E+01 0.00000E+00 0.00000E+00 0.00000E+00 0.00000E+00 0.00000E+00 0.00000E+00 0.00000E+00
 2.49167E+02 2.40773E+01 5.10117E+05 2.49167E+02 2.40773E+01 0.00000E+00 0.00000E+00 0.00000E+00 0.00000E+00 0.00000E+00 0.00000E+00 0.00000E+00
 2.83497E+02 2.50094E+01 5.27299E+05 2.83497E+02 2.50094E+01 0.00000E+00 0.00000E+00 0.00000E+00 0.00000E+00 0.00000E+00 0.00000E+00 0.00000E+00
 4.48972E+00 3.62658E-01 3.15401E+05 4.48972E+00 3.62658E-01 0.00000E+00 0.00000E+00 0.00000E+00 0.00000E+00 0.00000E+00 0.00000E+00 0.00000E+00
 4.89100E+00 5.67749E-01 3.16575E+05 4.89100E+00 5.67749E-01 0.00000E+00 0.00000E+00 0.00000E+00 0.00000E+00 0.00000E+00 0.00000E+00 0.00000E+00
 5.57431E+00 8.75476E-01 3.17436E+05 5.57431E+00 8.75476E-01 0.00000E+00 0.00000E+00 0.00000E+00 0.00000E+00 0.00000E+00 0.00000E+00 0.00000E+00
 6.56455E+00 1.28627E+00 3.18049E+05 6.56455E+00 1.28627E+00 0.00000E+00 0.00000E+00 0.00000E+00 0.00000E+00 0.00000E+00 0.00000E+00 0.00000E+00
 7.90515E+00 1.79779E+00 3.18492E+05 7.90515E+00 1.79779E+00 0.00000E+00 0.00000E+00 0.00000E+00 0.00000E+00 0.00000E+00 0.00000E+00 0.00000E+00
 9.66548E+00 2.41547E+00 3.18847E+05 9.66548E+00 2.41547E+00 0.00000E+00 0.00000E+00 0.00000E+00 0.00000E+00 0.00000E+00 0.00000E+00 0.00000E+00
 1.18975E+01 3.13156E+00 3.19174E+05 1.18975E+01 3.13156E+00 0.00000E+00 0.00000E+00 0.00000E+00 0.00000E+00 0.00000E+00 0.00000E+00 0.00000E+00
 1.39534E+01 3.73556E+00 3.19429E+05 1.39534E+01 3.73556E+00 0.00000E+00 0.00000E+00 0.00000E+00 0.00000E+00 0.00000E+00 0.00000E+00 0.00000E+00
 1.45839E+01 3.92889E+00 3.19461E+05 1.45839E+01 3.92889E+00 0.00000E+00 0.00000E+00 0.00000E+00 0.00000E+00 0.00000E+00 0.00000E+00 0.00000E+00
 1.81466E+01 4.85555E+00 3.19764E+05 1.81466E+01 4.85555E+00 0.00000E+00 0.00000E+00 0.00000E+00 0.00000E+00 0.00000E+00 0.00000E+00 0.00000E+00
 2.25545E+01 5.87317E+00 3.20294E+05 2.25545E+01 5.87317E+00 0.00000E+00 0.00000E+00 0.00000E+00 0.00000E+00 0.00000E+00 0.00000E+00 0.00000E+00
 2.78550E+01 6.97570E+00 3.21091E+05 2.78550E+01 6.97570E+00 0.00000E+00 0.00000E+00 0.00000E+00 0.00000E+00 0.00000E+00 0.00000E+00 0.00000E+00
 3.41632E+01 8.15176E+00 3.22229E+05 3.41632E+01 8.15176E+00 0.00000E+00 0.00000E+00 0.00000E+00 0.00000E+00 0.00000E+00 0.00000E+00 0.00000E+00
 4.16252E+01 9.39296E+00 3.23792E+05 4.16252E+01 9.39296E+00 0.00000E+00 0.00000E+00 0.00000E+00 0.00000E+00 0.00000E+00 0.00000E+00 0.00000E+00
 5.03759E+01 1.06838E+01 3.25859E+05 5.03759E+01 1.06838E+01 0.00000E+00 0.00000E+00 0.00000E+00 0.00000E+00 0.00000E+00 0.00000E+00 0.00000E+00
 6.05479E+01 1.20064E+01 3.28503E+05 6.05479E+01 1.20064E+01 0.00000E+00 0.00000E+00 0.00000E+00 0.00000E+00 0.00000E+00 0.00000E+00 0.00000E+00
 7.22922E+01 1.33450E+01 3.31807E+05 7.22922E+01 1.33450E+01 0.00000E+00 0.00000E+00 0.00000E+00 0.00000E+00 0.00000E+00 0.00000E+00 0.00000E+00
 8.57662E+01 1.46841E+01 3.35853E+05 8.57662E+01 1.46841E+01 0.00000E+00 0.00000E+00 0.00000E+00 0.00000E+00 0.00000E+00 0.00000E+00 0.00000E+00
 1.01132E+02 1.60080E+01 3.40725E+05 1.01132E+02 1.60080E+01 0.00000E+00 0.00000E+00 0.00000E+00 0.00000E+00 0.00000E+00 0.00000E+00 0.00000E+00
 1.18557E+02 1.73017E+01 3.46507E+05 1.18557E+02 1.73017E+01 0.00000E+00 0.00000E+00 0.00000E+00 0.00000E+00 0.00000E+00 0.00000E+00 0.00000E+00
 1.38208E+02 1.85509E+01 3.53284E+05 1.38208E+02 1.85509E+01 0.00000E+00 0.00000E+00 0.00000E+00 0.00000E+00 0.00000E+00 0.00000E+00 0.00000E+00
 1.60253E+02 1.97421E+01 3.61140E+05 1.60253E+02 1.97421E+01 0.00000E+00 0.00000E+00 0.00000E+00 0.00000E+00 0.00000E+00 0.00000E+00 0.00000E+00
 1.84861E+02 2.08631E+01 3.70156E+05 1.84861E+02 2.08631E+01 0.00000E+00 0.00000E+00 0.00000E+00 0.00000E+00 0.00000E+00 0.00000E+00 0.00000E+00
 2.12195E+02 2.19032E+01 3.80414E+05 2.12195E+02 2.19032E+01 0.00000E+00 0.00000E+00 0.00000E+00 0.00000E+00 0.00000E+00 0.00000E+00 0.00000E+00
 2.42469E+02 2.28565E+01 3.92017E+05 2.42469E+02 2.28565E+01 0.00000E+00 0.00000E+00 0.00000E+00 0.00000E+00 0.00000E+00 0.00000E+00 0.00000E+00
 2.75809E+02 2.37125E+01 4.05027E+05 2.75809E+02 2.37125E+01 0.00000E+00 0.00000E+00 0.00000E+00 0.00000E+00 0.00000E+00 0.00000E+00 0.00000E+00
 4.41642E+00 3.54551E-01 2.42446E+05 4.41642E+00 3.54551E-01 0.00000E+00 0.00000E+00 0.00000E+00 0.00000E+00 0.00000E+00 0.00000E+00 0.00000E+00
 4.82144E+00 5.61987E-01 2.43337E+05 4.82144E+00 5.61987E-01 0.00000E+00 0.00000E+00 0.00000E+00 0.00000E+00 0.00000E+00 0.00000E+00 0.00000E+00
 5.50079E+00 8.68217E-01 2.43988E+05 5.50079E+00 8.68217E-01 0.00000E+00 0.00000E+00 0.00000E+00 0.00000E+00 0.00000E+00 0.00000E+00 0.00000E+00
 6.47741E+00 1.27282E+00 2.44451E+05 6.47741E+00 1.27282E+00 0.00000E+00 0.00000E+00 0.00000E+00 0.00000E+00 0.00000E+00 0.00000E+00 0.00000E+00
 7.79296E+00 1.77276E+00 2.44783E+05 7.79296E+00 1.77276E+00 0.00000E+00 0.00000E+00 0.00000E+00 0.00000E+00 0.00000E+00 0.00000E+00 0.00000E+00
 9.51413E+00 2.37253E+00 2.45047E+05 9.51413E+00 2.37253E+00 0.00000E+00 0.00000E+00 0.00000E+00 0.00000E+00 0.00000E+00 0.00000E+00 0.00000E+00
 1.16909E+01 3.06406E+00 2.45291E+05 1.16909E+01 3.06406E+00 0.00000E+00 0.00000E+00 0.00000E+00 0.00000E+00 0.00000E+00 0.00000E+00 0.00000E+00
 1.36931E+01 3.64507E+00 2.45481E+05 1.36931E+01 3.64507E+00 0.00000E+00 0.00000E+00 0.00000E+00 0.00000E+00 0.00000E+00 0.00000E+00 0.00000E+00
 1.43058E+01 3.83050E+00 2.45503E+05 1.43058E+01 3.83050E+00 0.00000E+00 0.00000E+00 0.00000E+00 0.00000E+00 0.00000E+00 0.00000E+00 0.00000E+00
 1.77696E+01 4.71738E+00 2.45726E+05 1.77696E+01 4.71738E+00 0.00000E+00 0.00000E+00 0.00000E+00 0.00000E+00 0.00000E+00 0.00000E+00 0.00000E+00
 2.20511E+01 5.68738E+00 2.46121E+05 2.20511E+01 5.68738E+00 0.00000E+00 0.00000E+00 0.00000E+00 0.00000E+00 0.00000E+00 0.00000E+00 0.00000E+00
 2.71944E+01 6.73436E+00 2.46718E+05 2.71944E+01 6.73436E+00 0.00000E+00 0.00000E+00 0.00000E+00 0.00000E+00 0.00000E+00 0.00000E+00 0.00000E+00
 3.33108E+01 7.84722E+00 2.47572E+05 3.33108E+01 7.84722E+00 0.00000E+00 0.00000E+00 0.00000E+00 0.00000E+00 0.00000E+00 0.00000E+00 0.00000E+00
 4.05410E+01 9.01769E+00 2.48748E+05 4.05410E+01 9.01769E+00 0.00000E+00 0.00000E+00 0.00000E+00 0.00000E+00 0.00000E+00 0.00000E+00 0.00000E+00
 4.90149E+01 1.02310E+01 2.50304E+05 4.90149E+01 1.02310E+01 0.00000E+00 0.00000E+00 0.00000E+00 0.00000E+00 0.00000E+00 0.00000E+00 0.00000E+00
 5.88603E+01 1.14700E+01 2.52296E+05 5.88603E+01 1.14700E+01 0.00000E+00 0.00000E+00 0.00000E+00 0.00000E+00 0.00000E+00 0.00000E+00 0.00000E+00
 7.02226E+01 1.27201E+01 2.54785E+05 7.02226E+01 1.27201E+01 0.00000E+00 0.00000E+00 0.00000E+00 0.00000E+00 0.00000E+00 0.00000E+00 0.00000E+00
 8.32531E+01 1.39667E+01 2.57834E+05 8.32531E+01 1.39667E+01 0.00000E+00 0.00000E+00 0.00000E+00 0.00000E+00 0.00000E+00 0.00000E+00 0.00000E+00
 9.81076E+01 1.51951E+01 2.61504E+05 9.81076E+01 1.51951E+01 0.00000E+00 0.00000E+00 0.00000E+00 0.00000E+00 0.00000E+00 0.00000E+00 0.00000E+00
 1.14945E+02 1.63915E+01 2.65858E+05 1.14945E+02 1.63915E+01 0.00000E+00 0.00000E+00 0.00000E+00 0.00000E+00 0.00000E+00 0.00000E+00 0.00000E+00
 1.33927E+02 1.75426E+01 2.70960E+05 1.33927E+02 1.75426E+01 0.00000E+00 0.00000E+00 0.00000E+00 0.00000E+00 0.00000E+00 0.00000E+00 0.00000E+00
 1.55213E+02 1.86363E+01 2.76871E+05 1.55213E+02 1.86363E+01 0.00000E+00 0.00000E+00 0.00000E+00 0.00000E+00 0.00000E+00 0.00000E+00 0.00000E+00
 1.78964E+02 1.96614E+01 2.83653E+05 1.78964E+02 1.96614E+01 0.00000E+00 0.00000E+00 0.00000E+00 0.00000E+00 0.00000E+00 0.00000E+00 0.00000E+00
 2.05335E+02 2.06082E+01 2.91365E+05 2.05335E+02 2.06082E+01 0.00000E+00 0.00000E+00 0.00000E+00 0.00000E+00 0.00000E+00 0.00000E+00 0.00000E+00
 2.34530E+02 2.14716E+01 3.00084E+05 2.34530E+02 2.14716E+01 0.00000E+00 0.00000E+00 0.00000E+00 0.00000E+00 0.00000E+00 0.00000E+00 0.00000E+00
 2.66666E+02 2.22422E+01 3.09855E+05 2.66666E+02 2.22422E+01 0.00000E+00 0.00000E+00 0.00000E+00 0.00000E+00 0.00000E+00 0.00000E+00 0.00000E+00
 4.32938E+00 3.45136E-01 1.85738E+05 4.32938E+00 3.45136E-01 0.00000E+00 0.00000E+00 0.00000E+00 0.00000E+00 0.00000E+00 0.00000E+00 0.00000E+00
 4.73823E+00 5.55272E-01 1.86400E+05 4.73823E+00 5.55272E-01 0.00000E+00 0.00000E+00 0.00000E+00 0.00000E+00 0.00000E+00 0.00000E+00 0.00000E+00
 5.41297E+00 8.59736E-01 1.86881E+05 5.41297E+00 8.59736E-01 0.00000E+00 0.00000E+00 0.00000E+00 0.00000E+00 0.00000E+00 0.00000E+00 0.00000E+00
 6.37435E+00 1.25719E+00 1.87219E+05 6.37435E+00 1.25719E+00 0.00000E+00 0.00000E+00 0.00000E+00 0.00000E+00 0.00000E+00 0.00000E+00 0.00000E+00
 7.66199E+00 1.74385E+00 1.87460E+05 7.66199E+00 1.74385E+00 0.00000E+00 0.00000E+00 0.00000E+00 0.00000E+00 0.00000E+00 0.00000E+00 0.00000E+00
 9.33951E+00 2.32321E+00 1.87650E+05 9.33951E+00 2.32321E+00 0.00000E+00 0.00000E+00 0.00000E+00 0.00000E+00 0.00000E+00 0.00000E+00 0.00000E+00
 1.14546E+01 2.98687E+00 1.87823E+05 1.14546E+01 2.98687E+00 0.00000E+00 0.00000E+00 0.00000E+00 0.00000E+00 0.00000E+00 0.00000E+00 0.00000E+00
 1.33965E+01 3.54185E+00 1.87959E+05 1.33965E+01 3.54185E+00 0.00000E+00 0.00000E+00 0.00000E+00 0.00000E+00 0.00000E+00 0.00000E+00 0.00000E+00
 1.39893E+01 3.71836E+00 1.87974E+05 1.39893E+01 3.71836E+00 0.00000E+00 0.00000E+00 0.00000E+00 0.00000E+00 0.00000E+00 0.00000E+00 0.00000E+00
 1.73415E+01 4.56036E+00 1.88131E+05 1.73415E+01 4.56036E+00 0.00000E+00 0.00000E+00 0.00000E+00 0.00000E+00 0.00000E+00 0.00000E+00 0.00000E+00
 2.14793E+01 5.47677E+00 1.88418E+05 2.14793E+01 5.47677E+00 0.00000E+00 0.00000E+00 0.00000E+00 0.00000E+00 0.00000E+00 0.00000E+00 0.00000E+00
 2.64434E+01 6.46139E+00 1.88857E+05 2.64434E+01 6.46139E+00 0.00000E+00 0.00000E+00 0.00000E+00 0.00000E+00 0.00000E+00 0.00000E+00 0.00000E+00
 3.23398E+01 7.50344E+00 1.89490E+05 3.23398E+01 7.50344E+00 0.00000E+00 0.00000E+00 0.00000E+00 0.00000E+00 0.00000E+00 0.00000E+00 0.00000E+00
 3.93026E+01 8.59481E+00 1.90364E+05 3.93026E+01 8.59481E+00 0.00000E+00 0.00000E+00 0.00000E+00 0.00000E+00 0.00000E+00 0.00000E+00 0.00000E+00
 4.74557E+01 9.72150E+00 1.91523E+05 4.74557E+01 9.72150E+00 0.00000E+00 0.00000E+00 0.00000E+00 0.00000E+00 0.00000E+00 0.00000E+00 0.00000E+00
 5.69207E+01 1.08675E+01 1.93008E+05 5.69207E+01 1.08675E+01 0.00000E+00 0.00000E+00 0.00000E+00 0.00000E+00 0.00000E+00 0.00000E+00 0.00000E+00
 6.78359E+01 1.20191E+01 1.94865E+05 6.78359E+01 1.20191E+01 0.00000E+00 0.00000E+00 0.00000E+00 0.00000E+00 0.00000E+00 0.00000E+00 0.00000E+00
 8.03446E+01 1.31629E+01 1.97140E+05 8.03446E+01 1.31629E+01 0.00000E+00 0.00000E+00 0.00000E+00 0.00000E+00 0.00000E+00 0.00000E+00 0.00000E+00
 9.45946E+01 1.42854E+01 1.99878E+05 9.45946E+01 1.42854E+01 0.00000E+00 0.00000E+00 0.00000E+00 0.00000E+00 0.00000E+00 0.00000E+00 0.00000E+00
 1.10736E+02 1.53740E+01 2.03126E+05 1.10736E+02 1.53740E+01 0.00000E+00 0.00000E+00 0.00000E+00 0.00000E+00 0.00000E+00 0.00000E+00 0.00000E+00
 1.28921E+02 1.64167E+01 2.06930E+05 1.28921E+02 1.64167E+01 0.00000E+00 0.00000E+00 0.00000E+00 0.00000E+00 0.00000E+00 0.00000E+00 0.00000E+00
 1.49301E+02 1.74026E+01 2.11336E+05 1.49301E+02 1.74026E+01 0.00000E+00 0.00000E+00 0.00000E+00 0.00000E+00 0.00000E+00 0.00000E+00 0.00000E+00
 1.72025E+02 1.83219E+01 2.16387E+05 1.72025E+02 1.83219E+01 0.00000E+00 0.00000E+00 0.00000E+00 0.00000E+00 0.00000E+00 0.00000E+00 0.00000E+00
 1.97239E+02 1.91660E+01 2.22129E+05 1.97239E+02 1.91660E+01 0.00000E+00 0.00000E+00 0.00000E+00 0.00000E+00 0.00000E+00 0.00000E+00 0.00000E+00
 2.25133E+02 1.99305E+01 2.28616E+05 2.25133E+02 1.99305E+01 0.00000E+00 0.00000E+00 0.00000E+00 0.00000E+00 0.00000E+00 0.00000E+00 0.00000E+00
 2.55818E+02 2.06074E+01 2.35881E+05 2.55818E+02 2.06074E+01 0.00000E+00 0.00000E+00 0.00000E+00 0.00000E+00 0.00000E+00 0.00000E+00 0.00000E+00
 4.22730E+00 3.34477E-01 1.41729E+05 4.22730E+00 3.34477E-01 0.00000E+00 0.00000E+00 0.00000E+00 0.00000E+00 0.00000E+00 0.00000E+00 0.00000E+00
 4.63987E+00 5.47647E-01 1.42207E+05 4.63987E+00 5.47647E-01 0.00000E+00 0.00000E+00 0.00000E+00 0.00000E+00 0.00000E+00 0.00000E+00 0.00000E+00
 5.30932E+00 8.50057E-01 1.42551E+05 5.30932E+00 8.50057E-01 0.00000E+00 0.00000E+00 0.00000E+00 0.00000E+00 0.00000E+00 0.00000E+00 0.00000E+00
 6.25394E+00 1.23943E+00 1.42789E+05 6.25394E+00 1.23943E+00 0.00000E+00 0.00000E+00 0.00000E+00 0.00000E+00 0.00000E+00 0.00000E+00 0.00000E+00
 7.51107E+00 1.71127E+00 1.42954E+05 7.51107E+00 1.71127E+00 0.00000E+00 0.00000E+00 0.00000E+00 0.00000E+00 0.00000E+00 0.00000E+00 0.00000E+00
 9.14090E+00 2.26796E+00 1.43082E+05 9.14090E+00 2.26796E+00 0.00000E+00 0.00000E+00 0.00000E+00 0.00000E+00 0.00000E+00 0.00000E+00 0.00000E+00
 1.11884E+01 2.90086E+00 1.43199E+05 1.11884E+01 2.90086E+00 0.00000E+00 0.00000E+00 0.00000E+00 0.00000E+00 0.00000E+00 0.00000E+00 0.00000E+00
 1.30640E+01 3.42722E+00 1.43291E+05 1.30640E+01 3.42722E+00 0.00000E+00 0.00000E+00 0.00000E+00 0.00000E+00 0.00000E+00 0.00000E+00 0.00000E+00
 1.36349E+01 3.59393E+00 1.43299E+05 1.36349E+01 3.59393E+00 0.00000E+00 0.00000E+00 0.00000E+00 0.00000E+00 0.00000E+00 0.00000E+00 0.00000E+00
 1.68637E+01 4.38680E+00 1.43403E+05 1.68637E+01 4.38680E+00 0.00000E+00 0.00000E+00 0.00000E+00 0.00000E+00 0.00000E+00 0.00000E+00 0.00000E+00
 2.08416E+01 5.24474E+00 1.43605E+05 2.08416E+01 5.24474E+00 0.00000E+00 0.00000E+00 0.00000E+00 0.00000E+00 0.00000E+00 0.00000E+00 0.00000E+00
 2.56050E+01 6.16154E+00 1.43921E+05 2.56050E+01 6.16154E+00 0.00000E+00 0.00000E+00 0.00000E+00 0.00000E+00 0.00000E+00 0.00000E+00 0.00000E+00
 3.12535E+01 7.12678E+00 1.44381E+05 3.12535E+01 7.12678E+00 0.00000E+00 0.00000E+00 0.00000E+00 0.00000E+00 0.00000E+00 0.00000E+00 0.00000E+00
 3.79135E+01 8.13260E+00 1.45021E+05 3.79135E+01 8.13260E+00 0.00000E+00 0.00000E+00 0.00000E+00 0.00000E+00 0.00000E+00 0.00000E+00 0.00000E+00
 4.57014E+01 9.16583E+00 1.45872E+05 4.57014E+01 9.16583E+00 0.00000E+00 0.00000E+00 0.00000E+00 0.00000E+00 0.00000E+00 0.00000E+00 0.00000E+00
 5.47309E+01 1.02117E+01 1.46965E+05 5.47309E+01 1.02117E+01 0.00000E+00 0.00000E+00 0.00000E+00 0.00000E+00 0.00000E+00 0.00000E+00 0.00000E+00
 6.51314E+01 1.12575E+01 1.48334E+05 6.51314E+01 1.12575E+01 0.00000E+00 0.00000E+00 0.00000E+00 0.00000E+00 0.00000E+00 0.00000E+00 0.00000E+00
 7.70368E+01 1.22911E+01 1.50011E+05 7.70368E+01 1.22911E+01 0.00000E+00 0.00000E+00 0.00000E+00 0.00000E+00 0.00000E+00 0.00000E+00 0.00000E+00
 9.05845E+01 1.33003E+01 1.52030E+05 9.05845E+01 1.33003E+01 0.00000E+00 0.00000E+00 0.00000E+00 0.00000E+00 0.00000E+00 0.00000E+00 0.00000E+00
 1.05914E+02 1.42738E+01 1.54424E+05 1.05914E+02 1.42738E+01 0.00000E+00 0.00000E+00 0.00000E+00 0.00000E+00 0.00000E+00 0.00000E+00 0.00000E+00
 1.23166E+02 1.52010E+01 1.57228E+05 1.23166E+02 1.52010E+01 0.00000E+00 0.00000E+00 0.00000E+00 0.00000E+00 0.00000E+00 0.00000E+00 0.00000E+00
 1.42479E+02 1.60723E+01 1.60473E+05 1.42479E+02 1.60723E+01 0.00000E+00 0.00000E+00 0.00000E+00 0.00000E+00 0.00000E+00 0.00000E+00 0.00000E+00
 1.63993E+02 1.68792E+01 1.64191E+05 1.63993E+02 1.68792E+01 0.00000E+00 0.00000E+00 0.00000E+00 0.00000E+00 0.00000E+00 0.00000E+00 0.00000E+00
 1.87839E+02 1.76145E+01 1.68415E+05 1.87839E+02 1.76145E+01 0.00000E+00 0.00000E+00 0.00000E+00 0.00000E+00 0.00000E+00 0.00000E+00 0.00000E+00
 2.14191E+02 1.82745E+01 1.73182E+05 2.14191E+02 1.82745E+01 0.00000E+00 0.00000E+00 0.00000E+00 0.00000E+00 0.00000E+00 0.00000E+00 0.00000E+00
 2.43149E+02 1.88525E+01 1.78518E+05 2.43149E+02 1.88525E+01 0.00000E+00 0.00000E+00 0.00000E+00 0.00000E+00 0.00000E+00 0.00000E+00 0.00000E+00
 4.10814E+00 3.22730E-01 1.07624E+05 4.10814E+00 3.22730E-01 0.00000E+00 0.00000E+00 0.00000E+00 0.00000E+00 0.00000E+00 0.00000E+00 0.00000E+00
 4.52443E+00 5.39212E-01 1.07958E+05 4.52443E+00 5.39212E-01 0.00000E+00 0.00000E+00 0.00000E+00 0.00000E+00 0.00000E+00 0.00000E+00 0.00000E+00
 5.18793E+00 8.39247E-01 1.08195E+05 5.18793E+00 8.39247E-01 0.00000E+00 0.00000E+00 0.00000E+00 0.00000E+00 0.00000E+00 0.00000E+00 0.00000E+00
 6.11423E+00 1.21966E+00 1.08355E+05 6.11423E+00 1.21966E+00 0.00000E+00 0.00000E+00 0.00000E+00 0.00000E+00 0.00000E+00 0.00000E+00 0.00000E+00
 7.33813E+00 1.67524E+00 1.08462E+05 7.33813E+00 1.67524E+00 0.00000E+00 0.00000E+00 0.00000E+00 0.00000E+00 0.00000E+00 0.00000E+00 0.00000E+00
 8.91595E+00 2.20734E+00 1.08543E+05 8.91595E+00 2.20734E+00 0.00000E+00 0.00000E+00 0.00000E+00 0.00000E+00 0.00000E+00 0.00000E+00 0.00000E+00
 1.08895E+01 2.80705E+00 1.08616E+05 1.08895E+01 2.80705E+00 0.00000E+00 0.00000E+00 0.00000E+00 0.00000E+00 0.00000E+00 0.00000E+00 0.00000E+00
 1.26924E+01 3.30269E+00 1.08674E+05 1.26924E+01 3.30269E+00 0.00000E+00 0.00000E+00 0.00000E+00 0.00000E+00 0.00000E+00 0.00000E+00 0.00000E+00
 1.32393E+01 3.45895E+00 1.08677E+05 1.32393E+01 3.45895E+00 0.00000E+00 0.00000E+00 0.00000E+00 0.00000E+00 0.00000E+00 0.00000E+00 0.00000E+00
 1.63319E+01 4.19938E+00 1.08741E+05 1.63319E+01 4.19938E+00 0.00000E+00 0.00000E+00 0.00000E+00 0.00000E+00 0.00000E+00 0.00000E+00 0.00000E+00
 2.01322E+01 4.99519E+00 1.08878E+05 2.01322E+01 4.99519E+00 0.00000E+00 0.00000E+00 0.00000E+00 0.00000E+00 0.00000E+00 0.00000E+00 0.00000E+00
 2.46716E+01 5.84021E+00 1.09099E+05 2.46716E+01 5.84021E+00 0.00000E+00 0.00000E+00 0.00000E+00 0.00000E+00 0.00000E+00 0.00000E+00 0.00000E+00
 3.00423E+01 6.72448E+00 1.09427E+05 3.00423E+01 6.72448E+00 0.00000E+00 0.00000E+00 0.00000E+00 0.00000E+00 0.00000E+00 0.00000E+00 0.00000E+00
 3.63614E+01 7.64040E+00 1.09887E+05 3.63614E+01 7.64040E+00 0.00000E+00 0.00000E+00 0.00000E+00 0.00000E+00 0.00000E+00 0.00000E+00 0.00000E+00
 4.37359E+01 8.57573E+00 1.10503E+05 4.37359E+01 8.57573E+00 0.00000E+00 0.00000E+00 0.00000E+00 0.00000E+00 0.00000E+00 0.00000E+00 0.00000E+00
 5.22706E+01 9.51694E+00 1.11296E+05 5.22706E+01 9.51694E+00 0.00000E+00 0.00000E+00 0.00000E+00 0.00000E+00 0.00000E+00 0.00000E+00 0.00000E+00
 6.20837E+01 1.04526E+01 1.12290E+05 6.20837E+01 1.04526E+01 0.00000E+00 0.00000E+00 0.00000E+00 0.00000E+00 0.00000E+00 0.00000E+00 0.00000E+00
 7.32979E+01 1.13717E+01 1.13509E+05 7.32979E+01 1.13717E+01 0.00000E+00 0.00000E+00 0.00000E+00 0.00000E+00 0.00000E+00 0.00000E+00 0.00000E+00
 8.60381E+01 1.22635E+01 1.14978E+05 8.60381E+01 1.22635E+01 0.00000E+00 0.00000E+00 0.00000E+00 0.00000E+00 0.00000E+00 0.00000E+00 0.00000E+00
 1.00431E+02 1.31181E+01 1.16719E+05 1.00431E+02 1.31181E+01 0.00000E+00 0.00000E+00 0.00000E+00 0.00000E+00 0.00000E+00 0.00000E+00 0.00000E+00
 1.16603E+02 1.39263E+01 1.18756E+05 1.16603E+02 1.39263E+01 0.00000E+00 0.00000E+00 0.00000E+00 0.00000E+00 0.00000E+00 0.00000E+00 0.00000E+00
 1.34681E+02 1.46798E+01 1.21113E+05 1.34681E+02 1.46798E+01 0.00000E+00 0.00000E+00 0.00000E+00 0.00000E+00 0.00000E+00 0.00000E+00 0.00000E+00
 1.54786E+02 1.53716E+01 1.23811E+05 1.54786E+02 1.53716E+01 0.00000E+00 0.00000E+00 0.00000E+00 0.00000E+00 0.00000E+00 0.00000E+00 0.00000E+00
 1.77038E+02 1.59956E+01 1.26873E+05 1.77038E+02 1.59956E+01 0.00000E+00 0.00000E+00 0.00000E+00 0.00000E+00 0.00000E+00 0.00000E+00 0.00000E+00
 2.01591E+02 1.65491E+01 1.30326E+05 2.01591E+02 1.65491E+01 0.00000E+00 0.00000E+00 0.00000E+00 0.00000E+00 0.00000E+00 0.00000E+00 0.00000E+00
 2.28532E+02 1.70268E+01 1.34186E+05 2.28532E+02 1.70268E+01 0.00000E+00 0.00000E+00 0.00000E+00 0.00000E+00 0.00000E+00 0.00000E+00 0.00000E+00
 3.97093E+00 3.10238E-01 8.12626E+04 3.97093E+00 3.10238E-01 0.00000E+00 0.00000E+00 0.00000E+00 0.00000E+00 0.00000E+00 0.00000E+00 0.00000E+00
 4.39088E+00 5.30178E-01 8.14907E+04 4.39088E+00 5.30178E-01 0.00000E+00 0.00000E+00 0.00000E+00 0.00000E+00 0.00000E+00 0.00000E+00 0.00000E+00
 5.04778E+00 8.27471E-01 8.16487E+04 5.04778E+00 8.27471E-01 0.00000E+00 0.00000E+00 0.00000E+00 0.00000E+00 0.00000E+00 0.00000E+00 0.00000E+00
 5.95428E+00 1.19814E+00 8.17510E+04 5.95428E+00 1.19814E+00 0.00000E+00 0.00000E+00 0.00000E+00 0.00000E+00 0.00000E+00 0.00000E+00 0.00000E+00
 7.14243E+00 1.63637E+00 8.18157E+04 7.14243E+00 1.63637E+00 0.00000E+00 0.00000E+00 0.00000E+00 0.00000E+00 0.00000E+00 0.00000E+00 0.00000E+00
 8.66428E+00 2.14252E+00 8.18618E+04 8.66428E+00 2.14252E+00 0.00000E+00 0.00000E+00 0.00000E+00 0.00000E+00 0.00000E+00 0.00000E+00 0.00000E+00
 1.05581E+01 2.70757E+00 8.19033E+04 1.05581E+01 2.70757E+00 0.00000E+00 0.00000E+00 0.00000E+00 0.00000E+00 0.00000E+00 0.00000E+00 0.00000E+00
 1.22823E+01 3.17131E+00 8.19368E+04 1.22823E+01 3.17131E+00 0.00000E+00 0.00000E+00 0.00000E+00 0.00000E+00 0.00000E+00 0.00000E+00 0.00000E+00
 1.28033E+01 3.31675E+00 8.19363E+04 1.28033E+01 3.31675E+00 0.00000E+00 0.00000E+00 0.00000E+00 0.00000E+00 0.00000E+00 0.00000E+00 0.00000E+00
 1.57477E+01 4.00314E+00 8.19718E+04 1.57477E+01 4.00314E+00 0.00000E+00 0.00000E+00 0.00000E+00 0.00000E+00 0.00000E+00 0.00000E+00 0.00000E+00
 1.93538E+01 4.73528E+00 8.20610E+04 1.93538E+01 4.73528E+00 0.00000E+00 0.00000E+00 0.00000E+00 0.00000E+00 0.00000E+00 0.00000E+00 0.00000E+00
 2.36473E+01 5.50714E+00 8.22121E+04 2.36473E+01 5.50714E+00 0.00000E+00 0.00000E+00 0.00000E+00 0.00000E+00 0.00000E+00 0.00000E+00 0.00000E+00
 2.87119E+01 6.30925E+00 8.24409E+04 2.87119E+01 6.30925E+00 0.00000E+00 0.00000E+00 0.00000E+00 0.00000E+00 0.00000E+00 0.00000E+00 0.00000E+00
 3.46535E+01 7.13437E+00 8.27660E+04 3.46535E+01 7.13437E+00 0.00000E+00 0.00000E+00 0.00000E+00 0.00000E+00 0.00000E+00 0.00000E+00 0.00000E+00
 4.15688E+01 7.97124E+00 8.32040E+04 4.15688E+01 7.97124E+00 0.00000E+00 0.00000E+00 0.00000E+00 0.00000E+00 0.00000E+00 0.00000E+00 0.00000E+00
 4.95515E+01 8.80765E+00 8.37702E+04 4.95515E+01 8.80765E+00 0.00000E+00 0.00000E+00 0.00000E+00 0.00000E+00 0.00000E+00 0.00000E+00 0.00000E+00
 5.87075E+01 9.63340E+00 8.44814E+04 5.87075E+01 9.63340E+00 0.00000E+00 0.00000E+00 0.00000E+00 0.00000E+00 0.00000E+00 0.00000E+00 0.00000E+00
 6.91457E+01 1.04387E+01 8.53543E+04 6.91457E+01 1.04387E+01 0.00000E+00 0.00000E+00 0.00000E+00 0.00000E+00 0.00000E+00 0.00000E+00 0.00000E+00
 8.09770E+01 1.12142E+01 8.64056E+04 8.09770E+01 1.12142E+01 0.00000E+00 0.00000E+00 0.00000E+00 0.00000E+00 0.00000E+00 0.00000E+00 0.00000E+00
 9.43128E+01 1.19513E+01 8.76518E+04 9.43128E+01 1.19513E+01 0.00000E+00 0.00000E+00 0.00000E+00 0.00000E+00 0.00000E+00 0.00000E+00 0.00000E+00
 1.09264E+02 1.26424E+01 8.91090E+04 1.09264E+02 1.26424E+01 0.00000E+00 0.00000E+00 0.00000E+00 0.00000E+00 0.00000E+00 0.00000E+00 0.00000E+00
 1.25940E+02 1.32805E+01 9.07931E+04 1.25940E+02 1.32805E+01 0.00000E+00 0.00000E+00 0.00000E+00 0.00000E+00 0.00000E+00 0.00000E+00 0.00000E+00
 1.44447E+02 1.38598E+01 9.27193E+04 1.44447E+02 1.38598E+01 0.00000E+00 0.00000E+00 0.00000E+00 0.00000E+00 0.00000E+00 0.00000E+00 0.00000E+00
 1.64887E+02 1.43756E+01 9.49021E+04 1.64887E+02 1.43756E+01 0.00000E+00 0.00000E+00 0.00000E+00 0.00000E+00 0.00000E+00 0.00000E+00 0.00000E+00
 1.87392E+02 1.48260E+01 9.73605E+04 1.87392E+02 1.48260E+01 0.00000E+00 0.00000E+00 0.00000E+00 0.00000E+00 0.00000E+00 0.00000E+00 0.00000E+00
 2.12034E+02 1.52068E+01 1.00105E+05 2.12034E+02 1.52068E+01 0.00000E+00 0.00000E+00 0.00000E+00 0.00000E+00 0.00000E+00 0.00000E+00 0.00000E+00
 3.81572E+00 2.97471E-01 6.09690E+04 3.81572E+00 2.97471E-01 0.00000E+00 0.00000E+00 0.00000E+00 0.00000E+00 0.00000E+00 0.00000E+00 0.00000E+00
 4.23942E+00 5.20845E-01 6.11225E+04 4.23942E+00 5.20845E-01 0.00000E+00 0.00000E+00 0.00000E+00 0.00000E+00 0.00000E+00 0.00000E+00 0.00000E+00
 4.88926E+00 8.14959E-01 6.12262E+04 4.88926E+00 8.14959E-01 0.00000E+00 0.00000E+00 0.00000E+00 0.00000E+00 0.00000E+00 0.00000E+00 0.00000E+00
 5.77471E+00 1.17520E+00 6.12901E+04 5.77471E+00 1.17520E+00 0.00000E+00 0.00000E+00 0.00000E+00 0.00000E+00 0.00000E+00 0.00000E+00 0.00000E+00
 6.92483E+00 1.59528E+00 6.13274E+04 6.92483E+00 1.59528E+00 0.00000E+00 0.00000E+00 0.00000E+00 0.00000E+00 0.00000E+00 0.00000E+00 0.00000E+00
 8.38712E+00 2.07470E+00 6.13519E+04 8.38712E+00 2.07470E+00 0.00000E+00 0.00000E+00 0.00000E+00 0.00000E+00 0.00000E+00 0.00000E+00 0.00000E+00
 1.01959E+01 2.60445E+00 6.13736E+04 1.01959E+01 2.60445E+00 0.00000E+00 0.00000E+00 0.00000E+00 0.00000E+00 0.00000E+00 0.00000E+00 0.00000E+00
 1.18358E+01 3.03595E+00 6.13917E+04 1.18358E+01 3.03595E+00 0.00000E+00 0.00000E+00 0.00000E+00 0.00000E+00 0.00000E+00 0.00000E+00 0.00000E+00
 1.23294E+01 3.17053E+00 6.13894E+04 1.23294E+01 3.17053E+00 0.00000E+00 0.00000E+00 0.00000E+00 0.00000E+00 0.00000E+00 0.00000E+00 0.00000E+00
 1.51145E+01 3.80283E+00 6.14068E+04 1.51145E+01 3.80283E+00 0.00000E+00 0.00000E+00 0.00000E+00 0.00000E+00 0.00000E+00 0.00000E+00 0.00000E+00
 1.85114E+01 4.47172E+00 6.14634E+04 1.85114E+01 4.47172E+00 0.00000E+00 0.00000E+00 0.00000E+00 0.00000E+00 0.00000E+00 0.00000E+00 0.00000E+00
 2.25391E+01 5.17136E+00 6.15647E+04 2.25391E+01 5.17136E+00 0.00000E+00 0.00000E+00 0.00000E+00 0.00000E+00 0.00000E+00 0.00000E+00 0.00000E+00
 2.72719E+01 5.89289E+00 6.17221E+04 2.72719E+01 5.89289E+00 0.00000E+00 0.00000E+00 0.00000E+00 0.00000E+00 0.00000E+00 0.00000E+00 0.00000E+00
 3.28038E+01 6.62945E+00 6.19484E+04 3.28038E+01 6.62945E+00 0.00000E+00 0.00000E+00 0.00000E+00 0.00000E+00 0.00000E+00 0.00000E+00 0.00000E+00
 3.92193E+01 7.37082E+00 6.22554E+04 3.92193E+01 7.37082E+00 0.00000E+00 0.00000E+00 0.00000E+00 0.00000E+00 0.00000E+00 0.00000E+00 0.00000E+00
 4.66001E+01 8.10609E+00 6.26535E+04 4.66001E+01 8.10609E+00 0.00000E+00 0.00000E+00 0.00000E+00 0.00000E+00 0.00000E+00 0.00000E+00 0.00000E+00
 5.50380E+01 8.82625E+00 6.31545E+04 5.50380E+01 8.82625E+00 0.00000E+00 0.00000E+00 0.00000E+00 0.00000E+00 0.00000E+00 0.00000E+00 0.00000E+00
 6.46271E+01 9.52274E+00 6.37697E+04 6.46271E+01 9.52274E+00 0.00000E+00 0.00000E+00 0.00000E+00 0.00000E+00 0.00000E+00 0.00000E+00 0.00000E+00
 7.54623E+01 1.01876E+01 6.45104E+04 7.54623E+01 1.01876E+01 0.00000E+00 0.00000E+00 0.00000E+00 0.00000E+00 0.00000E+00 0.00000E+00 0.00000E+00
 8.76382E+01 1.08136E+01 6.53878E+04 8.76382E+01 1.08136E+01 0.00000E+00 0.00000E+00 0.00000E+00 0.00000E+00 0.00000E+00 0.00000E+00 0.00000E+00
 1.01248E+02 1.13943E+01 6.64126E+04 1.01248E+02 1.13943E+01 0.00000E+00 0.00000E+00 0.00000E+00 0.00000E+00 0.00000E+00 0.00000E+00 0.00000E+00
 1.16384E+02 1.19242E+01 6.75954E+04 1.16384E+02 1.19242E+01 0.00000E+00 0.00000E+00 0.00000E+00 0.00000E+00 0.00000E+00 0.00000E+00 0.00000E+00
 1.33134E+02 1.23987E+01 6.89461E+04 1.33134E+02 1.23987E+01 0.00000E+00 0.00000E+00 0.00000E+00 0.00000E+00 0.00000E+00 0.00000E+00 0.00000E+00
 1.51580E+02 1.28142E+01 7.04743E+04 1.51580E+02 1.28142E+01 0.00000E+00 0.00000E+00 0.00000E+00 0.00000E+00 0.00000E+00 0.00000E+00 0.00000E+00
 1.71831E+02 1.31693E+01 7.21923E+04 1.71831E+02 1.31693E+01 0.00000E+00 0.00000E+00 0.00000E+00 0.00000E+00 0.00000E+00 0.00000E+00 0.00000E+00
 1.93943E+02 1.34614E+01 7.41064E+04 1.93943E+02 1.34614E+01 0.00000E+00 0.00000E+00 0.00000E+00 0.00000E+00 0.00000E+00 0.00000E+00 0.00000E+00
 3.64563E+00 2.85060E-01 4.54526E+04 3.64563E+00 2.85060E-01 0.00000E+00 0.00000E+00 0.00000E+00 0.00000E+00 0.00000E+00 0.00000E+00 0.00000E+00
 4.07311E+00 5.11565E-01 4.55585E+04 4.07311E+00 5.11565E-01 0.00000E+00 0.00000E+00 0.00000E+00 0.00000E+00 0.00000E+00 0.00000E+00 0.00000E+00
 4.71545E+00 8.01950E-01 4.56288E+04 4.71545E+00 8.01950E-01 0.00000E+00 0.00000E+00 0.00000E+00 0.00000E+00 0.00000E+00 0.00000E+00 0.00000E+00
 5.57875E+00 1.15119E+00 4.56708E+04 5.57875E+00 1.15119E+00 0.00000E+00 0.00000E+00 0.00000E+00 0.00000E+00 0.00000E+00 0.00000E+00 0.00000E+00
 6.68896E+00 1.55271E+00 4.56937E+04 6.68896E+00 1.55271E+00 0.00000E+00 0.00000E+00 0.00000E+00 0.00000E+00 0.00000E+00 0.00000E+00 0.00000E+00
 8.08880E+00 2.00536E+00 4.57076E+04 8.08880E+00 2.00536E+00 0.00000E+00 0.00000E+00 0.00000E+00 0.00000E+00 0.00000E+00 0.00000E+00 0.00000E+00
 9.80843E+00 2.50028E+00 4.57197E+04 9.80843E+00 2.50028E+00 0.00000E+00 0.00000E+00 0.00000E+00 0.00000E+00 0.00000E+00 0.00000E+00 0.00000E+00
 1.13600E+01 2.90028E+00 4.57300E+04 1.13600E+01 2.90028E+00 0.00000E+00 0.00000E+00 0.00000E+00 0.00000E+00 0.00000E+00 0.00000E+00 0.00000E+00
 1.18249E+01 3.02432E+00 4.57274E+04 1.18249E+01 3.02432E+00 0.00000E+00 0.00000E+00 0.00000E+00 0.00000E+00 0.00000E+00 0.00000E+00 0.00000E+00
 1.44430E+01 3.60441E+00 4.57359E+04 1.44430E+01 3.60441E+00 0.00000E+00 0.00000E+00 0.00000E+00 0.00000E+00 0.00000E+00 0.00000E+00 0.00000E+00
 1.76199E+01 4.21283E+00 4.57725E+04 1.76199E+01 4.21283E+00 0.00000E+00 0.00000E+00 0.00000E+00 0.00000E+00 0.00000E+00 0.00000E+00 0.00000E+00
 2.13684E+01 4.84402E+00 4.58410E+04 2.13684E+01 4.84402E+00 0.00000E+00 0.00000E+00 0.00000E+00 0.00000E+00 0.00000E+00 0.00000E+00 0.00000E+00
 2.57526E+01 5.48976E+00 4.59491E+04 2.57526E+01 5.48976E+00 0.00000E+00 0.00000E+00 0.00000E+00 0.00000E+00 0.00000E+00 0.00000E+00 0.00000E+00
 3.08536E+01 6.14366E+00 4.61058E+04 3.08536E+01 6.14366E+00 0.00000E+00 0.00000E+00 0.00000E+00 0.00000E+00 0.00000E+00 0.00000E+00 0.00000E+00
 3.67438E+01 6.79651E+00 4.63192E+04 3.67438E+01 6.79651E+00 0.00000E+00 0.00000E+00 0.00000E+00 0.00000E+00 0.00000E+00 0.00000E+00 0.00000E+00
 4.34918E+01 7.43866E+00 4.65963E+04 4.34918E+01 7.43866E+00 0.00000E+00 0.00000E+00 0.00000E+00 0.00000E+00 0.00000E+00 0.00000E+00 0.00000E+00
 5.11751E+01 8.06225E+00 4.69451E+04 5.11751E+01 8.06225E+00 0.00000E+00 0.00000E+00 0.00000E+00 0.00000E+00 0.00000E+00 0.00000E+00 0.00000E+00
 5.98719E+01 8.65992E+00 4.73731E+04 5.98719E+01 8.65992E+00 0.00000E+00 0.00000E+00 0.00000E+00 0.00000E+00 0.00000E+00 0.00000E+00 0.00000E+00
 6.96607E+01 9.22492E+00 4.78879E+04 6.96607E+01 9.22492E+00 0.00000E+00 0.00000E+00 0.00000E+00 0.00000E+00 0.00000E+00 0.00000E+00 0.00000E+00
 8.06189E+01 9.75123E+00 4.84966E+04 8.06189E+01 9.75123E+00 0.00000E+00 0.00000E+00 0.00000E+00 0.00000E+00 0.00000E+00 0.00000E+00 0.00000E+00
 9.28221E+01 1.02336E+01 4.92064E+04 9.28221E+01 1.02336E+01 0.00000E+00 0.00000E+00 0.00000E+00 0.00000E+00 0.00000E+00 0.00000E+00 0.00000E+00
 1.06343E+02 1.06677E+01 5.00239E+04 1.06343E+02 1.06677E+01 0.00000E+00 0.00000E+00 0.00000E+00 0.00000E+00 0.00000E+00 0.00000E+00 0.00000E+00
 1.21251E+02 1.10501E+01 5.09554E+04 1.21251E+02 1.10501E+01 0.00000E+00 0.00000E+00 0.00000E+00 0.00000E+00 0.00000E+00 0.00000E+00 0.00000E+00
 1.37609E+02 1.13780E+01 5.20070E+04 1.37609E+02 1.13780E+01 0.00000E+00 0.00000E+00 0.00000E+00 0.00000E+00 0.00000E+00 0.00000E+00 0.00000E+00
 1.55504E+02 1.16509E+01 5.31863E+04 1.55504E+02 1.16509E+01 0.00000E+00 0.00000E+00 0.00000E+00 0.00000E+00 0.00000E+00 0.00000E+00 0.00000E+00
 1.74973E+02 1.18670E+01 5.44970E+04 1.74973E+02 1.18670E+01 0.00000E+00 0.00000E+00 0.00000E+00 0.00000E+00 0.00000E+00 0.00000E+00 0.00000E+00
 3.46832E+00 2.73539E-01 3.37194E+04 3.46832E+00 2.73539E-01 0.00000E+00 0.00000E+00 0.00000E+00 0.00000E+00 0.00000E+00 0.00000E+00 0.00000E+00
 3.89943E+00 5.02572E-01 3.37982E+04 3.89943E+00 5.02572E-01 0.00000E+00 0.00000E+00 0.00000E+00 0.00000E+00 0.00000E+00 0.00000E+00 0.00000E+00
 4.53363E+00 7.88518E-01 3.38513E+04 4.53363E+00 7.88518E-01 0.00000E+00 0.00000E+00 0.00000E+00 0.00000E+00 0.00000E+00 0.00000E+00 0.00000E+00
 5.37360E+00 1.12617E+00 3.38836E+04 5.37360E+00 1.12617E+00 0.00000E+00 0.00000E+00 0.00000E+00 0.00000E+00 0.00000E+00 0.00000E+00 0.00000E+00
 6.44221E+00 1.50890E+00 3.39020E+04 6.44221E+00 1.50890E+00 0.00000E+00 0.00000E+00 0.00000E+00 0.00000E+00 0.00000E+00 0.00000E+00 0.00000E+00
 7.77739E+00 1.93507E+00 3.39137E+04 7.77739E+00 1.93507E+00 0.00000E+00 0.00000E+00 0.00000E+00 0.00000E+00 0.00000E+00 0.00000E+00 0.00000E+00
 9.40523E+00 2.39613E+00 3.39238E+04 9.40523E+00 2.39613E+00 0.00000E+00 0.00000E+00 0.00000E+00 0.00000E+00 0.00000E+00 0.00000E+00 0.00000E+00
 1.08662E+01 2.76587E+00 3.39320E+04 1.08662E+01 2.76587E+00 0.00000E+00 0.00000E+00 0.00000E+00 0.00000E+00 0.00000E+00 0.00000E+00 0.00000E+00
 1.13018E+01 2.87986E+00 3.39302E+04 1.13018E+01 2.87986E+00 0.00000E+00 0.00000E+00 0.00000E+00 0.00000E+00 0.00000E+00 0.00000E+00 0.00000E+00
 1.37491E+01 3.41051E+00 3.39367E+04 1.37491E+01 3.41051E+00 0.00000E+00 0.00000E+00 0.00000E+00 0.00000E+00 0.00000E+00 0.00000E+00 0.00000E+00
 1.67024E+01 3.96228E+00 3.39631E+04 1.67024E+01 3.96228E+00 0.00000E+00 0.00000E+00 0.00000E+00 0.00000E+00 0.00000E+00 0.00000E+00 0.00000E+00
 2.01679E+01 4.52997E+00 3.40115E+04 2.01679E+01 4.52997E+00 0.00000E+00 0.00000E+00 0.00000E+00 0.00000E+00 0.00000E+00 0.00000E+00 0.00000E+00
 2.42001E+01 5.10604E+00 3.40876E+04 2.42001E+01 5.10604E+00 0.00000E+00 0.00000E+00 0.00000E+00 0.00000E+00 0.00000E+00 0.00000E+00 0.00000E+00
 2.88680E+01 5.68462E+00 3.41974E+04 2.88680E+01 5.68462E+00 0.00000E+00 0.00000E+00 0.00000E+00 0.00000E+00 0.00000E+00 0.00000E+00 0.00000E+00
 3.42318E+01 6.25749E+00 3.43464E+04 3.42318E+01 6.25749E+00 0.00000E+00 0.00000E+00 0.00000E+00 0.00000E+00 0.00000E+00 0.00000E+00 0.00000E+00
 4.03482E+01 6.81618E+00 3.45394E+04 4.03482E+01 6.81618E+00 0.00000E+00 0.00000E+00 0.00000E+00 0.00000E+00 0.00000E+00 0.00000E+00 0.00000E+00
 4.72806E+01 7.35389E+00 3.47815E+04 4.72806E+01 7.35389E+00 0.00000E+00 0.00000E+00 0.00000E+00 0.00000E+00 0.00000E+00 0.00000E+00 0.00000E+00
 5.50928E+01 7.86435E+00 3.50777E+04 5.50928E+01 7.86435E+00 0.00000E+00 0.00000E+00 0.00000E+00 0.00000E+00 0.00000E+00 0.00000E+00 0.00000E+00
 6.38476E+01 8.34191E+00 3.54330E+04 6.38476E+01 8.34191E+00 0.00000E+00 0.00000E+00 0.00000E+00 0.00000E+00 0.00000E+00 0.00000E+00 0.00000E+00
 7.36063E+01 8.78163E+00 3.58519E+04 7.36063E+01 8.78163E+00 0.00000E+00 0.00000E+00 0.00000E+00 0.00000E+00 0.00000E+00 0.00000E+00 0.00000E+00
 8.44279E+01 9.17934E+00 3.63389E+04 8.44279E+01 9.17934E+00 0.00000E+00 0.00000E+00 0.00000E+00 0.00000E+00 0.00000E+00 0.00000E+00 0.00000E+00
 9.63681E+01 9.53166E+00 3.68982E+04 9.63681E+01 9.53166E+00 0.00000E+00 0.00000E+00 0.00000E+00 0.00000E+00 0.00000E+00 0.00000E+00 0.00000E+00
 1.09479E+02 9.83603E+00 3.75336E+04 1.09479E+02 9.83603E+00 0.00000E+00 0.00000E+00 0.00000E+00 0.00000E+00 0.00000E+00 0.00000E+00 0.00000E+00
 1.23806E+02 1.00907E+01 3.82487E+04 1.23806E+02 1.00907E+01 0.00000E+00 0.00000E+00 0.00000E+00 0.00000E+00 0.00000E+00 0.00000E+00 0.00000E+00
 1.39415E+02 1.02955E+01 3.90483E+04 1.39415E+02 1.02955E+01 0.00000E+00 0.00000E+00 0.00000E+00 0.00000E+00 0.00000E+00 0.00000E+00 0.00000E+00
 1.56327E+02 1.04494E+01 3.99341E+04 1.56327E+02 1.04494E+01 0.00000E+00 0.00000E+00 0.00000E+00 0.00000E+00 0.00000E+00 0.00000E+00 0.00000E+00
 3.30298E+00 2.63097E-01 2.50386E+04 3.30298E+00 2.63097E-01 0.00000E+00 0.00000E+00 0.00000E+00 0.00000E+00 0.00000E+00 0.00000E+00 0.00000E+00
 3.73644E+00 4.93737E-01 2.50980E+04 3.73644E+00 4.93737E-01 0.00000E+00 0.00000E+00 0.00000E+00 0.00000E+00 0.00000E+00 0.00000E+00 0.00000E+00
 4.36140E+00 7.74371E-01 2.51388E+04 4.36140E+00 7.74371E-01 0.00000E+00 0.00000E+00 0.00000E+00 0.00000E+00 0.00000E+00 0.00000E+00 0.00000E+00
 5.17732E+00 1.09983E+00 2.51645E+04 5.17732E+00 1.09983E+00 0.00000E+00 0.00000E+00 0.00000E+00 0.00000E+00 0.00000E+00 0.00000E+00 0.00000E+00
 6.20429E+00 1.46360E+00 2.51800E+04 6.20429E+00 1.46360E+00 0.00000E+00 0.00000E+00 0.00000E+00 0.00000E+00 0.00000E+00 0.00000E+00 0.00000E+00
 7.47592E+00 1.86376E+00 2.51906E+04 7.47592E+00 1.86376E+00 0.00000E+00 0.00000E+00 0.00000E+00 0.00000E+00 0.00000E+00 0.00000E+00 0.00000E+00
 9.01470E+00 2.29216E+00 2.51998E+04 9.01470E+00 2.29216E+00 0.00000E+00 0.00000E+00 0.00000E+00 0.00000E+00 0.00000E+00 0.00000E+00 0.00000E+00
 1.03885E+01 2.63307E+00 2.52071E+04 1.03885E+01 2.63307E+00 0.00000E+00 0.00000E+00 0.00000E+00 0.00000E+00 0.00000E+00 0.00000E+00 0.00000E+00
 1.07961E+01 2.73757E+00 2.52061E+04 1.07961E+01 2.73757E+00 0.00000E+00 0.00000E+00 0.00000E+00 0.00000E+00 0.00000E+00 0.00000E+00 0.00000E+00
 1.30810E+01 3.22181E+00 2.52120E+04 1.30810E+01 3.22181E+00 0.00000E+00 0.00000E+00 0.00000E+00 0.00000E+00 0.00000E+00 0.00000E+00 0.00000E+00
 1.58231E+01 3.72099E+00 2.52317E+04 1.58231E+01 3.72099E+00 0.00000E+00 0.00000E+00 0.00000E+00 0.00000E+00 0.00000E+00 0.00000E+00 0.00000E+00
 1.90237E+01 4.23034E+00 2.52669E+04 1.90237E+01 4.23034E+00 0.00000E+00 0.00000E+00 0.00000E+00 0.00000E+00 0.00000E+00 0.00000E+00 0.00000E+00
 2.27289E+01 4.74301E+00 2.53212E+04 2.27289E+01 4.74301E+00 0.00000E+00 0.00000E+00 0.00000E+00 0.00000E+00 0.00000E+00 0.00000E+00 0.00000E+00
 2.69971E+01 5.25364E+00 2.53988E+04 2.69971E+01 5.25364E+00 0.00000E+00 0.00000E+00 0.00000E+00 0.00000E+00 0.00000E+00 0.00000E+00 0.00000E+00
 3.18785E+01 5.75497E+00 2.55034E+04 3.18785E+01 5.75497E+00 0.00000E+00 0.00000E+00 0.00000E+00 0.00000E+00 0.00000E+00 0.00000E+00 0.00000E+00
 3.74198E+01 6.23962E+00 2.56381E+04 3.74198E+01 6.23962E+00 0.00000E+00 0.00000E+00 0.00000E+00 0.00000E+00 0.00000E+00 0.00000E+00 0.00000E+00
 4.36729E+01 6.70176E+00 2.58064E+04 4.36729E+01 6.70176E+00 0.00000E+00 0.00000E+00 0.00000E+00 0.00000E+00 0.00000E+00 0.00000E+00 0.00000E+00
 5.06893E+01 7.13609E+00 2.60115E+04 5.06893E+01 7.13609E+00 0.00000E+00 0.00000E+00 0.00000E+00 0.00000E+00 0.00000E+00 0.00000E+00 0.00000E+00
 5.85194E+01 7.53795E+00 2.62565E+04 5.85194E+01 7.53795E+00 0.00000E+00 0.00000E+00 0.00000E+00 0.00000E+00 0.00000E+00 0.00000E+00 0.00000E+00
 6.72115E+01 7.90334E+00 2.65445E+04 6.72115E+01 7.90334E+00 0.00000E+00 0.00000E+00 0.00000E+00 0.00000E+00 0.00000E+00 0.00000E+00 0.00000E+00
 7.68111E+01 8.22900E+00 2.68781E+04 7.68111E+01 8.22900E+00 0.00000E+00 0.00000E+00 0.00000E+00 0.00000E+00 0.00000E+00 0.00000E+00 0.00000E+00
 8.73607E+01 8.51239E+00 2.72599E+04 8.73607E+01 8.51239E+00 0.00000E+00 0.00000E+00 0.00000E+00 0.00000E+00 0.00000E+00 0.00000E+00 0.00000E+00
 9.88984E+01 8.75172E+00 2.76923E+04 9.88984E+01 8.75172E+00 0.00000E+00 0.00000E+00 0.00000E+00 0.00000E+00 0.00000E+00 0.00000E+00 0.00000E+00
 1.11458E+02 8.94591E+00 2.81773E+04 1.11458E+02 8.94591E+00 0.00000E+00 0.00000E+00 0.00000E+00 0.00000E+00 0.00000E+00 0.00000E+00 0.00000E+00
 1.25086E+02 9.09519E+00 2.87177E+04 1.25086E+02 9.09519E+00 0.00000E+00 0.00000E+00 0.00000E+00 0.00000E+00 0.00000E+00 0.00000E+00 0.00000E+00
 1.39794E+02 9.19923E+00 2.93145E+04 1.39794E+02 9.19923E+00 0.00000E+00 0.00000E+00 0.00000E+00 0.00000E+00 0.00000E+00 0.00000E+00 0.00000E+00
 3.14171E+00 2.53757E-01 1.85634E+04 3.14171E+00 2.53757E-01 0.00000E+00 0.00000E+00 0.00000E+00 0.00000E+00 0.00000E+00 0.00000E+00 0.00000E+00
 3.57627E+00 4.84807E-01 1.86090E+04 3.57627E+00 4.84807E-01 0.00000E+00 0.00000E+00 0.00000E+00 0.00000E+00 0.00000E+00 0.00000E+00 0.00000E+00
 4.19079E+00 7.59160E-01 1.86413E+04 4.19079E+00 7.59160E-01 0.00000E+00 0.00000E+00 0.00000E+00 0.00000E+00 0.00000E+00 0.00000E+00 0.00000E+00
 4.98157E+00 1.07187E+00 1.86627E+04 4.98157E+00 1.07187E+00 0.00000E+00 0.00000E+00 0.00000E+00 0.00000E+00 0.00000E+00 0.00000E+00 0.00000E+00
 5.96606E+00 1.41667E+00 1.86767E+04 5.96606E+00 1.41667E+00 0.00000E+00 0.00000E+00 0.00000E+00 0.00000E+00 0.00000E+00 0.00000E+00 0.00000E+00
 7.17379E+00 1.79149E+00 1.86871E+04 7.17379E+00 1.79149E+00 0.00000E+00 0.00000E+00 0.00000E+00 0.00000E+00 0.00000E+00 0.00000E+00 0.00000E+00
 8.62391E+00 2.18872E+00 1.86963E+04 8.62391E+00 2.18872E+00 0.00000E+00 0.00000E+00 0.00000E+00 0.00000E+00 0.00000E+00 0.00000E+00 0.00000E+00
 9.91138E+00 2.50244E+00 1.87035E+04 9.91138E+00 2.50244E+00 0.00000E+00 0.00000E+00 0.00000E+00 0.00000E+00 0.00000E+00 0.00000E+00 0.00000E+00
 1.02915E+01 2.59808E+00 1.87032E+04 1.02915E+01 2.59808E+00 0.00000E+00 0.00000E+00 0.00000E+00 0.00000E+00 0.00000E+00 0.00000E+00 0.00000E+00
 1.24170E+01 3.03923E+00 1.87096E+04 1.24170E+01 3.03923E+00 0.00000E+00 0.00000E+00 0.00000E+00 0.00000E+00 0.00000E+00 0.00000E+00 0.00000E+00
 1.49530E+01 3.49015E+00 1.87257E+04 1.49530E+01 3.49015E+00 0.00000E+00 0.00000E+00 0.00000E+00 0.00000E+00 0.00000E+00 0.00000E+00 0.00000E+00
 1.78965E+01 3.94652E+00 1.87525E+04 1.78965E+01 3.94652E+00 0.00000E+00 0.00000E+00 0.00000E+00 0.00000E+00 0.00000E+00 0.00000E+00 0.00000E+00
 2.12858E+01 4.40214E+00 1.87923E+04 2.12858E+01 4.40214E+00 0.00000E+00 0.00000E+00 0.00000E+00 0.00000E+00 0.00000E+00 0.00000E+00 0.00000E+00
 2.51699E+01 4.85221E+00 1.88483E+04 2.51699E+01 4.85221E+00 0.00000E+00 0.00000E+00 0.00000E+00 0.00000E+00 0.00000E+00 0.00000E+00 0.00000E+00
 2.95901E+01 5.29032E+00 1.89227E+04 2.95901E+01 5.29032E+00 0.00000E+00 0.00000E+00 0.00000E+00 0.00000E+00 0.00000E+00 0.00000E+00 0.00000E+00
 3.45837E+01 5.71011E+00 1.90177E+04 3.45837E+01 5.71011E+00 0.00000E+00 0.00000E+00 0.00000E+00 0.00000E+00 0.00000E+00 0.00000E+00 0.00000E+00
 4.01924E+01 6.10659E+00 1.91355E+04 4.01924E+01 6.10659E+00 0.00000E+00 0.00000E+00 0.00000E+00 0.00000E+00 0.00000E+00 0.00000E+00 0.00000E+00
 4.64571E+01 6.47534E+00 1.92782E+04 4.64571E+01 6.47534E+00 0.00000E+00 0.00000E+00 0.00000E+00 0.00000E+00 0.00000E+00 0.00000E+00 0.00000E+00
 5.34171E+01 6.81256E+00 1.94479E+04 5.34171E+01 6.81256E+00 0.00000E+00 0.00000E+00 0.00000E+00 0.00000E+00 0.00000E+00 0.00000E+00 0.00000E+00
 6.11090E+01 7.11504E+00 1.96462E+04 6.11090E+01 7.11504E+00 0.00000E+00 0.00000E+00 0.00000E+00 0.00000E+00 0.00000E+00 0.00000E+00 0.00000E+00
 6.95672E+01 7.38031E+00 1.98751E+04 6.95672E+01 7.38031E+00 0.00000E+00 0.00000E+00 0.00000E+00 0.00000E+00 0.00000E+00 0.00000E+00 0.00000E+00
 7.88223E+01 7.60651E+00 2.01359E+04 7.88223E+01 7.60651E+00 0.00000E+00 0.00000E+00 0.00000E+00 0.00000E+00 0.00000E+00 0.00000E+00 0.00000E+00
 8.89010E+01 7.79247E+00 2.04300E+04 8.89010E+01 7.79247E+00 0.00000E+00 0.00000E+00 0.00000E+00 0.00000E+00 0.00000E+00 0.00000E+00 0.00000E+00
 9.98257E+01 7.93768E+00 2.07587E+04 9.98257E+01 7.93768E+00 0.00000E+00 0.00000E+00 0.00000E+00 0.00000E+00 0.00000E+00 0.00000E+00 0.00000E+00
 1.11629E+02 8.04267E+00 2.11235E+04 1.11629E+02 8.04267E+00 0.00000E+00 0.00000E+00 0.00000E+00 0.00000E+00 0.00000E+00 0.00000E+00 0.00000E+00
 1.24314E+02 8.10759E+00 2.15248E+04 1.24314E+02 8.10759E+00 0.00000E+00 0.00000E+00 0.00000E+00 0.00000E+00 0.00000E+00 0.00000E+00 0.00000E+00
 2.98621E+00 2.45794E-01 1.37480E+04 2.98621E+00 2.45794E-01 0.00000E+00 0.00000E+00 0.00000E+00 0.00000E+00 0.00000E+00 0.00000E+00 0.00000E+00
 3.42113E+00 4.75793E-01 1.37882E+04 3.42113E+00 4.75793E-01 0.00000E+00 0.00000E+00 0.00000E+00 0.00000E+00 0.00000E+00 0.00000E+00 0.00000E+00
 4.02414E+00 7.42764E-01 1.38183E+04 4.02414E+00 7.42764E-01 0.00000E+00 0.00000E+00 0.00000E+00 0.00000E+00 0.00000E+00 0.00000E+00 0.00000E+00
 4.78861E+00 1.04210E+00 1.38402E+04 4.78861E+00 1.04210E+00 0.00000E+00 0.00000E+00 0.00000E+00 0.00000E+00 0.00000E+00 0.00000E+00 0.00000E+00
 5.72965E+00 1.36788E+00 1.38562E+04 5.72965E+00 1.36788E+00 0.00000E+00 0.00000E+00 0.00000E+00 0.00000E+00 0.00000E+00 0.00000E+00 0.00000E+00
 6.87313E+00 1.71801E+00 1.38693E+04 6.87313E+00 1.71801E+00 0.00000E+00 0.00000E+00 0.00000E+00 0.00000E+00 0.00000E+00 0.00000E+00 0.00000E+00
 8.23538E+00 2.08541E+00 1.38812E+04 8.23538E+00 2.08541E+00 0.00000E+00 0.00000E+00 0.00000E+00 0.00000E+00 0.00000E+00 0.00000E+00 0.00000E+00
 9.43824E+00 2.37343E+00 1.38901E+04 9.43824E+00 2.37343E+00 0.00000E+00 0.00000E+00 0.00000E+00 0.00000E+00 0.00000E+00 0.00000E+00 0.00000E+00
 9.79154E+00 2.46077E+00 1.38909E+04 9.79154E+00 2.46077E+00 0.00000E+00 0.00000E+00 0.00000E+00 0.00000E+00 0.00000E+00 0.00000E+00 0.00000E+00
 1.17629E+01 2.86177E+00 1.39000E+04 1.17629E+01 2.86177E+00 0.00000E+00 0.00000E+00 0.00000E+00 0.00000E+00 0.00000E+00 0.00000E+00 0.00000E+00
 1.41021E+01 3.26822E+00 1.39157E+04 1.41021E+01 3.26822E+00 0.00000E+00 0.00000E+00 0.00000E+00 0.00000E+00 0.00000E+00 0.00000E+00 0.00000E+00
 1.68026E+01 3.67623E+00 1.39386E+04 1.68026E+01 3.67623E+00 0.00000E+00 0.00000E+00 0.00000E+00 0.00000E+00 0.00000E+00 0.00000E+00 0.00000E+00
 1.98968E+01 4.08024E+00 1.39704E+04 1.98968E+01 4.08024E+00 0.00000E+00 0.00000E+00 0.00000E+00 0.00000E+00 0.00000E+00 0.00000E+00 0.00000E+00
 2.34257E+01 4.47597E+00 1.40132E+04 2.34257E+01 4.47597E+00 0.00000E+00 0.00000E+00 0.00000E+00 0.00000E+00 0.00000E+00 0.00000E+00 0.00000E+00
 2.74234E+01 4.85782E+00 1.40684E+04 2.74234E+01 4.85782E+00 0.00000E+00 0.00000E+00 0.00000E+00 0.00000E+00 0.00000E+00 0.00000E+00 0.00000E+00
 3.19201E+01 5.22034E+00 1.41376E+04 3.19201E+01 5.22034E+00 0.00000E+00 0.00000E+00 0.00000E+00 0.00000E+00 0.00000E+00 0.00000E+00 0.00000E+00
 3.69496E+01 5.55931E+00 1.42223E+04 3.69496E+01 5.55931E+00 0.00000E+00 0.00000E+00 0.00000E+00 0.00000E+00 0.00000E+00 0.00000E+00 0.00000E+00
 4.25443E+01 5.87110E+00 1.43237E+04 4.25443E+01 5.87110E+00 0.00000E+00 0.00000E+00 0.00000E+00 0.00000E+00 0.00000E+00 0.00000E+00 0.00000E+00
 4.87351E+01 6.15261E+00 1.44432E+04 4.87351E+01 6.15261E+00 0.00000E+00 0.00000E+00 0.00000E+00 0.00000E+00 0.00000E+00 0.00000E+00 0.00000E+00
 5.55502E+01 6.40139E+00 1.45819E+04 5.55502E+01 6.40139E+00 0.00000E+00 0.00000E+00 0.00000E+00 0.00000E+00 0.00000E+00 0.00000E+00 0.00000E+00
 6.30151E+01 6.61557E+00 1.47409E+04 6.30151E+01 6.61557E+00 0.00000E+00 0.00000E+00 0.00000E+00 0.00000E+00 0.00000E+00 0.00000E+00 0.00000E+00
 7.11521E+01 6.79391E+00 1.49212E+04 7.11521E+01 6.79391E+00 0.00000E+00 0.00000E+00 0.00000E+00 0.00000E+00 0.00000E+00 0.00000E+00 0.00000E+00
 7.99796E+01 6.93576E+00 1.51234E+04 7.99796E+01 6.93576E+00 0.00000E+00 0.00000E+00 0.00000E+00 0.00000E+00 0.00000E+00 0.00000E+00 0.00000E+00
 8.95121E+01 7.04100E+00 1.53482E+04 8.95121E+01 7.04100E+00 0.00000E+00 0.00000E+00 0.00000E+00 0.00000E+00 0.00000E+00 0.00000E+00 0.00000E+00
 9.97719E+01 7.11044E+00 1.55967E+04 9.97719E+01 7.11044E+00 0.00000E+00 0.00000E+00 0.00000E+00 0.00000E+00 0.00000E+00 0.00000E+00 0.00000E+00
 1.10757E+02 7.14458E+00 1.58689E+04 1.10757E+02 7.14458E+00 0.00000E+00 0.00000E+00 0.00000E+00 0.00000E+00 0.00000E+00 0.00000E+00 0.00000E+00
 2.86136E+00 2.38884E-01 1.02731E+04 2.86136E+00 2.38884E-01 0.00000E+00 0.00000E+00 0.00000E+00 0.00000E+00 0.00000E+00 0.00000E+00 0.00000E+00
 3.29350E+00 4.66325E-01 1.03054E+04 3.29350E+00 4.66325E-01 0.00000E+00 0.00000E+00 0.00000E+00 0.00000E+00 0.00000E+00 0.00000E+00 0.00000E+00
 3.88261E+00 7.24881E-01 1.03304E+04 3.88261E+00 7.24881E-01 0.00000E+00 0.00000E+00 0.00000E+00 0.00000E+00 0.00000E+00 0.00000E+00 0.00000E+00
 4.61983E+00 1.01032E+00 1.03493E+04 4.61983E+00 1.01032E+00 0.00000E+00 0.00000E+00 0.00000E+00 0.00000E+00 0.00000E+00 0.00000E+00 0.00000E+00
 5.51861E+00 1.31709E+00 1.03639E+04 5.51861E+00 1.31709E+00 0.00000E+00 0.00000E+00 0.00000E+00 0.00000E+00 0.00000E+00 0.00000E+00 0.00000E+00
 6.60204E+00 1.64312E+00 1.03761E+04 6.60204E+00 1.64312E+00 0.00000E+00 0.00000E+00 0.00000E+00 0.00000E+00 0.00000E+00 0.00000E+00 0.00000E+00
 7.88446E+00 1.98185E+00 1.03874E+04 7.88446E+00 1.98185E+00 0.00000E+00 0.00000E+00 0.00000E+00 0.00000E+00 0.00000E+00 0.00000E+00 0.00000E+00
 9.01185E+00 2.24540E+00 1.03958E+04 9.01185E+00 2.24540E+00 0.00000E+00 0.00000E+00 0.00000E+00 0.00000E+00 0.00000E+00 0.00000E+00 0.00000E+00
 9.34158E+00 2.32487E+00 1.03969E+04 9.34158E+00 2.32487E+00 0.00000E+00 0.00000E+00 0.00000E+00 0.00000E+00 0.00000E+00 0.00000E+00 0.00000E+00
 1.11786E+01 2.68808E+00 1.04060E+04 1.11786E+01 2.68808E+00 0.00000E+00 0.00000E+00 0.00000E+00 0.00000E+00 0.00000E+00 0.00000E+00 0.00000E+00
 1.33490E+01 3.05299E+00 1.04196E+04 1.33490E+01 3.05299E+00 0.00000E+00 0.00000E+00 0.00000E+00 0.00000E+00 0.00000E+00 0.00000E+00 0.00000E+00
 1.58444E+01 3.41613E+00 1.04382E+04 1.58444E+01 3.41613E+00 0.00000E+00 0.00000E+00 0.00000E+00 0.00000E+00 0.00000E+00 0.00000E+00 0.00000E+00
 1.86924E+01 3.77257E+00 1.04629E+04 1.86924E+01 3.77257E+00 0.00000E+00 0.00000E+00 0.00000E+00 0.00000E+00 0.00000E+00 0.00000E+00 0.00000E+00
 2.19288E+01 4.11850E+00 1.04952E+04 2.19288E+01 4.11850E+00 0.00000E+00 0.00000E+00 0.00000E+00 0.00000E+00 0.00000E+00 0.00000E+00 0.00000E+00
 2.55822E+01 4.44908E+00 1.05361E+04 2.55822E+01 4.44908E+00 0.00000E+00 0.00000E+00 0.00000E+00 0.00000E+00 0.00000E+00 0.00000E+00 0.00000E+00
 2.96782E+01 4.75968E+00 1.05867E+04 2.96782E+01 4.75968E+00 0.00000E+00 0.00000E+00 0.00000E+00 0.00000E+00 0.00000E+00 0.00000E+00 0.00000E+00
 3.42450E+01 5.04681E+00 1.06478E+04 3.42450E+01 5.04681E+00 0.00000E+00 0.00000E+00 0.00000E+00 0.00000E+00 0.00000E+00 0.00000E+00 0.00000E+00
 3.93096E+01 5.30752E+00 1.07204E+04 3.93096E+01 5.30752E+00 0.00000E+00 0.00000E+00 0.00000E+00 0.00000E+00 0.00000E+00 0.00000E+00 0.00000E+00
 4.48968E+01 5.53941E+00 1.08053E+04 4.48968E+01 5.53941E+00 0.00000E+00 0.00000E+00 0.00000E+00 0.00000E+00 0.00000E+00 0.00000E+00 0.00000E+00
 5.10296E+01 5.74061E+00 1.09034E+04 5.10296E+01 5.74061E+00 0.00000E+00 0.00000E+00 0.00000E+00 0.00000E+00 0.00000E+00 0.00000E+00 0.00000E+00
 5.77280E+01 5.90985E+00 1.10151E+04 5.77280E+01 5.90985E+00 0.00000E+00 0.00000E+00 0.00000E+00 0.00000E+00 0.00000E+00 0.00000E+00 0.00000E+00
 6.50089E+01 6.04640E+00 1.11411E+04 6.50089E+01 6.04640E+00 0.00000E+00 0.00000E+00 0.00000E+00 0.00000E+00 0.00000E+00 0.00000E+00 0.00000E+00
 7.28860E+01 6.15003E+00 1.12819E+04 7.28860E+01 6.15003E+00 0.00000E+00 0.00000E+00 0.00000E+00 0.00000E+00 0.00000E+00 0.00000E+00 0.00000E+00
 8.13691E+01 6.22101E+00 1.14378E+04 8.13691E+01 6.22101E+00 0.00000E+00 0.00000E+00 0.00000E+00 0.00000E+00 0.00000E+00 0.00000E+00 0.00000E+00
 9.04747E+01 6.26031E+00 1.16095E+04 9.04747E+01 6.26031E+00 0.00000E+00 0.00000E+00 0.00000E+00 0.00000E+00 0.00000E+00 0.00000E+00 0.00000E+00
 1.00198E+02 6.26875E+00 1.17968E+04 1.00198E+02 6.26875E+00 0.00000E+00 0.00000E+00 0.00000E+00 0.00000E+00 0.00000E+00 0.00000E+00 0.00000E+00
 2.72831E+00 2.33019E-01 7.63382E+03 2.72831E+00 2.33019E-01 0.00000E+00 0.00000E+00 0.00000E+00 0.00000E+00 0.00000E+00 0.00000E+00 0.00000E+00
 3.15614E+00 4.56460E-01 7.66154E+03 3.15614E+00 4.56460E-01 0.00000E+00 0.00000E+00 0.00000E+00 0.00000E+00 0.00000E+00 0.00000E+00 0.00000E+00
 3.72940E+00 7.05701E-01 7.68368E+03 3.72940E+00 7.05701E-01 0.00000E+00 0.00000E+00 0.00000E+00 0.00000E+00 0.00000E+00 0.00000E+00 0.00000E+00
 4.43716E+00 9.76879E-01 7.70112E+03 4.43716E+00 9.76879E-01 0.00000E+00 0.00000E+00 0.00000E+00 0.00000E+00 0.00000E+00 0.00000E+00 0.00000E+00
 5.29119E+00 1.26483E+00 7.71522E+03 5.29119E+00 1.26483E+00 0.00000E+00 0.00000E+00 0.00000E+00 0.00000E+00 0.00000E+00 0.00000E+00 0.00000E+00
 6.31176E+00 1.56749E+00 7.72743E+03 6.31176E+00 1.56749E+00 0.00000E+00 0.00000E+00 0.00000E+00 0.00000E+00 0.00000E+00 0.00000E+00 0.00000E+00
 7.51117E+00 1.87884E+00 7.73872E+03 7.51117E+00 1.87884E+00 0.00000E+00 0.00000E+00 0.00000E+00 0.00000E+00 0.00000E+00 0.00000E+00 0.00000E+00
 8.56033E+00 2.11925E+00 7.74710E+03 8.56033E+00 2.11925E+00 0.00000E+00 0.00000E+00 0.00000E+00 0.00000E+00 0.00000E+00 0.00000E+00 0.00000E+00
 8.86572E+00 2.19133E+00 7.74851E+03 8.86572E+00 2.19133E+00 0.00000E+00 0.00000E+00 0.00000E+00 0.00000E+00 0.00000E+00 0.00000E+00 0.00000E+00
 1.05640E+01 2.51918E+00 7.75793E+03 1.05640E+01 2.51918E+00 0.00000E+00 0.00000E+00 0.00000E+00 0.00000E+00 0.00000E+00 0.00000E+00 0.00000E+00
 1.25602E+01 2.84553E+00 7.77045E+03 1.25602E+01 2.84553E+00 0.00000E+00 0.00000E+00 0.00000E+00 0.00000E+00 0.00000E+00 0.00000E+00 0.00000E+00
 1.48440E+01 3.16732E+00 7.78632E+03 1.48440E+01 3.16732E+00 0.00000E+00 0.00000E+00 0.00000E+00 0.00000E+00 0.00000E+00 0.00000E+00 0.00000E+00
 1.74384E+01 3.48020E+00 7.80638E+03 1.74384E+01 3.48020E+00 0.00000E+00 0.00000E+00 0.00000E+00 0.00000E+00 0.00000E+00 0.00000E+00 0.00000E+00
 2.03732E+01 3.78083E+00 7.83160E+03 2.03732E+01 3.78083E+00 0.00000E+00 0.00000E+00 0.00000E+00 0.00000E+00 0.00000E+00 0.00000E+00 0.00000E+00
 2.36717E+01 4.06507E+00 7.86272E+03 2.36717E+01 4.06507E+00 0.00000E+00 0.00000E+00 0.00000E+00 0.00000E+00 0.00000E+00 0.00000E+00 0.00000E+00
 2.73543E+01 4.32904E+00 7.90039E+03 2.73543E+01 4.32904E+00 0.00000E+00 0.00000E+00 0.00000E+00 0.00000E+00 0.00000E+00 0.00000E+00 0.00000E+00
 3.14433E+01 4.56991E+00 7.94527E+03 3.14433E+01 4.56991E+00 0.00000E+00 0.00000E+00 0.00000E+00 0.00000E+00 0.00000E+00 0.00000E+00 0.00000E+00
 3.59595E+01 4.78535E+00 7.99794E+03 3.59595E+01 4.78535E+00 0.00000E+00 0.00000E+00 0.00000E+00 0.00000E+00 0.00000E+00 0.00000E+00 0.00000E+00
 4.09221E+01 4.97354E+00 8.05895E+03 4.09221E+01 4.97354E+00 0.00000E+00 0.00000E+00 0.00000E+00 0.00000E+00 0.00000E+00 0.00000E+00 0.00000E+00
 4.63475E+01 5.13318E+00 8.12876E+03 4.63475E+01 5.13318E+00 0.00000E+00 0.00000E+00 0.00000E+00 0.00000E+00 0.00000E+00 0.00000E+00 0.00000E+00
 5.22501E+01 5.26349E+00 8.20778E+03 5.22501E+01 5.26349E+00 0.00000E+00 0.00000E+00 0.00000E+00 0.00000E+00 0.00000E+00 0.00000E+00 0.00000E+00
 5.86409E+01 5.36416E+00 8.29634E+03 5.86409E+01 5.36416E+00 0.00000E+00 0.00000E+00 0.00000E+00 0.00000E+00 0.00000E+00 0.00000E+00 0.00000E+00
 6.55283E+01 5.43534E+00 8.39472E+03 6.55283E+01 5.43534E+00 0.00000E+00 0.00000E+00 0.00000E+00 0.00000E+00 0.00000E+00 0.00000E+00 0.00000E+00
 7.29166E+01 5.47759E+00 8.50312E+03 7.29166E+01 5.47759E+00 0.00000E+00 0.00000E+00 0.00000E+00 0.00000E+00 0.00000E+00 0.00000E+00 0.00000E+00
 8.08159E+01 5.49202E+00 8.62186E+03 8.08159E+01 5.49202E+00 0.00000E+00 0.00000E+00 0.00000E+00 0.00000E+00 0.00000E+00 0.00000E+00 0.00000E+00
 8.92182E+01 5.47967E+00 8.75089E+03 8.92182E+01 5.47967E+00 0.00000E+00 0.00000E+00 0.00000E+00 0.00000E+00 0.00000E+00 0.00000E+00 0.00000E+00
 2.61075E+00 2.28313E-01 5.69555E+03 2.61075E+00 2.28313E-01 0.00000E+00 0.00000E+00 0.00000E+00 0.00000E+00 0.00000E+00 0.00000E+00 0.00000E+00
 3.03073E+00 4.46508E-01 5.71811E+03 3.03073E+00 4.46508E-01 0.00000E+00 0.00000E+00 0.00000E+00 0.00000E+00 0.00000E+00 0.00000E+00 0.00000E+00
 3.58517E+00 6.85749E-01 5.73652E+03 3.58517E+00 6.85749E-01 0.00000E+00 0.00000E+00 0.00000E+00 0.00000E+00 0.00000E+00 0.00000E+00 0.00000E+00
 4.26163E+00 9.42510E-01 5.75141E+03 4.26163E+00 9.42510E-01 0.00000E+00 0.00000E+00 0.00000E+00 0.00000E+00 0.00000E+00 0.00000E+00 0.00000E+00
 5.07055E+00 1.21198E+00 5.76378E+03 5.07055E+00 1.21198E+00 0.00000E+00 0.00000E+00 0.00000E+00 0.00000E+00 0.00000E+00 0.00000E+00 0.00000E+00
 6.02982E+00 1.49213E+00 5.77468E+03 6.02982E+00 1.49213E+00 0.00000E+00 0.00000E+00 0.00000E+00 0.00000E+00 0.00000E+00 0.00000E+00 0.00000E+00
 7.15008E+00 1.77745E+00 5.78482E+03 7.15008E+00 1.77745E+00 0.00000E+00 0.00000E+00 0.00000E+00 0.00000E+00 0.00000E+00 0.00000E+00 0.00000E+00
 8.12565E+00 1.99602E+00 5.79234E+03 8.12565E+00 1.99602E+00 0.00000E+00 0.00000E+00 0.00000E+00 0.00000E+00 0.00000E+00 0.00000E+00 0.00000E+00
 8.40839E+00 2.06118E+00 5.79377E+03 8.40839E+00 2.06118E+00 0.00000E+00 0.00000E+00 0.00000E+00 0.00000E+00 0.00000E+00 0.00000E+00 0.00000E+00
 9.97811E+00 2.35601E+00 5.80248E+03 9.97811E+00 2.35601E+00 0.00000E+00 0.00000E+00 0.00000E+00 0.00000E+00 0.00000E+00 0.00000E+00 0.00000E+00
 1.18147E+01 2.64663E+00 5.81334E+03 1.18147E+01 2.64663E+00 0.00000E+00 0.00000E+00 0.00000E+00 0.00000E+00 0.00000E+00 0.00000E+00 0.00000E+00
 1.39063E+01 2.93038E+00 5.82649E+03 1.39063E+01 2.93038E+00 0.00000E+00 0.00000E+00 0.00000E+00 0.00000E+00 0.00000E+00 0.00000E+00 0.00000E+00
 1.62720E+01 3.20346E+00 5.84254E+03 1.62720E+01 3.20346E+00 0.00000E+00 0.00000E+00 0.00000E+00 0.00000E+00 0.00000E+00 0.00000E+00 0.00000E+00
 1.89365E+01 3.46297E+00 5.86215E+03 1.89365E+01 3.46297E+00 0.00000E+00 0.00000E+00 0.00000E+00 0.00000E+00 0.00000E+00 0.00000E+00 0.00000E+00
 2.19188E+01 3.70543E+00 5.88584E+03 2.19188E+01 3.70543E+00 0.00000E+00 0.00000E+00 0.00000E+00 0.00000E+00 0.00000E+00 0.00000E+00 0.00000E+00
 2.52348E+01 3.92766E+00 5.91402E+03 2.52348E+01 3.92766E+00 0.00000E+00 0.00000E+00 0.00000E+00 0.00000E+00 0.00000E+00 0.00000E+00 0.00000E+00
 2.89020E+01 4.12741E+00 5.94714E+03 2.89020E+01 4.12741E+00 0.00000E+00 0.00000E+00 0.00000E+00 0.00000E+00 0.00000E+00 0.00000E+00 0.00000E+00
 3.29363E+01 4.30291E+00 5.98558E+03 3.29363E+01 4.30291E+00 0.00000E+00 0.00000E+00 0.00000E+00 0.00000E+00 0.00000E+00 0.00000E+00 0.00000E+00
 3.73517E+01 4.45288E+00 6.02969E+03 3.73517E+01 4.45288E+00 0.00000E+00 0.00000E+00 0.00000E+00 0.00000E+00 0.00000E+00 0.00000E+00 0.00000E+00
 4.21602E+01 4.57649E+00 6.07975E+03 4.21602E+01 4.57649E+00 0.00000E+00 0.00000E+00 0.00000E+00 0.00000E+00 0.00000E+00 0.00000E+00 0.00000E+00
 4.73710E+01 4.67339E+00 6.13601E+03 4.73710E+01 4.67339E+00 0.00000E+00 0.00000E+00 0.00000E+00 0.00000E+00 0.00000E+00 0.00000E+00 0.00000E+00
 5.29910E+01 4.74361E+00 6.19867E+03 5.29910E+01 4.74361E+00 0.00000E+00 0.00000E+00 0.00000E+00 0.00000E+00 0.00000E+00 0.00000E+00 0.00000E+00
 5.90240E+01 4.78762E+00 6.26788E+03 5.90240E+01 4.78762E+00 0.00000E+00 0.00000E+00 0.00000E+00 0.00000E+00 0.00000E+00 0.00000E+00 0.00000E+00
 6.54707E+01 4.80621E+00 6.34373E+03 6.54707E+01 4.80621E+00 0.00000E+00 0.00000E+00 0.00000E+00 0.00000E+00 0.00000E+00 0.00000E+00 0.00000E+00
 7.23360E+01 4.80058E+00 6.42641E+03 7.23360E+01 4.80058E+00 0.00000E+00 0.00000E+00 0.00000E+00 0.00000E+00 0.00000E+00 0.00000E+00 0.00000E+00
 7.96099E+01 4.77194E+00 6.51583E+03 7.96099E+01 4.77194E+00 0.00000E+00 0.00000E+00 0.00000E+00 0.00000E+00 0.00000E+00 0.00000E+00 0.00000E+00
 2.49760E+00 2.24835E-01 4.24870E+03 2.49760E+00 2.24835E-01 0.00000E+00 0.00000E+00 0.00000E+00 0.00000E+00 0.00000E+00 0.00000E+00 0.00000E+00
 2.90770E+00 4.36816E-01 4.26715E+03 2.90770E+00 4.36816E-01 0.00000E+00 0.00000E+00 0.00000E+00 0.00000E+00 0.00000E+00 0.00000E+00 0.00000E+00
 3.44134E+00 6.65641E-01 4.28252E+03 3.44134E+00 6.65641E-01 0.00000E+00 0.00000E+00 0.00000E+00 0.00000E+00 0.00000E+00 0.00000E+00 0.00000E+00
 4.08500E+00 9.08069E-01 4.29525E+03 4.08500E+00 9.08069E-01 0.00000E+00 0.00000E+00 0.00000E+00 0.00000E+00 0.00000E+00 0.00000E+00 0.00000E+00
 4.84794E+00 1.15961E+00 4.30609E+03 4.84794E+00 1.15961E+00 0.00000E+00 0.00000E+00 0.00000E+00 0.00000E+00 0.00000E+00 0.00000E+00 0.00000E+00
 5.74597E+00 1.41828E+00 4.31581E+03 5.74597E+00 1.41828E+00 0.00000E+00 0.00000E+00 0.00000E+00 0.00000E+00 0.00000E+00 0.00000E+00 0.00000E+00
 6.78819E+00 1.67904E+00 4.32492E+03 6.78819E+00 1.67904E+00 0.00000E+00 0.00000E+00 0.00000E+00 0.00000E+00 0.00000E+00 0.00000E+00 0.00000E+00
 7.69181E+00 1.87719E+00 4.33169E+03 7.69181E+00 1.87719E+00 0.00000E+00 0.00000E+00 0.00000E+00 0.00000E+00 0.00000E+00 0.00000E+00 0.00000E+00
 7.95257E+00 1.93590E+00 4.33311E+03 7.95257E+00 1.93590E+00 0.00000E+00 0.00000E+00 0.00000E+00 0.00000E+00 0.00000E+00 0.00000E+00 0.00000E+00
 9.39785E+00 2.20013E+00 4.34117E+03 9.39785E+00 2.20013E+00 0.00000E+00 0.00000E+00 0.00000E+00 0.00000E+00 0.00000E+00 0.00000E+00 0.00000E+00
 1.10810E+01 2.45790E+00 4.35073E+03 1.10810E+01 2.45790E+00 0.00000E+00 0.00000E+00 0.00000E+00 0.00000E+00 0.00000E+00 0.00000E+00 0.00000E+00
 1.29888E+01 2.70693E+00 4.36187E+03 1.29888E+01 2.70693E+00 0.00000E+00 0.00000E+00 0.00000E+00 0.00000E+00 0.00000E+00 0.00000E+00 0.00000E+00
 1.51370E+01 2.94393E+00 4.37503E+03 1.51370E+01 2.94393E+00 0.00000E+00 0.00000E+00 0.00000E+00 0.00000E+00 0.00000E+00 0.00000E+00 0.00000E+00
 1.75456E+01 3.16645E+00 4.39065E+03 1.75456E+01 3.16645E+00 0.00000E+00 0.00000E+00 0.00000E+00 0.00000E+00 0.00000E+00 0.00000E+00 0.00000E+00
 2.02297E+01 3.37160E+00 4.40908E+03 2.02297E+01 3.37160E+00 0.00000E+00 0.00000E+00 0.00000E+00 0.00000E+00 0.00000E+00 0.00000E+00 0.00000E+00
 2.32013E+01 3.55684E+00 4.43061E+03 2.32013E+01 3.55684E+00 0.00000E+00 0.00000E+00 0.00000E+00 0.00000E+00 0.00000E+00 0.00000E+00 0.00000E+00
 2.64736E+01 3.72045E+00 4.45552E+03 2.64736E+01 3.72045E+00 0.00000E+00 0.00000E+00 0.00000E+00 0.00000E+00 0.00000E+00 0.00000E+00 0.00000E+00
 3.00582E+01 3.86117E+00 4.48406E+03 3.00582E+01 3.86117E+00 0.00000E+00 0.00000E+00 0.00000E+00 0.00000E+00 0.00000E+00 0.00000E+00 0.00000E+00
 3.39649E+01 3.97815E+00 4.51646E+03 3.39649E+01 3.97815E+00 0.00000E+00 0.00000E+00 0.00000E+00 0.00000E+00 0.00000E+00 0.00000E+00 0.00000E+00
 3.82013E+01 4.07100E+00 4.55288E+03 3.82013E+01 4.07100E+00 0.00000E+00 0.00000E+00 0.00000E+00 0.00000E+00 0.00000E+00 0.00000E+00 0.00000E+00
 4.27728E+01 4.13970E+00 4.59346E+03 4.27728E+01 4.13970E+00 0.00000E+00 0.00000E+00 0.00000E+00 0.00000E+00 0.00000E+00 0.00000E+00 0.00000E+00
 4.76824E+01 4.18459E+00 4.63833E+03 4.76824E+01 4.18459E+00 0.00000E+00 0.00000E+00 0.00000E+00 0.00000E+00 0.00000E+00 0.00000E+00 0.00000E+00
 5.29306E+01 4.20636E+00 4.68755E+03 5.29306E+01 4.20636E+00 0.00000E+00 0.00000E+00 0.00000E+00 0.00000E+00 0.00000E+00 0.00000E+00 0.00000E+00
 5.85149E+01 4.20598E+00 4.74116E+03 5.85149E+01 4.20598E+00 0.00000E+00 0.00000E+00 0.00000E+00 0.00000E+00 0.00000E+00 0.00000E+00 0.00000E+00
 6.44360E+01 4.18470E+00 4.79925E+03 6.44360E+01 4.18470E+00 0.00000E+00 0.00000E+00 0.00000E+00 0.00000E+00 0.00000E+00 0.00000E+00 0.00000E+00
 7.06825E+01 4.14383E+00 4.86175E+03 7.06825E+01 4.14383E+00 0.00000E+00 0.00000E+00 0.00000E+00 0.00000E+00 0.00000E+00 0.00000E+00 0.00000E+00
 2.39108E+00 2.22682E-01 3.17294E+03 2.39108E+00 2.22682E-01 0.00000E+00 0.00000E+00 0.00000E+00 0.00000E+00 0.00000E+00 0.00000E+00 0.00000E+00
 2.78866E+00 4.27879E-01 3.18798E+03 2.78866E+00 4.27879E-01 0.00000E+00 0.00000E+00 0.00000E+00 0.00000E+00 0.00000E+00 0.00000E+00 0.00000E+00
 3.29939E+00 6.46177E-01 3.20076E+03 3.29939E+00 6.46177E-01 0.00000E+00 0.00000E+00 0.00000E+00 0.00000E+00 0.00000E+00 0.00000E+00 0.00000E+00
 3.90915E+00 8.74582E-01 3.21160E+03 3.90915E+00 8.74582E-01 0.00000E+00 0.00000E+00 0.00000E+00 0.00000E+00 0.00000E+00 0.00000E+00 0.00000E+00
 4.62616E+00 1.10891E+00 3.22105E+03 4.62616E+00 1.10891E+00 0.00000E+00 0.00000E+00 0.00000E+00 0.00000E+00 0.00000E+00 0.00000E+00 0.00000E+00
 5.46433E+00 1.34722E+00 3.22966E+03 5.46433E+00 1.34722E+00 0.00000E+00 0.00000E+00 0.00000E+00 0.00000E+00 0.00000E+00 0.00000E+00 0.00000E+00
 6.43142E+00 1.58496E+00 3.23780E+03 6.43142E+00 1.58496E+00 0.00000E+00 0.00000E+00 0.00000E+00 0.00000E+00 0.00000E+00 0.00000E+00 0.00000E+00
 7.26636E+00 1.76408E+00 3.24388E+03 7.26636E+00 1.76408E+00 0.00000E+00 0.00000E+00 0.00000E+00 0.00000E+00 0.00000E+00 0.00000E+00 0.00000E+00
 7.50630E+00 1.81682E+00 3.24524E+03 7.50630E+00 1.81682E+00 0.00000E+00 0.00000E+00 0.00000E+00 0.00000E+00 0.00000E+00 0.00000E+00 0.00000E+00
 8.83395E+00 2.05283E+00 3.25268E+03 8.83395E+00 2.05283E+00 0.00000E+00 0.00000E+00 0.00000E+00 0.00000E+00 0.00000E+00 0.00000E+00 0.00000E+00
 1.03729E+01 2.28055E+00 3.26117E+03 1.03729E+01 2.28055E+00 0.00000E+00 0.00000E+00 0.00000E+00 0.00000E+00 0.00000E+00 0.00000E+00 0.00000E+00
 1.21092E+01 2.49805E+00 3.27077E+03 1.21092E+01 2.49805E+00 0.00000E+00 0.00000E+00 0.00000E+00 0.00000E+00 0.00000E+00 0.00000E+00 0.00000E+00
 1.40551E+01 2.70256E+00 3.28178E+03 1.40551E+01 2.70256E+00 0.00000E+00 0.00000E+00 0.00000E+00 0.00000E+00 0.00000E+00 0.00000E+00 0.00000E+00
 1.62269E+01 2.89204E+00 3.29450E+03 1.62269E+01 2.89204E+00 0.00000E+00 0.00000E+00 0.00000E+00 0.00000E+00 0.00000E+00 0.00000E+00 0.00000E+00
 1.86361E+01 3.06415E+00 3.30918E+03 1.86361E+01 3.06415E+00 0.00000E+00 0.00000E+00 0.00000E+00 0.00000E+00 0.00000E+00 0.00000E+00 0.00000E+00
 2.12914E+01 3.21692E+00 3.32601E+03 2.12914E+01 3.21692E+00 0.00000E+00 0.00000E+00 0.00000E+00 0.00000E+00 0.00000E+00 0.00000E+00 0.00000E+00
 2.42023E+01 3.34909E+00 3.34516E+03 2.42023E+01 3.34909E+00 0.00000E+00 0.00000E+00 0.00000E+00 0.00000E+00 0.00000E+00 0.00000E+00 0.00000E+00
 2.73768E+01 3.45985E+00 3.36680E+03 2.73768E+01 3.45985E+00 0.00000E+00 0.00000E+00 0.00000E+00 0.00000E+00 0.00000E+00 0.00000E+00 0.00000E+00
 3.08211E+01 3.54874E+00 3.39106E+03 3.08211E+01 3.54874E+00 0.00000E+00 0.00000E+00 0.00000E+00 0.00000E+00 0.00000E+00 0.00000E+00 0.00000E+00
 3.45394E+01 3.61571E+00 3.41805E+03 3.45394E+01 3.61571E+00 0.00000E+00 0.00000E+00 0.00000E+00 0.00000E+00 0.00000E+00 0.00000E+00 0.00000E+00
 3.85339E+01 3.66101E+00 3.44785E+03 3.85339E+01 3.66101E+00 0.00000E+00 0.00000E+00 0.00000E+00 0.00000E+00 0.00000E+00 0.00000E+00 0.00000E+00
 4.28046E+01 3.68524E+00 3.48051E+03 4.28046E+01 3.68524E+00 0.00000E+00 0.00000E+00 0.00000E+00 0.00000E+00 0.00000E+00 0.00000E+00 0.00000E+00
 4.73493E+01 3.68924E+00 3.51607E+03 4.73493E+01 3.68924E+00 0.00000E+00 0.00000E+00 0.00000E+00 0.00000E+00 0.00000E+00 0.00000E+00 0.00000E+00
 5.21634E+01 3.67410E+00 3.55454E+03 5.21634E+01 3.67410E+00 0.00000E+00 0.00000E+00 0.00000E+00 0.00000E+00 0.00000E+00 0.00000E+00 0.00000E+00
 5.72444E+01 3.64109E+00 3.59595E+03 5.72444E+01 3.64109E+00 0.00000E+00 0.00000E+00 0.00000E+00 0.00000E+00 0.00000E+00 0.00000E+00 0.00000E+00
 6.25802E+01 3.59156E+00 3.64024E+03 6.25802E+01 3.59156E+00 0.00000E+00 0.00000E+00 0.00000E+00 0.00000E+00 0.00000E+00 0.00000E+00 0.00000E+00
 2.29115E+00 2.21957E-01 2.37302E+03 2.29115E+00 2.21957E-01 0.00000E+00 0.00000E+00 0.00000E+00 0.00000E+00 0.00000E+00 0.00000E+00 0.00000E+00
 2.67407E+00 4.20115E-01 2.38550E+03 2.67407E+00 4.20115E-01 0.00000E+00 0.00000E+00 0.00000E+00 0.00000E+00 0.00000E+00 0.00000E+00 0.00000E+00
 3.16036E+00 6.27936E-01 2.39631E+03 3.16036E+00 6.27936E-01 0.00000E+00 0.00000E+00 0.00000E+00 0.00000E+00 0.00000E+00 0.00000E+00 0.00000E+00
 3.73567E+00 8.42671E-01 2.40569E+03 3.73567E+00 8.42671E-01 0.00000E+00 0.00000E+00 0.00000E+00 0.00000E+00 0.00000E+00 0.00000E+00 0.00000E+00
 4.40734E+00 1.06044E+00 2.41402E+03 4.40734E+00 1.06044E+00 0.00000E+00 0.00000E+00 0.00000E+00 0.00000E+00 0.00000E+00 0.00000E+00 0.00000E+00
 5.18757E+00 1.27938E+00 2.42173E+03 5.18757E+00 1.27938E+00 0.00000E+00 0.00000E+00 0.00000E+00 0.00000E+00 0.00000E+00 0.00000E+00 0.00000E+00
 6.08292E+00 1.49540E+00 2.42909E+03 6.08292E+00 1.49540E+00 0.00000E+00 0.00000E+00 0.00000E+00 0.00000E+00 0.00000E+00 0.00000E+00 0.00000E+00
 6.85287E+00 1.65670E+00 2.43461E+03 6.85287E+00 1.65670E+00 0.00000E+00 0.00000E+00 0.00000E+00 0.00000E+00 0.00000E+00 0.00000E+00 0.00000E+00
 7.07323E+00 1.70389E+00 2.43591E+03 7.07323E+00 1.70389E+00 0.00000E+00 0.00000E+00 0.00000E+00 0.00000E+00 0.00000E+00 0.00000E+00 0.00000E+00
 8.29069E+00 1.91372E+00 2.44282E+03 8.29069E+00 1.91372E+00 0.00000E+00 0.00000E+00 0.00000E+00 0.00000E+00 0.00000E+00 0.00000E+00 0.00000E+00
 9.69556E+00 2.11379E+00 2.45047E+03 9.69556E+00 2.11379E+00 0.00000E+00 0.00000E+00 0.00000E+00 0.00000E+00 0.00000E+00 0.00000E+00 0.00000E+00
 1.12732E+01 2.30253E+00 2.45891E+03 1.12732E+01 2.30253E+00 0.00000E+00 0.00000E+00 0.00000E+00 0.00000E+00 0.00000E+00 0.00000E+00 0.00000E+00
 1.30332E+01 2.47764E+00 2.46834E+03 1.30332E+01 2.47764E+00 0.00000E+00 0.00000E+00 0.00000E+00 0.00000E+00 0.00000E+00 0.00000E+00 0.00000E+00
 1.49886E+01 2.63748E+00 2.47897E+03 1.49886E+01 2.63748E+00 0.00000E+00 0.00000E+00 0.00000E+00 0.00000E+00 0.00000E+00 0.00000E+00 0.00000E+00
 1.71477E+01 2.78021E+00 2.49097E+03 1.71477E+01 2.78021E+00 0.00000E+00 0.00000E+00 0.00000E+00 0.00000E+00 0.00000E+00 0.00000E+00 0.00000E+00
 1.95167E+01 2.90438E+00 2.50446E+03 1.95167E+01 2.90438E+00 0.00000E+00 0.00000E+00 0.00000E+00 0.00000E+00 0.00000E+00 0.00000E+00 0.00000E+00
 2.21020E+01 3.00916E+00 2.51956E+03 2.21020E+01 3.00916E+00 0.00000E+00 0.00000E+00 0.00000E+00 0.00000E+00 0.00000E+00 0.00000E+00 0.00000E+00
 2.49086E+01 3.09409E+00 2.53638E+03 2.49086E+01 3.09409E+00 0.00000E+00 0.00000E+00 0.00000E+00 0.00000E+00 0.00000E+00 0.00000E+00 0.00000E+00
 2.79401E+01 3.15906E+00 2.55500E+03 2.79401E+01 3.15906E+00 0.00000E+00 0.00000E+00 0.00000E+00 0.00000E+00 0.00000E+00 0.00000E+00 0.00000E+00
 3.11979E+01 3.20429E+00 2.57547E+03 3.11979E+01 3.20429E+00 0.00000E+00 0.00000E+00 0.00000E+00 0.00000E+00 0.00000E+00 0.00000E+00 0.00000E+00
 3.46818E+01 3.23027E+00 2.59784E+03 3.46818E+01 3.23027E+00 0.00000E+00 0.00000E+00 0.00000E+00 0.00000E+00 0.00000E+00 0.00000E+00 0.00000E+00
 3.83897E+01 3.23775E+00 2.62214E+03 3.83897E+01 3.23775E+00 0.00000E+00 0.00000E+00 0.00000E+00 0.00000E+00 0.00000E+00 0.00000E+00 0.00000E+00
 4.23176E+01 3.22770E+00 2.64838E+03 4.23176E+01 3.22770E+00 0.00000E+00 0.00000E+00 0.00000E+00 0.00000E+00 0.00000E+00 0.00000E+00 0.00000E+00
 4.64592E+01 3.20128E+00 2.67655E+03 4.64592E+01 3.20128E+00 0.00000E+00 0.00000E+00 0.00000E+00 0.00000E+00 0.00000E+00 0.00000E+00 0.00000E+00
 5.08101E+01 3.15975E+00 2.70666E+03 5.08101E+01 3.15975E+00 0.00000E+00 0.00000E+00 0.00000E+00 0.00000E+00 0.00000E+00 0.00000E+00 0.00000E+00
 5.53580E+01 3.10447E+00 2.73867E+03 5.53580E+01 3.10447E+00 0.00000E+00 0.00000E+00 0.00000E+00 0.00000E+00 0.00000E+00 0.00000E+00 0.00000E+00
 2.19828E+00 2.22704E-01 1.77894E+03 2.19828E+00 2.22704E-01 0.00000E+00 0.00000E+00 0.00000E+00 0.00000E+00 0.00000E+00 0.00000E+00 0.00000E+00
 2.56470E+00 4.13835E-01 1.78919E+03 2.56470E+00 4.13835E-01 0.00000E+00 0.00000E+00 0.00000E+00 0.00000E+00 0.00000E+00 0.00000E+00 0.00000E+00
 3.02571E+00 6.11396E-01 1.79822E+03 3.02571E+00 6.11396E-01 0.00000E+00 0.00000E+00 0.00000E+00 0.00000E+00 0.00000E+00 0.00000E+00 0.00000E+00
 3.56691E+00 8.12912E-01 1.80622E+03 3.56691E+00 8.12912E-01 0.00000E+00 0.00000E+00 0.00000E+00 0.00000E+00 0.00000E+00 0.00000E+00 0.00000E+00
 4.19477E+00 1.01483E+00 1.81347E+03 4.19477E+00 1.01483E+00 0.00000E+00 0.00000E+00 0.00000E+00 0.00000E+00 0.00000E+00 0.00000E+00 0.00000E+00
 4.91989E+00 1.21542E+00 1.82027E+03 4.91989E+00 1.21542E+00 0.00000E+00 0.00000E+00 0.00000E+00 0.00000E+00 0.00000E+00 0.00000E+00 0.00000E+00
 5.74769E+00 1.41105E+00 1.82682E+03 5.74769E+00 1.41105E+00 0.00000E+00 0.00000E+00 0.00000E+00 0.00000E+00 0.00000E+00 0.00000E+00 0.00000E+00
 6.45679E+00 1.55575E+00 1.83176E+03 6.45679E+00 1.55575E+00 0.00000E+00 0.00000E+00 0.00000E+00 0.00000E+00 0.00000E+00 0.00000E+00 0.00000E+00
 6.65891E+00 1.59778E+00 1.83299E+03 6.65891E+00 1.59778E+00 0.00000E+00 0.00000E+00 0.00000E+00 0.00000E+00 0.00000E+00 0.00000E+00 0.00000E+00
 7.77385E+00 1.78347E+00 1.83931E+03 7.77385E+00 1.78347E+00 0.00000E+00 0.00000E+00 0.00000E+00 0.00000E+00 0.00000E+00 0.00000E+00 0.00000E+00
 9.05446E+00 1.95826E+00 1.84618E+03 9.05446E+00 1.95826E+00 0.00000E+00 0.00000E+00 0.00000E+00 0.00000E+00 0.00000E+00 0.00000E+00 0.00000E+00
 1.04856E+01 2.12094E+00 1.85363E+03 1.04856E+01 2.12094E+00 0.00000E+00 0.00000E+00 0.00000E+00 0.00000E+00 0.00000E+00 0.00000E+00 0.00000E+00
 1.20747E+01 2.26968E+00 1.86179E+03 1.20747E+01 2.26968E+00 0.00000E+00 0.00000E+00 0.00000E+00 0.00000E+00 0.00000E+00 0.00000E+00 0.00000E+00
 1.38316E+01 2.40317E+00 1.87081E+03 1.38316E+01 2.40317E+00 0.00000E+00 0.00000E+00 0.00000E+00 0.00000E+00 0.00000E+00 0.00000E+00 0.00000E+00
 1.57622E+01 2.52007E+00 1.88081E+03 1.57622E+01 2.52007E+00 0.00000E+00 0.00000E+00 0.00000E+00 0.00000E+00 0.00000E+00 0.00000E+00 0.00000E+00
 1.78703E+01 2.61936E+00 1.89185E+03 1.78703E+01 2.61936E+00 0.00000E+00 0.00000E+00 0.00000E+00 0.00000E+00 0.00000E+00 0.00000E+00 0.00000E+00
 2.01599E+01 2.70056E+00 1.90403E+03 2.01599E+01 2.70056E+00 0.00000E+00 0.00000E+00 0.00000E+00 0.00000E+00 0.00000E+00 0.00000E+00 0.00000E+00
 2.26336E+01 2.76355E+00 1.91741E+03 2.26336E+01 2.76355E+00 0.00000E+00 0.00000E+00 0.00000E+00 0.00000E+00 0.00000E+00 0.00000E+00 0.00000E+00
 2.52925E+01 2.80848E+00 1.93202E+03 2.52925E+01 2.80848E+00 0.00000E+00 0.00000E+00 0.00000E+00 0.00000E+00 0.00000E+00 0.00000E+00 0.00000E+00
 2.81363E+01 2.83579E+00 1.94792E+03 2.81363E+01 2.83579E+00 0.00000E+00 0.00000E+00 0.00000E+00 0.00000E+00 0.00000E+00 0.00000E+00 0.00000E+00
 3.11627E+01 2.84614E+00 1.96512E+03 3.11627E+01 2.84614E+00 0.00000E+00 0.00000E+00 0.00000E+00 0.00000E+00 0.00000E+00 0.00000E+00 0.00000E+00
 3.43681E+01 2.84041E+00 1.98362E+03 3.43681E+01 2.84041E+00 0.00000E+00 0.00000E+00 0.00000E+00 0.00000E+00 0.00000E+00 0.00000E+00 0.00000E+00
 3.77471E+01 2.81963E+00 2.00344E+03 3.77471E+01 2.81963E+00 0.00000E+00 0.00000E+00 0.00000E+00 0.00000E+00 0.00000E+00 0.00000E+00 0.00000E+00
 4.12926E+01 2.78499E+00 2.02455E+03 4.12926E+01 2.78499E+00 0.00000E+00 0.00000E+00 0.00000E+00 0.00000E+00 0.00000E+00 0.00000E+00 0.00000E+00
 4.49987E+01 2.73771E+00 2.04695E+03 4.49987E+01 2.73771E+00 0.00000E+00 0.00000E+00 0.00000E+00 0.00000E+00 0.00000E+00 0.00000E+00 0.00000E+00
 4.88533E+01 2.67912E+00 2.07061E+03 4.88533E+01 2.67912E+00 0.00000E+00 0.00000E+00 0.00000E+00 0.00000E+00 0.00000E+00 0.00000E+00 0.00000E+00
 2.11110E+00 2.25035E-01 1.33666E+03 2.11110E+00 2.25035E-01 0.00000E+00 0.00000E+00 0.00000E+00 0.00000E+00 0.00000E+00 0.00000E+00 0.00000E+00
 2.45998E+00 4.09231E-01 1.34495E+03 2.45998E+00 4.09231E-01 0.00000E+00 0.00000E+00 0.00000E+00 0.00000E+00 0.00000E+00 0.00000E+00 0.00000E+00
 2.89566E+00 5.96784E-01 1.35240E+03 2.89566E+00 5.96784E-01 0.00000E+00 0.00000E+00 0.00000E+00 0.00000E+00 0.00000E+00 0.00000E+00 0.00000E+00
 3.40369E+00 7.85548E-01 1.35915E+03 3.40369E+00 7.85548E-01 0.00000E+00 0.00000E+00 0.00000E+00 0.00000E+00 0.00000E+00 0.00000E+00 0.00000E+00
 3.98960E+00 9.72339E-01 1.36539E+03 3.98960E+00 9.72339E-01 0.00000E+00 0.00000E+00 0.00000E+00 0.00000E+00 0.00000E+00 0.00000E+00 0.00000E+00
 4.66245E+00 1.15560E+00 1.37134E+03 4.66245E+00 1.15560E+00 0.00000E+00 0.00000E+00 0.00000E+00 0.00000E+00 0.00000E+00 0.00000E+00 0.00000E+00
 5.42656E+00 1.33218E+00 1.37714E+03 5.42656E+00 1.33218E+00 0.00000E+00 0.00000E+00 0.00000E+00 0.00000E+00 0.00000E+00 0.00000E+00 0.00000E+00
 6.07847E+00 1.46149E+00 1.38155E+03 6.07847E+00 1.46149E+00 0.00000E+00 0.00000E+00 0.00000E+00 0.00000E+00 0.00000E+00 0.00000E+00 0.00000E+00
 6.26353E+00 1.49878E+00 1.38268E+03 6.26353E+00 1.49878E+00 0.00000E+00 0.00000E+00 0.00000E+00 0.00000E+00 0.00000E+00 0.00000E+00 0.00000E+00
 7.28246E+00 1.66235E+00 1.38844E+03 7.28246E+00 1.66235E+00 0.00000E+00 0.00000E+00 0.00000E+00 0.00000E+00 0.00000E+00 0.00000E+00 0.00000E+00
 8.44702E+00 1.81423E+00 1.39463E+03 8.44702E+00 1.81423E+00 0.00000E+00 0.00000E+00 0.00000E+00 0.00000E+00 0.00000E+00 0.00000E+00 0.00000E+00
 9.74182E+00 1.95355E+00 1.40124E+03 9.74182E+00 1.95355E+00 0.00000E+00 0.00000E+00 0.00000E+00 0.00000E+00 0.00000E+00 0.00000E+00 0.00000E+00
 1.11721E+01 2.07888E+00 1.40839E+03 1.11721E+01 2.07888E+00 0.00000E+00 0.00000E+00 0.00000E+00 0.00000E+00 0.00000E+00 0.00000E+00 0.00000E+00
 1.27451E+01 2.18928E+00 1.41617E+03 1.27451E+01 2.18928E+00 0.00000E+00 0.00000E+00 0.00000E+00 0.00000E+00 0.00000E+00 0.00000E+00 0.00000E+00
 1.44645E+01 2.28378E+00 1.42465E+03 1.44645E+01 2.28378E+00 0.00000E+00 0.00000E+00 0.00000E+00 0.00000E+00 0.00000E+00 0.00000E+00 0.00000E+00
 1.63323E+01 2.36176E+00 1.43389E+03 1.63323E+01 2.36176E+00 0.00000E+00 0.00000E+00 0.00000E+00 0.00000E+00 0.00000E+00 0.00000E+00 0.00000E+00
 1.83503E+01 2.42306E+00 1.44394E+03 1.83503E+01 2.42306E+00 0.00000E+00 0.00000E+00 0.00000E+00 0.00000E+00 0.00000E+00 0.00000E+00 0.00000E+00
 2.05192E+01 2.46780E+00 1.45482E+03 2.05192E+01 2.46780E+00 0.00000E+00 0.00000E+00 0.00000E+00 0.00000E+00 0.00000E+00 0.00000E+00 0.00000E+00
 2.28382E+01 2.49634E+00 1.46658E+03 2.28382E+01 2.49634E+00 0.00000E+00 0.00000E+00 0.00000E+00 0.00000E+00 0.00000E+00 0.00000E+00 0.00000E+00
 2.53055E+01 2.50929E+00 1.47923E+03 2.53055E+01 2.50929E+00 0.00000E+00 0.00000E+00 0.00000E+00 0.00000E+00 0.00000E+00 0.00000E+00 0.00000E+00
 2.79173E+01 2.50742E+00 1.49278E+03 2.79173E+01 2.50742E+00 0.00000E+00 0.00000E+00 0.00000E+00 0.00000E+00 0.00000E+00 0.00000E+00 0.00000E+00
 3.06690E+01 2.49170E+00 1.50723E+03 3.06690E+01 2.49170E+00 0.00000E+00 0.00000E+00 0.00000E+00 0.00000E+00 0.00000E+00 0.00000E+00 0.00000E+00
 3.35542E+01 2.46318E+00 1.52256E+03 3.35542E+01 2.46318E+00 0.00000E+00 0.00000E+00 0.00000E+00 0.00000E+00 0.00000E+00 0.00000E+00 0.00000E+00
 3.65654E+01 2.42302E+00 1.53878E+03 3.65654E+01 2.42302E+00 0.00000E+00 0.00000E+00 0.00000E+00 0.00000E+00 0.00000E+00 0.00000E+00 0.00000E+00
 3.96958E+01 2.37242E+00 1.55586E+03 3.96958E+01 2.37242E+00 0.00000E+00 0.00000E+00 0.00000E+00 0.00000E+00 0.00000E+00 0.00000E+00 0.00000E+00
 4.29338E+01 2.31262E+00 1.57377E+03 4.29338E+01 2.31262E+00 0.00000E+00 0.00000E+00 0.00000E+00 0.00000E+00 0.00000E+00 0.00000E+00 0.00000E+00
 2.02297E+00 2.29242E-01 1.00338E+03 2.02297E+00 2.29242E-01 0.00000E+00 0.00000E+00 0.00000E+00 0.00000E+00 0.00000E+00 0.00000E+00 0.00000E+00
 2.35455E+00 4.06481E-01 1.01053E+03 2.35455E+00 4.06481E-01 0.00000E+00 0.00000E+00 0.00000E+00 0.00000E+00 0.00000E+00 0.00000E+00 0.00000E+00
 2.76519E+00 5.84177E-01 1.01710E+03 2.76519E+00 5.84177E-01 0.00000E+00 0.00000E+00 0.00000E+00 0.00000E+00 0.00000E+00 0.00000E+00 0.00000E+00
 3.24050E+00 7.60567E-01 1.02316E+03 3.24050E+00 7.60567E-01 0.00000E+00 0.00000E+00 0.00000E+00 0.00000E+00 0.00000E+00 0.00000E+00 0.00000E+00
 3.78519E+00 9.32874E-01 1.02886E+03 3.78519E+00 9.32874E-01 0.00000E+00 0.00000E+00 0.00000E+00 0.00000E+00 0.00000E+00 0.00000E+00 0.00000E+00
 4.40691E+00 1.09975E+00 1.03436E+03 4.40691E+00 1.09975E+00 0.00000E+00 0.00000E+00 0.00000E+00 0.00000E+00 0.00000E+00 0.00000E+00 0.00000E+00
 5.10902E+00 1.25855E+00 1.03975E+03 5.10902E+00 1.25855E+00 0.00000E+00 0.00000E+00 0.00000E+00 0.00000E+00 0.00000E+00 0.00000E+00 0.00000E+00
 5.70551E+00 1.37363E+00 1.04387E+03 5.70551E+00 1.37363E+00 0.00000E+00 0.00000E+00 0.00000E+00 0.00000E+00 0.00000E+00 0.00000E+00 0.00000E+00
 5.87407E+00 1.40656E+00 1.04495E+03 5.87407E+00 1.40656E+00 0.00000E+00 0.00000E+00 0.00000E+00 0.00000E+00 0.00000E+00 0.00000E+00 0.00000E+00
 6.80054E+00 1.54995E+00 1.05041E+03 6.80054E+00 1.54995E+00 0.00000E+00 0.00000E+00 0.00000E+00 0.00000E+00 0.00000E+00 0.00000E+00 0.00000E+00
 7.85398E+00 1.68117E+00 1.05618E+03 7.85398E+00 1.68117E+00 0.00000E+00 0.00000E+00 0.00000E+00 0.00000E+00 0.00000E+00 0.00000E+00 0.00000E+00
 9.01901E+00 1.79966E+00 1.06227E+03 9.01901E+00 1.79966E+00 0.00000E+00 0.00000E+00 0.00000E+00 0.00000E+00 0.00000E+00 0.00000E+00 0.00000E+00
 1.02991E+01 1.90438E+00 1.06875E+03 1.02991E+01 1.90438E+00 0.00000E+00 0.00000E+00 0.00000E+00 0.00000E+00 0.00000E+00 0.00000E+00 0.00000E+00
 1.16994E+01 1.99469E+00 1.07569E+03 1.16994E+01 1.99469E+00 0.00000E+00 0.00000E+00 0.00000E+00 0.00000E+00 0.00000E+00 0.00000E+00 0.00000E+00
 1.32219E+01 2.06997E+00 1.08313E+03 1.32219E+01 2.06997E+00 0.00000E+00 0.00000E+00 0.00000E+00 0.00000E+00 0.00000E+00 0.00000E+00 0.00000E+00
 1.48669E+01 2.12993E+00 1.09112E+03 1.48669E+01 2.12993E+00 0.00000E+00 0.00000E+00 0.00000E+00 0.00000E+00 0.00000E+00 0.00000E+00 0.00000E+00
 1.66349E+01 2.17465E+00 1.09968E+03 1.66349E+01 2.17465E+00 0.00000E+00 0.00000E+00 0.00000E+00 0.00000E+00 0.00000E+00 0.00000E+00 0.00000E+00
 1.85251E+01 2.20445E+00 1.10883E+03 1.85251E+01 2.20445E+00 0.00000E+00 0.00000E+00 0.00000E+00 0.00000E+00 0.00000E+00 0.00000E+00 0.00000E+00
 2.05354E+01 2.21986E+00 1.11859E+03 2.05354E+01 2.21986E+00 0.00000E+00 0.00000E+00 0.00000E+00 0.00000E+00 0.00000E+00 0.00000E+00 0.00000E+00
 2.26627E+01 2.22159E+00 1.12898E+03 2.26627E+01 2.22159E+00 0.00000E+00 0.00000E+00 0.00000E+00 0.00000E+00 0.00000E+00 0.00000E+00 0.00000E+00
 2.49027E+01 2.21050E+00 1.13998E+03 2.49027E+01 2.21050E+00 0.00000E+00 0.00000E+00 0.00000E+00 0.00000E+00 0.00000E+00 0.00000E+00 0.00000E+00
 2.72500E+01 2.18756E+00 1.15161E+03 2.72500E+01 2.18756E+00 0.00000E+00 0.00000E+00 0.00000E+00 0.00000E+00 0.00000E+00 0.00000E+00 0.00000E+00
 2.96980E+01 2.15385E+00 1.16384E+03 2.96980E+01 2.15385E+00 0.00000E+00 0.00000E+00 0.00000E+00 0.00000E+00 0.00000E+00 0.00000E+00 0.00000E+00
 3.22390E+01 2.11047E+00 1.17667E+03 3.22390E+01 2.11047E+00 0.00000E+00 0.00000E+00 0.00000E+00 0.00000E+00 0.00000E+00 0.00000E+00 0.00000E+00
 3.48659E+01 2.05854E+00 1.19008E+03 3.48659E+01 2.05854E+00 0.00000E+00 0.00000E+00 0.00000E+00 0.00000E+00 0.00000E+00 0.00000E+00 0.00000E+00
 3.75679E+01 1.99922E+00 1.20405E+03 3.75679E+01 1.99922E+00 0.00000E+00 0.00000E+00 0.00000E+00 0.00000E+00 0.00000E+00 0.00000E+00 0.00000E+00
 1.95057E+00 2.35321E-01 7.59963E+02 1.95057E+00 2.35321E-01 0.00000E+00 0.00000E+00 0.00000E+00 0.00000E+00 0.00000E+00 0.00000E+00 0.00000E+00
 2.26579E+00 4.05365E-01 7.66140E+02 2.26579E+00 4.05365E-01 0.00000E+00 0.00000E+00 0.00000E+00 0.00000E+00 0.00000E+00 0.00000E+00 0.00000E+00
 2.65383E+00 5.73101E-01 7.71899E+02 2.65383E+00 5.73101E-01 0.00000E+00 0.00000E+00 0.00000E+00 0.00000E+00 0.00000E+00 0.00000E+00 0.00000E+00
 3.10029E+00 7.37201E-01 7.77302E+02 3.10029E+00 7.37201E-01 0.00000E+00 0.00000E+00 0.00000E+00 0.00000E+00 0.00000E+00 0.00000E+00 0.00000E+00
 3.60921E+00 8.95328E-01 7.82454E+02 3.60921E+00 8.95328E-01 0.00000E+00 0.00000E+00 0.00000E+00 0.00000E+00 0.00000E+00 0.00000E+00 0.00000E+00
 4.18710E+00 1.04638E+00 7.87466E+02 4.18710E+00 1.04638E+00 0.00000E+00 0.00000E+00 0.00000E+00 0.00000E+00 0.00000E+00 0.00000E+00 0.00000E+00
 4.83664E+00 1.18819E+00 7.92406E+02 4.83664E+00 1.18819E+00 0.00000E+00 0.00000E+00 0.00000E+00 0.00000E+00 0.00000E+00 0.00000E+00 0.00000E+00
 5.38651E+00 1.28980E+00 7.96197E+02 5.38651E+00 1.28980E+00 0.00000E+00 0.00000E+00 0.00000E+00 0.00000E+00 0.00000E+00 0.00000E+00 0.00000E+00
 5.54126E+00 1.31864E+00 7.97221E+02 5.54126E+00 1.31864E+00 0.00000E+00 0.00000E+00 0.00000E+00 0.00000E+00 0.00000E+00 0.00000E+00 0.00000E+00
 6.39086E+00 1.44316E+00 8.02294E+02 6.39086E+00 1.44316E+00 0.00000E+00 0.00000E+00 0.00000E+00 0.00000E+00 0.00000E+00 0.00000E+00 0.00000E+00
 7.35283E+00 1.55525E+00 8.07609E+02 7.35283E+00 1.55525E+00 0.00000E+00 0.00000E+00 0.00000E+00 0.00000E+00 0.00000E+00 0.00000E+00 0.00000E+00
 8.41207E+00 1.65467E+00 8.13170E+02 8.41207E+00 1.65467E+00 0.00000E+00 0.00000E+00 0.00000E+00 0.00000E+00 0.00000E+00 0.00000E+00 0.00000E+00
 9.57096E+00 1.74070E+00 8.19022E+02 9.57096E+00 1.74070E+00 0.00000E+00 0.00000E+00 0.00000E+00 0.00000E+00 0.00000E+00 0.00000E+00 0.00000E+00
 1.08333E+01 1.81298E+00 8.25215E+02 1.08333E+01 1.81298E+00 0.00000E+00 0.00000E+00 0.00000E+00 0.00000E+00 0.00000E+00 0.00000E+00 0.00000E+00
 1.22000E+01 1.87121E+00 8.31780E+02 1.22000E+01 1.87121E+00 0.00000E+00 0.00000E+00 0.00000E+00 0.00000E+00 0.00000E+00 0.00000E+00 0.00000E+00
 1.36708E+01 1.91537E+00 8.38740E+02 1.36708E+01 1.91537E+00 0.00000E+00 0.00000E+00 0.00000E+00 0.00000E+00 0.00000E+00 0.00000E+00 0.00000E+00
 1.52452E+01 1.94573E+00 8.46115E+02 1.52452E+01 1.94573E+00 0.00000E+00 0.00000E+00 0.00000E+00 0.00000E+00 0.00000E+00 0.00000E+00 0.00000E+00
 1.69218E+01 1.96279E+00 8.53920E+02 1.69218E+01 1.96279E+00 0.00000E+00 0.00000E+00 0.00000E+00 0.00000E+00 0.00000E+00 0.00000E+00 0.00000E+00
 1.86981E+01 1.96719E+00 8.62162E+02 1.86981E+01 1.96719E+00 0.00000E+00 0.00000E+00 0.00000E+00 0.00000E+00 0.00000E+00 0.00000E+00 0.00000E+00
 2.05707E+01 1.95972E+00 8.70846E+02 2.05707E+01 1.95972E+00 0.00000E+00 0.00000E+00 0.00000E+00 0.00000E+00 0.00000E+00 0.00000E+00 0.00000E+00
 2.25350E+01 1.94129E+00 8.79970E+02 2.25350E+01 1.94129E+00 0.00000E+00 0.00000E+00 0.00000E+00 0.00000E+00 0.00000E+00 0.00000E+00 0.00000E+00
 2.45858E+01 1.91287E+00 8.89529E+02 2.45858E+01 1.91287E+00 0.00000E+00 0.00000E+00 0.00000E+00 0.00000E+00 0.00000E+00 0.00000E+00 0.00000E+00
 2.67168E+01 1.87550E+00 8.99515E+02 2.67168E+01 1.87550E+00 0.00000E+00 0.00000E+00 0.00000E+00 0.00000E+00 0.00000E+00 0.00000E+00 0.00000E+00
 2.89209E+01 1.83024E+00 9.09915E+02 2.89209E+01 1.83024E+00 0.00000E+00 0.00000E+00 0.00000E+00 0.00000E+00 0.00000E+00 0.00000E+00 0.00000E+00
 3.11911E+01 1.77811E+00 9.20722E+02 3.11911E+01 1.77811E+00 0.00000E+00 0.00000E+00 0.00000E+00 0.00000E+00 0.00000E+00 0.00000E+00 0.00000E+00
 3.35182E+01 1.72021E+00 9.31911E+02 3.35182E+01 1.72021E+00 0.00000E+00 0.00000E+00 0.00000E+00 0.00000E+00 0.00000E+00 0.00000E+00 0.00000E+00
 1.88114E+00 2.43164E-01 5.77295E+02 1.88114E+00 2.43164E-01 0.00000E+00 0.00000E+00 0.00000E+00 0.00000E+00 0.00000E+00 0.00000E+00 0.00000E+00
 2.18030E+00 4.05617E-01 5.82582E+02 2.18030E+00 4.05617E-01 0.00000E+00 0.00000E+00 0.00000E+00 0.00000E+00 0.00000E+00 0.00000E+00 0.00000E+00
 2.54640E+00 5.63199E-01 5.87581E+02 2.54640E+00 5.63199E-01 0.00000E+00 0.00000E+00 0.00000E+00 0.00000E+00 0.00000E+00 0.00000E+00 0.00000E+00
 2.96491E+00 7.15043E-01 5.92338E+02 2.96491E+00 7.15043E-01 0.00000E+00 0.00000E+00 0.00000E+00 0.00000E+00 0.00000E+00 0.00000E+00 0.00000E+00
 3.43917E+00 8.59262E-01 5.96929E+02 3.43917E+00 8.59262E-01 0.00000E+00 0.00000E+00 0.00000E+00 0.00000E+00 0.00000E+00 0.00000E+00 0.00000E+00
 3.97459E+00 9.95014E-01 6.01429E+02 3.97459E+00 9.95014E-01 0.00000E+00 0.00000E+00 0.00000E+00 0.00000E+00 0.00000E+00 0.00000E+00 0.00000E+00
 4.57318E+00 1.12061E+00 6.05890E+02 4.57318E+00 1.12061E+00 0.00000E+00 0.00000E+00 0.00000E+00 0.00000E+00 0.00000E+00 0.00000E+00 0.00000E+00
 5.07786E+00 1.20948E+00 6.09325E+02 5.07786E+00 1.20948E+00 0.00000E+00 0.00000E+00 0.00000E+00 0.00000E+00 0.00000E+00 0.00000E+00 0.00000E+00
 5.21926E+00 1.23448E+00 6.10270E+02 5.21926E+00 1.23448E+00 0.00000E+00 0.00000E+00 0.00000E+00 0.00000E+00 0.00000E+00 0.00000E+00 0.00000E+00
 5.99438E+00 1.34136E+00 6.14914E+02 5.99438E+00 1.34136E+00 0.00000E+00 0.00000E+00 0.00000E+00 0.00000E+00 0.00000E+00 0.00000E+00 0.00000E+00
 6.86769E+00 1.43577E+00 6.19749E+02 6.86769E+00 1.43577E+00 0.00000E+00 0.00000E+00 0.00000E+00 0.00000E+00 0.00000E+00 0.00000E+00 0.00000E+00
 7.82440E+00 1.51773E+00 6.24776E+02 7.82440E+00 1.51773E+00 0.00000E+00 0.00000E+00 0.00000E+00 0.00000E+00 0.00000E+00 0.00000E+00 0.00000E+00
 8.86584E+00 1.58682E+00 6.30028E+02 8.86584E+00 1.58682E+00 0.00000E+00 0.00000E+00 0.00000E+00 0.00000E+00 0.00000E+00 0.00000E+00 0.00000E+00
 9.99444E+00 1.64293E+00 6.35539E+02 9.99444E+00 1.64293E+00 0.00000E+00 0.00000E+00 0.00000E+00 0.00000E+00 0.00000E+00 0.00000E+00 0.00000E+00
 1.12103E+01 1.68603E+00 6.41330E+02 1.12103E+01 1.68603E+00 0.00000E+00 0.00000E+00 0.00000E+00 0.00000E+00 0.00000E+00 0.00000E+00 0.00000E+00
 1.25122E+01 1.71632E+00 6.47415E+02 1.25122E+01 1.71632E+00 0.00000E+00 0.00000E+00 0.00000E+00 0.00000E+00 0.00000E+00 0.00000E+00 0.00000E+00
 1.38990E+01 1.73426E+00 6.53806E+02 1.38990E+01 1.73426E+00 0.00000E+00 0.00000E+00 0.00000E+00 0.00000E+00 0.00000E+00 0.00000E+00 0.00000E+00
 1.53685E+01 1.74045E+00 6.60511E+02 1.53685E+01 1.74045E+00 0.00000E+00 0.00000E+00 0.00000E+00 0.00000E+00 0.00000E+00 0.00000E+00 0.00000E+00
 1.69179E+01 1.73562E+00 6.67535E+02 1.69179E+01 1.73562E+00 0.00000E+00 0.00000E+00 0.00000E+00 0.00000E+00 0.00000E+00 0.00000E+00 0.00000E+00
 1.85432E+01 1.72063E+00 6.74878E+02 1.85432E+01 1.72063E+00 0.00000E+00 0.00000E+00 0.00000E+00 0.00000E+00 0.00000E+00 0.00000E+00 0.00000E+00
 2.02399E+01 1.69639E+00 6.82536E+02 2.02399E+01 1.69639E+00 0.00000E+00 0.00000E+00 0.00000E+00 0.00000E+00 0.00000E+00 0.00000E+00 0.00000E+00
 2.20027E+01 1.66385E+00 6.90505E+02 2.20027E+01 1.66385E+00 0.00000E+00 0.00000E+00 0.00000E+00 0.00000E+00 0.00000E+00 0.00000E+00 0.00000E+00
 2.38255E+01 1.62401E+00 6.98776E+02 2.38255E+01 1.62401E+00 0.00000E+00 0.00000E+00 0.00000E+00 0.00000E+00 0.00000E+00 0.00000E+00 0.00000E+00
 2.57016E+01 1.57788E+00 7.07338E+02 2.57016E+01 1.57788E+00 0.00000E+00 0.00000E+00 0.00000E+00 0.00000E+00 0.00000E+00 0.00000E+00 0.00000E+00
 2.76245E+01 1.52637E+00 7.16183E+02 2.76245E+01 1.52637E+00 0.00000E+00 0.00000E+00 0.00000E+00 0.00000E+00 0.00000E+00 0.00000E+00 0.00000E+00
 2.95857E+01 1.47048E+00 7.25294E+02 2.95857E+01 1.47048E+00 0.00000E+00 0.00000E+00 0.00000E+00 0.00000E+00 0.00000E+00 0.00000E+00 0.00000E+00
 1.81638E+00 2.53148E-01 4.38914E+02 1.81638E+00 2.53148E-01 0.00000E+00 0.00000E+00 0.00000E+00 0.00000E+00 0.00000E+00 0.00000E+00 0.00000E+00
 2.10021E+00 4.07387E-01 4.43448E+02 2.10021E+00 4.07387E-01 0.00000E+00 0.00000E+00 0.00000E+00 0.00000E+00 0.00000E+00 0.00000E+00 0.00000E+00
 2.44501E+00 5.54439E-01 4.47789E+02 2.44501E+00 5.54439E-01 0.00000E+00 0.00000E+00 0.00000E+00 0.00000E+00 0.00000E+00 0.00000E+00 0.00000E+00
 2.83625E+00 6.93903E-01 4.51970E+02 2.83625E+00 6.93903E-01 0.00000E+00 0.00000E+00 0.00000E+00 0.00000E+00 0.00000E+00 0.00000E+00 0.00000E+00
 3.27675E+00 8.24340E-01 4.56043E+02 3.27675E+00 8.24340E-01 0.00000E+00 0.00000E+00 0.00000E+00 0.00000E+00 0.00000E+00 0.00000E+00 0.00000E+00
 3.77103E+00 9.45175E-01 4.60064E+02 3.77103E+00 9.45175E-01 0.00000E+00 0.00000E+00 0.00000E+00 0.00000E+00 0.00000E+00 0.00000E+00 0.00000E+00
 4.32057E+00 1.05517E+00 4.64066E+02 4.32057E+00 1.05517E+00 0.00000E+00 0.00000E+00 0.00000E+00 0.00000E+00 0.00000E+00 0.00000E+00 0.00000E+00
 4.78197E+00 1.13191E+00 4.67158E+02 4.78197E+00 1.13191E+00 0.00000E+00 0.00000E+00 0.00000E+00 0.00000E+00 0.00000E+00 0.00000E+00 0.00000E+00
 4.91064E+00 1.15328E+00 4.68019E+02 4.91064E+00 1.15328E+00 0.00000E+00 0.00000E+00 0.00000E+00 0.00000E+00 0.00000E+00 0.00000E+00 0.00000E+00
 5.61497E+00 1.24359E+00 4.72231E+02 5.61497E+00 1.24359E+00 0.00000E+00 0.00000E+00 0.00000E+00 0.00000E+00 0.00000E+00 0.00000E+00 0.00000E+00
 6.40459E+00 1.32158E+00 4.76594E+02 6.40459E+00 1.32158E+00 0.00000E+00 0.00000E+00 0.00000E+00 0.00000E+00 0.00000E+00 0.00000E+00 0.00000E+00
 7.26515E+00 1.38751E+00 4.81111E+02 7.26515E+00 1.38751E+00 0.00000E+00 0.00000E+00 0.00000E+00 0.00000E+00 0.00000E+00 0.00000E+00 0.00000E+00
 8.19709E+00 1.44124E+00 4.85803E+02 8.19709E+00 1.44124E+00 0.00000E+00 0.00000E+00 0.00000E+00 0.00000E+00 0.00000E+00 0.00000E+00 0.00000E+00
 9.20178E+00 1.48287E+00 4.90693E+02 9.20178E+00 1.48287E+00 0.00000E+00 0.00000E+00 0.00000E+00 0.00000E+00 0.00000E+00 0.00000E+00 0.00000E+00
 1.02785E+01 1.51259E+00 4.95795E+02 1.02785E+01 1.51259E+00 0.00000E+00 0.00000E+00 0.00000E+00 0.00000E+00 0.00000E+00 0.00000E+00 0.00000E+00
 1.14256E+01 1.53081E+00 5.01116E+02 1.14256E+01 1.53081E+00 0.00000E+00 0.00000E+00 0.00000E+00 0.00000E+00 0.00000E+00 0.00000E+00 0.00000E+00
 1.26412E+01 1.53810E+00 5.06665E+02 1.26412E+01 1.53810E+00 0.00000E+00 0.00000E+00 0.00000E+00 0.00000E+00 0.00000E+00 0.00000E+00 0.00000E+00
 1.39227E+01 1.53518E+00 5.12444E+02 1.39227E+01 1.53518E+00 0.00000E+00 0.00000E+00 0.00000E+00 0.00000E+00 0.00000E+00 0.00000E+00 0.00000E+00
 1.52669E+01 1.52282E+00 5.18456E+02 1.52669E+01 1.52282E+00 0.00000E+00 0.00000E+00 0.00000E+00 0.00000E+00 0.00000E+00 0.00000E+00 0.00000E+00
 1.66697E+01 1.50190E+00 5.24698E+02 1.66697E+01 1.50190E+00 0.00000E+00 0.00000E+00 0.00000E+00 0.00000E+00 0.00000E+00 0.00000E+00 0.00000E+00
 1.81265E+01 1.47332E+00 5.31167E+02 1.81265E+01 1.47332E+00 0.00000E+00 0.00000E+00 0.00000E+00 0.00000E+00 0.00000E+00 0.00000E+00 0.00000E+00
 1.96321E+01 1.43801E+00 5.37855E+02 1.96321E+01 1.43801E+00 0.00000E+00 0.00000E+00 0.00000E+00 0.00000E+00 0.00000E+00 0.00000E+00 0.00000E+00
 2.11808E+01 1.39690E+00 5.44756E+02 2.11808E+01 1.39690E+00 0.00000E+00 0.00000E+00 0.00000E+00 0.00000E+00 0.00000E+00 0.00000E+00 0.00000E+00
 2.27663E+01 1.35091E+00 5.51860E+02 2.27663E+01 1.35091E+00 0.00000E+00 0.00000E+00 0.00000E+00 0.00000E+00 0.00000E+00 0.00000E+00 0.00000E+00
 2.43825E+01 1.30088E+00 5.59161E+02 2.43825E+01 1.30088E+00 0.00000E+00 0.00000E+00 0.00000E+00 0.00000E+00 0.00000E+00 0.00000E+00 0.00000E+00
 2.60219E+01 1.24769E+00 5.66642E+02 2.60219E+01 1.24769E+00 0.00000E+00 0.00000E+00 0.00000E+00 0.00000E+00 0.00000E+00 0.00000E+00 0.00000E+00
 1.75548E+00 2.64936E-01 3.36561E+02 1.75548E+00 2.64936E-01 0.00000E+00 0.00000E+00 0.00000E+00 0.00000E+00 0.00000E+00 0.00000E+00 0.00000E+00
 2.02360E+00 4.10659E-01 3.40474E+02 2.02360E+00 4.10659E-01 0.00000E+00 0.00000E+00 0.00000E+00 0.00000E+00 0.00000E+00 0.00000E+00 0.00000E+00
 2.34711E+00 5.47203E-01 3.44263E+02 2.34711E+00 5.47203E-01 0.00000E+00 0.00000E+00 0.00000E+00 0.00000E+00 0.00000E+00 0.00000E+00 0.00000E+00
 2.71163E+00 6.74614E-01 3.47951E+02 2.71163E+00 6.74614E-01 0.00000E+00 0.00000E+00 0.00000E+00 0.00000E+00 0.00000E+00 0.00000E+00 0.00000E+00
 3.11957E+00 7.91881E-01 3.51574E+02 3.11957E+00 7.91881E-01 0.00000E+00 0.00000E+00 0.00000E+00 0.00000E+00 0.00000E+00 0.00000E+00 0.00000E+00
 3.57464E+00 8.98688E-01 3.55172E+02 3.57464E+00 8.98688E-01 0.00000E+00 0.00000E+00 0.00000E+00 0.00000E+00 0.00000E+00 0.00000E+00 0.00000E+00
 4.07783E+00 9.94222E-01 3.58767E+02 4.07783E+00 9.94222E-01 0.00000E+00 0.00000E+00 0.00000E+00 0.00000E+00 0.00000E+00 0.00000E+00 0.00000E+00
 4.49856E+00 1.05982E+00 3.61553E+02 4.49856E+00 1.05982E+00 0.00000E+00 0.00000E+00 0.00000E+00 0.00000E+00 0.00000E+00 0.00000E+00 0.00000E+00
 4.61533E+00 1.07789E+00 3.62336E+02 4.61533E+00 1.07789E+00 0.00000E+00 0.00000E+00 0.00000E+00 0.00000E+00 0.00000E+00 0.00000E+00 0.00000E+00
 5.25360E+00 1.15321E+00 3.66152E+02 5.25360E+00 1.15321E+00 0.00000E+00 0.00000E+00 0.00000E+00 0.00000E+00 0.00000E+00 0.00000E+00 0.00000E+00
 5.96547E+00 1.21653E+00 3.70092E+02 5.96547E+00 1.21653E+00 0.00000E+00 0.00000E+00 0.00000E+00 0.00000E+00 0.00000E+00 0.00000E+00 0.00000E+00
 6.73706E+00 1.26831E+00 3.74156E+02 6.73706E+00 1.26831E+00 0.00000E+00 0.00000E+00 0.00000E+00 0.00000E+00 0.00000E+00 0.00000E+00 0.00000E+00
 7.56807E+00 1.30866E+00 3.78359E+02 7.56807E+00 1.30866E+00 0.00000E+00 0.00000E+00 0.00000E+00 0.00000E+00 0.00000E+00 0.00000E+00 0.00000E+00
 8.45893E+00 1.33786E+00 3.82716E+02 8.45893E+00 1.33786E+00 0.00000E+00 0.00000E+00 0.00000E+00 0.00000E+00 0.00000E+00 0.00000E+00 0.00000E+00
 9.40832E+00 1.35628E+00 3.87235E+02 9.40832E+00 1.35628E+00 0.00000E+00 0.00000E+00 0.00000E+00 0.00000E+00 0.00000E+00 0.00000E+00 0.00000E+00
 1.04141E+01 1.36447E+00 3.91920E+02 1.04141E+01 1.36447E+00 0.00000E+00 0.00000E+00 0.00000E+00 0.00000E+00 0.00000E+00 0.00000E+00 0.00000E+00
 1.14738E+01 1.36310E+00 3.96775E+02 1.14738E+01 1.36310E+00 0.00000E+00 0.00000E+00 0.00000E+00 0.00000E+00 0.00000E+00 0.00000E+00 0.00000E+00
 1.25847E+01 1.35294E+00 4.01801E+02 1.25847E+01 1.35294E+00 0.00000E+00 0.00000E+00 0.00000E+00 0.00000E+00 0.00000E+00 0.00000E+00 0.00000E+00
 1.37432E+01 1.33482E+00 4.06997E+02 1.37432E+01 1.33482E+00 0.00000E+00 0.00000E+00 0.00000E+00 0.00000E+00 0.00000E+00 0.00000E+00 0.00000E+00
 1.49453E+01 1.30958E+00 4.12360E+02 1.49453E+01 1.30958E+00 0.00000E+00 0.00000E+00 0.00000E+00 0.00000E+00 0.00000E+00 0.00000E+00 0.00000E+00
 1.61864E+01 1.27810E+00 4.17886E+02 1.61864E+01 1.27810E+00 0.00000E+00 0.00000E+00 0.00000E+00 0.00000E+00 0.00000E+00 0.00000E+00 0.00000E+00
 1.74614E+01 1.24127E+00 4.23568E+02 1.74614E+01 1.24127E+00 0.00000E+00 0.00000E+00 0.00000E+00 0.00000E+00 0.00000E+00 0.00000E+00 0.00000E+00
 1.87652E+01 1.19995E+00 4.29399E+02 1.87652E+01 1.19995E+00 0.00000E+00 0.00000E+00 0.00000E+00 0.00000E+00 0.00000E+00 0.00000E+00 0.00000E+00
 2.00919E+01 1.15496E+00 4.35371E+02 2.00919E+01 1.15496E+00 0.00000E+00 0.00000E+00 0.00000E+00 0.00000E+00 0.00000E+00 0.00000E+00 0.00000E+00
 2.14358E+01 1.10704E+00 4.41477E+02 2.14358E+01 1.10704E+00 0.00000E+00 0.00000E+00 0.00000E+00 0.00000E+00 0.00000E+00 0.00000E+00 0.00000E+00
 2.27906E+01 1.05698E+00 4.47705E+02 2.27906E+01 1.05698E+00 0.00000E+00 0.00000E+00 0.00000E+00 0.00000E+00 0.00000E+00 0.00000E+00 0.00000E+00
 1.69901E+00 2.78687E-01 2.59641E+02 1.69901E+00 2.78687E-01 0.00000E+00 0.00000E+00 0.00000E+00 0.00000E+00 0.00000E+00 0.00000E+00 0.00000E+00
 1.95100E+00 4.15497E-01 2.63025E+02 1.95100E+00 4.15497E-01 0.00000E+00 0.00000E+00 0.00000E+00 0.00000E+00 0.00000E+00 0.00000E+00 0.00000E+00
 2.25334E+00 5.41396E-01 2.66338E+02 2.25334E+00 5.41396E-01 0.00000E+00 0.00000E+00 0.00000E+00 0.00000E+00 0.00000E+00 0.00000E+00 0.00000E+00
 2.59187E+00 6.56865E-01 2.69595E+02 2.59187E+00 6.56865E-01 0.00000E+00 0.00000E+00 0.00000E+00 0.00000E+00 0.00000E+00 0.00000E+00 0.00000E+00
 2.96860E+00 7.61316E-01 2.72819E+02 2.96860E+00 7.61316E-01 0.00000E+00 0.00000E+00 0.00000E+00 0.00000E+00 0.00000E+00 0.00000E+00 0.00000E+00
 3.38648E+00 8.54687E-01 2.76036E+02 3.38648E+00 8.54687E-01 0.00000E+00 0.00000E+00 0.00000E+00 0.00000E+00 0.00000E+00 0.00000E+00 0.00000E+00
 3.84609E+00 9.36563E-01 2.79263E+02 3.84609E+00 9.36563E-01 0.00000E+00 0.00000E+00 0.00000E+00 0.00000E+00 0.00000E+00 0.00000E+00 0.00000E+00
 4.22878E+00 9.91761E-01 2.81769E+02 4.22878E+00 9.91761E-01 0.00000E+00 0.00000E+00 0.00000E+00 0.00000E+00 0.00000E+00 0.00000E+00 0.00000E+00
 4.33448E+00 1.00676E+00 2.82479E+02 4.33448E+00 1.00676E+00 0.00000E+00 0.00000E+00 0.00000E+00 0.00000E+00 0.00000E+00 0.00000E+00 0.00000E+00
 4.91134E+00 1.06830E+00 2.85927E+02 4.91134E+00 1.06830E+00 0.00000E+00 0.00000E+00 0.00000E+00 0.00000E+00 0.00000E+00 0.00000E+00 0.00000E+00
 5.55128E+00 1.11830E+00 2.89476E+02 5.55128E+00 1.11830E+00 0.00000E+00 0.00000E+00 0.00000E+00 0.00000E+00 0.00000E+00 0.00000E+00 0.00000E+00
 6.24094E+00 1.15743E+00 2.93127E+02 6.24094E+00 1.15743E+00 0.00000E+00 0.00000E+00 0.00000E+00 0.00000E+00 0.00000E+00 0.00000E+00 0.00000E+00
 6.97942E+00 1.18598E+00 2.96887E+02 6.97942E+00 1.18598E+00 0.00000E+00 0.00000E+00 0.00000E+00 0.00000E+00 0.00000E+00 0.00000E+00 0.00000E+00
 7.76637E+00 1.20438E+00 3.00767E+02 7.76637E+00 1.20438E+00 0.00000E+00 0.00000E+00 0.00000E+00 0.00000E+00 0.00000E+00 0.00000E+00 0.00000E+00
 8.60003E+00 1.21316E+00 3.04772E+02 8.60003E+00 1.21316E+00 0.00000E+00 0.00000E+00 0.00000E+00 0.00000E+00 0.00000E+00 0.00000E+00 0.00000E+00
 9.47787E+00 1.21297E+00 3.08902E+02 9.47787E+00 1.21297E+00 0.00000E+00 0.00000E+00 0.00000E+00 0.00000E+00 0.00000E+00 0.00000E+00 0.00000E+00
 1.03973E+01 1.20456E+00 3.13159E+02 1.03973E+01 1.20456E+00 0.00000E+00 0.00000E+00 0.00000E+00 0.00000E+00 0.00000E+00 0.00000E+00 0.00000E+00
 1.13552E+01 1.18871E+00 3.17541E+02 1.13552E+01 1.18871E+00 0.00000E+00 0.00000E+00 0.00000E+00 0.00000E+00 0.00000E+00 0.00000E+00 0.00000E+00
 1.23480E+01 1.16624E+00 3.22048E+02 1.23480E+01 1.16624E+00 0.00000E+00 0.00000E+00 0.00000E+00 0.00000E+00 0.00000E+00 0.00000E+00 0.00000E+00
 1.33718E+01 1.13799E+00 3.26674E+02 1.33718E+01 1.13799E+00 0.00000E+00 0.00000E+00 0.00000E+00 0.00000E+00 0.00000E+00 0.00000E+00 0.00000E+00
 1.44221E+01 1.10480E+00 3.31414E+02 1.44221E+01 1.10480E+00 0.00000E+00 0.00000E+00 0.00000E+00 0.00000E+00 0.00000E+00 0.00000E+00 0.00000E+00
 1.54943E+01 1.06746E+00 3.36264E+02 1.54943E+01 1.06746E+00 0.00000E+00 0.00000E+00 0.00000E+00 0.00000E+00 0.00000E+00 0.00000E+00 0.00000E+00
 1.65835E+01 1.02677E+00 3.41216E+02 1.65835E+01 1.02677E+00 0.00000E+00 0.00000E+00 0.00000E+00 0.00000E+00 0.00000E+00 0.00000E+00 0.00000E+00
 1.76847E+01 9.83468E-01 3.46262E+02 1.76847E+01 9.83468E-01 0.00000E+00 0.00000E+00 0.00000E+00 0.00000E+00 0.00000E+00 0.00000E+00 0.00000E+00
 1.87927E+01 9.38192E-01 3.51397E+02 1.87927E+01 9.38192E-01 0.00000E+00 0.00000E+00 0.00000E+00 0.00000E+00 0.00000E+00 0.00000E+00 0.00000E+00
 1.99019E+01 8.91613E-01 3.56611E+02 1.99019E+01 8.91613E-01 0.00000E+00 0.00000E+00 0.00000E+00 0.00000E+00 0.00000E+00 0.00000E+00 0.00000E+00
 1.64552E+00 2.94346E-01 2.01497E+02 1.64552E+00 2.94346E-01 0.00000E+00 0.00000E+00 0.00000E+00 0.00000E+00 0.00000E+00 0.00000E+00 0.00000E+00
 1.88116E+00 4.21840E-01 2.04463E+02 1.88116E+00 4.21840E-01 0.00000E+00 0.00000E+00 0.00000E+00 0.00000E+00 0.00000E+00 0.00000E+00 0.00000E+00
 2.16262E+00 5.36941E-01 2.07392E+02 2.16262E+00 5.36941E-01 0.00000E+00 0.00000E+00 0.00000E+00 0.00000E+00 0.00000E+00 0.00000E+00 0.00000E+00
 2.47601E+00 6.40566E-01 2.10293E+02 2.47601E+00 6.40566E-01 0.00000E+00 0.00000E+00 0.00000E+00 0.00000E+00 0.00000E+00 0.00000E+00 0.00000E+00
 2.82292E+00 7.32534E-01 2.13182E+02 2.82292E+00 7.32534E-01 0.00000E+00 0.00000E+00 0.00000E+00 0.00000E+00 0.00000E+00 0.00000E+00 0.00000E+00
 3.20561E+00 8.13041E-01 2.16075E+02 3.20561E+00 8.13041E-01 0.00000E+00 0.00000E+00 0.00000E+00 0.00000E+00 0.00000E+00 0.00000E+00 0.00000E+00
 3.62426E+00 8.82043E-01 2.18982E+02 3.62426E+00 8.82043E-01 0.00000E+00 0.00000E+00 0.00000E+00 0.00000E+00 0.00000E+00 0.00000E+00 0.00000E+00
 3.97136E+00 9.27554E-01 2.21242E+02 3.97136E+00 9.27554E-01 0.00000E+00 0.00000E+00 0.00000E+00 0.00000E+00 0.00000E+00 0.00000E+00 0.00000E+00
 4.06673E+00 9.39735E-01 2.21886E+02 4.06673E+00 9.39735E-01 0.00000E+00 0.00000E+00 0.00000E+00 0.00000E+00 0.00000E+00 0.00000E+00 0.00000E+00
 4.58647E+00 9.88641E-01 2.25003E+02 4.58647E+00 9.88641E-01 0.00000E+00 0.00000E+00 0.00000E+00 0.00000E+00 0.00000E+00 0.00000E+00 0.00000E+00
 5.15979E+00 1.02664E+00 2.28201E+02 5.15979E+00 1.02664E+00 0.00000E+00 0.00000E+00 0.00000E+00 0.00000E+00 0.00000E+00 0.00000E+00 0.00000E+00
 5.77395E+00 1.05453E+00 2.31479E+02 5.77395E+00 1.05453E+00 0.00000E+00 0.00000E+00 0.00000E+00 0.00000E+00 0.00000E+00 0.00000E+00 0.00000E+00
 6.42754E+00 1.07278E+00 2.34844E+02 6.42754E+00 1.07278E+00 0.00000E+00 0.00000E+00 0.00000E+00 0.00000E+00 0.00000E+00 0.00000E+00 0.00000E+00
 7.11965E+00 1.08194E+00 2.38301E+02 7.11965E+00 1.08194E+00 0.00000E+00 0.00000E+00 0.00000E+00 0.00000E+00 0.00000E+00 0.00000E+00 0.00000E+00
 7.84816E+00 1.08264E+00 2.41851E+02 7.84816E+00 1.08264E+00 0.00000E+00 0.00000E+00 0.00000E+00 0.00000E+00 0.00000E+00 0.00000E+00 0.00000E+00
 8.61040E+00 1.07562E+00 2.45494E+02 8.61040E+00 1.07562E+00 0.00000E+00 0.00000E+00 0.00000E+00 0.00000E+00 0.00000E+00 0.00000E+00 0.00000E+00
 9.40359E+00 1.06163E+00 2.49230E+02 9.40359E+00 1.06163E+00 0.00000E+00 0.00000E+00 0.00000E+00 0.00000E+00 0.00000E+00 0.00000E+00 0.00000E+00
 1.02246E+01 1.04148E+00 2.53057E+02 1.02246E+01 1.04148E+00 0.00000E+00 0.00000E+00 0.00000E+00 0.00000E+00 0.00000E+00 0.00000E+00 0.00000E+00
 1.10699E+01 1.01595E+00 2.56971E+02 1.10699E+01 1.01595E+00 0.00000E+00 0.00000E+00 0.00000E+00 0.00000E+00 0.00000E+00 0.00000E+00 0.00000E+00
 1.19357E+01 9.85856E-01 2.60969E+02 1.19357E+01 9.85856E-01 0.00000E+00 0.00000E+00 0.00000E+00 0.00000E+00 0.00000E+00 0.00000E+00 0.00000E+00
 1.28180E+01 9.51950E-01 2.65045E+02 1.28180E+01 9.51950E-01 0.00000E+00 0.00000E+00 0.00000E+00 0.00000E+00 0.00000E+00 0.00000E+00 0.00000E+00
 1.37125E+01 9.14973E-01 2.69194E+02 1.37125E+01 9.14973E-01 0.00000E+00 0.00000E+00 0.00000E+00 0.00000E+00 0.00000E+00 0.00000E+00 0.00000E+00
 1.46148E+01 8.75620E-01 2.73411E+02 1.46148E+01 8.75620E-01 0.00000E+00 0.00000E+00 0.00000E+00 0.00000E+00 0.00000E+00 0.00000E+00 0.00000E+00
 1.55205E+01 8.34536E-01 2.77687E+02 1.55205E+01 8.34536E-01 0.00000E+00 0.00000E+00 0.00000E+00 0.00000E+00 0.00000E+00 0.00000E+00 0.00000E+00
 1.64251E+01 7.92275E-01 2.82017E+02 1.64251E+01 7.92275E-01 0.00000E+00 0.00000E+00 0.00000E+00 0.00000E+00 0.00000E+00 0.00000E+00 0.00000E+00
 1.73239E+01 7.49398E-01 2.86394E+02 1.73239E+01 7.49398E-01 0.00000E+00 0.00000E+00 0.00000E+00 0.00000E+00 0.00000E+00 0.00000E+00 0.00000E+00
 1.59741E+00 3.11730E-01 1.57688E+02 1.59741E+00 3.11730E-01 0.00000E+00 0.00000E+00 0.00000E+00 0.00000E+00 0.00000E+00 0.00000E+00 0.00000E+00
 1.81676E+00 4.29435E-01 1.60300E+02 1.81676E+00 4.29435E-01 0.00000E+00 0.00000E+00 0.00000E+00 0.00000E+00 0.00000E+00 0.00000E+00 0.00000E+00
 2.07823E+00 5.33534E-01 1.62897E+02 2.07823E+00 5.33534E-01 0.00000E+00 0.00000E+00 0.00000E+00 0.00000E+00 0.00000E+00 0.00000E+00 0.00000E+00
 2.36810E+00 6.25374E-01 1.65485E+02 2.36810E+00 6.25374E-01 0.00000E+00 0.00000E+00 0.00000E+00 0.00000E+00 0.00000E+00 0.00000E+00 0.00000E+00
 2.68748E+00 7.05169E-01 1.68073E+02 2.68748E+00 7.05169E-01 0.00000E+00 0.00000E+00 0.00000E+00 0.00000E+00 0.00000E+00 0.00000E+00 0.00000E+00
 3.03798E+00 7.73364E-01 1.70671E+02 3.03798E+00 7.73364E-01 0.00000E+00 0.00000E+00 0.00000E+00 0.00000E+00 0.00000E+00 0.00000E+00 0.00000E+00
 3.41939E+00 8.30250E-01 1.73283E+02 3.41939E+00 8.30250E-01 0.00000E+00 0.00000E+00 0.00000E+00 0.00000E+00 0.00000E+00 0.00000E+00 0.00000E+00
 3.73425E+00 8.66767E-01 1.75315E+02 3.73425E+00 8.66767E-01 0.00000E+00 0.00000E+00 0.00000E+00 0.00000E+00 0.00000E+00 0.00000E+00 0.00000E+00
 3.82032E+00 8.76356E-01 1.75896E+02 3.82032E+00 8.76356E-01 0.00000E+00 0.00000E+00 0.00000E+00 0.00000E+00 0.00000E+00 0.00000E+00 0.00000E+00
 4.28857E+00 9.13754E-01 1.78700E+02 4.28857E+00 9.13754E-01 0.00000E+00 0.00000E+00 0.00000E+00 0.00000E+00 0.00000E+00 0.00000E+00 0.00000E+00
 4.80209E+00 9.40996E-01 1.81568E+02 4.80209E+00 9.40996E-01 0.00000E+00 0.00000E+00 0.00000E+00 0.00000E+00 0.00000E+00 0.00000E+00 0.00000E+00
 5.34870E+00 9.59002E-01 1.84499E+02 5.34870E+00 9.59002E-01 0.00000E+00 0.00000E+00 0.00000E+00 0.00000E+00 0.00000E+00 0.00000E+00 0.00000E+00
 5.92668E+00 9.68371E-01 1.87497E+02 5.92668E+00 9.68371E-01 0.00000E+00 0.00000E+00 0.00000E+00 0.00000E+00 0.00000E+00 0.00000E+00 0.00000E+00
 6.53465E+00 9.69732E-01 1.90563E+02 6.53465E+00 9.69732E-01 0.00000E+00 0.00000E+00 0.00000E+00 0.00000E+00 0.00000E+00 0.00000E+00 0.00000E+00
 7.17030E+00 9.63791E-01 1.93698E+02 7.17030E+00 9.63791E-01 0.00000E+00 0.00000E+00 0.00000E+00 0.00000E+00 0.00000E+00 0.00000E+00 0.00000E+00
 7.83091E+00 9.51315E-01 1.96901E+02 7.83091E+00 9.51315E-01 0.00000E+00 0.00000E+00 0.00000E+00 0.00000E+00 0.00000E+00 0.00000E+00 0.00000E+00
 8.51368E+00 9.33075E-01 2.00169E+02 8.51368E+00 9.33075E-01 0.00000E+00 0.00000E+00 0.00000E+00 0.00000E+00 0.00000E+00 0.00000E+00 0.00000E+00
 9.21552E+00 9.09842E-01 2.03501E+02 9.21552E+00 9.09842E-01 0.00000E+00 0.00000E+00 0.00000E+00 0.00000E+00 0.00000E+00 0.00000E+00 0.00000E+00
 9.93310E+00 8.82374E-01 2.06893E+02 9.93310E+00 8.82374E-01 0.00000E+00 0.00000E+00 0.00000E+00 0.00000E+00 0.00000E+00 0.00000E+00 0.00000E+00
 1.06629E+01 8.51404E-01 2.10340E+02 1.06629E+01 8.51404E-01 0.00000E+00 0.00000E+00 0.00000E+00 0.00000E+00 0.00000E+00 0.00000E+00 0.00000E+00
 1.14012E+01 8.17627E-01 2.13838E+02 1.14012E+01 8.17627E-01 0.00000E+00 0.00000E+00 0.00000E+00 0.00000E+00 0.00000E+00 0.00000E+00 0.00000E+00
 1.21443E+01 7.81698E-01 2.17382E+02 1.21443E+01 7.81698E-01 0.00000E+00 0.00000E+00 0.00000E+00 0.00000E+00 0.00000E+00 0.00000E+00 0.00000E+00
 1.28884E+01 7.44221E-01 2.20966E+02 1.28884E+01 7.44221E-01 0.00000E+00 0.00000E+00 0.00000E+00 0.00000E+00 0.00000E+00 0.00000E+00 0.00000E+00
 1.36296E+01 7.05748E-01 2.24584E+02 1.36296E+01 7.05748E-01 2.15600E+00 0.00000E+00 0.00000E+00 0.00000E+00 0.00000E+00 0.00000E+00 0.00000E+00
 1.43640E+01 6.66740E-01 2.28231E+02 1.43640E+01 6.66740E-01 6.85915E+00 0.00000E+00 0.00000E+00 0.00000E+00 0.00000E+00 0.00000E+00 0.00000E+00
 1.50878E+01 6.27664E-01 2.31901E+02 1.50878E+01 6.27664E-01 1.16193E+01 0.00000E+00 0.00000E+00 0.00000E+00 0.00000E+00 0.00000E+00 0.00000E+00
 1.55245E+00 3.30567E-01 1.24384E+02 1.55245E+00 3.30567E-01 0.00000E+00 0.00000E+00 0.00000E+00 0.00000E+00 0.00000E+00 0.00000E+00 0.00000E+00
 1.75628E+00 4.37917E-01 1.26696E+02 1.75628E+00 4.37917E-01 0.00000E+00 0.00000E+00 0.00000E+00 0.00000E+00 0.00000E+00 0.00000E+00 0.00000E+00
 1.99899E+00 5.30774E-01 1.29007E+02 1.99899E+00 5.30774E-01 0.00000E+00 0.00000E+00 0.00000E+00 0.00000E+00 0.00000E+00 0.00000E+00 0.00000E+00
 2.26687E+00 6.10889E-01 1.31321E+02 2.26687E+00 6.10889E-01 0.00000E+00 0.00000E+00 0.00000E+00 0.00000E+00 0.00000E+00 0.00000E+00 0.00000E+00
 2.56060E+00 6.78846E-01 1.33640E+02 2.56060E+00 6.78846E-01 0.00000E+00 0.00000E+00 0.00000E+00 0.00000E+00 0.00000E+00 0.00000E+00 0.00000E+00
 2.88115E+00 7.35318E-01 1.35971E+02 2.88115E+00 7.35318E-01 0.00000E+00 0.00000E+00 0.00000E+00 0.00000E+00 0.00000E+00 0.00000E+00 0.00000E+00
 3.22796E+00 7.80893E-01 1.38315E+02 3.22796E+00 7.80893E-01 0.00000E+00 0.00000E+00 0.00000E+00 0.00000E+00 0.00000E+00 0.00000E+00 0.00000E+00
 3.51289E+00 8.09139E-01 1.40138E+02 3.51289E+00 8.09139E-01 0.00000E+00 0.00000E+00 0.00000E+00 0.00000E+00 0.00000E+00 0.00000E+00 0.00000E+00
 3.59035E+00 8.16374E-01 1.40659E+02 3.59035E+00 8.16374E-01 0.00000E+00 0.00000E+00 0.00000E+00 0.00000E+00 0.00000E+00 0.00000E+00 0.00000E+00
 4.01094E+00 8.43418E-01 1.43172E+02 4.01094E+00 8.43418E-01 0.00000E+00 0.00000E+00 0.00000E+00 0.00000E+00 0.00000E+00 0.00000E+00 0.00000E+00
 4.46922E+00 8.61174E-01 1.45735E+02 4.46922E+00 8.61174E-01 0.00000E+00 0.00000E+00 0.00000E+00 0.00000E+00 0.00000E+00 0.00000E+00 0.00000E+00
 4.95366E+00 8.70646E-01 1.48345E+02 4.95366E+00 8.70646E-01 0.00000E+00 0.00000E+00 0.00000E+00 0.00000E+00 0.00000E+00 0.00000E+00 0.00000E+00
 5.46228E+00 8.72523E-01 1.51004E+02 5.46228E+00 8.72523E-01 0.00000E+00 0.00000E+00 0.00000E+00 0.00000E+00 0.00000E+00 0.00000E+00 0.00000E+00
 5.99339E+00 8.67484E-01 1.53713E+02 5.99339E+00 8.67484E-01 0.00000E+00 0.00000E+00 0.00000E+00 0.00000E+00 0.00000E+00 0.00000E+00 0.00000E+00
 6.54459E+00 8.56272E-01 1.56471E+02 6.54459E+00 8.56272E-01 0.00000E+00 0.00000E+00 0.00000E+00 0.00000E+00 0.00000E+00 0.00000E+00 0.00000E+00
 7.11319E+00 8.39659E-01 1.59275E+02 7.11319E+00 8.39659E-01 0.00000E+00 0.00000E+00 0.00000E+00 0.00000E+00 0.00000E+00 0.00000E+00 0.00000E+00
 7.69645E+00 8.18392E-01 1.62124E+02 7.69645E+00 8.18392E-01 0.00000E+00 0.00000E+00 0.00000E+00 0.00000E+00 0.00000E+00 0.00000E+00 0.00000E+00
 8.29144E+00 7.93201E-01 1.65014E+02 8.29144E+00 7.93201E-01 0.00000E+00 0.00000E+00 0.00000E+00 0.00000E+00 0.00000E+00 0.00000E+00 0.00000E+00
 8.89507E+00 7.64783E-01 1.67942E+02 8.89507E+00 7.64783E-01 0.00000E+00 0.00000E+00 0.00000E+00 0.00000E+00 0.00000E+00 0.00000E+00 0.00000E+00
 9.50416E+00 7.33801E-01 1.70905E+02 9.50416E+00 7.33801E-01 2.58444E+00 0.00000E+00 0.00000E+00 0.00000E+00 0.00000E+00 0.00000E+00 0.00000E+00
 1.01154E+01 7.00871E-01 1.73896E+02 1.01154E+01 7.00871E-01 6.38115E+00 0.00000E+00 0.00000E+00 0.00000E+00 0.00000E+00 0.00000E+00 0.00000E+00
 1.07256E+01 6.66559E-01 1.76912E+02 1.07256E+01 6.66559E-01 1.02298E+01 0.00000E+00 0.00000E+00 0.00000E+00 0.00000E+00 0.00000E+00 0.00000E+00
 1.13315E+01 6.31380E-01 1.79949E+02 1.13315E+01 6.31380E-01 1.41264E+01 0.00000E+00 0.00000E+00 0.00000E+00 0.00000E+00 0.00000E+00 0.00000E+00
 1.19299E+01 5.95794E-01 1.82999E+02 1.19299E+01 5.95794E-01 1.80665E+01 0.00000E+00 0.00000E+00 0.00000E+00 0.00000E+00 0.00000E+00 0.00000E+00
 1.25174E+01 5.60177E-01 1.86060E+02 1.25174E+01 5.60177E-01 2.20464E+01 0.00000E+00 0.00000E+00 0.00000E+00 0.00000E+00 0.00000E+00 0.00000E+00
 1.30912E+01 5.24904E-01 1.89124E+02 1.30912E+01 5.24904E-01 2.60613E+01 0.00000E+00 0.00000E+00 0.00000E+00 0.00000E+00 0.00000E+00 0.00000E+00
 1.50453E+00 3.50440E-01 9.87135E+01 1.50453E+00 3.50440E-01 0.00000E+00 0.00000E+00 0.00000E+00 0.00000E+00 0.00000E+00 0.00000E+00 0.00000E+00
 1.69316E+00 4.46863E-01 1.00803E+02 1.69316E+00 4.46863E-01 0.00000E+00 0.00000E+00 0.00000E+00 0.00000E+00 0.00000E+00 0.00000E+00 0.00000E+00
 1.91746E+00 5.28291E-01 1.02895E+02 1.91746E+00 5.28291E-01 0.00000E+00 0.00000E+00 0.00000E+00 0.00000E+00 0.00000E+00 0.00000E+00 0.00000E+00
 2.16378E+00 5.96831E-01 1.04991E+02 2.16378E+00 5.96831E-01 0.00000E+00 0.00000E+00 0.00000E+00 0.00000E+00 0.00000E+00 0.00000E+00 0.00000E+00
 2.43234E+00 6.53386E-01 1.07092E+02 2.43234E+00 6.53386E-01 0.00000E+00 0.00000E+00 0.00000E+00 0.00000E+00 0.00000E+00 0.00000E+00 0.00000E+00
 2.72353E+00 6.98829E-01 1.09200E+02 2.72353E+00 6.98829E-01 0.00000E+00 0.00000E+00 0.00000E+00 0.00000E+00 0.00000E+00 0.00000E+00 0.00000E+00
 3.03647E+00 7.33989E-01 1.11317E+02 3.03647E+00 7.33989E-01 0.00000E+00 0.00000E+00 0.00000E+00 0.00000E+00 0.00000E+00 0.00000E+00 0.00000E+00
 3.29216E+00 7.54749E-01 1.12961E+02 3.29216E+00 7.54749E-01 0.00000E+00 0.00000E+00 0.00000E+00 0.00000E+00 0.00000E+00 0.00000E+00 0.00000E+00
 3.36123E+00 7.59883E-01 1.13431E+02 3.36123E+00 7.59883E-01 0.00000E+00 0.00000E+00 0.00000E+00 0.00000E+00 0.00000E+00 0.00000E+00 0.00000E+00
 3.73541E+00 7.77783E-01 1.15689E+02 3.73541E+00 7.77783E-01 0.00000E+00 0.00000E+00 0.00000E+00 0.00000E+00 0.00000E+00 0.00000E+00 0.00000E+00
 4.14012E+00 7.87356E-01 1.17982E+02 4.14012E+00 7.87356E-01 0.00000E+00 0.00000E+00 0.00000E+00 0.00000E+00 0.00000E+00 0.00000E+00 0.00000E+00
 4.56457E+00 7.89651E-01 1.20309E+02 4.56457E+00 7.89651E-01 0.00000E+00 0.00000E+00 0.00000E+00 0.00000E+00 0.00000E+00 0.00000E+00 0.00000E+00
 5.00663E+00 7.85404E-01 1.22668E+02 5.00663E+00 7.85404E-01 0.00000E+00 0.00000E+00 0.00000E+00 0.00000E+00 0.00000E+00 0.00000E+00 0.00000E+00
 5.46443E+00 7.75317E-01 1.25061E+02 5.46443E+00 7.75317E-01 0.00000E+00 0.00000E+00 0.00000E+00 0.00000E+00 0.00000E+00 0.00000E+00 0.00000E+00
 5.93557E+00 7.60133E-01 1.27484E+02 5.93557E+00 7.60133E-01 0.00000E+00 0.00000E+00 0.00000E+00 0.00000E+00 0.00000E+00 0.00000E+00 0.00000E+00
 6.41749E+00 7.40600E-01 1.29937E+02 6.41749E+00 7.40600E-01 2.36702E+00 0.00000E+00 0.00000E+00 0.00000E+00 0.00000E+00 0.00000E+00 0.00000E+00
 6.90762E+00 7.17423E-01 1.32416E+02 6.90762E+00 7.17423E-01 5.41654E+00 0.00000E+00 0.00000E+00 0.00000E+00 0.00000E+00 0.00000E+00 0.00000E+00
 7.40325E+00 6.91268E-01 1.34918E+02 7.40325E+00 6.91268E-01 8.51596E+00 0.00000E+00 0.00000E+00 0.00000E+00 0.00000E+00 0.00000E+00 0.00000E+00
 7.90161E+00 6.62765E-01 1.37441E+02 7.90161E+00 6.62765E-01 1.16612E+01 0.00000E+00 0.00000E+00 0.00000E+00 0.00000E+00 0.00000E+00 0.00000E+00
 8.39992E+00 6.32494E-01 1.39980E+02 8.39992E+00 6.32494E-01 1.48482E+01 0.00000E+00 0.00000E+00 0.00000E+00 0.00000E+00 0.00000E+00 0.00000E+00
 8.89537E+00 6.00988E-01 1.42532E+02 8.89537E+00 6.00988E-01 1.80729E+01 0.00000E+00 0.00000E+00 0.00000E+00 0.00000E+00 0.00000E+00 0.00000E+00
 9.38521E+00 5.68725E-01 1.45091E+02 9.38521E+00 5.68725E-01 2.13314E+01 0.00000E+00 0.00000E+00 0.00000E+00 0.00000E+00 0.00000E+00 0.00000E+00
 9.86678E+00 5.36133E-01 1.47655E+02 9.86678E+00 5.36133E-01 2.46195E+01 0.00000E+00 0.00000E+00 0.00000E+00 0.00000E+00 0.00000E+00 0.00000E+00
 1.03375E+01 5.03585E-01 1.50217E+02 1.03375E+01 5.03585E-01 2.79332E+01 0.00000E+00 0.00000E+00 0.00000E+00 0.00000E+00 0.00000E+00 0.00000E+00
 1.07947E+01 4.71381E-01 1.52775E+02 1.07947E+01 4.71381E-01 3.12686E+01 0.00000E+00 0.00000E+00 0.00000E+00 0.00000E+00 0.00000E+00 0.00000E+00
 1.12361E+01 4.39812E-01 1.55323E+02 1.12361E+01 4.39812E-01 3.46213E+01 0.00000E+00 0.00000E+00 0.00000E+00 0.00000E+00 0.00000E+00 0.00000E+00
 1.46118E+00 3.70981E-01 7.92203E+01 1.46118E+00 3.70981E-01 0.00000E+00 0.00000E+00 0.00000E+00 0.00000E+00 0.00000E+00 0.00000E+00 0.00000E+00
 1.63569E+00 4.55840E-01 8.11241E+01 1.63569E+00 4.55840E-01 0.00000E+00 0.00000E+00 0.00000E+00 0.00000E+00 0.00000E+00 0.00000E+00 0.00000E+00
 1.84299E+00 5.25596E-01 8.30274E+01 1.84299E+00 5.25596E-01 0.00000E+00 0.00000E+00 0.00000E+00 0.00000E+00 0.00000E+00 0.00000E+00 0.00000E+00
 2.06949E+00 5.82642E-01 8.49308E+01 2.06949E+00 5.82642E-01 0.00000E+00 0.00000E+00 0.00000E+00 0.00000E+00 0.00000E+00 0.00000E+00 0.00000E+00
 2.31512E+00 6.28147E-01 8.68345E+01 2.31512E+00 6.28147E-01 0.00000E+00 0.00000E+00 0.00000E+00 0.00000E+00 0.00000E+00 0.00000E+00 0.00000E+00
 2.57978E+00 6.63140E-01 8.87388E+01 2.57978E+00 6.63140E-01 0.00000E+00 0.00000E+00 0.00000E+00 0.00000E+00 0.00000E+00 0.00000E+00 0.00000E+00
 2.86246E+00 6.88636E-01 9.06441E+01 2.86246E+00 6.88636E-01 0.00000E+00 0.00000E+00 0.00000E+00 0.00000E+00 0.00000E+00 0.00000E+00 0.00000E+00
 3.09227E+00 7.02566E-01 9.21187E+01 3.09227E+00 7.02566E-01 0.00000E+00 0.00000E+00 0.00000E+00 0.00000E+00 0.00000E+00 0.00000E+00 0.00000E+00
 3.15396E+00 7.05808E-01 9.25398E+01 3.15396E+00 7.05808E-01 0.00000E+00 0.00000E+00 0.00000E+00 0.00000E+00 0.00000E+00 0.00000E+00 0.00000E+00
 3.48761E+00 7.15564E-01 9.45566E+01 3.48761E+00 7.15564E-01 0.00000E+00 0.00000E+00 0.00000E+00 0.00000E+00 0.00000E+00 0.00000E+00 0.00000E+00
 3.84612E+00 7.18016E-01 9.65942E+01 3.84612E+00 7.18016E-01 0.00000E+00 0.00000E+00 0.00000E+00 0.00000E+00 0.00000E+00 0.00000E+00 0.00000E+00
 4.21951E+00 7.14223E-01 9.86517E+01 4.21951E+00 7.14223E-01 1.52229E+00 0.00000E+00 0.00000E+00 0.00000E+00 0.00000E+00 0.00000E+00 0.00000E+00
 4.60568E+00 7.04938E-01 1.00728E+02 4.60568E+00 7.04938E-01 3.94604E+00 0.00000E+00 0.00000E+00 0.00000E+00 0.00000E+00 0.00000E+00 0.00000E+00
 5.00273E+00 6.90855E-01 1.02823E+02 5.00273E+00 6.90855E-01 6.41937E+00 0.00000E+00 0.00000E+00 0.00000E+00 0.00000E+00 0.00000E+00 0.00000E+00
 5.40845E+00 6.72694E-01 1.04934E+02 5.40845E+00 6.72694E-01 8.93789E+00 0.00000E+00 0.00000E+00 0.00000E+00 0.00000E+00 0.00000E+00 0.00000E+00
 5.82054E+00 6.51158E-01 1.07059E+02 5.82054E+00 6.51158E-01 1.14975E+01 0.00000E+00 0.00000E+00 0.00000E+00 0.00000E+00 0.00000E+00 0.00000E+00
 6.23666E+00 6.26889E-01 1.09195E+02 6.23666E+00 6.26889E-01 1.40942E+01 0.00000E+00 0.00000E+00 0.00000E+00 0.00000E+00 0.00000E+00 0.00000E+00
 6.65445E+00 6.00485E-01 1.11340E+02 6.65445E+00 6.00485E-01 1.67242E+01 0.00000E+00 0.00000E+00 0.00000E+00 0.00000E+00 0.00000E+00 0.00000E+00
 7.07152E+00 5.72496E-01 1.13492E+02 7.07152E+00 5.72496E-01 1.93836E+01 0.00000E+00 0.00000E+00 0.00000E+00 0.00000E+00 0.00000E+00 0.00000E+00
 7.48551E+00 5.43419E-01 1.15645E+02 7.48551E+00 5.43419E-01 2.20688E+01 0.00000E+00 0.00000E+00 0.00000E+00 0.00000E+00 0.00000E+00 0.00000E+00
 7.89407E+00 5.13701E-01 1.17797E+02 7.89407E+00 5.13701E-01 2.47759E+01 0.00000E+00 0.00000E+00 0.00000E+00 0.00000E+00 0.00000E+00 0.00000E+00
 8.29496E+00 4.83738E-01 1.19945E+02 8.29496E+00 4.83738E-01 2.75012E+01 0.00000E+00 0.00000E+00 0.00000E+00 0.00000E+00 0.00000E+00 0.00000E+00
 8.68602E+00 4.53873E-01 1.22084E+02 8.68602E+00 4.53873E-01 3.02410E+01 0.00000E+00 0.00000E+00 0.00000E+00 0.00000E+00 0.00000E+00 0.00000E+00
 9.06523E+00 4.24399E-01 1.24211E+02 9.06523E+00 4.24399E-01 3.29914E+01 0.00000E+00 0.00000E+00 0.00000E+00 0.00000E+00 0.00000E+00 0.00000E+00
 9.43041E+00 3.95545E-01 1.26321E+02 9.43041E+00 3.95545E-01 3.57486E+01 0.00000E+00 0.00000E+00 0.00000E+00 0.00000E+00 0.00000E+00 0.00000E+00
 9.77994E+00 3.67531E-01 1.28412E+02 9.77994E+00 3.67531E-01 3.85087E+01 0.00000E+00 0.00000E+00 0.00000E+00 0.00000E+00 0.00000E+00 0.00000E+00
 1.42474E+00 3.91137E-01 6.44723E+01 1.42474E+00 3.91137E-01 0.00000E+00 0.00000E+00 0.00000E+00 0.00000E+00 0.00000E+00 0.00000E+00 0.00000E+00
 1.58688E+00 4.63886E-01 6.61923E+01 1.58688E+00 4.63886E-01 0.00000E+00 0.00000E+00 0.00000E+00 0.00000E+00 0.00000E+00 0.00000E+00 0.00000E+00
 1.77937E+00 5.21813E-01 6.79070E+01 1.77937E+00 5.21813E-01 0.00000E+00 0.00000E+00 0.00000E+00 0.00000E+00 0.00000E+00 0.00000E+00 0.00000E+00
 1.98877E+00 5.67516E-01 6.96175E+01 1.98877E+00 5.67516E-01 0.00000E+00 0.00000E+00 0.00000E+00 0.00000E+00 0.00000E+00 0.00000E+00 0.00000E+00
 2.21469E+00 6.02363E-01 7.13231E+01 2.21469E+00 6.02363E-01 0.00000E+00 0.00000E+00 0.00000E+00 0.00000E+00 0.00000E+00 0.00000E+00 0.00000E+00
 2.45674E+00 6.27490E-01 7.30232E+01 2.45674E+00 6.27490E-01 0.00000E+00 0.00000E+00 0.00000E+00 0.00000E+00 0.00000E+00 0.00000E+00 0.00000E+00
 2.71375E+00 6.44038E-01 7.47178E+01 2.71375E+00 6.44038E-01 6.25839E-01 0.00000E+00 0.00000E+00 0.00000E+00 0.00000E+00 0.00000E+00 0.00000E+00
 2.92170E+00 6.51744E-01 7.60254E+01 2.92170E+00 6.51744E-01 2.00999E+00 0.00000E+00 0.00000E+00 0.00000E+00 0.00000E+00 0.00000E+00 0.00000E+00
 2.97723E+00 6.53282E-01 7.63979E+01 2.97723E+00 6.53282E-01 2.41992E+00 0.00000E+00 0.00000E+00 0.00000E+00 0.00000E+00 0.00000E+00 0.00000E+00
 3.27696E+00 6.55779E-01 7.81766E+01 3.27696E+00 6.55779E-01 4.38843E+00 0.00000E+00 0.00000E+00 0.00000E+00 0.00000E+00 0.00000E+00 0.00000E+00
 3.59707E+00 6.52021E-01 7.99651E+01 3.59707E+00 6.52021E-01 6.39888E+00 0.00000E+00 0.00000E+00 0.00000E+00 0.00000E+00 0.00000E+00 0.00000E+00
 3.92831E+00 6.43047E-01 8.17625E+01 3.92831E+00 6.43047E-01 8.45058E+00 0.00000E+00 0.00000E+00 0.00000E+00 0.00000E+00 0.00000E+00 0.00000E+00
 4.26867E+00 6.29599E-01 8.35676E+01 4.26867E+00 6.29599E-01 1.05395E+01 0.00000E+00 0.00000E+00 0.00000E+00 0.00000E+00 0.00000E+00 0.00000E+00
 4.61634E+00 6.12343E-01 8.53791E+01 4.61634E+00 6.12343E-01 1.26618E+01 0.00000E+00 0.00000E+00 0.00000E+00 0.00000E+00 0.00000E+00 0.00000E+00
 4.96930E+00 5.91955E-01 8.71953E+01 4.96930E+00 5.91955E-01 1.48137E+01 0.00000E+00 0.00000E+00 0.00000E+00 0.00000E+00 0.00000E+00 0.00000E+00
 5.32550E+00 5.69079E-01 8.90141E+01 5.32550E+00 5.69079E-01 1.69916E+01 0.00000E+00 0.00000E+00 0.00000E+00 0.00000E+00 0.00000E+00 0.00000E+00
 5.68290E+00 5.44287E-01 9.08332E+01 5.68290E+00 5.44287E-01 1.91920E+01 0.00000E+00 0.00000E+00 0.00000E+00 0.00000E+00 0.00000E+00 0.00000E+00
 6.03946E+00 5.18102E-01 9.26501E+01 6.03946E+00 5.18102E-01 2.14114E+01 0.00000E+00 0.00000E+00 0.00000E+00 0.00000E+00 0.00000E+00 0.00000E+00
 6.39315E+00 4.90991E-01 9.44619E+01 6.39315E+00 4.90991E-01 2.36464E+01 0.00000E+00 0.00000E+00 0.00000E+00 0.00000E+00 0.00000E+00 0.00000E+00
 6.74200E+00 4.63372E-01 9.62658E+01 6.74200E+00 4.63372E-01 2.58936E+01 0.00000E+00 0.00000E+00 0.00000E+00 0.00000E+00 0.00000E+00 0.00000E+00
 7.08408E+00 4.35611E-01 9.80586E+01 7.08408E+00 4.35611E-01 2.81496E+01 0.00000E+00 0.00000E+00 0.00000E+00 0.00000E+00 0.00000E+00 0.00000E+00
 7.41759E+00 4.08021E-01 9.98373E+01 7.41759E+00 4.08021E-01 3.04109E+01 0.00000E+00 0.00000E+00 0.00000E+00 0.00000E+00 0.00000E+00 0.00000E+00
 7.74083E+00 3.80870E-01 1.01599E+02 7.74083E+00 3.80870E-01 3.26743E+01 0.00000E+00 0.00000E+00 0.00000E+00 0.00000E+00 0.00000E+00 0.00000E+00
 8.05220E+00 3.54380E-01 1.03340E+02 8.05220E+00 3.54380E-01 3.49363E+01 0.00000E+00 0.00000E+00 0.00000E+00 0.00000E+00 0.00000E+00 0.00000E+00
 8.35002E+00 3.28718E-01 1.05057E+02 8.35002E+00 3.28718E-01 3.71934E+01 0.00000E+00 0.00000E+00 0.00000E+00 0.00000E+00 0.00000E+00 0.00000E+00
 8.63308E+00 3.04039E-01 1.06747E+02 8.63308E+00 3.04039E-01 3.94422E+01 0.00000E+00 0.00000E+00 0.00000E+00 0.00000E+00 0.00000E+00 0.00000E+00
 1.38444E+00 4.10106E-01 5.29175E+01 1.38444E+00 4.10106E-01 0.00000E+00 0.00000E+00 0.00000E+00 0.00000E+00 0.00000E+00 0.00000E+00 0.00000E+00
 1.53431E+00 4.70370E-01 5.44776E+01 1.53431E+00 4.70370E-01 0.00000E+00 0.00000E+00 0.00000E+00 0.00000E+00 0.00000E+00 0.00000E+00 0.00000E+00
 1.71195E+00 5.16475E-01 5.60259E+01 1.71195E+00 5.16475E-01 2.13016E-01 0.00000E+00 0.00000E+00 0.00000E+00 0.00000E+00 0.00000E+00 0.00000E+00
 1.90410E+00 5.51136E-01 5.75640E+01 1.90410E+00 5.51136E-01 1.66049E+00 0.00000E+00 0.00000E+00 0.00000E+00 0.00000E+00 0.00000E+00 0.00000E+00
 2.11013E+00 5.75849E-01 5.90911E+01 2.11013E+00 5.75849E-01 3.14822E+00 0.00000E+00 0.00000E+00 0.00000E+00 0.00000E+00 0.00000E+00 0.00000E+00
 2.32932E+00 5.91810E-01 6.06064E+01 2.32932E+00 5.91810E-01 4.66859E+00 0.00000E+00 0.00000E+00 0.00000E+00 0.00000E+00 0.00000E+00 0.00000E+00
 2.56040E+00 6.00228E-01 6.21099E+01 2.56040E+00 6.00228E-01 6.21704E+00 0.00000E+00 0.00000E+00 0.00000E+00 0.00000E+00 0.00000E+00 0.00000E+00
 2.74629E+00 6.02379E-01 6.32657E+01 2.74629E+00 6.02379E-01 7.43265E+00 0.00000E+00 0.00000E+00 0.00000E+00 0.00000E+00 0.00000E+00 0.00000E+00
 2.79559E+00 6.02420E-01 6.35938E+01 2.79559E+00 6.02420E-01 7.79005E+00 0.00000E+00 0.00000E+00 0.00000E+00 0.00000E+00 0.00000E+00 0.00000E+00
 3.06111E+00 5.98616E-01 6.51557E+01 3.06111E+00 5.98616E-01 9.50246E+00 0.00000E+00 0.00000E+00 0.00000E+00 0.00000E+00 0.00000E+00 0.00000E+00
 3.34252E+00 5.89619E-01 6.67178E+01 3.34252E+00 5.89619E-01 1.12427E+01 0.00000E+00 0.00000E+00 0.00000E+00 0.00000E+00 0.00000E+00 0.00000E+00
 3.63137E+00 5.76418E-01 6.82795E+01 3.63137E+00 5.76418E-01 1.30101E+01 0.00000E+00 0.00000E+00 0.00000E+00 0.00000E+00 0.00000E+00 0.00000E+00
 3.92574E+00 5.59719E-01 6.98395E+01 3.92574E+00 5.59719E-01 1.48012E+01 0.00000E+00 0.00000E+00 0.00000E+00 0.00000E+00 0.00000E+00 0.00000E+00
 4.22392E+00 5.40140E-01 7.13964E+01 4.22392E+00 5.40140E-01 1.66125E+01 0.00000E+00 0.00000E+00 0.00000E+00 0.00000E+00 0.00000E+00 0.00000E+00
 4.52408E+00 5.18296E-01 7.29486E+01 4.52408E+00 5.18296E-01 1.84407E+01 0.00000E+00 0.00000E+00 0.00000E+00 0.00000E+00 0.00000E+00 0.00000E+00
 4.82442E+00 4.94759E-01 7.44942E+01 4.82442E+00 4.94759E-01 2.02829E+01 0.00000E+00 0.00000E+00 0.00000E+00 0.00000E+00 0.00000E+00 0.00000E+00
 5.12316E+00 4.70025E-01 7.60313E+01 5.12316E+00 4.70025E-01 2.21359E+01 0.00000E+00 0.00000E+00 0.00000E+00 0.00000E+00 0.00000E+00 0.00000E+00
 5.41857E+00 4.44535E-01 7.75575E+01 5.41857E+00 4.44535E-01 2.39965E+01 0.00000E+00 0.00000E+00 0.00000E+00 0.00000E+00 0.00000E+00 0.00000E+00
 5.70896E+00 4.18675E-01 7.90705E+01 5.70896E+00 4.18675E-01 2.58618E+01 0.00000E+00 0.00000E+00 0.00000E+00 0.00000E+00 0.00000E+00 0.00000E+00
 5.99270E+00 3.92785E-01 8.05678E+01 5.99270E+00 3.92785E-01 2.77288E+01 0.00000E+00 0.00000E+00 0.00000E+00 0.00000E+00 0.00000E+00 0.00000E+00
 6.26828E+00 3.67150E-01 8.20467E+01 6.26828E+00 3.67150E-01 2.95944E+01 0.00000E+00 0.00000E+00 0.00000E+00 0.00000E+00 0.00000E+00 0.00000E+00
 6.53425E+00 3.42011E-01 8.35047E+01 6.53425E+00 3.42011E-01 3.14556E+01 0.00000E+00 0.00000E+00 0.00000E+00 0.00000E+00 0.00000E+00 0.00000E+00
 6.78933E+00 3.17568E-01 8.49391E+01 6.78933E+00 3.17568E-01 3.33095E+01 0.00000E+00 0.00000E+00 0.00000E+00 0.00000E+00 0.00000E+00 0.00000E+00
 7.03232E+00 2.93978E-01 8.63473E+01 7.03232E+00 2.93978E-01 3.51532E+01 0.00000E+00 0.00000E+00 0.00000E+00 0.00000E+00 0.00000E+00 0.00000E+00
 7.26194E+00 2.71353E-01 8.77265E+01 7.26194E+00 2.71353E-01 3.69833E+01 0.00000E+00 0.00000E+00 0.00000E+00 0.00000E+00 0.00000E+00 0.00000E+00
 7.47739E+00 2.49795E-01 8.90742E+01 7.47739E+00 2.49795E-01 3.87973E+01 0.00000E+00 0.00000E+00 0.00000E+00 0.00000E+00 0.00000E+00 0.00000E+00
 1.34779E+00 4.26965E-01 4.39947E+01 1.34779E+00 4.26965E-01 1.93462E+00 0.00000E+00 0.00000E+00 0.00000E+00 0.00000E+00 0.00000E+00 0.00000E+00
 1.48640E+00 4.74612E-01 4.53992E+01 1.48640E+00 4.74612E-01 3.17399E+00 0.00000E+00 0.00000E+00 0.00000E+00 0.00000E+00 0.00000E+00 0.00000E+00
 1.65044E+00 5.09106E-01 4.67864E+01 1.65044E+00 5.09106E-01 4.44573E+00 0.00000E+00 0.00000E+00 0.00000E+00 0.00000E+00 0.00000E+00 0.00000E+00
 1.82689E+00 5.33191E-01 4.81581E+01 1.82689E+00 5.33191E-01 5.74903E+00 0.00000E+00 0.00000E+00 0.00000E+00 0.00000E+00 0.00000E+00 0.00000E+00
 2.01488E+00 5.48422E-01 4.95138E+01 2.01488E+00 5.48422E-01 7.07753E+00 0.00000E+00 0.00000E+00 0.00000E+00 0.00000E+00 0.00000E+00 0.00000E+00
 2.21341E+00 5.56002E-01 5.08525E+01 2.21341E+00 5.56002E-01 8.42510E+00 0.00000E+00 0.00000E+00 0.00000E+00 0.00000E+00 0.00000E+00 0.00000E+00
 2.42116E+00 5.57154E-01 5.21744E+01 2.42116E+00 5.57154E-01 9.78833E+00 0.00000E+00 0.00000E+00 0.00000E+00 0.00000E+00 0.00000E+00 0.00000E+00
 2.58724E+00 5.54441E-01 5.31864E+01 2.58724E+00 5.54441E-01 1.08528E+01 0.00000E+00 0.00000E+00 0.00000E+00 0.00000E+00 0.00000E+00 0.00000E+00
 2.63100E+00 5.53192E-01 5.34725E+01 2.63100E+00 5.53192E-01 1.11634E+01 0.00000E+00 0.00000E+00 0.00000E+00 0.00000E+00 0.00000E+00 0.00000E+00
 2.86598E+00 5.44037E-01 5.48304E+01 2.86598E+00 5.44037E-01 1.26481E+01 0.00000E+00 0.00000E+00 0.00000E+00 0.00000E+00 0.00000E+00 0.00000E+00
 3.11301E+00 5.30737E-01 5.61810E+01 3.11301E+00 5.30737E-01 1.41489E+01 0.00000E+00 0.00000E+00 0.00000E+00 0.00000E+00 0.00000E+00 0.00000E+00
 3.36439E+00 5.14208E-01 5.75238E+01 3.36439E+00 5.14208E-01 1.56651E+01 0.00000E+00 0.00000E+00 0.00000E+00 0.00000E+00 0.00000E+00 0.00000E+00
 3.61835E+00 4.95100E-01 5.88576E+01 3.61835E+00 4.95100E-01 1.71936E+01 0.00000E+00 0.00000E+00 0.00000E+00 0.00000E+00 0.00000E+00 0.00000E+00
 3.87326E+00 4.73964E-01 6.01811E+01 3.87326E+00 4.73964E-01 1.87317E+01 0.00000E+00 0.00000E+00 0.00000E+00 0.00000E+00 0.00000E+00 0.00000E+00
 4.12751E+00 4.51345E-01 6.14927E+01 4.12751E+00 4.51345E-01 2.02763E+01 0.00000E+00 0.00000E+00 0.00000E+00 0.00000E+00 0.00000E+00 0.00000E+00
 4.37957E+00 4.27732E-01 6.27909E+01 4.37957E+00 4.27732E-01 2.18250E+01 0.00000E+00 0.00000E+00 0.00000E+00 0.00000E+00 0.00000E+00 0.00000E+00
 4.62791E+00 4.03541E-01 6.40740E+01 4.62791E+00 4.03541E-01 2.33750E+01 0.00000E+00 0.00000E+00 0.00000E+00 0.00000E+00 0.00000E+00 0.00000E+00
 4.87109E+00 3.79131E-01 6.53401E+01 4.87109E+00 3.79131E-01 2.49236E+01 0.00000E+00 0.00000E+00 0.00000E+00 0.00000E+00 0.00000E+00 0.00000E+00
 5.10774E+00 3.54811E-01 6.65870E+01 5.10774E+00 3.54811E-01 2.64683E+01 0.00000E+00 0.00000E+00 0.00000E+00 0.00000E+00 0.00000E+00 0.00000E+00
 5.33655E+00 3.30840E-01 6.78127E+01 5.33655E+00 3.30840E-01 2.80063E+01 0.00000E+00 0.00000E+00 0.00000E+00 0.00000E+00 0.00000E+00 0.00000E+00
 5.55634E+00 3.07435E-01 6.90151E+01 5.55634E+00 3.07435E-01 2.95352E+01 0.00000E+00 0.00000E+00 0.00000E+00 0.00000E+00 0.00000E+00 0.00000E+00
 5.76604E+00 2.84770E-01 7.01920E+01 5.76604E+00 2.84770E-01 3.10523E+01 0.00000E+00 0.00000E+00 0.00000E+00 0.00000E+00 0.00000E+00 0.00000E+00
 5.96468E+00 2.62981E-01 7.13414E+01 5.96468E+00 2.62981E-01 3.25552E+01 0.00000E+00 0.00000E+00 0.00000E+00 0.00000E+00 0.00000E+00 0.00000E+00
 6.15143E+00 2.42171E-01 7.24611E+01 6.15143E+00 2.42171E-01 3.40413E+01 0.00000E+00 0.00000E+00 0.00000E+00 0.00000E+00 0.00000E+00 0.00000E+00
 6.32535E+00 2.22406E-01 7.35487E+01 6.32535E+00 2.22406E-01 3.55079E+01 0.00000E+00 0.00000E+00 0.00000E+00 0.00000E+00 0.00000E+00 0.00000E+00
 6.48597E+00 2.03741E-01 7.46024E+01 6.48597E+00 2.03741E-01 3.69528E+01 0.00000E+00 0.00000E+00 0.00000E+00 0.00000E+00 0.00000E+00 0.00000E+00
 1.31182E+00 4.40509E-01 3.69817E+01 1.31182E+00 4.40509E-01 4.95634E+00 0.00000E+00 0.00000E+00 0.00000E+00 0.00000E+00 0.00000E+00 0.00000E+00
 1.44019E+00 4.75668E-01 3.82419E+01 1.44019E+00 4.75668E-01 6.08806E+00 0.00000E+00 0.00000E+00 0.00000E+00 0.00000E+00 0.00000E+00 0.00000E+00
 1.59166E+00 4.98992E-01 3.94797E+01 1.59166E+00 4.98992E-01 7.23768E+00 0.00000E+00 0.00000E+00 0.00000E+00 0.00000E+00 0.00000E+00 0.00000E+00
 1.75351E+00 5.13161E-01 4.06973E+01 1.75351E+00 5.13161E-01 8.40520E+00 0.00000E+00 0.00000E+00 0.00000E+00 0.00000E+00 0.00000E+00 0.00000E+00
 1.92465E+00 5.19720E-01 4.18944E+01 1.92465E+00 5.19720E-01 9.58573E+00 0.00000E+00 0.00000E+00 0.00000E+00 0.00000E+00 0.00000E+00 0.00000E+00
 2.10389E+00 5.19832E-01 4.30701E+01 2.10389E+00 5.19832E-01 1.07744E+01 0.00000E+00 0.00000E+00 0.00000E+00 0.00000E+00 0.00000E+00 0.00000E+00
 2.28987E+00 5.14682E-01 4.42247E+01 2.28987E+00 5.14682E-01 1.19686E+01 0.00000E+00 0.00000E+00 0.00000E+00 0.00000E+00 0.00000E+00 0.00000E+00
 2.43750E+00 5.07851E-01 4.51047E+01 2.43750E+00 5.07851E-01 1.28959E+01 0.00000E+00 0.00000E+00 0.00000E+00 0.00000E+00 0.00000E+00 0.00000E+00
 2.47611E+00 5.05530E-01 4.53522E+01 2.47611E+00 5.05530E-01 1.31646E+01 0.00000E+00 0.00000E+00 0.00000E+00 0.00000E+00 0.00000E+00 0.00000E+00
 2.68276E+00 4.92021E-01 4.65234E+01 2.68276E+00 4.92021E-01 1.44451E+01 0.00000E+00 0.00000E+00 0.00000E+00 0.00000E+00 0.00000E+00 0.00000E+00
 2.89803E+00 4.75377E-01 4.76813E+01 2.89803E+00 4.75377E-01 1.57322E+01 0.00000E+00 0.00000E+00 0.00000E+00 0.00000E+00 0.00000E+00 0.00000E+00
 3.11498E+00 4.56421E-01 4.88256E+01 3.11498E+00 4.56421E-01 1.70251E+01 0.00000E+00 0.00000E+00 0.00000E+00 0.00000E+00 0.00000E+00 0.00000E+00
 3.33199E+00 4.35726E-01 4.99552E+01 3.33199E+00 4.35726E-01 1.83212E+01 0.00000E+00 0.00000E+00 0.00000E+00 0.00000E+00 0.00000E+00 0.00000E+00
 3.54760E+00 4.13771E-01 5.10689E+01 3.54760E+00 4.13771E-01 1.96182E+01 0.00000E+00 0.00000E+00 0.00000E+00 0.00000E+00 0.00000E+00 0.00000E+00
 3.76042E+00 3.91014E-01 5.21653E+01 3.76042E+00 3.91014E-01 2.09136E+01 0.00000E+00 0.00000E+00 0.00000E+00 0.00000E+00 0.00000E+00 0.00000E+00
 3.96916E+00 3.67861E-01 5.32434E+01 3.96916E+00 3.67861E-01 2.22053E+01 0.00000E+00 0.00000E+00 0.00000E+00 0.00000E+00 0.00000E+00 0.00000E+00
 4.17258E+00 3.44645E-01 5.43015E+01 4.17258E+00 3.44645E-01 2.34909E+01 0.00000E+00 0.00000E+00 0.00000E+00 0.00000E+00 0.00000E+00 0.00000E+00
 4.36952E+00 3.21645E-01 5.53381E+01 4.36952E+00 3.21645E-01 2.47682E+01 0.00000E+00 0.00000E+00 0.00000E+00 0.00000E+00 0.00000E+00 0.00000E+00
 4.55890E+00 2.99095E-01 5.63516E+01 4.55890E+00 2.99095E-01 2.60351E+01 0.00000E+00 0.00000E+00 0.00000E+00 0.00000E+00 0.00000E+00 0.00000E+00
 4.73973E+00 2.77184E-01 5.73402E+01 4.73973E+00 2.77184E-01 2.72892E+01 0.00000E+00 0.00000E+00 0.00000E+00 0.00000E+00 0.00000E+00 0.00000E+00
 4.91114E+00 2.56063E-01 5.83023E+01 4.91114E+00 2.56063E-01 2.85284E+01 0.00000E+00 0.00000E+00 0.00000E+00 0.00000E+00 0.00000E+00 0.00000E+00
 5.07237E+00 2.35847E-01 5.92362E+01 5.07237E+00 2.35847E-01 2.97506E+01 0.00000E+00 0.00000E+00 0.00000E+00 0.00000E+00 0.00000E+00 0.00000E+00
 5.22275E+00 2.16619E-01 6.01402E+01 5.22275E+00 2.16619E-01 3.09538E+01 0.00000E+00 0.00000E+00 0.00000E+00 0.00000E+00 0.00000E+00 0.00000E+00
 5.36176E+00 1.98437E-01 6.10127E+01 5.36176E+00 1.98437E-01 3.21358E+01 0.00000E+00 0.00000E+00 0.00000E+00 0.00000E+00 0.00000E+00 0.00000E+00
 5.48876E+00 1.81325E-01 6.18518E+01 5.48876E+00 1.81325E-01 3.32945E+01 0.00000E+00 0.00000E+00 0.00000E+00 0.00000E+00 0.00000E+00 0.00000E+00
 5.60355E+00 1.65305E-01 6.26563E+01 5.60355E+00 1.65305E-01 3.44280E+01 0.00000E+00 0.00000E+00 0.00000E+00 0.00000E+00 0.00000E+00 0.00000E+00
 1.27708E+00 4.49527E-01 3.14178E+01 1.27708E+00 4.49527E-01 6.90654E+00 0.00000E+00 0.00000E+00 0.00000E+00 0.00000E+00 0.00000E+00 0.00000E+00
 1.39639E+00 4.72655E-01 3.25447E+01 1.39639E+00 4.72655E-01 7.93492E+00 0.00000E+00 0.00000E+00 0.00000E+00 0.00000E+00 0.00000E+00 0.00000E+00
 1.53643E+00 4.85521E-01 3.36446E+01 1.53643E+00 4.85521E-01 8.96936E+00 0.00000E+00 0.00000E+00 0.00000E+00 0.00000E+00 0.00000E+00 0.00000E+00
 1.68485E+00 4.90656E-01 3.47200E+01 1.68485E+00 4.90656E-01 1.00105E+01 0.00000E+00 0.00000E+00 0.00000E+00 0.00000E+00 0.00000E+00 0.00000E+00
 1.84043E+00 4.89525E-01 3.57712E+01 1.84043E+00 4.89525E-01 1.10547E+01 0.00000E+00 0.00000E+00 0.00000E+00 0.00000E+00 0.00000E+00 0.00000E+00
 2.00183E+00 4.83209E-01 3.67972E+01 2.00183E+00 4.83209E-01 1.20981E+01 0.00000E+00 0.00000E+00 0.00000E+00 0.00000E+00 0.00000E+00 0.00000E+00
 2.16769E+00 4.72802E-01 3.77986E+01 2.16769E+00 4.72802E-01 1.31390E+01 0.00000E+00 0.00000E+00 0.00000E+00 0.00000E+00 0.00000E+00 0.00000E+00
 2.29832E+00 4.62640E-01 3.85579E+01 2.29832E+00 4.62640E-01 1.39426E+01 0.00000E+00 0.00000E+00 0.00000E+00 0.00000E+00 0.00000E+00 0.00000E+00
 2.33221E+00 4.59474E-01 3.87704E+01 2.33221E+00 4.59474E-01 1.41737E+01 0.00000E+00 0.00000E+00 0.00000E+00 0.00000E+00 0.00000E+00 0.00000E+00
 2.51288E+00 4.42626E-01 3.97718E+01 2.51288E+00 4.42626E-01 1.52718E+01 0.00000E+00 0.00000E+00 0.00000E+00 0.00000E+00 0.00000E+00 0.00000E+00
 2.69916E+00 4.23588E-01 4.07552E+01 2.69916E+00 4.23588E-01 1.63687E+01 0.00000E+00 0.00000E+00 0.00000E+00 0.00000E+00 0.00000E+00 0.00000E+00
 2.88490E+00 4.03072E-01 4.17206E+01 2.88490E+00 4.03072E-01 1.74638E+01 0.00000E+00 0.00000E+00 0.00000E+00 0.00000E+00 0.00000E+00 0.00000E+00
 3.06864E+00 3.81564E-01 4.26669E+01 3.06864E+00 3.81564E-01 1.85550E+01 0.00000E+00 0.00000E+00 0.00000E+00 0.00000E+00 0.00000E+00 0.00000E+00
 3.24911E+00 3.59459E-01 4.35932E+01 3.24911E+00 3.59459E-01 1.96402E+01 0.00000E+00 0.00000E+00 0.00000E+00 0.00000E+00 0.00000E+00 0.00000E+00
 3.42516E+00 3.37129E-01 4.44985E+01 3.42516E+00 3.37129E-01 2.07174E+01 0.00000E+00 0.00000E+00 0.00000E+00 0.00000E+00 0.00000E+00 0.00000E+00
 3.59576E+00 3.14892E-01 4.53817E+01 3.59576E+00 3.14892E-01 2.17850E+01 0.00000E+00 0.00000E+00 0.00000E+00 0.00000E+00 0.00000E+00 0.00000E+00
 3.75993E+00 2.93002E-01 4.62418E+01 3.75993E+00 2.93002E-01 2.28410E+01 0.00000E+00 0.00000E+00 0.00000E+00 0.00000E+00 0.00000E+00 0.00000E+00
 3.91678E+00 2.71663E-01 4.70776E+01 3.91678E+00 2.71663E-01 2.38836E+01 0.00000E+00 0.00000E+00 0.00000E+00 0.00000E+00 0.00000E+00 0.00000E+00
 4.06550E+00 2.51039E-01 4.78876E+01 4.06550E+00 2.51039E-01 2.49109E+01 0.00000E+00 0.00000E+00 0.00000E+00 0.00000E+00 0.00000E+00 0.00000E+00
 4.20541E+00 2.31257E-01 4.86707E+01 4.20541E+00 2.31257E-01 2.59212E+01 0.00000E+00 0.00000E+00 0.00000E+00 0.00000E+00 0.00000E+00 0.00000E+00
 4.33589E+00 2.12410E-01 4.94255E+01 4.33589E+00 2.12410E-01 2.69127E+01 0.00000E+00 0.00000E+00 0.00000E+00 0.00000E+00 0.00000E+00 0.00000E+00
 4.45645E+00 1.94565E-01 5.01508E+01 4.45645E+00 1.94565E-01 2.78837E+01 0.00000E+00 0.00000E+00 0.00000E+00 0.00000E+00 0.00000E+00 0.00000E+00
 4.56671E+00 1.77760E-01 5.08453E+01 4.56671E+00 1.77760E-01 2.88326E+01 0.00000E+00 0.00000E+00 0.00000E+00 0.00000E+00 0.00000E+00 0.00000E+00
 4.66638E+00 1.62014E-01 5.15080E+01 4.66638E+00 1.62014E-01 2.97579E+01 0.00000E+00 0.00000E+00 0.00000E+00 0.00000E+00 0.00000E+00 0.00000E+00
 4.75507E+00 1.47324E-01 5.21372E+01 4.75507E+00 1.47324E-01 3.06575E+01 0.00000E+00 0.00000E+00 0.00000E+00 0.00000E+00 0.00000E+00 0.00000E+00
 4.83279E+00 1.33682E-01 5.27322E+01 4.83279E+00 1.33682E-01 3.15302E+01 0.00000E+00 0.00000E+00 0.00000E+00 0.00000E+00 0.00000E+00 0.00000E+00
 1.24454E+00 4.53300E-01 2.69607E+01 1.24454E+00 4.53300E-01 8.08319E+00 0.00000E+00 0.00000E+00 0.00000E+00 0.00000E+00 0.00000E+00 0.00000E+00
 1.35594E+00 4.65149E-01 2.79655E+01 1.35594E+00 4.65149E-01 9.01277E+00 0.00000E+00 0.00000E+00 0.00000E+00 0.00000E+00 0.00000E+00 0.00000E+00
 1.48562E+00 4.68484E-01 2.89391E+01 1.48562E+00 4.68484E-01 9.93875E+00 0.00000E+00 0.00000E+00 0.00000E+00 0.00000E+00 0.00000E+00 0.00000E+00
 1.62172E+00 4.65609E-01 2.98844E+01 1.62172E+00 4.65609E-01 1.08623E+01 0.00000E+00 0.00000E+00 0.00000E+00 0.00000E+00 0.00000E+00 0.00000E+00
 1.76294E+00 4.57856E-01 3.08020E+01 1.76294E+00 4.57856E-01 1.17810E+01 0.00000E+00 0.00000E+00 0.00000E+00 0.00000E+00 0.00000E+00 0.00000E+00
 1.90788E+00 4.46185E-01 3.16914E+01 1.90788E+00 4.46185E-01 1.26917E+01 0.00000E+00 0.00000E+00 0.00000E+00 0.00000E+00 0.00000E+00 0.00000E+00
 2.05525E+00 4.31563E-01 3.25536E+01 2.05525E+00 4.31563E-01 1.35935E+01 0.00000E+00 0.00000E+00 0.00000E+00 0.00000E+00 0.00000E+00 0.00000E+00
 2.17029E+00 4.18831E-01 3.32033E+01 2.17029E+00 4.18831E-01 1.42855E+01 0.00000E+00 0.00000E+00 0.00000E+00 0.00000E+00 0.00000E+00 0.00000E+00
 2.19989E+00 4.15035E-01 3.33839E+01 2.19989E+00 4.15035E-01 1.44830E+01 0.00000E+00 0.00000E+00 0.00000E+00 0.00000E+00 0.00000E+00 0.00000E+00
 2.35693E+00 3.95800E-01 3.42319E+01 2.35693E+00 3.95800E-01 1.54182E+01 0.00000E+00 0.00000E+00 0.00000E+00 0.00000E+00 0.00000E+00 0.00000E+00
 2.51707E+00 3.75231E-01 3.50584E+01 2.51707E+00 3.75231E-01 1.63461E+01 0.00000E+00 0.00000E+00 0.00000E+00 0.00000E+00 0.00000E+00 0.00000E+00
 2.67488E+00 3.53923E-01 3.58635E+01 2.67488E+00 3.53923E-01 1.72661E+01 0.00000E+00 0.00000E+00 0.00000E+00 0.00000E+00 0.00000E+00 0.00000E+00
 2.82913E+00 3.32267E-01 3.66464E+01 2.82913E+00 3.32267E-01 1.81768E+01 0.00000E+00 0.00000E+00 0.00000E+00 0.00000E+00 0.00000E+00 0.00000E+00
 2.97874E+00 3.10571E-01 3.74064E+01 2.97874E+00 3.10571E-01 1.90763E+01 0.00000E+00 0.00000E+00 0.00000E+00 0.00000E+00 0.00000E+00 0.00000E+00
 3.12281E+00 2.89121E-01 3.81428E+01 3.12281E+00 2.89121E-01 1.99632E+01 0.00000E+00 0.00000E+00 0.00000E+00 0.00000E+00 0.00000E+00 0.00000E+00
 3.26056E+00 2.68151E-01 3.88549E+01 3.26056E+00 2.68151E-01 2.08359E+01 0.00000E+00 0.00000E+00 0.00000E+00 0.00000E+00 0.00000E+00 0.00000E+00
 3.39125E+00 2.47839E-01 3.95418E+01 3.39125E+00 2.47839E-01 2.16932E+01 0.00000E+00 0.00000E+00 0.00000E+00 0.00000E+00 0.00000E+00 0.00000E+00
 3.51424E+00 2.28321E-01 4.02028E+01 3.51424E+00 2.28321E-01 2.25334E+01 0.00000E+00 0.00000E+00 0.00000E+00 0.00000E+00 0.00000E+00 0.00000E+00
 3.62898E+00 2.09702E-01 4.08368E+01 3.62898E+00 2.09702E-01 2.33552E+01 0.00000E+00 0.00000E+00 0.00000E+00 0.00000E+00 0.00000E+00 0.00000E+00
 3.73502E+00 1.92052E-01 4.14429E+01 3.73502E+00 1.92052E-01 2.41572E+01 0.00000E+00 0.00000E+00 0.00000E+00 0.00000E+00 0.00000E+00 0.00000E+00
 3.83199E+00 1.75419E-01 4.20202E+01 3.83199E+00 1.75419E-01 2.49380E+01 0.00000E+00 0.00000E+00 0.00000E+00 0.00000E+00 0.00000E+00 0.00000E+00
 3.91963E+00 1.59826E-01 4.25679E+01 3.91963E+00 1.59826E-01 2.56963E+01 0.00000E+00 0.00000E+00 0.00000E+00 0.00000E+00 0.00000E+00 0.00000E+00
 3.99775E+00 1.45278E-01 4.30850E+01 3.99775E+00 1.45278E-01 2.64308E+01 0.00000E+00 0.00000E+00 0.00000E+00 0.00000E+00 0.00000E+00 0.00000E+00
 4.06625E+00 1.31764E-01 4.35710E+01 4.06625E+00 1.31764E-01 2.71405E+01 0.00000E+00 0.00000E+00 0.00000E+00 0.00000E+00 0.00000E+00 0.00000E+00
 4.12497E+00 1.19259E-01 4.40245E+01 4.12497E+00 1.19259E-01 2.78238E+01 0.00000E+00 0.00000E+00 0.00000E+00 0.00000E+00 0.00000E+00 0.00000E+00
 4.17406E+00 1.07734E-01 4.44453E+01 4.17406E+00 1.07734E-01 2.84799E+01 0.00000E+00 0.00000E+00 0.00000E+00 0.00000E+00 0.00000E+00 0.00000E+00
 1.21496E+00 4.50920E-01 2.33513E+01 1.21496E+00 4.50920E-01 8.69740E+00 0.00000E+00 0.00000E+00 0.00000E+00 0.00000E+00 0.00000E+00 0.00000E+00
 1.31966E+00 4.52614E-01 2.42432E+01 1.31966E+00 4.52614E-01 9.53499E+00 0.00000E+00 0.00000E+00 0.00000E+00 0.00000E+00 0.00000E+00 0.00000E+00
 1.44013E+00 4.47630E-01 2.51003E+01 1.44013E+00 4.47630E-01 1.03610E+01 0.00000E+00 0.00000E+00 0.00000E+00 0.00000E+00 0.00000E+00 0.00000E+00
 1.56509E+00 4.37987E-01 2.59261E+01 1.56509E+00 4.37987E-01 1.11773E+01 0.00000E+00 0.00000E+00 0.00000E+00 0.00000E+00 0.00000E+00 0.00000E+00
 1.69325E+00 4.24832E-01 2.67215E+01 1.69325E+00 4.24832E-01 1.19821E+01 0.00000E+00 0.00000E+00 0.00000E+00 0.00000E+00 0.00000E+00 0.00000E+00
 1.82319E+00 4.08976E-01 2.74865E+01 1.82319E+00 4.08976E-01 1.27734E+01 0.00000E+00 0.00000E+00 0.00000E+00 0.00000E+00 0.00000E+00 0.00000E+00
 1.95374E+00 3.91234E-01 2.82224E+01 1.95374E+00 3.91234E-01 1.35507E+01 0.00000E+00 0.00000E+00 0.00000E+00 0.00000E+00 0.00000E+00 0.00000E+00
 2.05464E+00 3.76712E-01 2.87732E+01 2.05464E+00 3.76712E-01 1.41432E+01 0.00000E+00 0.00000E+00 0.00000E+00 0.00000E+00 0.00000E+00 0.00000E+00
 2.08037E+00 3.72501E-01 2.89252E+01 2.08037E+00 3.72501E-01 1.43109E+01 0.00000E+00 0.00000E+00 0.00000E+00 0.00000E+00 0.00000E+00 0.00000E+00
 2.21612E+00 3.51816E-01 2.96355E+01 2.21612E+00 3.51816E-01 1.51023E+01 0.00000E+00 0.00000E+00 0.00000E+00 0.00000E+00 0.00000E+00 0.00000E+00
 2.35282E+00 3.30542E-01 3.03219E+01 2.35282E+00 3.30542E-01 1.58817E+01 0.00000E+00 0.00000E+00 0.00000E+00 0.00000E+00 0.00000E+00 0.00000E+00
 2.48578E+00 3.09151E-01 3.09846E+01 2.48578E+00 3.09151E-01 1.66487E+01 0.00000E+00 0.00000E+00 0.00000E+00 0.00000E+00 0.00000E+00 0.00000E+00
 2.61398E+00 2.87939E-01 3.16233E+01 2.61398E+00 2.87939E-01 1.74022E+01 0.00000E+00 0.00000E+00 0.00000E+00 0.00000E+00 0.00000E+00 0.00000E+00
 2.73657E+00 2.67131E-01 3.22373E+01 2.73657E+00 2.67131E-01 1.81407E+01 0.00000E+00 0.00000E+00 0.00000E+00 0.00000E+00 0.00000E+00 0.00000E+00
 2.85285E+00 2.46927E-01 3.28262E+01 2.85285E+00 2.46927E-01 1.88631E+01 0.00000E+00 0.00000E+00 0.00000E+00 0.00000E+00 0.00000E+00 0.00000E+00
 2.96230E+00 2.27486E-01 3.33896E+01 2.96230E+00 2.27486E-01 1.95685E+01 0.00000E+00 0.00000E+00 0.00000E+00 0.00000E+00 0.00000E+00 0.00000E+00
 3.06440E+00 2.08919E-01 3.39271E+01 3.06440E+00 2.08919E-01 2.02557E+01 0.00000E+00 0.00000E+00 0.00000E+00 0.00000E+00 0.00000E+00 0.00000E+00
 3.15873E+00 1.91304E-01 3.44380E+01 3.15873E+00 1.91304E-01 2.09236E+01 0.00000E+00 0.00000E+00 0.00000E+00 0.00000E+00 0.00000E+00 0.00000E+00
 3.24497E+00 1.74694E-01 3.49217E+01 3.24497E+00 1.74694E-01 2.15712E+01 0.00000E+00 0.00000E+00 0.00000E+00 0.00000E+00 0.00000E+00 0.00000E+00
 3.32286E+00 1.59115E-01 3.53777E+01 3.32286E+00 1.59115E-01 2.21974E+01 0.00000E+00 0.00000E+00 0.00000E+00 0.00000E+00 0.00000E+00 0.00000E+00
 3.39225E+00 1.44576E-01 3.58053E+01 3.39225E+00 1.44576E-01 2.28011E+01 0.00000E+00 0.00000E+00 0.00000E+00 0.00000E+00 0.00000E+00 0.00000E+00
 3.45305E+00 1.31070E-01 3.62041E+01 3.45305E+00 1.31070E-01 2.33816E+01 0.00000E+00 0.00000E+00 0.00000E+00 0.00000E+00 0.00000E+00 0.00000E+00
 3.50524E+00 1.18574E-01 3.65735E+01 3.50524E+00 1.18574E-01 2.39379E+01 0.00000E+00 0.00000E+00 0.00000E+00 0.00000E+00 0.00000E+00 0.00000E+00
 3.54888E+00 1.07057E-01 3.69131E+01 3.54888E+00 1.07057E-01 2.44692E+01 0.00000E+00 0.00000E+00 0.00000E+00 0.00000E+00 0.00000E+00 0.00000E+00
 3.58394E+00 9.64796E-02 3.72222E+01 3.58394E+00 9.64796E-02 2.49743E+01 0.00000E+00 0.00000E+00 0.00000E+00 0.00000E+00 0.00000E+00 0.00000E+00
 3.61071E+00 8.67973E-02 3.75007E+01 3.61071E+00 8.67973E-02 2.54530E+01 0.00000E+00 0.00000E+00 0.00000E+00 0.00000E+00 0.00000E+00 0.00000E+00
 1.18896E+00 4.42077E-01 2.03898E+01 1.18896E+00 4.42077E-01 8.91569E+00 0.00000E+00 0.00000E+00 0.00000E+00 0.00000E+00 0.00000E+00 0.00000E+00
 1.28801E+00 4.35020E-01 2.11768E+01 1.28801E+00 4.35020E-01 9.66787E+00 0.00000E+00 0.00000E+00 0.00000E+00 0.00000E+00 0.00000E+00 0.00000E+00
 1.40023E+00 4.23120E-01 2.19266E+01 1.40023E+00 4.23120E-01 1.04020E+01 0.00000E+00 0.00000E+00 0.00000E+00 0.00000E+00 0.00000E+00 0.00000E+00
 1.51505E+00 4.08062E-01 2.26428E+01 1.51505E+00 4.08062E-01 1.11204E+01 0.00000E+00 0.00000E+00 0.00000E+00 0.00000E+00 0.00000E+00 0.00000E+00
 1.63123E+00 3.90784E-01 2.33269E+01 1.63123E+00 3.90784E-01 1.18223E+01 0.00000E+00 0.00000E+00 0.00000E+00 0.00000E+00 0.00000E+00 0.00000E+00
 1.74743E+00 3.71925E-01 2.39791E+01 1.74743E+00 3.71925E-01 1.25062E+01 0.00000E+00 0.00000E+00 0.00000E+00 0.00000E+00 0.00000E+00 0.00000E+00
 1.86260E+00 3.52130E-01 2.46010E+01 1.86260E+00 3.52130E-01 1.31722E+01 0.00000E+00 0.00000E+00 0.00000E+00 0.00000E+00 0.00000E+00 0.00000E+00
 1.95063E+00 3.36561E-01 2.50631E+01 1.95063E+00 3.36561E-01 1.36763E+01 0.00000E+00 0.00000E+00 0.00000E+00 0.00000E+00 0.00000E+00 0.00000E+00
 1.97285E+00 3.32135E-01 2.51895E+01 1.97285E+00 3.32135E-01 1.38177E+01 0.00000E+00 0.00000E+00 0.00000E+00 0.00000E+00 0.00000E+00 0.00000E+00
 2.08935E+00 3.10866E-01 2.57772E+01 2.08935E+00 3.10866E-01 1.44824E+01 0.00000E+00 0.00000E+00 0.00000E+00 0.00000E+00 0.00000E+00 0.00000E+00
 2.20504E+00 2.89625E-01 2.63396E+01 2.20504E+00 2.89625E-01 1.51316E+01 0.00000E+00 0.00000E+00 0.00000E+00 0.00000E+00 0.00000E+00 0.00000E+00
 2.31589E+00 2.68765E-01 2.68771E+01 2.31589E+00 2.68765E-01 1.57651E+01 0.00000E+00 0.00000E+00 0.00000E+00 0.00000E+00 0.00000E+00 0.00000E+00
 2.42112E+00 2.48491E-01 2.73894E+01 2.42112E+00 2.48491E-01 1.63822E+01 0.00000E+00 0.00000E+00 0.00000E+00 0.00000E+00 0.00000E+00 0.00000E+00
 2.52008E+00 2.28949E-01 2.78764E+01 2.52008E+00 2.28949E-01 1.69817E+01 0.00000E+00 0.00000E+00 0.00000E+00 0.00000E+00 0.00000E+00 0.00000E+00
 2.61229E+00 2.10265E-01 2.83377E+01 2.61229E+00 2.10265E-01 1.75630E+01 0.00000E+00 0.00000E+00 0.00000E+00 0.00000E+00 0.00000E+00 0.00000E+00
 2.69745E+00 1.92530E-01 2.87734E+01 2.69745E+00 1.92530E-01 1.81253E+01 0.00000E+00 0.00000E+00 0.00000E+00 0.00000E+00 0.00000E+00 0.00000E+00
 2.77524E+00 1.75798E-01 2.91831E+01 2.77524E+00 1.75798E-01 1.86678E+01 0.00000E+00 0.00000E+00 0.00000E+00 0.00000E+00 0.00000E+00 0.00000E+00
 2.84544E+00 1.60101E-01 2.95667E+01 2.84544E+00 1.60101E-01 1.91899E+01 0.00000E+00 0.00000E+00 0.00000E+00 0.00000E+00 0.00000E+00 0.00000E+00
 2.90791E+00 1.45447E-01 2.99236E+01 2.90791E+00 1.45447E-01 1.96907E+01 0.00000E+00 0.00000E+00 0.00000E+00 0.00000E+00 0.00000E+00 0.00000E+00
 2.96257E+00 1.31832E-01 3.02537E+01 2.96257E+00 1.31832E-01 2.01696E+01 0.00000E+00 0.00000E+00 0.00000E+00 0.00000E+00 0.00000E+00 0.00000E+00
 3.00943E+00 1.19234E-01 3.05566E+01 3.00943E+00 1.19234E-01 2.06259E+01 0.00000E+00 0.00000E+00 0.00000E+00 0.00000E+00 0.00000E+00 0.00000E+00
 3.04854E+00 1.07623E-01 3.08322E+01 3.04854E+00 1.07623E-01 2.10589E+01 0.00000E+00 0.00000E+00 0.00000E+00 0.00000E+00 0.00000E+00 0.00000E+00
 3.08001E+00 9.69603E-02 3.10802E+01 3.08001E+00 9.69603E-02 2.14682E+01 0.00000E+00 0.00000E+00 0.00000E+00 0.00000E+00 0.00000E+00 0.00000E+00
 3.10401E+00 8.72002E-02 3.13004E+01 3.10401E+00 8.72002E-02 2.18532E+01 0.00000E+00 0.00000E+00 0.00000E+00 0.00000E+00 0.00000E+00 0.00000E+00
 3.12064E+00 7.82934E-02 3.14925E+01 3.12064E+00 7.82934E-02 2.22132E+01 0.00000E+00 0.00000E+00 0.00000E+00 0.00000E+00 0.00000E+00 0.00000E+00
 3.13023E+00 7.01891E-02 3.16567E+01 3.13023E+00 7.01891E-02 2.25480E+01 0.00000E+00 0.00000E+00 0.00000E+00 0.00000E+00 0.00000E+00 0.00000E+00
 1.16571E+00 4.27125E-01 1.79346E+01 1.16571E+00 4.27125E-01 8.90895E+00 0.00000E+00 0.00000E+00 0.00000E+00 0.00000E+00 0.00000E+00 0.00000E+00
 1.25961E+00 4.12951E-01 1.86283E+01 1.25961E+00 4.12951E-01 9.58169E+00 0.00000E+00 0.00000E+00 0.00000E+00 0.00000E+00 0.00000E+00 0.00000E+00
 1.36380E+00 3.95670E-01 1.92825E+01 1.36380E+00 3.95670E-01 1.02313E+01 0.00000E+00 0.00000E+00 0.00000E+00 0.00000E+00 0.00000E+00 0.00000E+00
 1.46858E+00 3.76615E-01 1.99015E+01 1.46858E+00 3.76615E-01 1.08605E+01 0.00000E+00 0.00000E+00 0.00000E+00 0.00000E+00 0.00000E+00 0.00000E+00
 1.57284E+00 3.56495E-01 2.04870E+01 1.57284E+00 3.56495E-01 1.14692E+01 0.00000E+00 0.00000E+00 0.00000E+00 0.00000E+00 0.00000E+00 0.00000E+00
 1.67540E+00 3.35778E-01 2.10397E+01 1.67540E+00 3.35778E-01 1.20566E+01 0.00000E+00 0.00000E+00 0.00000E+00 0.00000E+00 0.00000E+00 0.00000E+00
 1.77541E+00 3.14932E-01 2.15614E+01 1.77541E+00 3.14932E-01 1.26235E+01 0.00000E+00 0.00000E+00 0.00000E+00 0.00000E+00 0.00000E+00 0.00000E+00
 1.85081E+00 2.98993E-01 2.19456E+01 1.85081E+00 2.98993E-01 1.30490E+01 0.00000E+00 0.00000E+00 0.00000E+00 0.00000E+00 0.00000E+00 0.00000E+00
 1.86962E+00 2.94532E-01 2.20496E+01 1.86962E+00 2.94532E-01 1.31674E+01 0.00000E+00 0.00000E+00 0.00000E+00 0.00000E+00 0.00000E+00 0.00000E+00
 1.96744E+00 2.73437E-01 2.25307E+01 1.96744E+00 2.73437E-01 1.37209E+01 0.00000E+00 0.00000E+00 0.00000E+00 0.00000E+00 0.00000E+00 0.00000E+00
 2.06293E+00 2.52852E-01 2.29855E+01 2.06293E+00 2.52852E-01 1.42565E+01 0.00000E+00 0.00000E+00 0.00000E+00 0.00000E+00 0.00000E+00 0.00000E+00
 2.15274E+00 2.33019E-01 2.34149E+01 2.15274E+00 2.33019E-01 1.47742E+01 0.00000E+00 0.00000E+00 0.00000E+00 0.00000E+00 0.00000E+00 0.00000E+00
 2.23633E+00 2.14060E-01 2.38189E+01 2.23633E+00 2.14060E-01 1.52735E+01 0.00000E+00 0.00000E+00 0.00000E+00 0.00000E+00 0.00000E+00 0.00000E+00
 2.31326E+00 1.96052E-01 2.41974E+01 2.31326E+00 1.96052E-01 1.57537E+01 0.00000E+00 0.00000E+00 0.00000E+00 0.00000E+00 0.00000E+00 0.00000E+00
 2.38328E+00 1.79056E-01 2.45504E+01 2.38328E+00 1.79056E-01 1.62143E+01 0.00000E+00 0.00000E+00 0.00000E+00 0.00000E+00 0.00000E+00 0.00000E+00
 2.44626E+00 1.63109E-01 2.48782E+01 2.44626E+00 1.63109E-01 1.66551E+01 0.00000E+00 0.00000E+00 0.00000E+00 0.00000E+00 0.00000E+00 0.00000E+00
 2.50209E+00 1.48219E-01 2.51807E+01 2.50209E+00 1.48219E-01 1.70754E+01 0.00000E+00 0.00000E+00 0.00000E+00 0.00000E+00 0.00000E+00 0.00000E+00
 2.55072E+00 1.34379E-01 2.54579E+01 2.55072E+00 1.34379E-01 1.74749E+01 0.00000E+00 0.00000E+00 0.00000E+00 0.00000E+00 0.00000E+00 0.00000E+00
 2.59217E+00 1.21571E-01 2.57097E+01 2.59217E+00 1.21571E-01 1.78531E+01 0.00000E+00 0.00000E+00 0.00000E+00 0.00000E+00 0.00000E+00 0.00000E+00
 2.62651E+00 1.09762E-01 2.59361E+01 2.62651E+00 1.09762E-01 1.82096E+01 0.00000E+00 0.00000E+00 0.00000E+00 0.00000E+00 0.00000E+00 0.00000E+00
 2.65387E+00 9.89131E-02 2.61370E+01 2.65387E+00 9.89131E-02 1.85439E+01 0.00000E+00 0.00000E+00 0.00000E+00 0.00000E+00 0.00000E+00 0.00000E+00
 2.67441E+00 8.89794E-02 2.63124E+01 2.67441E+00 8.89794E-02 1.88558E+01 0.00000E+00 0.00000E+00 0.00000E+00 0.00000E+00 0.00000E+00 0.00000E+00
 2.68835E+00 7.99114E-02 2.64624E+01 2.68835E+00 7.99114E-02 1.91450E+01 0.00000E+00 0.00000E+00 0.00000E+00 0.00000E+00 0.00000E+00 0.00000E+00
 2.69594E+00 7.16569E-02 2.65871E+01 2.69594E+00 7.16569E-02 1.94113E+01 0.00000E+00 0.00000E+00 0.00000E+00 0.00000E+00 0.00000E+00 0.00000E+00
 2.69737E+00 6.41627E-02 2.66862E+01 2.69737E+00 6.41627E-02 1.96542E+01 0.00000E+00 0.00000E+00 0.00000E+00 0.00000E+00 0.00000E+00 0.00000E+00
 2.69299E+00 5.73755E-02 2.67603E+01 2.69299E+00 5.73755E-02 1.98737E+01 0.00000E+00 0.00000E+00 0.00000E+00 0.00000E+00 0.00000E+00 0.00000E+00
 1.14943E+00 4.07038E-01 1.58824E+01 1.14943E+00 4.07038E-01 8.71198E+00 0.00000E+00 0.00000E+00 0.00000E+00 0.00000E+00 0.00000E+00 0.00000E+00
 1.23836E+00 3.87450E-01 1.64895E+01 1.23836E+00 3.87450E-01 9.30927E+00 0.00000E+00 0.00000E+00 0.00000E+00 0.00000E+00 0.00000E+00 0.00000E+00
 1.33470E+00 3.66299E-01 1.70560E+01 1.33470E+00 3.66299E-01 9.87967E+00 0.00000E+00 0.00000E+00 0.00000E+00 0.00000E+00 0.00000E+00 0.00000E+00
 1.42977E+00 3.44572E-01 1.75860E+01 1.42977E+00 3.44572E-01 1.04262E+01 0.00000E+00 0.00000E+00 0.00000E+00 0.00000E+00 0.00000E+00 0.00000E+00
 1.52272E+00 3.22760E-01 1.80818E+01 1.52272E+00 3.22760E-01 1.09494E+01 0.00000E+00 0.00000E+00 0.00000E+00 0.00000E+00 0.00000E+00 0.00000E+00
 1.61255E+00 3.01161E-01 1.85445E+01 1.61255E+00 3.01161E-01 1.14491E+01 0.00000E+00 0.00000E+00 0.00000E+00 0.00000E+00 0.00000E+00 0.00000E+00
 1.69870E+00 2.80083E-01 1.89762E+01 1.69870E+00 2.80083E-01 1.19264E+01 0.00000E+00 0.00000E+00 0.00000E+00 0.00000E+00 0.00000E+00 0.00000E+00
 1.76276E+00 2.64307E-01 1.92908E+01 1.76276E+00 2.64307E-01 1.22815E+01 0.00000E+00 0.00000E+00 0.00000E+00 0.00000E+00 0.00000E+00 0.00000E+00
 1.77852E+00 2.59948E-01 1.93750E+01 1.77852E+00 2.59948E-01 1.23793E+01 0.00000E+00 0.00000E+00 0.00000E+00 0.00000E+00 0.00000E+00 0.00000E+00
 1.85990E+00 2.39590E-01 1.97614E+01 1.85990E+00 2.39590E-01 1.28343E+01 0.00000E+00 0.00000E+00 0.00000E+00 0.00000E+00 0.00000E+00 0.00000E+00
 1.93795E+00 2.20094E-01 2.01216E+01 1.93795E+00 2.20094E-01 1.32697E+01 0.00000E+00 0.00000E+00 0.00000E+00 0.00000E+00 0.00000E+00 0.00000E+00
 2.00997E+00 2.01605E-01 2.04564E+01 2.00997E+00 2.01605E-01 1.36860E+01 0.00000E+00 0.00000E+00 0.00000E+00 0.00000E+00 0.00000E+00 0.00000E+00
 2.07564E+00 1.84176E-01 2.07661E+01 2.07564E+00 1.84176E-01 1.40828E+01 0.00000E+00 0.00000E+00 0.00000E+00 0.00000E+00 0.00000E+00 0.00000E+00
 2.13469E+00 1.67824E-01 2.10509E+01 2.13469E+00 1.67824E-01 1.44598E+01 0.00000E+00 0.00000E+00 0.00000E+00 0.00000E+00 0.00000E+00 0.00000E+00
 2.18706E+00 1.52560E-01 2.13110E+01 2.18706E+00 1.52560E-01 1.48169E+01 0.00000E+00 0.00000E+00 0.00000E+00 0.00000E+00 0.00000E+00 0.00000E+00
 2.23278E+00 1.38376E-01 2.15469E+01 2.23278E+00 1.38376E-01 1.51538E+01 0.00000E+00 0.00000E+00 0.00000E+00 0.00000E+00 0.00000E+00 0.00000E+00
 2.27188E+00 1.25249E-01 2.17587E+01 2.27188E+00 1.25249E-01 1.54705E+01 0.00000E+00 0.00000E+00 0.00000E+00 0.00000E+00 0.00000E+00 0.00000E+00
 2.30443E+00 1.13145E-01 2.19466E+01 2.30443E+00 1.13145E-01 1.57667E+01 0.00000E+00 0.00000E+00 0.00000E+00 0.00000E+00 0.00000E+00 0.00000E+00
 2.33056E+00 1.02021E-01 2.21108E+01 2.33056E+00 1.02021E-01 1.60421E+01 0.00000E+00 0.00000E+00 0.00000E+00 0.00000E+00 0.00000E+00 0.00000E+00
 2.35045E+00 9.18326E-02 2.22513E+01 2.35045E+00 9.18326E-02 1.62967E+01 0.00000E+00 0.00000E+00 0.00000E+00 0.00000E+00 0.00000E+00 0.00000E+00
 2.36428E+00 8.25274E-02 2.23685E+01 2.36428E+00 8.25274E-02 1.65302E+01 0.00000E+00 0.00000E+00 0.00000E+00 0.00000E+00 0.00000E+00 0.00000E+00
 2.37229E+00 7.40525E-02 2.24625E+01 2.37229E+00 7.40525E-02 1.67427E+01 0.00000E+00 0.00000E+00 0.00000E+00 0.00000E+00 0.00000E+00 0.00000E+00
 2.37474E+00 6.63535E-02 2.25336E+01 2.37474E+00 6.63535E-02 1.69340E+01 0.00000E+00 0.00000E+00 0.00000E+00 0.00000E+00 0.00000E+00 0.00000E+00
 2.37192E+00 5.93761E-02 2.25820E+01 2.37192E+00 5.93761E-02 1.71042E+01 0.00000E+00 0.00000E+00 0.00000E+00 0.00000E+00 0.00000E+00 0.00000E+00
 2.36403E+00 5.30667E-02 2.26078E+01 2.36403E+00 5.30667E-02 1.72529E+01 0.00000E+00 0.00000E+00 0.00000E+00 0.00000E+00 0.00000E+00 0.00000E+00
 2.35145E+00 4.73731E-02 2.26115E+01 2.35145E+00 4.73731E-02 1.73807E+01 0.00000E+00 0.00000E+00 0.00000E+00 0.00000E+00 0.00000E+00 0.00000E+00
 1.14198E+00 3.83051E-01 1.41341E+01 1.14198E+00 3.83051E-01 8.36178E+00 0.00000E+00 0.00000E+00 0.00000E+00 0.00000E+00 0.00000E+00 0.00000E+00
 1.22603E+00 3.59629E-01 1.46595E+01 1.22603E+00 3.59629E-01 8.88795E+00 0.00000E+00 0.00000E+00 0.00000E+00 0.00000E+00 0.00000E+00 0.00000E+00
 1.31501E+00 3.35940E-01 1.51439E+01 1.31501E+00 3.35940E-01 9.38468E+00 0.00000E+00 0.00000E+00 0.00000E+00 0.00000E+00 0.00000E+00 0.00000E+00
 1.40125E+00 3.12656E-01 1.55916E+01 1.40125E+00 3.12656E-01 9.85519E+00 0.00000E+00 0.00000E+00 0.00000E+00 0.00000E+00 0.00000E+00 0.00000E+00
 1.48419E+00 2.90070E-01 1.60052E+01 1.48419E+00 2.90070E-01 1.03006E+01 0.00000E+00 0.00000E+00 0.00000E+00 0.00000E+00 0.00000E+00 0.00000E+00
 1.56309E+00 2.68335E-01 1.63862E+01 1.56309E+00 2.68335E-01 1.07212E+01 0.00000E+00 0.00000E+00 0.00000E+00 0.00000E+00 0.00000E+00 0.00000E+00
 1.63764E+00 2.47613E-01 1.67367E+01 1.63764E+00 2.47613E-01 1.11183E+01 0.00000E+00 0.00000E+00 0.00000E+00 0.00000E+00 0.00000E+00 0.00000E+00
 1.69238E+00 2.32366E-01 1.69889E+01 1.69238E+00 2.32366E-01 1.14108E+01 0.00000E+00 0.00000E+00 0.00000E+00 0.00000E+00 0.00000E+00 0.00000E+00
 1.70568E+00 2.28198E-01 1.70554E+01 1.70568E+00 2.28198E-01 1.14905E+01 0.00000E+00 0.00000E+00 0.00000E+00 0.00000E+00 0.00000E+00 0.00000E+00
 1.77399E+00 2.08928E-01 1.73579E+01 1.77399E+00 2.08928E-01 1.18587E+01 0.00000E+00 0.00000E+00 0.00000E+00 0.00000E+00 0.00000E+00 0.00000E+00
 1.83853E+00 1.90762E-01 1.76348E+01 1.83853E+00 1.90762E-01 1.22066E+01 0.00000E+00 0.00000E+00 0.00000E+00 0.00000E+00 0.00000E+00 0.00000E+00
 1.89713E+00 1.73765E-01 1.78870E+01 1.89713E+00 1.73765E-01 1.25347E+01 0.00000E+00 0.00000E+00 0.00000E+00 0.00000E+00 0.00000E+00 0.00000E+00
 1.94963E+00 1.57931E-01 1.81150E+01 1.94963E+00 1.57931E-01 1.28432E+01 0.00000E+00 0.00000E+00 0.00000E+00 0.00000E+00 0.00000E+00 0.00000E+00
 1.99594E+00 1.43235E-01 1.83192E+01 1.99594E+00 1.43235E-01 1.31318E+01 0.00000E+00 0.00000E+00 0.00000E+00 0.00000E+00 0.00000E+00 0.00000E+00
 2.03611E+00 1.29647E-01 1.85001E+01 2.03611E+00 1.29647E-01 1.34006E+01 0.00000E+00 0.00000E+00 0.00000E+00 0.00000E+00 0.00000E+00 0.00000E+00
 2.07027E+00 1.17127E-01 1.86582E+01 2.07027E+00 1.17127E-01 1.36498E+01 0.00000E+00 0.00000E+00 0.00000E+00 0.00000E+00 0.00000E+00 0.00000E+00
 2.09853E+00 1.05628E-01 1.87939E+01 2.09853E+00 1.05628E-01 1.38794E+01 0.00000E+00 0.00000E+00 0.00000E+00 0.00000E+00 0.00000E+00 0.00000E+00
 2.12105E+00 9.50990E-02 1.89076E+01 2.12105E+00 9.50990E-02 1.40893E+01 0.00000E+00 0.00000E+00 0.00000E+00 0.00000E+00 0.00000E+00 0.00000E+00
 2.13801E+00 8.54844E-02 1.89995E+01 2.13801E+00 8.54844E-02 1.42797E+01 0.00000E+00 0.00000E+00 0.00000E+00 0.00000E+00 0.00000E+00 0.00000E+00
 2.14960E+00 7.67281E-02 1.90701E+01 2.14960E+00 7.67281E-02 1.44504E+01 0.00000E+00 0.00000E+00 0.00000E+00 0.00000E+00 0.00000E+00 0.00000E+00
 2.15607E+00 6.87731E-02 1.91196E+01 2.15607E+00 6.87731E-02 1.46016E+01 0.00000E+00 0.00000E+00 0.00000E+00 0.00000E+00 0.00000E+00 0.00000E+00
 2.15765E+00 6.15624E-02 1.91484E+01 2.15765E+00 6.15624E-02 1.47334E+01 0.00000E+00 0.00000E+00 0.00000E+00 0.00000E+00 0.00000E+00 0.00000E+00
 2.15461E+00 5.50405E-02 1.91569E+01 2.15461E+00 5.50405E-02 1.48460E+01 0.00000E+00 0.00000E+00 0.00000E+00 0.00000E+00 0.00000E+00 0.00000E+00
 2.14720E+00 4.91532E-02 1.91456E+01 2.14720E+00 4.91532E-02 1.49396E+01 0.00000E+00 0.00000E+00 0.00000E+00 0.00000E+00 0.00000E+00 0.00000E+00
 2.13566E+00 4.38489E-02 1.91147E+01 2.13566E+00 4.38489E-02 1.50140E+01 0.00000E+00 0.00000E+00 0.00000E+00 0.00000E+00 0.00000E+00 0.00000E+00
 2.12029E+00 3.90782E-02 1.90648E+01 2.12029E+00 3.90782E-02 1.50698E+01 0.00000E+00 0.00000E+00 0.00000E+00 0.00000E+00 0.00000E+00 0.00000E+00
 1.13910E+00 3.56456E-01 1.26368E+01 1.13910E+00 3.56456E-01 7.95195E+00 0.00000E+00 0.00000E+00 0.00000E+00 0.00000E+00 0.00000E+00 0.00000E+00
 1.21801E+00 3.30640E-01 1.30900E+01 1.21801E+00 3.30640E-01 8.41569E+00 0.00000E+00 0.00000E+00 0.00000E+00 0.00000E+00 0.00000E+00 0.00000E+00
 1.29949E+00 3.05580E-01 1.35025E+01 1.29949E+00 3.05580E-01 8.84829E+00 0.00000E+00 0.00000E+00 0.00000E+00 0.00000E+00 0.00000E+00 0.00000E+00
 1.37693E+00 2.81680E-01 1.38789E+01 1.37693E+00 2.81680E-01 9.25313E+00 0.00000E+00 0.00000E+00 0.00000E+00 0.00000E+00 0.00000E+00 0.00000E+00
 1.45004E+00 2.59068E-01 1.42217E+01 1.45004E+00 2.59068E-01 9.63172E+00 0.00000E+00 0.00000E+00 0.00000E+00 0.00000E+00 0.00000E+00 0.00000E+00
 1.51834E+00 2.37777E-01 1.45327E+01 1.51834E+00 2.37777E-01 9.98477E+00 0.00000E+00 0.00000E+00 0.00000E+00 0.00000E+00 0.00000E+00 0.00000E+00
 1.58171E+00 2.17850E-01 1.48143E+01 1.58171E+00 2.17850E-01 1.03139E+01 0.00000E+00 0.00000E+00 0.00000E+00 0.00000E+00 0.00000E+00 0.00000E+00
 1.62754E+00 2.03387E-01 1.50138E+01 1.62754E+00 2.03387E-01 1.05535E+01 0.00000E+00 0.00000E+00 0.00000E+00 0.00000E+00 0.00000E+00 0.00000E+00
 1.63850E+00 1.99469E-01 1.50655E+01 1.63850E+00 1.99469E-01 1.06180E+01 0.00000E+00 0.00000E+00 0.00000E+00 0.00000E+00 0.00000E+00 0.00000E+00
 1.69438E+00 1.81510E-01 1.52979E+01 1.69438E+00 1.81510E-01 1.09136E+01 0.00000E+00 0.00000E+00 0.00000E+00 0.00000E+00 0.00000E+00 0.00000E+00
 1.74614E+00 1.64801E-01 1.55056E+01 1.74614E+00 1.64801E-01 1.11886E+01 0.00000E+00 0.00000E+00 0.00000E+00 0.00000E+00 0.00000E+00 0.00000E+00
 1.79208E+00 1.49346E-01 1.56897E+01 1.79208E+00 1.49346E-01 1.14439E+01 0.00000E+00 0.00000E+00 0.00000E+00 0.00000E+00 0.00000E+00 0.00000E+00
 1.83218E+00 1.35094E-01 1.58510E+01 1.83218E+00 1.35094E-01 1.16797E+01 0.00000E+00 0.00000E+00 0.00000E+00 0.00000E+00 0.00000E+00 0.00000E+00
 1.86646E+00 1.21986E-01 1.59899E+01 1.86646E+00 1.21986E-01 1.18961E+01 0.00000E+00 0.00000E+00 0.00000E+00 0.00000E+00 0.00000E+00 0.00000E+00
 1.89509E+00 1.09965E-01 1.61071E+01 1.89509E+00 1.09965E-01 1.20933E+01 0.00000E+00 0.00000E+00 0.00000E+00 0.00000E+00 0.00000E+00 0.00000E+00
 1.91827E+00 9.89709E-02 1.62032E+01 1.91827E+00 9.89709E-02 1.22717E+01 0.00000E+00 0.00000E+00 0.00000E+00 0.00000E+00 0.00000E+00 0.00000E+00
 1.93618E+00 8.89400E-02 1.62788E+01 1.93618E+00 8.89400E-02 1.24314E+01 0.00000E+00 0.00000E+00 0.00000E+00 0.00000E+00 0.00000E+00 0.00000E+00
 1.94904E+00 7.98103E-02 1.63343E+01 1.94904E+00 7.98103E-02 1.25727E+01 0.00000E+00 0.00000E+00 0.00000E+00 0.00000E+00 0.00000E+00 0.00000E+00
 1.95706E+00 7.15196E-02 1.63702E+01 1.95706E+00 7.15196E-02 1.26957E+01 0.00000E+00 0.00000E+00 0.00000E+00 0.00000E+00 0.00000E+00 0.00000E+00
 1.96048E+00 6.40075E-02 1.63869E+01 1.96048E+00 6.40075E-02 1.28006E+01 0.00000E+00 0.00000E+00 0.00000E+00 0.00000E+00 0.00000E+00 0.00000E+00
 1.95954E+00 5.72146E-02 1.63850E+01 1.95954E+00 5.72146E-02 1.28877E+01 0.00000E+00 0.00000E+00 0.00000E+00 0.00000E+00 0.00000E+00 0.00000E+00
 1.95451E+00 5.10840E-02 1.63649E+01 1.95451E+00 5.10840E-02 1.29572E+01 0.00000E+00 0.00000E+00 0.00000E+00 0.00000E+00 0.00000E+00 0.00000E+00
 1.94563E+00 4.55610E-02 1.63271E+01 1.94563E+00 4.55610E-02 1.30094E+01 0.00000E+00 0.00000E+00 0.00000E+00 0.00000E+00 0.00000E+00 0.00000E+00
 1.93317E+00 4.05939E-02 1.62722E+01 1.93317E+00 4.05939E-02 1.30446E+01 0.00000E+00 0.00000E+00 0.00000E+00 0.00000E+00 0.00000E+00 0.00000E+00
 1.91735E+00 3.61343E-02 1.62004E+01 1.91735E+00 3.61343E-02 1.30631E+01 0.00000E+00 0.00000E+00 0.00000E+00 0.00000E+00 0.00000E+00 0.00000E+00
 1.89845E+00 3.21360E-02 1.61126E+01 1.89845E+00 3.21360E-02 1.30652E+01 0.00000E+00 0.00000E+00 0.00000E+00 0.00000E+00 0.00000E+00 0.00000E+00
 1.14021E+00 3.28823E-01 1.13335E+01 1.14021E+00 3.28823E-01 7.51239E+00 0.00000E+00 0.00000E+00 0.00000E+00 0.00000E+00 0.00000E+00 0.00000E+00
 1.21325E+00 3.01806E-01 1.17236E+01 1.21325E+00 3.01806E-01 7.92041E+00 0.00000E+00 0.00000E+00 0.00000E+00 0.00000E+00 0.00000E+00 0.00000E+00
 1.28665E+00 2.76309E-01 1.20737E+01 1.28665E+00 2.76309E-01 8.29619E+00 0.00000E+00 0.00000E+00 0.00000E+00 0.00000E+00 0.00000E+00 0.00000E+00
 1.35490E+00 2.52522E-01 1.23881E+01 1.35490E+00 2.52522E-01 8.64322E+00 0.00000E+00 0.00000E+00 0.00000E+00 0.00000E+00 0.00000E+00 0.00000E+00
 1.41798E+00 2.30441E-01 1.26700E+01 1.41798E+00 2.30441E-01 8.96335E+00 0.00000E+00 0.00000E+00 0.00000E+00 0.00000E+00 0.00000E+00 0.00000E+00
 1.47566E+00 2.10006E-01 1.29210E+01 1.47566E+00 2.10006E-01 9.25765E+00 0.00000E+00 0.00000E+00 0.00000E+00 0.00000E+00 0.00000E+00 0.00000E+00
 1.52804E+00 1.91168E-01 1.31437E+01 1.52804E+00 1.91168E-01 9.52790E+00 0.00000E+00 0.00000E+00 0.00000E+00 0.00000E+00 0.00000E+00 0.00000E+00
 1.56522E+00 1.77653E-01 1.32986E+01 1.56522E+00 1.77653E-01 9.72210E+00 0.00000E+00 0.00000E+00 0.00000E+00 0.00000E+00 0.00000E+00 0.00000E+00
 1.57391E+00 1.74020E-01 1.33378E+01 1.57391E+00 1.74020E-01 9.77354E+00 0.00000E+00 0.00000E+00 0.00000E+00 0.00000E+00 0.00000E+00 0.00000E+00
 1.61788E+00 1.57490E-01 1.35112E+01 1.61788E+00 1.57490E-01 1.00072E+01 0.00000E+00 0.00000E+00 0.00000E+00 0.00000E+00 0.00000E+00 0.00000E+00
 1.65757E+00 1.42284E-01 1.36613E+01 1.65757E+00 1.42284E-01 1.02206E+01 0.00000E+00 0.00000E+00 0.00000E+00 0.00000E+00 0.00000E+00 0.00000E+00
 1.69165E+00 1.28357E-01 1.37890E+01 1.69165E+00 1.28357E-01 1.04146E+01 0.00000E+00 0.00000E+00 0.00000E+00 0.00000E+00 0.00000E+00 0.00000E+00
 1.72025E+00 1.15626E-01 1.38954E+01 1.72025E+00 1.15626E-01 1.05896E+01 0.00000E+00 0.00000E+00 0.00000E+00 0.00000E+00 0.00000E+00 0.00000E+00
 1.74348E+00 1.04008E-01 1.39810E+01 1.74348E+00 1.04008E-01 1.07459E+01 0.00000E+00 0.00000E+00 0.00000E+00 0.00000E+00 0.00000E+00 0.00000E+00
 1.76157E+00 9.34276E-02 1.40466E+01 1.76157E+00 9.34276E-02 1.08840E+01 0.00000E+00 0.00000E+00 0.00000E+00 0.00000E+00 0.00000E+00 0.00000E+00
 1.77479E+00 8.38097E-02 1.40930E+01 1.77479E+00 8.38097E-02 1.10043E+01 0.00000E+00 0.00000E+00 0.00000E+00 0.00000E+00 0.00000E+00 0.00000E+00
 1.78335E+00 7.50838E-02 1.41208E+01 1.78335E+00 7.50838E-02 1.11072E+01 0.00000E+00 0.00000E+00 0.00000E+00 0.00000E+00 0.00000E+00 0.00000E+00
 1.78751E+00 6.71820E-02 1.41306E+01 1.78751E+00 6.71820E-02 1.11931E+01 0.00000E+00 0.00000E+00 0.00000E+00 0.00000E+00 0.00000E+00 0.00000E+00
 1.78751E+00 6.00398E-02 1.41230E+01 1.78751E+00 6.00398E-02 1.12621E+01 0.00000E+00 0.00000E+00 0.00000E+00 0.00000E+00 0.00000E+00 0.00000E+00
 1.78359E+00 5.35957E-02 1.40985E+01 1.78359E+00 5.35957E-02 1.13148E+01 0.00000E+00 0.00000E+00 0.00000E+00 0.00000E+00 0.00000E+00 0.00000E+00
 1.77601E+00 4.77917E-02 1.40576E+01 1.77601E+00 4.77917E-02 1.13514E+01 0.00000E+00 0.00000E+00 0.00000E+00 0.00000E+00 0.00000E+00 0.00000E+00
 1.76501E+00 4.25726E-02 1.40010E+01 1.76501E+00 4.25726E-02 1.13723E+01 0.00000E+00 0.00000E+00 0.00000E+00 0.00000E+00 0.00000E+00 0.00000E+00
 1.75085E+00 3.78866E-02 1.39291E+01 1.75085E+00 3.78866E-02 1.13780E+01 0.00000E+00 0.00000E+00 0.00000E+00 0.00000E+00 0.00000E+00 0.00000E+00
 1.73378E+00 3.36856E-02 1.38427E+01 1.73378E+00 3.36856E-02 1.13688E+01 0.00000E+00 0.00000E+00 0.00000E+00 0.00000E+00 0.00000E+00 0.00000E+00
 1.71400E+00 2.99249E-02 1.37422E+01 1.71400E+00 2.99249E-02 1.13451E+01 0.00000E+00 0.00000E+00 0.00000E+00 0.00000E+00 0.00000E+00 0.00000E+00
 1.69178E+00 2.65624E-02 1.36282E+01 1.69178E+00 2.65624E-02 1.13074E+01 0.00000E+00 0.00000E+00 0.00000E+00 0.00000E+00 0.00000E+00 0.00000E+00
 1.14531E+00 3.01623E-01 1.01891E+01 1.14531E+00 3.01623E-01 7.04426E+00 0.00000E+00 0.00000E+00 0.00000E+00 0.00000E+00 0.00000E+00 0.00000E+00
 1.21206E+00 2.74279E-01 1.05236E+01 1.21206E+00 2.74279E-01 7.40338E+00 0.00000E+00 0.00000E+00 0.00000E+00 0.00000E+00 0.00000E+00 0.00000E+00
 1.27745E+00 2.48990E-01 1.08191E+01 1.27745E+00 2.48990E-01 7.72962E+00 0.00000E+00 0.00000E+00 0.00000E+00 0.00000E+00 0.00000E+00 0.00000E+00
 1.33693E+00 2.25786E-01 1.10800E+01 1.33693E+00 2.25786E-01 8.02654E+00 0.00000E+00 0.00000E+00 0.00000E+00 0.00000E+00 0.00000E+00 0.00000E+00
 1.39072E+00 2.04570E-01 1.13093E+01 1.39072E+00 2.04570E-01 8.29626E+00 0.00000E+00 0.00000E+00 0.00000E+00 0.00000E+00 0.00000E+00 0.00000E+00
 1.43880E+00 1.85213E-01 1.15091E+01 1.43880E+00 1.85213E-01 8.54015E+00 0.00000E+00 0.00000E+00 0.00000E+00 0.00000E+00 0.00000E+00 0.00000E+00
 1.48146E+00 1.67596E-01 1.16819E+01 1.48146E+00 1.67596E-01 8.76018E+00 0.00000E+00 0.00000E+00 0.00000E+00 0.00000E+00 0.00000E+00 0.00000E+00
 1.51110E+00 1.55083E-01 1.17990E+01 1.51110E+00 1.55083E-01 8.91571E+00 0.00000E+00 0.00000E+00 0.00000E+00 0.00000E+00 0.00000E+00 0.00000E+00
 1.51782E+00 1.51743E-01 1.18276E+01 1.51782E+00 1.51743E-01 8.95615E+00 0.00000E+00 0.00000E+00 0.00000E+00 0.00000E+00 0.00000E+00 0.00000E+00
 1.55161E+00 1.36642E-01 1.19519E+01 1.55161E+00 1.36642E-01 9.13767E+00 0.00000E+00 0.00000E+00 0.00000E+00 0.00000E+00 0.00000E+00 0.00000E+00
 1.58113E+00 1.22893E-01 1.20540E+01 1.58113E+00 1.22893E-01 9.29937E+00 0.00000E+00 0.00000E+00 0.00000E+00 0.00000E+00 0.00000E+00 0.00000E+00
 1.60538E+00 1.10408E-01 1.21354E+01 1.60538E+00 1.10408E-01 9.44221E+00 0.00000E+00 0.00000E+00 0.00000E+00 0.00000E+00 0.00000E+00 0.00000E+00
 1.62456E+00 9.90830E-02 1.21969E+01 1.62456E+00 9.90830E-02 9.56688E+00 0.00000E+00 0.00000E+00 0.00000E+00 0.00000E+00 0.00000E+00 0.00000E+00
 1.63886E+00 8.88189E-02 1.22394E+01 1.63886E+00 8.88189E-02 9.67385E+00 0.00000E+00 0.00000E+00 0.00000E+00 0.00000E+00 0.00000E+00 0.00000E+00
 1.64854E+00 7.95271E-02 1.22638E+01 1.64854E+00 7.95271E-02 9.76369E+00 0.00000E+00 0.00000E+00 0.00000E+00 0.00000E+00 0.00000E+00 0.00000E+00
 1.65389E+00 7.11260E-02 1.22708E+01 1.65389E+00 7.11260E-02 9.83703E+00 0.00000E+00 0.00000E+00 0.00000E+00 0.00000E+00 0.00000E+00 0.00000E+00
 1.65516E+00 6.35406E-02 1.22612E+01 1.65516E+00 6.35406E-02 9.89432E+00 0.00000E+00 0.00000E+00 0.00000E+00 0.00000E+00 0.00000E+00 0.00000E+00
 1.65261E+00 5.67017E-02 1.22357E+01 1.65261E+00 5.67017E-02 9.93600E+00 0.00000E+00 0.00000E+00 0.00000E+00 0.00000E+00 0.00000E+00 0.00000E+00
 1.64648E+00 5.05451E-02 1.21948E+01 1.64648E+00 5.05451E-02 9.96253E+00 0.00000E+00 0.00000E+00 0.00000E+00 0.00000E+00 0.00000E+00 0.00000E+00
 1.63703E+00 4.50111E-02 1.21392E+01 1.63703E+00 4.50111E-02 9.97433E+00 0.00000E+00 0.00000E+00 0.00000E+00 0.00000E+00 0.00000E+00 0.00000E+00
 1.62449E+00 4.00440E-02 1.20696E+01 1.62449E+00 4.00440E-02 9.97188E+00 0.00000E+00 0.00000E+00 0.00000E+00 0.00000E+00 0.00000E+00 0.00000E+00
 1.60910E+00 3.55919E-02 1.19864E+01 1.60910E+00 3.55919E-02 9.95564E+00 0.00000E+00 0.00000E+00 0.00000E+00 0.00000E+00 0.00000E+00 0.00000E+00
 1.59111E+00 3.16068E-02 1.18904E+01 1.59111E+00 3.16068E-02 9.92610E+00 0.00000E+00 0.00000E+00 0.00000E+00 0.00000E+00 0.00000E+00 0.00000E+00
 1.57075E+00 2.80443E-02 1.17823E+01 1.57075E+00 2.80443E-02 9.88377E+00 0.00000E+00 0.00000E+00 0.00000E+00 0.00000E+00 0.00000E+00 0.00000E+00
 1.54819E+00 2.48638E-02 1.16624E+01 1.54819E+00 2.48638E-02 9.82901E+00 0.00000E+00 0.00000E+00 0.00000E+00 0.00000E+00 0.00000E+00 0.00000E+00
 1.52370E+00 2.20274E-02 1.15316E+01 1.52370E+00 2.20274E-02 9.76248E+00 0.00000E+00 0.00000E+00 0.00000E+00 0.00000E+00 0.00000E+00 0.00000E+00
 1.15188E+00 2.76028E-01 9.18854E+00 1.15188E+00 2.76028E-01 6.58954E+00 0.00000E+00 0.00000E+00 0.00000E+00 0.00000E+00 0.00000E+00 0.00000E+00
 1.21176E+00 2.48923E-01 9.47598E+00 1.21176E+00 2.48923E-01 6.90657E+00 0.00000E+00 0.00000E+00 0.00000E+00 0.00000E+00 0.00000E+00 0.00000E+00
 1.26882E+00 2.24230E-01 9.72545E+00 1.26882E+00 2.24230E-01 7.19027E+00 0.00000E+00 0.00000E+00 0.00000E+00 0.00000E+00 0.00000E+00 0.00000E+00
 1.31942E+00 2.01866E-01 9.94126E+00 1.31942E+00 2.01866E-01 7.44425E+00 0.00000E+00 0.00000E+00 0.00000E+00 0.00000E+00 0.00000E+00 0.00000E+00
 1.36401E+00 1.81673E-01 1.01265E+01 1.36401E+00 1.81673E-01 7.67087E+00 0.00000E+00 0.00000E+00 0.00000E+00 0.00000E+00 0.00000E+00 0.00000E+00
 1.40275E+00 1.63472E-01 1.02835E+01 1.40275E+00 1.63472E-01 7.87179E+00 0.00000E+00 0.00000E+00 0.00000E+00 0.00000E+00 0.00000E+00 0.00000E+00
 1.43606E+00 1.47095E-01 1.04147E+01 1.43606E+00 1.47095E-01 8.04917E+00 0.00000E+00 0.00000E+00 0.00000E+00 0.00000E+00 0.00000E+00 0.00000E+00
 1.45852E+00 1.35570E-01 1.05005E+01 1.45852E+00 1.35570E-01 8.17196E+00 0.00000E+00 0.00000E+00 0.00000E+00 0.00000E+00 0.00000E+00 0.00000E+00
 1.46337E+00 1.32512E-01 1.05205E+01 1.46337E+00 1.32512E-01 8.20315E+00 0.00000E+00 0.00000E+00 0.00000E+00 0.00000E+00 0.00000E+00 0.00000E+00
 1.48759E+00 1.18772E-01 1.06043E+01 1.48759E+00 1.18772E-01 8.34087E+00 0.00000E+00 0.00000E+00 0.00000E+00 0.00000E+00 0.00000E+00 0.00000E+00
 1.50765E+00 1.06377E-01 1.06674E+01 1.50765E+00 1.06377E-01 8.45937E+00 0.00000E+00 0.00000E+00 0.00000E+00 0.00000E+00 0.00000E+00 0.00000E+00
 1.52282E+00 9.52132E-02 1.07111E+01 1.52282E+00 9.52132E-02 8.55975E+00 0.00000E+00 0.00000E+00 0.00000E+00 0.00000E+00 0.00000E+00 0.00000E+00
 1.53338E+00 8.51559E-02 1.07367E+01 1.53338E+00 8.51559E-02 8.64287E+00 0.00000E+00 0.00000E+00 0.00000E+00 0.00000E+00 0.00000E+00 0.00000E+00
 1.53954E+00 7.60961E-02 1.07449E+01 1.53954E+00 7.60961E-02 8.70936E+00 0.00000E+00 0.00000E+00 0.00000E+00 0.00000E+00 0.00000E+00 0.00000E+00
 1.54162E+00 6.79379E-02 1.07367E+01 1.54162E+00 6.79379E-02 8.75994E+00 0.00000E+00 0.00000E+00 0.00000E+00 0.00000E+00 0.00000E+00 0.00000E+00
 1.53990E+00 6.05959E-02 1.07130E+01 1.53990E+00 6.05959E-02 8.79531E+00 0.00000E+00 0.00000E+00 0.00000E+00 0.00000E+00 0.00000E+00 0.00000E+00
 1.53466E+00 5.39942E-02 1.06746E+01 1.53466E+00 5.39942E-02 8.81604E+00 0.00000E+00 0.00000E+00 0.00000E+00 0.00000E+00 0.00000E+00 0.00000E+00
 1.52614E+00 4.80646E-02 1.06222E+01 1.52614E+00 4.80646E-02 8.82268E+00 0.00000E+00 0.00000E+00 0.00000E+00 0.00000E+00 0.00000E+00 0.00000E+00
 1.51461E+00 4.27451E-02 1.05564E+01 1.51461E+00 4.27451E-02 8.81576E+00 0.00000E+00 0.00000E+00 0.00000E+00 0.00000E+00 0.00000E+00 0.00000E+00
 1.50029E+00 3.79790E-02 1.04780E+01 1.50029E+00 3.79790E-02 8.79579E+00 0.00000E+00 0.00000E+00 0.00000E+00 0.00000E+00 0.00000E+00 0.00000E+00
 1.48342E+00 3.37141E-02 1.03876E+01 1.48342E+00 3.37141E-02 8.76332E+00 0.00000E+00 0.00000E+00 0.00000E+00 0.00000E+00 0.00000E+00 0.00000E+00
 1.46424E+00 2.99023E-02 1.02858E+01 1.46424E+00 2.99023E-02 8.71889E+00 0.00000E+00 0.00000E+00 0.00000E+00 0.00000E+00 0.00000E+00 0.00000E+00
 1.44295E+00 2.64996E-02 1.01734E+01 1.44295E+00 2.64996E-02 8.66303E+00 0.00000E+00 0.00000E+00 0.00000E+00 0.00000E+00 0.00000E+00 0.00000E+00
 1.41978E+00 2.34655E-02 1.00509E+01 1.41978E+00 2.34655E-02 8.59632E+00 0.00000E+00 0.00000E+00 0.00000E+00 0.00000E+00 0.00000E+00 0.00000E+00
 1.39491E+00 2.07635E-02 9.91885E+00 1.39491E+00 2.07635E-02 8.51918E+00 0.00000E+00 0.00000E+00 0.00000E+00 0.00000E+00 0.00000E+00 0.00000E+00
 1.36854E+00 1.83594E-02 9.77806E+00 1.36854E+00 1.83594E-02 8.43229E+00 0.00000E+00 0.00000E+00 0.00000E+00 0.00000E+00 0.00000E+00 0.00000E+00
 1.15799E+00 2.52764E-01 8.30057E+00 1.15799E+00 2.52764E-01 6.14307E+00 0.00000E+00 0.00000E+00 0.00000E+00 0.00000E+00 0.00000E+00 0.00000E+00
 1.21073E+00 2.26194E-01 8.54798E+00 1.21073E+00 2.26194E-01 6.42376E+00 0.00000E+00 0.00000E+00 0.00000E+00 0.00000E+00 0.00000E+00 0.00000E+00
 1.25957E+00 2.02266E-01 8.75844E+00 1.25957E+00 2.02266E-01 6.67080E+00 0.00000E+00 0.00000E+00 0.00000E+00 0.00000E+00 0.00000E+00 0.00000E+00
 1.30168E+00 1.80825E-01 8.93615E+00 1.30168E+00 1.80825E-01 6.88784E+00 0.00000E+00 0.00000E+00 0.00000E+00 0.00000E+00 0.00000E+00 0.00000E+00
 1.33765E+00 1.61674E-01 9.08429E+00 1.33765E+00 1.61674E-01 7.07748E+00 0.00000E+00 0.00000E+00 0.00000E+00 0.00000E+00 0.00000E+00 0.00000E+00
 1.36781E+00 1.44602E-01 9.20528E+00 1.36781E+00 1.44602E-01 7.24162E+00 0.00000E+00 0.00000E+00 0.00000E+00 0.00000E+00 0.00000E+00 0.00000E+00
 1.39268E+00 1.29403E-01 9.30179E+00 1.39268E+00 1.29403E-01 7.38261E+00 0.00000E+00 0.00000E+00 0.00000E+00 0.00000E+00 0.00000E+00 0.00000E+00
 1.40873E+00 1.18800E-01 9.36155E+00 1.40873E+00 1.18800E-01 7.47758E+00 0.00000E+00 0.00000E+00 0.00000E+00 0.00000E+00 0.00000E+00 0.00000E+00
 1.41192E+00 1.16003E-01 9.37445E+00 1.41192E+00 1.16003E-01 7.50094E+00 0.00000E+00 0.00000E+00 0.00000E+00 0.00000E+00 0.00000E+00 0.00000E+00
 1.42773E+00 1.03510E-01 9.42489E+00 1.42773E+00 1.03510E-01 7.60174E+00 0.00000E+00 0.00000E+00 0.00000E+00 0.00000E+00 0.00000E+00 0.00000E+00
 1.43958E+00 9.23425E-02 9.45603E+00 1.43958E+00 9.23425E-02 7.68401E+00 0.00000E+00 0.00000E+00 0.00000E+00 0.00000E+00 0.00000E+00 0.00000E+00
 1.44697E+00 8.23606E-02 9.46929E+00 1.44697E+00 8.23606E-02 7.74901E+00 0.00000E+00 0.00000E+00 0.00000E+00 0.00000E+00 0.00000E+00 0.00000E+00
 1.45020E+00 7.34277E-02 9.46591E+00 1.45020E+00 7.34277E-02 7.79777E+00 0.00000E+00 0.00000E+00 0.00000E+00 0.00000E+00 0.00000E+00 0.00000E+00
 1.44954E+00 6.54262E-02 9.44686E+00 1.44954E+00 6.54262E-02 7.83105E+00 0.00000E+00 0.00000E+00 0.00000E+00 0.00000E+00 0.00000E+00 0.00000E+00
 1.44528E+00 5.82556E-02 9.41314E+00 1.44528E+00 5.82556E-02 7.84968E+00 0.00000E+00 0.00000E+00 0.00000E+00 0.00000E+00 0.00000E+00 0.00000E+00
 1.43775E+00 5.18291E-02 9.36572E+00 1.43775E+00 5.18291E-02 7.85446E+00 0.00000E+00 0.00000E+00 0.00000E+00 0.00000E+00 0.00000E+00 0.00000E+00
 1.42719E+00 4.60720E-02 9.30538E+00 1.42719E+00 4.60720E-02 7.84604E+00 0.00000E+00 0.00000E+00 0.00000E+00 0.00000E+00 0.00000E+00 0.00000E+00
 1.41386E+00 4.09181E-02 9.23287E+00 1.41386E+00 4.09181E-02 7.82505E+00 0.00000E+00 0.00000E+00 0.00000E+00 0.00000E+00 0.00000E+00 0.00000E+00
 1.39800E+00 3.63087E-02 9.14892E+00 1.39800E+00 3.63087E-02 7.79207E+00 0.00000E+00 0.00000E+00 0.00000E+00 0.00000E+00 0.00000E+00 0.00000E+00
 1.37984E+00 3.21907E-02 9.05420E+00 1.37984E+00 3.21907E-02 7.74769E+00 0.00000E+00 0.00000E+00 0.00000E+00 0.00000E+00 0.00000E+00 0.00000E+00
 1.35960E+00 2.85156E-02 8.94941E+00 1.35960E+00 2.85156E-02 7.69252E+00 0.00000E+00 0.00000E+00 0.00000E+00 0.00000E+00 0.00000E+00 0.00000E+00
 1.33750E+00 2.52396E-02 8.83521E+00 1.33750E+00 2.52396E-02 7.62712E+00 0.00000E+00 0.00000E+00 0.00000E+00 0.00000E+00 0.00000E+00 0.00000E+00
 1.31373E+00 2.23223E-02 8.71227E+00 1.31373E+00 2.23223E-02 7.55209E+00 0.00000E+00 0.00000E+00 0.00000E+00 0.00000E+00 0.00000E+00 0.00000E+00
 1.28850E+00 1.97272E-02 8.58123E+00 1.28850E+00 1.97272E-02 7.46801E+00 0.00000E+00 0.00000E+00 0.00000E+00 0.00000E+00 0.00000E+00 0.00000E+00
 1.26197E+00 1.74215E-02 8.44266E+00 1.26197E+00 1.74215E-02 7.37537E+00 0.00000E+00 0.00000E+00 0.00000E+00 0.00000E+00 0.00000E+00 0.00000E+00
 1.23432E+00 1.53745E-02 8.29727E+00 1.23432E+00 1.53745E-02 7.27485E+00 0.00000E+00 0.00000E+00 0.00000E+00 0.00000E+00 0.00000E+00 0.00000E+00
 1.16321E+00 2.32554E-01 7.51922E+00 1.16321E+00 2.32554E-01 5.72260E+00 0.00000E+00 0.00000E+00 0.00000E+00 0.00000E+00 0.00000E+00 0.00000E+00
 1.20877E+00 2.06569E-01 7.73292E+00 1.20877E+00 2.06569E-01 5.97193E+00 0.00000E+00 0.00000E+00 0.00000E+00 0.00000E+00 0.00000E+00 0.00000E+00
 1.24964E+00 1.83378E-01 7.91054E+00 1.24964E+00 1.83378E-01 6.18733E+00 0.00000E+00 0.00000E+00 0.00000E+00 0.00000E+00 0.00000E+00 0.00000E+00
 1.28368E+00 1.62789E-01 8.05619E+00 1.28368E+00 1.62789E-01 6.37251E+00 0.00000E+00 0.00000E+00 0.00000E+00 0.00000E+00 0.00000E+00 0.00000E+00
 1.31160E+00 1.44581E-01 8.17316E+00 1.31160E+00 1.44581E-01 6.53026E+00 0.00000E+00 0.00000E+00 0.00000E+00 0.00000E+00 0.00000E+00 0.00000E+00
 1.33386E+00 1.28518E-01 8.26401E+00 1.33386E+00 1.28518E-01 6.66277E+00 0.00000E+00 0.00000E+00 0.00000E+00 0.00000E+00 0.00000E+00 0.00000E+00
 1.35106E+00 1.14367E-01 8.33152E+00 1.35106E+00 1.14367E-01 6.77255E+00 0.00000E+00 0.00000E+00 0.00000E+00 0.00000E+00 0.00000E+00 0.00000E+00
 1.36134E+00 1.04581E-01 8.36963E+00 1.36134E+00 1.04581E-01 6.84373E+00 0.00000E+00 0.00000E+00 0.00000E+00 0.00000E+00 0.00000E+00 0.00000E+00
 1.36304E+00 1.02013E-01 8.37663E+00 1.36304E+00 1.02013E-01 6.86045E+00 0.00000E+00 0.00000E+00 0.00000E+00 0.00000E+00 0.00000E+00 0.00000E+00
 1.37136E+00 9.06166E-02 8.39962E+00 1.37136E+00 9.06166E-02 6.92994E+00 0.00000E+00 0.00000E+00 0.00000E+00 0.00000E+00 0.00000E+00 0.00000E+00
 1.37598E+00 8.05236E-02 8.40463E+00 1.37598E+00 8.05236E-02 6.98169E+00 0.00000E+00 0.00000E+00 0.00000E+00 0.00000E+00 0.00000E+00 0.00000E+00
 1.37659E+00 7.15723E-02 8.39318E+00 1.37659E+00 7.15723E-02 7.01709E+00 0.00000E+00 0.00000E+00 0.00000E+00 0.00000E+00 0.00000E+00 0.00000E+00
 1.37349E+00 6.36143E-02 8.36659E+00 1.37349E+00 6.36143E-02 7.03731E+00 0.00000E+00 0.00000E+00 0.00000E+00 0.00000E+00 0.00000E+00 0.00000E+00
 1.36698E+00 5.65255E-02 8.32593E+00 1.36698E+00 5.65255E-02 7.04326E+00 0.00000E+00 0.00000E+00 0.00000E+00 0.00000E+00 0.00000E+00 0.00000E+00
 1.35735E+00 5.02020E-02 8.27226E+00 1.35735E+00 5.02020E-02 7.03585E+00 0.00000E+00 0.00000E+00 0.00000E+00 0.00000E+00 0.00000E+00 0.00000E+00
 1.34492E+00 4.45568E-02 8.20656E+00 1.34492E+00 4.45568E-02 7.01596E+00 0.00000E+00 0.00000E+00 0.00000E+00 0.00000E+00 0.00000E+00 0.00000E+00
 1.32993E+00 3.95165E-02 8.12966E+00 1.32993E+00 3.95165E-02 6.98431E+00 0.00000E+00 0.00000E+00 0.00000E+00 0.00000E+00 0.00000E+00 0.00000E+00
 1.31262E+00 3.50182E-02 8.04233E+00 1.31262E+00 3.50182E-02 6.94159E+00 0.00000E+00 0.00000E+00 0.00000E+00 0.00000E+00 0.00000E+00 0.00000E+00
 1.29323E+00 3.10064E-02 7.94530E+00 1.29323E+00 3.10064E-02 6.88843E+00 0.00000E+00 0.00000E+00 0.00000E+00 0.00000E+00 0.00000E+00 0.00000E+00
 1.27197E+00 2.74316E-02 7.83928E+00 1.27197E+00 2.74316E-02 6.82546E+00 0.00000E+00 0.00000E+00 0.00000E+00 0.00000E+00 0.00000E+00 0.00000E+00
 1.24905E+00 2.42494E-02 7.72496E+00 1.24905E+00 2.42494E-02 6.75332E+00 0.00000E+00 0.00000E+00 0.00000E+00 0.00000E+00 0.00000E+00 0.00000E+00
 1.22465E+00 2.14196E-02 7.60300E+00 1.22465E+00 2.14196E-02 6.67261E+00 0.00000E+00 0.00000E+00 0.00000E+00 0.00000E+00 0.00000E+00 0.00000E+00
 1.19898E+00 1.89054E-02 7.47405E+00 1.19898E+00 1.89054E-02 6.58394E+00 0.00000E+00 0.00000E+00 0.00000E+00 0.00000E+00 0.00000E+00 0.00000E+00
 1.17221E+00 1.66740E-02 7.33876E+00 1.17221E+00 1.66740E-02 6.48791E+00 0.00000E+00 0.00000E+00 0.00000E+00 0.00000E+00 0.00000E+00 0.00000E+00
 1.14448E+00 1.46958E-02 7.19770E+00 1.14448E+00 1.46958E-02 6.38504E+00 0.00000E+00 0.00000E+00 0.00000E+00 0.00000E+00 0.00000E+00 0.00000E+00
 1.11598E+00 1.29433E-02 7.05154E+00 1.11598E+00 1.29433E-02 6.27597E+00 0.00000E+00 0.00000E+00 0.00000E+00 0.00000E+00 0.00000E+00 0.00000E+00
 1.16581E+00 2.15530E-01 6.83339E+00 1.16581E+00 2.15530E-01 5.33238E+00 0.00000E+00 0.00000E+00 0.00000E+00 0.00000E+00 0.00000E+00 0.00000E+00
 1.20444E+00 1.90027E-01 7.01881E+00 1.20444E+00 1.90027E-01 5.55466E+00 0.00000E+00 0.00000E+00 0.00000E+00 0.00000E+00 0.00000E+00 0.00000E+00
 1.23784E+00 1.67438E-01 7.16888E+00 1.23784E+00 1.67438E-01 5.74273E+00 0.00000E+00 0.00000E+00 0.00000E+00 0.00000E+00 0.00000E+00 0.00000E+00
 1.26443E+00 1.47549E-01 7.28763E+00 1.26443E+00 1.47549E-01 5.90038E+00 0.00000E+00 0.00000E+00 0.00000E+00 0.00000E+00 0.00000E+00 0.00000E+00
 1.28503E+00 1.30126E-01 7.37845E+00 1.28503E+00 1.30126E-01 6.03062E+00 0.00000E+00 0.00000E+00 0.00000E+00 0.00000E+00 0.00000E+00 0.00000E+00
 1.30020E+00 1.14915E-01 7.44408E+00 1.30020E+00 1.14915E-01 6.13588E+00 0.00000E+00 0.00000E+00 0.00000E+00 0.00000E+00 0.00000E+00 0.00000E+00
 1.31057E+00 1.01656E-01 7.48739E+00 1.31057E+00 1.01656E-01 6.21887E+00 0.00000E+00 0.00000E+00 0.00000E+00 0.00000E+00 0.00000E+00 0.00000E+00
 1.31576E+00 9.25714E-02 7.50750E+00 1.31576E+00 9.25714E-02 6.26971E+00 0.00000E+00 0.00000E+00 0.00000E+00 0.00000E+00 0.00000E+00 0.00000E+00
 1.31614E+00 9.01996E-02 7.50963E+00 1.31614E+00 9.01996E-02 6.28078E+00 0.00000E+00 0.00000E+00 0.00000E+00 0.00000E+00 0.00000E+00 0.00000E+00
 1.31792E+00 7.97437E-02 7.51006E+00 1.31792E+00 7.97437E-02 6.32374E+00 0.00000E+00 0.00000E+00 0.00000E+00 0.00000E+00 0.00000E+00 0.00000E+00
 1.31630E+00 7.05748E-02 7.49377E+00 1.31630E+00 7.05748E-02 6.34979E+00 0.00000E+00 0.00000E+00 0.00000E+00 0.00000E+00 0.00000E+00 0.00000E+00
 1.31108E+00 6.25101E-02 7.46237E+00 1.31108E+00 6.25101E-02 6.36047E+00 0.00000E+00 0.00000E+00 0.00000E+00 0.00000E+00 0.00000E+00 0.00000E+00
 1.30259E+00 5.53896E-02 7.41728E+00 1.30259E+00 5.53896E-02 6.35708E+00 0.00000E+00 0.00000E+00 0.00000E+00 0.00000E+00 0.00000E+00 0.00000E+00
 1.29114E+00 4.90826E-02 7.35965E+00 1.29114E+00 4.90826E-02 6.34064E+00 0.00000E+00 0.00000E+00 0.00000E+00 0.00000E+00 0.00000E+00 0.00000E+00
 1.27702E+00 4.34823E-02 7.29058E+00 1.27702E+00 4.34823E-02 6.31216E+00 0.00000E+00 0.00000E+00 0.00000E+00 0.00000E+00 0.00000E+00 0.00000E+00
 1.26052E+00 3.85016E-02 7.21106E+00 1.26052E+00 3.85016E-02 6.27257E+00 0.00000E+00 0.00000E+00 0.00000E+00 0.00000E+00 0.00000E+00 0.00000E+00
 1.24188E+00 3.40692E-02 7.12195E+00 1.24188E+00 3.40692E-02 6.22264E+00 0.00000E+00 0.00000E+00 0.00000E+00 0.00000E+00 0.00000E+00 0.00000E+00
 1.22134E+00 3.01249E-02 7.02402E+00 1.22134E+00 3.01249E-02 6.16308E+00 0.00000E+00 0.00000E+00 0.00000E+00 0.00000E+00 0.00000E+00 0.00000E+00
 1.19910E+00 2.66164E-02 6.91802E+00 1.19910E+00 2.66164E-02 6.09459E+00 0.00000E+00 0.00000E+00 0.00000E+00 0.00000E+00 0.00000E+00 0.00000E+00
 1.17537E+00 2.34980E-02 6.80465E+00 1.17537E+00 2.34980E-02 6.01781E+00 0.00000E+00 0.00000E+00 0.00000E+00 0.00000E+00 0.00000E+00 0.00000E+00
 1.15035E+00 2.07287E-02 6.68459E+00 1.15035E+00 2.07287E-02 5.93339E+00 0.00000E+00 0.00000E+00 0.00000E+00 0.00000E+00 0.00000E+00 0.00000E+00
 1.12421E+00 1.82717E-02 6.55848E+00 1.12421E+00 1.82717E-02 5.84195E+00 0.00000E+00 0.00000E+00 0.00000E+00 0.00000E+00 0.00000E+00 0.00000E+00
 1.09711E+00 1.60938E-02 6.42698E+00 1.09711E+00 1.60938E-02 5.74410E+00 0.00000E+00 0.00000E+00 0.00000E+00 0.00000E+00 0.00000E+00 0.00000E+00
 1.06923E+00 1.41651E-02 6.29068E+00 1.06923E+00 1.41651E-02 5.64043E+00 0.00000E+00 0.00000E+00 0.00000E+00 0.00000E+00 0.00000E+00 0.00000E+00
 1.04071E+00 1.24589E-02 6.15017E+00 1.04071E+00 1.24589E-02 5.53148E+00 0.00000E+00 0.00000E+00 0.00000E+00 0.00000E+00 0.00000E+00 0.00000E+00
 1.01169E+00 1.09507E-02 6.00604E+00 1.01169E+00 1.09507E-02 5.41786E+00 0.00000E+00 0.00000E+00 0.00000E+00 0.00000E+00 0.00000E+00 0.00000E+00
 1.16408E+00 2.01264E-01 6.21901E+00 1.16408E+00 2.01264E-01 4.96602E+00 0.00000E+00 0.00000E+00 0.00000E+00 0.00000E+00 0.00000E+00 0.00000E+00
 1.19614E+00 1.76071E-01 6.37999E+00 1.19614E+00 1.76071E-01 5.16407E+00 0.00000E+00 0.00000E+00 0.00000E+00 0.00000E+00 0.00000E+00 0.00000E+00
 1.22261E+00 1.53904E-01 6.50625E+00 1.22261E+00 1.53904E-01 5.32772E+00 0.00000E+00 0.00000E+00 0.00000E+00 0.00000E+00 0.00000E+00 0.00000E+00
 1.24238E+00 1.34542E-01 6.60179E+00 1.24238E+00 1.34542E-01 5.46081E+00 0.00000E+00 0.00000E+00 0.00000E+00 0.00000E+00 0.00000E+00 0.00000E+00
 1.25634E+00 1.17741E-01 6.67009E+00 1.25634E+00 1.17741E-01 5.56657E+00 0.00000E+00 0.00000E+00 0.00000E+00 0.00000E+00 0.00000E+00 0.00000E+00
 1.26512E+00 1.03230E-01 6.71408E+00 1.26512E+00 1.03230E-01 5.64772E+00 0.00000E+00 0.00000E+00 0.00000E+00 0.00000E+00 0.00000E+00 0.00000E+00
 1.26940E+00 9.07221E-02 6.73675E+00 1.26940E+00 9.07221E-02 5.70713E+00 0.00000E+00 0.00000E+00 0.00000E+00 0.00000E+00 0.00000E+00 0.00000E+00
 1.27008E+00 8.22371E-02 6.74160E+00 1.27008E+00 8.22371E-02 5.74015E+00 0.00000E+00 0.00000E+00 0.00000E+00 0.00000E+00 0.00000E+00 0.00000E+00
 1.26929E+00 8.00333E-02 6.73964E+00 1.26929E+00 8.00333E-02 5.74632E+00 0.00000E+00 0.00000E+00 0.00000E+00 0.00000E+00 0.00000E+00 0.00000E+00
 1.26533E+00 7.03883E-02 6.72119E+00 1.26533E+00 7.03883E-02 5.76633E+00 0.00000E+00 0.00000E+00 0.00000E+00 0.00000E+00 0.00000E+00 0.00000E+00
 1.25826E+00 6.20219E-02 6.68727E+00 1.25826E+00 6.20219E-02 5.77035E+00 0.00000E+00 0.00000E+00 0.00000E+00 0.00000E+00 0.00000E+00 0.00000E+00
 1.24800E+00 5.47299E-02 6.63958E+00 1.24800E+00 5.47299E-02 5.76005E+00 0.00000E+00 0.00000E+00 0.00000E+00 0.00000E+00 0.00000E+00 0.00000E+00
 1.23489E+00 4.83399E-02 6.57963E+00 1.23489E+00 4.83399E-02 5.73685E+00 0.00000E+00 0.00000E+00 0.00000E+00 0.00000E+00 0.00000E+00 0.00000E+00
 1.21924E+00 4.27142E-02 6.50862E+00 1.21924E+00 4.27142E-02 5.70188E+00 0.00000E+00 0.00000E+00 0.00000E+00 0.00000E+00 0.00000E+00 0.00000E+00
 1.20133E+00 3.77432E-02 6.42769E+00 1.20133E+00 3.77432E-02 5.65621E+00 0.00000E+00 0.00000E+00 0.00000E+00 0.00000E+00 0.00000E+00 0.00000E+00
 1.18143E+00 3.33395E-02 6.33784E+00 1.18143E+00 3.33395E-02 5.60081E+00 0.00000E+00 0.00000E+00 0.00000E+00 0.00000E+00 0.00000E+00 0.00000E+00
 1.15978E+00 2.94335E-02 6.23992E+00 1.15978E+00 2.94335E-02 5.53649E+00 0.00000E+00 0.00000E+00 0.00000E+00 0.00000E+00 0.00000E+00 0.00000E+00
 1.13659E+00 2.59676E-02 6.13473E+00 1.13659E+00 2.59676E-02 5.46398E+00 0.00000E+00 0.00000E+00 0.00000E+00 0.00000E+00 0.00000E+00 0.00000E+00
 1.11207E+00 2.28928E-02 6.02298E+00 1.11207E+00 2.28928E-02 5.38400E+00 0.00000E+00 0.00000E+00 0.00000E+00 0.00000E+00 0.00000E+00 0.00000E+00
 1.08640E+00 2.01668E-02 5.90537E+00 1.08640E+00 2.01668E-02 5.29720E+00 0.00000E+00 0.00000E+00 0.00000E+00 0.00000E+00 0.00000E+00 0.00000E+00
 1.05976E+00 1.77517E-02 5.78255E+00 1.05976E+00 1.77517E-02 5.20422E+00 0.00000E+00 0.00000E+00 0.00000E+00 0.00000E+00 0.00000E+00 0.00000E+00
 1.03231E+00 1.56139E-02 5.65515E+00 1.03231E+00 1.56139E-02 5.10568E+00 0.00000E+00 0.00000E+00 0.00000E+00 0.00000E+00 0.00000E+00 0.00000E+00
 1.00421E+00 1.37233E-02 5.52379E+00 1.00421E+00 1.37233E-02 5.00217E+00 0.00000E+00 0.00000E+00 0.00000E+00 0.00000E+00 0.00000E+00 0.00000E+00
 9.75604E-01 1.20527E-02 5.38903E+00 9.75604E-01 1.20527E-02 4.89428E+00 0.00000E+00 0.00000E+00 0.00000E+00 0.00000E+00 0.00000E+00 0.00000E+00
 9.46618E-01 1.05782E-02 5.25143E+00 9.46618E-01 1.05782E-02 4.78253E+00 0.00000E+00 0.00000E+00 0.00000E+00 0.00000E+00 0.00000E+00 0.00000E+00
 9.17385E-01 9.27762E-03 5.11153E+00 9.17385E-01 9.27762E-03 4.66748E+00 0.00000E+00 0.00000E+00 0.00000E+00 0.00000E+00 0.00000E+00 0.00000E+00
 1.15788E+00 1.89701E-01 5.67514E+00 1.15788E+00 1.89701E-01 4.62893E+00 0.00000E+00 0.00000E+00 0.00000E+00 0.00000E+00 0.00000E+00 0.00000E+00
 1.18400E+00 1.64599E-01 5.81521E+00 1.18400E+00 1.64599E-01 4.80541E+00 0.00000E+00 0.00000E+00 0.00000E+00 0.00000E+00 0.00000E+00 0.00000E+00
 1.20425E+00 1.42645E-01 5.92109E+00 1.20425E+00 1.42645E-01 4.94735E+00 0.00000E+00 0.00000E+00 0.00000E+00 0.00000E+00 0.00000E+00 0.00000E+00
 1.21794E+00 1.23618E-01 5.99675E+00 1.21794E+00 1.23618E-01 5.05868E+00 0.00000E+00 0.00000E+00 0.00000E+00 0.00000E+00 0.00000E+00 0.00000E+00
 1.22600E+00 1.07266E-01 6.04580E+00 1.22600E+00 1.07266E-01 5.14282E+00 0.00000E+00 0.00000E+00 0.00000E+00 0.00000E+00 0.00000E+00 0.00000E+00
 1.22913E+00 9.32974E-02 6.07135E+00 1.22913E+00 9.32974E-02 5.20274E+00 0.00000E+00 0.00000E+00 0.00000E+00 0.00000E+00 0.00000E+00 0.00000E+00
 1.22804E+00 8.13985E-02 6.07652E+00 1.22804E+00 8.13985E-02 5.24153E+00 0.00000E+00 0.00000E+00 0.00000E+00 0.00000E+00 0.00000E+00 0.00000E+00
 1.22475E+00 7.34122E-02 6.06851E+00 1.22475E+00 7.34122E-02 5.25906E+00 0.00000E+00 0.00000E+00 0.00000E+00 0.00000E+00 0.00000E+00 0.00000E+00
 1.22295E+00 7.13489E-02 6.06313E+00 1.22295E+00 7.13489E-02 5.26099E+00 0.00000E+00 0.00000E+00 0.00000E+00 0.00000E+00 0.00000E+00 0.00000E+00
 1.21397E+00 6.23890E-02 6.02900E+00 1.21397E+00 6.23890E-02 5.26129E+00 0.00000E+00 0.00000E+00 0.00000E+00 0.00000E+00 0.00000E+00 0.00000E+00
 1.20218E+00 5.47089E-02 5.98061E+00 1.20218E+00 5.47089E-02 5.24658E+00 0.00000E+00 0.00000E+00 0.00000E+00 0.00000E+00 0.00000E+00 0.00000E+00
 1.18758E+00 4.80824E-02 5.91977E+00 1.18758E+00 4.80824E-02 5.21865E+00 0.00000E+00 0.00000E+00 0.00000E+00 0.00000E+00 0.00000E+00 0.00000E+00
 1.17053E+00 4.23236E-02 5.84805E+00 1.17053E+00 4.23236E-02 5.17904E+00 0.00000E+00 0.00000E+00 0.00000E+00 0.00000E+00 0.00000E+00 0.00000E+00
 1.15130E+00 3.72871E-02 5.76671E+00 1.15130E+00 3.72871E-02 5.12896E+00 0.00000E+00 0.00000E+00 0.00000E+00 0.00000E+00 0.00000E+00 0.00000E+00
 1.13020E+00 3.28598E-02 5.67690E+00 1.13020E+00 3.28598E-02 5.06954E+00 0.00000E+00 0.00000E+00 0.00000E+00 0.00000E+00 0.00000E+00 0.00000E+00
 1.10748E+00 2.89540E-02 5.57962E+00 1.10748E+00 2.89540E-02 5.00175E+00 0.00000E+00 0.00000E+00 0.00000E+00 0.00000E+00 0.00000E+00 0.00000E+00
 1.08335E+00 2.55014E-02 5.47572E+00 1.08335E+00 2.55014E-02 4.92643E+00 0.00000E+00 0.00000E+00 0.00000E+00 0.00000E+00 0.00000E+00 0.00000E+00
 1.05802E+00 2.24468E-02 5.36597E+00 1.05802E+00 2.24468E-02 4.84432E+00 0.00000E+00 0.00000E+00 0.00000E+00 0.00000E+00 0.00000E+00 0.00000E+00
 1.03168E+00 1.97443E-02 5.25107E+00 1.03168E+00 1.97443E-02 4.75612E+00 0.00000E+00 0.00000E+00 0.00000E+00 0.00000E+00 0.00000E+00 0.00000E+00
 1.00450E+00 1.73542E-02 5.13169E+00 1.00450E+00 1.73542E-02 4.66249E+00 0.00000E+00 0.00000E+00 0.00000E+00 0.00000E+00 0.00000E+00 0.00000E+00
 9.76647E-01 1.52418E-02 5.00845E+00 9.76647E-01 1.52418E-02 4.56405E+00 0.00000E+00 0.00000E+00 0.00000E+00 0.00000E+00 0.00000E+00 0.00000E+00
 9.48263E-01 1.33765E-02 4.88195E+00 9.48263E-01 1.33765E-02 4.46140E+00 0.00000E+00 0.00000E+00 0.00000E+00 0.00000E+00 0.00000E+00 0.00000E+00
 9.19490E-01 1.17306E-02 4.75275E+00 9.19490E-01 1.17306E-02 4.35511E+00 0.00000E+00 0.00000E+00 0.00000E+00 0.00000E+00 0.00000E+00 0.00000E+00
 8.90457E-01 1.02796E-02 4.62140E+00 8.90457E-01 1.02796E-02 4.24573E+00 0.00000E+00 0.00000E+00 0.00000E+00 0.00000E+00 0.00000E+00 0.00000E+00
 8.61286E-01 9.00178E-03 4.48839E+00 8.61286E-01 9.00178E-03 4.13375E+00 0.00000E+00 0.00000E+00 0.00000E+00 0.00000E+00 0.00000E+00 0.00000E+00
 8.32088E-01 7.87726E-03 4.35423E+00 8.32088E-01 7.87726E-03 4.01970E+00 0.00000E+00 0.00000E+00 0.00000E+00 0.00000E+00 0.00000E+00 0.00000E+00
 1.14708E+00 1.80446E-01 5.18990E+00 1.14708E+00 1.80446E-01 4.31754E+00 0.00000E+00 0.00000E+00 0.00000E+00 0.00000E+00 0.00000E+00 0.00000E+00
 1.16795E+00 1.55219E-01 5.31148E+00 1.16795E+00 1.55219E-01 4.47422E+00 0.00000E+00 0.00000E+00 0.00000E+00 0.00000E+00 0.00000E+00 0.00000E+00
 1.18275E+00 1.33279E-01 5.39939E+00 1.18275E+00 1.33279E-01 4.59634E+00 0.00000E+00 0.00000E+00 0.00000E+00 0.00000E+00 0.00000E+00 0.00000E+00
 1.19109E+00 1.14411E-01 5.45760E+00 1.19109E+00 1.14411E-01 4.68792E+00 0.00000E+00 0.00000E+00 0.00000E+00 0.00000E+00 0.00000E+00 0.00000E+00
 1.19396E+00 9.83521E-02 5.48983E+00 1.19396E+00 9.83521E-02 4.75257E+00 0.00000E+00 0.00000E+00 0.00000E+00 0.00000E+00 0.00000E+00 0.00000E+00
 1.19213E+00 8.47893E-02 5.49938E+00 1.19213E+00 8.47893E-02 4.79352E+00 0.00000E+00 0.00000E+00 0.00000E+00 0.00000E+00 0.00000E+00 0.00000E+00
 1.18633E+00 7.33781E-02 5.48951E+00 1.18633E+00 7.33781E-02 4.81404E+00 0.00000E+00 0.00000E+00 0.00000E+00 0.00000E+00 0.00000E+00 0.00000E+00
 1.17957E+00 6.58055E-02 5.47054E+00 1.17957E+00 6.58055E-02 4.81797E+00 0.00000E+00 0.00000E+00 0.00000E+00 0.00000E+00 0.00000E+00 0.00000E+00
 1.17687E+00 6.38595E-02 5.46230E+00 1.17687E+00 6.38595E-02 4.81623E+00 0.00000E+00 0.00000E+00 0.00000E+00 0.00000E+00 0.00000E+00 0.00000E+00
 1.16354E+00 5.54804E-02 5.41507E+00 1.16354E+00 5.54804E-02 4.79950E+00 0.00000E+00 0.00000E+00 0.00000E+00 0.00000E+00 0.00000E+00 0.00000E+00
 1.14766E+00 4.83914E-02 5.35482E+00 1.14766E+00 4.83914E-02 4.76883E+00 0.00000E+00 0.00000E+00 0.00000E+00 0.00000E+00 0.00000E+00 0.00000E+00
 1.12933E+00 4.23429E-02 5.28342E+00 1.12933E+00 4.23429E-02 4.72613E+00 0.00000E+00 0.00000E+00 0.00000E+00 0.00000E+00 0.00000E+00 0.00000E+00
 1.10890E+00 3.71344E-02 5.20250E+00 1.10890E+00 3.71344E-02 4.67299E+00 0.00000E+00 0.00000E+00 0.00000E+00 0.00000E+00 0.00000E+00 0.00000E+00
 1.08665E+00 3.26124E-02 5.11336E+00 1.08665E+00 3.26124E-02 4.61072E+00 0.00000E+00 0.00000E+00 0.00000E+00 0.00000E+00 0.00000E+00 0.00000E+00
 1.06288E+00 2.86599E-02 5.01715E+00 1.06288E+00 2.86599E-02 4.54045E+00 0.00000E+00 0.00000E+00 0.00000E+00 0.00000E+00 0.00000E+00 0.00000E+00
 1.03781E+00 2.51883E-02 4.91484E+00 1.03781E+00 2.51883E-02 4.46317E+00 0.00000E+00 0.00000E+00 0.00000E+00 0.00000E+00 0.00000E+00 0.00000E+00
 1.01167E+00 2.21305E-02 4.80728E+00 1.01167E+00 2.21305E-02 4.37970E+00 0.00000E+00 0.00000E+00 0.00000E+00 0.00000E+00 0.00000E+00 0.00000E+00
 9.84630E-01 1.94335E-02 4.69520E+00 9.84630E-01 1.94335E-02 4.29079E+00 0.00000E+00 0.00000E+00 0.00000E+00 0.00000E+00 0.00000E+00 0.00000E+00
 9.56875E-01 1.70538E-02 4.57927E+00 9.56875E-01 1.70538E-02 4.19712E+00 0.00000E+00 0.00000E+00 0.00000E+00 0.00000E+00 0.00000E+00 0.00000E+00
 9.28561E-01 1.49547E-02 4.46013E+00 9.28561E-01 1.49547E-02 4.09932E+00 0.00000E+00 0.00000E+00 0.00000E+00 0.00000E+00 0.00000E+00 0.00000E+00
 8.99836E-01 1.31041E-02 4.33835E+00 8.99836E-01 1.31041E-02 3.99798E+00 0.00000E+00 0.00000E+00 0.00000E+00 0.00000E+00 0.00000E+00 0.00000E+00
 8.70836E-01 1.14738E-02 4.21449E+00 8.70836E-01 1.14738E-02 3.89367E+00 0.00000E+00 0.00000E+00 0.00000E+00 0.00000E+00 0.00000E+00 0.00000E+00
 8.41685E-01 1.00387E-02 4.08906E+00 8.41685E-01 1.00387E-02 3.78693E+00 0.00000E+00 0.00000E+00 0.00000E+00 0.00000E+00 0.00000E+00 0.00000E+00
 8.12499E-01 8.77649E-03 3.96255E+00 8.12499E-01 8.77649E-03 3.67824E+00 0.00000E+00 0.00000E+00 0.00000E+00 0.00000E+00 0.00000E+00 0.00000E+00
 7.83388E-01 7.66762E-03 3.83543E+00 7.83388E-01 7.66762E-03 3.56810E+00 0.00000E+00 0.00000E+00 0.00000E+00 0.00000E+00 0.00000E+00 0.00000E+00
 7.54447E-01 6.69401E-03 3.70812E+00 7.54447E-01 6.69401E-03 3.45694E+00 0.00000E+00 0.00000E+00 0.00000E+00 0.00000E+00 0.00000E+00 0.00000E+00
 1.13260E+00 1.73191E-01 4.76045E+00 1.13260E+00 1.73191E-01 4.03385E+00 0.00000E+00 0.00000E+00 0.00000E+00 0.00000E+00 0.00000E+00 0.00000E+00
 1.14894E+00 1.47637E-01 4.86559E+00 1.14894E+00 1.47637E-01 4.17228E+00 0.00000E+00 0.00000E+00 0.00000E+00 0.00000E+00 0.00000E+00 0.00000E+00
 1.15901E+00 1.25533E-01 4.93755E+00 1.15901E+00 1.25533E-01 4.27626E+00 0.00000E+00 0.00000E+00 0.00000E+00 0.00000E+00 0.00000E+00 0.00000E+00
 1.16267E+00 1.06667E-01 4.98032E+00 1.16267E+00 1.06667E-01 4.34986E+00 0.00000E+00 0.00000E+00 0.00000E+00 0.00000E+00 0.00000E+00 0.00000E+00
 1.16098E+00 9.07644E-02 4.99775E+00 1.16098E+00 9.07644E-02 4.39691E+00 0.00000E+00 0.00000E+00 0.00000E+00 0.00000E+00 0.00000E+00 0.00000E+00
 1.15477E+00 7.74879E-02 4.99333E+00 1.15477E+00 7.74879E-02 4.42086E+00 0.00000E+00 0.00000E+00 0.00000E+00 0.00000E+00 0.00000E+00 0.00000E+00
 1.14482E+00 6.64596E-02 4.97046E+00 1.14482E+00 6.64596E-02 4.42518E+00 0.00000E+00 0.00000E+00 0.00000E+00 0.00000E+00 0.00000E+00 0.00000E+00
 1.13500E+00 5.92278E-02 4.94213E+00 1.13500E+00 5.92278E-02 4.41717E+00 0.00000E+00 0.00000E+00 0.00000E+00 0.00000E+00 0.00000E+00 0.00000E+00
 1.13151E+00 5.73796E-02 4.93145E+00 1.13151E+00 5.73796E-02 4.41223E+00 0.00000E+00 0.00000E+00 0.00000E+00 0.00000E+00 0.00000E+00 0.00000E+00
 1.11435E+00 4.94925E-02 4.87327E+00 1.11435E+00 4.94925E-02 4.38081E+00 0.00000E+00 0.00000E+00 0.00000E+00 0.00000E+00 0.00000E+00 0.00000E+00
 1.09491E+00 4.29134E-02 4.80329E+00 1.09491E+00 4.29134E-02 4.33659E+00 0.00000E+00 0.00000E+00 0.00000E+00 0.00000E+00 0.00000E+00 0.00000E+00
 1.07333E+00 3.73684E-02 4.72345E+00 1.07333E+00 3.73684E-02 4.28156E+00 0.00000E+00 0.00000E+00 0.00000E+00 0.00000E+00 0.00000E+00 0.00000E+00
 1.04999E+00 3.26416E-02 4.63542E+00 1.04999E+00 3.26416E-02 4.21737E+00 0.00000E+00 0.00000E+00 0.00000E+00 0.00000E+00 0.00000E+00 0.00000E+00
 1.02517E+00 2.85707E-02 4.54052E+00 1.02517E+00 2.85707E-02 4.14537E+00 0.00000E+00 0.00000E+00 0.00000E+00 0.00000E+00 0.00000E+00 0.00000E+00
 9.99138E-01 2.50343E-02 4.43988E+00 9.99138E-01 2.50343E-02 4.06671E+00 0.00000E+00 0.00000E+00 0.00000E+00 0.00000E+00 0.00000E+00 0.00000E+00
 9.72129E-01 2.19429E-02 4.33446E+00 9.72129E-01 2.19429E-02 3.98235E+00 0.00000E+00 0.00000E+00 0.00000E+00 0.00000E+00 0.00000E+00 0.00000E+00
 9.44339E-01 1.92303E-02 4.22506E+00 9.44339E-01 1.92303E-02 3.89311E+00 0.00000E+00 0.00000E+00 0.00000E+00 0.00000E+00 0.00000E+00 0.00000E+00
 9.15944E-01 1.68454E-02 4.11237E+00 9.15944E-01 1.68454E-02 3.79970E+00 0.00000E+00 0.00000E+00 0.00000E+00 0.00000E+00 0.00000E+00 0.00000E+00
 8.87104E-01 1.47470E-02 3.99702E+00 8.87104E-01 1.47470E-02 3.70277E+00 0.00000E+00 0.00000E+00 0.00000E+00 0.00000E+00 0.00000E+00 0.00000E+00
 8.57965E-01 1.29008E-02 3.87960E+00 8.57965E-01 1.29008E-02 3.60291E+00 0.00000E+00 0.00000E+00 0.00000E+00 0.00000E+00 0.00000E+00 0.00000E+00
 8.28659E-01 1.12773E-02 3.76065E+00 8.28659E-01 1.12773E-02 3.50069E+00 0.00000E+00 0.00000E+00 0.00000E+00 0.00000E+00 0.00000E+00 0.00000E+00
 7.99310E-01 9.85068E-03 3.64065E+00 7.99310E-01 9.85068E-03 3.39662E+00 0.00000E+00 0.00000E+00 0.00000E+00 0.00000E+00 0.00000E+00 0.00000E+00
 7.70027E-01 8.59791E-03 3.52008E+00 7.70027E-01 8.59791E-03 3.29118E+00 0.00000E+00 0.00000E+00 0.00000E+00 0.00000E+00 0.00000E+00 0.00000E+00
 7.40912E-01 7.49873E-03 3.39936E+00 7.40912E-01 7.49873E-03 3.18482E+00 0.00000E+00 0.00000E+00 0.00000E+00 0.00000E+00 0.00000E+00 0.00000E+00
 7.12063E-01 6.53542E-03 3.27892E+00 7.12063E-01 6.53542E-03 3.07799E+00 0.00000E+00 0.00000E+00 0.00000E+00 0.00000E+00 0.00000E+00 0.00000E+00
 6.83561E-01 5.69166E-03 3.15911E+00 6.83561E-01 5.69166E-03 2.97106E+00 0.00000E+00 0.00000E+00 0.00000E+00 0.00000E+00 0.00000E+00 0.00000E+00
 1.11293E+00 1.67287E-01 4.37156E+00 1.11293E+00 1.67287E-01 3.76836E+00 0.00000E+00 0.00000E+00 0.00000E+00 0.00000E+00 0.00000E+00 0.00000E+00
 1.12544E+00 1.41282E-01 4.46154E+00 1.12544E+00 1.41282E-01 3.88948E+00 0.00000E+00 0.00000E+00 0.00000E+00 0.00000E+00 0.00000E+00 0.00000E+00
 1.13142E+00 1.18903E-01 4.51895E+00 1.13142E+00 1.18903E-01 3.97644E+00 0.00000E+00 0.00000E+00 0.00000E+00 0.00000E+00 0.00000E+00 0.00000E+00
 1.13103E+00 9.99423E-02 4.54778E+00 1.13103E+00 9.99423E-02 4.03339E+00 0.00000E+00 0.00000E+00 0.00000E+00 0.00000E+00 0.00000E+00 0.00000E+00
 1.12535E+00 8.41142E-02 4.55200E+00 1.12535E+00 8.41142E-02 4.06434E+00 0.00000E+00 0.00000E+00 0.00000E+00 0.00000E+00 0.00000E+00 0.00000E+00
 1.11529E+00 7.10514E-02 4.53530E+00 1.11529E+00 7.10514E-02 4.07297E+00 0.00000E+00 0.00000E+00 0.00000E+00 0.00000E+00 0.00000E+00 0.00000E+00
 1.10169E+00 6.03409E-02 4.50118E+00 1.10169E+00 6.03409E-02 4.06291E+00 0.00000E+00 0.00000E+00 0.00000E+00 0.00000E+00 0.00000E+00 0.00000E+00
 1.08919E+00 5.34037E-02 4.46488E+00 1.08919E+00 5.34037E-02 4.04445E+00 0.00000E+00 0.00000E+00 0.00000E+00 0.00000E+00 0.00000E+00 0.00000E+00
 1.08501E+00 5.16406E-02 4.45218E+00 1.08501E+00 5.16406E-02 4.03675E+00 0.00000E+00 0.00000E+00 0.00000E+00 0.00000E+00 0.00000E+00 0.00000E+00
 1.06451E+00 4.41872E-02 4.38496E+00 1.06451E+00 4.41872E-02 3.99278E+00 0.00000E+00 0.00000E+00 0.00000E+00 0.00000E+00 0.00000E+00 0.00000E+00
 1.04199E+00 3.80632E-02 4.30722E+00 1.04199E+00 3.80632E-02 3.93723E+00 0.00000E+00 0.00000E+00 0.00000E+00 0.00000E+00 0.00000E+00 0.00000E+00
 1.01764E+00 3.29699E-02 4.22091E+00 1.01764E+00 3.29699E-02 3.87213E+00 0.00000E+00 0.00000E+00 0.00000E+00 0.00000E+00 0.00000E+00 0.00000E+00
 9.91835E-01 2.86760E-02 4.12772E+00 9.91835E-01 2.86760E-02 3.79920E+00 0.00000E+00 0.00000E+00 0.00000E+00 0.00000E+00 0.00000E+00 0.00000E+00
 9.64869E-01 2.50102E-02 4.02897E+00 9.64869E-01 2.50102E-02 3.71979E+00 0.00000E+00 0.00000E+00 0.00000E+00 0.00000E+00 0.00000E+00 0.00000E+00
 9.37001E-01 2.18470E-02 3.92577E+00 9.37001E-01 2.18470E-02 3.63502E+00 0.00000E+00 0.00000E+00 0.00000E+00 0.00000E+00 0.00000E+00 0.00000E+00
 9.08447E-01 1.90959E-02 3.81902E+00 9.08447E-01 1.90959E-02 3.54583E+00 0.00000E+00 0.00000E+00 0.00000E+00 0.00000E+00 0.00000E+00 0.00000E+00
 8.79394E-01 1.66915E-02 3.70947E+00 8.79394E-01 1.66915E-02 3.45300E+00 0.00000E+00 0.00000E+00 0.00000E+00 0.00000E+00 0.00000E+00 0.00000E+00
 8.50005E-01 1.45844E-02 3.59778E+00 8.50005E-01 1.45844E-02 3.35720E+00 0.00000E+00 0.00000E+00 0.00000E+00 0.00000E+00 0.00000E+00 0.00000E+00
 8.20425E-01 1.27360E-02 3.48451E+00 8.20425E-01 1.27360E-02 3.25903E+00 0.00000E+00 0.00000E+00 0.00000E+00 0.00000E+00 0.00000E+00 0.00000E+00
 7.90787E-01 1.11141E-02 3.37021E+00 7.90787E-01 1.11141E-02 3.15905E+00 0.00000E+00 0.00000E+00 0.00000E+00 0.00000E+00 0.00000E+00 0.00000E+00
 7.61209E-01 9.69151E-03 3.25534E+00 7.61209E-01 9.69151E-03 3.05776E+00 0.00000E+00 0.00000E+00 0.00000E+00 0.00000E+00 0.00000E+00 0.00000E+00
 7.31799E-01 8.44455E-03 3.14035E+00 7.31799E-01 8.44455E-03 2.95562E+00 0.00000E+00 0.00000E+00 0.00000E+00 0.00000E+00 0.00000E+00 0.00000E+00
 7.02654E-01 7.35233E-03 3.02564E+00 7.02654E-01 7.35233E-03 2.85305E+00 0.00000E+00 0.00000E+00 0.00000E+00 0.00000E+00 0.00000E+00 0.00000E+00
 6.73860E-01 6.39639E-03 2.91158E+00 6.73860E-01 6.39639E-03 2.75046E+00 0.00000E+00 0.00000E+00 0.00000E+00 0.00000E+00 0.00000E+00 0.00000E+00
 6.45505E-01 5.56071E-03 2.79853E+00 6.45505E-01 5.56071E-03 2.64824E+00 0.00000E+00 0.00000E+00 0.00000E+00 0.00000E+00 0.00000E+00 0.00000E+00
 6.17652E-01 4.83056E-03 2.68679E+00 6.17652E-01 4.83056E-03 2.54669E+00 0.00000E+00 0.00000E+00 0.00000E+00 0.00000E+00 0.00000E+00 0.00000E+00
 1.08895E+00 1.62431E-01 4.01898E+00 1.08895E+00 1.62431E-01 3.51994E+00 0.00000E+00 0.00000E+00 0.00000E+00 0.00000E+00 0.00000E+00 0.00000E+00
 1.09818E+00 1.35886E-01 4.09472E+00 1.09818E+00 1.35886E-01 3.62444E+00 0.00000E+00 0.00000E+00 0.00000E+00 0.00000E+00 0.00000E+00 0.00000E+00
 1.10065E+00 1.13157E-01 4.13861E+00 1.10065E+00 1.13157E-01 3.69531E+00 0.00000E+00 0.00000E+00 0.00000E+00 0.00000E+00 0.00000E+00 0.00000E+00
 1.09670E+00 9.40386E-02 4.15468E+00 1.09670E+00 9.40386E-02 3.73675E+00 0.00000E+00 0.00000E+00 0.00000E+00 0.00000E+00 0.00000E+00 0.00000E+00
 1.08751E+00 7.82289E-02 4.14703E+00 1.08751E+00 7.82289E-02 3.75295E+00 0.00000E+00 0.00000E+00 0.00000E+00 0.00000E+00 0.00000E+00 0.00000E+00
 1.07406E+00 6.53299E-02 4.11949E+00 1.07406E+00 6.53299E-02 3.74780E+00 0.00000E+00 0.00000E+00 0.00000E+00 0.00000E+00 0.00000E+00 0.00000E+00
 1.05724E+00 5.48911E-02 4.07566E+00 1.05724E+00 5.48911E-02 3.72502E+00 0.00000E+00 0.00000E+00 0.00000E+00 0.00000E+00 0.00000E+00 0.00000E+00
 1.04238E+00 4.82143E-02 4.03262E+00 1.04238E+00 4.82143E-02 3.69749E+00 0.00000E+00 0.00000E+00 0.00000E+00 0.00000E+00 0.00000E+00 0.00000E+00
 1.03759E+00 4.65269E-02 4.01826E+00 1.03759E+00 4.65269E-02 3.68744E+00 0.00000E+00 0.00000E+00 0.00000E+00 0.00000E+00 0.00000E+00 0.00000E+00
 1.01420E+00 3.94626E-02 3.94374E+00 1.01420E+00 3.94626E-02 3.63291E+00 0.00000E+00 0.00000E+00 0.00000E+00 0.00000E+00 0.00000E+00 0.00000E+00
 9.89019E-01 3.37499E-02 3.85998E+00 9.89019E-01 3.37499E-02 3.56808E+00 0.00000E+00 0.00000E+00 0.00000E+00 0.00000E+00 0.00000E+00 0.00000E+00
 9.62315E-01 2.90657E-02 3.76895E+00 9.62315E-01 2.90657E-02 3.49502E+00 0.00000E+00 0.00000E+00 0.00000E+00 0.00000E+00 0.00000E+00 0.00000E+00
 9.34455E-01 2.51637E-02 3.67233E+00 9.34455E-01 2.51637E-02 3.41545E+00 0.00000E+00 0.00000E+00 0.00000E+00 0.00000E+00 0.00000E+00 0.00000E+00
 9.05737E-01 2.18639E-02 3.57142E+00 9.05737E-01 2.18639E-02 3.33070E+00 0.00000E+00 0.00000E+00 0.00000E+00 0.00000E+00 0.00000E+00 0.00000E+00
 8.76410E-01 1.90371E-02 3.46727E+00 8.76410E-01 1.90371E-02 3.24187E+00 0.00000E+00 0.00000E+00 0.00000E+00 0.00000E+00 0.00000E+00 0.00000E+00
 8.46677E-01 1.65918E-02 3.36073E+00 8.46677E-01 1.65918E-02 3.14983E+00 0.00000E+00 0.00000E+00 0.00000E+00 0.00000E+00 0.00000E+00 0.00000E+00
 8.16712E-01 1.44636E-02 3.25248E+00 8.16712E-01 1.44636E-02 3.05531E+00 0.00000E+00 0.00000E+00 0.00000E+00 0.00000E+00 0.00000E+00 0.00000E+00
 7.86663E-01 1.26050E-02 3.14312E+00 7.86663E-01 1.26050E-02 2.95894E+00 0.00000E+00 0.00000E+00 0.00000E+00 0.00000E+00 0.00000E+00 0.00000E+00
 7.56662E-01 1.09794E-02 3.03317E+00 7.56662E-01 1.09794E-02 2.86126E+00 0.00000E+00 0.00000E+00 0.00000E+00 0.00000E+00 0.00000E+00 0.00000E+00
 7.26826E-01 9.55693E-03 2.92309E+00 7.26826E-01 9.55693E-03 2.76276E+00 0.00000E+00 0.00000E+00 0.00000E+00 0.00000E+00 0.00000E+00 0.00000E+00
 6.97259E-01 8.31257E-03 2.81330E+00 6.97259E-01 8.31257E-03 2.66388E+00 0.00000E+00 0.00000E+00 0.00000E+00 0.00000E+00 0.00000E+00 0.00000E+00
 6.68054E-01 7.22464E-03 2.70417E+00 6.68054E-01 7.22464E-03 2.56503E+00 0.00000E+00 0.00000E+00 0.00000E+00 0.00000E+00 0.00000E+00 0.00000E+00
 6.39292E-01 6.27414E-03 2.59604E+00 6.39292E-01 6.27414E-03 2.46658E+00 0.00000E+00 0.00000E+00 0.00000E+00 0.00000E+00 0.00000E+00 0.00000E+00
 6.11047E-01 5.44436E-03 2.48922E+00 6.11047E-01 5.44436E-03 2.36885E+00 0.00000E+00 0.00000E+00 0.00000E+00 0.00000E+00 0.00000E+00 0.00000E+00
 5.83393E-01 4.72083E-03 2.38403E+00 5.83393E-01 4.72083E-03 2.27218E+00 0.00000E+00 0.00000E+00 0.00000E+00 0.00000E+00 0.00000E+00 0.00000E+00
 5.56378E-01 4.09029E-03 2.28068E+00 5.56378E-01 4.09029E-03 2.17683E+00 0.00000E+00 0.00000E+00 0.00000E+00 0.00000E+00 0.00000E+00 0.00000E+00
 1.06288E+00 1.58539E-01 3.70506E+00 1.06288E+00 1.58539E-01 3.29249E+00 0.00000E+00 0.00000E+00 0.00000E+00 0.00000E+00 0.00000E+00 0.00000E+00
 1.06936E+00 1.31391E-01 3.76771E+00 1.06936E+00 1.31391E-01 3.38144E+00 0.00000E+00 0.00000E+00 0.00000E+00 0.00000E+00 0.00000E+00 0.00000E+00
 1.06881E+00 1.08255E-01 3.79933E+00 1.06881E+00 1.08255E-01 3.43746E+00 0.00000E+00 0.00000E+00 0.00000E+00 0.00000E+00 0.00000E+00 0.00000E+00
 1.06176E+00 8.89303E-02 3.80397E+00 1.06176E+00 8.89303E-02 3.46479E+00 0.00000E+00 0.00000E+00 0.00000E+00 0.00000E+00 0.00000E+00 0.00000E+00
 1.04948E+00 7.30935E-02 3.78583E+00 1.04948E+00 7.30935E-02 3.46778E+00 0.00000E+00 0.00000E+00 0.00000E+00 0.00000E+00 0.00000E+00 0.00000E+00
 1.03304E+00 6.03151E-02 3.74891E+00 1.03304E+00 6.03151E-02 3.45049E+00 0.00000E+00 0.00000E+00 0.00000E+00 0.00000E+00 0.00000E+00 0.00000E+00
 1.01338E+00 5.01055E-02 3.69686E+00 1.01338E+00 5.01055E-02 3.41674E+00 0.00000E+00 0.00000E+00 0.00000E+00 0.00000E+00 0.00000E+00 0.00000E+00
 9.96453E-01 4.36564E-02 3.64827E+00 9.96453E-01 4.36564E-02 3.38152E+00 0.00000E+00 0.00000E+00 0.00000E+00 0.00000E+00 0.00000E+00 0.00000E+00
 9.91135E-01 4.20356E-02 3.63256E+00 9.91135E-01 4.20356E-02 3.36951E+00 0.00000E+00 0.00000E+00 0.00000E+00 0.00000E+00 0.00000E+00 0.00000E+00
 9.65222E-01 3.53164E-02 3.55229E+00 9.65222E-01 3.53164E-02 3.30631E+00 0.00000E+00 0.00000E+00 0.00000E+00 0.00000E+00 0.00000E+00 0.00000E+00
 9.37768E-01 2.99706E-02 3.46406E+00 9.37768E-01 2.99706E-02 3.23412E+00 0.00000E+00 0.00000E+00 0.00000E+00 0.00000E+00 0.00000E+00 0.00000E+00
 9.09075E-01 2.56521E-02 3.36982E+00 9.09075E-01 2.56521E-02 3.15500E+00 0.00000E+00 0.00000E+00 0.00000E+00 0.00000E+00 0.00000E+00 0.00000E+00
 8.79515E-01 2.20998E-02 3.27121E+00 8.79515E-01 2.20998E-02 3.07064E+00 0.00000E+00 0.00000E+00 0.00000E+00 0.00000E+00 0.00000E+00 0.00000E+00
 8.49385E-01 1.91258E-02 3.16950E+00 8.49385E-01 1.91258E-02 2.98235E+00 0.00000E+00 0.00000E+00 0.00000E+00 0.00000E+00 0.00000E+00 0.00000E+00
 8.18925E-01 1.65975E-02 3.06567E+00 8.18925E-01 1.65975E-02 2.89117E+00 0.00000E+00 0.00000E+00 0.00000E+00 0.00000E+00 0.00000E+00 0.00000E+00
 7.88324E-01 1.44229E-02 2.96050E+00 7.88324E-01 1.44229E-02 2.79791E+00 0.00000E+00 0.00000E+00 0.00000E+00 0.00000E+00 0.00000E+00 0.00000E+00
 7.57741E-01 1.25385E-02 2.85460E+00 7.57741E-01 1.25385E-02 2.70324E+00 0.00000E+00 0.00000E+00 0.00000E+00 0.00000E+00 0.00000E+00 0.00000E+00
 7.27309E-01 1.08986E-02 2.74851E+00 7.27309E-01 1.08986E-02 2.60770E+00 0.00000E+00 0.00000E+00 0.00000E+00 0.00000E+00 0.00000E+00 0.00000E+00
 6.97145E-01 9.46850E-03 2.64268E+00 6.97145E-01 9.46850E-03 2.51178E+00 0.00000E+00 0.00000E+00 0.00000E+00 0.00000E+00 0.00000E+00 0.00000E+00
 6.67351E-01 8.22064E-03 2.53751E+00 6.67351E-01 8.22064E-03 2.41592E+00 0.00000E+00 0.00000E+00 0.00000E+00 0.00000E+00 0.00000E+00 0.00000E+00
 6.38016E-01 7.13191E-03 2.43334E+00 6.38016E-01 7.13191E-03 2.32048E+00 0.00000E+00 0.00000E+00 0.00000E+00 0.00000E+00 0.00000E+00 0.00000E+00
 6.09217E-01 6.18252E-03 2.33049E+00 6.09217E-01 6.18252E-03 2.22582E+00 0.00000E+00 0.00000E+00 0.00000E+00 0.00000E+00 0.00000E+00 0.00000E+00
 5.81021E-01 5.35520E-03 2.22924E+00 5.81021E-01 5.35520E-03 2.13223E+00 0.00000E+00 0.00000E+00 0.00000E+00 0.00000E+00 0.00000E+00 0.00000E+00
 5.53487E-01 4.63481E-03 2.12982E+00 5.53487E-01 4.63481E-03 2.03999E+00 0.00000E+00 0.00000E+00 0.00000E+00 0.00000E+00 0.00000E+00 0.00000E+00
 5.26677E-01 4.00832E-03 2.03251E+00 5.26677E-01 4.00832E-03 1.94937E+00 0.00000E+00 0.00000E+00 0.00000E+00 0.00000E+00 0.00000E+00 0.00000E+00
 5.00623E-01 3.46376E-03 1.93746E+00 5.00623E-01 3.46376E-03 1.86056E+00 0.00000E+00 0.00000E+00 0.00000E+00 0.00000E+00 0.00000E+00 0.00000E+00
 1.03275E+00 1.55063E-01 3.41342E+00 1.03275E+00 1.55063E-01 3.07441E+00 0.00000E+00 0.00000E+00 0.00000E+00 0.00000E+00 0.00000E+00 0.00000E+00
 1.03681E+00 1.27294E-01 3.46326E+00 1.03681E+00 1.27294E-01 3.14807E+00 0.00000E+00 0.00000E+00 0.00000E+00 0.00000E+00 0.00000E+00 0.00000E+00
 1.03359E+00 1.03746E-01 3.48312E+00 1.03359E+00 1.03746E-01 3.18977E+00 0.00000E+00 0.00000E+00 0.00000E+00 0.00000E+00 0.00000E+00 0.00000E+00
 1.02378E+00 8.42131E-02 3.47707E+00 1.02378E+00 8.42131E-02 3.20382E+00 0.00000E+00 0.00000E+00 0.00000E+00 0.00000E+00 0.00000E+00 0.00000E+00
 1.00874E+00 6.83499E-02 3.44940E+00 1.00874E+00 6.83499E-02 3.19465E+00 0.00000E+00 0.00000E+00 0.00000E+00 0.00000E+00 0.00000E+00 0.00000E+00
 9.89632E-01 5.56903E-02 3.40420E+00 9.89632E-01 5.56903E-02 3.16647E+00 0.00000E+00 0.00000E+00 0.00000E+00 0.00000E+00 0.00000E+00 0.00000E+00
 9.67460E-01 4.57040E-02 3.34518E+00 9.67460E-01 4.57040E-02 3.12317E+00 0.00000E+00 0.00000E+00 0.00000E+00 0.00000E+00 0.00000E+00 0.00000E+00
 9.48713E-01 3.94749E-02 3.29205E+00 9.48713E-01 3.94749E-02 3.08144E+00 0.00000E+00 0.00000E+00 0.00000E+00 0.00000E+00 0.00000E+00 0.00000E+00
 9.42935E-01 3.79183E-02 3.27529E+00 9.42935E-01 3.79183E-02 3.06782E+00 0.00000E+00 0.00000E+00 0.00000E+00 0.00000E+00 0.00000E+00 0.00000E+00
 9.14857E-01 3.15289E-02 3.19071E+00 9.14857E-01 3.15289E-02 2.99764E+00 0.00000E+00 0.00000E+00 0.00000E+00 0.00000E+00 0.00000E+00 0.00000E+00
 8.85486E-01 2.65308E-02 3.09946E+00 8.85486E-01 2.65308E-02 2.91983E+00 0.00000E+00 0.00000E+00 0.00000E+00 0.00000E+00 0.00000E+00 0.00000E+00
 8.55161E-01 2.25558E-02 3.00347E+00 8.55161E-01 2.25558E-02 2.83642E+00 0.00000E+00 0.00000E+00 0.00000E+00 0.00000E+00 0.00000E+00 0.00000E+00
 8.24255E-01 1.93299E-02 2.90430E+00 8.24255E-01 1.93299E-02 2.74902E+00 0.00000E+00 0.00000E+00 0.00000E+00 0.00000E+00 0.00000E+00 0.00000E+00
 7.93064E-01 1.66583E-02 2.80315E+00 7.93064E-01 1.66583E-02 2.65889E+00 0.00000E+00 0.00000E+00 0.00000E+00 0.00000E+00 0.00000E+00 0.00000E+00
 7.61812E-01 1.44056E-02 2.70093E+00 7.61812E-01 1.44056E-02 2.56700E+00 0.00000E+00 0.00000E+00 0.00000E+00 0.00000E+00 0.00000E+00 0.00000E+00
 7.30675E-01 1.24798E-02 2.59832E+00 7.30675E-01 1.24798E-02 2.47407E+00 0.00000E+00 0.00000E+00 0.00000E+00 0.00000E+00 0.00000E+00 0.00000E+00
 6.99793E-01 1.08186E-02 2.49589E+00 6.99793E-01 1.08186E-02 2.38069E+00 0.00000E+00 0.00000E+00 0.00000E+00 0.00000E+00 0.00000E+00 0.00000E+00
 6.69285E-01 9.37814E-03 2.39407E+00 6.69285E-01 9.37814E-03 2.28735E+00 0.00000E+00 0.00000E+00 0.00000E+00 0.00000E+00 0.00000E+00 0.00000E+00
 6.39252E-01 8.12591E-03 2.29325E+00 6.39252E-01 8.12591E-03 2.19445E+00 0.00000E+00 0.00000E+00 0.00000E+00 0.00000E+00 0.00000E+00 0.00000E+00
 6.09777E-01 7.03633E-03 2.19376E+00 6.09777E-01 7.03633E-03 2.10237E+00 0.00000E+00 0.00000E+00 0.00000E+00 0.00000E+00 0.00000E+00 0.00000E+00
 5.80934E-01 6.08828E-03 2.09589E+00 5.80934E-01 6.08828E-03 2.01140E+00 0.00000E+00 0.00000E+00 0.00000E+00 0.00000E+00 0.00000E+00 0.00000E+00
 5.52785E-01 5.26378E-03 1.99987E+00 5.52785E-01 5.26378E-03 1.92183E+00 0.00000E+00 0.00000E+00 0.00000E+00 0.00000E+00 0.00000E+00 0.00000E+00
 5.25381E-01 4.54719E-03 1.90593E+00 5.25381E-01 4.54719E-03 1.83389E+00 0.00000E+00 0.00000E+00 0.00000E+00 0.00000E+00 0.00000E+00 0.00000E+00
 4.98765E-01 3.92489E-03 1.81425E+00 4.98765E-01 3.92489E-03 1.74780E+00 0.00000E+00 0.00000E+00 0.00000E+00 0.00000E+00 0.00000E+00 0.00000E+00
 4.72987E-01 3.38514E-03 1.72503E+00 4.72987E-01 3.38514E-03 1.66377E+00 0.00000E+00 0.00000E+00 0.00000E+00 0.00000E+00 0.00000E+00 0.00000E+00
 4.48065E-01 2.91725E-03 1.63838E+00 4.48065E-01 2.91725E-03 1.58195E+00 0.00000E+00 0.00000E+00 0.00000E+00 0.00000E+00 0.00000E+00 0.00000E+00
 9.99751E-01 1.51835E-01 3.14536E+00 9.99751E-01 1.51835E-01 2.86775E+00 0.00000E+00 0.00000E+00 0.00000E+00 0.00000E+00 0.00000E+00 0.00000E+00
 1.00155E+00 1.23466E-01 3.18265E+00 1.00155E+00 1.23466E-01 2.92646E+00 0.00000E+00 0.00000E+00 0.00000E+00 0.00000E+00 0.00000E+00 0.00000E+00
 9.95854E-01 9.95351E-02 3.19128E+00 9.95854E-01 9.95351E-02 2.95449E+00 0.00000E+00 0.00000E+00 0.00000E+00 0.00000E+00 0.00000E+00 0.00000E+00
 9.83522E-01 7.98253E-02 3.17530E+00 9.83522E-01 7.98253E-02 2.95616E+00 0.00000E+00 0.00000E+00 0.00000E+00 0.00000E+00 0.00000E+00 0.00000E+00
 9.65982E-01 6.39606E-02 3.13907E+00 9.65982E-01 6.39606E-02 2.93601E+00 0.00000E+00 0.00000E+00 0.00000E+00 0.00000E+00 0.00000E+00 0.00000E+00
 9.44502E-01 5.14356E-02 3.08675E+00 9.44502E-01 5.14356E-02 2.89832E+00 0.00000E+00 0.00000E+00 0.00000E+00 0.00000E+00 0.00000E+00 0.00000E+00
 9.20133E-01 4.16784E-02 3.02202E+00 9.20133E-01 4.16784E-02 2.84698E+00 0.00000E+00 0.00000E+00 0.00000E+00 0.00000E+00 0.00000E+00 0.00000E+00
 8.99824E-01 3.56674E-02 2.96538E+00 8.99824E-01 3.56674E-02 2.79997E+00 0.00000E+00 0.00000E+00 0.00000E+00 0.00000E+00 0.00000E+00 0.00000E+00
 8.93657E-01 3.41738E-02 2.94786E+00 8.93657E-01 3.41738E-02 2.78509E+00 0.00000E+00 0.00000E+00 0.00000E+00 0.00000E+00 0.00000E+00 0.00000E+00
 8.63780E-01 2.81031E-02 2.86039E+00 8.63780E-01 2.81031E-02 2.70967E+00 0.00000E+00 0.00000E+00 0.00000E+00 0.00000E+00 0.00000E+00 0.00000E+00
 8.32870E-01 2.34347E-02 2.76755E+00 8.32870E-01 2.34347E-02 2.62799E+00 0.00000E+00 0.00000E+00 0.00000E+00 0.00000E+00 0.00000E+00 0.00000E+00
 8.01290E-01 1.97813E-02 2.67119E+00 8.01290E-01 1.97813E-02 2.54199E+00 0.00000E+00 0.00000E+00 0.00000E+00 0.00000E+00 0.00000E+00 0.00000E+00
 7.69413E-01 1.68577E-02 2.57277E+00 7.69413E-01 1.68577E-02 2.45321E+00 0.00000E+00 0.00000E+00 0.00000E+00 0.00000E+00 0.00000E+00 0.00000E+00
 7.37524E-01 1.44639E-02 2.47342E+00 7.37524E-01 1.44639E-02 2.36283E+00 0.00000E+00 0.00000E+00 0.00000E+00 0.00000E+00 0.00000E+00 0.00000E+00
 7.05834E-01 1.24628E-02 2.37394E+00 7.05834E-01 1.24628E-02 2.27170E+00 0.00000E+00 0.00000E+00 0.00000E+00 0.00000E+00 0.00000E+00 0.00000E+00
 6.74498E-01 1.07628E-02 2.27492E+00 6.74498E-01 1.07628E-02 2.18047E+00 0.00000E+00 0.00000E+00 0.00000E+00 0.00000E+00 0.00000E+00 0.00000E+00
 6.43639E-01 9.30332E-03 2.17685E+00 6.43639E-01 9.30332E-03 2.08965E+00 0.00000E+00 0.00000E+00 0.00000E+00 0.00000E+00 0.00000E+00 0.00000E+00
 6.13358E-01 8.04247E-03 2.08008E+00 6.13358E-01 8.04247E-03 1.99963E+00 0.00000E+00 0.00000E+00 0.00000E+00 0.00000E+00 0.00000E+00 0.00000E+00
 5.83737E-01 6.94981E-03 1.98494E+00 5.83737E-01 6.94981E-03 1.91076E+00 0.00000E+00 0.00000E+00 0.00000E+00 0.00000E+00 0.00000E+00 0.00000E+00
 5.54845E-01 6.00180E-03 1.89167E+00 5.54845E-01 6.00180E-03 1.82334E+00 0.00000E+00 0.00000E+00 0.00000E+00 0.00000E+00 0.00000E+00 0.00000E+00
 5.26737E-01 5.17920E-03 1.80051E+00 5.26737E-01 5.17920E-03 1.73759E+00 0.00000E+00 0.00000E+00 0.00000E+00 0.00000E+00 0.00000E+00 0.00000E+00
 4.99459E-01 4.46572E-03 1.71162E+00 4.99459E-01 4.46572E-03 1.65374E+00 0.00000E+00 0.00000E+00 0.00000E+00 0.00000E+00 0.00000E+00 0.00000E+00
 4.73047E-01 3.84729E-03 1.62517E+00 4.73047E-01 3.84729E-03 1.57196E+00 0.00000E+00 0.00000E+00 0.00000E+00 0.00000E+00 0.00000E+00 0.00000E+00
 4.47528E-01 3.31167E-03 1.54129E+00 4.47528E-01 3.31167E-03 1.49239E+00 0.00000E+00 0.00000E+00 0.00000E+00 0.00000E+00 0.00000E+00 0.00000E+00
 4.22941E-01 2.84838E-03 1.46012E+00 4.22941E-01 2.84838E-03 1.41522E+00 0.00000E+00 0.00000E+00 0.00000E+00 0.00000E+00 0.00000E+00 0.00000E+00
 3.99287E-01 2.44786E-03 1.38171E+00 3.99287E-01 2.44786E-03 1.34051E+00 0.00000E+00 0.00000E+00 0.00000E+00 0.00000E+00 0.00000E+00 0.00000E+00
 9.65458E-01 1.48884E-01 2.90056E+00 9.65458E-01 1.48884E-01 2.67393E+00 0.00000E+00 0.00000E+00 0.00000E+00 0.00000E+00 0.00000E+00 0.00000E+00
 9.65116E-01 1.19923E-01 2.92582E+00 9.65116E-01 1.19923E-01 2.71831E+00 0.00000E+00 0.00000E+00 0.00000E+00 0.00000E+00 0.00000E+00 0.00000E+00
 9.57123E-01 9.56307E-02 2.92391E+00 9.57123E-01 9.56307E-02 2.73351E+00 0.00000E+00 0.00000E+00 0.00000E+00 0.00000E+00 0.00000E+00 0.00000E+00
 9.42475E-01 7.57685E-02 2.89889E+00 9.42475E-01 7.57685E-02 2.72388E+00 0.00000E+00 0.00000E+00 0.00000E+00 0.00000E+00 0.00000E+00 0.00000E+00
 9.22677E-01 5.99230E-02 2.85511E+00 9.22677E-01 5.99230E-02 2.69397E+00 0.00000E+00 0.00000E+00 0.00000E+00 0.00000E+00 0.00000E+00 0.00000E+00
 8.99080E-01 4.75453E-02 2.79678E+00 8.99080E-01 4.75453E-02 2.64813E+00 0.00000E+00 0.00000E+00 0.00000E+00 0.00000E+00 0.00000E+00 0.00000E+00
 8.72789E-01 3.80204E-02 2.72751E+00 8.72789E-01 3.80204E-02 2.59017E+00 0.00000E+00 0.00000E+00 0.00000E+00 0.00000E+00 0.00000E+00 0.00000E+00
 8.51140E-01 3.22237E-02 2.66829E+00 8.51140E-01 3.22237E-02 2.53903E+00 0.00000E+00 0.00000E+00 0.00000E+00 0.00000E+00 0.00000E+00 0.00000E+00
 8.44646E-01 3.07914E-02 2.65027E+00 8.44646E-01 3.07914E-02 2.52320E+00 0.00000E+00 0.00000E+00 0.00000E+00 0.00000E+00 0.00000E+00 0.00000E+00
 8.13285E-01 2.50266E-02 2.56112E+00 8.13285E-01 2.50266E-02 2.44405E+00 0.00000E+00 0.00000E+00 0.00000E+00 0.00000E+00 0.00000E+00 0.00000E+00
 7.81158E-01 2.06687E-02 2.46788E+00 7.81158E-01 2.06687E-02 2.35999E+00 0.00000E+00 0.00000E+00 0.00000E+00 0.00000E+00 0.00000E+00 0.00000E+00
 7.48644E-01 1.73138E-02 2.37226E+00 7.48644E-01 1.73138E-02 2.27284E+00 0.00000E+00 0.00000E+00 0.00000E+00 0.00000E+00 0.00000E+00 0.00000E+00
 7.16108E-01 1.46680E-02 2.27563E+00 7.16108E-01 1.46680E-02 2.18404E+00 0.00000E+00 0.00000E+00 0.00000E+00 0.00000E+00 0.00000E+00 0.00000E+00
 6.83825E-01 1.25272E-02 2.17900E+00 6.83825E-01 1.25272E-02 2.09466E+00 0.00000E+00 0.00000E+00 0.00000E+00 0.00000E+00 0.00000E+00 0.00000E+00
 6.51985E-01 1.07536E-02 2.08308E+00 6.51985E-01 1.07536E-02 2.00544E+00 0.00000E+00 0.00000E+00 0.00000E+00 0.00000E+00 0.00000E+00 0.00000E+00
 6.20721E-01 9.25694E-03 1.98837E+00 6.20721E-01 9.25694E-03 1.91694E+00 0.00000E+00 0.00000E+00 0.00000E+00 0.00000E+00 0.00000E+00 0.00000E+00
 5.90141E-01 7.97823E-03 1.89525E+00 5.90141E-01 7.97823E-03 1.82958E+00 0.00000E+00 0.00000E+00 0.00000E+00 0.00000E+00 0.00000E+00 0.00000E+00
 5.60324E-01 6.87772E-03 1.80401E+00 5.60324E-01 6.87772E-03 1.74367E+00 0.00000E+00 0.00000E+00 0.00000E+00 0.00000E+00 0.00000E+00 0.00000E+00
 5.31335E-01 5.92706E-03 1.71490E+00 5.31335E-01 5.92706E-03 1.65950E+00 0.00000E+00 0.00000E+00 0.00000E+00 0.00000E+00 0.00000E+00 0.00000E+00
 5.03223E-01 5.10464E-03 1.62811E+00 5.03223E-01 5.10464E-03 1.57727E+00 0.00000E+00 0.00000E+00 0.00000E+00 0.00000E+00 0.00000E+00 0.00000E+00
 4.76027E-01 4.39298E-03 1.54379E+00 4.76027E-01 4.39298E-03 1.49718E+00 0.00000E+00 0.00000E+00 0.00000E+00 0.00000E+00 0.00000E+00 0.00000E+00
 4.49778E-01 3.77741E-03 1.46207E+00 4.49778E-01 3.77741E-03 1.41935E+00 0.00000E+00 0.00000E+00 0.00000E+00 0.00000E+00 0.00000E+00 0.00000E+00
 4.24495E-01 3.24530E-03 1.38304E+00 4.24495E-01 3.24530E-03 1.34392E+00 0.00000E+00 0.00000E+00 0.00000E+00 0.00000E+00 0.00000E+00 0.00000E+00
 4.00192E-01 2.78570E-03 1.30678E+00 4.00192E-01 2.78570E-03 1.27098E+00 0.00000E+00 0.00000E+00 0.00000E+00 0.00000E+00 0.00000E+00 0.00000E+00
 3.76893E-01 2.38928E-03 1.23339E+00 3.76893E-01 2.38928E-03 1.20065E+00 0.00000E+00 0.00000E+00 0.00000E+00 0.00000E+00 0.00000E+00 0.00000E+00
 3.54588E-01 2.04751E-03 1.16288E+00 3.54588E-01 2.04751E-03 1.13295E+00 0.00000E+00 0.00000E+00 0.00000E+00 0.00000E+00 0.00000E+00 0.00000E+00
 9.28847E-01 1.45878E-01 2.67279E+00 9.28847E-01 1.45878E-01 2.48856E+00 0.00000E+00 0.00000E+00 0.00000E+00 0.00000E+00 0.00000E+00 0.00000E+00
 9.26300E-01 1.16372E-01 2.68610E+00 9.26300E-01 1.16372E-01 2.51883E+00 0.00000E+00 0.00000E+00 0.00000E+00 0.00000E+00 0.00000E+00 0.00000E+00
 9.16055E-01 9.17836E-02 2.67402E+00 9.16055E-01 9.17836E-02 2.52175E+00 0.00000E+00 0.00000E+00 0.00000E+00 0.00000E+00 0.00000E+00 0.00000E+00
 8.99217E-01 7.18357E-02 2.64058E+00 8.99217E-01 7.18357E-02 2.50164E+00 0.00000E+00 0.00000E+00 0.00000E+00 0.00000E+00 0.00000E+00 0.00000E+00
 8.77356E-01 5.60670E-02 2.59013E+00 8.77356E-01 5.60670E-02 2.46306E+00 0.00000E+00 0.00000E+00 0.00000E+00 0.00000E+00 0.00000E+00 0.00000E+00
 8.51893E-01 4.38796E-02 2.52681E+00 8.51893E-01 4.38796E-02 2.41031E+00 0.00000E+00 0.00000E+00 0.00000E+00 0.00000E+00 0.00000E+00 0.00000E+00
 8.23973E-01 3.46141E-02 2.45414E+00 8.23973E-01 3.46141E-02 2.34711E+00 0.00000E+00 0.00000E+00 0.00000E+00 0.00000E+00 0.00000E+00 0.00000E+00
 8.01230E-01 2.90429E-02 2.39325E+00 8.01230E-01 2.90429E-02 2.29293E+00 0.00000E+00 0.00000E+00 0.00000E+00 0.00000E+00 0.00000E+00 0.00000E+00
 7.94481E-01 2.76738E-02 2.37498E+00 7.94481E-01 2.76738E-02 2.27648E+00 0.00000E+00 0.00000E+00 0.00000E+00 0.00000E+00 0.00000E+00 0.00000E+00
 7.61995E-01 2.22169E-02 2.28538E+00 7.61995E-01 2.22169E-02 2.19509E+00 0.00000E+00 0.00000E+00 0.00000E+00 0.00000E+00 0.00000E+00 0.00000E+00
 7.29020E-01 1.81617E-02 2.19294E+00 7.29020E-01 1.81617E-02 2.11013E+00 0.00000E+00 0.00000E+00 0.00000E+00 0.00000E+00 0.00000E+00 0.00000E+00
 6.95944E-01 1.50912E-02 2.09921E+00 6.95944E-01 1.50912E-02 2.02326E+00 0.00000E+00 0.00000E+00 0.00000E+00 0.00000E+00 0.00000E+00 0.00000E+00
 6.63113E-01 1.27057E-02 2.00543E+00 6.63113E-01 1.27057E-02 1.93577E+00 0.00000E+00 0.00000E+00 0.00000E+00 0.00000E+00 0.00000E+00 0.00000E+00
 6.30786E-01 1.07991E-02 1.91248E+00 6.30786E-01 1.07991E-02 1.84861E+00 0.00000E+00 0.00000E+00 0.00000E+00 0.00000E+00 0.00000E+00 0.00000E+00
 5.99131E-01 9.23439E-03 1.82096E+00 5.99131E-01 9.23439E-03 1.76242E+00 0.00000E+00 0.00000E+00 0.00000E+00 0.00000E+00 0.00000E+00 0.00000E+00
 5.68257E-01 7.92301E-03 1.73127E+00 5.68257E-01 7.92301E-03 1.67764E+00 0.00000E+00 0.00000E+00 0.00000E+00 0.00000E+00 0.00000E+00 0.00000E+00
 5.38250E-01 6.80822E-03 1.64371E+00 5.38250E-01 6.80822E-03 1.59460E+00 0.00000E+00 0.00000E+00 0.00000E+00 0.00000E+00 0.00000E+00 0.00000E+00
 5.09171E-01 5.85249E-03 1.55849E+00 5.09171E-01 5.85249E-03 1.51356E+00 0.00000E+00 0.00000E+00 0.00000E+00 0.00000E+00 0.00000E+00 0.00000E+00
 4.81063E-01 5.02957E-03 1.47579E+00 4.81063E-01 5.02957E-03 1.43470E+00 0.00000E+00 0.00000E+00 0.00000E+00 0.00000E+00 0.00000E+00 0.00000E+00
 4.53960E-01 4.31974E-03 1.39573E+00 4.53960E-01 4.31974E-03 1.35818E+00 0.00000E+00 0.00000E+00 0.00000E+00 0.00000E+00 0.00000E+00 0.00000E+00
 4.27882E-01 3.70723E-03 1.31841E+00 4.27882E-01 3.70723E-03 1.28412E+00 0.00000E+00 0.00000E+00 0.00000E+00 0.00000E+00 0.00000E+00 0.00000E+00
 4.02844E-01 3.17887E-03 1.24391E+00 4.02844E-01 3.17887E-03 1.21261E+00 0.00000E+00 0.00000E+00 0.00000E+00 0.00000E+00 0.00000E+00 0.00000E+00
 3.78851E-01 2.72341E-03 1.17225E+00 3.78851E-01 2.72341E-03 1.14371E+00 0.00000E+00 0.00000E+00 0.00000E+00 0.00000E+00 0.00000E+00 0.00000E+00
 3.55902E-01 2.33111E-03 1.10348E+00 3.55902E-01 2.33111E-03 1.07746E+00 0.00000E+00 0.00000E+00 0.00000E+00 0.00000E+00 0.00000E+00 0.00000E+00
 3.34009E-01 1.99369E-03 1.03766E+00 3.34009E-01 1.99369E-03 1.01395E+00 0.00000E+00 0.00000E+00 0.00000E+00 0.00000E+00 0.00000E+00 0.00000E+00
 3.13150E-01 1.70361E-03 9.74732E-01 3.13150E-01 1.70361E-03 9.53150E-01 0.00000E+00 0.00000E+00 0.00000E+00 0.00000E+00 0.00000E+00 0.00000E+00
 8.90783E-01 1.42764E-01 2.46077E+00 8.90783E-01 1.42764E-01 2.31168E+00 0.00000E+00 0.00000E+00 0.00000E+00 0.00000E+00 0.00000E+00 0.00000E+00
 8.85923E-01 1.12770E-01 2.46245E+00 8.85923E-01 1.12770E-01 2.32830E+00 0.00000E+00 0.00000E+00 0.00000E+00 0.00000E+00 0.00000E+00 0.00000E+00
 8.73434E-01 8.79601E-02 2.44077E+00 8.73434E-01 8.79601E-02 2.31967E+00 0.00000E+00 0.00000E+00 0.00000E+00 0.00000E+00 0.00000E+00 0.00000E+00
 8.54511E-01 6.80010E-02 2.39970E+00 8.54511E-01 6.80010E-02 2.29006E+00 0.00000E+00 0.00000E+00 0.00000E+00 0.00000E+00 0.00000E+00 0.00000E+00
 8.30772E-01 5.23724E-02 2.34351E+00 8.30772E-01 5.23724E-02 2.24395E+00 0.00000E+00 0.00000E+00 0.00000E+00 0.00000E+00 0.00000E+00 0.00000E+00
 8.03685E-01 4.04218E-02 2.27626E+00 8.03685E-01 4.04218E-02 2.18557E+00 0.00000E+00 0.00000E+00 0.00000E+00 0.00000E+00 0.00000E+00 0.00000E+00
 7.74417E-01 3.14446E-02 2.20127E+00 7.74417E-01 3.14446E-02 2.11845E+00 0.00000E+00 0.00000E+00 0.00000E+00 0.00000E+00 0.00000E+00 0.00000E+00
 7.50818E-01 2.61104E-02 2.13958E+00 7.50818E-01 2.61104E-02 2.06228E+00 0.00000E+00 0.00000E+00 0.00000E+00 0.00000E+00 0.00000E+00 0.00000E+00
 7.43881E-01 2.48070E-02 2.12130E+00 7.43881E-01 2.48070E-02 2.04548E+00 0.00000E+00 0.00000E+00 0.00000E+00 0.00000E+00 0.00000E+00 0.00000E+00
 7.10610E-01 1.96601E-02 2.03236E+00 7.10610E-01 1.96601E-02 1.96323E+00 0.00000E+00 0.00000E+00 0.00000E+00 0.00000E+00 0.00000E+00 0.00000E+00
 6.77137E-01 1.58993E-02 1.94176E+00 6.77137E-01 1.58993E-02 1.87867E+00 0.00000E+00 0.00000E+00 0.00000E+00 0.00000E+00 0.00000E+00 0.00000E+00
 6.43842E-01 1.30991E-02 1.85089E+00 6.43842E-01 1.30991E-02 1.79329E+00 0.00000E+00 0.00000E+00 0.00000E+00 0.00000E+00 0.00000E+00 0.00000E+00
 6.11050E-01 1.09565E-02 1.76081E+00 6.11050E-01 1.09565E-02 1.70822E+00 0.00000E+00 0.00000E+00 0.00000E+00 0.00000E+00 0.00000E+00 0.00000E+00
 5.78997E-01 9.26563E-03 1.67229E+00 5.78997E-01 9.26563E-03 1.62428E+00 0.00000E+00 0.00000E+00 0.00000E+00 0.00000E+00 0.00000E+00 0.00000E+00
 5.47824E-01 7.89152E-03 1.58580E+00 5.47824E-01 7.89152E-03 1.54199E+00 0.00000E+00 0.00000E+00 0.00000E+00 0.00000E+00 0.00000E+00 0.00000E+00
 5.17617E-01 6.74802E-03 1.50165E+00 5.17617E-01 6.74802E-03 1.46168E+00 0.00000E+00 0.00000E+00 0.00000E+00 0.00000E+00 0.00000E+00 0.00000E+00
 4.88438E-01 5.78096E-03 1.42004E+00 4.88438E-01 5.78096E-03 1.38360E+00 0.00000E+00 0.00000E+00 0.00000E+00 0.00000E+00 0.00000E+00 0.00000E+00
 4.60326E-01 4.95516E-03 1.34113E+00 4.60326E-01 4.95516E-03 1.30793E+00 0.00000E+00 0.00000E+00 0.00000E+00 0.00000E+00 0.00000E+00 0.00000E+00
 4.33308E-01 4.24644E-03 1.26502E+00 4.33308E-01 4.24644E-03 1.23478E+00 0.00000E+00 0.00000E+00 0.00000E+00 0.00000E+00 0.00000E+00 0.00000E+00
 4.07397E-01 3.63693E-03 1.19178E+00 4.07397E-01 3.63693E-03 1.16426E+00 0.00000E+00 0.00000E+00 0.00000E+00 0.00000E+00 0.00000E+00 0.00000E+00
 3.82599E-01 3.11247E-03 1.12145E+00 3.82599E-01 3.11247E-03 1.09642E+00 0.00000E+00 0.00000E+00 0.00000E+00 0.00000E+00 0.00000E+00 0.00000E+00
 3.58911E-01 2.66133E-03 1.05405E+00 3.58911E-01 2.66133E-03 1.03129E+00 0.00000E+00 0.00000E+00 0.00000E+00 0.00000E+00 0.00000E+00 0.00000E+00
 3.36326E-01 2.27352E-03 9.89587E-01 3.36326E-01 2.27352E-03 9.68910E-01 0.00000E+00 0.00000E+00 0.00000E+00 0.00000E+00 0.00000E+00 0.00000E+00
 3.14829E-01 1.94043E-03 9.28039E-01 3.14829E-01 1.94043E-03 9.09267E-01 0.00000E+00 0.00000E+00 0.00000E+00 0.00000E+00 0.00000E+00 0.00000E+00
 2.94419E-01 1.65476E-03 8.69432E-01 2.94419E-01 1.65476E-03 8.52396E-01 0.00000E+00 0.00000E+00 0.00000E+00 0.00000E+00 0.00000E+00 0.00000E+00
 2.75064E-01 1.40989E-03 8.13691E-01 2.75064E-01 1.40989E-03 7.98240E-01 0.00000E+00 0.00000E+00 0.00000E+00 0.00000E+00 0.00000E+00 0.00000E+00
 8.52252E-01 1.39643E-01 2.26585E+00 8.52252E-01 1.39643E-01 2.14557E+00 0.00000E+00 0.00000E+00 0.00000E+00 0.00000E+00 0.00000E+00 0.00000E+00
 8.44875E-01 1.09158E-01 2.25587E+00 8.44875E-01 1.09158E-01 2.14870E+00 0.00000E+00 0.00000E+00 0.00000E+00 0.00000E+00 0.00000E+00 0.00000E+00
 8.30053E-01 8.41760E-02 2.22478E+00 8.30053E-01 8.41760E-02 2.12893E+00 0.00000E+00 0.00000E+00 0.00000E+00 0.00000E+00 0.00000E+00 0.00000E+00
 8.09075E-01 6.42667E-02 2.17654E+00 8.09075E-01 6.42667E-02 2.09049E+00 0.00000E+00 0.00000E+00 0.00000E+00 0.00000E+00 0.00000E+00 0.00000E+00
 7.83580E-01 4.88343E-02 2.11529E+00 7.83580E-01 4.88343E-02 2.03775E+00 0.00000E+00 0.00000E+00 0.00000E+00 0.00000E+00 0.00000E+00 0.00000E+00
 7.55067E-01 3.71633E-02 2.04489E+00 7.55067E-01 3.71633E-02 1.97475E+00 0.00000E+00 0.00000E+00 0.00000E+00 0.00000E+00 0.00000E+00 0.00000E+00
 7.24701E-01 2.85011E-02 1.96848E+00 7.24701E-01 2.85011E-02 1.90482E+00 0.00000E+00 0.00000E+00 0.00000E+00 0.00000E+00 0.00000E+00 0.00000E+00
 7.00463E-01 2.34144E-02 1.90668E+00 7.00463E-01 2.34144E-02 1.84752E+00 0.00000E+00 0.00000E+00 0.00000E+00 0.00000E+00 0.00000E+00 0.00000E+00
 6.93400E-01 2.21783E-02 1.88858E+00 6.93400E-01 2.21783E-02 1.83063E+00 0.00000E+00 0.00000E+00 0.00000E+00 0.00000E+00 0.00000E+00 0.00000E+00
 6.59659E-01 1.73426E-02 1.80120E+00 6.59659E-01 1.73426E-02 1.74865E+00 0.00000E+00 0.00000E+00 0.00000E+00 0.00000E+00 0.00000E+00 0.00000E+00
 6.26013E-01 1.38678E-02 1.71329E+00 6.26013E-01 1.38678E-02 1.66557E+00 0.00000E+00 0.00000E+00 0.00000E+00 0.00000E+00 0.00000E+00 0.00000E+00
 5.92819E-01 1.13235E-02 1.62604E+00 5.92819E-01 1.13235E-02 1.58269E+00 0.00000E+00 0.00000E+00 0.00000E+00 0.00000E+00 0.00000E+00 0.00000E+00
 5.60375E-01 9.40644E-03 1.54034E+00 5.60375E-01 9.40644E-03 1.50094E+00 0.00000E+00 0.00000E+00 0.00000E+00 0.00000E+00 0.00000E+00 0.00000E+00
 5.28884E-01 7.91326E-03 1.45681E+00 5.28884E-01 7.91326E-03 1.42100E+00 0.00000E+00 0.00000E+00 0.00000E+00 0.00000E+00 0.00000E+00 0.00000E+00
 4.98461E-01 6.71197E-03 1.37581E+00 4.98461E-01 6.71197E-03 1.34327E+00 0.00000E+00 0.00000E+00 0.00000E+00 0.00000E+00 0.00000E+00 0.00000E+00
 4.69164E-01 5.71959E-03 1.29753E+00 4.69164E-01 5.71959E-03 1.26797E+00 0.00000E+00 0.00000E+00 0.00000E+00 0.00000E+00 0.00000E+00 0.00000E+00
 4.41032E-01 4.88479E-03 1.22212E+00 4.41032E-01 4.88479E-03 1.19527E+00 0.00000E+00 0.00000E+00 0.00000E+00 0.00000E+00 0.00000E+00 0.00000E+00
 4.14084E-01 4.17480E-03 1.14965E+00 4.14084E-01 4.17480E-03 1.12528E+00 0.00000E+00 0.00000E+00 0.00000E+00 0.00000E+00 0.00000E+00 0.00000E+00
 3.88327E-01 3.56749E-03 1.08016E+00 3.88327E-01 3.56749E-03 1.05806E+00 0.00000E+00 0.00000E+00 0.00000E+00 0.00000E+00 0.00000E+00 0.00000E+00
 3.63757E-01 3.04676E-03 1.01367E+00 3.63757E-01 3.04676E-03 9.93644E-01 0.00000E+00 0.00000E+00 0.00000E+00 0.00000E+00 0.00000E+00 0.00000E+00
 3.40363E-01 2.59998E-03 9.50185E-01 3.40363E-01 2.59998E-03 9.32038E-01 0.00000E+00 0.00000E+00 0.00000E+00 0.00000E+00 0.00000E+00 0.00000E+00
 3.18128E-01 2.21675E-03 8.89669E-01 3.18128E-01 2.21675E-03 8.73239E-01 0.00000E+00 0.00000E+00 0.00000E+00 0.00000E+00 0.00000E+00 0.00000E+00
 2.97033E-01 1.88825E-03 8.32091E-01 2.97033E-01 1.88825E-03 8.17224E-01 0.00000E+00 0.00000E+00 0.00000E+00 0.00000E+00 0.00000E+00 0.00000E+00
 2.77049E-01 1.60691E-03 7.77401E-01 2.77049E-01 1.60691E-03 7.63956E-01 0.00000E+00 0.00000E+00 0.00000E+00 0.00000E+00 0.00000E+00 0.00000E+00
 2.58167E-01 1.36632E-03 7.25589E-01 2.58167E-01 1.36632E-03 7.13435E-01 0.00000E+00 0.00000E+00 0.00000E+00 0.00000E+00 0.00000E+00 0.00000E+00
 2.40343E-01 1.16070E-03 6.76553E-01 2.40343E-01 1.16070E-03 6.65572E-01 0.00000E+00 0.00000E+00 0.00000E+00 0.00000E+00 0.00000E+00 0.00000E+00
 8.13214E-01 1.36341E-01 2.08482E+00 8.13214E-01 1.36341E-01 1.98817E+00 0.00000E+00 0.00000E+00 0.00000E+00 0.00000E+00 0.00000E+00 0.00000E+00
 8.03026E-01 1.05399E-01 2.06323E+00 8.03026E-01 1.05399E-01 1.97804E+00 0.00000E+00 0.00000E+00 0.00000E+00 0.00000E+00 0.00000E+00 0.00000E+00
 7.85717E-01 8.03235E-02 2.02313E+00 7.85717E-01 8.03235E-02 1.94769E+00 0.00000E+00 0.00000E+00 0.00000E+00 0.00000E+00 0.00000E+00 0.00000E+00
 7.62672E-01 6.05488E-02 1.96832E+00 7.62672E-01 6.05488E-02 1.90121E+00 0.00000E+00 0.00000E+00 0.00000E+00 0.00000E+00 0.00000E+00 0.00000E+00
 7.35531E-01 4.53867E-02 1.90275E+00 7.35531E-01 4.53867E-02 1.84278E+00 0.00000E+00 0.00000E+00 0.00000E+00 0.00000E+00 0.00000E+00 0.00000E+00
 7.05785E-01 3.40507E-02 1.83008E+00 7.05785E-01 3.40507E-02 1.77623E+00 0.00000E+00 0.00000E+00 0.00000E+00 0.00000E+00 0.00000E+00 0.00000E+00
 6.74575E-01 2.57394E-02 1.75312E+00 6.74575E-01 2.57394E-02 1.70458E+00 0.00000E+00 0.00000E+00 0.00000E+00 0.00000E+00 0.00000E+00 0.00000E+00
 6.49922E-01 2.09157E-02 1.69191E+00 6.49922E-01 2.09157E-02 1.64701E+00 0.00000E+00 0.00000E+00 0.00000E+00 0.00000E+00 0.00000E+00 0.00000E+00
 6.42798E-01 1.97501E-02 1.67417E+00 6.42798E-01 1.97501E-02 1.63024E+00 0.00000E+00 0.00000E+00 0.00000E+00 0.00000E+00 0.00000E+00 0.00000E+00
 6.08916E-01 1.52313E-02 1.58921E+00 6.08916E-01 1.52313E-02 1.54960E+00 0.00000E+00 0.00000E+00 0.00000E+00 0.00000E+00 0.00000E+00 0.00000E+00
 5.75431E-01 1.20373E-02 1.50479E+00 5.75431E-01 1.20373E-02 1.46901E+00 0.00000E+00 0.00000E+00 0.00000E+00 0.00000E+00 0.00000E+00 0.00000E+00
 5.42668E-01 9.73713E-03 1.42187E+00 5.42668E-01 9.73713E-03 1.38951E+00 0.00000E+00 0.00000E+00 0.00000E+00 0.00000E+00 0.00000E+00 0.00000E+00
 5.10883E-01 8.03084E-03 1.34114E+00 5.10883E-01 8.03084E-03 1.31186E+00 0.00000E+00 0.00000E+00 0.00000E+00 0.00000E+00 0.00000E+00 0.00000E+00
 4.80247E-01 6.71937E-03 1.26308E+00 4.80247E-01 6.71937E-03 1.23658E+00 0.00000E+00 0.00000E+00 0.00000E+00 0.00000E+00 0.00000E+00 0.00000E+00
 4.50840E-01 5.67512E-03 1.18792E+00 4.50840E-01 5.67512E-03 1.16395E+00 0.00000E+00 0.00000E+00 0.00000E+00 0.00000E+00 0.00000E+00 0.00000E+00
 4.22693E-01 4.81897E-03 1.11578E+00 4.22693E-01 4.81897E-03 1.09409E+00 0.00000E+00 0.00000E+00 0.00000E+00 0.00000E+00 0.00000E+00 0.00000E+00
 3.95822E-01 4.10269E-03 1.04670E+00 3.95822E-01 4.10269E-03 1.02709E+00 0.00000E+00 0.00000E+00 0.00000E+00 0.00000E+00 0.00000E+00 0.00000E+00
 3.70225E-01 3.49599E-03 9.80720E-01 3.70225E-01 3.49599E-03 9.62999E-01 0.00000E+00 0.00000E+00 0.00000E+00 0.00000E+00 0.00000E+00 0.00000E+00
 3.45890E-01 2.97880E-03 9.17820E-01 3.45890E-01 2.97880E-03 9.01812E-01 0.00000E+00 0.00000E+00 0.00000E+00 0.00000E+00 0.00000E+00 0.00000E+00
 3.22797E-01 2.53668E-03 8.57971E-01 3.22797E-01 2.53668E-03 8.43519E-01 0.00000E+00 0.00000E+00 0.00000E+00 0.00000E+00 0.00000E+00 0.00000E+00
 3.00922E-01 2.15845E-03 8.01128E-01 3.00922E-01 2.15845E-03 7.88087E-01 0.00000E+00 0.00000E+00 0.00000E+00 0.00000E+00 0.00000E+00 0.00000E+00
 2.80233E-01 1.83495E-03 7.47232E-01 2.80233E-01 1.83495E-03 7.35471E-01 0.00000E+00 0.00000E+00 0.00000E+00 0.00000E+00 0.00000E+00 0.00000E+00
 2.60697E-01 1.55845E-03 6.96215E-01 2.60697E-01 1.55845E-03 6.85614E-01 0.00000E+00 0.00000E+00 0.00000E+00 0.00000E+00 0.00000E+00 0.00000E+00
 2.42279E-01 1.32233E-03 6.48000E-01 2.42279E-01 1.32233E-03 6.38451E-01 0.00000E+00 0.00000E+00 0.00000E+00 0.00000E+00 0.00000E+00 0.00000E+00
 2.24958E-01 1.12101E-03 6.02549E-01 2.24958E-01 1.12101E-03 5.93950E-01 0.00000E+00 0.00000E+00 0.00000E+00 0.00000E+00 0.00000E+00 0.00000E+00
 2.08681E-01 9.49460E-04 5.59742E-01 2.08681E-01 9.49460E-04 5.52003E-01 0.00000E+00 0.00000E+00 0.00000E+00 0.00000E+00 0.00000E+00 0.00000E+00
 7.74460E-01 1.32978E-01 1.91865E+00 7.74460E-01 1.32978E-01 1.84121E+00 0.00000E+00 0.00000E+00 0.00000E+00 0.00000E+00 0.00000E+00 0.00000E+00
 7.61163E-01 1.01598E-01 1.88582E+00 7.61163E-01 1.01598E-01 1.81836E+00 0.00000E+00 0.00000E+00 0.00000E+00 0.00000E+00 0.00000E+00 0.00000E+00
 7.41271E-01 7.64695E-02 1.83709E+00 7.41271E-01 7.64695E-02 1.77800E+00 0.00000E+00 0.00000E+00 0.00000E+00 0.00000E+00 0.00000E+00 0.00000E+00
 7.16184E-01 5.68915E-02 1.77625E+00 7.16184E-01 5.68915E-02 1.72421E+00 0.00000E+00 0.00000E+00 0.00000E+00 0.00000E+00 0.00000E+00 0.00000E+00
 6.87521E-01 4.20579E-02 1.70704E+00 6.87521E-01 4.20579E-02 1.66094E+00 0.00000E+00 0.00000E+00 0.00000E+00 0.00000E+00 0.00000E+00 0.00000E+00
 6.56742E-01 3.11010E-02 1.63280E+00 6.56742E-01 3.11010E-02 1.59174E+00 0.00000E+00 0.00000E+00 0.00000E+00 0.00000E+00 0.00000E+00 0.00000E+00
 6.24934E-01 2.31677E-02 1.55603E+00 6.24934E-01 2.31677E-02 1.51928E+00 0.00000E+00 0.00000E+00 0.00000E+00 0.00000E+00 0.00000E+00 0.00000E+00
 6.00076E-01 1.86174E-02 1.49595E+00 6.00076E-01 1.86174E-02 1.46212E+00 0.00000E+00 0.00000E+00 0.00000E+00 0.00000E+00 0.00000E+00 0.00000E+00
 5.92951E-01 1.75242E-02 1.47872E+00 5.92951E-01 1.75242E-02 1.44566E+00 0.00000E+00 0.00000E+00 0.00000E+00 0.00000E+00 0.00000E+00 0.00000E+00
 5.59225E-01 1.33236E-02 1.39683E+00 5.59225E-01 1.33236E-02 1.36720E+00 0.00000E+00 0.00000E+00 0.00000E+00 0.00000E+00 0.00000E+00 0.00000E+00
 5.26197E-01 1.04022E-02 1.31646E+00 5.26197E-01 1.04022E-02 1.28984E+00 0.00000E+00 0.00000E+00 0.00000E+00 0.00000E+00 0.00000E+00 0.00000E+00
 4.94147E-01 8.33272E-03 1.23833E+00 4.94147E-01 8.33272E-03 1.21437E+00 0.00000E+00 0.00000E+00 0.00000E+00 0.00000E+00 0.00000E+00 0.00000E+00
 4.63284E-01 6.82136E-03 1.16292E+00 4.63284E-01 6.82136E-03 1.14135E+00 0.00000E+00 0.00000E+00 0.00000E+00 0.00000E+00 0.00000E+00 0.00000E+00
 4.33739E-01 5.67527E-03 1.09058E+00 4.33739E-01 5.67527E-03 1.07114E+00 0.00000E+00 0.00000E+00 0.00000E+00 0.00000E+00 0.00000E+00 0.00000E+00
 4.05560E-01 4.77231E-03 1.02142E+00 4.05560E-01 4.77231E-03 1.00391E+00 0.00000E+00 0.00000E+00 0.00000E+00 0.00000E+00 0.00000E+00 0.00000E+00
 3.78749E-01 4.03772E-03 9.55456E-01 3.78749E-01 4.03772E-03 9.39681E-01 0.00000E+00 0.00000E+00 0.00000E+00 0.00000E+00 0.00000E+00 0.00000E+00
 3.53297E-01 3.42655E-03 8.92686E-01 3.53297E-01 3.42655E-03 8.78481E-01 0.00000E+00 0.00000E+00 0.00000E+00 0.00000E+00 0.00000E+00 0.00000E+00
 3.29183E-01 2.91106E-03 8.33074E-01 3.29183E-01 2.91106E-03 8.20288E-01 0.00000E+00 0.00000E+00 0.00000E+00 0.00000E+00 0.00000E+00 0.00000E+00
 3.06379E-01 2.47313E-03 7.76562E-01 3.06379E-01 2.47313E-03 7.65059E-01 0.00000E+00 0.00000E+00 0.00000E+00 0.00000E+00 0.00000E+00 0.00000E+00
 2.84850E-01 2.09992E-03 7.23084E-01 2.84850E-01 2.09992E-03 7.12740E-01 0.00000E+00 0.00000E+00 0.00000E+00 0.00000E+00 0.00000E+00 0.00000E+00
 2.64556E-01 1.78157E-03 6.72558E-01 2.64556E-01 1.78157E-03 6.63262E-01 0.00000E+00 0.00000E+00 0.00000E+00 0.00000E+00 0.00000E+00 0.00000E+00
 2.45456E-01 1.51009E-03 6.24898E-01 2.45456E-01 1.51009E-03 6.16548E-01 0.00000E+00 0.00000E+00 0.00000E+00 0.00000E+00 0.00000E+00 0.00000E+00
 2.27507E-01 1.27873E-03 5.80010E-01 2.27507E-01 1.27873E-03 5.72513E-01 0.00000E+00 0.00000E+00 0.00000E+00 0.00000E+00 0.00000E+00 0.00000E+00
 2.10663E-01 1.08174E-03 5.37797E-01 2.10663E-01 1.08174E-03 5.31070E-01 0.00000E+00 0.00000E+00 0.00000E+00 0.00000E+00 0.00000E+00 0.00000E+00
 1.94895E-01 9.14291E-04 4.98198E-01 1.94895E-01 9.14291E-04 4.92164E-01 0.00000E+00 0.00000E+00 0.00000E+00 0.00000E+00 0.00000E+00 0.00000E+00
 1.80145E-01 7.72031E-04 4.61079E-01 1.80145E-01 7.72031E-04 4.55669E-01 0.00000E+00 0.00000E+00 0.00000E+00 0.00000E+00 0.00000E+00 0.00000E+00
 7.35793E-01 1.29397E-01 1.76458E+00 7.35793E-01 1.29397E-01 1.70275E+00 0.00000E+00 0.00000E+00 0.00000E+00 0.00000E+00 0.00000E+00 0.00000E+00
 7.19026E-01 9.76205E-02 1.72045E+00 7.19026E-01 9.76205E-02 1.66728E+00 0.00000E+00 0.00000E+00 0.00000E+00 0.00000E+00 0.00000E+00 0.00000E+00
 6.96432E-01 7.25112E-02 1.66354E+00 6.96432E-01 7.25112E-02 1.61752E+00 0.00000E+00 0.00000E+00 0.00000E+00 0.00000E+00 0.00000E+00 0.00000E+00
 6.69311E-01 5.32204E-02 1.59728E+00 6.69311E-01 5.32204E-02 1.55719E+00 0.00000E+00 0.00000E+00 0.00000E+00 0.00000E+00 0.00000E+00 0.00000E+00
 6.39251E-01 3.87921E-02 1.52512E+00 6.39251E-01 3.87921E-02 1.48996E+00 0.00000E+00 0.00000E+00 0.00000E+00 0.00000E+00 0.00000E+00 0.00000E+00
 6.07644E-01 2.82704E-02 1.45007E+00 6.07644E-01 2.82704E-02 1.41903E+00 0.00000E+00 0.00000E+00 0.00000E+00 0.00000E+00 0.00000E+00 0.00000E+00
 5.75497E-01 2.07499E-02 1.37424E+00 5.75497E-01 2.07499E-02 1.34666E+00 0.00000E+00 0.00000E+00 0.00000E+00 0.00000E+00 0.00000E+00 0.00000E+00
 5.50656E-01 1.64875E-02 1.31584E+00 5.50656E-01 1.64875E-02 1.29058E+00 0.00000E+00 0.00000E+00 0.00000E+00 0.00000E+00 0.00000E+00 0.00000E+00
 5.43593E-01 1.54693E-02 1.29925E+00 5.43593E-01 1.54693E-02 1.27461E+00 0.00000E+00 0.00000E+00 0.00000E+00 0.00000E+00 0.00000E+00 0.00000E+00
 5.10331E-01 1.15915E-02 1.22108E+00 5.10331E-01 1.15915E-02 1.19912E+00 0.00000E+00 0.00000E+00 0.00000E+00 0.00000E+00 0.00000E+00 0.00000E+00
 4.78067E-01 8.93717E-03 1.14531E+00 4.78067E-01 8.93717E-03 1.12569E+00 0.00000E+00 0.00000E+00 0.00000E+00 0.00000E+00 0.00000E+00 0.00000E+00
 4.47020E-01 7.08724E-03 1.07240E+00 4.47020E-01 7.08724E-03 1.05483E+00 0.00000E+00 0.00000E+00 0.00000E+00 0.00000E+00 0.00000E+00 0.00000E+00
 4.17344E-01 5.75702E-03 1.00265E+00 4.17344E-01 5.75702E-03 9.86903E-01 0.00000E+00 0.00000E+00 0.00000E+00 0.00000E+00 0.00000E+00 0.00000E+00
 3.89130E-01 4.76188E-03 9.36248E-01 3.89130E-01 4.76188E-03 9.22125E-01 0.00000E+00 0.00000E+00 0.00000E+00 0.00000E+00 0.00000E+00 0.00000E+00
 3.62388E-01 3.98624E-03 8.73205E-01 3.62388E-01 3.98624E-03 8.60534E-01 0.00000E+00 0.00000E+00 0.00000E+00 0.00000E+00 0.00000E+00 0.00000E+00
 3.37091E-01 3.36019E-03 8.13453E-01 3.37091E-01 3.36019E-03 8.02087E-01 0.00000E+00 0.00000E+00 0.00000E+00 0.00000E+00 0.00000E+00 0.00000E+00
 3.13211E-01 2.84229E-03 7.56931E-01 3.13211E-01 2.84229E-03 7.46738E-01 0.00000E+00 0.00000E+00 0.00000E+00 0.00000E+00 0.00000E+00 0.00000E+00
 2.90707E-01 2.40733E-03 7.03555E-01 2.90707E-01 2.40733E-03 6.94418E-01 0.00000E+00 0.00000E+00 0.00000E+00 0.00000E+00 0.00000E+00 0.00000E+00
 2.69534E-01 2.03909E-03 6.53231E-01 2.69534E-01 2.03909E-03 6.45044E-01 0.00000E+00 0.00000E+00 0.00000E+00 0.00000E+00 0.00000E+00 0.00000E+00
 2.49645E-01 1.72625E-03 6.05859E-01 2.49645E-01 1.72625E-03 5.98526E-01 0.00000E+00 0.00000E+00 0.00000E+00 0.00000E+00 0.00000E+00 0.00000E+00
 2.30989E-01 1.46021E-03 5.61333E-01 2.30989E-01 1.46021E-03 5.54769E-01 0.00000E+00 0.00000E+00 0.00000E+00 0.00000E+00 0.00000E+00 0.00000E+00
 2.13515E-01 1.23400E-03 5.19543E-01 2.13515E-01 1.23400E-03 5.13670E-01 0.00000E+00 0.00000E+00 0.00000E+00 0.00000E+00 0.00000E+00 0.00000E+00
 1.97170E-01 1.04179E-03 4.80378E-01 1.97170E-01 1.04179E-03 4.75126E-01 0.00000E+00 0.00000E+00 0.00000E+00 0.00000E+00 0.00000E+00 0.00000E+00
 1.81902E-01 8.78630E-04 4.43724E-01 1.81902E-01 8.78630E-04 4.39030E-01 0.00000E+00 0.00000E+00 0.00000E+00 0.00000E+00 0.00000E+00 0.00000E+00
 1.67675E-01 7.40362E-04 4.09505E-01 1.67675E-01 7.40362E-04 4.05311E-01 0.00000E+00 0.00000E+00 0.00000E+00 0.00000E+00 0.00000E+00 0.00000E+00
 1.54425E-01 6.23251E-04 3.77580E-01 1.54425E-01 6.23251E-04 3.73833E-01 0.00000E+00 0.00000E+00 0.00000E+00 0.00000E+00 0.00000E+00 0.00000E+00
 6.98081E-01 1.25745E-01 1.62343E+00 6.98081E-01 1.25745E-01 1.57423E+00 0.00000E+00 0.00000E+00 0.00000E+00 0.00000E+00 0.00000E+00 0.00000E+00
 6.77582E-01 9.35803E-02 1.56843E+00 6.77582E-01 9.35803E-02 1.52669E+00 0.00000E+00 0.00000E+00 0.00000E+00 0.00000E+00 0.00000E+00 0.00000E+00
 6.52150E-01 6.85381E-02 1.50382E+00 6.52150E-01 6.85381E-02 1.46817E+00 0.00000E+00 0.00000E+00 0.00000E+00 0.00000E+00 0.00000E+00 0.00000E+00
 6.22986E-01 4.95941E-02 1.43267E+00 6.22986E-01 4.95941E-02 1.40199E+00 0.00000E+00 0.00000E+00 0.00000E+00 0.00000E+00 0.00000E+00 0.00000E+00
 5.91625E-01 3.56259E-02 1.35816E+00 5.91625E-01 3.56259E-02 1.33154E+00 0.00000E+00 0.00000E+00 0.00000E+00 0.00000E+00 0.00000E+00 0.00000E+00
 5.59362E-01 2.55793E-02 1.28290E+00 5.59362E-01 2.55793E-02 1.25961E+00 0.00000E+00 0.00000E+00 0.00000E+00 0.00000E+00 0.00000E+00 0.00000E+00
 5.27094E-01 1.84950E-02 1.20857E+00 5.27094E-01 1.84950E-02 1.18804E+00 0.00000E+00 0.00000E+00 0.00000E+00 0.00000E+00 0.00000E+00 0.00000E+00
 5.02456E-01 1.45284E-02 1.15224E+00 5.02456E-01 1.45284E-02 1.13355E+00 0.00000E+00 0.00000E+00 0.00000E+00 0.00000E+00 0.00000E+00 0.00000E+00
 4.95506E-01 1.35866E-02 1.13640E+00 4.95506E-01 1.35866E-02 1.11819E+00 0.00000E+00 0.00000E+00 0.00000E+00 0.00000E+00 0.00000E+00 0.00000E+00
 4.62965E-01 1.00307E-02 1.06235E+00 4.62965E-01 1.00307E-02 1.04624E+00 0.00000E+00 0.00000E+00 0.00000E+00 0.00000E+00 0.00000E+00 0.00000E+00
 4.31714E-01 7.63478E-03 9.91493E-01 4.31714E-01 7.63478E-03 9.77171E-01 0.00000E+00 0.00000E+00 0.00000E+00 0.00000E+00 0.00000E+00 0.00000E+00
 4.01900E-01 5.99152E-03 9.24022E-01 4.01900E-01 5.99152E-03 9.11264E-01 0.00000E+00 0.00000E+00 0.00000E+00 0.00000E+00 0.00000E+00 0.00000E+00
 3.73619E-01 4.82805E-03 8.60049E-01 3.73619E-01 4.82805E-03 8.48667E-01 0.00000E+00 0.00000E+00 0.00000E+00 0.00000E+00 0.00000E+00 0.00000E+00
 3.46913E-01 3.96945E-03 7.99610E-01 3.46913E-01 3.96945E-03 7.89447E-01 0.00000E+00 0.00000E+00 0.00000E+00 0.00000E+00 0.00000E+00 0.00000E+00
 3.21758E-01 3.30749E-03 7.42617E-01 3.21758E-01 3.30749E-03 7.33539E-01 0.00000E+00 0.00000E+00 0.00000E+00 0.00000E+00 0.00000E+00 0.00000E+00
 2.98100E-01 2.77749E-03 6.88934E-01 2.98100E-01 2.77749E-03 6.80825E-01 0.00000E+00 0.00000E+00 0.00000E+00 0.00000E+00 0.00000E+00 0.00000E+00
 2.75889E-01 2.34158E-03 6.38447E-01 2.75889E-01 2.34158E-03 6.31205E-01 0.00000E+00 0.00000E+00 0.00000E+00 0.00000E+00 0.00000E+00 0.00000E+00
 2.55068E-01 1.97707E-03 5.91033E-01 2.55068E-01 1.97707E-03 5.84568E-01 0.00000E+00 0.00000E+00 0.00000E+00 0.00000E+00 0.00000E+00 0.00000E+00
 2.35578E-01 1.66958E-03 5.46570E-01 2.35578E-01 1.66958E-03 5.40799E-01 0.00000E+00 0.00000E+00 0.00000E+00 0.00000E+00 0.00000E+00 0.00000E+00
 2.17360E-01 1.40918E-03 5.04931E-01 2.17360E-01 1.40918E-03 4.99784E-01 0.00000E+00 0.00000E+00 0.00000E+00 0.00000E+00 0.00000E+00 0.00000E+00
 2.00354E-01 1.18841E-03 4.65992E-01 2.00354E-01 1.18841E-03 4.61402E-01 0.00000E+00 0.00000E+00 0.00000E+00 0.00000E+00 0.00000E+00 0.00000E+00
 1.84500E-01 1.00126E-03 4.29627E-01 1.84500E-01 1.00126E-03 4.25536E-01 0.00000E+00 0.00000E+00 0.00000E+00 0.00000E+00 0.00000E+00 0.00000E+00
 1.69740E-01 8.42713E-04 3.95711E-01 1.69740E-01 8.42713E-04 3.92067E-01 0.00000E+00 0.00000E+00 0.00000E+00 0.00000E+00 0.00000E+00 0.00000E+00
 1.56016E-01 7.08539E-04 3.64120E-01 1.56016E-01 7.08539E-04 3.60876E-01 0.00000E+00 0.00000E+00 0.00000E+00 0.00000E+00 0.00000E+00 0.00000E+00
 1.43284E-01 5.95191E-04 3.34768E-01 1.43284E-01 5.95191E-04 3.31881E-01 0.00000E+00 0.00000E+00 0.00000E+00 0.00000E+00 0.00000E+00 0.00000E+00
 1.31480E-01 4.99487E-04 3.07510E-01 1.31480E-01 4.99487E-04 3.04941E-01 0.00000E+00 0.00000E+00 0.00000E+00 0.00000E+00 0.00000E+00 0.00000E+00
 6.61404E-01 1.21969E-01 1.49451E+00 6.61404E-01 1.21969E-01 1.45539E+00 0.00000E+00 0.00000E+00 0.00000E+00 0.00000E+00 0.00000E+00 0.00000E+00
 6.36947E-01 8.94347E-02 1.42889E+00 6.36947E-01 8.94347E-02 1.39622E+00 0.00000E+00 0.00000E+00 0.00000E+00 0.00000E+00 0.00000E+00 0.00000E+00
 6.08603E-01 6.45299E-02 1.35703E+00 6.08603E-01 6.45299E-02 1.32952E+00 0.00000E+00 0.00000E+00 0.00000E+00 0.00000E+00 0.00000E+00 0.00000E+00
 5.77445E-01 4.60044E-02 1.28167E+00 5.77445E-01 4.60044E-02 1.25830E+00 0.00000E+00 0.00000E+00 0.00000E+00 0.00000E+00 0.00000E+00 0.00000E+00
 5.44919E-01 3.25574E-02 1.20550E+00 5.44919E-01 3.25574E-02 1.18545E+00 0.00000E+00 0.00000E+00 0.00000E+00 0.00000E+00 0.00000E+00 0.00000E+00
 5.12199E-01 2.30266E-02 1.13065E+00 5.12199E-01 2.30266E-02 1.11329E+00 0.00000E+00 0.00000E+00 0.00000E+00 0.00000E+00 0.00000E+00 0.00000E+00
 4.80043E-01 1.64002E-02 1.05836E+00 4.80043E-01 1.64002E-02 1.04319E+00 0.00000E+00 0.00000E+00 0.00000E+00 0.00000E+00 0.00000E+00 0.00000E+00
 4.55800E-01 1.27358E-02 1.00447E+00 4.55800E-01 1.27358E-02 9.90743E-01 0.00000E+00 0.00000E+00 0.00000E+00 0.00000E+00 0.00000E+00 0.00000E+00
 4.49015E-01 1.18711E-02 9.89459E-01 4.49015E-01 1.18711E-02 9.76105E-01 0.00000E+00 0.00000E+00 0.00000E+00 0.00000E+00 0.00000E+00 0.00000E+00
 4.17446E-01 8.63433E-03 9.19886E-01 4.17446E-01 8.63433E-03 9.08144E-01 0.00000E+00 0.00000E+00 0.00000E+00 0.00000E+00 0.00000E+00 0.00000E+00
 3.87444E-01 6.48670E-03 8.54168E-01 3.87444E-01 6.48670E-03 8.43795E-01 0.00000E+00 0.00000E+00 0.00000E+00 0.00000E+00 0.00000E+00 0.00000E+00
 3.59074E-01 5.03668E-03 7.92257E-01 3.59074E-01 5.03668E-03 7.83065E-01 0.00000E+00 0.00000E+00 0.00000E+00 0.00000E+00 0.00000E+00 0.00000E+00
 3.32369E-01 4.02548E-03 7.34075E-01 3.32369E-01 4.02548E-03 7.25913E-01 0.00000E+00 0.00000E+00 0.00000E+00 0.00000E+00 0.00000E+00 0.00000E+00
 3.07323E-01 3.28927E-03 6.79525E-01 3.07323E-01 3.28927E-03 6.72270E-01 0.00000E+00 0.00000E+00 0.00000E+00 0.00000E+00 0.00000E+00 0.00000E+00
 2.83877E-01 2.72781E-03 6.28429E-01 2.83877E-01 2.72781E-03 6.21975E-01 0.00000E+00 0.00000E+00 0.00000E+00 0.00000E+00 0.00000E+00 0.00000E+00
 2.61951E-01 2.28191E-03 5.80592E-01 2.61951E-01 2.28191E-03 5.74851E-01 0.00000E+00 0.00000E+00 0.00000E+00 0.00000E+00 0.00000E+00 0.00000E+00
 2.41476E-01 1.91732E-03 5.35856E-01 2.41476E-01 1.91732E-03 5.30750E-01 0.00000E+00 0.00000E+00 0.00000E+00 0.00000E+00 0.00000E+00 0.00000E+00
 2.22381E-01 1.61378E-03 4.94069E-01 2.22381E-01 1.61378E-03 4.89529E-01 0.00000E+00 0.00000E+00 0.00000E+00 0.00000E+00 0.00000E+00 0.00000E+00
 2.04595E-01 1.35863E-03 4.55086E-01 2.04595E-01 1.35863E-03 4.51050E-01 0.00000E+00 0.00000E+00 0.00000E+00 0.00000E+00 0.00000E+00 0.00000E+00
 1.88051E-01 1.14326E-03 4.18764E-01 1.88051E-01 1.14326E-03 4.15178E-01 0.00000E+00 0.00000E+00 0.00000E+00 0.00000E+00 0.00000E+00 0.00000E+00
 1.72681E-01 9.61217E-04 3.84964E-01 1.72681E-01 9.61217E-04 3.81779E-01 0.00000E+00 0.00000E+00 0.00000E+00 0.00000E+00 0.00000E+00 0.00000E+00
 1.58419E-01 8.07368E-04 3.53551E-01 1.58419E-01 8.07368E-04 3.50723E-01 0.00000E+00 0.00000E+00 0.00000E+00 0.00000E+00 0.00000E+00 0.00000E+00
 1.45201E-01 6.77436E-04 3.24392E-01 1.45201E-01 6.77436E-04 3.21883E-01 0.00000E+00 0.00000E+00 0.00000E+00 0.00000E+00 0.00000E+00 0.00000E+00
 1.32965E-01 5.67812E-04 2.97359E-01 1.32965E-01 5.67812E-04 2.95134E-01 0.00000E+00 0.00000E+00 0.00000E+00 0.00000E+00 0.00000E+00 0.00000E+00
 1.21665E-01 4.75496E-04 2.72359E-01 1.21665E-01 4.75496E-04 2.70385E-01 0.00000E+00 0.00000E+00 0.00000E+00 0.00000E+00 0.00000E+00 0.00000E+00
 1.11234E-01 3.97793E-04 2.49247E-01 1.11234E-01 3.97793E-04 2.47497E-01 0.00000E+00 0.00000E+00 0.00000E+00 0.00000E+00 0.00000E+00 0.00000E+00
 6.25731E-01 1.18098E-01 1.37561E+00 6.25731E-01 1.18098E-01 1.34466E+00 0.00000E+00 0.00000E+00 0.00000E+00 0.00000E+00 0.00000E+00 0.00000E+00
 5.97037E-01 8.52090E-02 1.29987E+00 5.97037E-01 8.52090E-02 1.27443E+00 0.00000E+00 0.00000E+00 0.00000E+00 0.00000E+00 0.00000E+00 0.00000E+00
 5.65641E-01 6.05081E-02 1.22131E+00 5.65641E-01 6.05081E-02 1.20023E+00 0.00000E+00 0.00000E+00 0.00000E+00 0.00000E+00 0.00000E+00 0.00000E+00
 5.32563E-01 4.24494E-02 1.14231E+00 5.32563E-01 4.24494E-02 1.12466E+00 0.00000E+00 0.00000E+00 0.00000E+00 0.00000E+00 0.00000E+00 0.00000E+00
 4.99018E-01 2.95722E-02 1.06503E+00 4.99018E-01 2.95722E-02 1.05009E+00 0.00000E+00 0.00000E+00 0.00000E+00 0.00000E+00 0.00000E+00 0.00000E+00
 4.66034E-01 2.05908E-02 9.91121E-01 4.66034E-01 2.05908E-02 9.78322E-01 0.00000E+00 0.00000E+00 0.00000E+00 0.00000E+00 0.00000E+00 0.00000E+00
 4.34209E-01 1.44401E-02 9.21320E-01 4.34209E-01 1.44401E-02 9.10244E-01 0.00000E+00 0.00000E+00 0.00000E+00 0.00000E+00 0.00000E+00 0.00000E+00
 4.10534E-01 1.10828E-02 8.70152E-01 4.10534E-01 1.10828E-02 8.60191E-01 0.00000E+00 0.00000E+00 0.00000E+00 0.00000E+00 0.00000E+00 0.00000E+00
 4.03962E-01 1.02958E-02 8.56034E-01 4.03962E-01 1.02958E-02 8.46359E-01 0.00000E+00 0.00000E+00 0.00000E+00 0.00000E+00 0.00000E+00 0.00000E+00
 3.73590E-01 7.37496E-03 7.91185E-01 3.73590E-01 7.37496E-03 7.82739E-01 0.00000E+00 0.00000E+00 0.00000E+00 0.00000E+00 0.00000E+00 0.00000E+00
 3.45042E-01 5.46675E-03 7.30757E-01 3.45042E-01 5.46675E-03 7.23341E-01 0.00000E+00 0.00000E+00 0.00000E+00 0.00000E+00 0.00000E+00 0.00000E+00
 3.18298E-01 4.19832E-03 6.74456E-01 3.18298E-01 4.19832E-03 6.67920E-01 0.00000E+00 0.00000E+00 0.00000E+00 0.00000E+00 0.00000E+00 0.00000E+00
 2.93321E-01 3.32704E-03 6.22028E-01 2.93321E-01 3.32704E-03 6.16253E-01 0.00000E+00 0.00000E+00 0.00000E+00 0.00000E+00 0.00000E+00 0.00000E+00
 2.70059E-01 2.70125E-03 5.73252E-01 2.70059E-01 2.70125E-03 5.68142E-01 0.00000E+00 0.00000E+00 0.00000E+00 0.00000E+00 0.00000E+00 0.00000E+00
 2.48418E-01 2.22924E-03 5.27873E-01 2.48418E-01 2.22924E-03 5.23346E-01 0.00000E+00 0.00000E+00 0.00000E+00 0.00000E+00 0.00000E+00 0.00000E+00
 2.28295E-01 1.85746E-03 4.85644E-01 2.28295E-01 1.85746E-03 4.81634E-01 0.00000E+00 0.00000E+00 0.00000E+00 0.00000E+00 0.00000E+00 0.00000E+00
 2.09604E-01 1.55529E-03 4.46374E-01 2.09604E-01 1.55529E-03 4.42822E-01 0.00000E+00 0.00000E+00 0.00000E+00 0.00000E+00 0.00000E+00 0.00000E+00
 1.92262E-01 1.30485E-03 4.09890E-01 1.92262E-01 1.30485E-03 4.06744E-01 0.00000E+00 0.00000E+00 0.00000E+00 0.00000E+00 0.00000E+00 0.00000E+00
 1.76190E-01 1.09511E-03 3.76028E-01 1.76190E-01 1.09511E-03 3.73243E-01 0.00000E+00 0.00000E+00 0.00000E+00 0.00000E+00 0.00000E+00 0.00000E+00
 1.61312E-01 9.18648E-04 3.44636E-01 1.61312E-01 9.18648E-04 3.42171E-01 0.00000E+00 0.00000E+00 0.00000E+00 0.00000E+00 0.00000E+00 0.00000E+00
 1.47555E-01 7.69968E-04 3.15567E-01 1.47555E-01 7.69968E-04 3.13386E-01 0.00000E+00 0.00000E+00 0.00000E+00 0.00000E+00 0.00000E+00 0.00000E+00
 1.34849E-01 6.44705E-04 2.88681E-01 1.34849E-01 6.44705E-04 2.86752E-01 0.00000E+00 0.00000E+00 0.00000E+00 0.00000E+00 0.00000E+00 0.00000E+00
 1.23128E-01 5.39248E-04 2.63843E-01 1.23128E-01 5.39248E-04 2.62138E-01 0.00000E+00 0.00000E+00 0.00000E+00 0.00000E+00 0.00000E+00 0.00000E+00
 1.12326E-01 4.50553E-04 2.40922E-01 1.12326E-01 4.50553E-04 2.39416E-01 0.00000E+00 0.00000E+00 0.00000E+00 0.00000E+00 0.00000E+00 0.00000E+00
 1.02395E-01 3.76102E-04 2.19823E-01 1.02395E-01 3.76102E-04 2.18492E-01 0.00000E+00 0.00000E+00 0.00000E+00 0.00000E+00 0.00000E+00 0.00000E+00
 9.32677E-02 3.13639E-04 2.00407E-01 9.32677E-02 3.13639E-04 1.99231E-01 0.00000E+00 0.00000E+00 0.00000E+00 0.00000E+00 0.00000E+00 0.00000E+00
 5.91447E-01 1.14220E-01 1.26736E+00 5.91447E-01 1.14220E-01 1.24291E+00 0.00000E+00 0.00000E+00 0.00000E+00 0.00000E+00 0.00000E+00 0.00000E+00
 5.58470E-01 8.09482E-02 1.18199E+00 5.58470E-01 8.09482E-02 1.16226E+00 0.00000E+00 0.00000E+00 0.00000E+00 0.00000E+00 0.00000E+00 0.00000E+00
 5.24063E-01 5.64941E-02 1.09730E+00 5.24063E-01 5.64941E-02 1.08122E+00 0.00000E+00 0.00000E+00 0.00000E+00 0.00000E+00 0.00000E+00 0.00000E+00
 4.89137E-01 3.89604E-02 1.01522E+00 4.89137E-01 3.89604E-02 1.00197E+00 0.00000E+00 0.00000E+00 0.00000E+00 0.00000E+00 0.00000E+00 0.00000E+00
 4.54689E-01 2.66986E-02 9.37370E-01 4.54689E-01 2.66986E-02 9.26311E-01 0.00000E+00 0.00000E+00 0.00000E+00 0.00000E+00 0.00000E+00 0.00000E+00
 4.21605E-01 1.82927E-02 8.64849E-01 4.21605E-01 1.82927E-02 8.55494E-01 0.00000E+00 0.00000E+00 0.00000E+00 0.00000E+00 0.00000E+00 0.00000E+00
 3.90293E-01 1.26277E-02 7.97888E-01 3.90293E-01 1.26277E-02 7.89876E-01 0.00000E+00 0.00000E+00 0.00000E+00 0.00000E+00 0.00000E+00 0.00000E+00
 3.67331E-01 9.57731E-03 7.49637E-01 3.67331E-01 9.57731E-03 7.42481E-01 0.00000E+00 0.00000E+00 0.00000E+00 0.00000E+00 0.00000E+00 0.00000E+00
 3.61010E-01 8.86704E-03 7.36451E-01 3.61010E-01 8.86704E-03 7.29513E-01 0.00000E+00 0.00000E+00 0.00000E+00 0.00000E+00 0.00000E+00 0.00000E+00
 3.32012E-01 6.25420E-03 6.76447E-01 3.32012E-01 6.25420E-03 6.70437E-01 0.00000E+00 0.00000E+00 0.00000E+00 0.00000E+00 0.00000E+00 0.00000E+00
 3.05075E-01 4.57327E-03 6.21322E-01 3.05075E-01 4.57327E-03 6.16079E-01 0.00000E+00 0.00000E+00 0.00000E+00 0.00000E+00 0.00000E+00 0.00000E+00
 2.80087E-01 3.47298E-03 5.70549E-01 2.80087E-01 3.47298E-03 5.65953E-01 0.00000E+00 0.00000E+00 0.00000E+00 0.00000E+00 0.00000E+00 0.00000E+00
 2.56941E-01 2.72839E-03 5.23711E-01 2.56941E-01 2.72839E-03 5.19670E-01 0.00000E+00 0.00000E+00 0.00000E+00 0.00000E+00 0.00000E+00 0.00000E+00
 2.35537E-01 2.20074E-03 4.80477E-01 2.35537E-01 2.20074E-03 4.76917E-01 0.00000E+00 0.00000E+00 0.00000E+00 0.00000E+00 0.00000E+00 0.00000E+00
 2.15749E-01 1.80713E-03 4.40525E-01 2.15749E-01 1.80713E-03 4.37386E-01 0.00000E+00 0.00000E+00 0.00000E+00 0.00000E+00 0.00000E+00 0.00000E+00
 1.97454E-01 1.49966E-03 4.03571E-01 1.97454E-01 1.49966E-03 4.00801E-01 0.00000E+00 0.00000E+00 0.00000E+00 0.00000E+00 0.00000E+00 0.00000E+00
 1.80551E-01 1.25127E-03 3.69398E-01 1.80551E-01 1.25127E-03 3.66954E-01 0.00000E+00 0.00000E+00 0.00000E+00 0.00000E+00 0.00000E+00 0.00000E+00
 1.64948E-01 1.04634E-03 3.37815E-01 1.64948E-01 1.04634E-03 3.35660E-01 0.00000E+00 0.00000E+00 0.00000E+00 0.00000E+00 0.00000E+00 0.00000E+00
 1.50559E-01 8.75359E-04 3.08652E-01 1.50559E-01 8.75359E-04 3.06751E-01 0.00000E+00 0.00000E+00 0.00000E+00 0.00000E+00 0.00000E+00 0.00000E+00
 1.37303E-01 7.31990E-04 2.81750E-01 1.37303E-01 7.31990E-04 2.80074E-01 0.00000E+00 0.00000E+00 0.00000E+00 0.00000E+00 0.00000E+00 0.00000E+00
 1.25103E-01 6.11580E-04 2.56960E-01 1.25103E-01 6.11580E-04 2.55482E-01 0.00000E+00 0.00000E+00 0.00000E+00 0.00000E+00 0.00000E+00 0.00000E+00
 1.13888E-01 5.10457E-04 2.34140E-01 1.13888E-01 5.10457E-04 2.32839E-01 0.00000E+00 0.00000E+00 0.00000E+00 0.00000E+00 0.00000E+00 0.00000E+00
 1.03588E-01 4.25593E-04 2.13157E-01 1.03588E-01 4.25593E-04 2.12011E-01 0.00000E+00 0.00000E+00 0.00000E+00 0.00000E+00 0.00000E+00 0.00000E+00
 9.41388E-02 3.54449E-04 1.93884E-01 9.41388E-02 3.54449E-04 1.92875E-01 0.00000E+00 0.00000E+00 0.00000E+00 0.00000E+00 0.00000E+00 0.00000E+00
 8.54910E-02 2.94926E-04 1.76224E-01 8.54910E-02 2.94926E-04 1.75336E-01 0.00000E+00 0.00000E+00 0.00000E+00 0.00000E+00 0.00000E+00 0.00000E+00
 7.75776E-02 2.45149E-04 1.60046E-01 7.75776E-02 2.45149E-04 1.59264E-01 0.00000E+00 0.00000E+00 0.00000E+00 0.00000E+00 0.00000E+00 0.00000E+00
 5.58576E-01 1.10260E-01 1.16817E+00 5.58576E-01 1.10260E-01 1.14890E+00 0.00000E+00 0.00000E+00 0.00000E+00 0.00000E+00 0.00000E+00 0.00000E+00
 5.21204E-01 7.66457E-02 1.07379E+00 5.21204E-01 7.66457E-02 1.05854E+00 0.00000E+00 0.00000E+00 0.00000E+00 0.00000E+00 0.00000E+00 0.00000E+00
 4.83765E-01 5.25069E-02 9.83686E-01 4.83765E-01 5.25069E-02 9.71493E-01 0.00000E+00 0.00000E+00 0.00000E+00 0.00000E+00 0.00000E+00 0.00000E+00
 4.47095E-01 3.55552E-02 8.99223E-01 4.47095E-01 3.55552E-02 8.89349E-01 0.00000E+00 0.00000E+00 0.00000E+00 0.00000E+00 0.00000E+00 0.00000E+00
 4.11928E-01 2.39440E-02 8.21357E-01 4.11928E-01 2.39440E-02 8.13243E-01 0.00000E+00 0.00000E+00 0.00000E+00 0.00000E+00 0.00000E+00 0.00000E+00
 3.78944E-01 1.61320E-02 7.50669E-01 3.78944E-01 1.61320E-02 7.43897E-01 0.00000E+00 0.00000E+00 0.00000E+00 0.00000E+00 0.00000E+00 0.00000E+00
 3.48345E-01 1.09570E-02 6.86865E-01 3.48345E-01 1.09570E-02 6.81130E-01 0.00000E+00 0.00000E+00 0.00000E+00 0.00000E+00 0.00000E+00 0.00000E+00
 3.26241E-01 8.21015E-03 6.41692E-01 3.26241E-01 8.21015E-03 6.36607E-01 0.00000E+00 0.00000E+00 0.00000E+00 0.00000E+00 0.00000E+00 0.00000E+00
 3.20207E-01 7.57516E-03 6.29466E-01 3.20207E-01 7.57516E-03 6.24546E-01 0.00000E+00 0.00000E+00 0.00000E+00 0.00000E+00 0.00000E+00 0.00000E+00
 2.92751E-01 5.25998E-03 5.74376E-01 2.92751E-01 5.25998E-03 5.70149E-01 0.00000E+00 0.00000E+00 0.00000E+00 0.00000E+00 0.00000E+00 0.00000E+00
 2.67563E-01 3.79346E-03 5.24511E-01 2.67563E-01 3.79346E-03 5.20847E-01 0.00000E+00 0.00000E+00 0.00000E+00 0.00000E+00 0.00000E+00 0.00000E+00
 2.44437E-01 2.84806E-03 4.79130E-01 2.44437E-01 2.84806E-03 4.75937E-01 0.00000E+00 0.00000E+00 0.00000E+00 0.00000E+00 0.00000E+00 0.00000E+00
 2.23198E-01 2.21765E-03 4.37670E-01 2.23198E-01 2.21765E-03 4.34876E-01 0.00000E+00 0.00000E+00 0.00000E+00 0.00000E+00 0.00000E+00 0.00000E+00
 2.03701E-01 1.77682E-03 3.99708E-01 2.03701E-01 1.77682E-03 3.97258E-01 0.00000E+00 0.00000E+00 0.00000E+00 0.00000E+00 0.00000E+00 0.00000E+00
 1.85789E-01 1.45158E-03 3.64867E-01 1.85789E-01 1.45158E-03 3.62716E-01 0.00000E+00 0.00000E+00 0.00000E+00 0.00000E+00 0.00000E+00 0.00000E+00
 1.69324E-01 1.19964E-03 3.32834E-01 1.69324E-01 1.19964E-03 3.30944E-01 0.00000E+00 0.00000E+00 0.00000E+00 0.00000E+00 0.00000E+00 0.00000E+00
 1.54193E-01 9.97344E-04 3.03376E-01 1.54193E-01 9.97344E-04 3.01714E-01 0.00000E+00 0.00000E+00 0.00000E+00 0.00000E+00 0.00000E+00 0.00000E+00
 1.40296E-01 8.31215E-04 2.76293E-01 1.40296E-01 8.31215E-04 2.74833E-01 0.00000E+00 0.00000E+00 0.00000E+00 0.00000E+00 0.00000E+00 0.00000E+00
 1.27542E-01 6.93135E-04 2.51411E-01 1.27542E-01 6.93135E-04 2.50128E-01 0.00000E+00 0.00000E+00 0.00000E+00 0.00000E+00 0.00000E+00 0.00000E+00
 1.15849E-01 5.77749E-04 2.28570E-01 1.15849E-01 5.77749E-04 2.27444E-01 0.00000E+00 0.00000E+00 0.00000E+00 0.00000E+00 0.00000E+00 0.00000E+00
 1.05139E-01 4.81159E-04 2.07624E-01 1.05139E-01 4.81159E-04 2.06635E-01 0.00000E+00 0.00000E+00 0.00000E+00 0.00000E+00 0.00000E+00 0.00000E+00
 9.53375E-02 4.00303E-04 1.88434E-01 9.53375E-02 4.00303E-04 1.87566E-01 0.00000E+00 0.00000E+00 0.00000E+00 0.00000E+00 0.00000E+00 0.00000E+00
 8.63775E-02 3.32669E-04 1.70871E-01 8.63775E-02 3.32669E-04 1.70109E-01 0.00000E+00 0.00000E+00 0.00000E+00 0.00000E+00 0.00000E+00 0.00000E+00
 7.81946E-02 2.76154E-04 1.54814E-01 7.81946E-02 2.76154E-04 1.54145E-01 0.00000E+00 0.00000E+00 0.00000E+00 0.00000E+00 0.00000E+00 0.00000E+00
 7.07392E-02 2.29027E-04 1.40167E-01 7.07392E-02 2.29027E-04 1.39581E-01 0.00000E+00 0.00000E+00 0.00000E+00 0.00000E+00 0.00000E+00 0.00000E+00
 6.39469E-02 1.89749E-04 1.26810E-01 6.39469E-02 1.89749E-04 1.26296E-01 0.00000E+00 0.00000E+00 0.00000E+00 0.00000E+00 0.00000E+00 0.00000E+00
 5.27454E-01 1.06355E-01 1.07840E+00 5.27454E-01 1.06355E-01 1.06324E+00 0.00000E+00 0.00000E+00 0.00000E+00 0.00000E+00 0.00000E+00 0.00000E+00
 4.85722E-01 7.24000E-02 9.75663E-01 4.85722E-01 7.24000E-02 9.63915E-01 0.00000E+00 0.00000E+00 0.00000E+00 0.00000E+00 0.00000E+00 0.00000E+00
 4.45363E-01 4.86111E-02 8.80768E-01 4.45363E-01 4.86111E-02 8.71562E-01 0.00000E+00 0.00000E+00 0.00000E+00 0.00000E+00 0.00000E+00 0.00000E+00
 4.07087E-01 3.22829E-02 7.94494E-01 4.07087E-01 3.22829E-02 7.87180E-01 0.00000E+00 0.00000E+00 0.00000E+00 0.00000E+00 0.00000E+00 0.00000E+00
 3.71403E-01 2.13403E-02 7.17169E-01 3.71403E-01 2.13403E-02 7.11260E-01 0.00000E+00 0.00000E+00 0.00000E+00 0.00000E+00 0.00000E+00 0.00000E+00
 3.38705E-01 1.41282E-02 6.48703E-01 3.38705E-01 1.41282E-02 6.43843E-01 0.00000E+00 0.00000E+00 0.00000E+00 0.00000E+00 0.00000E+00 0.00000E+00
 3.08982E-01 9.43722E-03 5.88281E-01 3.08982E-01 9.43722E-03 5.84216E-01 0.00000E+00 0.00000E+00 0.00000E+00 0.00000E+00 0.00000E+00 0.00000E+00
 2.87844E-01 6.98461E-03 5.46261E-01 2.87844E-01 6.98461E-03 5.42686E-01 0.00000E+00 0.00000E+00 0.00000E+00 0.00000E+00 0.00000E+00 0.00000E+00
 2.82125E-01 6.42195E-03 5.34999E-01 2.82125E-01 6.42195E-03 5.31546E-01 0.00000E+00 0.00000E+00 0.00000E+00 0.00000E+00 0.00000E+00 0.00000E+00
 2.56318E-01 4.38907E-03 4.84765E-01 2.56318E-01 4.38907E-03 4.81824E-01 0.00000E+00 0.00000E+00 0.00000E+00 0.00000E+00 0.00000E+00 0.00000E+00
 2.32953E-01 3.12137E-03 4.39990E-01 2.32953E-01 3.12137E-03 4.37459E-01 0.00000E+00 0.00000E+00 0.00000E+00 0.00000E+00 0.00000E+00 0.00000E+00
 2.11732E-01 2.31642E-03 3.99745E-01 2.11732E-01 2.31642E-03 3.97552E-01 0.00000E+00 0.00000E+00 0.00000E+00 0.00000E+00 0.00000E+00 0.00000E+00
 1.92415E-01 1.78741E-03 3.63345E-01 1.92415E-01 1.78741E-03 3.61436E-01 0.00000E+00 0.00000E+00 0.00000E+00 0.00000E+00 0.00000E+00 0.00000E+00
 1.74814E-01 1.42234E-03 3.30290E-01 1.74814E-01 1.42234E-03 3.28623E-01 0.00000E+00 0.00000E+00 0.00000E+00 0.00000E+00 0.00000E+00 0.00000E+00
 1.58749E-01 1.15593E-03 3.00161E-01 1.58749E-01 1.15593E-03 2.98703E-01 0.00000E+00 0.00000E+00 0.00000E+00 0.00000E+00 0.00000E+00 0.00000E+00
 1.44066E-01 9.51273E-04 2.72628E-01 1.44066E-01 9.51273E-04 2.71352E-01 0.00000E+00 0.00000E+00 0.00000E+00 0.00000E+00 0.00000E+00 0.00000E+00
 1.30645E-01 7.87959E-04 2.47448E-01 1.30645E-01 7.87959E-04 2.46331E-01 0.00000E+00 0.00000E+00 0.00000E+00 0.00000E+00 0.00000E+00 0.00000E+00
 1.18380E-01 6.54471E-04 2.24419E-01 1.18380E-01 6.54471E-04 2.23441E-01 0.00000E+00 0.00000E+00 0.00000E+00 0.00000E+00 0.00000E+00 0.00000E+00
 1.07180E-01 5.43949E-04 2.03367E-01 1.07180E-01 5.43949E-04 2.02511E-01 0.00000E+00 0.00000E+00 0.00000E+00 0.00000E+00 0.00000E+00 0.00000E+00
 9.69608E-02 4.51914E-04 1.84137E-01 9.69608E-02 4.51914E-04 1.83388E-01 0.00000E+00 0.00000E+00 0.00000E+00 0.00000E+00 0.00000E+00 0.00000E+00
 8.76437E-02 3.75129E-04 1.66586E-01 8.76437E-02 3.75129E-04 1.65931E-01 0.00000E+00 0.00000E+00 0.00000E+00 0.00000E+00 0.00000E+00 0.00000E+00
 7.91573E-02 3.11065E-04 1.50583E-01 7.91573E-02 3.11065E-04 1.50010E-01 0.00000E+00 0.00000E+00 0.00000E+00 0.00000E+00 0.00000E+00 0.00000E+00
 7.14346E-02 2.57654E-04 1.36004E-01 7.14346E-02 2.57654E-04 1.35503E-01 0.00000E+00 0.00000E+00 0.00000E+00 0.00000E+00 0.00000E+00 0.00000E+00
 6.44134E-02 2.13173E-04 1.22736E-01 6.44134E-02 2.13173E-04 1.22298E-01 0.00000E+00 0.00000E+00 0.00000E+00 0.00000E+00 0.00000E+00 0.00000E+00
 5.80451E-02 1.76207E-04 1.10690E-01 5.80451E-02 1.76207E-04 1.10308E-01 0.00000E+00 0.00000E+00 0.00000E+00 0.00000E+00 0.00000E+00 0.00000E+00
 5.22689E-02 1.45501E-04 9.97537E-02 5.22689E-02 1.45501E-04 9.94190E-02 0.00000E+00 0.00000E+00 0.00000E+00 0.00000E+00 0.00000E+00 0.00000E+00
 4.97760E-01 1.02423E-01 9.96391E-01 4.97760E-01 1.02423E-01 9.84482E-01 0.00000E+00 0.00000E+00 0.00000E+00 0.00000E+00 0.00000E+00 0.00000E+00
 4.51652E-01 6.81747E-02 8.86004E-01 4.51652E-01 6.81747E-02 8.76983E-01 0.00000E+00 0.00000E+00 0.00000E+00 0.00000E+00 0.00000E+00 0.00000E+00
 4.08557E-01 4.47836E-02 7.87020E-01 4.08557E-01 4.47836E-02 7.80107E-01 0.00000E+00 0.00000E+00 0.00000E+00 0.00000E+00 0.00000E+00 0.00000E+00
 3.68872E-01 2.91277E-02 6.99551E-01 3.68872E-01 2.91277E-02 6.94171E-01 0.00000E+00 0.00000E+00 0.00000E+00 0.00000E+00 0.00000E+00 0.00000E+00
 3.32844E-01 1.88727E-02 6.23241E-01 3.32844E-01 1.88727E-02 6.18976E-01 0.00000E+00 0.00000E+00 0.00000E+00 0.00000E+00 0.00000E+00 0.00000E+00
 3.00597E-01 1.22655E-02 5.57334E-01 3.00597E-01 1.22655E-02 5.53881E-01 0.00000E+00 0.00000E+00 0.00000E+00 0.00000E+00 0.00000E+00 0.00000E+00
 2.71902E-01 8.05196E-03 5.00485E-01 2.71902E-01 8.05196E-03 4.97636E-01 0.00000E+00 0.00000E+00 0.00000E+00 0.00000E+00 0.00000E+00 0.00000E+00
 2.51833E-01 5.88414E-03 4.61673E-01 2.51833E-01 5.88414E-03 4.59188E-01 0.00000E+00 0.00000E+00 0.00000E+00 0.00000E+00 0.00000E+00 0.00000E+00
 2.46451E-01 5.39085E-03 4.51373E-01 2.46451E-01 5.39085E-03 4.48979E-01 0.00000E+00 0.00000E+00 0.00000E+00 0.00000E+00 0.00000E+00 0.00000E+00
 2.22394E-01 3.62536E-03 4.05923E-01 2.22394E-01 3.62536E-03 4.03902E-01 0.00000E+00 0.00000E+00 0.00000E+00 0.00000E+00 0.00000E+00 0.00000E+00
 2.00922E-01 2.54184E-03 3.66063E-01 2.00922E-01 2.54184E-03 3.64337E-01 0.00000E+00 0.00000E+00 0.00000E+00 0.00000E+00 0.00000E+00 0.00000E+00
 1.81645E-01 1.86422E-03 3.30704E-01 1.81645E-01 1.86422E-03 3.29217E-01 0.00000E+00 0.00000E+00 0.00000E+00 0.00000E+00 0.00000E+00 0.00000E+00
 1.64262E-01 1.42525E-03 2.99056E-01 1.64262E-01 1.42525E-03 2.97768E-01 0.00000E+00 0.00000E+00 0.00000E+00 0.00000E+00 0.00000E+00 0.00000E+00
 1.48546E-01 1.12626E-03 2.70560E-01 1.48546E-01 1.12626E-03 2.69441E-01 0.00000E+00 0.00000E+00 0.00000E+00 0.00000E+00 0.00000E+00 0.00000E+00
 1.34297E-01 9.10430E-04 2.44771E-01 1.34297E-01 9.10430E-04 2.43796E-01 0.00000E+00 0.00000E+00 0.00000E+00 0.00000E+00 0.00000E+00 0.00000E+00
 1.21349E-01 7.46018E-04 2.21348E-01 1.21349E-01 7.46018E-04 2.20498E-01 0.00000E+00 0.00000E+00 0.00000E+00 0.00000E+00 0.00000E+00 0.00000E+00
 1.09578E-01 6.15630E-04 2.00045E-01 1.09578E-01 6.15630E-04 1.99303E-01 0.00000E+00 0.00000E+00 0.00000E+00 0.00000E+00 0.00000E+00 0.00000E+00
 9.88756E-02 5.09559E-04 1.80663E-01 9.88756E-02 5.09559E-04 1.80016E-01 0.00000E+00 0.00000E+00 0.00000E+00 0.00000E+00 0.00000E+00 0.00000E+00
 8.91505E-02 4.22083E-04 1.63034E-01 8.91505E-02 4.22083E-04 1.62470E-01 0.00000E+00 0.00000E+00 0.00000E+00 0.00000E+00 0.00000E+00 0.00000E+00
 8.03192E-02 3.49499E-04 1.47009E-01 8.03192E-02 3.49499E-04 1.46518E-01 0.00000E+00 0.00000E+00 0.00000E+00 0.00000E+00 0.00000E+00 0.00000E+00
 7.23057E-02 2.89148E-04 1.32454E-01 7.23057E-02 2.89148E-04 1.32025E-01 0.00000E+00 0.00000E+00 0.00000E+00 0.00000E+00 0.00000E+00 0.00000E+00
 6.50405E-02 2.38966E-04 1.19245E-01 6.50405E-02 2.38966E-04 1.18871E-01 0.00000E+00 0.00000E+00 0.00000E+00 0.00000E+00 0.00000E+00 0.00000E+00
 5.84594E-02 1.97270E-04 1.07267E-01 5.84594E-02 1.97270E-04 1.06941E-01 0.00000E+00 0.00000E+00 0.00000E+00 0.00000E+00 0.00000E+00 0.00000E+00
 5.25032E-02 1.62662E-04 9.64162E-02 5.25032E-02 1.62662E-04 9.61322E-02 0.00000E+00 0.00000E+00 0.00000E+00 0.00000E+00 0.00000E+00 0.00000E+00
 4.71254E-02 1.34002E-04 8.66100E-02 4.71254E-02 1.34002E-04 8.63625E-02 0.00000E+00 0.00000E+00 0.00000E+00 0.00000E+00 0.00000E+00 0.00000E+00
 4.22693E-02 1.10277E-04 7.77467E-02 4.22693E-02 1.10277E-04 7.75311E-02 0.00000E+00 0.00000E+00 0.00000E+00 0.00000E+00 0.00000E+00 0.00000E+00
 4.69699E-01 9.85099E-02 9.21868E-01 4.69699E-01 9.85099E-02 9.12525E-01 0.00000E+00 0.00000E+00 0.00000E+00 0.00000E+00 0.00000E+00 0.00000E+00
 4.19399E-01 6.40255E-02 8.04461E-01 4.19399E-01 6.40255E-02 7.97554E-01 0.00000E+00 0.00000E+00 0.00000E+00 0.00000E+00 0.00000E+00 0.00000E+00
 3.73746E-01 4.10793E-02 7.02153E-01 3.73746E-01 4.10793E-02 6.96985E-01 0.00000E+00 0.00000E+00 0.00000E+00 0.00000E+00 0.00000E+00 0.00000E+00
 3.32836E-01 2.61295E-02 6.14139E-01 3.32836E-01 2.61295E-02 6.10208E-01 0.00000E+00 0.00000E+00 0.00000E+00 0.00000E+00 0.00000E+00 0.00000E+00
 2.96669E-01 1.65714E-02 5.39308E-01 2.96669E-01 1.65714E-02 5.36255E-01 0.00000E+00 0.00000E+00 0.00000E+00 0.00000E+00 0.00000E+00 0.00000E+00
 2.65053E-01 1.05607E-02 4.76244E-01 2.65053E-01 1.05607E-02 4.73815E-01 0.00000E+00 0.00000E+00 0.00000E+00 0.00000E+00 0.00000E+00 0.00000E+00
 2.37524E-01 6.80806E-03 4.23088E-01 2.37524E-01 6.80806E-03 4.21112E-01 0.00000E+00 0.00000E+00 0.00000E+00 0.00000E+00 0.00000E+00 0.00000E+00
 2.18601E-01 4.91027E-03 3.87478E-01 2.18601E-01 4.91027E-03 3.85771E-01 0.00000E+00 0.00000E+00 0.00000E+00 0.00000E+00 0.00000E+00 0.00000E+00
 2.13574E-01 4.48217E-03 3.78123E-01 2.13574E-01 4.48217E-03 3.76483E-01 0.00000E+00 0.00000E+00 0.00000E+00 0.00000E+00 0.00000E+00 0.00000E+00
 1.91324E-01 2.96497E-03 3.37305E-01 1.91324E-01 2.96497E-03 3.35934E-01 0.00000E+00 0.00000E+00 0.00000E+00 0.00000E+00 0.00000E+00 0.00000E+00
 1.71763E-01 2.04900E-03 3.02111E-01 1.71763E-01 2.04900E-03 3.00948E-01 0.00000E+00 0.00000E+00 0.00000E+00 0.00000E+00 0.00000E+00 0.00000E+00
 1.54416E-01 1.48485E-03 2.71319E-01 1.54416E-01 1.48485E-03 2.70323E-01 0.00000E+00 0.00000E+00 0.00000E+00 0.00000E+00 0.00000E+00 0.00000E+00
 1.38927E-01 1.12459E-03 2.44060E-01 1.38927E-01 1.12459E-03 2.43202E-01 0.00000E+00 0.00000E+00 0.00000E+00 0.00000E+00 0.00000E+00 0.00000E+00
 1.25038E-01 8.82364E-04 2.19732E-01 1.25038E-01 8.82364E-04 2.18989E-01 0.00000E+00 0.00000E+00 0.00000E+00 0.00000E+00 0.00000E+00 0.00000E+00
 1.12532E-01 7.09400E-04 1.97875E-01 1.12532E-01 7.09400E-04 1.97230E-01 0.00000E+00 0.00000E+00 0.00000E+00 0.00000E+00 0.00000E+00 0.00000E+00
 1.01235E-01 5.78739E-04 1.78146E-01 1.01235E-01 5.78739E-04 1.77586E-01 0.00000E+00 0.00000E+00 0.00000E+00 0.00000E+00 0.00000E+00 0.00000E+00
 9.10200E-02 4.75763E-04 1.60303E-01 9.10200E-02 4.75763E-04 1.59816E-01 0.00000E+00 0.00000E+00 0.00000E+00 0.00000E+00 0.00000E+00 0.00000E+00
 8.17809E-02 3.92395E-04 1.44154E-01 8.17809E-02 3.92395E-04 1.43731E-01 0.00000E+00 0.00000E+00 0.00000E+00 0.00000E+00 0.00000E+00 0.00000E+00
 7.34266E-02 3.23916E-04 1.29539E-01 7.34266E-02 3.23916E-04 1.29172E-01 0.00000E+00 0.00000E+00 0.00000E+00 0.00000E+00 0.00000E+00 0.00000E+00
 6.58766E-02 2.67302E-04 1.16319E-01 6.58766E-02 2.67302E-04 1.16000E-01 0.00000E+00 0.00000E+00 0.00000E+00 0.00000E+00 0.00000E+00 0.00000E+00
 5.90584E-02 2.20394E-04 1.04369E-01 5.90584E-02 2.20394E-04 1.04091E-01 0.00000E+00 0.00000E+00 0.00000E+00 0.00000E+00 0.00000E+00 0.00000E+00
 5.29057E-02 1.81524E-04 9.35753E-02 5.29057E-02 1.81524E-04 9.33339E-02 0.00000E+00 0.00000E+00 0.00000E+00 0.00000E+00 0.00000E+00 0.00000E+00
 4.73581E-02 1.49338E-04 8.38337E-02 4.73581E-02 1.49338E-04 8.36239E-02 0.00000E+00 0.00000E+00 0.00000E+00 0.00000E+00 0.00000E+00 0.00000E+00
 4.23602E-02 1.22717E-04 7.50491E-02 4.23602E-02 1.22717E-04 7.48669E-02 0.00000E+00 0.00000E+00 0.00000E+00 0.00000E+00 0.00000E+00 0.00000E+00
 3.78684E-02 1.00749E-04 6.71469E-02 3.78684E-02 1.00749E-04 6.69885E-02 0.00000E+00 0.00000E+00 0.00000E+00 0.00000E+00 0.00000E+00 0.00000E+00
 3.38304E-02 8.26265E-05 6.00367E-02 3.38304E-02 8.26265E-05 5.98991E-02 0.00000E+00 0.00000E+00 0.00000E+00 0.00000E+00 0.00000E+00 0.00000E+00
 4.43240E-01 9.46654E-02 8.54060E-01 4.43240E-01 9.46654E-02 8.46737E-01 0.00000E+00 0.00000E+00 0.00000E+00 0.00000E+00 0.00000E+00 0.00000E+00
 3.88934E-01 5.99791E-02 7.30530E-01 3.88934E-01 5.99791E-02 7.25255E-01 0.00000E+00 0.00000E+00 0.00000E+00 0.00000E+00 0.00000E+00 0.00000E+00
 3.40972E-01 3.75213E-02 6.25633E-01 3.40972E-01 3.75213E-02 6.21787E-01 0.00000E+00 0.00000E+00 0.00000E+00 0.00000E+00 0.00000E+00 0.00000E+00
 2.99092E-01 2.32991E-02 5.37658E-01 2.99092E-01 2.32991E-02 5.34804E-01 0.00000E+00 0.00000E+00 0.00000E+00 0.00000E+00 0.00000E+00 0.00000E+00
 2.62996E-01 1.44401E-02 4.64730E-01 2.62996E-01 1.44401E-02 4.62561E-01 0.00000E+00 0.00000E+00 0.00000E+00 0.00000E+00 0.00000E+00 0.00000E+00
 2.32169E-01 9.01281E-03 4.04754E-01 2.32169E-01 9.01281E-03 4.03062E-01 0.00000E+00 0.00000E+00 0.00000E+00 0.00000E+00 0.00000E+00 0.00000E+00
 2.05916E-01 5.70044E-03 3.55362E-01 2.05916E-01 5.70044E-03 3.54007E-01 0.00000E+00 0.00000E+00 0.00000E+00 0.00000E+00 0.00000E+00 0.00000E+00
 1.88195E-01 4.05578E-03 3.22910E-01 1.88195E-01 4.05578E-03 3.21751E-01 0.00000E+00 0.00000E+00 0.00000E+00 0.00000E+00 0.00000E+00 0.00000E+00
 1.83533E-01 3.68822E-03 3.14473E-01 1.83533E-01 3.68822E-03 3.13361E-01 0.00000E+00 0.00000E+00 0.00000E+00 0.00000E+00 0.00000E+00 0.00000E+00
 1.63114E-01 2.39890E-03 2.78083E-01 1.63114E-01 2.39890E-03 2.77163E-01 0.00000E+00 0.00000E+00 0.00000E+00 0.00000E+00 0.00000E+00 0.00000E+00
 1.45451E-01 1.63359E-03 2.47262E-01 1.45451E-01 1.63359E-03 2.46488E-01 0.00000E+00 0.00000E+00 0.00000E+00 0.00000E+00 0.00000E+00 0.00000E+00
 1.29992E-01 1.16946E-03 2.20684E-01 1.29992E-01 1.16946E-03 2.20026E-01 0.00000E+00 0.00000E+00 0.00000E+00 0.00000E+00 0.00000E+00 0.00000E+00
 1.16334E-01 8.77291E-04 1.97427E-01 1.16334E-01 8.77291E-04 1.96862E-01 0.00000E+00 0.00000E+00 0.00000E+00 0.00000E+00 0.00000E+00 0.00000E+00
 1.04190E-01 6.83356E-04 1.76861E-01 1.04190E-01 6.83356E-04 1.76374E-01 0.00000E+00 0.00000E+00 0.00000E+00 0.00000E+00 0.00000E+00 0.00000E+00
 9.33330E-02 5.46358E-04 1.58521E-01 9.33330E-02 5.46358E-04 1.58100E-01 0.00000E+00 0.00000E+00 0.00000E+00 0.00000E+00 0.00000E+00 0.00000E+00
 8.35857E-02 4.43730E-04 1.42072E-01 8.35857E-02 4.43730E-04 1.41708E-01 0.00000E+00 0.00000E+00 0.00000E+00 0.00000E+00 0.00000E+00 0.00000E+00
 7.48206E-02 3.63355E-04 1.27280E-01 7.48206E-02 3.63355E-04 1.26964E-01 0.00000E+00 0.00000E+00 0.00000E+00 0.00000E+00 0.00000E+00 0.00000E+00
 6.69339E-02 2.98599E-04 1.13963E-01 6.69339E-02 2.98599E-04 1.13689E-01 0.00000E+00 0.00000E+00 0.00000E+00 0.00000E+00 0.00000E+00 0.00000E+00
 5.98381E-02 2.45626E-04 1.01971E-01 5.98381E-02 2.45626E-04 1.01734E-01 0.00000E+00 0.00000E+00 0.00000E+00 0.00000E+00 0.00000E+00 0.00000E+00
 5.34567E-02 2.01993E-04 9.11774E-02 5.34567E-02 2.01993E-04 9.09717E-02 0.00000E+00 0.00000E+00 0.00000E+00 0.00000E+00 0.00000E+00 0.00000E+00
 4.77214E-02 1.65969E-04 8.14674E-02 4.77214E-02 1.65969E-04 8.12891E-02 0.00000E+00 0.00000E+00 0.00000E+00 0.00000E+00 0.00000E+00 0.00000E+00
 4.25704E-02 1.36224E-04 7.27385E-02 4.25704E-02 1.36224E-04 7.25840E-02 0.00000E+00 0.00000E+00 0.00000E+00 0.00000E+00 0.00000E+00 0.00000E+00
 3.79477E-02 1.11680E-04 6.48975E-02 3.79477E-02 1.11680E-04 6.47636E-02 0.00000E+00 0.00000E+00 0.00000E+00 0.00000E+00 0.00000E+00 0.00000E+00
 3.38024E-02 9.14521E-05 5.78597E-02 3.38024E-02 9.14521E-05 5.77437E-02 0.00000E+00 0.00000E+00 0.00000E+00 0.00000E+00 0.00000E+00 0.00000E+00
 3.00940E-02 7.48190E-05 5.15582E-02 3.00940E-02 7.48190E-05 5.14576E-02 0.00000E+00 0.00000E+00 0.00000E+00 0.00000E+00 0.00000E+00 0.00000E+00
 2.67756E-02 6.11472E-05 4.59140E-02 2.67756E-02 6.11472E-05 4.58268E-02 0.00000E+00 0.00000E+00 0.00000E+00 0.00000E+00 0.00000E+00 0.00000E+00
 4.18314E-01 9.08865E-02 7.92256E-01 4.18314E-01 9.08865E-02 7.86521E-01 0.00000E+00 0.00000E+00 0.00000E+00 0.00000E+00 0.00000E+00 0.00000E+00
 3.60224E-01 5.60417E-02 6.63369E-01 3.60224E-01 5.60417E-02 6.59350E-01 0.00000E+00 0.00000E+00 0.00000E+00 0.00000E+00 0.00000E+00 0.00000E+00
 3.10189E-01 3.41212E-02 5.56612E-01 3.10189E-01 3.41212E-02 5.53763E-01 0.00000E+00 0.00000E+00 0.00000E+00 0.00000E+00 0.00000E+00 0.00000E+00
 2.67587E-01 2.06461E-02 4.69245E-01 2.67587E-01 2.06461E-02 4.67185E-01 0.00000E+00 0.00000E+00 0.00000E+00 0.00000E+00 0.00000E+00 0.00000E+00
 2.31776E-01 1.24818E-02 3.98603E-01 2.31776E-01 1.24818E-02 3.97075E-01 0.00000E+00 0.00000E+00 0.00000E+00 0.00000E+00 0.00000E+00 0.00000E+00
 2.01906E-01 7.61919E-03 3.41918E-01 2.01906E-01 7.61919E-03 3.40749E-01 0.00000E+00 0.00000E+00 0.00000E+00 0.00000E+00 0.00000E+00 0.00000E+00
 1.77038E-01 4.72281E-03 2.96323E-01 1.77038E-01 4.72281E-03 2.95402E-01 0.00000E+00 0.00000E+00 0.00000E+00 0.00000E+00 0.00000E+00 0.00000E+00
 1.60565E-01 3.31270E-03 2.66958E-01 1.60565E-01 3.31270E-03 2.66179E-01 0.00000E+00 0.00000E+00 0.00000E+00 0.00000E+00 0.00000E+00 0.00000E+00
 1.56275E-01 3.00070E-03 2.59404E-01 1.56275E-01 3.00070E-03 2.58659E-01 0.00000E+00 0.00000E+00 0.00000E+00 0.00000E+00 0.00000E+00 0.00000E+00
 1.37693E-01 1.91802E-03 2.27220E-01 1.37693E-01 1.91802E-03 2.26610E-01 0.00000E+00 0.00000E+00 0.00000E+00 0.00000E+00 0.00000E+00 0.00000E+00
 1.21894E-01 1.28662E-03 2.00467E-01 1.21894E-01 1.28662E-03 1.99958E-01 0.00000E+00 0.00000E+00 0.00000E+00 0.00000E+00 0.00000E+00 0.00000E+00
 1.08260E-01 9.09697E-04 1.77749E-01 1.08260E-01 9.09697E-04 1.77319E-01 0.00000E+00 0.00000E+00 0.00000E+00 0.00000E+00 0.00000E+00 0.00000E+00
 9.63491E-02 6.75802E-04 1.58111E-01 9.63491E-02 6.75802E-04 1.57743E-01 0.00000E+00 0.00000E+00 0.00000E+00 0.00000E+00 0.00000E+00 0.00000E+00
 8.58543E-02 5.22529E-04 1.40912E-01 8.58543E-02 5.22529E-04 1.40596E-01 0.00000E+00 0.00000E+00 0.00000E+00 0.00000E+00 0.00000E+00 0.00000E+00
 7.65398E-02 4.15413E-04 1.25694E-01 7.65398E-02 4.15413E-04 1.25422E-01 0.00000E+00 0.00000E+00 0.00000E+00 0.00000E+00 0.00000E+00 0.00000E+00
 6.82303E-02 3.35839E-04 1.12133E-01 6.82303E-02 3.35839E-04 1.11898E-01 0.00000E+00 0.00000E+00 0.00000E+00 0.00000E+00 0.00000E+00 0.00000E+00
 6.08001E-02 2.73912E-04 1.00009E-01 6.08001E-02 2.73912E-04 9.98058E-02 0.00000E+00 0.00000E+00 0.00000E+00 0.00000E+00 0.00000E+00 0.00000E+00
 5.41499E-02 2.24266E-04 8.91515E-02 5.41499E-02 2.24266E-04 8.89759E-02 0.00000E+00 0.00000E+00 0.00000E+00 0.00000E+00 0.00000E+00 0.00000E+00
 4.81969E-02 1.83821E-04 7.94248E-02 4.81969E-02 1.83821E-04 7.92729E-02 0.00000E+00 0.00000E+00 0.00000E+00 0.00000E+00 0.00000E+00 0.00000E+00
 4.28697E-02 1.50633E-04 7.07128E-02 4.28697E-02 1.50633E-04 7.05815E-02 0.00000E+00 0.00000E+00 0.00000E+00 0.00000E+00 0.00000E+00 0.00000E+00
 3.81050E-02 1.23333E-04 6.29137E-02 3.81050E-02 1.23333E-04 6.28001E-02 0.00000E+00 0.00000E+00 0.00000E+00 0.00000E+00 0.00000E+00 0.00000E+00
 3.38463E-02 1.00872E-04 5.59362E-02 3.38463E-02 1.00872E-04 5.58380E-02 0.00000E+00 0.00000E+00 0.00000E+00 0.00000E+00 0.00000E+00 0.00000E+00
 3.00425E-02 8.24053E-05 4.96981E-02 3.00425E-02 8.24053E-05 4.96132E-02 0.00000E+00 0.00000E+00 0.00000E+00 0.00000E+00 0.00000E+00 0.00000E+00
 2.66475E-02 6.72403E-05 4.41252E-02 2.66475E-02 6.72403E-05 4.40517E-02 0.00000E+00 0.00000E+00 0.00000E+00 0.00000E+00 0.00000E+00 0.00000E+00
 2.36248E-02 5.48163E-05 3.91587E-02 2.36248E-02 5.48163E-05 3.90951E-02 0.00000E+00 0.00000E+00 0.00000E+00 0.00000E+00 0.00000E+00 0.00000E+00
 2.09323E-02 4.46412E-05 3.47307E-02 2.09323E-02 4.46412E-05 3.46757E-02 0.00000E+00 0.00000E+00 0.00000E+00 0.00000E+00 0.00000E+00 0.00000E+00
 3.94644E-01 8.71297E-02 7.35653E-01 3.94644E-01 8.71297E-02 7.31166E-01 0.00000E+00 0.00000E+00 0.00000E+00 0.00000E+00 0.00000E+00 0.00000E+00
 3.33081E-01 5.21978E-02 6.02130E-01 3.33081E-01 5.21978E-02 5.99077E-01 0.00000E+00 0.00000E+00 0.00000E+00 0.00000E+00 0.00000E+00 0.00000E+00
 2.81261E-01 3.08770E-02 4.94180E-01 2.81261E-01 3.08770E-02 4.92080E-01 0.00000E+00 0.00000E+00 0.00000E+00 0.00000E+00 0.00000E+00 0.00000E+00
 2.38222E-01 1.81679E-02 4.08021E-01 2.38222E-01 1.81679E-02 4.06544E-01 0.00000E+00 0.00000E+00 0.00000E+00 0.00000E+00 0.00000E+00 0.00000E+00
 2.02913E-01 1.06990E-02 3.40055E-01 2.02913E-01 1.06990E-02 3.38988E-01 0.00000E+00 0.00000E+00 0.00000E+00 0.00000E+00 0.00000E+00 0.00000E+00
 1.74167E-01 6.37309E-03 2.86836E-01 1.74167E-01 6.37309E-03 2.86038E-01 0.00000E+00 0.00000E+00 0.00000E+00 0.00000E+00 0.00000E+00 0.00000E+00
 1.50780E-01 3.86643E-03 2.45051E-01 1.50780E-01 3.86643E-03 2.44432E-01 0.00000E+00 0.00000E+00 0.00000E+00 0.00000E+00 0.00000E+00 0.00000E+00
 1.35590E-01 2.67160E-03 2.18690E-01 1.35590E-01 2.67160E-03 2.18172E-01 0.00000E+00 0.00000E+00 0.00000E+00 0.00000E+00 0.00000E+00 0.00000E+00
 1.31675E-01 2.41007E-03 2.11982E-01 1.31675E-01 2.41007E-03 2.11488E-01 0.00000E+00 0.00000E+00 0.00000E+00 0.00000E+00 0.00000E+00 0.00000E+00
 1.14921E-01 1.51286E-03 1.83768E-01 1.14921E-01 1.51286E-03 1.83368E-01 0.00000E+00 0.00000E+00 0.00000E+00 0.00000E+00 0.00000E+00 0.00000E+00
 1.00938E-01 9.99238E-04 1.60775E-01 1.00938E-01 9.99238E-04 1.60443E-01 0.00000E+00 0.00000E+00 0.00000E+00 0.00000E+00 0.00000E+00 0.00000E+00
 8.90517E-02 6.97568E-04 1.41566E-01 8.90517E-02 6.97568E-04 1.41287E-01 0.00000E+00 0.00000E+00 0.00000E+00 0.00000E+00 0.00000E+00 0.00000E+00
 7.87925E-02 5.13073E-04 1.25174E-01 7.87925E-02 5.13073E-04 1.24937E-01 0.00000E+00 0.00000E+00 0.00000E+00 0.00000E+00 0.00000E+00 0.00000E+00
 6.98393E-02 3.93717E-04 1.10964E-01 6.98393E-02 3.93717E-04 1.10761E-01 0.00000E+00 0.00000E+00 0.00000E+00 0.00000E+00 0.00000E+00 0.00000E+00
 6.19547E-02 3.11199E-04 9.84929E-02 6.19547E-02 3.11199E-04 9.83185E-02 0.00000E+00 0.00000E+00 0.00000E+00 0.00000E+00 0.00000E+00 0.00000E+00
 5.49666E-02 2.50412E-04 8.74544E-02 5.49666E-02 2.50412E-04 8.73041E-02 0.00000E+00 0.00000E+00 0.00000E+00 0.00000E+00 0.00000E+00 0.00000E+00
 4.87544E-02 2.03408E-04 7.76427E-02 4.87544E-02 2.03408E-04 7.75132E-02 0.00000E+00 0.00000E+00 0.00000E+00 0.00000E+00 0.00000E+00 0.00000E+00
 4.32241E-02 1.65913E-04 6.89041E-02 4.32241E-02 1.65913E-04 6.87923E-02 0.00000E+00 0.00000E+00 0.00000E+00 0.00000E+00 0.00000E+00 0.00000E+00
 3.82991E-02 1.35496E-04 6.11159E-02 3.82991E-02 1.35496E-04 6.10194E-02 0.00000E+00 0.00000E+00 0.00000E+00 0.00000E+00 0.00000E+00 0.00000E+00
 3.39141E-02 1.10634E-04 5.41752E-02 3.39141E-02 1.10634E-04 5.40918E-02 0.00000E+00 0.00000E+00 0.00000E+00 0.00000E+00 0.00000E+00 0.00000E+00
 3.00114E-02 9.02581E-05 4.79921E-02 3.00114E-02 9.02581E-05 4.79202E-02 0.00000E+00 0.00000E+00 0.00000E+00 0.00000E+00 0.00000E+00 0.00000E+00
 2.65403E-02 7.35554E-05 4.24873E-02 2.65403E-02 7.35554E-05 4.24251E-02 0.00000E+00 0.00000E+00 0.00000E+00 0.00000E+00 0.00000E+00 0.00000E+00
 2.34549E-02 5.98738E-05 3.75894E-02 2.34549E-02 5.98738E-05 3.75357E-02 0.00000E+00 0.00000E+00 0.00000E+00 0.00000E+00 0.00000E+00 0.00000E+00
 2.07143E-02 4.86795E-05 3.32344E-02 2.07143E-02 4.86795E-05 3.31880E-02 0.00000E+00 0.00000E+00 0.00000E+00 0.00000E+00 0.00000E+00 0.00000E+00
 1.82858E-02 3.95426E-05 2.93717E-02 1.82858E-02 3.95426E-05 2.93316E-02 0.00000E+00 0.00000E+00 0.00000E+00 0.00000E+00 0.00000E+00 0.00000E+00
 1.61330E-02 3.20873E-05 2.59437E-02 1.61330E-02 3.20873E-05 2.59091E-02 0.00000E+00 0.00000E+00 0.00000E+00 0.00000E+00 0.00000E+00 0.00000E+00
 3.72453E-01 8.34451E-02 6.84168E-01 3.72453E-01 8.34451E-02 6.80652E-01 0.00000E+00 0.00000E+00 0.00000E+00 0.00000E+00 0.00000E+00 0.00000E+00
 3.07769E-01 4.85100E-02 5.46900E-01 3.07769E-01 4.85100E-02 5.44582E-01 0.00000E+00 0.00000E+00 0.00000E+00 0.00000E+00 0.00000E+00 0.00000E+00
 2.54528E-01 2.78444E-02 4.38437E-01 2.54528E-01 2.78444E-02 4.36890E-01 0.00000E+00 0.00000E+00 0.00000E+00 0.00000E+00 0.00000E+00 0.00000E+00
 2.11323E-01 1.59000E-02 3.53958E-01 2.11323E-01 1.59000E-02 3.52902E-01 0.00000E+00 0.00000E+00 0.00000E+00 0.00000E+00 0.00000E+00 0.00000E+00
 1.76709E-01 9.10489E-03 2.88946E-01 1.76709E-01 9.10489E-03 2.88204E-01 0.00000E+00 0.00000E+00 0.00000E+00 0.00000E+00 0.00000E+00 0.00000E+00
 1.49212E-01 5.28288E-03 2.39293E-01 1.49212E-01 5.28288E-03 2.38750E-01 0.00000E+00 0.00000E+00 0.00000E+00 0.00000E+00 0.00000E+00 0.00000E+00
 1.27363E-01 3.13260E-03 2.01254E-01 1.27363E-01 3.13260E-03 2.00841E-01 0.00000E+00 0.00000E+00 0.00000E+00 0.00000E+00 0.00000E+00 0.00000E+00
 1.13459E-01 2.13057E-03 1.77758E-01 1.13459E-01 2.13057E-03 1.77416E-01 0.00000E+00 0.00000E+00 0.00000E+00 0.00000E+00 0.00000E+00 0.00000E+00
 1.09913E-01 1.91378E-03 1.71847E-01 1.09913E-01 1.91378E-03 1.71522E-01 0.00000E+00 0.00000E+00 0.00000E+00 0.00000E+00 0.00000E+00 0.00000E+00
 9.49351E-02 1.17897E-03 1.47310E-01 9.49351E-02 1.17897E-03 1.47050E-01 0.00000E+00 0.00000E+00 0.00000E+00 0.00000E+00 0.00000E+00 0.00000E+00
 8.26769E-02 7.66410E-04 1.27723E-01 8.26769E-02 7.66410E-04 1.27508E-01 0.00000E+00 0.00000E+00 0.00000E+00 0.00000E+00 0.00000E+00 0.00000E+00
 7.24251E-02 5.28122E-04 1.11638E-01 7.24251E-02 5.28122E-04 1.11459E-01 0.00000E+00 0.00000E+00 0.00000E+00 0.00000E+00 0.00000E+00 0.00000E+00
 6.36901E-02 3.84519E-04 9.80992E-02 6.36901E-02 3.84519E-04 9.79470E-02 0.00000E+00 0.00000E+00 0.00000E+00 0.00000E+00 0.00000E+00 0.00000E+00
 5.61444E-02 2.92810E-04 8.64873E-02 5.61444E-02 2.92810E-04 8.63573E-02 0.00000E+00 0.00000E+00 0.00000E+00 0.00000E+00 0.00000E+00 0.00000E+00
 4.95531E-02 2.30084E-04 7.63816E-02 4.95531E-02 2.30084E-04 7.62700E-02 0.00000E+00 0.00000E+00 0.00000E+00 0.00000E+00 0.00000E+00 0.00000E+00
 4.37507E-02 1.84265E-04 6.74984E-02 4.37507E-02 1.84265E-04 6.74025E-02 0.00000E+00 0.00000E+00 0.00000E+00 0.00000E+00 0.00000E+00 0.00000E+00
 3.86231E-02 1.49062E-04 5.96498E-02 3.86231E-02 1.49062E-04 5.95672E-02 0.00000E+00 0.00000E+00 0.00000E+00 0.00000E+00 0.00000E+00 0.00000E+00
 3.40834E-02 1.21122E-04 5.26977E-02 3.40834E-02 1.21122E-04 5.26265E-02 0.00000E+00 0.00000E+00 0.00000E+00 0.00000E+00 0.00000E+00 0.00000E+00
 3.00617E-02 9.85534E-05 4.65339E-02 3.00617E-02 9.85534E-05 4.64725E-02 0.00000E+00 0.00000E+00 0.00000E+00 0.00000E+00 0.00000E+00 0.00000E+00
 2.64991E-02 8.01779E-05 4.10685E-02 2.64991E-02 8.01779E-05 4.10154E-02 0.00000E+00 0.00000E+00 0.00000E+00 0.00000E+00 0.00000E+00 0.00000E+00
 2.33443E-02 6.51752E-05 3.62237E-02 2.33443E-02 6.51752E-05 3.61779E-02 0.00000E+00 0.00000E+00 0.00000E+00 0.00000E+00 0.00000E+00 0.00000E+00
 2.05522E-02 5.29225E-05 3.19313E-02 2.05522E-02 5.29225E-05 3.18918E-02 0.00000E+00 0.00000E+00 0.00000E+00 0.00000E+00 0.00000E+00 0.00000E+00
 1.80825E-02 4.29232E-05 2.81304E-02 1.80825E-02 4.29232E-05 2.80963E-02 0.00000E+00 0.00000E+00 0.00000E+00 0.00000E+00 0.00000E+00 0.00000E+00
 1.58994E-02 3.47720E-05 2.47670E-02 1.58994E-02 3.47720E-05 2.47375E-02 0.00000E+00 0.00000E+00 0.00000E+00 0.00000E+00 0.00000E+00 0.00000E+00
 1.39744E-02 2.81440E-05 2.17978E-02 1.39744E-02 2.81440E-05 2.17724E-02 0.00000E+00 0.00000E+00 0.00000E+00 0.00000E+00 0.00000E+00 0.00000E+00
 1.22760E-02 2.27558E-05 1.91752E-02 1.22760E-02 2.27558E-05 1.91532E-02 0.00000E+00 0.00000E+00 0.00000E+00 0.00000E+00 0.00000E+00 0.00000E+00
 3.51365E-01 7.98014E-02 6.36674E-01 3.51365E-01 7.98014E-02 6.33923E-01 0.00000E+00 0.00000E+00 0.00000E+00 0.00000E+00 0.00000E+00 0.00000E+00
 2.83909E-01 4.49527E-02 4.96409E-01 2.83909E-01 4.49527E-02 4.94652E-01 0.00000E+00 0.00000E+00 0.00000E+00 0.00000E+00 0.00000E+00 0.00000E+00
 2.29568E-01 2.49814E-02 3.88086E-01 2.29568E-01 2.49814E-02 3.86953E-01 0.00000E+00 0.00000E+00 0.00000E+00 0.00000E+00 0.00000E+00 0.00000E+00
 1.86482E-01 1.38112E-02 3.05758E-01 1.86482E-01 1.38112E-02 3.05009E-01 0.00000E+00 0.00000E+00 0.00000E+00 0.00000E+00 0.00000E+00 0.00000E+00
 1.52778E-01 7.67253E-03 2.43984E-01 1.52778E-01 7.67253E-03 2.43472E-01 0.00000E+00 0.00000E+00 0.00000E+00 0.00000E+00 0.00000E+00 0.00000E+00
 1.26667E-01 4.32670E-03 1.97988E-01 1.26667E-01 4.32670E-03 1.97623E-01 0.00000E+00 0.00000E+00 0.00000E+00 0.00000E+00 0.00000E+00 0.00000E+00
 1.06420E-01 2.50341E-03 1.63637E-01 1.06420E-01 2.50341E-03 1.63364E-01 0.00000E+00 0.00000E+00 0.00000E+00 0.00000E+00 0.00000E+00 0.00000E+00
 9.38091E-02 1.67418E-03 1.42884E-01 9.38091E-02 1.67418E-03 1.42660E-01 0.00000E+00 0.00000E+00 0.00000E+00 0.00000E+00 0.00000E+00 0.00000E+00
 9.06297E-02 1.49699E-03 1.37724E-01 9.06297E-02 1.49699E-03 1.37511E-01 0.00000E+00 0.00000E+00 0.00000E+00 0.00000E+00 0.00000E+00 0.00000E+00
 7.73783E-02 9.04146E-04 1.16604E-01 7.73783E-02 9.04146E-04 1.16435E-01 0.00000E+00 0.00000E+00 0.00000E+00 0.00000E+00 0.00000E+00 0.00000E+00
 6.67602E-02 5.78085E-04 1.00111E-01 6.67602E-02 5.78085E-04 9.99729E-02 0.00000E+00 0.00000E+00 0.00000E+00 0.00000E+00 0.00000E+00 0.00000E+00
 5.80346E-02 3.93017E-04 8.68144E-02 5.80346E-02 3.93017E-04 8.66994E-02 0.00000E+00 0.00000E+00 0.00000E+00 0.00000E+00 0.00000E+00 0.00000E+00
 5.07033E-02 2.83165E-04 7.57851E-02 5.07033E-02 2.83165E-04 7.56878E-02 0.00000E+00 0.00000E+00 0.00000E+00 0.00000E+00 0.00000E+00 0.00000E+00
 4.44391E-02 2.13927E-04 6.64332E-02 4.44391E-02 2.13927E-04 6.63502E-02 0.00000E+00 0.00000E+00 0.00000E+00 0.00000E+00 0.00000E+00 0.00000E+00
 3.90145E-02 1.67086E-04 5.83665E-02 3.90145E-02 1.67086E-04 5.82954E-02 0.00000E+00 0.00000E+00 0.00000E+00 0.00000E+00 0.00000E+00 0.00000E+00
 3.42730E-02 1.33164E-04 5.13267E-02 3.42730E-02 1.33164E-04 5.12656E-02 0.00000E+00 0.00000E+00 0.00000E+00 0.00000E+00 0.00000E+00 0.00000E+00
 3.01087E-02 1.07271E-04 4.51452E-02 3.01087E-02 1.07271E-04 4.50925E-02 0.00000E+00 0.00000E+00 0.00000E+00 0.00000E+00 0.00000E+00 0.00000E+00
 2.64428E-02 8.68255E-05 3.97005E-02 2.64428E-02 8.68255E-05 3.96551E-02 0.00000E+00 0.00000E+00 0.00000E+00 0.00000E+00 0.00000E+00 0.00000E+00
 2.32126E-02 7.03831E-05 3.48987E-02 2.32126E-02 7.03831E-05 3.48596E-02 0.00000E+00 0.00000E+00 0.00000E+00 0.00000E+00 0.00000E+00 0.00000E+00
 2.03662E-02 5.70491E-05 3.06628E-02 2.03662E-02 5.70491E-05 3.06290E-02 0.00000E+00 0.00000E+00 0.00000E+00 0.00000E+00 0.00000E+00 0.00000E+00
 1.78585E-02 4.62042E-05 2.69267E-02 1.78585E-02 4.62042E-05 2.68975E-02 0.00000E+00 0.00000E+00 0.00000E+00 0.00000E+00 0.00000E+00 0.00000E+00
 1.56503E-02 3.73807E-05 2.36330E-02 1.56503E-02 3.73807E-05 2.36078E-02 0.00000E+00 0.00000E+00 0.00000E+00 0.00000E+00 0.00000E+00 0.00000E+00
 1.37070E-02 3.02071E-05 2.07307E-02 1.37070E-02 3.02071E-05 2.07089E-02 0.00000E+00 0.00000E+00 0.00000E+00 0.00000E+00 0.00000E+00 0.00000E+00
 1.19977E-02 2.43813E-05 1.81747E-02 1.19977E-02 2.43813E-05 1.81558E-02 0.00000E+00 0.00000E+00 0.00000E+00 0.00000E+00 0.00000E+00 0.00000E+00
 1.04980E-02 1.96622E-05 1.59292E-02 1.04980E-02 1.96622E-05 1.59129E-02 0.00000E+00 0.00000E+00 0.00000E+00 0.00000E+00 0.00000E+00 0.00000E+00
 9.18123E-03 1.58403E-05 1.39551E-02 9.18123E-03 1.58403E-05 1.39410E-02 0.00000E+00 0.00000E+00 0.00000E+00 0.00000E+00 0.00000E+00 0.00000E+00
 3.31399E-01 7.62263E-02 5.92940E-01 3.31399E-01 7.62263E-02 5.90787E-01 0.00000E+00 0.00000E+00 0.00000E+00 0.00000E+00 0.00000E+00 0.00000E+00
 2.61555E-01 4.15544E-02 4.50510E-01 2.61555E-01 4.15544E-02 4.49181E-01 0.00000E+00 0.00000E+00 0.00000E+00 0.00000E+00 0.00000E+00 0.00000E+00
 2.06477E-01 2.23132E-02 3.42959E-01 2.06477E-01 2.23132E-02 3.42131E-01 0.00000E+00 0.00000E+00 0.00000E+00 0.00000E+00 0.00000E+00 0.00000E+00
 1.63796E-01 1.19165E-02 2.63194E-01 1.63796E-01 1.19165E-02 2.62665E-01 0.00000E+00 0.00000E+00 0.00000E+00 0.00000E+00 0.00000E+00 0.00000E+00
 1.31200E-01 6.40778E-03 2.04864E-01 1.31200E-01 6.40778E-03 2.04512E-01 0.00000E+00 0.00000E+00 0.00000E+00 0.00000E+00 0.00000E+00 0.00000E+00
 1.06581E-01 3.50363E-03 1.62559E-01 1.06581E-01 3.50363E-03 1.62314E-01 0.00000E+00 0.00000E+00 0.00000E+00 0.00000E+00 0.00000E+00 0.00000E+00
 8.79700E-02 1.97445E-03 1.31790E-01 8.79700E-02 1.97445E-03 1.31610E-01 0.00000E+00 0.00000E+00 0.00000E+00 0.00000E+00 0.00000E+00 0.00000E+00
 7.66360E-02 1.29691E-03 1.13626E-01 7.66360E-02 1.29691E-03 1.13479E-01 0.00000E+00 0.00000E+00 0.00000E+00 0.00000E+00 0.00000E+00 0.00000E+00
 7.38123E-02 1.15406E-03 1.09164E-01 7.38123E-02 1.15406E-03 1.09025E-01 0.00000E+00 0.00000E+00 0.00000E+00 0.00000E+00 0.00000E+00 0.00000E+00
 6.22124E-02 6.82634E-04 9.11709E-02 6.22124E-02 6.82634E-04 9.10619E-02 0.00000E+00 0.00000E+00 0.00000E+00 0.00000E+00 0.00000E+00 0.00000E+00
 5.31264E-02 4.28955E-04 7.74440E-02 5.31264E-02 4.28955E-04 7.73553E-02 0.00000E+00 0.00000E+00 0.00000E+00 0.00000E+00 0.00000E+00 0.00000E+00
 4.58004E-02 2.87578E-04 6.65924E-02 4.58004E-02 2.87578E-04 6.65185E-02 0.00000E+00 0.00000E+00 0.00000E+00 0.00000E+00 0.00000E+00 0.00000E+00
 3.97375E-02 2.04962E-04 5.77308E-02 3.97375E-02 2.04962E-04 5.76683E-02 0.00000E+00 0.00000E+00 0.00000E+00 0.00000E+00 0.00000E+00 0.00000E+00
 3.46181E-02 1.53587E-04 5.03076E-02 3.46181E-02 1.53587E-04 5.02543E-02 0.00000E+00 0.00000E+00 0.00000E+00 0.00000E+00 0.00000E+00 0.00000E+00
 3.02255E-02 1.19218E-04 4.39644E-02 3.02255E-02 1.19218E-04 4.39187E-02 0.00000E+00 0.00000E+00 0.00000E+00 0.00000E+00 0.00000E+00 0.00000E+00
 2.64145E-02 9.45445E-05 3.84700E-02 2.64145E-02 9.45445E-05 3.84306E-02 0.00000E+00 0.00000E+00 0.00000E+00 0.00000E+00 0.00000E+00 0.00000E+00
 2.30890E-02 7.58369E-05 3.36760E-02 2.30890E-02 7.58369E-05 3.36421E-02 0.00000E+00 0.00000E+00 0.00000E+00 0.00000E+00 0.00000E+00 0.00000E+00
 2.01784E-02 6.11428E-05 2.94776E-02 2.01784E-02 6.11428E-05 2.94483E-02 0.00000E+00 0.00000E+00 0.00000E+00 0.00000E+00 0.00000E+00 0.00000E+00
 1.76280E-02 4.93777E-05 2.57948E-02 1.76280E-02 4.93777E-05 2.57695E-02 0.00000E+00 0.00000E+00 0.00000E+00 0.00000E+00 0.00000E+00 0.00000E+00
 1.53925E-02 3.98753E-05 2.25628E-02 1.53925E-02 3.98753E-05 2.25409E-02 0.00000E+00 0.00000E+00 0.00000E+00 0.00000E+00 0.00000E+00 0.00000E+00
 1.34334E-02 3.21766E-05 1.97266E-02 1.34334E-02 3.21766E-05 1.97077E-02 0.00000E+00 0.00000E+00 0.00000E+00 0.00000E+00 0.00000E+00 0.00000E+00
 1.17173E-02 2.59369E-05 1.72386E-02 1.17173E-02 2.59369E-05 1.72222E-02 0.00000E+00 0.00000E+00 0.00000E+00 0.00000E+00 0.00000E+00 0.00000E+00
 1.02146E-02 2.08830E-05 1.50570E-02 1.02146E-02 2.08830E-05 1.50429E-02 0.00000E+00 0.00000E+00 0.00000E+00 0.00000E+00 0.00000E+00 0.00000E+00
 8.89968E-03 1.67942E-05 1.31451E-02 8.89968E-03 1.67942E-05 1.31328E-02 0.00000E+00 0.00000E+00 0.00000E+00 0.00000E+00 0.00000E+00 0.00000E+00
 7.75181E-03 1.34947E-05 1.14735E-02 7.75181E-03 1.34947E-05 1.14629E-02 0.00000E+00 0.00000E+00 0.00000E+00 0.00000E+00 0.00000E+00 0.00000E+00
 6.74900E-03 1.08326E-05 1.00108E-02 6.74900E-03 1.08326E-05 1.00016E-02 0.00000E+00 0.00000E+00 0.00000E+00 0.00000E+00 0.00000E+00 0.00000E+00
 3.12446E-01 7.27037E-02 5.52511E-01 3.12446E-01 7.27037E-02 5.50824E-01 0.00000E+00 0.00000E+00 0.00000E+00 0.00000E+00 0.00000E+00 0.00000E+00
 2.40630E-01 3.83053E-02 4.08703E-01 2.40630E-01 3.83053E-02 4.07698E-01 0.00000E+00 0.00000E+00 0.00000E+00 0.00000E+00 0.00000E+00 0.00000E+00
 1.85164E-01 1.98388E-02 3.02512E-01 1.85164E-01 1.98388E-02 3.01908E-01 0.00000E+00 0.00000E+00 0.00000E+00 0.00000E+00 0.00000E+00 0.00000E+00
 1.43166E-01 1.02113E-02 2.25686E-01 1.43166E-01 1.02113E-02 2.25313E-01 0.00000E+00 0.00000E+00 0.00000E+00 0.00000E+00 0.00000E+00 0.00000E+00
 1.11862E-01 5.30246E-03 1.70973E-01 1.11862E-01 5.30246E-03 1.70732E-01 0.00000E+00 0.00000E+00 0.00000E+00 0.00000E+00 0.00000E+00 0.00000E+00
 8.88293E-02 2.80392E-03 1.32357E-01 8.88293E-02 2.80392E-03 1.32193E-01 0.00000E+00 0.00000E+00 0.00000E+00 0.00000E+00 0.00000E+00 0.00000E+00
 7.18760E-02 1.53604E-03 1.05038E-01 7.18760E-02 1.53604E-03 1.04919E-01 0.00000E+00 0.00000E+00 0.00000E+00 0.00000E+00 0.00000E+00 0.00000E+00
 6.17926E-02 9.89759E-04 8.92979E-02 6.17926E-02 9.89759E-04 8.92023E-02 0.00000E+00 0.00000E+00 0.00000E+00 0.00000E+00 0.00000E+00 0.00000E+00
 5.93117E-02 8.76233E-04 8.54808E-02 5.93117E-02 8.76233E-04 8.53904E-02 0.00000E+00 0.00000E+00 0.00000E+00 0.00000E+00 0.00000E+00 0.00000E+00
 4.92759E-02 5.06980E-04 7.03256E-02 4.92759E-02 5.06980E-04 7.02547E-02 0.00000E+00 0.00000E+00 0.00000E+00 0.00000E+00 0.00000E+00 0.00000E+00
 4.16040E-02 3.12829E-04 5.90461E-02 4.16040E-02 3.12829E-04 5.89885E-02 0.00000E+00 0.00000E+00 0.00000E+00 0.00000E+00 0.00000E+00 0.00000E+00
 3.55442E-02 2.06681E-04 5.03140E-02 3.55442E-02 2.06681E-04 5.02661E-02 0.00000E+00 0.00000E+00 0.00000E+00 0.00000E+00 0.00000E+00 0.00000E+00
 3.06111E-02 1.45651E-04 4.33017E-02 3.06111E-02 1.45651E-04 4.32612E-02 0.00000E+00 0.00000E+00 0.00000E+00 0.00000E+00 0.00000E+00 0.00000E+00
 2.64983E-02 1.08224E-04 3.75031E-02 2.64983E-02 1.08224E-04 3.74684E-02 0.00000E+00 0.00000E+00 0.00000E+00 0.00000E+00 0.00000E+00 0.00000E+00
 2.30040E-02 8.34733E-05 3.25969E-02 2.30040E-02 8.34733E-05 3.25671E-02 0.00000E+00 0.00000E+00 0.00000E+00 0.00000E+00 0.00000E+00 0.00000E+00
 1.99962E-02 6.58655E-05 2.83803E-02 1.99962E-02 6.58655E-05 2.83546E-02 0.00000E+00 0.00000E+00 0.00000E+00 0.00000E+00 0.00000E+00 0.00000E+00
 1.73890E-02 5.26064E-05 2.47252E-02 1.73890E-02 5.26064E-05 2.47030E-02 0.00000E+00 0.00000E+00 0.00000E+00 0.00000E+00 0.00000E+00 0.00000E+00
 1.51209E-02 4.22476E-05 2.15427E-02 1.51209E-02 4.22476E-05 2.15235E-02 0.00000E+00 0.00000E+00 0.00000E+00 0.00000E+00 0.00000E+00 0.00000E+00
 1.31446E-02 3.39907E-05 1.87662E-02 1.31446E-02 3.39907E-05 1.87495E-02 0.00000E+00 0.00000E+00 0.00000E+00 0.00000E+00 0.00000E+00 0.00000E+00
 1.14218E-02 2.73488E-05 1.63422E-02 1.14218E-02 2.73488E-05 1.63278E-02 0.00000E+00 0.00000E+00 0.00000E+00 0.00000E+00 0.00000E+00 0.00000E+00
 9.92005E-03 2.19885E-05 1.42259E-02 9.92005E-03 2.19885E-05 1.42134E-02 0.00000E+00 0.00000E+00 0.00000E+00 0.00000E+00 0.00000E+00 0.00000E+00
 8.61148E-03 1.76605E-05 1.23786E-02 8.61148E-03 1.76605E-05 1.23678E-02 0.00000E+00 0.00000E+00 0.00000E+00 0.00000E+00 0.00000E+00 0.00000E+00
 7.47169E-03 1.41682E-05 1.07668E-02 7.47169E-03 1.41682E-05 1.07574E-02 0.00000E+00 0.00000E+00 0.00000E+00 0.00000E+00 0.00000E+00 0.00000E+00
 6.47940E-03 1.13534E-05 9.36101E-03 6.47940E-03 1.13534E-05 9.35283E-03 0.00000E+00 0.00000E+00 0.00000E+00 0.00000E+00 0.00000E+00 0.00000E+00
 5.61769E-03 9.09057E-06 8.13783E-03 5.61769E-03 9.09057E-06 8.13072E-03 0.00000E+00 0.00000E+00 0.00000E+00 0.00000E+00 0.00000E+00 0.00000E+00
 4.86867E-03 7.27163E-06 7.07251E-03 4.86867E-03 7.27163E-06 7.06633E-03 0.00000E+00 0.00000E+00 0.00000E+00 0.00000E+00 0.00000E+00 0.00000E+00
 2.94377E-01 6.92179E-02 5.14989E-01 2.94377E-01 6.92179E-02 5.13666E-01 0.00000E+00 0.00000E+00 0.00000E+00 0.00000E+00 0.00000E+00 0.00000E+00
 2.21041E-01 3.52081E-02 3.70565E-01 2.21041E-01 3.52081E-02 3.69804E-01 0.00000E+00 0.00000E+00 0.00000E+00 0.00000E+00 0.00000E+00 0.00000E+00
 1.65526E-01 1.75564E-02 2.66280E-01 1.65526E-01 1.75564E-02 2.65840E-01 0.00000E+00 0.00000E+00 0.00000E+00 0.00000E+00 0.00000E+00 0.00000E+00
 1.24473E-01 8.69227E-03 1.92721E-01 1.24473E-01 8.69227E-03 1.92458E-01 0.00000E+00 0.00000E+00 0.00000E+00 0.00000E+00 0.00000E+00 0.00000E+00
 9.46453E-02 4.34656E-03 1.41752E-01 9.46453E-02 4.34656E-03 1.41588E-01 0.00000E+00 0.00000E+00 0.00000E+00 0.00000E+00 0.00000E+00 0.00000E+00
 7.32805E-02 2.21693E-03 1.06789E-01 7.32805E-02 2.21693E-03 1.06679E-01 0.00000E+00 0.00000E+00 0.00000E+00 0.00000E+00 0.00000E+00 0.00000E+00
 5.79873E-02 1.17813E-03 8.27657E-02 5.79873E-02 1.17813E-03 8.26871E-02 0.00000E+00 0.00000E+00 0.00000E+00 0.00000E+00 0.00000E+00 0.00000E+00
 4.91160E-02 7.43764E-04 6.92751E-02 4.91160E-02 7.43764E-04 6.92120E-02 0.00000E+00 0.00000E+00 0.00000E+00 0.00000E+00 0.00000E+00 0.00000E+00
 4.69622E-02 6.54871E-04 6.60477E-02 4.69622E-02 6.54871E-04 6.59882E-02 0.00000E+00 0.00000E+00 0.00000E+00 0.00000E+00 0.00000E+00 0.00000E+00
 3.83909E-02 3.70149E-04 5.34431E-02 3.83909E-02 3.70149E-04 5.33965E-02 0.00000E+00 0.00000E+00 0.00000E+00 0.00000E+00 0.00000E+00 0.00000E+00
 3.20082E-02 2.24057E-04 4.43058E-02 3.20082E-02 2.24057E-04 4.42679E-02 0.00000E+00 0.00000E+00 0.00000E+00 0.00000E+00 0.00000E+00 0.00000E+00
 2.70777E-02 1.45771E-04 3.73885E-02 2.70777E-02 1.45771E-04 3.73569E-02 0.00000E+00 0.00000E+00 0.00000E+00 0.00000E+00 0.00000E+00 0.00000E+00
 2.31351E-02 1.01516E-04 3.19324E-02 2.31351E-02 1.01516E-04 3.19055E-02 0.00000E+00 0.00000E+00 0.00000E+00 0.00000E+00 0.00000E+00 0.00000E+00
 1.98932E-02 7.47680E-05 2.74823E-02 1.98932E-02 7.47680E-05 2.74593E-02 0.00000E+00 0.00000E+00 0.00000E+00 0.00000E+00 0.00000E+00 0.00000E+00
 1.71678E-02 5.72922E-05 2.37563E-02 1.71678E-02 5.72922E-05 2.37364E-02 0.00000E+00 0.00000E+00 0.00000E+00 0.00000E+00 0.00000E+00 0.00000E+00
 1.48412E-02 4.49769E-05 2.05798E-02 1.48412E-02 4.49769E-05 2.05626E-02 0.00000E+00 0.00000E+00 0.00000E+00 0.00000E+00 0.00000E+00 0.00000E+00
 1.28385E-02 3.57693E-05 1.78447E-02 1.28385E-02 3.57693E-05 1.78298E-02 0.00000E+00 0.00000E+00 0.00000E+00 0.00000E+00 0.00000E+00 0.00000E+00
 1.11070E-02 2.86150E-05 1.54772E-02 1.11070E-02 2.86150E-05 1.54642E-02 0.00000E+00 0.00000E+00 0.00000E+00 0.00000E+00 0.00000E+00 0.00000E+00
 9.60695E-03 2.29381E-05 1.34229E-02 9.60695E-03 2.29381E-05 1.34116E-02 0.00000E+00 0.00000E+00 0.00000E+00 0.00000E+00 0.00000E+00 0.00000E+00
 8.30660E-03 1.83900E-05 1.16387E-02 8.30660E-03 1.83900E-05 1.16289E-02 0.00000E+00 0.00000E+00 0.00000E+00 0.00000E+00 0.00000E+00 0.00000E+00
 7.17929E-03 1.47335E-05 1.00889E-02 7.17929E-03 1.47335E-05 1.00804E-02 0.00000E+00 0.00000E+00 0.00000E+00 0.00000E+00 0.00000E+00 0.00000E+00
 6.20223E-03 1.17921E-05 8.74272E-03 6.20223E-03 1.17921E-05 8.73533E-03 0.00000E+00 0.00000E+00 0.00000E+00 0.00000E+00 0.00000E+00 0.00000E+00
 5.35570E-03 9.42749E-06 7.57382E-03 5.35570E-03 9.42749E-06 7.56738E-03 0.00000E+00 0.00000E+00 0.00000E+00 0.00000E+00 0.00000E+00 0.00000E+00
 4.62257E-03 7.52852E-06 6.55914E-03 4.62257E-03 7.52852E-06 6.55353E-03 0.00000E+00 0.00000E+00 0.00000E+00 0.00000E+00 0.00000E+00 0.00000E+00
 3.98924E-03 6.00755E-06 5.68042E-03 3.98924E-03 6.00755E-06 5.67553E-03 0.00000E+00 0.00000E+00 0.00000E+00 0.00000E+00 0.00000E+00 0.00000E+00
 3.44155E-03 4.78933E-06 4.91857E-03 3.44155E-03 4.78933E-06 4.91431E-03 0.00000E+00 0.00000E+00 0.00000E+00 0.00000E+00 0.00000E+00 0.00000E+00
 2.77020E-01 6.57595E-02 4.79802E-01 2.77020E-01 6.57595E-02 4.78763E-01 0.00000E+00 0.00000E+00 0.00000E+00 0.00000E+00 0.00000E+00 0.00000E+00
 2.02645E-01 3.22581E-02 3.35642E-01 2.02645E-01 3.22581E-02 3.35066E-01 0.00000E+00 0.00000E+00 0.00000E+00 0.00000E+00 0.00000E+00 0.00000E+00
 1.47470E-01 1.54601E-02 2.33801E-01 1.47470E-01 1.54601E-02 2.33480E-01 0.00000E+00 0.00000E+00 0.00000E+00 0.00000E+00 0.00000E+00 0.00000E+00
 1.07610E-01 7.35096E-03 1.63815E-01 1.07610E-01 7.35096E-03 1.63630E-01 0.00000E+00 0.00000E+00 0.00000E+00 0.00000E+00 0.00000E+00 0.00000E+00
 7.94162E-02 3.52880E-03 1.16669E-01 7.94162E-02 3.52880E-03 1.16556E-01 0.00000E+00 0.00000E+00 0.00000E+00 0.00000E+00 0.00000E+00 0.00000E+00
 5.97804E-02 1.73368E-03 8.52901E-02 5.97804E-02 1.73368E-03 8.52161E-02 0.00000E+00 0.00000E+00 0.00000E+00 0.00000E+00 0.00000E+00 0.00000E+00
 4.61306E-02 8.90488E-04 6.43888E-02 4.61306E-02 8.90488E-04 6.43362E-02 0.00000E+00 0.00000E+00 0.00000E+00 0.00000E+00 0.00000E+00 0.00000E+00
 3.84213E-02 5.50081E-04 5.29705E-02 3.84213E-02 5.50081E-04 5.29284E-02 0.00000E+00 0.00000E+00 0.00000E+00 0.00000E+00 0.00000E+00 0.00000E+00
 3.65761E-02 4.81541E-04 5.02783E-02 3.65761E-02 4.81541E-04 5.02385E-02 0.00000E+00 0.00000E+00 0.00000E+00 0.00000E+00 0.00000E+00 0.00000E+00
 2.93611E-02 2.65530E-04 3.99453E-02 2.93611E-02 2.65530E-04 3.99140E-02 0.00000E+00 0.00000E+00 0.00000E+00 0.00000E+00 0.00000E+00 0.00000E+00
 2.41384E-02 1.57499E-04 3.26618E-02 2.41384E-02 1.57499E-04 3.26362E-02 0.00000E+00 0.00000E+00 0.00000E+00 0.00000E+00 0.00000E+00 0.00000E+00
 2.02010E-02 1.00811E-04 2.72785E-02 2.02010E-02 1.00811E-04 2.72571E-02 0.00000E+00 0.00000E+00 0.00000E+00 0.00000E+00 0.00000E+00 0.00000E+00
 1.71132E-02 6.93292E-05 2.31129E-02 1.71132E-02 6.93292E-05 2.30946E-02 0.00000E+00 0.00000E+00 0.00000E+00 0.00000E+00 0.00000E+00 0.00000E+00
 1.46120E-02 5.05903E-05 1.97649E-02 1.46120E-02 5.05903E-05 1.97491E-02 0.00000E+00 0.00000E+00 0.00000E+00 0.00000E+00 0.00000E+00 0.00000E+00
 1.25331E-02 3.85036E-05 1.69922E-02 1.25331E-02 3.85036E-05 1.69785E-02 0.00000E+00 0.00000E+00 0.00000E+00 0.00000E+00 0.00000E+00 0.00000E+00
 1.07739E-02 3.00717E-05 1.46481E-02 1.07739E-02 3.00717E-05 1.46363E-02 0.00000E+00 0.00000E+00 0.00000E+00 0.00000E+00 0.00000E+00 0.00000E+00
 9.27053E-03 2.38146E-05 1.26434E-02 9.27053E-03 2.38146E-05 1.26331E-02 0.00000E+00 0.00000E+00 0.00000E+00 0.00000E+00 0.00000E+00 0.00000E+00
 7.97896E-03 1.89802E-05 1.09182E-02 7.97896E-03 1.89802E-05 1.09093E-02 0.00000E+00 0.00000E+00 0.00000E+00 0.00000E+00 0.00000E+00 0.00000E+00
 6.86663E-03 1.51614E-05 9.42938E-03 6.86663E-03 1.51614E-05 9.42156E-03 0.00000E+00 0.00000E+00 0.00000E+00 0.00000E+00 0.00000E+00 0.00000E+00
 5.90780E-03 1.21141E-05 8.14287E-03 5.90780E-03 1.21141E-05 8.13605E-03 0.00000E+00 0.00000E+00 0.00000E+00 0.00000E+00 0.00000E+00 0.00000E+00
 5.08113E-03 9.67313E-06 7.03080E-03 5.08113E-03 9.67313E-06 7.02485E-03 0.00000E+00 0.00000E+00 0.00000E+00 0.00000E+00 0.00000E+00 0.00000E+00
 4.36851E-03 7.71660E-06 6.06951E-03 4.36851E-03 7.71660E-06 6.06432E-03 0.00000E+00 0.00000E+00 0.00000E+00 0.00000E+00 0.00000E+00 0.00000E+00
 3.75437E-03 6.14920E-06 5.23866E-03 3.75437E-03 6.14920E-06 5.23412E-03 0.00000E+00 0.00000E+00 0.00000E+00 0.00000E+00 0.00000E+00 0.00000E+00
 3.22530E-03 4.89483E-06 4.52070E-03 3.22530E-03 4.89483E-06 4.51674E-03 0.00000E+00 0.00000E+00 0.00000E+00 0.00000E+00 0.00000E+00 0.00000E+00
 2.77064E-03 3.89363E-06 3.90171E-03 2.77064E-03 3.89363E-06 3.89825E-03 0.00000E+00 0.00000E+00 0.00000E+00 0.00000E+00 0.00000E+00 0.00000E+00
 2.37946E-03 3.09444E-06 3.36736E-03 2.37946E-03 3.09444E-06 3.36433E-03 0.00000E+00 0.00000E+00 0.00000E+00 0.00000E+00 0.00000E+00 0.00000E+00
 2.60246E-01 6.23316E-02 4.46610E-01 2.60246E-01 6.23316E-02 4.45793E-01 0.00000E+00 0.00000E+00 0.00000E+00 0.00000E+00 0.00000E+00 0.00000E+00
 1.85371E-01 2.94648E-02 3.03551E-01 1.85371E-01 2.94648E-02 3.03115E-01 0.00000E+00 0.00000E+00 0.00000E+00 0.00000E+00 0.00000E+00 0.00000E+00
 1.30913E-01 1.35540E-02 2.04730E-01 1.30913E-01 1.35540E-02 2.04495E-01 0.00000E+00 0.00000E+00 0.00000E+00 0.00000E+00 0.00000E+00 0.00000E+00
 9.24872E-02 6.17302E-03 1.38548E-01 9.24872E-02 6.17302E-03 1.38417E-01 0.00000E+00 0.00000E+00 0.00000E+00 0.00000E+00 0.00000E+00 0.00000E+00
 6.60496E-02 2.83747E-03 9.52798E-02 6.60496E-02 2.83747E-03 9.52021E-02 0.00000E+00 0.00000E+00 0.00000E+00 0.00000E+00 0.00000E+00 0.00000E+00
 4.81788E-02 1.33978E-03 6.73928E-02 4.81788E-02 1.33978E-03 6.73425E-02 0.00000E+00 0.00000E+00 0.00000E+00 0.00000E+00 0.00000E+00 0.00000E+00
 3.61413E-02 6.63449E-04 4.94144E-02 3.61413E-02 6.63449E-04 4.93787E-02 0.00000E+00 0.00000E+00 0.00000E+00 0.00000E+00 0.00000E+00 0.00000E+00
 2.95345E-02 4.00569E-04 3.98799E-02 2.95345E-02 4.00569E-04 3.98512E-02 0.00000E+00 0.00000E+00 0.00000E+00 0.00000E+00 0.00000E+00 0.00000E+00
 2.79772E-02 3.48533E-04 3.76664E-02 2.79772E-02 3.48533E-04 3.76393E-02 0.00000E+00 0.00000E+00 0.00000E+00 0.00000E+00 0.00000E+00 0.00000E+00
 2.20026E-02 1.87264E-04 2.93287E-02 2.20026E-02 1.87264E-04 2.93072E-02 0.00000E+00 0.00000E+00 0.00000E+00 0.00000E+00 0.00000E+00 0.00000E+00
 1.78080E-02 1.08722E-04 2.36252E-02 1.78080E-02 1.08722E-04 2.36075E-02 0.00000E+00 0.00000E+00 0.00000E+00 0.00000E+00 0.00000E+00 0.00000E+00
 1.47280E-02 6.83936E-05 1.95163E-02 1.47280E-02 6.83936E-05 1.95014E-02 0.00000E+00 0.00000E+00 0.00000E+00 0.00000E+00 0.00000E+00 0.00000E+00
 1.23636E-02 4.64073E-05 1.64015E-02 1.23636E-02 4.64073E-05 1.63887E-02 0.00000E+00 0.00000E+00 0.00000E+00 0.00000E+00 0.00000E+00 0.00000E+00
 1.04794E-02 3.35317E-05 1.39367E-02 1.04794E-02 3.35317E-05 1.39256E-02 0.00000E+00 0.00000E+00 0.00000E+00 0.00000E+00 0.00000E+00 0.00000E+00
 8.93221E-03 2.53413E-05 1.19186E-02 8.93221E-03 2.53413E-05 1.19089E-02 0.00000E+00 0.00000E+00 0.00000E+00 0.00000E+00 0.00000E+00 0.00000E+00
 7.63507E-03 1.96896E-05 1.02270E-02 7.63507E-03 1.96896E-05 1.02186E-02 0.00000E+00 0.00000E+00 0.00000E+00 0.00000E+00 0.00000E+00 0.00000E+00
 6.53478E-03 1.55292E-05 8.79006E-03 6.53478E-03 1.55292E-05 8.78272E-03 0.00000E+00 0.00000E+00 0.00000E+00 0.00000E+00 0.00000E+00 0.00000E+00
 5.59561E-03 1.23334E-05 7.56059E-03 5.59561E-03 1.23334E-05 7.55418E-03 0.00000E+00 0.00000E+00 0.00000E+00 0.00000E+00 0.00000E+00 0.00000E+00
 4.79156E-03 9.82021E-06 6.50498E-03 4.79156E-03 9.82021E-06 6.49937E-03 0.00000E+00 0.00000E+00 0.00000E+00 0.00000E+00 0.00000E+00 0.00000E+00
 4.10238E-03 7.82225E-06 5.59724E-03 4.10238E-03 7.82225E-06 5.59233E-03 0.00000E+00 0.00000E+00 0.00000E+00 0.00000E+00 0.00000E+00 0.00000E+00
 3.51144E-03 6.22740E-06 4.81620E-03 3.51144E-03 6.22740E-06 4.81191E-03 0.00000E+00 0.00000E+00 0.00000E+00 0.00000E+00 0.00000E+00 0.00000E+00
 3.00476E-03 4.95323E-06 4.14407E-03 3.00476E-03 4.95323E-06 4.14031E-03 0.00000E+00 0.00000E+00 0.00000E+00 0.00000E+00 0.00000E+00 0.00000E+00
 2.57041E-03 3.93575E-06 3.56563E-03 2.57041E-03 3.93575E-06 3.56234E-03 0.00000E+00 0.00000E+00 0.00000E+00 0.00000E+00 0.00000E+00 0.00000E+00
 2.19815E-03 3.12404E-06 3.06786E-03 2.19815E-03 3.12404E-06 3.06498E-03 0.00000E+00 0.00000E+00 0.00000E+00 0.00000E+00 0.00000E+00 0.00000E+00
 1.87991E-03 2.47817E-06 2.64044E-03 1.87991E-03 2.47817E-06 2.63791E-03 0.00000E+00 0.00000E+00 0.00000E+00 0.00000E+00 0.00000E+00 0.00000E+00
 1.60747E-03 1.96419E-06 2.27287E-03 1.60747E-03 1.96419E-06 2.27066E-03 0.00000E+00 0.00000E+00 0.00000E+00 0.00000E+00 0.00000E+00 0.00000E+00
 2.43876E-01 5.89010E-02 4.14937E-01 2.43876E-01 5.89010E-02 4.14294E-01 0.00000E+00 0.00000E+00 0.00000E+00 0.00000E+00 0.00000E+00 0.00000E+00
 1.69047E-01 2.68141E-02 2.73922E-01 1.69047E-01 2.68141E-02 2.73591E-01 0.00000E+00 0.00000E+00 0.00000E+00 0.00000E+00 0.00000E+00 0.00000E+00
 1.15684E-01 1.18220E-02 1.78597E-01 1.15684E-01 1.18220E-02 1.78426E-01 0.00000E+00 0.00000E+00 0.00000E+00 0.00000E+00 0.00000E+00 0.00000E+00
 7.89374E-02 5.14469E-03 1.16458E-01 7.89374E-02 5.14469E-03 1.16366E-01 0.00000E+00 0.00000E+00 0.00000E+00 0.00000E+00 0.00000E+00 0.00000E+00
 5.43695E-02 2.25840E-03 7.70864E-02 5.43695E-02 2.25840E-03 7.70326E-02 0.00000E+00 0.00000E+00 0.00000E+00 0.00000E+00 0.00000E+00 0.00000E+00
 3.82855E-02 1.02276E-03 5.25703E-02 3.82855E-02 1.02276E-03 5.25357E-02 0.00000E+00 0.00000E+00 0.00000E+00 0.00000E+00 0.00000E+00 0.00000E+00
 2.78163E-02 4.87044E-04 3.73152E-02 2.78163E-02 4.87044E-04 3.72906E-02 0.00000E+00 0.00000E+00 0.00000E+00 0.00000E+00 0.00000E+00 0.00000E+00
 2.22472E-02 2.87173E-04 2.94828E-02 2.22472E-02 2.87173E-04 2.94629E-02 0.00000E+00 0.00000E+00 0.00000E+00 0.00000E+00 0.00000E+00 0.00000E+00
 2.09564E-02 2.48302E-04 2.76952E-02 2.09564E-02 2.48302E-04 2.76763E-02 0.00000E+00 0.00000E+00 0.00000E+00 0.00000E+00 0.00000E+00 0.00000E+00
 1.61038E-02 1.29869E-04 2.10943E-02 1.61038E-02 1.29869E-04 2.10791E-02 0.00000E+00 0.00000E+00 0.00000E+00 0.00000E+00 0.00000E+00 0.00000E+00
 1.28085E-02 7.37253E-05 1.67225E-02 1.28085E-02 7.37253E-05 1.67099E-02 0.00000E+00 0.00000E+00 0.00000E+00 0.00000E+00 0.00000E+00 0.00000E+00
 1.04572E-02 4.55260E-05 1.36578E-02 1.04572E-02 4.55260E-05 1.36471E-02 0.00000E+00 0.00000E+00 0.00000E+00 0.00000E+00 0.00000E+00 0.00000E+00
 8.69365E-03 3.04453E-05 1.13846E-02 8.69365E-03 3.04453E-05 1.13753E-02 0.00000E+00 0.00000E+00 0.00000E+00 0.00000E+00 0.00000E+00 0.00000E+00
 7.31287E-03 2.17659E-05 9.61486E-03 7.31287E-03 2.17659E-05 9.60681E-03 0.00000E+00 0.00000E+00 0.00000E+00 0.00000E+00 0.00000E+00 0.00000E+00
 6.19377E-03 1.63282E-05 8.18290E-03 6.19377E-03 1.63282E-05 8.17588E-03 0.00000E+00 0.00000E+00 0.00000E+00 0.00000E+00 0.00000E+00 0.00000E+00
 5.26463E-03 1.26212E-05 6.99284E-03 5.26463E-03 1.26212E-05 6.98670E-03 0.00000E+00 0.00000E+00 0.00000E+00 0.00000E+00 0.00000E+00 0.00000E+00
 4.48251E-03 9.91613E-06 5.98851E-03 4.48251E-03 9.91613E-06 5.98313E-03 0.00000E+00 0.00000E+00 0.00000E+00 0.00000E+00 0.00000E+00 0.00000E+00
 3.81924E-03 7.85074E-06 5.13383E-03 3.81924E-03 7.85074E-06 5.12912E-03 0.00000E+00 0.00000E+00 0.00000E+00 0.00000E+00 0.00000E+00 0.00000E+00
 3.25475E-03 6.23360E-06 4.40348E-03 3.25475E-03 6.23360E-06 4.39935E-03 0.00000E+00 0.00000E+00 0.00000E+00 0.00000E+00 0.00000E+00 0.00000E+00
 2.77358E-03 4.95243E-06 3.77818E-03 2.77358E-03 4.95243E-06 3.77456E-03 0.00000E+00 0.00000E+00 0.00000E+00 0.00000E+00 0.00000E+00 0.00000E+00
 2.36321E-03 3.93285E-06 3.24236E-03 2.36321E-03 3.93285E-06 3.23918E-03 0.00000E+00 0.00000E+00 0.00000E+00 0.00000E+00 0.00000E+00 0.00000E+00
 2.01319E-03 3.12059E-06 2.78303E-03 2.01319E-03 3.12059E-06 2.78024E-03 0.00000E+00 0.00000E+00 0.00000E+00 0.00000E+00 0.00000E+00 0.00000E+00
 1.71466E-03 2.47373E-06 2.38919E-03 1.71466E-03 2.47373E-06 2.38675E-03 0.00000E+00 0.00000E+00 0.00000E+00 0.00000E+00 0.00000E+00 0.00000E+00
 1.46010E-03 1.95905E-06 2.05146E-03 1.46010E-03 1.95905E-06 2.04932E-03 0.00000E+00 0.00000E+00 0.00000E+00 0.00000E+00 0.00000E+00 0.00000E+00
 1.24354E-03 1.55060E-06 1.76242E-03 1.24354E-03 1.55060E-06 1.76054E-03 0.00000E+00 0.00000E+00 0.00000E+00 0.00000E+00 0.00000E+00 0.00000E+00
 1.05904E-03 1.22637E-06 1.51462E-03 1.05904E-03 1.22637E-06 1.51297E-03 0.00000E+00 0.00000E+00 0.00000E+00 0.00000E+00 0.00000E+00 0.00000E+00
 2.27737E-01 5.54448E-02 3.84400E-01 2.27737E-01 5.54448E-02 3.83893E-01 0.00000E+00 0.00000E+00 0.00000E+00 0.00000E+00 0.00000E+00 0.00000E+00
 1.53624E-01 2.43052E-02 2.46486E-01 1.53624E-01 2.43052E-02 2.46234E-01 0.00000E+00 0.00000E+00 0.00000E+00 0.00000E+00 0.00000E+00 0.00000E+00
 1.01766E-01 1.02606E-02 1.55231E-01 1.01766E-01 1.02606E-02 1.55105E-01 0.00000E+00 0.00000E+00 0.00000E+00 0.00000E+00 0.00000E+00 0.00000E+00
 6.69177E-02 4.26010E-03 9.73282E-02 6.69177E-02 4.26010E-03 9.72624E-02 0.00000E+00 0.00000E+00 0.00000E+00 0.00000E+00 0.00000E+00 0.00000E+00
 4.43078E-02 1.78239E-03 6.18176E-02 4.43078E-02 1.78239E-03 6.17800E-02 0.00000E+00 0.00000E+00 0.00000E+00 0.00000E+00 0.00000E+00 0.00000E+00
 3.00042E-02 7.73231E-04 4.05064E-02 3.00042E-02 7.73231E-04 4.04821E-02 0.00000E+00 0.00000E+00 0.00000E+00 0.00000E+00 0.00000E+00 0.00000E+00
 2.10327E-02 3.53439E-04 2.77449E-02 2.10327E-02 3.53439E-04 2.77276E-02 0.00000E+00 0.00000E+00 0.00000E+00 0.00000E+00 0.00000E+00 0.00000E+00
 1.64205E-02 2.03514E-04 2.14204E-02 1.64205E-02 2.03514E-04 2.14061E-02 0.00000E+00 0.00000E+00 0.00000E+00 0.00000E+00 0.00000E+00 0.00000E+00
 1.53706E-02 1.74866E-04 2.00031E-02 1.53706E-02 1.74866E-04 1.99895E-02 0.00000E+00 0.00000E+00 0.00000E+00 0.00000E+00 0.00000E+00 0.00000E+00
 1.15101E-02 8.90291E-05 1.48809E-02 1.15101E-02 8.90291E-05 1.48699E-02 0.00000E+00 0.00000E+00 0.00000E+00 0.00000E+00 0.00000E+00 0.00000E+00
 8.98087E-03 4.93916E-05 1.16027E-02 8.98087E-03 4.93916E-05 1.15935E-02 0.00000E+00 0.00000E+00 0.00000E+00 0.00000E+00 0.00000E+00 0.00000E+00
 7.23122E-03 2.99086E-05 9.37000E-03 7.23122E-03 2.99086E-05 9.36207E-03 0.00000E+00 0.00000E+00 0.00000E+00 0.00000E+00 0.00000E+00 0.00000E+00
 5.95118E-03 1.96897E-05 7.75077E-03 5.95118E-03 1.96897E-05 7.74389E-03 0.00000E+00 0.00000E+00 0.00000E+00 0.00000E+00 0.00000E+00 0.00000E+00
 4.96776E-03 1.39158E-05 6.51095E-03 4.96776E-03 1.39158E-05 6.50495E-03 0.00000E+00 0.00000E+00 0.00000E+00 0.00000E+00 0.00000E+00 0.00000E+00
 4.18160E-03 1.03587E-05 5.51940E-03 4.18160E-03 1.03587E-05 5.51415E-03 0.00000E+00 0.00000E+00 0.00000E+00 0.00000E+00 0.00000E+00 0.00000E+00
 3.53538E-03 7.96632E-06 4.70202E-03 3.53538E-03 7.96632E-06 4.69741E-03 0.00000E+00 0.00000E+00 0.00000E+00 0.00000E+00 0.00000E+00 0.00000E+00
 2.99556E-03 6.23726E-06 4.01628E-03 2.99556E-03 6.23726E-06 4.01224E-03 0.00000E+00 0.00000E+00 0.00000E+00 0.00000E+00 0.00000E+00 0.00000E+00
 2.54067E-03 4.92535E-06 3.43542E-03 2.54067E-03 4.92535E-06 3.43188E-03 0.00000E+00 0.00000E+00 0.00000E+00 0.00000E+00 0.00000E+00 0.00000E+00
 2.15568E-03 3.90240E-06 2.94100E-03 2.15568E-03 3.90240E-06 2.93789E-03 0.00000E+00 0.00000E+00 0.00000E+00 0.00000E+00 0.00000E+00 0.00000E+00
 1.82923E-03 3.09439E-06 2.51916E-03 1.82923E-03 3.09439E-06 2.51643E-03 0.00000E+00 0.00000E+00 0.00000E+00 0.00000E+00 0.00000E+00 0.00000E+00
 1.55221E-03 2.45293E-06 2.15882E-03 1.55221E-03 2.45293E-06 2.15642E-03 0.00000E+00 0.00000E+00 0.00000E+00 0.00000E+00 0.00000E+00 0.00000E+00
 1.31707E-03 1.94300E-06 1.85082E-03 1.31707E-03 1.94300E-06 1.84871E-03 0.00000E+00 0.00000E+00 0.00000E+00 0.00000E+00 0.00000E+00 0.00000E+00
 1.11747E-03 1.53774E-06 1.58742E-03 1.11747E-03 1.53774E-06 1.58557E-03 0.00000E+00 0.00000E+00 0.00000E+00 0.00000E+00 0.00000E+00 0.00000E+00
 9.48032E-04 1.21591E-06 1.36209E-03 9.48032E-04 1.21591E-06 1.36046E-03 0.00000E+00 0.00000E+00 0.00000E+00 0.00000E+00 0.00000E+00 0.00000E+00
 8.04541E-04 9.60980E-07 1.16965E-03 8.04541E-04 9.60980E-07 1.16823E-03 0.00000E+00 0.00000E+00 0.00000E+00 0.00000E+00 0.00000E+00 0.00000E+00
 6.82820E-04 7.58973E-07 1.00499E-03 6.82820E-04 7.58973E-07 1.00374E-03 0.00000E+00 0.00000E+00 0.00000E+00 0.00000E+00 0.00000E+00 0.00000E+00
 2.11122E-01 5.18353E-02 3.53749E-01 2.11122E-01 5.18353E-02 3.53348E-01 0.00000E+00 0.00000E+00 0.00000E+00 0.00000E+00 0.00000E+00 0.00000E+00
 1.38709E-01 2.18979E-02 2.20522E-01 1.38709E-01 2.18979E-02 2.20330E-01 0.00000E+00 0.00000E+00 0.00000E+00 0.00000E+00 0.00000E+00 0.00000E+00
 8.89120E-02 8.84958E-03 1.34094E-01 8.89120E-02 8.84958E-03 1.34001E-01 0.00000E+00 0.00000E+00 0.00000E+00 0.00000E+00 0.00000E+00 0.00000E+00
 5.62412E-02 3.50161E-03 8.06965E-02 5.62412E-02 3.50161E-03 8.06493E-02 0.00000E+00 0.00000E+00 0.00000E+00 0.00000E+00 0.00000E+00 0.00000E+00
 3.56824E-02 1.39433E-03 4.90329E-02 3.56824E-02 1.39433E-03 4.90062E-02 0.00000E+00 0.00000E+00 0.00000E+00 0.00000E+00 0.00000E+00 0.00000E+00
 2.31418E-02 5.79387E-04 3.07643E-02 2.31418E-02 5.79387E-04 3.07469E-02 0.00000E+00 0.00000E+00 0.00000E+00 0.00000E+00 0.00000E+00 0.00000E+00
 1.55857E-02 2.53898E-04 2.02688E-02 1.55857E-02 2.53898E-04 2.02562E-02 0.00000E+00 0.00000E+00 0.00000E+00 0.00000E+00 0.00000E+00 0.00000E+00
 1.18437E-02 1.42901E-04 1.52648E-02 1.18437E-02 1.42901E-04 1.52543E-02 0.00000E+00 0.00000E+00 0.00000E+00 0.00000E+00 0.00000E+00 0.00000E+00
 1.10090E-02 1.22050E-04 1.41659E-02 1.10090E-02 1.22050E-04 1.41559E-02 0.00000E+00 0.00000E+00 0.00000E+00 0.00000E+00 0.00000E+00 0.00000E+00
 8.01126E-03 6.05449E-05 1.02836E-02 8.01126E-03 6.05449E-05 1.02754E-02 0.00000E+00 0.00000E+00 0.00000E+00 0.00000E+00 0.00000E+00 0.00000E+00
 6.12188E-03 3.28263E-05 7.88773E-03 6.12188E-03 3.28263E-05 7.88078E-03 0.00000E+00 0.00000E+00 0.00000E+00 0.00000E+00 0.00000E+00 0.00000E+00
 4.85752E-03 1.94749E-05 6.30375E-03 4.85752E-03 1.94749E-05 6.29776E-03 0.00000E+00 0.00000E+00 0.00000E+00 0.00000E+00 0.00000E+00 0.00000E+00
 3.95686E-03 1.26050E-05 5.18093E-03 3.95686E-03 1.26050E-05 5.17572E-03 0.00000E+00 0.00000E+00 0.00000E+00 0.00000E+00 0.00000E+00 0.00000E+00
 3.27848E-03 8.79767E-06 4.33490E-03 3.27848E-03 8.79767E-06 4.33034E-03 0.00000E+00 0.00000E+00 0.00000E+00 0.00000E+00 0.00000E+00 0.00000E+00
 2.74385E-03 6.49511E-06 3.66559E-03 2.74385E-03 6.49511E-06 3.66160E-03 0.00000E+00 0.00000E+00 0.00000E+00 0.00000E+00 0.00000E+00 0.00000E+00
 2.30876E-03 4.97014E-06 3.11774E-03 2.30876E-03 4.97014E-06 3.11423E-03 0.00000E+00 0.00000E+00 0.00000E+00 0.00000E+00 0.00000E+00 0.00000E+00
 1.94799E-03 3.87976E-06 2.66029E-03 1.94799E-03 3.87976E-06 2.65720E-03 0.00000E+00 0.00000E+00 0.00000E+00 0.00000E+00 0.00000E+00 0.00000E+00
 1.64577E-03 3.05789E-06 2.27410E-03 1.64577E-03 3.05789E-06 2.27139E-03 0.00000E+00 0.00000E+00 0.00000E+00 0.00000E+00 0.00000E+00 0.00000E+00
 1.39128E-03 2.41951E-06 1.94622E-03 1.39128E-03 2.41951E-06 1.94384E-03 0.00000E+00 0.00000E+00 0.00000E+00 0.00000E+00 0.00000E+00 0.00000E+00
 1.17648E-03 1.91645E-06 1.66705E-03 1.17648E-03 1.91645E-06 1.66496E-03 0.00000E+00 0.00000E+00 0.00000E+00 0.00000E+00 0.00000E+00 0.00000E+00
 9.95004E-04 1.51774E-06 1.42899E-03 9.95004E-04 1.51774E-06 1.42715E-03 0.00000E+00 0.00000E+00 0.00000E+00 0.00000E+00 0.00000E+00 0.00000E+00
 8.41601E-04 1.20120E-06 1.22578E-03 8.41601E-04 1.20120E-06 1.22416E-03 0.00000E+00 0.00000E+00 0.00000E+00 0.00000E+00 0.00000E+00 0.00000E+00
 7.11898E-04 9.49921E-07 1.05218E-03 7.11898E-04 9.49921E-07 1.05076E-03 0.00000E+00 0.00000E+00 0.00000E+00 0.00000E+00 0.00000E+00 0.00000E+00
 6.02222E-04 7.50581E-07 9.03771E-04 6.02222E-04 7.50581E-07 9.02529E-04 0.00000E+00 0.00000E+00 0.00000E+00 0.00000E+00 0.00000E+00 0.00000E+00
 5.09684E-04 5.92834E-07 7.77095E-04 5.09684E-04 5.92834E-07 7.76004E-04 0.00000E+00 0.00000E+00 0.00000E+00 0.00000E+00 0.00000E+00 0.00000E+00
 4.31461E-04 4.67945E-07 6.68713E-04 4.31461E-04 4.67945E-07 6.67756E-04 0.00000E+00 0.00000E+00 0.00000E+00 0.00000E+00 0.00000E+00 0.00000E+00
 1.94229E-01 4.81339E-02 3.23131E-01 1.94229E-01 4.81339E-02 3.22814E-01 0.00000E+00 0.00000E+00 0.00000E+00 0.00000E+00 0.00000E+00 0.00000E+00
 1.24345E-01 1.96027E-02 1.95977E-01 1.24345E-01 1.96027E-02 1.95830E-01 0.00000E+00 0.00000E+00 0.00000E+00 0.00000E+00 0.00000E+00 0.00000E+00
 7.70791E-02 7.58293E-03 1.15015E-01 7.70791E-02 7.58293E-03 1.14946E-01 0.00000E+00 0.00000E+00 0.00000E+00 0.00000E+00 0.00000E+00 0.00000E+00
 4.68057E-02 2.85817E-03 6.63137E-02 4.68057E-02 2.85817E-03 6.62795E-02 0.00000E+00 0.00000E+00 0.00000E+00 0.00000E+00 0.00000E+00 0.00000E+00
 2.83567E-02 1.08264E-03 3.84283E-02 2.83567E-02 1.08264E-03 3.84091E-02 0.00000E+00 0.00000E+00 0.00000E+00 0.00000E+00 0.00000E+00 0.00000E+00
 1.75379E-02 4.31400E-04 2.30047E-02 1.75379E-02 4.31400E-04 2.29920E-02 0.00000E+00 0.00000E+00 0.00000E+00 0.00000E+00 0.00000E+00 0.00000E+00
 1.13003E-02 1.81234E-04 1.45376E-02 1.13003E-02 1.81234E-04 1.45283E-02 0.00000E+00 0.00000E+00 0.00000E+00 0.00000E+00 0.00000E+00 0.00000E+00
 8.33613E-03 9.99334E-05 1.06700E-02 8.33613E-03 9.99334E-05 1.06622E-02 0.00000E+00 0.00000E+00 0.00000E+00 0.00000E+00 0.00000E+00 0.00000E+00
 7.68919E-03 8.48942E-05 9.83895E-03 7.68919E-03 8.48942E-05 9.83145E-03 0.00000E+00 0.00000E+00 0.00000E+00 0.00000E+00 0.00000E+00 0.00000E+00
 5.42525E-03 4.11355E-05 6.97401E-03 5.42525E-03 4.11355E-05 6.96777E-03 0.00000E+00 0.00000E+00 0.00000E+00 0.00000E+00 0.00000E+00 0.00000E+00
 4.05608E-03 2.18188E-05 5.27144E-03 4.05608E-03 2.18188E-05 5.26612E-03 0.00000E+00 0.00000E+00 0.00000E+00 0.00000E+00 0.00000E+00 0.00000E+00
 3.17114E-03 1.26766E-05 4.17858E-03 3.17114E-03 1.26766E-05 4.17398E-03 0.00000E+00 0.00000E+00 0.00000E+00 0.00000E+00 0.00000E+00 0.00000E+00
 2.55781E-03 8.05680E-06 3.42029E-03 2.55781E-03 8.05680E-06 3.41627E-03 0.00000E+00 0.00000E+00 0.00000E+00 0.00000E+00 0.00000E+00 0.00000E+00
 2.10516E-03 5.54682E-06 2.85705E-03 2.10516E-03 5.54682E-06 2.85353E-03 0.00000E+00 0.00000E+00 0.00000E+00 0.00000E+00 0.00000E+00 0.00000E+00
 1.75340E-03 4.05918E-06 2.41533E-03 1.75340E-03 4.05918E-06 2.41225E-03 0.00000E+00 0.00000E+00 0.00000E+00 0.00000E+00 0.00000E+00 0.00000E+00
 1.46984E-03 3.09082E-06 2.05554E-03 1.46984E-03 3.09082E-06 2.05283E-03 0.00000E+00 0.00000E+00 0.00000E+00 0.00000E+00 0.00000E+00 0.00000E+00
 1.23627E-03 2.40674E-06 1.75590E-03 1.23627E-03 2.40674E-06 1.75352E-03 0.00000E+00 0.00000E+00 0.00000E+00 0.00000E+00 0.00000E+00 0.00000E+00
 1.04157E-03 1.89471E-06 1.50326E-03 1.04157E-03 1.89471E-06 1.50117E-03 0.00000E+00 0.00000E+00 0.00000E+00 0.00000E+00 0.00000E+00 0.00000E+00
 8.78290E-04 1.49840E-06 1.28887E-03 8.78290E-04 1.49840E-06 1.28703E-03 0.00000E+00 0.00000E+00 0.00000E+00 0.00000E+00 0.00000E+00 0.00000E+00
 7.40968E-04 1.18661E-06 1.10632E-03 7.40968E-04 1.18661E-06 1.10470E-03 0.00000E+00 0.00000E+00 0.00000E+00 0.00000E+00 0.00000E+00 0.00000E+00
 6.25322E-04 9.39681E-07 9.50569E-04 6.25322E-04 9.39681E-07 9.49152E-04 0.00000E+00 0.00000E+00 0.00000E+00 0.00000E+00 0.00000E+00 0.00000E+00
 5.27863E-04 7.43715E-07 8.17513E-04 5.27863E-04 7.43715E-07 8.16270E-04 0.00000E+00 0.00000E+00 0.00000E+00 0.00000E+00 0.00000E+00 0.00000E+00
 4.45697E-04 5.88178E-07 7.03717E-04 4.45697E-04 5.88178E-07 7.02625E-04 0.00000E+00 0.00000E+00 0.00000E+00 0.00000E+00 0.00000E+00 0.00000E+00
 3.76401E-04 4.64801E-07 6.06293E-04 3.76401E-04 4.64801E-07 6.05335E-04 0.00000E+00 0.00000E+00 0.00000E+00 0.00000E+00 0.00000E+00 0.00000E+00
 3.18080E-04 3.67171E-07 5.22985E-04 3.18080E-04 3.67171E-07 5.22144E-04 0.00000E+00 0.00000E+00 0.00000E+00 0.00000E+00 0.00000E+00 0.00000E+00
 2.68894E-04 2.89874E-07 4.51560E-04 2.68894E-04 2.89874E-07 4.50822E-04 0.00000E+00 0.00000E+00 0.00000E+00 0.00000E+00 0.00000E+00 0.00000E+00
 1.76191E-01 4.41754E-02 2.91204E-01 1.76191E-01 4.41754E-02 2.90954E-01 0.00000E+00 0.00000E+00 0.00000E+00 0.00000E+00 0.00000E+00 0.00000E+00
 1.10072E-01 1.73801E-02 1.72065E-01 1.10072E-01 1.73801E-02 1.71952E-01 0.00000E+00 0.00000E+00 0.00000E+00 0.00000E+00 0.00000E+00 0.00000E+00
 6.60333E-02 6.44322E-03 9.75307E-02 6.60333E-02 6.44322E-03 9.74793E-02 0.00000E+00 0.00000E+00 0.00000E+00 0.00000E+00 0.00000E+00 0.00000E+00
 3.84614E-02 2.31574E-03 5.38433E-02 3.84614E-02 2.31574E-03 5.38183E-02 0.00000E+00 0.00000E+00 0.00000E+00 0.00000E+00 0.00000E+00 0.00000E+00
 2.21957E-02 8.38638E-04 2.97036E-02 2.21957E-02 8.38638E-04 2.96895E-02 0.00000E+00 0.00000E+00 0.00000E+00 0.00000E+00 0.00000E+00 0.00000E+00
 1.30433E-02 3.20352E-04 1.69225E-02 1.30433E-02 3.20352E-04 1.69131E-02 0.00000E+00 0.00000E+00 0.00000E+00 0.00000E+00 0.00000E+00 0.00000E+00
 8.01143E-03 1.29220E-04 1.02427E-02 8.01143E-03 1.29220E-04 1.02357E-02 0.00000E+00 0.00000E+00 0.00000E+00 0.00000E+00 0.00000E+00 0.00000E+00
 5.72609E-03 7.00774E-05 7.33072E-03 5.72609E-03 7.00774E-05 7.32475E-03 0.00000E+00 0.00000E+00 0.00000E+00 0.00000E+00 0.00000E+00 0.00000E+00
 5.23928E-03 5.92743E-05 6.71978E-03 5.23928E-03 5.92743E-05 6.71406E-03 0.00000E+00 0.00000E+00 0.00000E+00 0.00000E+00 0.00000E+00 0.00000E+00
 3.58089E-03 2.81673E-05 4.66574E-03 3.58089E-03 2.81673E-05 4.66094E-03 0.00000E+00 0.00000E+00 0.00000E+00 0.00000E+00 0.00000E+00 0.00000E+00
 2.62015E-03 1.46459E-05 3.49024E-03 2.62015E-03 1.46459E-05 3.48611E-03 0.00000E+00 0.00000E+00 0.00000E+00 0.00000E+00 0.00000E+00 0.00000E+00
 2.02052E-03 8.33508E-06 2.75579E-03 2.02052E-03 8.33508E-06 2.75222E-03 0.00000E+00 0.00000E+00 0.00000E+00 0.00000E+00 0.00000E+00 0.00000E+00
 1.61605E-03 5.19703E-06 2.25514E-03 1.61605E-03 5.19703E-06 2.25202E-03 0.00000E+00 0.00000E+00 0.00000E+00 0.00000E+00 0.00000E+00 0.00000E+00
 1.32321E-03 3.52521E-06 1.88694E-03 1.32321E-03 3.52521E-06 1.88421E-03 0.00000E+00 0.00000E+00 0.00000E+00 0.00000E+00 0.00000E+00 0.00000E+00
 1.09849E-03 2.55532E-06 1.59947E-03 1.09849E-03 2.55532E-06 1.59708E-03 0.00000E+00 0.00000E+00 0.00000E+00 0.00000E+00 0.00000E+00 0.00000E+00
 9.18820E-04 1.93593E-06 1.36564E-03 9.18820E-04 1.93593E-06 1.36354E-03 0.00000E+00 0.00000E+00 0.00000E+00 0.00000E+00 0.00000E+00 0.00000E+00
 7.71580E-04 1.50423E-06 1.17079E-03 7.71580E-04 1.50423E-06 1.16894E-03 0.00000E+00 0.00000E+00 0.00000E+00 0.00000E+00 0.00000E+00 0.00000E+00
 6.49263E-04 1.18352E-06 1.00622E-03 6.49263E-04 1.18352E-06 1.00460E-03 0.00000E+00 0.00000E+00 0.00000E+00 0.00000E+00 0.00000E+00 0.00000E+00
 5.46941E-04 9.36123E-07 8.66242E-04 5.46941E-04 9.36123E-07 8.64817E-04 0.00000E+00 0.00000E+00 0.00000E+00 0.00000E+00 0.00000E+00 0.00000E+00
 4.61057E-04 7.41687E-07 7.46719E-04 4.61057E-04 7.41687E-07 7.45468E-04 0.00000E+00 0.00000E+00 0.00000E+00 0.00000E+00 0.00000E+00 0.00000E+00
 3.88849E-04 5.87694E-07 6.44427E-04 3.88849E-04 5.87694E-07 6.43329E-04 0.00000E+00 0.00000E+00 0.00000E+00 0.00000E+00 0.00000E+00 0.00000E+00
 3.28085E-04 4.65432E-07 5.56738E-04 3.28085E-04 4.65432E-07 5.55775E-04 0.00000E+00 0.00000E+00 0.00000E+00 0.00000E+00 0.00000E+00 0.00000E+00
 2.76918E-04 3.68334E-07 4.81463E-04 2.76918E-04 3.68334E-07 4.80618E-04 0.00000E+00 0.00000E+00 0.00000E+00 0.00000E+00 0.00000E+00 0.00000E+00
 2.33811E-04 2.91263E-07 4.16762E-04 2.33811E-04 2.91263E-07 4.16022E-04 0.00000E+00 0.00000E+00 0.00000E+00 0.00000E+00 0.00000E+00 0.00000E+00
 1.97563E-04 2.30233E-07 3.61201E-04 1.97563E-04 2.30233E-07 3.60552E-04 0.00000E+00 0.00000E+00 0.00000E+00 0.00000E+00 0.00000E+00 0.00000E+00
 1.67014E-04 1.81879E-07 3.13355E-04 1.67014E-04 1.81879E-07 3.12786E-04 0.00000E+00 0.00000E+00 0.00000E+00 0.00000E+00 0.00000E+00 0.00000E+00
 1.56350E-01 3.98190E-02 2.56793E-01 1.56350E-01 3.98190E-02 2.56596E-01 0.00000E+00 0.00000E+00 0.00000E+00 0.00000E+00 0.00000E+00 0.00000E+00
 9.54995E-02 1.51848E-02 1.48124E-01 9.54995E-02 1.51848E-02 1.48036E-01 0.00000E+00 0.00000E+00 0.00000E+00 0.00000E+00 0.00000E+00 0.00000E+00
 5.55292E-02 5.41502E-03 8.12427E-02 5.55292E-02 5.41502E-03 8.12040E-02 0.00000E+00 0.00000E+00 0.00000E+00 0.00000E+00 0.00000E+00 0.00000E+00
 3.10464E-02 1.86287E-03 4.29849E-02 3.10464E-02 1.86287E-03 4.29663E-02 0.00000E+00 0.00000E+00 0.00000E+00 0.00000E+00 0.00000E+00 0.00000E+00
 1.70525E-02 6.47705E-04 2.25696E-02 1.70525E-02 6.47705E-04 2.25591E-02 0.00000E+00 0.00000E+00 0.00000E+00 0.00000E+00 0.00000E+00 0.00000E+00
 9.50408E-03 2.38328E-04 1.22339E-02 9.50408E-03 2.38328E-04 1.22268E-02 0.00000E+00 0.00000E+00 0.00000E+00 0.00000E+00 0.00000E+00 0.00000E+00
 5.55616E-03 9.30057E-05 7.10407E-03 5.55616E-03 9.30057E-05 7.09871E-03 0.00000E+00 0.00000E+00 0.00000E+00 0.00000E+00 0.00000E+00 0.00000E+00
 3.84722E-03 4.96386E-05 4.97472E-03 3.84722E-03 4.96386E-05 4.97012E-03 0.00000E+00 0.00000E+00 0.00000E+00 0.00000E+00 0.00000E+00 0.00000E+00
 3.49224E-03 4.18586E-05 4.53900E-03 3.49224E-03 4.18586E-05 4.53458E-03 0.00000E+00 0.00000E+00 0.00000E+00 0.00000E+00 0.00000E+00 0.00000E+00
 2.31611E-03 1.96015E-05 3.11005E-03 2.31611E-03 1.96015E-05 3.10632E-03 0.00000E+00 0.00000E+00 0.00000E+00 0.00000E+00 0.00000E+00 0.00000E+00
 1.66302E-03 1.00174E-05 2.31983E-03 1.66302E-03 1.00174E-05 2.31661E-03 0.00000E+00 0.00000E+00 0.00000E+00 0.00000E+00 0.00000E+00 0.00000E+00
 1.26860E-03 5.58843E-06 1.83627E-03 1.26860E-03 5.58843E-06 1.83348E-03 0.00000E+00 0.00000E+00 0.00000E+00 0.00000E+00 0.00000E+00 0.00000E+00
 1.00867E-03 3.41647E-06 1.50967E-03 1.00867E-03 3.41647E-06 1.50723E-03 0.00000E+00 0.00000E+00 0.00000E+00 0.00000E+00 0.00000E+00 0.00000E+00
 8.23491E-04 2.28085E-06 1.27007E-03 8.23491E-04 2.28085E-06 1.26793E-03 0.00000E+00 0.00000E+00 0.00000E+00 0.00000E+00 0.00000E+00 0.00000E+00
 6.82839E-04 1.63626E-06 1.08273E-03 6.82839E-04 1.63626E-06 1.08086E-03 0.00000E+00 0.00000E+00 0.00000E+00 0.00000E+00 0.00000E+00 0.00000E+00
 5.71010E-04 1.23292E-06 9.29776E-04 5.71010E-04 1.23292E-06 9.28134E-04 0.00000E+00 0.00000E+00 0.00000E+00 0.00000E+00 0.00000E+00 0.00000E+00
 4.79625E-04 9.55906E-07 8.01721E-04 4.79625E-04 9.55906E-07 8.00281E-04 0.00000E+00 0.00000E+00 0.00000E+00 0.00000E+00 0.00000E+00 0.00000E+00
 4.03805E-04 7.51797E-07 6.93016E-04 4.03805E-04 7.51797E-07 6.91752E-04 0.00000E+00 0.00000E+00 0.00000E+00 0.00000E+00 0.00000E+00 0.00000E+00
 3.40405E-04 5.94881E-07 6.00052E-04 3.40405E-04 5.94881E-07 5.98944E-04 0.00000E+00 0.00000E+00 0.00000E+00 0.00000E+00 0.00000E+00 0.00000E+00
 2.87189E-04 4.71657E-07 5.20233E-04 2.87189E-04 4.71657E-07 5.19261E-04 0.00000E+00 0.00000E+00 0.00000E+00 0.00000E+00 0.00000E+00 0.00000E+00
 2.42435E-04 3.74029E-07 4.51531E-04 2.42435E-04 3.74029E-07 4.50679E-04 0.00000E+00 0.00000E+00 0.00000E+00 0.00000E+00 0.00000E+00 0.00000E+00
 2.04755E-04 2.96455E-07 3.92292E-04 2.04755E-04 2.96455E-07 3.91545E-04 0.00000E+00 0.00000E+00 0.00000E+00 0.00000E+00 0.00000E+00 0.00000E+00
 1.73007E-04 2.34789E-07 3.41137E-04 1.73007E-04 2.34789E-07 3.40483E-04 0.00000E+00 0.00000E+00 0.00000E+00 0.00000E+00 0.00000E+00 0.00000E+00
 1.46239E-04 1.85796E-07 2.96904E-04 1.46239E-04 1.85796E-07 2.96331E-04 0.00000E+00 0.00000E+00 0.00000E+00 0.00000E+00 0.00000E+00 0.00000E+00
 1.23712E-04 1.46963E-07 2.58687E-04 1.23712E-04 1.46963E-07 2.58185E-04 0.00000E+00 0.00000E+00 0.00000E+00 0.00000E+00 0.00000E+00 0.00000E+00
 1.04708E-04 1.16170E-07 2.25578E-04 1.04708E-04 1.16170E-07 2.25139E-04 0.00000E+00 0.00000E+00 0.00000E+00 0.00000E+00 0.00000E+00 0.00000E+00
 1.34149E-01 3.49479E-02 2.19017E-01 1.34149E-01 3.49479E-02 2.18862E-01 0.00000E+00 0.00000E+00 0.00000E+00 0.00000E+00 0.00000E+00 0.00000E+00
 8.02209E-02 1.29691E-02 1.23517E-01 8.02209E-02 1.29691E-02 1.23450E-01 0.00000E+00 0.00000E+00 0.00000E+00 0.00000E+00 0.00000E+00 0.00000E+00
 4.53147E-02 4.47664E-03 6.57190E-02 4.53147E-02 4.47664E-03 6.56895E-02 0.00000E+00 0.00000E+00 0.00000E+00 0.00000E+00 0.00000E+00 0.00000E+00
 2.43843E-02 1.48654E-03 3.34284E-02 2.43843E-02 1.48654E-03 3.34144E-02 0.00000E+00 0.00000E+00 0.00000E+00 0.00000E+00 0.00000E+00 0.00000E+00
 1.27785E-02 4.99668E-04 1.67607E-02 1.27785E-02 4.99668E-04 1.67527E-02 0.00000E+00 0.00000E+00 0.00000E+00 0.00000E+00 0.00000E+00 0.00000E+00
 6.76934E-03 1.78481E-04 8.68212E-03 6.76934E-03 1.78481E-04 8.67669E-03 0.00000E+00 0.00000E+00 0.00000E+00 0.00000E+00 0.00000E+00 0.00000E+00
 3.77789E-03 6.83109E-05 4.87321E-03 3.77789E-03 6.83109E-05 4.86907E-03 0.00000E+00 0.00000E+00 0.00000E+00 0.00000E+00 0.00000E+00 0.00000E+00
 2.54269E-03 3.57408E-05 3.36415E-03 2.54269E-03 3.57408E-05 3.36059E-03 0.00000E+00 0.00000E+00 0.00000E+00 0.00000E+00 0.00000E+00 0.00000E+00
 2.29251E-03 3.00842E-05 3.06317E-03 2.29251E-03 3.00842E-05 3.05973E-03 0.00000E+00 0.00000E+00 0.00000E+00 0.00000E+00 0.00000E+00 0.00000E+00
 1.48428E-03 1.39411E-05 2.09655E-03 1.48428E-03 1.39411E-05 2.09363E-03 0.00000E+00 0.00000E+00 0.00000E+00 0.00000E+00 0.00000E+00 0.00000E+00
 1.05177E-03 7.01800E-06 1.57515E-03 1.05177E-03 7.01800E-06 1.57264E-03 0.00000E+00 0.00000E+00 0.00000E+00 0.00000E+00 0.00000E+00 0.00000E+00
 7.97157E-04 3.84095E-06 1.25869E-03 7.97157E-04 3.84095E-06 1.25650E-03 0.00000E+00 0.00000E+00 0.00000E+00 0.00000E+00 0.00000E+00 0.00000E+00
 6.32282E-04 2.30158E-06 1.04449E-03 6.32282E-04 2.30158E-06 1.04258E-03 0.00000E+00 0.00000E+00 0.00000E+00 0.00000E+00 0.00000E+00 0.00000E+00
 5.16116E-04 1.51078E-06 8.86184E-04 5.16116E-04 1.51078E-06 8.84515E-04 0.00000E+00 0.00000E+00 0.00000E+00 0.00000E+00 0.00000E+00 0.00000E+00
 4.28351E-04 1.07148E-06 7.61236E-04 4.28351E-04 1.07148E-06 7.59774E-04 0.00000E+00 0.00000E+00 0.00000E+00 0.00000E+00 0.00000E+00 0.00000E+00
 3.58735E-04 8.02335E-07 6.58311E-04 3.58735E-04 8.02335E-07 6.57030E-04 0.00000E+00 0.00000E+00 0.00000E+00 0.00000E+00 0.00000E+00 0.00000E+00
 3.01859E-04 6.20386E-07 5.71424E-04 3.01859E-04 6.20386E-07 5.70301E-04 0.00000E+00 0.00000E+00 0.00000E+00 0.00000E+00 0.00000E+00 0.00000E+00
 2.54623E-04 4.87535E-07 4.97088E-04 2.54623E-04 4.87535E-07 4.96105E-04 0.00000E+00 0.00000E+00 0.00000E+00 0.00000E+00 0.00000E+00 0.00000E+00
 2.15064E-04 3.85806E-07 4.33042E-04 2.15064E-04 3.85806E-07 4.32180E-04 0.00000E+00 0.00000E+00 0.00000E+00 0.00000E+00 0.00000E+00 0.00000E+00
 1.81797E-04 3.06010E-07 3.77650E-04 1.81797E-04 3.06010E-07 3.76896E-04 0.00000E+00 0.00000E+00 0.00000E+00 0.00000E+00 0.00000E+00 0.00000E+00
 1.53764E-04 2.42781E-07 3.29633E-04 1.53764E-04 2.42781E-07 3.28973E-04 0.00000E+00 0.00000E+00 0.00000E+00 0.00000E+00 0.00000E+00 0.00000E+00
 1.30113E-04 1.92512E-07 2.87942E-04 1.30113E-04 1.92512E-07 2.87364E-04 0.00000E+00 0.00000E+00 0.00000E+00 0.00000E+00 0.00000E+00 0.00000E+00
 1.10144E-04 1.52524E-07 2.51693E-04 1.10144E-04 1.52524E-07 2.51188E-04 0.00000E+00 0.00000E+00 0.00000E+00 0.00000E+00 0.00000E+00 0.00000E+00
 9.32722E-05 1.20734E-07 2.20141E-04 9.32722E-05 1.20734E-07 2.19699E-04 0.00000E+00 0.00000E+00 0.00000E+00 0.00000E+00 0.00000E+00 0.00000E+00
 7.90427E-05 9.55210E-08 1.92702E-04 7.90427E-05 9.55210E-08 1.92315E-04 0.00000E+00 0.00000E+00 0.00000E+00 0.00000E+00 0.00000E+00 0.00000E+00
 6.70139E-05 7.55176E-08 1.68781E-04 6.70139E-05 7.55176E-08 1.68443E-04 0.00000E+00 0.00000E+00 0.00000E+00 0.00000E+00 0.00000E+00 0.00000E+00
 1.09963E-01 2.96184E-02 1.78495E-01 1.09963E-01 2.96184E-02 1.78374E-01 0.00000E+00 0.00000E+00 0.00000E+00 0.00000E+00 0.00000E+00 0.00000E+00
 6.43013E-02 1.07358E-02 9.83197E-02 6.43013E-02 1.07358E-02 9.82678E-02 0.00000E+00 0.00000E+00 0.00000E+00 0.00000E+00 0.00000E+00 0.00000E+00
 3.53279E-02 3.61520E-03 5.08213E-02 3.53279E-02 3.61520E-03 5.07987E-02 0.00000E+00 0.00000E+00 0.00000E+00 0.00000E+00 0.00000E+00 0.00000E+00
 1.83684E-02 1.17208E-03 2.49676E-02 1.83684E-02 1.17208E-03 2.49568E-02 0.00000E+00 0.00000E+00 0.00000E+00 0.00000E+00 0.00000E+00 0.00000E+00
 9.24650E-03 3.85800E-04 1.20524E-02 9.24650E-03 3.85800E-04 1.20462E-02 0.00000E+00 0.00000E+00 0.00000E+00 0.00000E+00 0.00000E+00 0.00000E+00
 4.69845E-03 1.35138E-04 6.03992E-03 4.69845E-03 1.35138E-04 6.03574E-03 0.00000E+00 0.00000E+00 0.00000E+00 0.00000E+00 0.00000E+00 0.00000E+00
 2.53055E-03 5.11980E-05 3.33035E-03 2.53055E-03 5.11980E-05 3.32714E-03 0.00000E+00 0.00000E+00 0.00000E+00 0.00000E+00 0.00000E+00 0.00000E+00
 1.67015E-03 2.62406E-05 2.29643E-03 1.67015E-03 2.62406E-05 2.29365E-03 0.00000E+00 0.00000E+00 0.00000E+00 0.00000E+00 0.00000E+00 0.00000E+00
 1.49946E-03 2.20647E-05 2.09454E-03 1.49946E-03 2.20647E-05 2.09186E-03 0.00000E+00 0.00000E+00 0.00000E+00 0.00000E+00 0.00000E+00 0.00000E+00
 9.57674E-04 1.01411E-05 1.45359E-03 9.57674E-04 1.01411E-05 1.45132E-03 0.00000E+00 0.00000E+00 0.00000E+00 0.00000E+00 0.00000E+00 0.00000E+00
 6.74612E-04 5.03387E-06 1.11032E-03 6.74612E-04 5.03387E-06 1.10835E-03 0.00000E+00 0.00000E+00 0.00000E+00 0.00000E+00 0.00000E+00 0.00000E+00
 5.10484E-04 2.70393E-06 9.00282E-04 5.10484E-04 2.70393E-06 8.98572E-04 0.00000E+00 0.00000E+00 0.00000E+00 0.00000E+00 0.00000E+00 0.00000E+00
 4.05063E-04 1.58758E-06 7.55761E-04 4.05063E-04 1.58758E-06 7.54269E-04 0.00000E+00 0.00000E+00 0.00000E+00 0.00000E+00 0.00000E+00 0.00000E+00
 3.31115E-04 1.02361E-06 6.47109E-04 3.31115E-04 1.02361E-06 6.45806E-04 0.00000E+00 0.00000E+00 0.00000E+00 0.00000E+00 0.00000E+00 0.00000E+00
 2.75357E-04 7.16848E-07 5.60089E-04 2.75357E-04 7.16848E-07 5.58948E-04 0.00000E+00 0.00000E+00 0.00000E+00 0.00000E+00 0.00000E+00 0.00000E+00
 2.31110E-04 5.32861E-07 4.87538E-04 2.31110E-04 5.32861E-07 4.86540E-04 0.00000E+00 0.00000E+00 0.00000E+00 0.00000E+00 0.00000E+00 0.00000E+00
 1.94907E-04 4.10541E-07 4.25690E-04 1.94907E-04 4.10541E-07 4.24816E-04 0.00000E+00 0.00000E+00 0.00000E+00 0.00000E+00 0.00000E+00 0.00000E+00
 1.64774E-04 3.22128E-07 3.72327E-04 1.64774E-04 3.22128E-07 3.71563E-04 0.00000E+00 0.00000E+00 0.00000E+00 0.00000E+00 0.00000E+00 0.00000E+00
 1.39473E-04 2.54754E-07 3.26000E-04 1.39473E-04 2.54754E-07 3.25332E-04 0.00000E+00 0.00000E+00 0.00000E+00 0.00000E+00 0.00000E+00 0.00000E+00
 1.18139E-04 2.02006E-07 2.85649E-04 1.18139E-04 2.02006E-07 2.85065E-04 0.00000E+00 0.00000E+00 0.00000E+00 0.00000E+00 0.00000E+00 0.00000E+00
 1.00115E-04 1.60233E-07 2.50437E-04 1.00115E-04 1.60233E-07 2.49926E-04 0.00000E+00 0.00000E+00 0.00000E+00 0.00000E+00 0.00000E+00 0.00000E+00
 8.48688E-05 1.27025E-07 2.19668E-04 8.48688E-05 1.27025E-07 2.19222E-04 0.00000E+00 0.00000E+00 0.00000E+00 0.00000E+00 0.00000E+00 0.00000E+00
 7.19643E-05 1.00609E-07 1.92755E-04 7.19643E-05 1.00609E-07 1.92365E-04 0.00000E+00 0.00000E+00 0.00000E+00 0.00000E+00 0.00000E+00 0.00000E+00
 6.10359E-05 7.96091E-08 1.69195E-04 6.10359E-05 7.96091E-08 1.68855E-04 0.00000E+00 0.00000E+00 0.00000E+00 0.00000E+00 0.00000E+00 0.00000E+00
 5.17980E-05 6.29560E-08 1.48594E-04 5.17980E-05 6.29560E-08 1.48297E-04 0.00000E+00 0.00000E+00 0.00000E+00 0.00000E+00 0.00000E+00 0.00000E+00
 4.39724E-05 4.97460E-08 1.30544E-04 4.39724E-05 4.97460E-08 1.30284E-04 0.00000E+00 0.00000E+00 0.00000E+00 0.00000E+00 0.00000E+00 0.00000E+00
 8.57960E-02 2.42155E-02 1.38526E-01 8.57960E-02 2.42155E-02 1.38433E-01 0.00000E+00 0.00000E+00 0.00000E+00 0.00000E+00 0.00000E+00 0.00000E+00
 4.88943E-02 8.60690E-03 7.42990E-02 4.88943E-02 8.60690E-03 7.42590E-02 0.00000E+00 0.00000E+00 0.00000E+00 0.00000E+00 0.00000E+00 0.00000E+00
 2.61051E-02 2.85295E-03 3.72983E-02 2.61051E-02 2.85295E-03 3.72808E-02 0.00000E+00 0.00000E+00 0.00000E+00 0.00000E+00 0.00000E+00 0.00000E+00
 1.31690E-02 9.15826E-04 1.77891E-02 1.31690E-02 9.15826E-04 1.77808E-02 0.00000E+00 0.00000E+00 0.00000E+00 0.00000E+00 0.00000E+00 0.00000E+00
 6.43503E-03 2.99581E-04 8.37211E-03 6.43503E-03 2.99581E-04 8.36737E-03 0.00000E+00 0.00000E+00 0.00000E+00 0.00000E+00 0.00000E+00 0.00000E+00
 3.18848E-03 1.03892E-04 4.14177E-03 3.18848E-03 1.03892E-04 4.13853E-03 0.00000E+00 0.00000E+00 0.00000E+00 0.00000E+00 0.00000E+00 0.00000E+00
 1.68904E-03 3.92395E-05 2.29747E-03 1.68904E-03 3.92395E-05 2.29497E-03 0.00000E+00 0.00000E+00 0.00000E+00 0.00000E+00 0.00000E+00 0.00000E+00
 1.10725E-03 1.96401E-05 1.60700E-03 1.10725E-03 1.96401E-05 1.60484E-03 0.00000E+00 0.00000E+00 0.00000E+00 0.00000E+00 0.00000E+00 0.00000E+00
 9.93055E-04 1.64995E-05 1.47376E-03 9.93055E-04 1.64995E-05 1.47168E-03 0.00000E+00 0.00000E+00 0.00000E+00 0.00000E+00 0.00000E+00 0.00000E+00
 6.32849E-04 7.52003E-06 1.04991E-03 6.32849E-04 7.52003E-06 1.04813E-03 0.00000E+00 0.00000E+00 0.00000E+00 0.00000E+00 0.00000E+00 0.00000E+00
 4.45719E-04 3.67970E-06 8.19272E-04 4.45719E-04 3.67970E-06 8.17735E-04 0.00000E+00 0.00000E+00 0.00000E+00 0.00000E+00 0.00000E+00 0.00000E+00
 3.37423E-04 1.93947E-06 6.74523E-04 3.37423E-04 1.93947E-06 6.73187E-04 0.00000E+00 0.00000E+00 0.00000E+00 0.00000E+00 0.00000E+00 0.00000E+00
 2.68003E-04 1.11519E-06 5.72366E-04 2.68003E-04 1.11519E-06 5.71202E-04 0.00000E+00 0.00000E+00 0.00000E+00 0.00000E+00 0.00000E+00 0.00000E+00
 2.19334E-04 7.05525E-07 4.93863E-04 2.19334E-04 7.05525E-07 4.92847E-04 0.00000E+00 0.00000E+00 0.00000E+00 0.00000E+00 0.00000E+00 0.00000E+00
 1.82660E-04 4.87230E-07 4.29982E-04 1.82660E-04 4.87230E-07 4.29094E-04 0.00000E+00 0.00000E+00 0.00000E+00 0.00000E+00 0.00000E+00 0.00000E+00
 1.53548E-04 3.59087E-07 3.76105E-04 1.53548E-04 3.59087E-07 3.75329E-04 0.00000E+00 0.00000E+00 0.00000E+00 0.00000E+00 0.00000E+00 0.00000E+00
 1.29695E-04 2.75379E-07 3.29770E-04 1.29695E-04 2.75379E-07 3.29092E-04 0.00000E+00 0.00000E+00 0.00000E+00 0.00000E+00 0.00000E+00 0.00000E+00
 1.09803E-04 2.15549E-07 2.89509E-04 1.09803E-04 2.15549E-07 2.88917E-04 0.00000E+00 0.00000E+00 0.00000E+00 0.00000E+00 0.00000E+00 0.00000E+00
 9.30667E-05 1.70225E-07 2.54344E-04 9.30667E-05 1.70225E-07 2.53827E-04 0.00000E+00 0.00000E+00 0.00000E+00 0.00000E+00 0.00000E+00 0.00000E+00
 7.89256E-05 1.34839E-07 2.23549E-04 7.89256E-05 1.34839E-07 2.23098E-04 0.00000E+00 0.00000E+00 0.00000E+00 0.00000E+00 0.00000E+00 0.00000E+00
 6.69540E-05 1.06855E-07 1.96542E-04 6.69540E-05 1.06855E-07 1.96148E-04 0.00000E+00 0.00000E+00 0.00000E+00 0.00000E+00 0.00000E+00 0.00000E+00
 5.68093E-05 8.46292E-08 1.72835E-04 5.68093E-05 8.46292E-08 1.72491E-04 0.00000E+00 0.00000E+00 0.00000E+00 0.00000E+00 0.00000E+00 0.00000E+00
 4.82080E-05 6.69630E-08 1.52010E-04 4.82080E-05 6.69630E-08 1.51710E-04 0.00000E+00 0.00000E+00 0.00000E+00 0.00000E+00 0.00000E+00 0.00000E+00
 4.09126E-05 5.29296E-08 1.33707E-04 4.09126E-05 5.29296E-08 1.33445E-04 0.00000E+00 0.00000E+00 0.00000E+00 0.00000E+00 0.00000E+00 0.00000E+00
 3.47372E-05 4.18106E-08 1.17644E-04 3.47372E-05 4.18106E-08 1.17416E-04 0.00000E+00 0.00000E+00 0.00000E+00 0.00000E+00 0.00000E+00 0.00000E+00
 2.94995E-05 3.29987E-08 1.03523E-04 2.94995E-05 3.29987E-08 1.03324E-04 0.00000E+00 0.00000E+00 0.00000E+00 0.00000E+00 0.00000E+00 0.00000E+00
---
