PdfType: error
Format: lhagrid1
---
1.00000E-06 1.28121E-06 1.64152E-06 2.10317E-06 2.69463E-06 3.45242E-06 4.42329E-06 5.66715E-06 7.26076E-06 9.30241E-06 1.19180E-05 1.52689E-05 1.95617E-05 2.50609E-05 3.21053E-05 4.11287E-05 5.26863E-05 6.74889E-05 8.64459E-05 1.10720E-04 1.41800E-04 1.81585E-04 2.32503E-04 2.97652E-04 3.80981E-04 4.87518E-04 6.26039E-04 8.00452E-04 1.02297E-03 1.30657E-03 1.66759E-03 2.12729E-03 2.71054E-03 3.44865E-03 4.37927E-03 5.54908E-03 7.01192E-03 8.83064E-03 1.10763E-02 1.38266E-02 1.71641E-02 2.11717E-02 2.59364E-02 3.15062E-02 3.79623E-02 4.53425E-02 5.36750E-02 6.29705E-02 7.32221E-02 8.44039E-02 9.64793E-02 1.09332E-01 1.23067E-01 1.37507E-01 1.52639E-01 1.68416E-01 1.84794E-01 2.01731E-01 2.19016E-01 2.36948E-01 2.55242E-01 2.73927E-01 2.92954E-01 3.12340E-01 3.32036E-01 3.52019E-01 3.72282E-01 3.92772E-01 4.13533E-01 4.34326E-01 4.55495E-01 4.76836E-01 4.98342E-01 5.20006E-01 5.41818E-01 5.63773E-01 5.85861E-01 6.08077E-01 6.30459E-01 6.52800E-01 6.75387E-01 6.98063E-01 7.20830E-01 7.43683E-01 7.66623E-01 7.89636E-01 8.12791E-01 8.35940E-01 8.59175E-01 8.82485E-01 9.05866E-01 9.29311E-01 9.52817E-01 9.76387E-01 1.00000E+00
1.30000E+00 1.50159E+00 1.75516E+00 2.07810E+00 2.49495E+00 3.04086E+00 3.76715E+00 4.50000E+00 4.75000E+00 6.23113E+00 8.37423E+00 1.15549E+01 1.64076E+01 2.40380E+01 3.64361E+01 5.73145E+01 9.38707E+01 1.60654E+02 2.88438E+02 5.45587E+02 1.09231E+03 2.32646E+03 5.30043E+03 1.29956E+04 3.45140E+04 1.00000E+05
-5 -4 -3 -2 -1 1 2 3 4 5 21
  0.00000000e+00  0.00000000e+00  4.09118562e-01  1.02279141e+00  1.02279141e+00  1.02280141e+00  1.02385141e+00  4.09118562e-01  0.00000000e+00  0.00000000e+00  1.40178000e-02
  0.00000000e+00  4.01125781e-02  4.44533359e-01  1.05116016e+00  1.05116016e+00  1.05118000e+00  1.05230000e+00  4.44533359e-01  4.01125781e-02  0.00000000e+00  1.43552797e+00
  0.00000000e+00  1.15918656e-01  5.15843062e-01  1.11572859e+00  1.11572875e+00  1.11574875e+00  1.11693875e+00  5.15843062e-01  1.15918656e-01  0.00000000e+00  3.82519953e+00
  0.00000000e+00  2.31353453e-01  6.26934797e-01  1.22029734e+00  1.22030734e+00  1.22033734e+00  1.22160719e+00  6.26934797e-01  2.31353453e-01  0.00000000e+00  7.44352031e+00
  0.00000000e+00  3.92758281e-01  7.84131547e-01  1.37117609e+00  1.37118594e+00  1.37122609e+00  1.37256594e+00  7.84131547e-01  3.92758281e-01  0.00000000e+00  1.25536828e+01
  0.00000000e+00  6.09798172e-01  9.97083375e-01  1.57799469e+00  1.57800469e+00  1.57806469e+00  1.57947469e+00  9.97083375e-01  6.09798172e-01  0.00000000e+00  1.95270563e+01
  0.00000000e+00  8.90013172e-01  1.27331734e+00  1.84825344e+00  1.84826359e+00  1.84833344e+00  1.84982344e+00  1.27331734e+00  8.90013172e-01  0.00000000e+00  2.86564344e+01
  0.00000000e+00  1.15129250e+00  1.53156656e+00  2.10196266e+00  2.10197281e+00  2.10205281e+00  2.10361266e+00  1.53156656e+00  1.15129250e+00  0.00000000e+00  3.72494203e+01
  8.21930125e-02  1.23176234e+00  1.61116641e+00  2.18026266e+00  2.18028250e+00  2.18036250e+00  2.18193250e+00  1.61116641e+00  1.23176234e+00  8.21930125e-02  4.00981172e+01
  5.49879953e-01  1.69130156e+00  2.06661562e+00  2.62956172e+00  2.62958172e+00  2.62968172e+00  2.63134172e+00  2.06661562e+00  1.69130156e+00  5.49879953e-01  5.48064109e+01
  1.13210828e+00  2.26542109e+00  2.63669500e+00  3.19358109e+00  3.19360094e+00  3.19372109e+00  3.19547109e+00  2.63669500e+00  2.26542109e+00  1.13210828e+00  7.29274156e+01
  1.83567797e+00  2.96091094e+00  3.32818484e+00  3.87908078e+00  3.87910078e+00  3.87925078e+00  3.88110062e+00  3.32818484e+00  2.96091094e+00  1.83567797e+00  9.49990313e+01
  2.67654797e+00  3.79370109e+00  4.15703500e+00  4.70200063e+00  4.70202078e+00  4.70219078e+00  4.70414062e+00  4.15703500e+00  3.79370109e+00  2.67654797e+00  1.21489859e+02
  3.67481844e+00  4.78391188e+00  5.14333563e+00  5.68243125e+00  5.68245125e+00  5.68266125e+00  5.68471109e+00  5.14333563e+00  4.78391188e+00  3.67481844e+00  1.52952906e+02
  4.84906953e+00  5.95012281e+00  6.30566672e+00  6.83895219e+00  6.83898219e+00  6.83922219e+00  6.84137203e+00  6.30566672e+00  5.95012281e+00  4.84906953e+00  1.89850984e+02
  6.21749109e+00  7.31049469e+00  7.66220828e+00  8.18973375e+00  8.18976375e+00  8.19003391e+00  8.19229375e+00  7.66220828e+00  7.31049469e+00  6.21749109e+00  2.32596062e+02
  7.80076328e+00  8.88571703e+00  9.23363062e+00  9.75544594e+00  9.75547609e+00  9.75579594e+00  9.75816594e+00  9.23363062e+00  8.88571703e+00  7.80076328e+00  2.81634187e+02
  9.62039625e+00  1.06973000e+01  1.10414047e+01  1.15576094e+01  1.15576094e+01  1.15580094e+01  1.15605078e+01  1.10414047e+01  1.06973000e+01  9.62039625e+00  3.37392328e+02
  1.16986094e+01  1.27674047e+01  1.31078078e+01  1.36184125e+01  1.36184125e+01  1.36188125e+01  1.36214125e+01  1.31078078e+01  1.27674047e+01  1.16986094e+01  4.00268484e+02
  1.40579156e+01  1.51187094e+01  1.54554125e+01  1.59604172e+01  1.59604172e+01  1.59609172e+01  1.59636172e+01  1.54554125e+01  1.51187094e+01  1.40579156e+01  4.70627672e+02
  1.67215203e+01  1.77741156e+01  1.81072172e+01  1.86066234e+01  1.86067234e+01  1.86072234e+01  1.86101219e+01  1.81072172e+01  1.77741156e+01  1.67215203e+01  5.48793891e+02
  1.97122266e+01  2.07568203e+01  2.10862234e+01  2.15802297e+01  2.15802297e+01  2.15808297e+01  2.15838297e+01  2.10862234e+01  2.07568203e+01  1.97122266e+01  6.35046141e+02
  2.30530359e+01  2.40895297e+01  2.44153328e+01  2.49039375e+01  2.49039375e+01  2.49046375e+01  2.49077375e+01  2.44153328e+01  2.40895297e+01  2.30530359e+01  7.29614406e+02
  2.67665438e+01  2.77948391e+01  2.81170422e+01  2.86002469e+01  2.86003469e+01  2.86010469e+01  2.86043469e+01  2.81170422e+01  2.77948391e+01  2.67665438e+01  8.32670719e+02
  3.08819531e+01  3.19020500e+01  3.22207531e+01  3.26986562e+01  3.26986578e+01  3.26994578e+01  3.27029562e+01  3.22207531e+01  3.19020500e+01  3.08819531e+01  9.44489047e+02
  3.54167656e+01  3.64287609e+01  3.67438656e+01  3.72164703e+01  3.72165688e+01  3.72174688e+01  3.72210688e+01  3.67438656e+01  3.64287609e+01  3.54167656e+01  1.06503234e+03
  0.00000000e+00  0.00000000e+00  4.05743500e-01  1.01436125e+00  1.01436125e+00  1.01437125e+00  1.01547109e+00  4.05743500e-01  0.00000000e+00  0.00000000e+00  1.48862766e-02
  0.00000000e+00  4.03151875e-02  4.41393312e-01  1.04300984e+00  1.04301000e+00  1.04303000e+00  1.04420000e+00  4.41393312e-01  4.03151875e-02  0.00000000e+00  1.43876781e+00
  0.00000000e+00  1.16114688e-01  5.12727047e-01  1.10763859e+00  1.10764844e+00  1.10766859e+00  1.10891859e+00  5.12727047e-01  1.16114688e-01  0.00000000e+00  3.82479984e+00
  0.00000000e+00  2.31220484e-01  6.23519781e-01  1.21195734e+00  1.21196719e+00  1.21200719e+00  1.21332719e+00  6.23519781e-01  2.31220484e-01  0.00000000e+00  7.42974109e+00
  0.00000000e+00  3.91868344e-01  7.79988563e-01  1.36215594e+00  1.36216594e+00  1.36221594e+00  1.36361594e+00  7.79988563e-01  3.91868344e-01  0.00000000e+00  1.25124828e+01
  0.00000000e+00  6.07576266e-01  9.91637422e-01  1.56771469e+00  1.56772469e+00  1.56778469e+00  1.56927453e+00  9.91637422e-01  6.07576266e-01  0.00000000e+00  1.94383578e+01
  0.00000000e+00  8.85753297e-01  1.26585734e+00  1.83599359e+00  1.83601344e+00  1.83609344e+00  1.83765344e+00  1.26585734e+00  8.85753297e-01  0.00000000e+00  2.84949359e+01
  0.00000000e+00  1.14492266e+00  1.52202672e+00  2.08766266e+00  2.08767281e+00  2.08776281e+00  2.08939266e+00  1.52202672e+00  1.14492266e+00  0.00000000e+00  3.70122234e+01
  8.14977187e-02  1.22470250e+00  1.60093656e+00  2.16528250e+00  2.16529266e+00  2.16539250e+00  2.16703250e+00  1.60093656e+00  1.22470250e+00  8.14977187e-02  3.98339219e+01
  5.45040969e-01  1.68008188e+00  2.05225578e+00  2.61049172e+00  2.61051172e+00  2.61063172e+00  2.61236172e+00  2.05225578e+00  1.68008188e+00  5.45040969e-01  5.43963156e+01
  1.12165844e+00  2.24858141e+00  2.61674531e+00  3.16896109e+00  3.16898109e+00  3.16912109e+00  3.17095109e+00  2.61674531e+00  2.24858141e+00  1.12165844e+00  7.23226188e+01
  1.81796797e+00  2.93679109e+00  3.30098500e+00  3.84725078e+00  3.84727078e+00  3.84744078e+00  3.84937063e+00  3.30098500e+00  2.93679109e+00  1.81796797e+00  9.41405359e+01
  2.64959813e+00  3.76034141e+00  4.12061516e+00  4.66099094e+00  4.66102078e+00  4.66122078e+00  4.66325078e+00  4.12061516e+00  3.76034141e+00  2.64959813e+00  1.20308875e+02
  3.63631859e+00  4.73899203e+00  5.09538563e+00  5.62993125e+00  5.62996125e+00  5.63019125e+00  5.63232125e+00  5.09538563e+00  4.73899203e+00  3.63631859e+00  1.51368922e+02
  4.79632953e+00  5.89094313e+00  6.24348688e+00  6.77226234e+00  6.77229234e+00  6.77256234e+00  6.77480234e+00  6.24348688e+00  5.89094313e+00  4.79632953e+00  1.87772984e+02
  6.14745109e+00  7.23399484e+00  7.58273844e+00  8.10579391e+00  8.10583375e+00  8.10613391e+00  8.10849375e+00  7.58273844e+00  7.23399484e+00  6.14745109e+00  2.29923063e+02
  7.70993344e+00  8.78842719e+00  9.13339078e+00  9.65078609e+00  9.65081609e+00  9.65116609e+00  9.65364594e+00  9.13339078e+00  8.78842719e+00  7.70993344e+00  2.78253172e+02
  9.50484641e+00  1.05753000e+01  1.09165031e+01  1.14283078e+01  1.14283094e+01  1.14287094e+01  1.14313094e+01  1.09165031e+01  1.05753000e+01  9.50484641e+00  3.33178328e+02
  1.15539094e+01  1.26162047e+01  1.29537078e+01  1.34600125e+01  1.34600125e+01  1.34604141e+01  1.34632125e+01  1.29537078e+01  1.26162047e+01  1.15539094e+01  3.95088469e+02
  1.38792141e+01  1.49335078e+01  1.52673125e+01  1.57680172e+01  1.57680188e+01  1.57685188e+01  1.57714172e+01  1.52673125e+01  1.49335078e+01  1.38792141e+01  4.64333672e+02
  1.65032203e+01  1.75494141e+01  1.78796187e+01  1.83748234e+01  1.83749219e+01  1.83754234e+01  1.83784234e+01  1.78796187e+01  1.75494141e+01  1.65032203e+01  5.41230891e+02
  1.94485266e+01  2.04865219e+01  2.08131250e+01  2.13029297e+01  2.13030297e+01  2.13036297e+01  2.13067297e+01  2.08131250e+01  2.04865219e+01  1.94485266e+01  6.26048125e+02
  2.27373344e+01  2.37672297e+01  2.40902328e+01  2.45746375e+01  2.45747375e+01  2.45754375e+01  2.45787359e+01  2.40902328e+01  2.37672297e+01  2.27373344e+01  7.19006391e+02
  2.63916438e+01  2.74134375e+01  2.77328422e+01  2.82119469e+01  2.82120453e+01  2.82127469e+01  2.82161469e+01  2.77328422e+01  2.74134375e+01  2.63916438e+01  8.20269703e+02
  3.04400531e+01  3.14536500e+01  3.17696516e+01  3.22433578e+01  3.22434563e+01  3.22443563e+01  3.22478578e+01  3.17696516e+01  3.14536500e+01  3.04400531e+01  9.30101016e+02
  3.48995656e+01  3.59050594e+01  3.62174641e+01  3.66859687e+01  3.66860688e+01  3.66869688e+01  3.66907672e+01  3.62174641e+01  3.59050594e+01  3.48995656e+01  1.04845250e+03
  0.00000000e+00  0.00000000e+00  4.01500422e-01  1.00375109e+00  1.00375109e+00  1.00376109e+00  1.00493109e+00  4.01500422e-01  0.00000000e+00  0.00000000e+00  1.59885953e-02
  0.00000000e+00  4.05705000e-02  4.37446266e-01  1.03275969e+00  1.03275984e+00  1.03277984e+00  1.03402969e+00  4.37446266e-01  4.05705000e-02  0.00000000e+00  1.44286781e+00
  0.00000000e+00  1.16361719e-01  5.08811000e-01  1.09747844e+00  1.09747859e+00  1.09751844e+00  1.09883844e+00  5.08811000e-01  1.16361719e-01  0.00000000e+00  3.82432016e+00
  0.00000000e+00  2.31051547e-01  6.19225766e-01  1.20147719e+00  1.20148703e+00  1.20152719e+00  1.20293703e+00  6.19225766e-01  2.31051547e-01  0.00000000e+00  7.41238203e+00
  0.00000000e+00  3.90744438e-01  7.74775594e-01  1.35080594e+00  1.35081594e+00  1.35087594e+00  1.35236578e+00  7.74775594e-01  3.90744438e-01  0.00000000e+00  1.24604844e+01
  0.00000000e+00  6.04776391e-01  9.84783484e-01  1.55478453e+00  1.55479453e+00  1.55486469e+00  1.55643453e+00  9.84783484e-01  6.04776391e-01  0.00000000e+00  1.93267594e+01
  0.00000000e+00  8.80388438e-01  1.25647734e+00  1.82058359e+00  1.82059359e+00  1.82069344e+00  1.82234344e+00  1.25647734e+00  8.80388438e-01  0.00000000e+00  2.82915406e+01
  0.00000000e+00  1.13691281e+00  1.51002672e+00  2.06966281e+00  2.06968281e+00  2.06979281e+00  2.07150281e+00  1.51002672e+00  1.13691281e+00  0.00000000e+00  3.67136281e+01
  8.06229250e-02  1.21581266e+00  1.58806656e+00  2.14642266e+00  2.14644266e+00  2.14655266e+00  2.14829250e+00  1.58806656e+00  1.21581266e+00  8.06229250e-02  3.95014266e+01
  5.38953016e-01  1.66596203e+00  2.03419578e+00  2.58650187e+00  2.58652172e+00  2.58666172e+00  2.58849172e+00  2.03419578e+00  1.66596203e+00  5.38953016e-01  5.38803203e+01
  1.10851844e+00  2.22740156e+00  2.59164547e+00  3.13799125e+00  3.13801125e+00  3.13818125e+00  3.14011109e+00  2.59164547e+00  2.22740156e+00  1.10851844e+00  7.15617250e+01
  1.79568813e+00  2.90645141e+00  3.26677516e+00  3.80722078e+00  3.80724094e+00  3.80743094e+00  3.80947078e+00  3.26677516e+00  2.90645141e+00  1.79568813e+00  9.30608422e+01
  2.61572812e+00  3.71839172e+00  4.07482531e+00  4.60943094e+00  4.60946094e+00  4.60968109e+00  4.61182094e+00  4.07482531e+00  3.71839172e+00  2.61572812e+00  1.18823875e+02
  3.58791875e+00  4.68250234e+00  5.03508594e+00  5.56392141e+00  5.56394156e+00  5.56421156e+00  5.56646141e+00  5.03508594e+00  4.68250234e+00  3.58791875e+00  1.49377922e+02
  4.73002984e+00  5.81653344e+00  6.16530703e+00  6.68842250e+00  6.68845250e+00  6.68876250e+00  6.69112234e+00  6.16530703e+00  5.81653344e+00  4.73002984e+00  1.85161984e+02
  6.05942125e+00  7.13784516e+00  7.48283875e+00  8.00029406e+00  8.00032406e+00  8.00067406e+00  8.00315391e+00  7.48283875e+00  7.13784516e+00  6.05942125e+00  2.26563078e+02
  7.59580344e+00  8.66613750e+00  9.00740109e+00  9.51924625e+00  9.51927625e+00  9.51967625e+00  9.52227609e+00  9.00740109e+00  8.66613750e+00  7.59580344e+00  2.74004188e+02
  9.35966641e+00  1.04219016e+01  1.07595031e+01  1.12658078e+01  1.12658094e+01  1.12662094e+01  1.12690078e+01  1.07595031e+01  1.04219016e+01  9.35966641e+00  3.27885328e+02
  1.13721109e+01  1.24263047e+01  1.27602078e+01  1.32609141e+01  1.32610125e+01  1.32615125e+01  1.32643125e+01  1.27602078e+01  1.24263047e+01  1.13721109e+01  3.88580484e+02
  1.36547141e+01  1.47008078e+01  1.50310125e+01  1.55263172e+01  1.55263172e+01  1.55269172e+01  1.55299172e+01  1.50310125e+01  1.47008078e+01  1.36547141e+01  4.56429656e+02
  1.62292187e+01  1.72671156e+01  1.75937187e+01  1.80836234e+01  1.80837219e+01  1.80843219e+01  1.80874234e+01  1.75937187e+01  1.72671156e+01  1.62292187e+01  5.31733875e+02
  1.91173266e+01  2.01471219e+01  2.04702250e+01  2.09547297e+01  2.09547297e+01  2.09554297e+01  2.09587297e+01  2.04702250e+01  2.01471219e+01  1.91173266e+01  6.14750109e+02
  2.23408344e+01  2.33625297e+01  2.36820328e+01  2.41612375e+01  2.41612375e+01  2.41620375e+01  2.41654375e+01  2.36820328e+01  2.33625297e+01  2.23408344e+01  7.05688375e+02
  2.59209438e+01  2.69344391e+01  2.72504422e+01  2.77243453e+01  2.77244453e+01  2.77252453e+01  2.77288453e+01  2.72504422e+01  2.69344391e+01  2.59209438e+01  8.04702672e+02
  2.98853531e+01  3.08906484e+01  3.12031516e+01  3.16718563e+01  3.16718563e+01  3.16728562e+01  3.16765563e+01  3.12031516e+01  3.08906484e+01  2.98853531e+01  9.12041000e+02
  3.42503641e+01  3.52474609e+01  3.55565625e+01  3.60199672e+01  3.60200672e+01  3.60210672e+01  3.60249672e+01  3.55565625e+01  3.52474609e+01  3.42503641e+01  1.02765234e+03
  0.00000000e+00  0.00000000e+00  3.96196359e-01  9.90490891e-01  9.90490891e-01  9.90511891e-01  9.91759812e-01  3.96196359e-01  0.00000000e+00  0.00000000e+00  1.73841391e-02
  0.00000000e+00  4.08906172e-02  4.32514187e-01  1.01994953e+00  1.01994953e+00  1.01997969e+00  1.02130953e+00  4.32514187e-01  4.08906172e-02  0.00000000e+00  1.44803781e+00
  0.00000000e+00  1.16670750e-01  5.03915969e-01  1.08477828e+00  1.08477828e+00  1.08482828e+00  1.08623828e+00  5.03915969e-01  1.16670750e-01  0.00000000e+00  3.82373063e+00
  0.00000000e+00  2.30837625e-01  6.13855750e-01  1.18837687e+00  1.18837703e+00  1.18843703e+00  1.18993687e+00  6.13855750e-01  2.30837625e-01  0.00000000e+00  7.39062313e+00
  0.00000000e+00  3.89333531e-01  7.68254594e-01  1.33662562e+00  1.33663562e+00  1.33670578e+00  1.33828578e+00  7.68254594e-01  3.89333531e-01  0.00000000e+00  1.23953859e+01
  0.00000000e+00  6.01264516e-01  9.76205531e-01  1.53860453e+00  1.53861453e+00  1.53870453e+00  1.54037453e+00  9.76205531e-01  6.01264516e-01  0.00000000e+00  1.91867641e+01
  0.00000000e+00  8.73663609e-01  1.24472750e+00  1.80130344e+00  1.80131344e+00  1.80142359e+00  1.80318344e+00  1.24472750e+00  8.73663609e-01  0.00000000e+00  2.80367437e+01
  0.00000000e+00  1.12688297e+00  1.49499688e+00  2.04715281e+00  2.04717266e+00  2.04730281e+00  2.04913266e+00  1.49499688e+00  1.12688297e+00  0.00000000e+00  3.63398313e+01
  7.95282328e-02  1.20467297e+00  1.57194687e+00  2.12284250e+00  2.12285266e+00  2.12299266e+00  2.12484250e+00  1.57194687e+00  1.20467297e+00  7.95282328e-02  3.90851312e+01
  5.31335062e-01  1.64829219e+00  2.01157609e+00  2.55648188e+00  2.55650188e+00  2.55667188e+00  2.55862172e+00  2.01157609e+00  1.64829219e+00  5.31335062e-01  5.32345250e+01
  1.09208844e+00  2.20088187e+00  2.56024562e+00  3.09925125e+00  3.09927125e+00  3.09947125e+00  3.10152125e+00  2.56024562e+00  2.20088187e+00  1.09208844e+00  7.06096313e+01
  1.76782828e+00  2.86849172e+00  3.22396547e+00  3.75714094e+00  3.75716094e+00  3.75739109e+00  3.75955094e+00  3.22396547e+00  2.86849172e+00  1.76782828e+00  9.17102500e+01
  2.57336828e+00  3.66591203e+00  4.01753578e+00  4.54494125e+00  4.54497109e+00  4.54523125e+00  4.54751109e+00  4.01753578e+00  3.66591203e+00  2.57336828e+00  1.16967875e+02
  3.52741875e+00  4.61185266e+00  4.95967625e+00  5.48137172e+00  5.48140172e+00  5.48171172e+00  5.48410156e+00  4.95967625e+00  4.61185266e+00  3.52741875e+00  1.46889922e+02
  4.64717000e+00  5.72351375e+00  6.06756734e+00  6.58361266e+00  6.58364266e+00  6.58399266e+00  6.58650250e+00  6.06756734e+00  5.72351375e+00  4.64717000e+00  1.81898000e+02
  5.94941141e+00  7.01764562e+00  7.35797891e+00  7.86842422e+00  7.86845422e+00  7.86885422e+00  7.87148406e+00  7.35797891e+00  7.01764562e+00  5.94941141e+00  2.22365094e+02
  7.45319359e+00  8.51332781e+00  8.84996125e+00  9.35485641e+00  9.35489641e+00  9.35534641e+00  9.35810625e+00  8.84996125e+00  8.51332781e+00  7.45319359e+00  2.68696188e+02
  9.17830656e+00  1.02303016e+01  1.05633047e+01  1.10627094e+01  1.10627094e+01  1.10632094e+01  1.10661094e+01  1.05633047e+01  1.02303016e+01  9.17830656e+00  3.21273328e+02
  1.11451109e+01  1.21890047e+01  1.25184078e+01  1.30123125e+01  1.30124125e+01  1.30129125e+01  1.30160125e+01  1.25184078e+01  1.21890047e+01  1.11451109e+01  3.80454469e+02
  1.33743156e+01  1.44101094e+01  1.47359125e+01  1.52244172e+01  1.52244187e+01  1.52251172e+01  1.52283172e+01  1.47359125e+01  1.44101094e+01  1.33743156e+01  4.46560656e+02
  1.58869203e+01  1.69146141e+01  1.72368172e+01  1.77199234e+01  1.77200234e+01  1.77207234e+01  1.77240234e+01  1.72368172e+01  1.69146141e+01  1.58869203e+01  5.19877859e+02
  1.87039250e+01  1.97234203e+01  2.00420250e+01  2.05199297e+01  2.05199297e+01  2.05207297e+01  2.05242297e+01  2.00420250e+01  1.97234203e+01  1.87039250e+01  6.00649094e+02
  2.18459344e+01  2.28573281e+01  2.31724328e+01  2.36450375e+01  2.36451359e+01  2.36459375e+01  2.36496359e+01  2.31724328e+01  2.28573281e+01  2.18459344e+01  6.89068359e+02
  2.53334422e+01  2.63366375e+01  2.66483406e+01  2.71157453e+01  2.71157453e+01  2.71167453e+01  2.71205453e+01  2.66483406e+01  2.63366375e+01  2.53334422e+01  7.85278641e+02
  2.91930516e+01  3.01880469e+01  3.04962500e+01  3.09584547e+01  3.09585547e+01  3.09595562e+01  3.09635547e+01  3.04962500e+01  3.01880469e+01  2.91930516e+01  8.89509953e+02
  3.34401641e+01  3.44269594e+01  3.47317625e+01  3.51888672e+01  3.51889656e+01  3.51900672e+01  3.51942656e+01  3.47317625e+01  3.44269594e+01  3.34401641e+01  1.00171219e+03
  0.00000000e+00  0.00000000e+00  3.89616250e-01  9.74040625e-01  9.74040625e-01  9.74067625e-01  9.75419547e-01  3.89616250e-01  0.00000000e+00  0.00000000e+00  1.91448906e-02
  0.00000000e+00  4.12896375e-02  4.26396109e-01  1.00404938e+00  1.00405937e+00  1.00408953e+00  1.00553922e+00  4.26396109e-01  4.12896375e-02  0.00000000e+00  1.45453781e+00
  0.00000000e+00  1.17053813e-01  4.97842906e-01  1.06901812e+00  1.06902797e+00  1.06907813e+00  1.07060797e+00  4.97842906e-01  1.17053813e-01  0.00000000e+00  3.82304125e+00
  0.00000000e+00  2.30568703e-01  6.07188750e-01  1.17210687e+00  1.17211672e+00  1.17218687e+00  1.17380672e+00  6.07188750e-01  2.30568703e-01  0.00000000e+00  7.36352484e+00
  0.00000000e+00  3.87572656e-01  7.60151641e-01  1.31900562e+00  1.31901563e+00  1.31910562e+00  1.32081563e+00  7.60151641e-01  3.87572656e-01  0.00000000e+00  1.23142891e+01
  0.00000000e+00  5.96886703e-01  9.65542609e-01  1.51850453e+00  1.51852438e+00  1.51863453e+00  1.52043453e+00  9.65542609e-01  5.96886703e-01  0.00000000e+00  1.90125672e+01
  0.00000000e+00  8.65288844e-01  1.23011766e+00  1.77734359e+00  1.77736344e+00  1.77750344e+00  1.77939344e+00  1.23011766e+00  8.65288844e-01  0.00000000e+00  2.77198484e+01
  0.00000000e+00  1.11438328e+00  1.47631703e+00  2.01918281e+00  2.01920281e+00  2.01936281e+00  2.02133266e+00  1.47631703e+00  1.11438328e+00  0.00000000e+00  3.58747391e+01
  7.81679422e-02  1.19082312e+00  1.55191688e+00  2.09353266e+00  2.09355266e+00  2.09371266e+00  2.09571250e+00  1.55191688e+00  1.19082312e+00  7.81679422e-02  3.85674375e+01
  5.21871125e-01  1.62630250e+00  1.98346641e+00  2.51919188e+00  2.51921188e+00  2.51941188e+00  2.52151188e+00  1.98346641e+00  1.62630250e+00  5.21871125e-01  5.24317328e+01
  1.07167859e+00  2.16792234e+00  2.52121594e+00  3.05112141e+00  3.05114141e+00  3.05138141e+00  3.05359125e+00  2.52121594e+00  2.16792234e+00  1.07167859e+00  6.94268391e+01
  1.73322844e+00  2.82132219e+00  3.17078578e+00  3.69494109e+00  3.69496125e+00  3.69523125e+00  3.69756109e+00  3.17078578e+00  2.82132219e+00  1.73322844e+00  9.00330578e+01
  2.52077859e+00  3.60073234e+00  3.94640594e+00  4.46487125e+00  4.46489141e+00  4.46521141e+00  4.46765125e+00  3.94640594e+00  3.60073234e+00  2.52077859e+00  1.14662891e+02
  3.45232906e+00  4.52414312e+00  4.86606672e+00  5.37890188e+00  5.37893188e+00  5.37929203e+00  5.38186172e+00  4.86606672e+00  4.52414312e+00  3.45232906e+00  1.43800938e+02
  4.54437000e+00  5.60805438e+00  5.94626766e+00  6.45353297e+00  6.45356297e+00  6.45397297e+00  6.45667281e+00  5.94626766e+00  5.60805438e+00  4.54437000e+00  1.77849000e+02
  5.81296156e+00  6.86851609e+00  7.20305922e+00  7.70480438e+00  7.70483453e+00  7.70530437e+00  7.70812437e+00  7.20305922e+00  6.86851609e+00  5.81296156e+00  2.17160078e+02
  7.27635375e+00  8.32378813e+00  8.65468156e+00  9.15095656e+00  9.15099656e+00  9.15151672e+00  9.15447656e+00  8.65468156e+00  8.32378813e+00  7.27635375e+00  2.62116188e+02
  8.95345656e+00  9.99276125e+00  1.03200047e+01  1.08109094e+01  1.08109094e+01  1.08115094e+01  1.08146094e+01  1.03200047e+01  9.99276125e+00  8.95345656e+00  3.13078328e+02
  1.08637109e+01  1.18949047e+01  1.22186078e+01  1.27041125e+01  1.27041125e+01  1.27048125e+01  1.27080125e+01  1.22186078e+01  1.18949047e+01  1.08637109e+01  3.70384469e+02
  1.30269141e+01  1.40499094e+01  1.43701125e+01  1.48502172e+01  1.48503172e+01  1.48510172e+01  1.48544172e+01  1.43701125e+01  1.40499094e+01  1.30269141e+01  4.34333656e+02
  1.54629203e+01  1.64777156e+01  1.67944172e+01  1.72693219e+01  1.72693234e+01  1.72701234e+01  1.72737219e+01  1.67944172e+01  1.64777156e+01  1.54629203e+01  5.05193844e+02
  1.81917250e+01  1.91984203e+01  1.95115250e+01  1.99812281e+01  1.99812297e+01  1.99821297e+01  1.99859281e+01  1.95115250e+01  1.91984203e+01  1.81917250e+01  5.83186078e+02
  2.12329344e+01  2.22315281e+01  2.25412312e+01  2.30057359e+01  2.30057359e+01  2.30067359e+01  2.30106359e+01  2.25412312e+01  2.22315281e+01  2.12329344e+01  6.68491328e+02
  2.46059422e+01  2.55963359e+01  2.59025406e+01  2.63619437e+01  2.63619453e+01  2.63630453e+01  2.63671438e+01  2.59025406e+01  2.55963359e+01  2.46059422e+01  7.61233594e+02
  2.83359500e+01  2.93180469e+01  2.96209500e+01  3.00751547e+01  3.00752531e+01  3.00764531e+01  3.00806531e+01  2.96209500e+01  2.93180469e+01  2.83359500e+01  8.61624906e+02
  3.24373609e+01  3.34112578e+01  3.37107609e+01  3.41599656e+01  3.41600641e+01  3.41613641e+01  3.41657641e+01  3.37107609e+01  3.34112578e+01  3.24373609e+01  9.69604234e+02
  0.00000000e+00  0.00000000e+00  3.81530125e-01  9.53826281e-01  9.53826281e-01  9.53860313e-01  9.55343219e-01  3.81530125e-01  0.00000000e+00  0.00000000e+00  2.13566344e-02
  0.00000000e+00  4.17828641e-02  4.18881016e-01  9.84525078e-01  9.84527094e-01  9.84578109e-01  9.86156000e-01  4.18881016e-01  4.17828641e-02  0.00000000e+00  1.46266766e+00
  0.00000000e+00  1.17524875e-01  4.90380859e-01  1.04965781e+00  1.04965797e+00  1.04972797e+00  1.05140766e+00  4.90380859e-01  1.17524875e-01  0.00000000e+00  3.82225219e+00
  0.00000000e+00  2.30230812e-01  5.98988734e-01  1.15211656e+00  1.15212656e+00  1.15221656e+00  1.15398656e+00  5.98988734e-01  2.30230812e-01  0.00000000e+00  7.33006672e+00
  0.00000000e+00  3.85388813e-01  7.50176672e-01  1.29734547e+00  1.29735547e+00  1.29746547e+00  1.29933547e+00  7.50176672e-01  3.85388813e-01  0.00000000e+00  1.22140922e+01
  0.00000000e+00  5.91473906e-01  9.52405703e-01  1.49378437e+00  1.49379438e+00  1.49393453e+00  1.49590438e+00  9.52405703e-01  5.91473906e-01  0.00000000e+00  1.87975719e+01
  0.00000000e+00  8.54947109e-01  1.21211797e+00  1.74786344e+00  1.74787344e+00  1.74804359e+00  1.75011344e+00  1.21211797e+00  8.54947109e-01  0.00000000e+00  2.73288547e+01
  0.00000000e+00  1.09897359e+00  1.45328734e+00  1.98475281e+00  1.98476281e+00  1.98496281e+00  1.98711266e+00  1.45328734e+00  1.09897359e+00  0.00000000e+00  3.53014469e+01
  7.64928547e-02  1.17372344e+00  1.52722719e+00  2.05745266e+00  2.05747266e+00  2.05767281e+00  2.05985250e+00  1.52722719e+00  1.17372344e+00  7.64928547e-02  3.79293438e+01
  5.10221187e-01  1.59920297e+00  1.94884656e+00  2.47328203e+00  2.47330203e+00  2.47354203e+00  2.47583188e+00  1.94884656e+00  1.59920297e+00  5.10221187e-01  5.14429422e+01
  1.04655875e+00  2.12732266e+00  2.47315625e+00  2.99188156e+00  2.99190156e+00  2.99218172e+00  2.99459156e+00  2.47315625e+00  2.12732266e+00  1.04655875e+00  6.79706500e+01
  1.69066859e+00  2.76325266e+00  3.10532609e+00  3.61839141e+00  3.61842141e+00  3.61874156e+00  3.62128125e+00  3.10532609e+00  2.76325266e+00  1.69066859e+00  8.79693688e+01
  2.45611875e+00  3.52052297e+00  3.85887641e+00  4.36636156e+00  4.36639156e+00  4.36676172e+00  4.36942156e+00  3.85887641e+00  3.52052297e+00  2.45611875e+00  1.11827906e+02
  3.36002937e+00  4.41627359e+00  4.75093719e+00  5.25290203e+00  5.25293203e+00  5.25335219e+00  5.25614219e+00  4.75093719e+00  4.41627359e+00  3.36002937e+00  1.40003953e+02
  4.41805031e+00  5.46612484e+00  5.79714812e+00  6.29363313e+00  6.29366328e+00  6.29415313e+00  6.29707312e+00  5.79714812e+00  5.46612484e+00  4.41805031e+00  1.72874016e+02
  5.64534188e+00  6.68526641e+00  7.01267984e+00  7.50374469e+00  7.50378469e+00  7.50432484e+00  7.50739469e+00  7.01267984e+00  6.68526641e+00  5.64534188e+00  2.10766109e+02
  7.05919391e+00  8.09094875e+00  8.41479188e+00  8.90048687e+00  8.90052688e+00  8.90113703e+00  8.90435672e+00  8.41479188e+00  8.09094875e+00  7.05919391e+00  2.54037203e+02
  8.67742688e+00  9.70102172e+00  1.00213047e+01  1.05017094e+01  1.05017109e+01  1.05024094e+01  1.05058094e+01  1.00213047e+01  9.70102172e+00  8.67742688e+00  3.03022328e+02
  1.05184094e+01  1.15338047e+01  1.18506078e+01  1.23257125e+01  1.23257141e+01  1.23265125e+01  1.23300125e+01  1.18506078e+01  1.15338047e+01  1.05184094e+01  3.58030469e+02
  1.26006141e+01  1.36078094e+01  1.39211141e+01  1.43910172e+01  1.43911172e+01  1.43919172e+01  1.43956172e+01  1.39211141e+01  1.36078094e+01  1.26006141e+01  4.19338641e+02
  1.49428188e+01  1.59418156e+01  1.62517187e+01  1.67164234e+01  1.67165219e+01  1.67174219e+01  1.67212234e+01  1.62517187e+01  1.59418156e+01  1.49428188e+01  4.87189828e+02
  1.75636266e+01  1.85545203e+01  1.88609250e+01  1.93205281e+01  1.93206281e+01  1.93216281e+01  1.93256281e+01  1.88609250e+01  1.85545203e+01  1.75636266e+01  5.61784047e+02
  2.04815328e+01  2.14641297e+01  2.17672312e+01  2.22217359e+01  2.22218344e+01  2.22229359e+01  2.22271359e+01  2.17672312e+01  2.14641297e+01  2.04815328e+01  6.43277281e+02
  2.37143406e+01  2.46887375e+01  2.49884391e+01  2.54379437e+01  2.54379437e+01  2.54392437e+01  2.54436422e+01  2.49884391e+01  2.46887375e+01  2.37143406e+01  7.31778563e+02
  2.72856500e+01  2.82518453e+01  2.85482484e+01  2.89926531e+01  2.89927531e+01  2.89940531e+01  2.89986531e+01  2.85482484e+01  2.82518453e+01  2.72856500e+01  8.27474828e+02
  3.12087609e+01  3.21667562e+01  3.24598578e+01  3.28993625e+01  3.28993641e+01  3.29008625e+01  3.29056625e+01  3.24598578e+01  3.21667562e+01  3.12087609e+01  9.30294141e+02
  0.00000000e+00  0.00000000e+00  3.71720953e-01  9.29301906e-01  9.29301906e-01  9.29346922e-01  9.30990828e-01  3.71720953e-01  0.00000000e+00  0.00000000e+00  2.41198438e-02
  0.00000000e+00  4.23856969e-02  4.09768891e-01  9.60839734e-01  9.60842734e-01  9.60907766e-01  9.62656641e-01  4.09768891e-01  4.23856969e-02  0.00000000e+00  1.47274750e+00
  0.00000000e+00  1.18097953e-01  4.81328781e-01  1.02616750e+00  1.02617750e+00  1.02625766e+00  1.02811734e+00  4.81328781e-01  1.18097953e-01  0.00000000e+00  3.82139313e+00
  0.00000000e+00  2.29807969e-01  5.89030719e-01  1.12785625e+00  1.12785641e+00  1.12797641e+00  1.12993625e+00  5.89030719e-01  2.29807969e-01  0.00000000e+00  7.28919906e+00
  0.00000000e+00  3.82708016e-01  7.38044719e-01  1.27103531e+00  1.27104531e+00  1.27118531e+00  1.27325516e+00  7.38044719e-01  3.82708016e-01  0.00000000e+00  1.20915969e+01
  0.00000000e+00  5.84850188e-01  9.36413828e-01  1.46373438e+00  1.46375422e+00  1.46392438e+00  1.46610422e+00  9.36413828e-01  5.84850188e-01  0.00000000e+00  1.85350781e+01
  0.00000000e+00  8.42315453e-01  1.19019812e+00  1.71200344e+00  1.71202344e+00  1.71223344e+00  1.71452328e+00  1.19019812e+00  8.42315453e-01  0.00000000e+00  2.68520625e+01
  0.00000000e+00  1.08016391e+00  1.42525750e+00  1.94287281e+00  1.94289281e+00  1.94313281e+00  1.94550281e+00  1.42525750e+00  1.08016391e+00  0.00000000e+00  3.46028563e+01
  7.44549672e-02  1.15286391e+00  1.49715750e+00  2.01357281e+00  2.01359281e+00  2.01384281e+00  2.01624266e+00  1.49715750e+00  1.15286391e+00  7.44549672e-02  3.71518547e+01
  4.96054266e-01  1.56617344e+00  1.90669687e+00  2.41744219e+00  2.41746219e+00  2.41776203e+00  2.42028203e+00  1.90669687e+00  1.56617344e+00  4.96054266e-01  5.02392531e+01
  1.01602891e+00  2.07790313e+00  2.41469656e+00  2.91985172e+00  2.91987187e+00  2.92021187e+00  2.92287156e+00  2.41469656e+00  2.07790313e+00  1.01602891e+00  6.61997609e+01
  1.63897875e+00  2.69261328e+00  3.02573656e+00  3.52536172e+00  3.52539172e+00  3.52578172e+00  3.52857156e+00  3.02573656e+00  2.69261328e+00  1.63897875e+00  8.54615828e+01
  2.37760906e+00  3.42304359e+00  3.75251688e+00  4.24668187e+00  4.24671187e+00  4.24716203e+00  4.25009172e+00  3.75251688e+00  3.42304359e+00  2.37760906e+00  1.08385906e+02
  3.24801969e+00  4.28524438e+00  4.61112750e+00  5.09988250e+00  5.09991250e+00  5.10042266e+00  5.10349234e+00  4.61112750e+00  4.28524438e+00  3.24801969e+00  1.35396969e+02
  4.26481062e+00  5.29383547e+00  5.61614859e+00  6.09955359e+00  6.09959344e+00  6.10017359e+00  6.10338344e+00  5.61614859e+00  5.29383547e+00  4.26481062e+00  1.66841016e+02
  5.44211219e+00  6.46293719e+00  6.78172031e+00  7.25983500e+00  7.25987500e+00  7.26052516e+00  7.26389484e+00  6.78172031e+00  6.46293719e+00  5.44211219e+00  2.03017094e+02
  6.79599422e+00  7.80861938e+00  8.12391250e+00  8.59677719e+00  8.59682703e+00  8.59754719e+00  8.60107703e+00  8.12391250e+00  7.80861938e+00  6.79599422e+00  2.44250203e+02
  8.34302703e+00  9.34745219e+00  9.65928516e+00  1.01269109e+01  1.01270094e+01  1.01278094e+01  1.01315094e+01  9.65928516e+00  9.34745219e+00  8.34302703e+00  2.90844328e+02
  1.01002094e+01  1.10964047e+01  1.14048078e+01  1.18673125e+01  1.18673141e+01  1.18682141e+01  1.18721125e+01  1.14048078e+01  1.10964047e+01  1.01002094e+01  3.43077469e+02
  1.20845156e+01  1.30725109e+01  1.33775141e+01  1.38350172e+01  1.38350172e+01  1.38360172e+01  1.38400172e+01  1.33775141e+01  1.30725109e+01  1.20845156e+01  4.01197625e+02
  1.43134187e+01  1.52932156e+01  1.55948187e+01  1.60472219e+01  1.60472234e+01  1.60483234e+01  1.60525234e+01  1.55948187e+01  1.52932156e+01  1.43134187e+01  4.65417812e+02
  1.68039250e+01  1.77754219e+01  1.80737234e+01  1.85211281e+01  1.85211281e+01  1.85223281e+01  1.85267281e+01  1.80737234e+01  1.77754219e+01  1.68039250e+01  5.35910016e+02
  1.95728313e+01  2.05361281e+01  2.08311297e+01  2.12735344e+01  2.12735359e+01  2.12748359e+01  2.12794359e+01  2.08311297e+01  2.05361281e+01  1.95728313e+01  6.12808234e+02
  2.26364406e+01  2.35915359e+01  2.38832391e+01  2.43207422e+01  2.43207422e+01  2.43222422e+01  2.43270422e+01  2.38832391e+01  2.35915359e+01  2.26364406e+01  6.96196500e+02
  2.60163484e+01  2.69631453e+01  2.72516469e+01  2.76842516e+01  2.76843500e+01  2.76858516e+01  2.76908516e+01  2.72516469e+01  2.69631453e+01  2.60163484e+01  7.86233766e+02
  2.97245578e+01  3.06630547e+01  3.09483562e+01  3.13760609e+01  3.13761609e+01  3.13778609e+01  3.13830609e+01  3.09483562e+01  3.06630547e+01  2.97245578e+01  8.82838047e+02
  0.00000000e+00  0.00000000e+00  3.60022766e-01  9.00056437e-01  9.00056437e-01  9.00114453e-01  9.01958359e-01  3.60022766e-01  0.00000000e+00  0.00000000e+00  2.75477000e-02
  0.00000000e+00  4.31120391e-02  3.98909750e-01  9.32602313e-01  9.32605313e-01  9.32689344e-01  9.34648219e-01  3.98909750e-01  4.31120391e-02  0.00000000e+00  1.48512750e+00
  0.00000000e+00  1.18781047e-01  4.70534703e-01  9.98158172e-01  9.98163188e-01  9.98276203e-01  1.00034719e+00  4.70534703e-01  1.18781047e-01  0.00000000e+00  3.82052438e+00
  0.00000000e+00  2.29285125e-01  5.77134719e-01  1.09889609e+00  1.09890609e+00  1.09904625e+00  1.10123609e+00  5.77134719e-01  2.29285125e-01  0.00000000e+00  7.24000203e+00
  0.00000000e+00  3.79459266e-01  7.23525797e-01  1.23960516e+00  1.23961516e+00  1.23979516e+00  1.24210500e+00  7.23525797e-01  3.79459266e-01  0.00000000e+00  1.19442016e+01
  0.00000000e+00  5.76858500e-01  9.17250969e-01  1.42781422e+00  1.42783406e+00  1.42805422e+00  1.43047422e+00  9.17250969e-01  5.76858500e-01  0.00000000e+00  1.82193844e+01
  0.00000000e+00  8.27111859e-01  1.16392828e+00  1.66911344e+00  1.66913344e+00  1.66939344e+00  1.67194328e+00  1.16392828e+00  8.27111859e-01  0.00000000e+00  2.62793719e+01
  0.00000000e+00  1.05755438e+00  1.39164781e+00  1.89276281e+00  1.89278281e+00  1.89307297e+00  1.89572281e+00  1.39164781e+00  1.05755438e+00  0.00000000e+00  3.37646656e+01
  7.20151859e-02  1.12780437e+00  1.46112766e+00  1.96107266e+00  1.96109266e+00  1.96139281e+00  1.96407266e+00  1.46112766e+00  1.12780437e+00  7.20151859e-02  3.62193656e+01
  4.79103375e-01  1.52656391e+00  1.85620719e+00  2.35063219e+00  2.35065234e+00  2.35101234e+00  2.35382219e+00  1.85620719e+00  1.52656391e+00  4.79103375e-01  4.87974656e+01
  9.79521078e-01  2.01868375e+00  2.34469719e+00  2.83368203e+00  2.83371188e+00  2.83412203e+00  2.83708187e+00  2.34469719e+00  2.01868375e+00  9.79521078e-01  6.40806766e+01
  1.57720906e+00  2.60808406e+00  2.93052703e+00  3.41413187e+00  3.41416188e+00  3.41464203e+00  3.41774187e+00  2.93052703e+00  2.60808406e+00  1.57720906e+00  8.24640969e+01
  2.28387922e+00  3.30649438e+00  3.62539734e+00  4.10368219e+00  4.10372219e+00  4.10426219e+00  4.10751203e+00  3.62539734e+00  3.30649438e+00  2.28387922e+00  1.04275922e+02
  3.11437000e+00  4.12873516e+00  4.44413812e+00  4.91716297e+00  4.91720281e+00  4.91782281e+00  4.92123266e+00  4.44413812e+00  4.12873516e+00  3.11437000e+00  1.29899984e+02
  4.08209109e+00  5.08820625e+00  5.40013938e+00  5.86796391e+00  5.86800391e+00  5.86870391e+00  5.87227375e+00  5.40013938e+00  5.08820625e+00  4.08209109e+00  1.59648047e+02
  5.19993250e+00  6.19780781e+00  6.50631078e+00  6.96898531e+00  6.96902547e+00  6.96980547e+00  6.97354516e+00  6.50631078e+00  6.19780781e+00  5.19993250e+00  1.93786109e+02
  6.48255453e+00  7.47218000e+00  7.77728297e+00  8.23485734e+00  8.23490734e+00  8.23576766e+00  8.23967734e+00  7.77728297e+00  7.47218000e+00  6.48255453e+00  2.32600203e+02
  7.94501703e+00  8.92638281e+00  9.22812578e+00  9.68065000e+00  9.68070016e+00  9.68167016e+00  9.68575000e+00  9.22812578e+00  8.92638281e+00  7.94501703e+00  2.76358328e+02
  9.60267047e+00  1.05758062e+01  1.08742094e+01  1.13217141e+01  1.13218125e+01  1.13228141e+01  1.13271125e+01  1.08742094e+01  1.05758062e+01  9.60267047e+00  3.25303453e+02
  1.14710141e+01  1.24359094e+01  1.27310125e+01  1.31735172e+01  1.31736172e+01  1.31748172e+01  1.31792172e+01  1.27310125e+01  1.24359094e+01  1.14710141e+01  3.79645609e+02
  1.35655188e+01  1.45221156e+01  1.48139188e+01  1.52516219e+01  1.52517219e+01  1.52529234e+01  1.52576219e+01  1.48139188e+01  1.45221156e+01  1.35655188e+01  4.39565781e+02
  1.59015250e+01  1.68498219e+01  1.71384234e+01  1.75712281e+01  1.75713266e+01  1.75727281e+01  1.75775281e+01  1.71384234e+01  1.68498219e+01  1.59015250e+01  5.05205969e+02
  1.84940312e+01  1.94340281e+01  1.97194297e+01  2.01474328e+01  2.01475328e+01  2.01490344e+01  2.01541328e+01  1.97194297e+01  1.94340281e+01  1.84940312e+01  5.76669188e+02
  2.13574375e+01  2.22892344e+01  2.25714359e+01  2.29945422e+01  2.29946406e+01  2.29963406e+01  2.30016406e+01  2.25714359e+01  2.22892344e+01  2.13574375e+01  6.54014438e+02
  2.45109453e+01  2.54344422e+01  2.57134453e+01  2.61319484e+01  2.61319500e+01  2.61338484e+01  2.61393484e+01  2.57134453e+01  2.54344422e+01  2.45109453e+01  7.37367672e+02
  2.79648547e+01  2.88799531e+01  2.91559547e+01  2.95696594e+01  2.95697578e+01  2.95717578e+01  2.95774594e+01  2.91559547e+01  2.88799531e+01  2.79648547e+01  8.26631937e+02
  0.00000000e+00  0.00000000e+00  3.46392563e-01  8.65980906e-01  8.65980906e-01  8.66055922e-01  8.68143812e-01  3.46392563e-01  0.00000000e+00  0.00000000e+00  3.17626766e-02
  0.00000000e+00  4.39699906e-02  3.86269594e-01  8.99714828e-01  8.99717844e-01  8.99824875e-01  9.02040750e-01  3.86269594e-01  4.39699906e-02  0.00000000e+00  1.50013750e+00
  0.00000000e+00  1.19576172e-01  4.57959609e-01  9.65523766e-01  9.65529781e-01  9.65673813e-01  9.68017672e-01  4.57959609e-01  1.19576172e-01  0.00000000e+00  3.81972594e+00
  0.00000000e+00  2.28640328e-01  5.63241719e-01  1.06512578e+00  1.06513578e+00  1.06532578e+00  1.06779563e+00  5.63241719e-01  2.28640328e-01  0.00000000e+00  7.18187547e+00
  0.00000000e+00  3.75585563e-01  7.06522891e-01  1.20290500e+00  1.20292484e+00  1.20314500e+00  1.20575469e+00  7.06522891e-01  3.75585563e-01  0.00000000e+00  1.17700078e+01
  0.00000000e+00  5.67390875e-01  8.94770156e-01  1.38581406e+00  1.38583406e+00  1.38610406e+00  1.38884391e+00  8.94770156e-01  5.67390875e-01  0.00000000e+00  1.78470937e+01
  0.00000000e+00  8.09165328e-01  1.13307859e+00  1.61892328e+00  1.61894328e+00  1.61926344e+00  1.62213328e+00  1.13307859e+00  8.09165328e-01  0.00000000e+00  2.56054828e+01
  0.00000000e+00  1.03091500e+00  1.35219813e+00  1.83409281e+00  1.83411297e+00  1.83447297e+00  1.83745281e+00  1.35219813e+00  1.03091500e+00  0.00000000e+00  3.27795781e+01
  6.91570047e-02  1.09829500e+00  1.41882813e+00  1.89959281e+00  1.89961281e+00  1.89998297e+00  1.90300266e+00  1.41882813e+00  1.09829500e+00  6.91570047e-02  3.51238781e+01
  4.59261484e-01  1.48001453e+00  1.79698766e+00  2.27240250e+00  2.27243234e+00  2.27287250e+00  2.27603234e+00  1.79698766e+00  1.48001453e+00  4.59261484e-01  4.71066813e+01
  9.36835281e-01  1.94922469e+00  2.26269766e+00  2.73285219e+00  2.73288219e+00  2.73338234e+00  2.73670219e+00  2.26269766e+00  1.94922469e+00  9.36835281e-01  6.15998938e+01
  1.50504938e+00  2.50910469e+00  2.81910781e+00  3.28406219e+00  3.28409219e+00  3.28467234e+00  3.28815219e+00  2.81910781e+00  2.50910469e+00  1.50504938e+00  7.89600156e+01
  2.17447969e+00  3.17021516e+00  3.47679813e+00  3.93660266e+00  3.93664250e+00  3.93730266e+00  3.94095250e+00  3.47679813e+00  3.17021516e+00  2.17447969e+00  9.94771484e+01
  2.95855031e+00  3.94597594e+00  4.24916891e+00  4.70388328e+00  4.70392328e+00  4.70467344e+00  4.70849313e+00  4.24916891e+00  3.94597594e+00  2.95855031e+00  1.23492000e+02
  3.86925141e+00  4.84836719e+00  5.14821000e+00  5.59790422e+00  5.59794437e+00  5.59878438e+00  5.60278422e+00  5.14821000e+00  4.84836719e+00  3.86925141e+00  1.51273062e+02
  4.91808281e+00  5.88889875e+00  6.18542156e+00  6.63012594e+00  6.63018578e+00  6.63111594e+00  6.63530562e+00  6.18542156e+00  5.88889875e+00  4.91808281e+00  1.83048125e+02
  6.11806484e+00  7.08058094e+00  7.37382375e+00  7.81360781e+00  7.81365781e+00  7.81469797e+00  7.81907766e+00  7.37382375e+00  7.08058094e+00  6.11806484e+00  2.19063219e+02
  7.48255734e+00  8.43677344e+00  8.72676625e+00  9.16166031e+00  9.16172031e+00  9.16288031e+00  9.16745016e+00  8.72676625e+00  8.43677344e+00  7.48255734e+00  2.59542328e+02
  9.02509047e+00  9.97099672e+00  1.02578094e+01  1.06878141e+01  1.06879125e+01  1.06892125e+01  1.06939141e+01  1.02578094e+01  9.97099672e+00  9.02509047e+00  3.04687453e+02
  1.07592141e+01  1.16968109e+01  1.19804141e+01  1.24057172e+01  1.24058156e+01  1.24072172e+01  1.24121172e+01  1.19804141e+01  1.16968109e+01  1.07592141e+01  3.54670594e+02
  1.26985187e+01  1.36278141e+01  1.39082172e+01  1.43287219e+01  1.43288219e+01  1.43303219e+01  1.43355219e+01  1.39082172e+01  1.36278141e+01  1.26985187e+01  4.09632766e+02
  1.48561234e+01  1.57771203e+01  1.60544234e+01  1.64702266e+01  1.64703266e+01  1.64720266e+01  1.64774266e+01  1.60544234e+01  1.57771203e+01  1.48561234e+01  4.69681922e+02
  1.72451297e+01  1.81577266e+01  1.84319297e+01  1.88431328e+01  1.88432328e+01  1.88450328e+01  1.88507328e+01  1.84319297e+01  1.81577266e+01  1.72451297e+01  5.34887125e+02
  1.98776375e+01  2.07820328e+01  2.10531359e+01  2.14597391e+01  2.14598391e+01  2.14618391e+01  2.14676391e+01  2.10531359e+01  2.07820328e+01  1.98776375e+01  6.05281344e+02
  2.27703437e+01  2.36663406e+01  2.39344437e+01  2.43364469e+01  2.43365469e+01  2.43387469e+01  2.43448469e+01  2.39344437e+01  2.36663406e+01  2.27703437e+01  6.80949562e+02
  2.59314531e+01  2.68191500e+01  2.70842516e+01  2.74817547e+01  2.74818547e+01  2.74841563e+01  2.74905547e+01  2.70842516e+01  2.68191500e+01  2.59314531e+01  7.61782828e+02
  0.00000000e+00  0.00000000e+00  3.31011312e-01  8.27528297e-01  8.27528297e-01  8.27624344e-01  8.30007188e-01  3.31011312e-01  0.00000000e+00  0.00000000e+00  3.68882594e-02
  0.00000000e+00  4.49562547e-02  3.72025406e-01  8.62622297e-01  8.62626297e-01  8.62763344e-01  8.65288187e-01  3.72025406e-01  4.49562547e-02  0.00000000e+00  1.51801766e+00
  0.00000000e+00  1.20470328e-01  4.43766531e-01  9.28699328e-01  9.28706328e-01  9.28888375e-01  9.31556219e-01  4.43766531e-01  1.20470328e-01  0.00000000e+00  3.81915781e+00
  0.00000000e+00  2.27852562e-01  5.47506703e-01  1.02696547e+00  1.02697547e+00  1.02721547e+00  1.03002531e+00  5.47506703e-01  2.27852562e-01  0.00000000e+00  7.11488969e+00
  0.00000000e+00  3.71065891e-01  6.87191984e-01  1.16135469e+00  1.16137453e+00  1.16165469e+00  1.16461453e+00  6.87191984e-01  3.71065891e-01  0.00000000e+00  1.15694141e+01
  0.00000000e+00  5.56444328e-01  8.69145375e-01  1.33816406e+00  1.33818391e+00  1.33852406e+00  1.34163391e+00  8.69145375e-01  5.56444328e-01  0.00000000e+00  1.74196031e+01
  0.00000000e+00  7.88523875e-01  1.09788891e+00  1.56190328e+00  1.56192328e+00  1.56232344e+00  1.56558328e+00  1.09788891e+00  7.88523875e-01  0.00000000e+00  2.48338937e+01
  0.00000000e+00  1.00036562e+00  1.30719859e+00  1.76741297e+00  1.76743297e+00  1.76788312e+00  1.77126297e+00  1.30719859e+00  1.00036562e+00  0.00000000e+00  3.16539922e+01
  6.59061250e-02  1.06448547e+00  1.37058859e+00  1.82971297e+00  1.82974281e+00  1.83020313e+00  1.83362281e+00  1.37058859e+00  1.06448547e+00  6.59061250e-02  3.38729937e+01
  4.36720609e-01  1.42683531e+00  1.72951828e+00  2.18350266e+00  2.18353266e+00  2.18407281e+00  2.18766250e+00  1.72951828e+00  1.42683531e+00  4.36720609e-01  4.51809969e+01
  8.88412516e-01  1.87010531e+00  2.16941828e+00  2.61833250e+00  2.61836250e+00  2.61899266e+00  2.62275234e+00  2.16941828e+00  1.87010531e+00  8.88412516e-01  5.87811125e+01
  1.42330969e+00  2.39659562e+00  2.69257844e+00  3.13649266e+00  3.13653266e+00  3.13724281e+00  3.14118250e+00  2.69257844e+00  2.39659562e+00  1.42330969e+00  7.49872344e+01
  2.05074000e+00  3.01563609e+00  3.30832891e+00  3.74729313e+00  3.74733312e+00  3.74814312e+00  3.75227281e+00  3.30832891e+00  3.01563609e+00  2.05074000e+00  9.40478672e+01
  2.78254062e+00  3.73904703e+00  4.02848969e+00  4.46257359e+00  4.46261375e+00  4.46352391e+00  4.46784359e+00  4.02848969e+00  3.73904703e+00  2.78254062e+00  1.16254016e+02
  3.62916188e+00  4.57730812e+00  4.86353078e+00  5.29277469e+00  5.29282469e+00  5.29384484e+00  5.29835469e+00  4.86353078e+00  4.57730812e+00  3.62916188e+00  1.41830078e+02
  4.60055328e+00  5.54032969e+00  5.82337219e+00  6.24782625e+00  6.24788625e+00  6.24901641e+00  6.25373609e+00  5.82337219e+00  5.54032969e+00  4.60055328e+00  1.70962141e+02
  5.70796516e+00  6.63938172e+00  6.91926438e+00  7.33898828e+00  7.33905813e+00  7.34031812e+00  7.34523812e+00  6.91926438e+00  6.63938172e+00  5.70796516e+00  2.03848234e+02
  6.96284766e+00  7.88590422e+00  8.16267672e+00  8.57771047e+00  8.57778047e+00  8.57917062e+00  8.58431047e+00  8.16267672e+00  7.88590422e+00  6.96284766e+00  2.40669328e+02
  8.37675047e+00  9.29143734e+00  9.56511969e+00  9.97552344e+00  9.97559344e+00  9.97712359e+00  9.98249328e+00  9.56511969e+00  9.29143734e+00  8.37675047e+00  2.81581437e+02
  9.96114391e+00  1.08675109e+01  1.11381125e+01  1.15439172e+01  1.15440156e+01  1.15456172e+01  1.15512172e+01  1.11381125e+01  1.08675109e+01  9.96114391e+00  3.26713563e+02
  1.17274172e+01  1.26253156e+01  1.28929172e+01  1.32942203e+01  1.32943203e+01  1.32961219e+01  1.33019219e+01  1.28929172e+01  1.26253156e+01  1.17274172e+01  3.76165719e+02
  1.36865219e+01  1.45761187e+01  1.48407219e+01  1.52374266e+01  1.52375266e+01  1.52395266e+01  1.52456250e+01  1.48407219e+01  1.45761187e+01  1.36865219e+01  4.30008875e+02
  1.58491281e+01  1.67303250e+01  1.69919281e+01  1.73842312e+01  1.73843312e+01  1.73865313e+01  1.73928313e+01  1.69919281e+01  1.67303250e+01  1.58491281e+01  4.88277063e+02
  1.82252344e+01  1.90981312e+01  1.93568328e+01  1.97446375e+01  1.97447375e+01  1.97471375e+01  1.97537375e+01  1.93568328e+01  1.90981312e+01  1.82252344e+01  5.50973250e+02
  2.08284406e+01  2.16929391e+01  2.19487406e+01  2.23322437e+01  2.23323437e+01  2.23349438e+01  2.23417438e+01  2.19487406e+01  2.16929391e+01  2.08284406e+01  6.18141453e+02
  2.36650484e+01  2.45212453e+01  2.47741484e+01  2.51532531e+01  2.51534516e+01  2.51561531e+01  2.51633516e+01  2.47741484e+01  2.45212453e+01  2.36650484e+01  6.89659672e+02
  0.00000000e+00  0.00000000e+00  3.14413063e-01  7.86033641e-01  7.86033641e-01  7.86157688e-01  7.88887531e-01  3.14413063e-01  0.00000000e+00  0.00000000e+00  4.30371438e-02
  0.00000000e+00  4.60479328e-02  3.56682234e-01  8.22625750e-01  8.22629734e-01  8.22804797e-01  8.25695625e-01  3.56682234e-01  4.60479328e-02  0.00000000e+00  1.53882781e+00
  0.00000000e+00  1.21426500e-01  4.28444453e-01  8.88958875e-01  8.88965875e-01  8.89196937e-01  8.92249750e-01  4.28444453e-01  1.21426500e-01  0.00000000e+00  3.81897031e+00
  0.00000000e+00  2.26894844e-01  5.30423750e-01  9.85697094e-01  9.85709094e-01  9.86000156e-01  9.89214969e-01  5.30423750e-01  2.26894844e-01  0.00000000e+00  7.04016469e+00
  0.00000000e+00  3.65934297e-01  6.66084125e-01  1.11628437e+00  1.11629437e+00  1.11665437e+00  1.12003422e+00  6.66084125e-01  3.65934297e-01  0.00000000e+00  1.13461219e+01
  0.00000000e+00  5.44192828e-01  8.41062625e-01  1.28633391e+00  1.28635375e+00  1.28677406e+00  1.29032375e+00  8.41062625e-01  5.44192828e-01  0.00000000e+00  1.69459125e+01
  0.00000000e+00  7.65600469e-01  1.05927922e+00  1.49975328e+00  1.49977344e+00  1.50027344e+00  1.50399328e+00  1.05927922e+00  7.65600469e-01  0.00000000e+00  2.39827078e+01
  2.18575547e-16  9.66579281e-01  1.25783891e+00  1.69467313e+00  1.69469313e+00  1.69526313e+00  1.69911297e+00  1.25783891e+00  9.66579281e-01  2.18575547e-16  3.04162078e+01
  6.23562469e-02  1.02713625e+00  1.31768906e+00  1.75348313e+00  1.75351313e+00  1.75409313e+00  1.75798297e+00  1.31768906e+00  1.02713625e+00  6.23562469e-02  3.24988078e+01
  4.12150750e-01  1.36838609e+00  1.65566891e+00  2.08654281e+00  2.08657297e+00  2.08725281e+00  2.09133266e+00  1.65566891e+00  1.36838609e+00  4.12150750e-01  4.30736172e+01
  8.35749734e-01  1.78347625e+00  2.06753891e+00  2.49356281e+00  2.49360281e+00  2.49437297e+00  2.49865266e+00  2.06753891e+00  1.78347625e+00  8.35749734e-01  5.57076312e+01
  1.33461984e+00  2.27385656e+00  2.55472922e+00  2.97598297e+00  2.97602297e+00  2.97689312e+00  2.98137281e+00  2.55472922e+00  2.27385656e+00  1.33461984e+00  7.06697547e+01
  1.91675047e+00  2.84752703e+00  3.12525953e+00  3.54177344e+00  3.54182344e+00  3.54281359e+00  3.54749328e+00  3.12525953e+00  2.84752703e+00  1.91675047e+00  8.81654875e+01
  2.59235109e+00  3.51466797e+00  3.78929047e+00  4.20113422e+00  4.20119406e+00  4.20230422e+00  4.20719406e+00  3.78929047e+00  3.51466797e+00  2.59235109e+00  1.08435031e+02
  3.37027219e+00  4.28413922e+00  4.55569156e+00  4.96292516e+00  4.96298516e+00  4.96422531e+00  4.96934500e+00  4.55569156e+00  4.28413922e+00  3.37027219e+00  1.31656078e+02
  4.25883359e+00  5.16428062e+00  5.43279297e+00  5.83544672e+00  5.83551656e+00  5.83688687e+00  5.84223656e+00  5.43279297e+00  5.16428062e+00  4.25883359e+00  1.57971156e+02
  5.26746531e+00  6.16447250e+00  6.42998484e+00  6.82811844e+00  6.82818844e+00  6.82971859e+00  6.83529828e+00  6.42998484e+00  6.16447250e+00  5.26746531e+00  1.87533234e+02
  6.40564766e+00  7.29423484e+00  7.55676719e+00  7.95043078e+00  7.95051062e+00  7.95219078e+00  7.95801047e+00  7.55676719e+00  7.29423484e+00  6.40564766e+00  2.20475313e+02
  7.68286047e+00  8.56303766e+00  8.82262000e+00  9.21186344e+00  9.21194344e+00  9.21379359e+00  9.21986312e+00  8.82262000e+00  8.56303766e+00  7.68286047e+00  2.56908422e+02
  9.10845359e+00  9.98021094e+00  1.02369125e+01  1.06217172e+01  1.06218172e+01  1.06238172e+01  1.06302156e+01  1.02369125e+01  9.98021094e+00  9.10845359e+00  2.96918547e+02
  1.06915172e+01  1.15549141e+01  1.18087156e+01  1.21892203e+01  1.21893203e+01  1.21915203e+01  1.21981203e+01  1.18087156e+01  1.15549141e+01  1.06915172e+01  3.40566688e+02
  1.24408219e+01  1.32958187e+01  1.35467219e+01  1.39229250e+01  1.39230250e+01  1.39254250e+01  1.39323250e+01  1.35467219e+01  1.32958187e+01  1.24408219e+01  3.87882828e+02
  1.43647266e+01  1.52112250e+01  1.54593266e+01  1.58313297e+01  1.58314297e+01  1.58340297e+01  1.58412297e+01  1.54593266e+01  1.52112250e+01  1.43647266e+01  4.38869984e+02
  1.64708312e+01  1.73089297e+01  1.75542328e+01  1.79220359e+01  1.79221359e+01  1.79250344e+01  1.79324344e+01  1.75542328e+01  1.73089297e+01  1.64708312e+01  4.93500156e+02
  1.87696391e+01  1.95994359e+01  1.98419391e+01  2.02056406e+01  2.02057406e+01  2.02087422e+01  2.02165406e+01  1.98419391e+01  1.95994359e+01  1.87696391e+01  5.51777328e+02
  2.12657453e+01  2.20870437e+01  2.23269437e+01  2.26863484e+01  2.26865484e+01  2.26898484e+01  2.26978484e+01  2.23269437e+01  2.20870437e+01  2.12657453e+01  6.13571516e+02
  0.00000000e+00  0.00000000e+00  2.97598797e-01  7.43996000e-01  7.43996000e-01  7.44156062e-01  7.47289875e-01  2.97598797e-01  0.00000000e+00  0.00000000e+00  5.02989359e-02
  0.00000000e+00  4.71927266e-02  3.41180078e-01  7.82153203e-01  7.82157203e-01  7.82381266e-01  7.85696078e-01  3.41180078e-01  4.71927266e-02  0.00000000e+00  1.56225828e+00
  0.00000000e+00  1.22366703e-01  4.12901391e-01  8.48686453e-01  8.48695437e-01  8.48987516e-01  8.52485313e-01  4.12901391e-01  1.22366703e-01  0.00000000e+00  3.81923313e+00
  0.00000000e+00  2.25734156e-01  5.12936813e-01  9.43718781e-01  9.43730781e-01  9.44097859e-01  9.47778641e-01  5.12936813e-01  2.25734156e-01  0.00000000e+00  6.96013000e+00
  0.00000000e+00  3.60301703e-01  6.44279313e-01  1.07021422e+00  1.07023422e+00  1.07067438e+00  1.07454406e+00  6.44279313e-01  3.60301703e-01  0.00000000e+00  1.11083297e+01
  0.00000000e+00  5.31041344e-01  8.11890906e-01  1.23312375e+00  1.23314375e+00  1.23368375e+00  1.23773359e+00  8.11890906e-01  5.31041344e-01  0.00000000e+00  1.64453234e+01
  0.00000000e+00  7.41297094e-01  1.01909969e+00  1.43576344e+00  1.43579328e+00  1.43641344e+00  1.44065328e+00  1.01909969e+00  7.41297094e-01  0.00000000e+00  2.30899219e+01
  0.00000000e+00  9.31004969e-01  1.20649953e+00  1.61969328e+00  1.61972312e+00  1.62042328e+00  1.62481313e+00  1.20649953e+00  9.31004969e-01  0.00000000e+00  2.91241234e+01
  5.86925672e-02  9.87872969e-01  1.26270938e+00  1.67490328e+00  1.67493328e+00  1.67565328e+00  1.68009297e+00  1.26270938e+00  9.87872969e-01  5.86925672e-02  3.10666250e+01
  3.86865859e-01  1.30740703e+00  1.57911953e+00  1.98663312e+00  1.98667297e+00  1.98750313e+00  1.99215281e+00  1.57911953e+00  1.30740703e+00  3.86865859e-01  4.08912344e+01
  7.81744938e-01  1.69368719e+00  1.96232953e+00  2.36523313e+00  2.36527313e+00  2.36621328e+00  2.37108297e+00  1.96232953e+00  1.69368719e+00  7.81744938e-01  5.25427500e+01
  1.24398016e+00  2.14734750e+00  2.41295984e+00  2.81130344e+00  2.81135328e+00  2.81242359e+00  2.81752313e+00  2.41295984e+00  2.14734750e+00  1.24398016e+00  6.62473734e+01
  1.78030078e+00  2.67512797e+00  2.93775031e+00  3.33159375e+00  3.33164375e+00  3.33285391e+00  3.33817375e+00  2.93775031e+00  2.67512797e+00  1.78030078e+00  8.21696063e+01
  2.39933141e+00  3.28561891e+00  3.54528125e+00  3.93468453e+00  3.93474453e+00  3.93609469e+00  3.94166438e+00  3.54528125e+00  3.28561891e+00  2.39933141e+00  1.00501047e+02
  3.10839250e+00  3.98617000e+00  4.24291234e+00  4.62791562e+00  4.62798562e+00  4.62949562e+00  4.63530531e+00  4.24291234e+00  3.98617000e+00  3.10839250e+00  1.21377094e+02
  3.91429391e+00  4.78356141e+00  5.03742359e+00  5.41808687e+00  5.41815688e+00  5.41982703e+00  5.42588688e+00  5.03742359e+00  4.78356141e+00  3.91429391e+00  1.44899172e+02
  4.82469547e+00  5.68547312e+00  5.93647531e+00  6.31283875e+00  6.31291859e+00  6.31476875e+00  6.32108844e+00  5.93647531e+00  5.68547312e+00  4.82469547e+00  1.71178234e+02
  5.84724766e+00  6.69954547e+00  6.94772750e+00  7.31985063e+00  7.31993078e+00  7.32196094e+00  7.32856047e+00  6.94772750e+00  6.69954547e+00  5.84724766e+00  2.00304313e+02
  6.98952016e+00  7.83333797e+00  8.07873000e+00  8.44664328e+00  8.44674313e+00  8.44896328e+00  8.45583297e+00  8.07873000e+00  7.83333797e+00  6.98952016e+00  2.32347422e+02
  8.25882313e+00  9.09418109e+00  9.33680313e+00  9.70056609e+00  9.70066609e+00  9.70309625e+00  9.71025594e+00  9.33680313e+00  9.09418109e+00  8.25882313e+00  2.67355516e+02
  9.66220656e+00  1.04891141e+01  1.07290172e+01  1.10886203e+01  1.10888187e+01  1.10914203e+01  1.10988203e+01  1.07290172e+01  1.04891141e+01  9.66220656e+00  3.05352641e+02
  1.12063203e+01  1.20248188e+01  1.22620203e+01  1.26175234e+01  1.26177234e+01  1.26205234e+01  1.26283234e+01  1.22620203e+01  1.20248188e+01  1.12063203e+01  3.46336750e+02
  1.28973250e+01  1.37074234e+01  1.39419250e+01  1.42934281e+01  1.42936266e+01  1.42967281e+01  1.43047281e+01  1.39419250e+01  1.37074234e+01  1.28973250e+01  3.90280906e+02
  1.47408297e+01  1.55424281e+01  1.57743297e+01  1.61219312e+01  1.61220328e+01  1.61254328e+01  1.61337328e+01  1.57743297e+01  1.55424281e+01  1.47408297e+01  4.37134047e+02
  1.67446344e+01  1.75378328e+01  1.77670359e+01  1.81106391e+01  1.81108375e+01  1.81144391e+01  1.81231391e+01  1.77670359e+01  1.75378328e+01  1.67446344e+01  4.86865203e+02
  1.89112406e+01  1.96960391e+01  1.99227406e+01  2.02624437e+01  2.02625438e+01  2.02664453e+01  2.02755438e+01  1.99227406e+01  1.96960391e+01  1.89112406e+01  5.39337359e+02
  0.00000000e+00  0.00000000e+00  2.81993562e-01  7.04983406e-01  7.04983406e-01  7.05189484e-01  7.08782281e-01  2.81993562e-01  0.00000000e+00  0.00000000e+00  5.87371672e-02
  0.00000000e+00  4.83017359e-02  3.26845953e-01  7.44654719e-01  7.44658734e-01  7.44943812e-01  7.48740594e-01  3.26845953e-01  4.83017359e-02  0.00000000e+00  1.58742906e+00
  0.00000000e+00  1.23165922e-01  3.98414391e-01  8.11270078e-01  8.11279094e-01  8.11649188e-01  8.15649953e-01  3.98414391e-01  1.23165922e-01  0.00000000e+00  3.81956625e+00
  0.00000000e+00  2.24310484e-01  4.96381906e-01  9.04461547e-01  9.04475547e-01  9.04936656e-01  9.09143406e-01  4.96381906e-01  2.24310484e-01  0.00000000e+00  6.87804594e+00
  0.00000000e+00  3.54332141e-01  6.23328516e-01  1.02678422e+00  1.02680406e+00  1.02736422e+00  1.03178391e+00  6.23328516e-01  3.54332141e-01  0.00000000e+00  1.08681391e+01
  0.00000000e+00  5.17604859e-01  7.83620219e-01  1.18260359e+00  1.18262375e+00  1.18328391e+00  1.18791359e+00  7.83620219e-01  5.17604859e-01  0.00000000e+00  1.59468344e+01
  0.00000000e+00  7.16972687e-01  9.80089000e-01  1.37471344e+00  1.37474344e+00  1.37551359e+00  1.38035328e+00  9.80089000e-01  7.16972687e-01  0.00000000e+00  2.22119344e+01
  0.00000000e+00  8.95796625e-01  1.15671984e+00  1.54803328e+00  1.54806344e+00  1.54892344e+00  1.55393313e+00  1.15671984e+00  8.95796625e-01  0.00000000e+00  2.78641375e+01
  5.51871828e-02  9.49137625e-01  1.20942984e+00  1.59980328e+00  1.59983328e+00  1.60072344e+00  1.60577313e+00  1.20942984e+00  9.49137625e-01  5.51871828e-02  2.96736391e+01
  3.62788969e-01  1.24799766e+00  1.50532000e+00  1.89123328e+00  1.89127328e+00  1.89229344e+00  1.89758312e+00  1.50532000e+00  1.24799766e+00  3.62788969e-01  3.87904500e+01
  7.30623094e-01  1.60713797e+00  1.86154016e+00  2.24306328e+00  2.24311328e+00  2.24427344e+00  2.24981313e+00  1.86154016e+00  1.60713797e+00  7.30623094e-01  4.95253656e+01
  1.15869031e+00  2.02654828e+00  2.27807031e+00  2.65526359e+00  2.65531359e+00  2.65662375e+00  2.66241344e+00  2.27807031e+00  2.02654828e+00  1.15869031e+00  6.20686891e+01
  1.65266094e+00  2.51188875e+00  2.76056094e+00  3.13348406e+00  3.13354406e+00  3.13501422e+00  3.14106391e+00  2.76056094e+00  2.51188875e+00  1.65266094e+00  7.65510187e+01
  2.21981156e+00  3.07042969e+00  3.31630172e+00  3.68499484e+00  3.68506484e+00  3.68670500e+00  3.69302453e+00  3.31630172e+00  3.07042969e+00  2.21981156e+00  9.31247578e+01
  2.86621266e+00  3.70825078e+00  3.95135281e+00  4.31587578e+00  4.31595578e+00  4.31777609e+00  4.32436563e+00  3.95135281e+00  3.70825078e+00  2.86621266e+00  1.11890109e+02
  3.59742391e+00  4.43090203e+00  4.67126391e+00  5.03165703e+00  5.03174703e+00  5.03376719e+00  5.04063672e+00  4.67126391e+00  4.43090203e+00  3.59742391e+00  1.32919172e+02
  4.41967547e+00  5.24461359e+00  5.48226563e+00  5.83858859e+00  5.83867859e+00  5.84090875e+00  5.84806828e+00  5.48226563e+00  5.24461359e+00  4.41967547e+00  1.56288219e+02
  5.33913750e+00  6.15554578e+00  6.39052750e+00  6.74282063e+00  6.74292047e+00  6.74536078e+00  6.75282031e+00  6.39052750e+00  6.15554578e+00  5.33913750e+00  1.82055297e+02
  6.36181984e+00  7.16972797e+00  7.40205000e+00  7.75036281e+00  7.75047281e+00  7.75314297e+00  7.76090266e+00  7.40205000e+00  7.16972797e+00  6.36181984e+00  2.10260391e+02
  7.49345250e+00  8.29287078e+00  8.52258250e+00  8.86695531e+00  8.86707531e+00  8.86998562e+00  8.87806516e+00  8.52258250e+00  8.29287078e+00  7.49345250e+00  2.40923484e+02
  8.73947547e+00  9.53041391e+00  9.75753578e+00  1.00980187e+01  1.00981188e+01  1.01013188e+01  1.01097188e+01  9.75753578e+00  9.53041391e+00  8.73947547e+00  2.74042578e+02
  1.01049187e+01  1.08874172e+01  1.11119188e+01  1.14485219e+01  1.14487219e+01  1.14521219e+01  1.14608219e+01  1.11119188e+01  1.08874172e+01  1.01049187e+01  3.09593703e+02
  1.15942234e+01  1.23683203e+01  1.25903234e+01  1.29231250e+01  1.29232266e+01  1.29269266e+01  1.29360266e+01  1.25903234e+01  1.23683203e+01  1.15942234e+01  3.47532812e+02
  1.32114266e+01  1.39770266e+01  1.41965281e+01  1.45256297e+01  1.45257313e+01  1.45297312e+01  1.45392297e+01  1.41965281e+01  1.39770266e+01  1.32114266e+01  3.87791953e+02
  1.49622328e+01  1.57195297e+01  1.59365328e+01  1.62618344e+01  1.62620344e+01  1.62663344e+01  1.62761344e+01  1.59365328e+01  1.57195297e+01  1.49622328e+01  4.30322063e+02
  1.68479375e+01  1.75968359e+01  1.78114375e+01  1.81330406e+01  1.81332391e+01  1.81378406e+01  1.81480391e+01  1.78114375e+01  1.75968359e+01  1.68479375e+01  4.74984219e+02
  0.00000000e+00  0.00000000e+00  2.66507344e-01  6.66268844e-01  6.66268844e-01  6.66533938e-01  6.70656687e-01  2.66507344e-01  0.00000000e+00  0.00000000e+00  6.86519859e-02
  0.00000000e+00  4.93426531e-02  3.12578828e-01  7.07421281e-01  7.07427266e-01  7.07790375e-01  7.12141125e-01  3.12578828e-01  4.93426531e-02  0.00000000e+00  1.61298969e+00
  0.00000000e+00  1.23721156e-01  3.83831406e-01  7.73976766e-01  7.73987766e-01  7.74455875e-01  7.79035609e-01  3.83831406e-01  1.23721156e-01  0.00000000e+00  3.81601953e+00
  0.00000000e+00  2.22391828e-01  4.79491031e-01  8.65109328e-01  8.65125328e-01  8.65704453e-01  8.70515172e-01  4.79491031e-01  2.22391828e-01  0.00000000e+00  6.78551172e+00
  0.00000000e+00  3.47572562e-01  6.01759719e-01  9.82997969e-01  9.83018984e-01  9.83716109e-01  9.88759813e-01  6.01759719e-01  3.47572562e-01  0.00000000e+00  1.06096469e+01
  0.00000000e+00  5.03074375e-01  7.54438500e-01  1.13143375e+00  1.13146359e+00  1.13228375e+00  1.13756344e+00  7.54438500e-01  5.03074375e-01  0.00000000e+00  1.54221453e+01
  0.00000000e+00  6.91283250e-01  9.39903344e-01  1.31277344e+00  1.31280344e+00  1.31375375e+00  1.31927344e+00  9.39903344e-01  6.91283250e-01  0.00000000e+00  2.13014469e+01
  0.00000000e+00  8.59057219e-01  1.10560031e+00  1.47534328e+00  1.47537344e+00  1.47644344e+00  1.48214328e+00  1.10560031e+00  8.59057219e-01  0.00000000e+00  2.65686500e+01
  5.16494969e-02  9.08841250e-01  1.15479031e+00  1.52363344e+00  1.52367344e+00  1.52476359e+00  1.53052328e+00  1.15479031e+00  9.08841250e-01  5.16494969e-02  2.82450516e+01
  3.38587031e-01  1.18695828e+00  1.43009047e+00  1.79472328e+00  1.79476344e+00  1.79602344e+00  1.80204328e+00  1.43009047e+00  1.18695828e+00  3.38587031e-01  3.66568609e+01
  6.79479188e-01  1.51907859e+00  1.75946047e+00  2.11993344e+00  2.11998344e+00  2.12140375e+00  2.12770328e+00  1.75946047e+00  1.51907859e+00  6.79479188e-01  4.64861781e+01
  1.07376047e+00  1.90462891e+00  2.14229078e+00  2.49866375e+00  2.49872375e+00  2.50032406e+00  2.50690359e+00  2.14229078e+00  1.90462891e+00  1.07376047e+00  5.78903000e+01
  1.52611109e+00  2.34829937e+00  2.58327141e+00  2.93560422e+00  2.93567422e+00  2.93746453e+00  2.94433406e+00  2.58327141e+00  2.34829937e+00  1.52611109e+00  7.09695297e+01
  2.04260172e+00  2.85613031e+00  3.08845219e+00  3.43680484e+00  3.43688484e+00  3.43887516e+00  3.44603484e+00  3.08845219e+00  2.85613031e+00  2.04260172e+00  8.58406656e+01
  2.62816266e+00  3.43306125e+00  3.66276312e+00  4.00717578e+00  4.00726578e+00  4.00947594e+00  4.01693563e+00  3.66276312e+00  3.43306125e+00  2.62816266e+00  1.02574109e+02
  3.28718391e+00  4.08349250e+00  4.31061422e+00  4.65112703e+00  4.65122687e+00  4.65366719e+00  4.66144672e+00  4.31061422e+00  4.08349250e+00  3.28718391e+00  1.21214156e+02
  4.02465531e+00  4.81239391e+00  5.03695578e+00  5.37362844e+00  5.37373828e+00  5.37640875e+00  5.38451812e+00  5.03695578e+00  4.81239391e+00  4.02465531e+00  1.41807219e+02
  4.84538719e+00  5.62459563e+00  5.84662750e+00  6.17950000e+00  6.17961016e+00  6.18254047e+00  6.19097984e+00  5.84662750e+00  5.62459563e+00  4.84538719e+00  1.64386281e+02
  5.75401922e+00  6.52470781e+00  6.74424953e+00  7.07335219e+00  7.07348203e+00  7.07668234e+00  7.08545188e+00  6.74424953e+00  6.52470781e+00  5.75401922e+00  1.88964359e+02
  6.75487156e+00  7.51708031e+00  7.73415188e+00  8.05953453e+00  8.05967453e+00  8.06315484e+00  8.07227437e+00  7.73415188e+00  7.51708031e+00  6.75487156e+00  2.15537453e+02
  7.85195438e+00  8.60570312e+00  8.82032484e+00  9.14203734e+00  9.14218719e+00  9.14596750e+00  9.15544703e+00  8.82032484e+00  8.60570312e+00  7.85195438e+00  2.44084531e+02
  9.04883766e+00  9.79415625e+00  1.00064172e+01  1.03244203e+01  1.03246203e+01  1.03287203e+01  1.03385203e+01  1.00064172e+01  9.79415625e+00  9.04883766e+00  2.74562641e+02
  1.03486219e+01  1.10856187e+01  1.12954203e+01  1.16099234e+01  1.16100234e+01  1.16144250e+01  1.16247234e+01  1.12954203e+01  1.10856187e+01  1.03486219e+01  3.06915734e+02
  1.17539250e+01  1.24825234e+01  1.26899266e+01  1.30009266e+01  1.30010281e+01  1.30058281e+01  1.30164281e+01  1.26899266e+01  1.24825234e+01  1.17539250e+01  3.41064844e+02
  1.32687297e+01  1.39889281e+01  1.41940297e+01  1.45014328e+01  1.45016312e+01  1.45067328e+01  1.45177328e+01  1.41940297e+01  1.39889281e+01  1.32687297e+01  3.76943953e+02
  1.48931344e+01  1.56050328e+01  1.58078344e+01  1.61117375e+01  1.61120359e+01  1.61175359e+01  1.61289359e+01  1.58078344e+01  1.56050328e+01  1.48931344e+01  4.14421063e+02
  0.00000000e+00  0.00000000e+00  2.52218141e-01  6.30546313e-01  6.30546313e-01  6.30887438e-01  6.35608141e-01  2.52218141e-01  0.00000000e+00  0.00000000e+00  8.01440250e-02
  0.00000000e+00  5.01682672e-02  2.99301750e-01  6.72989875e-01  6.72995875e-01  6.73458000e-01  6.78433719e-01  2.99301750e-01  5.01682672e-02  0.00000000e+00  1.63633016e+00
  0.00000000e+00  1.23803359e-01  3.69990406e-01  7.39247484e-01  7.39259484e-01  7.39849625e-01  7.45082313e-01  3.69990406e-01  1.23803359e-01  0.00000000e+00  3.80523234e+00
  0.00000000e+00  2.19780109e-01  4.63129125e-01  8.28116141e-01  8.28134141e-01  8.28860297e-01  8.34349969e-01  4.63129125e-01  2.19780109e-01  0.00000000e+00  6.68174656e+00
  0.00000000e+00  3.40007922e-01  5.80611891e-01  9.41469859e-01  9.41494859e-01  9.42364016e-01  9.48114672e-01  5.80611891e-01  3.40007922e-01  0.00000000e+00  1.03395531e+01
  0.00000000e+00  4.87824781e-01  7.25769719e-01  1.08262375e+00  1.08266359e+00  1.08367391e+00  1.08969344e+00  7.25769719e-01  4.87824781e-01  0.00000000e+00  1.48926531e+01
  0.00000000e+00  6.65244703e-01  9.00604609e-01  1.25357344e+00  1.25361344e+00  1.25479359e+00  1.26107328e+00  9.00604609e-01  6.65244703e-01  0.00000000e+00  2.04035547e+01
  1.73471875e-18  8.22486687e-01  1.05589047e+00  1.40591328e+00  1.40595344e+00  1.40726344e+00  1.41374328e+00  1.05589047e+00  8.22486687e-01  1.73471875e-18  2.53080578e+01
  4.83065031e-02  8.68917688e-01  1.10176047e+00  1.45093344e+00  1.45098328e+00  1.45232359e+00  1.45887328e+00  1.10176047e+00  8.68917688e-01  4.83065031e-02  2.68602609e+01
  3.15851062e-01  1.12758891e+00  1.35779063e+00  1.70299328e+00  1.70304344e+00  1.70458359e+00  1.71142328e+00  1.35779063e+00  1.12758891e+00  3.15851062e-01  3.46191703e+01
  6.31778250e-01  1.43471891e+00  1.66231078e+00  2.00360344e+00  2.00366344e+00  2.00540359e+00  2.01255328e+00  1.66231078e+00  1.43471891e+00  6.31778250e-01  4.36204859e+01
  9.95099562e-01  1.78928922e+00  2.01432109e+00  2.35174375e+00  2.35182359e+00  2.35377391e+00  2.36123344e+00  2.01432109e+00  1.78928922e+00  9.95099562e-01  5.39947063e+01
  1.40971109e+00  2.19519984e+00  2.41770156e+00  2.75132406e+00  2.75140406e+00  2.75358437e+00  2.76135406e+00  2.41770156e+00  2.19519984e+00  1.40971109e+00  6.58180344e+01
  1.88068172e+00  2.65750047e+00  2.87751219e+00  3.20737469e+00  3.20746469e+00  3.20987500e+00  3.21798453e+00  2.87751219e+00  2.65750047e+00  1.88068172e+00  7.91796656e+01
  2.41200266e+00  3.18021141e+00  3.39775312e+00  3.72389562e+00  3.72400547e+00  3.72667578e+00  3.73511531e+00  3.39775312e+00  3.18021141e+00  2.41200266e+00  9.41266062e+01
  3.00721359e+00  3.76683250e+00  3.98194406e+00  4.30442656e+00  4.30453656e+00  4.30746703e+00  4.31625641e+00  3.98194406e+00  3.76683250e+00  3.00721359e+00  1.10683156e+02
  3.67024500e+00  4.42133375e+00  4.63403547e+00  4.95288781e+00  4.95300797e+00  4.95622828e+00  4.96537766e+00  4.63403547e+00  4.42133375e+00  3.67024500e+00  1.28876203e+02
  4.40490672e+00  5.14748547e+00  5.35780703e+00  5.67307953e+00  5.67320953e+00  5.67672984e+00  5.68623922e+00  5.35780703e+00  5.14748547e+00  4.40490672e+00  1.48716266e+02
  5.21474859e+00  5.94885750e+00  6.15682891e+00  6.46856125e+00  6.46870125e+00  6.47253172e+00  6.48242109e+00  6.15682891e+00  5.94885750e+00  5.21474859e+00  1.70200344e+02
  6.10303078e+00  6.82870969e+00  7.03436109e+00  7.34258344e+00  7.34274328e+00  7.34689375e+00  7.35716328e+00  7.03436109e+00  6.82870969e+00  6.10303078e+00  1.93308406e+02
  7.07268328e+00  7.78997203e+00  7.99331359e+00  8.29807578e+00  8.29824578e+00  8.30274625e+00  8.31340578e+00  7.99331359e+00  7.78997203e+00  7.07268328e+00  2.18006484e+02
  8.12622609e+00  8.83515500e+00  9.03622641e+00  9.33755859e+00  9.33773859e+00  9.34260891e+00  9.35367828e+00  9.03622641e+00  8.83515500e+00  8.12622609e+00  2.44241578e+02
  9.26575922e+00  9.96635813e+00  1.01652187e+01  1.04631219e+01  1.04633219e+01  1.04685234e+01  1.04800219e+01  1.01652187e+01  9.96635813e+00  9.26575922e+00  2.71949656e+02
  1.04928234e+01  1.11851219e+01  1.13817234e+01  1.16763250e+01  1.16765250e+01  1.16822250e+01  1.16941250e+01  1.13817234e+01  1.11851219e+01  1.04928234e+01  3.01048766e+02
  1.18101266e+01  1.24942250e+01  1.26886266e+01  1.29799281e+01  1.29801281e+01  1.29861297e+01  1.29985281e+01  1.26886266e+01  1.24942250e+01  1.18101266e+01  3.31466844e+02
  1.32172297e+01  1.38931281e+01  1.40853297e+01  1.43733328e+01  1.43735328e+01  1.43800328e+01  1.43928328e+01  1.40853297e+01  1.38931281e+01  1.32172297e+01  3.63076953e+02
  0.00000000e+00  0.00000000e+00  2.40002969e-01  6.00007891e-01  6.00007891e-01  6.00447047e-01  6.05835719e-01  2.40002969e-01  0.00000000e+00  0.00000000e+00  9.33604125e-02
  0.00000000e+00  5.06087656e-02  2.87709688e-01  6.43348562e-01  6.43355563e-01  6.43942719e-01  6.49616375e-01  2.87709688e-01  5.06087656e-02  0.00000000e+00  1.65416016e+00
  0.00000000e+00  1.23145531e-01  3.57475422e-01  7.08943234e-01  7.08956250e-01  7.09700422e-01  7.15659063e-01  3.57475422e-01  1.23145531e-01  0.00000000e+00  3.78264422e+00
  0.00000000e+00  2.16224328e-01  4.47883188e-01  7.95330953e-01  7.95351953e-01  7.96260141e-01  8.02504781e-01  4.47883188e-01  2.16224328e-01  0.00000000e+00  6.56415953e+00
  0.00000000e+00  3.31544156e-01  5.60619984e-01  9.04178703e-01  9.04207703e-01  9.05288891e-01  9.11822516e-01  5.60619984e-01  3.31544156e-01  0.00000000e+00  1.00617563e+01
  0.00000000e+00  4.72093031e-01  6.98666812e-01  1.03845359e+00  1.03849344e+00  1.03975375e+00  1.04658328e+00  6.98666812e-01  4.72093031e-01  0.00000000e+00  1.43745562e+01
  0.00000000e+00  6.39633953e-01  8.63773688e-01  1.19990328e+00  1.19994328e+00  1.20139359e+00  1.20851313e+00  8.63773688e-01  6.39633953e-01  0.00000000e+00  1.95541594e+01
  2.22045000e-16  7.87424922e-01  1.00972062e+00  1.34307313e+00  1.34312313e+00  1.34472344e+00  1.35207313e+00  1.00972062e+00  7.87424922e-01  2.22045000e-16  2.41386625e+01
  4.53424016e-02  8.30893906e-01  1.05266063e+00  1.38521328e+00  1.38526328e+00  1.38691359e+00  1.39434297e+00  1.05266063e+00  8.30893906e-01  4.53424016e-02  2.55831625e+01
  2.95866047e-01  1.07255891e+00  1.29183078e+00  1.62064313e+00  1.62070312e+00  1.62258344e+00  1.63032313e+00  1.29183078e+00  1.07255891e+00  2.95866047e-01  3.27809719e+01
  5.90285203e-01  1.35819906e+00  1.57502078e+00  1.90013328e+00  1.90021328e+00  1.90232359e+00  1.91041297e+00  1.57502078e+00  1.35819906e+00  5.90285203e-01  4.10841859e+01
  9.27380500e-01  1.68657937e+00  1.90099094e+00  2.22246344e+00  2.22254344e+00  2.22491375e+00  2.23333328e+00  1.90099094e+00  1.68657937e+00  9.27380500e-01  5.06048063e+01
  1.31050094e+00  2.06103984e+00  2.27306141e+00  2.59094375e+00  2.59103391e+00  2.59367406e+00  2.60245359e+00  2.27306141e+00  2.06103984e+00  1.31050094e+00  6.14038312e+01
  1.74401156e+00  2.48594047e+00  2.69561203e+00  3.00994437e+00  3.01005422e+00  3.01297453e+00  3.02211406e+00  2.69561203e+00  2.48594047e+00  1.74401156e+00  7.35524594e+01
  2.23131219e+00  2.96469109e+00  3.17203281e+00  3.48285516e+00  3.48297500e+00  3.48619531e+00  3.49570484e+00  3.17203281e+00  2.96469109e+00  2.23131219e+00  8.70842953e+01
  2.77532328e+00  3.50020219e+00  3.70524375e+00  4.01260609e+00  4.01273594e+00  4.01626625e+00  4.02615578e+00  3.70524375e+00  3.50020219e+00  2.77532328e+00  1.02013141e+02
  3.37935453e+00  4.09577344e+00  4.29854500e+00  4.60248719e+00  4.60262719e+00  4.60648750e+00  4.61676703e+00  4.29854500e+00  4.09577344e+00  3.37935453e+00  1.18353188e+02
  4.04652609e+00  4.75454484e+00  4.95506641e+00  5.25561859e+00  5.25577844e+00  5.25997891e+00  5.27065844e+00  4.95506641e+00  4.75454484e+00  4.04652609e+00  1.36106234e+02
  4.77974766e+00  5.47939672e+00  5.67770812e+00  5.97490031e+00  5.97507031e+00  5.97964063e+00  5.99073016e+00  5.67770812e+00  5.47939672e+00  4.77974766e+00  1.55260297e+02
  5.58161984e+00  6.27295875e+00  6.46907000e+00  6.76295219e+00  6.76313219e+00  6.76808266e+00  6.77960203e+00  6.46907000e+00  6.27295875e+00  5.58161984e+00  1.75789375e+02
  6.45445219e+00  7.13753094e+00  7.33146234e+00  7.62206453e+00  7.62226438e+00  7.62761484e+00  7.63956422e+00  7.33146234e+00  7.13753094e+00  6.45445219e+00  1.97656438e+02
  7.40018469e+00  8.07503359e+00  8.26681500e+00  8.55417687e+00  8.55438688e+00  8.56015734e+00  8.57254672e+00  8.26681500e+00  8.07503359e+00  7.40018469e+00  2.20806516e+02
  8.42033750e+00  9.08701641e+00  9.27665781e+00  9.56080984e+00  9.56103969e+00  9.56724016e+00  9.58008953e+00  9.27665781e+00  9.08701641e+00  8.42033750e+00  2.45176594e+02
  9.51598078e+00  1.01745203e+01  1.03621203e+01  1.06430234e+01  1.06433219e+01  1.06499234e+01  1.06632234e+01  1.03621203e+01  1.01745203e+01  9.51598078e+00  2.70688672e+02
  1.06891234e+01  1.13396219e+01  1.15250250e+01  1.18029250e+01  1.18031266e+01  1.18103266e+01  1.18240266e+01  1.15250250e+01  1.13396219e+01  1.06891234e+01  2.97269781e+02
  1.19390281e+01  1.25815266e+01  1.27649266e+01  1.30396297e+01  1.30398313e+01  1.30475297e+01  1.30618297e+01  1.27649266e+01  1.25815266e+01  1.19390281e+01  3.24807859e+02
  0.00000000e+00  0.00000000e+00  2.27222781e-01  5.68057438e-01  5.68057438e-01  5.68622625e-01  5.74780266e-01  2.27222781e-01  0.00000000e+00  0.00000000e+00  1.08908828e-01
  0.00000000e+00  5.06451281e-02  2.75136578e-01  6.11858187e-01  6.11866187e-01  6.12612375e-01  6.19088984e-01  2.75136578e-01  5.06451281e-02  0.00000000e+00  1.66442906e+00
  0.00000000e+00  1.21647656e-01  3.43530359e-01  6.76321922e-01  6.76337922e-01  6.77274125e-01  6.84068719e-01  3.43530359e-01  1.21647656e-01  0.00000000e+00  3.74187406e+00
  0.00000000e+00  2.11386469e-01  4.30754141e-01  7.59756672e-01  7.59782656e-01  7.60916875e-01  7.68030453e-01  4.30754141e-01  2.11386469e-01  0.00000000e+00  6.41687000e+00
  0.00000000e+00  3.21342281e-01  5.38275938e-01  8.63613422e-01  8.63648406e-01  8.64990641e-01  8.72425203e-01  5.38275938e-01  3.21342281e-01  0.00000000e+00  9.74164750e+00
  0.00000000e+00  4.54134141e-01  6.68710750e-01  9.90494203e-01  9.90538188e-01  9.92097438e-01  9.99857063e-01  6.68710750e-01  4.54134141e-01  0.00000000e+00  1.38000563e+01
  0.00000000e+00  6.11248031e-01  8.23530609e-01  1.14185312e+00  1.14191297e+00  1.14370313e+00  1.15178281e+00  8.23530609e-01  6.11248031e-01  0.00000000e+00  1.86320578e+01
  0.00000000e+00  7.49111984e-01  9.59656547e-01  1.27536297e+00  1.27542297e+00  1.27739313e+00  1.28574266e+00  9.59656547e-01  7.49111984e-01  0.00000000e+00  2.28822609e+01
  4.22280984e-02  7.89476984e-01  9.99523531e-01  1.31448281e+00  1.31454281e+00  1.31657313e+00  1.32498281e+00  9.99523531e-01  7.89476984e-01  4.22280984e-02  2.42142625e+01
  2.74883047e-01  1.01332906e+00  1.22103047e+00  1.53245281e+00  1.53252281e+00  1.53481313e+00  1.54360250e+00  1.22103047e+00  1.01332906e+00  2.74883047e-01  3.08274719e+01
  5.46748172e-01  1.27648906e+00  1.48187063e+00  1.78981281e+00  1.78989297e+00  1.79247313e+00  1.80162266e+00  1.48187063e+00  1.27648906e+00  5.46748172e-01  3.84035859e+01
  8.56331406e-01  1.57742938e+00  1.78054078e+00  2.08504297e+00  2.08513313e+00  2.08801328e+00  2.09754281e+00  1.78054078e+00  1.57742938e+00  8.56331406e-01  4.70346016e+01
  1.20637078e+00  1.91889969e+00  2.11976109e+00  2.42086328e+00  2.42097328e+00  2.42416375e+00  2.43408312e+00  2.11976109e+00  1.91889969e+00  1.20637078e+00  5.67643250e+01
  1.60045125e+00  2.30447031e+00  2.50311172e+00  2.80087375e+00  2.80099375e+00  2.80451422e+00  2.81483359e+00  2.50311172e+00  2.30447031e+00  1.60045125e+00  6.76439516e+01
  2.04127203e+00  2.73686094e+00  2.93330234e+00  3.22774453e+00  3.22788437e+00  3.23175484e+00  3.24248422e+00  2.93330234e+00  2.73686094e+00  2.04127203e+00  7.96915859e+01
  2.53110313e+00  3.21831187e+00  3.41258328e+00  3.70375531e+00  3.70390531e+00  3.70814578e+00  3.71929516e+00  3.41258328e+00  3.21831187e+00  2.53110313e+00  9.29078250e+01
  3.07249422e+00  3.75138297e+00  3.94351437e+00  4.23144641e+00  4.23161625e+00  4.23623672e+00  4.24781609e+00  3.94351437e+00  3.75138297e+00  3.07249422e+00  1.07293172e+02
  3.66780563e+00  4.33843437e+00  4.52843563e+00  4.81316766e+00  4.81334766e+00  4.81837812e+00  4.83039734e+00  4.52843563e+00  4.33843437e+00  3.66780563e+00  1.22837219e+02
  4.31916719e+00  4.98158594e+00  5.16948734e+00  5.45105922e+00  5.45124922e+00  5.45669969e+00  5.46916906e+00  5.16948734e+00  4.98158594e+00  4.31916719e+00  1.39518281e+02
  5.02842906e+00  5.68268781e+00  5.86851906e+00  6.14695109e+00  6.14717094e+00  6.15306141e+00  6.16599078e+00  5.86851906e+00  5.68268781e+00  5.02842906e+00  1.57301328e+02
  5.79715109e+00  6.44330984e+00  6.62708109e+00  6.90241312e+00  6.90264297e+00  6.90899344e+00  6.92240281e+00  6.62708109e+00  6.44330984e+00  5.79715109e+00  1.76141406e+02
  6.62651344e+00  7.26463219e+00  7.44637344e+00  7.71863531e+00  7.71888516e+00  7.72571578e+00  7.73960516e+00  7.44637344e+00  7.26463219e+00  6.62651344e+00  1.95982469e+02
  7.51738609e+00  8.14750484e+00  8.32723609e+00  8.59646781e+00  8.59672781e+00  8.60406828e+00  8.61845750e+00  8.32723609e+00  8.14750484e+00  7.51738609e+00  2.16757547e+02
  8.47018875e+00  9.09236781e+00  9.27010875e+00  9.53633062e+00  9.53661063e+00  9.54448109e+00  9.55937047e+00  9.27010875e+00  9.09236781e+00  8.47018875e+00  2.38391609e+02
  9.48605188e+00  1.01003219e+01  1.02761219e+01  1.05393250e+01  1.05396250e+01  1.05481234e+01  1.05635234e+01  1.02761219e+01  1.01003219e+01  9.48605188e+00  2.60810688e+02
  1.05639250e+01  1.11703250e+01  1.13442250e+01  1.16045266e+01  1.16048266e+01  1.16138266e+01  1.16297266e+01  1.13442250e+01  1.11703250e+01  1.05639250e+01  2.83911766e+02
  0.00000000e+00  0.00000000e+00  2.15598625e-01  5.38998047e-01  5.38998047e-01  5.39724281e-01  5.46747859e-01  2.15598625e-01  0.00000000e+00  0.00000000e+00  1.26895063e-01
  0.00000000e+00  5.01807469e-02  2.63198437e-01  5.82707828e-01  5.82716828e-01  5.83664063e-01  5.91041609e-01  2.63198437e-01  5.01807469e-02  0.00000000e+00  1.66625672e+00
  0.00000000e+00  1.19224656e-01  3.29776219e-01  6.45567563e-01  6.45587547e-01  6.46762813e-01  6.54494344e-01  3.29776219e-01  1.19224656e-01  0.00000000e+00  3.68413187e+00
  0.00000000e+00  2.05356453e-01  4.13529984e-01  7.25735281e-01  7.25765281e-01  7.27180547e-01  7.35266062e-01  4.13529984e-01  2.05356453e-01  0.00000000e+00  6.24810750e+00
  0.00000000e+00  3.09881250e-01  5.15753750e-01  8.24488016e-01  8.24529016e-01  8.26194281e-01  8.34636781e-01  5.15753750e-01  3.09881250e-01  0.00000000e+00  9.40160453e+00
  0.00000000e+00  4.35112078e-01  6.38753547e-01  9.44123766e-01  9.44175750e-01  9.46100062e-01  9.54902531e-01  6.38753547e-01  4.35112078e-01  0.00000000e+00  1.32157531e+01
  0.00000000e+00  5.82307922e-01  7.83778375e-01  1.08587266e+00  1.08594250e+00  1.08813281e+00  1.09730219e+00  7.83778375e-01  5.82307922e-01  0.00000000e+00  1.77213547e+01
  0.00000000e+00  7.10865844e-01  9.10691281e-01  1.21030250e+00  1.21038234e+00  1.21279266e+00  1.22224219e+00  9.10691281e-01  7.10865844e-01  0.00000000e+00  2.16618562e+01
  3.93227922e-02  7.48353828e-01  9.47707250e-01  1.24661234e+00  1.24668250e+00  1.24916266e+00  1.25869219e+00  9.47707250e-01  7.48353828e-01  3.93227922e-02  2.28907594e+01
  2.55420000e-01  9.55785813e-01  1.15292016e+00  1.44847219e+00  1.44855234e+00  1.45135266e+00  1.46128203e+00  1.15292016e+00  9.55785813e-01  2.55420000e-01  2.89716672e+01
  5.06635094e-01  1.19843891e+00  1.39338031e+00  1.68563219e+00  1.68573234e+00  1.68886266e+00  1.69920203e+00  1.39338031e+00  1.19843891e+00  5.06635094e-01  3.58935781e+01
  7.91283313e-01  1.47460906e+00  1.66739047e+00  1.95638234e+00  1.95649250e+00  1.95998281e+00  1.97074219e+00  1.66739047e+00  1.47460906e+00  7.91283313e-01  4.37319938e+01
  1.11159078e+00  1.78651938e+00  1.97717063e+00  2.26294266e+00  2.26307266e+00  2.26692312e+00  2.27811250e+00  1.97717063e+00  1.78651938e+00  1.11159078e+00  5.25175172e+01
  1.47053109e+00  2.13712000e+00  2.32567109e+00  2.60826313e+00  2.60841313e+00  2.61265344e+00  2.62427297e+00  2.32567109e+00  2.13712000e+00  1.47053109e+00  6.22860437e+01
  1.87021188e+00  2.52855063e+00  2.71502187e+00  2.99447375e+00  2.99463375e+00  2.99928422e+00  3.01136344e+00  2.71502187e+00  2.52855063e+00  1.87021188e+00  7.30440750e+01
  2.31238281e+00  2.96254141e+00  3.14695266e+00  3.42330453e+00  3.42347453e+00  3.42855500e+00  3.44109422e+00  3.14695266e+00  2.96254141e+00  2.31238281e+00  8.47830109e+01
  2.79899391e+00  3.44103250e+00  3.62340375e+00  3.89668562e+00  3.89687562e+00  3.90240609e+00  3.91541531e+00  3.62340375e+00  3.44103250e+00  2.79899391e+00  9.74938531e+01
  3.33180500e+00  3.96578375e+00  4.14614500e+00  4.41638687e+00  4.41659688e+00  4.42259719e+00  4.43608656e+00  4.14614500e+00  3.96578375e+00  3.33180500e+00  1.11158187e+02
  3.91233672e+00  4.53832531e+00  4.71670641e+00  4.98393828e+00  4.98416813e+00  4.99064875e+00  5.00462812e+00  4.71670641e+00  4.53832531e+00  3.91233672e+00  1.25746250e+02
  4.54186844e+00  5.15992703e+00  5.33633813e+00  5.60059984e+00  5.60084000e+00  5.60784031e+00  5.62232953e+00  5.33633813e+00  5.15992703e+00  4.54186844e+00  1.41220297e+02
  5.22139016e+00  5.83156906e+00  6.00603016e+00  6.26735172e+00  6.26761188e+00  6.27515219e+00  6.29015141e+00  6.00603016e+00  5.83156906e+00  5.22139016e+00  1.57531375e+02
  5.95155234e+00  6.55393109e+00  6.72645234e+00  6.98486391e+00  6.98515375e+00  6.99323438e+00  7.00876375e+00  6.72645234e+00  6.55393109e+00  5.95155234e+00  1.74624422e+02
  6.73270484e+00  7.32733344e+00  7.49795453e+00  7.75347625e+00  7.75378609e+00  7.76245672e+00  7.77852594e+00  7.49795453e+00  7.32733344e+00  6.73270484e+00  1.92432484e+02
  7.56483719e+00  8.15177594e+00  8.32050703e+00  8.57317875e+00  8.57349875e+00  8.58277922e+00  8.59939844e+00  8.32050703e+00  8.15177594e+00  7.56483719e+00  2.10882563e+02
  8.44846000e+00  9.02776875e+00  9.19462984e+00  9.44447141e+00  9.44482141e+00  9.45473188e+00  9.47191109e+00  9.19462984e+00  9.02776875e+00  8.44846000e+00  2.29906609e+02
  9.38224281e+00  9.95398172e+00  1.01190219e+01  1.03660250e+01  1.03664234e+01  1.03769250e+01  1.03947234e+01  1.01190219e+01  9.95398172e+00  9.38224281e+00  2.49407688e+02
  0.00000000e+00  0.00000000e+00  2.04390484e-01  5.10976688e-01  5.10976688e-01  5.11910953e-01  5.19913469e-01  2.04390484e-01  0.00000000e+00  0.00000000e+00  1.47816078e-01
  0.00000000e+00  4.92913172e-02  2.51236266e-01  5.54132422e-01  5.54144422e-01  5.55344719e-01  5.63741203e-01  2.51236266e-01  4.92913172e-02  0.00000000e+00  1.66136344e+00
  0.00000000e+00  1.16024594e-01  3.15633000e-01  6.15001125e-01  6.15025125e-01  6.16502422e-01  6.25291891e-01  3.15633000e-01  1.16024594e-01  0.00000000e+00  3.61218766e+00
  0.00000000e+00  1.98309328e-01  3.95662734e-01  6.91628828e-01  6.91665813e-01  6.93430125e-01  7.02612578e-01  3.95662734e-01  1.98309328e-01  0.00000000e+00  6.06020266e+00
  0.00000000e+00  2.97283094e-01  4.92455469e-01  7.85129516e-01  7.85179500e-01  7.87241844e-01  7.96819266e-01  4.92455469e-01  2.97283094e-01  0.00000000e+00  9.04070891e+00
  0.00000000e+00  4.14969875e-01  6.08028203e-01  8.97509219e-01  8.97572203e-01  8.99944562e-01  9.09919984e-01  6.08028203e-01  4.14969875e-01  0.00000000e+00  1.26129484e+01
  0.00000000e+00  5.52412703e-01  7.43413016e-01  1.02979187e+00  1.02986203e+00  1.03256234e+00  1.04293172e+00  7.43413016e-01  5.52412703e-01  0.00000000e+00  1.67994484e+01
  0.00000000e+00  6.71896594e-01  8.61336891e-01  1.14535188e+00  1.14544188e+00  1.14839219e+00  1.15908156e+00  8.61336891e-01  6.71896594e-01  0.00000000e+00  2.04393516e+01
  3.64879875e-02  7.06595578e-01  8.95588875e-01  1.17893187e+00  1.17902187e+00  1.18205219e+00  1.19283156e+00  8.95588875e-01  7.06595578e-01  3.64879875e-02  2.15688516e+01
  2.36491969e-01  8.98158547e-01  1.08504969e+00  1.36521172e+00  1.36531172e+00  1.36872203e+00  1.37994141e+00  1.08504969e+00  8.98158547e-01  2.36491969e-01  2.71378594e+01
  4.67777047e-01  1.12110859e+00  1.30591984e+00  1.58295172e+00  1.58307172e+00  1.58687219e+00  1.59855141e+00  1.30591984e+00  1.12110859e+00  4.67777047e-01  3.34342719e+01
  7.28500234e-01  1.37358891e+00  1.55636000e+00  1.83030172e+00  1.83043187e+00  1.83465219e+00  1.84678156e+00  1.55636000e+00  1.37358891e+00  7.28500234e-01  4.05188875e+01
  1.02043062e+00  1.65736906e+00  1.83812031e+00  2.10900219e+00  2.10915219e+00  2.11380250e+00  2.12641172e+00  1.83812031e+00  1.65736906e+00  1.02043062e+00  4.84105094e+01
  1.34595109e+00  1.97481953e+00  2.15357078e+00  2.42144250e+00  2.42161250e+00  2.42671297e+00  2.43979234e+00  2.15357078e+00  1.97481953e+00  1.34595109e+00  5.71316344e+01
  1.70669172e+00  2.32756031e+00  2.50434141e+00  2.76923312e+00  2.76942297e+00  2.77500359e+00  2.78857297e+00  2.50434141e+00  2.32756031e+00  1.70669172e+00  6.66787656e+01
  2.10391266e+00  2.71685125e+00  2.89168234e+00  3.15363391e+00  3.15383391e+00  3.15991438e+00  3.17399375e+00  2.89168234e+00  2.71685125e+00  2.10391266e+00  7.70360000e+01
  2.53903359e+00  3.14412219e+00  3.31702328e+00  3.57606484e+00  3.57628484e+00  3.58288547e+00  3.59747469e+00  3.31702328e+00  3.14412219e+00  2.53903359e+00  8.81865406e+01
  3.01329484e+00  3.61060328e+00  3.78159453e+00  4.03774609e+00  4.03799594e+00  4.04513656e+00  4.06025578e+00  3.78159453e+00  3.61060328e+00  3.01329484e+00  1.00105187e+02
  3.52770625e+00  4.11729484e+00  4.28640578e+00  4.53970750e+00  4.53996750e+00  4.54768797e+00  4.56333719e+00  4.28640578e+00  4.11729484e+00  3.52770625e+00  1.12759234e+02
  4.08304766e+00  4.66497641e+00  4.83222734e+00  5.08269906e+00  5.08298891e+00  5.09128953e+00  5.10749875e+00  4.83222734e+00  4.66497641e+00  4.08304766e+00  1.26105281e+02
  4.67980953e+00  5.25415813e+00  5.41954922e+00  5.66724078e+00  5.66755062e+00  5.67647125e+00  5.69323062e+00  5.41954922e+00  5.25415813e+00  4.67980953e+00  1.40096344e+02
  5.31822156e+00  5.88505016e+00  6.04862109e+00  6.29354266e+00  6.29387266e+00  6.30343328e+00  6.32077250e+00  6.04862109e+00  5.88505016e+00  5.31822156e+00  1.54675391e+02
  5.99822375e+00  6.55759234e+00  6.71935328e+00  6.96154484e+00  6.96189469e+00  6.97212531e+00  6.99005453e+00  6.71935328e+00  6.55759234e+00  5.99822375e+00  1.69779438e+02
  6.71943594e+00  7.27140453e+00  7.43137562e+00  7.67086703e+00  7.67123703e+00  7.68215766e+00  7.70068672e+00  7.43137562e+00  7.27140453e+00  6.71943594e+00  1.85341500e+02
  7.48187844e+00  8.02650703e+00  8.18470812e+00  8.42151953e+00  8.42191938e+00  8.43356016e+00  8.45269922e+00  8.18470812e+00  8.02650703e+00  7.48187844e+00  2.01293563e+02
  8.28407094e+00  8.82141969e+00  8.97788047e+00  9.21203203e+00  9.21246188e+00  9.22485250e+00  9.24461172e+00  8.97788047e+00  8.82141969e+00  8.28407094e+00  2.17553609e+02
  0.00000000e+00  0.00000000e+00  1.93700344e-01  4.84251344e-01  4.84251344e-01  4.85451672e-01  4.94558109e-01  1.93700344e-01  0.00000000e+00  0.00000000e+00  1.72107875e-01
  0.00000000e+00  4.79807453e-02  2.39362047e-01  5.26408031e-01  5.26423016e-01  5.27944359e-01  5.37488766e-01  2.39362047e-01  4.79807453e-02  0.00000000e+00  1.65029875e+00
  0.00000000e+00  1.12106453e-01  3.01270734e-01  5.84967672e-01  5.84997656e-01  5.86851016e-01  5.96830406e-01  3.01270734e-01  1.12106453e-01  0.00000000e+00  3.52803172e+00
  0.00000000e+00  1.90402141e-01  3.77429391e-01  6.57896297e-01  6.57941281e-01  6.60138656e-01  6.70552047e-01  3.77429391e-01  1.90402141e-01  0.00000000e+00  5.85783594e+00
  0.00000000e+00  2.83842859e-01  4.68802094e-01  7.46142938e-01  7.46202922e-01  7.48756328e-01  7.59606687e-01  4.68802094e-01  2.83842859e-01  0.00000000e+00  8.66750172e+00
  0.00000000e+00  3.94176594e-01  5.77130812e-01  8.51440625e-01  8.51515625e-01  8.54438047e-01  8.65727375e-01  5.77130812e-01  3.94176594e-01  0.00000000e+00  1.20055391e+01
  0.00000000e+00  5.22242406e-01  7.03245594e-01  9.74606391e-01  9.74697375e-01  9.78001813e-01  9.89734125e-01  7.03245594e-01  5.22242406e-01  0.00000000e+00  1.58866406e+01
  2.18575547e-16  6.33067313e-01  8.12592469e-01  1.08172125e+00  1.08182125e+00  1.08543172e+00  1.09751094e+00  8.12592469e-01  6.33067313e-01  2.18575547e-16  1.92411422e+01
  3.37789844e-02  6.65122297e-01  8.44224453e-01  1.11271125e+00  1.11281125e+00  1.11651172e+00  1.12869094e+00  8.44224453e-01  6.65122297e-01  3.37789844e-02  2.02766453e+01
  2.18460953e-01  8.41673250e-01  1.01877938e+00  1.28424109e+00  1.28437109e+00  1.28851156e+00  1.30117094e+00  1.01877938e+00  8.41673250e-01  2.18460953e-01  2.53639531e+01
  4.30902016e-01  1.04608844e+00  1.22122953e+00  1.48372125e+00  1.48386125e+00  1.48847172e+00  1.50163094e+00  1.22122953e+00  1.04608844e+00  4.30902016e-01  3.10755656e+01
  6.69135219e-01  1.27639844e+00  1.44959953e+00  1.70915141e+00  1.70931125e+00  1.71441172e+00  1.72807109e+00  1.44959953e+00  1.27639844e+00  6.69135219e-01  3.74591813e+01
  9.34526547e-01  1.53394875e+00  1.70523000e+00  1.96189156e+00  1.96207156e+00  1.96767219e+00  1.98185125e+00  1.70523000e+00  1.53394875e+00  9.34526547e-01  4.45238031e+01
  1.22895094e+00  1.82060938e+00  1.99000047e+00  2.24380203e+00  2.24400203e+00  2.25014250e+00  2.26484172e+00  1.99000047e+00  1.82060938e+00  1.22895094e+00  5.22803297e+01
  1.55359172e+00  2.13757000e+00  2.30510109e+00  2.55607266e+00  2.55629266e+00  2.56298328e+00  2.57822234e+00  2.30510109e+00  2.13757000e+00  1.55359172e+00  6.07180594e+01
  1.90932250e+00  2.48569094e+00  2.65137188e+00  2.89956344e+00  2.89979344e+00  2.90706406e+00  2.92285328e+00  2.65137188e+00  2.48569094e+00  1.90932250e+00  6.98149937e+01
  2.29711359e+00  2.86595187e+00  3.02980297e+00  3.27523438e+00  3.27549438e+00  3.28336500e+00  3.29971406e+00  3.02980297e+00  2.86595187e+00  2.29711359e+00  7.95490313e+01
  2.71777469e+00  3.27914313e+00  3.44119406e+00  3.68388547e+00  3.68416547e+00  3.69267609e+00  3.70958531e+00  3.44119406e+00  3.27914313e+00  2.71777469e+00  8.98906719e+01
  3.17188594e+00  3.72585453e+00  3.88612531e+00  4.12610687e+00  4.12641672e+00  4.13557734e+00  4.15307656e+00  3.88612531e+00  3.72585453e+00  3.17188594e+00  1.00804203e+02
  3.65981750e+00  4.20645594e+00  4.36495688e+00  4.60226844e+00  4.60259828e+00  4.61243891e+00  4.63053813e+00  4.36495688e+00  4.20645594e+00  3.65981750e+00  1.12245266e+02
  4.18170906e+00  4.72107766e+00  4.87782844e+00  5.11249984e+00  5.11284984e+00  5.12340062e+00  5.14210969e+00  4.87782844e+00  4.72107766e+00  4.18170906e+00  1.24167312e+02
  4.73743078e+00  5.26958953e+00  5.42461031e+00  5.65667172e+00  5.65704172e+00  5.66833234e+00  5.68766141e+00  5.42461031e+00  5.26958953e+00  4.73743078e+00  1.36516344e+02
  5.32661281e+00  5.85164141e+00  6.00494234e+00  6.23441359e+00  6.23481359e+00  6.24686437e+00  6.26683328e+00  6.00494234e+00  5.85164141e+00  5.32661281e+00  1.49232406e+02
  5.94862484e+00  6.46656359e+00  6.61818438e+00  6.84508562e+00  6.84551547e+00  6.85835641e+00  6.87897531e+00  6.61818438e+00  6.46656359e+00  5.94862484e+00  1.62254453e+02
  6.60312688e+00  7.11404562e+00  7.26397656e+00  7.48834781e+00  7.48879781e+00  7.50246859e+00  7.52374750e+00  7.26397656e+00  7.11404562e+00  6.60312688e+00  1.75520500e+02
  7.28854922e+00  7.79250797e+00  7.94078875e+00  8.16264016e+00  8.16312984e+00  8.17765063e+00  8.19959969e+00  7.94078875e+00  7.79250797e+00  7.28854922e+00  1.88957531e+02
  0.00000000e+00  0.00000000e+00  1.83633219e-01  4.59084031e-01  4.59084031e-01  4.60625406e-01  4.70969766e-01  1.83633219e-01  0.00000000e+00  0.00000000e+00  2.00220469e-01
  0.00000000e+00  4.64073500e-02  2.27842828e-01  4.99967609e-01  4.99984609e-01  5.01912031e-01  5.12740344e-01  2.27842828e-01  4.64073500e-02  0.00000000e+00  1.63735328e+00
  0.00000000e+00  1.07801281e-01  2.87135437e-01  5.56081172e-01  5.56116172e-01  5.58441609e-01  5.69749906e-01  2.87135437e-01  1.07801281e-01  0.00000000e+00  3.44006516e+00
  0.00000000e+00  1.82139922e-01  3.59449062e-01  6.25327766e-01  6.25380766e-01  6.28117219e-01  6.39904500e-01  3.59449062e-01  1.82139922e-01  0.00000000e+00  5.65375875e+00
  0.00000000e+00  2.70236609e-01  4.45585719e-01  7.08496406e-01  7.08567391e-01  7.11726875e-01  7.23995125e-01  4.45585719e-01  2.70236609e-01  0.00000000e+00  8.29927469e+00
  0.00000000e+00  3.73579344e-01  5.47027437e-01  8.07062094e-01  8.07151063e-01  8.10748578e-01  8.23498812e-01  5.47027437e-01  3.73579344e-01  0.00000000e+00  1.14153328e+01
  0.00000000e+00  4.92821172e-01  6.64420234e-01  9.21655859e-01  9.21762828e-01  9.25812375e-01  9.39047594e-01  6.64420234e-01  4.92821172e-01  0.00000000e+00  1.50099344e+01
  2.20310266e-16  5.95546094e-01  7.65744141e-01  1.02086063e+00  1.02098062e+00  1.02539125e+00  1.03900047e+00  7.65744141e-01  5.95546094e-01  2.20310266e-16  1.80983391e+01
  3.12412844e-02  6.25140078e-01  7.94936125e-01  1.04944078e+00  1.04957062e+00  1.05408125e+00  1.06781047e+00  7.94936125e-01  6.25140078e-01  3.12412844e-02  1.90467406e+01
  2.01617953e-01  7.87745078e-01  9.55650094e-01  1.20729063e+00  1.20743078e+00  1.21247125e+00  1.22673031e+00  9.55650094e-01  7.87745078e-01  2.01617953e-01  2.36889484e+01
  3.96574031e-01  9.75036187e-01  1.14107922e+00  1.38990063e+00  1.39006078e+00  1.39565125e+00  1.41044047e+00  1.14107922e+00  9.75036187e-01  3.96574031e-01  2.88633641e+01
  6.14056250e-01  1.18493844e+00  1.34914938e+00  1.59518094e+00  1.59537094e+00  1.60152156e+00  1.61687063e+00  1.34914938e+00  1.18493844e+00  6.14056250e-01  3.46070828e+01
  8.55085609e-01  1.41847891e+00  1.58086984e+00  1.82416125e+00  1.82437109e+00  1.83111187e+00  1.84702109e+00  1.58086984e+00  1.41847891e+00  8.55085609e-01  4.09213031e+01
  1.12110109e+00  1.67708937e+00  1.83768047e+00  2.07826187e+00  2.07849172e+00  2.08586234e+00  2.10234141e+00  1.83768047e+00  1.67708937e+00  1.12110109e+00  4.78079297e+01
  1.41295172e+00  1.96159016e+00  2.12042109e+00  2.35832234e+00  2.35857234e+00  2.36658313e+00  2.38365203e+00  2.12042109e+00  1.96159016e+00  1.41295172e+00  5.52506594e+01
  1.73115250e+00  2.27253094e+00  2.42961187e+00  2.66486328e+00  2.66513328e+00  2.67382391e+00  2.69148297e+00  2.42961187e+00  2.27253094e+00  1.73115250e+00  6.32241922e+01
  2.07633359e+00  2.61052187e+00  2.76587281e+00  2.99850422e+00  2.99880406e+00  3.00819469e+00  3.02645391e+00  2.76587281e+00  2.61052187e+00  2.07633359e+00  7.17027281e+01
  2.44896453e+00  2.97601313e+00  3.12965406e+00  3.35970516e+00  3.36002516e+00  3.37013594e+00  3.38902500e+00  3.12965406e+00  2.97601313e+00  2.44896453e+00  8.06546656e+01
  2.84928594e+00  3.36927438e+00  3.52122531e+00  3.74870656e+00  3.74905641e+00  3.75992719e+00  3.77944625e+00  3.52122531e+00  3.36927438e+00  2.84928594e+00  9.00430063e+01
  3.27737719e+00  3.79036578e+00  3.94064656e+00  4.16559781e+00  4.16596781e+00  4.17761859e+00  4.19778766e+00  3.94064656e+00  3.79036578e+00  3.27737719e+00  9.98258453e+01
  3.73308875e+00  4.23913734e+00  4.38775812e+00  4.61019953e+00  4.61059937e+00  4.62307016e+00  4.64388922e+00  4.38775812e+00  4.23913734e+00  3.73308875e+00  1.09956297e+02
  4.21605047e+00  4.71521906e+00  4.86220984e+00  5.08217109e+00  5.08260094e+00  5.09591172e+00  5.11741078e+00  4.86220984e+00  4.71521906e+00  4.21605047e+00  1.20385328e+02
  4.72570203e+00  5.21805078e+00  5.36342156e+00  5.58093281e+00  5.58138281e+00  5.59557344e+00  5.61775250e+00  5.36342156e+00  5.21805078e+00  4.72570203e+00  1.31058359e+02
  5.26122391e+00  5.74681266e+00  5.89058344e+00  6.10566469e+00  6.10615438e+00  6.12123547e+00  6.14411438e+00  5.89058344e+00  5.74681266e+00  5.26122391e+00  1.41919406e+02
  5.82203578e+00  6.30091469e+00  6.44310531e+00  6.65578656e+00  6.65629641e+00  6.67232719e+00  6.69591625e+00  6.44310531e+00  6.30091469e+00  5.82203578e+00  1.52912453e+02
  6.40657781e+00  6.87881656e+00  7.01943734e+00  7.22973859e+00  7.23028828e+00  7.24727922e+00  7.27159828e+00  7.01943734e+00  6.87881656e+00  6.40657781e+00  1.63976484e+02
  0.00000000e+00  0.00000000e+00  1.74052094e-01  4.35130734e-01  4.35130734e-01  4.37107203e-01  4.48837453e-01  1.74052094e-01  0.00000000e+00  0.00000000e+00  2.32772891e-01
  0.00000000e+00  4.47721656e-02  2.16733641e-01  4.74643250e-01  4.74664234e-01  4.77104734e-01  4.89368953e-01  2.16733641e-01  4.47721656e-02  0.00000000e+00  1.62780813e+00
  0.00000000e+00  1.03457141e-01  2.73422188e-01  5.28303766e-01  5.28344766e-01  5.31262266e-01  5.44054469e-01  2.73422188e-01  1.03457141e-01  0.00000000e+00  3.35648969e+00
  0.00000000e+00  1.73949766e-01  3.41989781e-01  5.93953328e-01  5.94015313e-01  5.97420875e-01  6.10740047e-01  3.41989781e-01  1.73949766e-01  0.00000000e+00  5.45725344e+00
  0.00000000e+00  2.56902453e-01  4.23080453e-01  6.72219984e-01  6.72301953e-01  6.76211531e-01  6.90057688e-01  4.23080453e-01  2.56902453e-01  0.00000000e+00  7.94445000e+00
  0.00000000e+00  3.53559234e-01  5.17932203e-01  7.64336688e-01  7.64438672e-01  7.68867266e-01  7.83241406e-01  5.17932203e-01  3.53559234e-01  0.00000000e+00  1.08477297e+01
  0.00000000e+00  4.64400078e-01  6.27017047e-01  8.70760516e-01  8.70882484e-01  8.75846094e-01  8.90750219e-01  6.27017047e-01  4.64400078e-01  0.00000000e+00  1.41693328e+01
  1.73471875e-18  5.59439031e-01  7.20726984e-01  9.62454422e-01  9.62592375e-01  9.67979031e-01  9.83296125e-01  7.20726984e-01  5.59439031e-01  1.73471875e-18  1.70051391e+01
  2.88376906e-02  5.86704031e-01  7.47610969e-01  9.88760406e-01  9.88902391e-01  9.94416031e-01  1.00985016e+00  7.47610969e-01  5.86704031e-01  2.88376906e-02  1.78711406e+01
  1.85690000e-01  7.36137094e-01  8.95249016e-01  1.13368031e+00  1.13384047e+00  1.13997109e+00  1.15599000e+00  8.95249016e-01  7.36137094e-01  1.85690000e-01  2.20934516e+01
  3.64184109e-01  9.07312281e-01  1.06465922e+00  1.30041047e+00  1.30059062e+00  1.30736125e+00  1.32397016e+00  1.06465922e+00  9.07312281e-01  3.64184109e-01  2.67640672e+01
  5.62207375e-01  1.09809859e+00  1.25370938e+00  1.48682078e+00  1.48703078e+00  1.49446141e+00  1.51166062e+00  1.25370938e+00  1.09809859e+00  5.62207375e-01  3.19108859e+01
  7.80486750e-01  1.30922906e+00  1.46311984e+00  1.69362125e+00  1.69385125e+00  1.70197203e+00  1.71979094e+00  1.46311984e+00  1.30922906e+00  7.80486750e-01  3.75286094e+01
  1.02009125e+00  1.54175969e+00  1.69395047e+00  1.92188172e+00  1.92214172e+00  1.93098250e+00  1.94942141e+00  1.69395047e+00  1.54175969e+00  1.02009125e+00  4.36126344e+01
  1.28156203e+00  1.79623031e+00  1.94674125e+00  2.17213250e+00  2.17241250e+00  2.18201313e+00  2.20108203e+00  1.94674125e+00  1.79623031e+00  1.28156203e+00  5.01425641e+01
  1.56517266e+00  2.07290125e+00  2.22176188e+00  2.44464312e+00  2.44494328e+00  2.45532391e+00  2.47503297e+00  2.22176188e+00  2.07290125e+00  1.56517266e+00  5.70909953e+01
  1.87124359e+00  2.37210219e+00  2.51932297e+00  2.73972422e+00  2.74006406e+00  2.75123500e+00  2.77161391e+00  2.51932297e+00  2.37210219e+00  1.87124359e+00  6.44303266e+01
  2.19995469e+00  2.69401328e+00  2.83961406e+00  3.05756531e+00  3.05792516e+00  3.06994594e+00  3.09098500e+00  2.83961406e+00  2.69401328e+00  2.19995469e+00  7.21280625e+01
  2.55132578e+00  3.03863453e+00  3.18264516e+00  3.39816641e+00  3.39855625e+00  3.41143719e+00  3.43316609e+00  3.18264516e+00  3.03863453e+00  2.55132578e+00  8.01479984e+01
  2.92516719e+00  3.40579578e+00  3.54822656e+00  3.76134781e+00  3.76176766e+00  3.77554859e+00  3.79797734e+00  3.54822656e+00  3.40579578e+00  2.92516719e+00  8.84498344e+01
  3.32114844e+00  3.79514734e+00  3.93601797e+00  4.14676906e+00  4.14721891e+00  4.16192984e+00  4.18505891e+00  3.93601797e+00  3.79514734e+00  3.32114844e+00  9.69902703e+01
  3.73871984e+00  4.20615875e+00  4.34546953e+00  4.55388063e+00  4.55436047e+00  4.57004141e+00  4.59389031e+00  4.34546953e+00  4.20615875e+00  3.73871984e+00  1.05723313e+02
  4.17717141e+00  4.63810031e+00  4.77588109e+00  4.98197219e+00  4.98248203e+00  4.99916281e+00  5.02375187e+00  4.77588109e+00  4.63810031e+00  4.17717141e+00  1.14601344e+02
  4.63560297e+00  5.09007203e+00  5.22634266e+00  5.43013375e+00  5.43068359e+00  5.44838453e+00  5.47372359e+00  5.22634266e+00  5.09007203e+00  4.63560297e+00  1.23575359e+02
  5.11324469e+00  5.56131375e+00  5.69609438e+00  5.89761547e+00  5.89819531e+00  5.91695625e+00  5.94306516e+00  5.69609438e+00  5.56131375e+00  5.11324469e+00  1.32593406e+02
  5.60861625e+00  6.05034531e+00  6.18363609e+00  6.38290719e+00  6.38352703e+00  6.40338781e+00  6.43027687e+00  6.18363609e+00  6.05034531e+00  5.60861625e+00  1.41606422e+02
  0.00000000e+00  0.00000000e+00  1.64828984e-01  4.12073453e-01  4.12073453e-01  4.14606031e-01  4.27888156e-01  1.64828984e-01  0.00000000e+00  0.00000000e+00  2.70500156e-01
  0.00000000e+00  4.31799188e-02  2.06022484e-01  4.50249922e-01  4.50272922e-01  4.53362516e-01  4.67229625e-01  2.06022484e-01  4.31799188e-02  0.00000000e+00  1.62466406e+00
  0.00000000e+00  9.92414781e-02  2.60188016e-01  5.01534437e-01  5.01581406e-01  5.05238047e-01  5.19685141e-01  2.60188016e-01  9.92414781e-02  0.00000000e+00  3.28132578e+00
  0.00000000e+00  1.66018719e-01  3.25137641e-01  5.63710016e-01  5.63779016e-01  5.68018656e-01  5.83042719e-01  3.25137641e-01  1.66018719e-01  0.00000000e+00  5.27230078e+00
  0.00000000e+00  2.44011438e-01  4.01364344e-01  6.37254703e-01  6.37345688e-01  6.42182359e-01  6.57782391e-01  4.01364344e-01  2.44011438e-01  0.00000000e+00  7.60600906e+00
  0.00000000e+00  3.34238266e-01  4.89881141e-01  7.23173484e-01  7.23287453e-01  7.28737156e-01  7.44913172e-01  4.89881141e-01  3.34238266e-01  0.00000000e+00  1.03039312e+01
  0.00000000e+00  4.37025187e-01  5.91005047e-01  8.21772359e-01  8.21909312e-01  8.27989047e-01  8.44742047e-01  5.91005047e-01  4.37025187e-01  0.00000000e+00  1.33631359e+01
  0.00000000e+00  5.24717172e-01  6.77437031e-01  9.06292328e-01  9.06446297e-01  9.13025031e-01  9.30227016e-01  6.77437031e-01  5.24717172e-01  0.00000000e+00  1.59573422e+01
  2.65456000e-02  5.49760203e-01  7.02120047e-01  9.30428328e-01  9.30587297e-01  9.37314047e-01  9.54647031e-01  7.02120047e-01  5.49760203e-01  2.65456000e-02  1.67447453e+01
  1.70527047e-01  6.86658328e-01  8.37320156e-01  1.06305031e+00  1.06323047e+00  1.07068109e+00  1.08864016e+00  8.37320156e-01  6.86658328e-01  1.70527047e-01  2.05678594e+01
  3.33414219e-01  8.42559578e-01  9.91549391e-01  1.21474062e+00  1.21495062e+00  1.22314141e+00  1.24174031e+00  9.91549391e-01  8.42559578e-01  3.33414219e-01  2.47624750e+01
  5.13071516e-01  1.01530906e+00  1.16265969e+00  1.38335094e+00  1.38358094e+00  1.39255172e+00  1.41180062e+00  1.16265969e+00  1.01530906e+00  5.13071516e-01  2.93483938e+01
  7.09971922e-01  1.20538937e+00  1.35110031e+00  1.56933141e+00  1.56959125e+00  1.57936219e+00  1.59927109e+00  1.35110031e+00  1.20538937e+00  7.09971922e-01  3.43159172e+01
  9.24874453e-01  1.41353016e+00  1.55765078e+00  1.77344188e+00  1.77373187e+00  1.78433281e+00  1.80492156e+00  1.55765078e+00  1.41353016e+00  9.24874453e-01  3.96548422e+01
  1.15806219e+00  1.64004078e+00  1.78257156e+00  1.99596266e+00  1.99628250e+00  2.00775344e+00  2.02902234e+00  1.78257156e+00  1.64004078e+00  1.15806219e+00  4.53424688e+01
  1.40960281e+00  1.88496156e+00  2.02593234e+00  2.23694344e+00  2.23729328e+00  2.24966422e+00  2.27162312e+00  2.02593234e+00  1.88496156e+00  1.40960281e+00  5.13504984e+01
  1.67958375e+00  2.14838250e+00  2.28781328e+00  2.49648438e+00  2.49685437e+00  2.51016516e+00  2.53283406e+00  2.28781328e+00  2.14838250e+00  1.67958375e+00  5.76507281e+01
  1.96797469e+00  2.43027359e+00  2.56817437e+00  2.77453531e+00  2.77493531e+00  2.78920609e+00  2.81259516e+00  2.56817437e+00  2.43027359e+00  1.96797469e+00  6.42112594e+01
  2.27457578e+00  2.73043484e+00  2.86683547e+00  3.07089656e+00  3.07133641e+00  3.08659734e+00  3.11072625e+00  2.86683547e+00  2.73043484e+00  2.27457578e+00  7.09971906e+01
  2.59904687e+00  3.04853594e+00  3.18343672e+00  3.38523766e+00  3.38570766e+00  3.40199859e+00  3.42687734e+00  3.18343672e+00  3.04853594e+00  2.59904687e+00  7.79711203e+01
  2.94089812e+00  3.38405734e+00  3.51749781e+00  3.71705891e+00  3.71755875e+00  3.73491969e+00  3.76055859e+00  3.51749781e+00  3.38405734e+00  2.94089812e+00  8.50934500e+01
  3.29946953e+00  3.73636859e+00  3.86834922e+00  4.06569031e+00  4.06623016e+00  4.08468109e+00  4.11110000e+00  3.86834922e+00  3.73636859e+00  3.29946953e+00  9.23230797e+01
  3.67398078e+00  4.10466000e+00  4.23520047e+00  4.43035156e+00  4.43093141e+00  4.45051234e+00  4.47772125e+00  4.23520047e+00  4.10466000e+00  3.67398078e+00  9.96181078e+01
  4.06346219e+00  4.48798141e+00  4.61709203e+00  4.81008297e+00  4.81070281e+00  4.83144391e+00  4.85946266e+00  4.61709203e+00  4.48798141e+00  4.06346219e+00  1.06935344e+02
  4.46707344e+00  4.88548297e+00  5.01318344e+00  5.20403437e+00  5.20469406e+00  5.22663516e+00  5.25547406e+00  5.01318344e+00  4.88548297e+00  4.46707344e+00  1.14232359e+02
  4.88339484e+00  5.29575437e+00  5.42206484e+00  5.61078578e+00  5.61148563e+00  5.63466656e+00  5.66433562e+00  5.42206484e+00  5.29575437e+00  4.88339484e+00  1.21465391e+02
  0.00000000e+00  0.00000000e+00  1.55923875e-01  3.89809203e-01  3.89810188e-01  3.93052875e-01  4.08061875e-01  1.55923875e-01  0.00000000e+00  0.00000000e+00  3.14075297e-01
  0.00000000e+00  4.17191297e-02  1.95773391e-01  4.26813672e-01  4.26838672e-01  4.30746375e-01  4.46394359e-01  1.95773391e-01  4.17191297e-02  0.00000000e+00  1.63043109e+00
  0.00000000e+00  9.52956266e-02  2.47564969e-01  4.75890219e-01  4.75941203e-01  4.80523953e-01  4.96802922e-01  2.47564969e-01  9.52956266e-02  0.00000000e+00  3.21792469e+00
  0.00000000e+00  1.58512828e-01  3.09064625e-01  5.34774875e-01  5.34849859e-01  5.40123625e-01  5.57030547e-01  3.09064625e-01  1.58512828e-01  0.00000000e+00  5.10262156e+00
  0.00000000e+00  2.31742609e-01  3.80633406e-01  6.03816625e-01  6.03917594e-01  6.09896391e-01  6.27428297e-01  3.80633406e-01  2.31742609e-01  0.00000000e+00  7.28781203e+00
  0.00000000e+00  3.15804500e-01  4.63086297e-01  6.83823484e-01  6.83949438e-01  6.90650266e-01  7.08807156e-01  4.63086297e-01  3.15804500e-01  0.00000000e+00  9.78789594e+00
  0.00000000e+00  4.10893484e-01  5.56613266e-01  7.74974406e-01  7.75124375e-01  7.82565234e-01  8.01347109e-01  5.56613266e-01  4.10893484e-01  0.00000000e+00  1.25959437e+01
  1.73471875e-18  4.91586531e-01  6.36124281e-01  8.52684437e-01  8.52854391e-01  8.60880266e-01  8.80147125e-01  6.36124281e-01  4.91586531e-01  1.73471875e-18  1.49599500e+01
  2.43671125e-02  5.14521562e-01  6.58720312e-01  8.74765469e-01  8.74941422e-01  8.83141281e-01  9.02550141e-01  6.58720312e-01  5.14521562e-01  2.43671125e-02  1.56729531e+01
  1.56147125e-01  6.39547766e-01  7.82151484e-01  9.95770609e-01  9.95972562e-01  1.00501141e+00  1.02510031e+00  7.82151484e-01  6.39547766e-01  1.56147125e-01  1.91189688e+01
  3.04317344e-01  7.81057047e-01  9.22091766e-01  1.13332094e+00  1.13355094e+00  1.14346172e+00  1.16424063e+00  9.22091766e-01  7.81057047e-01  3.04317344e-01  2.28669859e+01
  4.66747672e-01  9.36904453e-01  1.07639016e+00  1.28527125e+00  1.28553125e+00  1.29634219e+00  1.31782094e+00  1.07639016e+00  9.36904453e-01  4.66747672e-01  2.69306062e+01
  6.43705094e-01  1.10735000e+00  1.24532062e+00  1.45187172e+00  1.45216172e+00  1.46391250e+00  1.48610141e+00  1.24532062e+00  1.10735000e+00  6.43705094e-01  3.12967266e+01
  8.35688625e-01  1.29289063e+00  1.42935125e+00  1.63362234e+00  1.63395219e+00  1.64665328e+00  1.66957187e+00  1.42935125e+00  1.29289063e+00  8.35688625e-01  3.59513500e+01
  1.04279219e+00  1.49362125e+00  1.62859203e+00  1.83060297e+00  1.83096281e+00  1.84467375e+00  1.86831266e+00  1.62859203e+00  1.49362125e+00  1.04279219e+00  4.08704766e+01
  1.26489297e+00  1.70941219e+00  1.84292281e+00  2.04270375e+00  2.04309359e+00  2.05783469e+00  2.08222344e+00  1.84292281e+00  1.70941219e+00  1.26489297e+00  4.60263031e+01
  1.50193375e+00  1.94019297e+00  2.07226359e+00  2.26983469e+00  2.27025453e+00  2.28606547e+00  2.31122422e+00  2.07226359e+00  1.94019297e+00  1.50193375e+00  5.13908281e+01
  1.75369469e+00  2.18576391e+00  2.31639453e+00  2.51179547e+00  2.51225531e+00  2.52916641e+00  2.55509516e+00  2.31639453e+00  2.18576391e+00  1.75369469e+00  5.69334547e+01
  2.01985562e+00  2.44578500e+00  2.57499563e+00  2.76824656e+00  2.76873641e+00  2.78678750e+00  2.81350625e+00  2.57499563e+00  2.44578500e+00  2.01985562e+00  6.26217828e+01
  2.29994672e+00  2.71979609e+00  2.84761656e+00  3.03872766e+00  3.03925750e+00  3.05847859e+00  3.08600734e+00  2.84761656e+00  2.71979609e+00  2.29994672e+00  6.84216078e+01
  2.59338781e+00  3.00720719e+00  3.13363781e+00  3.32264875e+00  3.32322844e+00  3.34364969e+00  3.37199844e+00  3.13363781e+00  3.00720719e+00  2.59338781e+00  7.42977312e+01
  2.89946875e+00  3.30730828e+00  3.43236891e+00  3.61929984e+00  3.61990969e+00  3.64159062e+00  3.67075969e+00  3.43236891e+00  3.30730828e+00  2.89946875e+00  8.02139547e+01
  3.21735000e+00  3.61925969e+00  3.74298000e+00  3.92784109e+00  3.92850078e+00  3.95145187e+00  3.98148063e+00  3.74298000e+00  3.61925969e+00  3.21735000e+00  8.61342766e+01
  3.54609125e+00  3.94213078e+00  4.06450141e+00  4.24733219e+00  4.24803203e+00  4.27230313e+00  4.30319188e+00  4.06450141e+00  3.94213078e+00  3.54609125e+00  9.20224969e+01
  3.88480234e+00  4.27501203e+00  4.39606250e+00  4.57687344e+00  4.57762312e+00  4.60323437e+00  4.63500313e+00  4.39606250e+00  4.27501203e+00  3.88480234e+00  9.78417125e+01
  4.23217359e+00  4.61661328e+00  4.73635375e+00  4.91517453e+00  4.91596437e+00  4.94296547e+00  4.97562437e+00  4.73635375e+00  4.61661328e+00  4.23217359e+00  1.03557328e+02
  0.00000000e+00  0.00000000e+00  1.48353797e-01  3.70884984e-01  3.70884984e-01  3.75031797e-01  3.91898656e-01  1.48353797e-01  0.00000000e+00  0.00000000e+00  3.63390609e-01
  0.00000000e+00  4.05237203e-02  1.87125391e-01  4.06983547e-01  4.07010547e-01  4.11946391e-01  4.29503234e-01  1.87125391e-01  4.05237203e-02  0.00000000e+00  1.64837031e+00
  0.00000000e+00  9.19982125e-02  2.36927063e-01  4.54235203e-01  4.54289203e-01  4.60025063e-01  4.78261891e-01  2.36927063e-01  9.19982125e-02  0.00000000e+00  3.17606688e+00
  0.00000000e+00  1.52179109e-01  2.95497844e-01  5.10349953e-01  5.10430938e-01  5.16980844e-01  5.35892641e-01  2.95497844e-01  1.52179109e-01  0.00000000e+00  4.96848687e+00
  0.00000000e+00  2.21350000e-01  3.63112703e-01  5.75591813e-01  5.75699781e-01  5.83078703e-01  6.02663469e-01  3.63112703e-01  2.21350000e-01  0.00000000e+00  7.02555016e+00
  0.00000000e+00  3.00189953e-01  4.40444672e-01  6.50627734e-01  6.50762703e-01  6.58987656e-01  6.79242422e-01  4.40444672e-01  3.00189953e-01  0.00000000e+00  9.35681656e+00
  0.00000000e+00  3.88814016e-01  5.27604719e-01  7.35554766e-01  7.35717734e-01  7.44807703e-01  7.65733438e-01  5.27604719e-01  3.88814016e-01  0.00000000e+00  1.19532562e+01
  0.00000000e+00  4.63672125e-01  6.01354781e-01  8.07613844e-01  8.07798781e-01  8.17569781e-01  8.39014516e-01  6.01354781e-01  4.63672125e-01  0.00000000e+00  1.41254641e+01
  2.25600250e-02  4.84862156e-01  6.22226828e-01  8.28001875e-01  8.28192828e-01  8.38166813e-01  8.59763547e-01  6.22226828e-01  4.84862156e-01  2.25600250e-02  1.47770672e+01
  1.44270188e-01  6.00107375e-01  7.35976047e-01  9.39471078e-01  9.39693016e-01  9.50642031e-01  9.72965750e-01  7.35976047e-01  6.00107375e-01  1.44270188e-01  1.79141813e+01
  2.80421453e-01  7.29881719e-01  8.64279359e-01  1.06553141e+00  1.06578141e+00  1.07774234e+00  1.10080109e+00  8.64279359e-01  7.29881719e-01  2.80421453e-01  2.13016984e+01
  4.28939797e-01  8.72096141e-01  1.00504078e+00  1.20408187e+00  1.20437172e+00  1.21737266e+00  1.24118141e+00  1.00504078e+00  8.72096141e-01  4.28939797e-01  2.49499187e+01
  5.89969250e-01  1.02689063e+00  1.15841125e+00  1.35527219e+00  1.35559219e+00  1.36966328e+00  1.39423188e+00  1.15841125e+00  1.02689063e+00  5.89969250e-01  2.88447391e+01
  7.63858766e-01  1.19461125e+00  1.32472172e+00  1.51943266e+00  1.51978266e+00  1.53496375e+00  1.56030250e+00  1.32472172e+00  1.19461125e+00  7.63858766e-01  3.29711609e+01
  9.50593375e-01  1.37524187e+00  1.50395250e+00  1.69654328e+00  1.69693328e+00  1.71326438e+00  1.73938313e+00  1.50395250e+00  1.37524187e+00  9.50593375e-01  3.73061813e+01
  1.14999312e+00  1.56860250e+00  1.69593328e+00  1.88642406e+00  1.88685391e+00  1.90435516e+00  1.93128375e+00  1.69593328e+00  1.56860250e+00  1.14999312e+00  4.18236047e+01
  1.36190391e+00  1.77452344e+00  1.90049406e+00  2.08890484e+00  2.08937469e+00  2.10809594e+00  2.13583469e+00  1.90049406e+00  1.77452344e+00  1.36190391e+00  4.64975266e+01
  1.58606453e+00  1.99273437e+00  2.11736484e+00  2.30372578e+00  2.30423563e+00  2.32421672e+00  2.35277547e+00  2.11736484e+00  1.99273437e+00  1.58606453e+00  5.13002500e+01
  1.82208547e+00  2.22288516e+00  2.34618562e+00  2.53051656e+00  2.53106641e+00  2.55233766e+00  2.58173641e+00  2.34618562e+00  2.22288516e+00  1.82208547e+00  5.62026719e+01
  2.06950641e+00  2.46446625e+00  2.58645672e+00  2.76877750e+00  2.76937734e+00  2.79196859e+00  2.82222734e+00  2.58645672e+00  2.46446625e+00  2.06950641e+00  6.11745922e+01
  2.32772734e+00  2.71691703e+00  2.83759766e+00  3.01792859e+00  3.01857828e+00  3.04253938e+00  3.07366828e+00  2.83759766e+00  2.71691703e+00  2.32772734e+00  6.61852125e+01
  2.59606828e+00  2.97951828e+00  3.09891859e+00  3.27727953e+00  3.27797922e+00  3.30334047e+00  3.33535922e+00  3.09891859e+00  2.97951828e+00  2.59606828e+00  7.12035312e+01
  2.87373922e+00  3.25151906e+00  3.36962969e+00  3.54605062e+00  3.54680031e+00  3.57359156e+00  3.60652016e+00  3.36962969e+00  3.25151906e+00  2.87373922e+00  7.61989484e+01
  3.15987031e+00  3.53202016e+00  3.64887078e+00  3.82337141e+00  3.82416125e+00  3.85243250e+00  3.88627125e+00  3.64887078e+00  3.53202016e+00  3.15987031e+00  8.11410625e+01
  3.45363125e+00  3.82019125e+00  3.93580172e+00  4.10838250e+00  4.10923234e+00  4.13901344e+00  4.17378234e+00  3.93580172e+00  3.82019125e+00  3.45363125e+00  8.59986766e+01
  3.75387219e+00  4.11489219e+00  4.22926266e+00  4.39995359e+00  4.40086328e+00  4.43218437e+00  4.46791328e+00  4.22926266e+00  4.11489219e+00  3.75387219e+00  9.07436875e+01
  0.00000000e+00  0.00000000e+00  1.40753703e-01  3.51883766e-01  3.51883766e-01  3.57178734e-01  3.76110422e-01  1.40753703e-01  0.00000000e+00  0.00000000e+00  4.20429906e-01
  0.00000000e+00  3.92315172e-02  1.78344422e-01  3.86967453e-01  3.86997437e-01  3.93226422e-01  4.12900094e-01  1.78344422e-01  3.92315172e-02  0.00000000e+00  1.67072000e+00
  0.00000000e+00  8.84606031e-02  2.26008187e-01  4.32238187e-01  4.32297188e-01  4.39470187e-01  4.59873859e-01  2.26008187e-01  8.84606031e-02  0.00000000e+00  3.13388937e+00
  0.00000000e+00  1.45437375e-01  2.81478031e-01  4.85403031e-01  4.85493000e-01  4.93622047e-01  5.14749687e-01  2.81478031e-01  1.45437375e-01  0.00000000e+00  4.82846203e+00
  0.00000000e+00  2.10372328e-01  3.44954969e-01  5.46652953e-01  5.46772922e-01  5.55873984e-01  5.77721625e-01  3.44954969e-01  2.10372328e-01  0.00000000e+00  6.75152719e+00
  0.00000000e+00  2.83808359e-01  4.16980984e-01  6.16521937e-01  6.16672906e-01  6.26763000e-01  6.49328625e-01  4.16980984e-01  2.83808359e-01  0.00000000e+00  8.90825500e+00
  0.00000000e+00  3.65792453e-01  4.97592078e-01  6.95037016e-01  6.95219969e-01  7.06318078e-01  7.29601687e-01  4.97592078e-01  3.65792453e-01  0.00000000e+00  1.12878656e+01
  0.00000000e+00  4.34684594e-01  5.65446187e-01  7.61304109e-01  7.61511063e-01  7.73401203e-01  7.97241781e-01  5.65446187e-01  4.34684594e-01  0.00000000e+00  1.32648734e+01
  2.07214312e-02  4.54095625e-01  5.84559234e-01  7.79962156e-01  7.80177094e-01  7.92302234e-01  8.16304828e-01  5.84559234e-01  4.54095625e-01  2.07214312e-02  1.38540766e+01
  1.32204234e-01  5.59395891e-01  6.88458469e-01  8.81719375e-01  8.81969312e-01  8.95225453e-01  9.20005063e-01  6.88458469e-01  5.59395891e-01  1.32204234e-01  1.66788922e+01
  2.56193516e-01  6.77287203e-01  8.04969781e-01  9.96122687e-01  9.96409609e-01  1.01083266e+00  1.03640125e+00  8.04969781e-01  6.77287203e-01  2.56193516e-01  1.97039078e+01
  3.90669891e-01  8.05737609e-01  9.32060172e-01  1.12113203e+00  1.12146188e+00  1.13708313e+00  1.16344188e+00  9.32060172e-01  8.05737609e-01  3.90669891e-01  2.29363250e+01
  5.35664313e-01  9.44771094e-01  1.06975172e+00  1.25677250e+00  1.25714234e+00  1.27399359e+00  1.30117219e+00  1.06975172e+00  9.44771094e-01  5.35664313e-01  2.63609438e+01
  6.91368813e-01  1.09458156e+00  1.21823219e+00  1.40323297e+00  1.40364281e+00  1.42176422e+00  1.44977266e+00  1.21823219e+00  1.09458156e+00  6.91368813e-01  2.99619625e+01
  8.57671375e-01  1.25504219e+00  1.37739281e+00  1.56039359e+00  1.56083359e+00  1.58027484e+00  1.60912328e+00  1.37739281e+00  1.25504219e+00  8.57671375e-01  3.37170828e+01
  1.03431313e+00  1.42590297e+00  1.54696344e+00  1.72798422e+00  1.72847422e+00  1.74926531e+00  1.77895406e+00  1.54696344e+00  1.42590297e+00  1.03431313e+00  3.76021031e+01
  1.22106375e+00  1.60692375e+00  1.72670422e+00  1.90577484e+00  1.90631469e+00  1.92848594e+00  1.95904469e+00  1.72670422e+00  1.60692375e+00  1.22106375e+00  4.15931219e+01
  1.41758438e+00  1.79777438e+00  1.91628500e+00  2.09341578e+00  2.09400562e+00  2.11760672e+00  2.14904547e+00  1.91628500e+00  1.79777438e+00  1.41758438e+00  4.56649406e+01
  1.62346516e+00  1.99802531e+00  2.11529562e+00  2.29050656e+00  2.29114625e+00  2.31620750e+00  2.34854625e+00  2.11529562e+00  1.99802531e+00  1.62346516e+00  4.97915594e+01
  1.83818609e+00  2.20717609e+00  2.32320641e+00  2.49652734e+00  2.49721703e+00  2.52377828e+00  2.55703703e+00  2.32320641e+00  2.20717609e+00  1.83818609e+00  5.39467750e+01
  2.06117672e+00  2.42463688e+00  2.53943734e+00  2.71087828e+00  2.71162781e+00  2.73971922e+00  2.77390797e+00  2.53943734e+00  2.42463688e+00  2.06117672e+00  5.81038922e+01
  2.29173766e+00  2.64972766e+00  2.76330828e+00  2.93289906e+00  2.93369875e+00  2.96337000e+00  2.99849875e+00  2.76330828e+00  2.64972766e+00  2.29173766e+00  6.22369063e+01
  2.52914844e+00  2.88169875e+00  2.99408906e+00  3.16183000e+00  3.16268953e+00  3.19397078e+00  3.23006969e+00  2.99408906e+00  2.88169875e+00  2.52914844e+00  6.63200188e+01
  2.77258922e+00  3.11974953e+00  3.23094984e+00  3.39687078e+00  3.39779031e+00  3.43071172e+00  3.46779062e+00  3.23094984e+00  3.11974953e+00  2.77258922e+00  7.03285312e+01
  3.02126016e+00  3.36309031e+00  3.47310078e+00  3.63722156e+00  3.63820125e+00  3.67281234e+00  3.71089125e+00  3.47310078e+00  3.36309031e+00  3.02126016e+00  7.42366406e+01
  3.27417094e+00  3.61069125e+00  3.71954156e+00  3.88187234e+00  3.88291203e+00  3.91924313e+00  3.95833219e+00  3.71954156e+00  3.61069125e+00  3.27417094e+00  7.80224469e+01
  0.00000000e+00  0.00000000e+00  1.33686641e-01  3.34216578e-01  3.34216578e-01  3.40992688e-01  3.62187219e-01  1.33686641e-01  0.00000000e+00  0.00000000e+00  4.86323469e-01
  0.00000000e+00  3.78708156e-02  1.70019422e-01  3.68190359e-01  3.68224344e-01  3.76101500e-01  3.98088016e-01  1.70019422e-01  3.78708156e-02  0.00000000e+00  1.69907969e+00
  0.00000000e+00  8.48240828e-02  2.15503281e-01  4.11422203e-01  4.11491172e-01  4.20477359e-01  4.43243844e-01  2.15503281e-01  8.48240828e-02  0.00000000e+00  3.09590188e+00
  0.00000000e+00  1.38632609e-01  2.67897203e-01  4.61646109e-01  4.61749078e-01  4.71858281e-01  4.95396750e-01  2.67897203e-01  1.38632609e-01  0.00000000e+00  4.69285625e+00
  0.00000000e+00  1.99450609e-01  3.27346187e-01  5.18999062e-01  5.19137016e-01  5.30383234e-01  5.54689719e-01  3.27346187e-01  1.99450609e-01  0.00000000e+00  6.48507266e+00
  0.00000000e+00  2.67713656e-01  3.94283234e-01  5.83904094e-01  5.84078047e-01  5.96478281e-01  6.21549766e-01  3.94283234e-01  2.67713656e-01  0.00000000e+00  8.47439141e+00
  0.00000000e+00  3.43408797e-01  4.68690328e-01  6.56335187e-01  6.56546125e-01  6.70118391e-01  6.95955859e-01  4.68690328e-01  3.43408797e-01  0.00000000e+00  1.06491719e+01
  0.00000000e+00  4.06696922e-01  5.31001453e-01  7.17150281e-01  7.17390219e-01  7.31882500e-01  7.58312953e-01  5.31001453e-01  4.06696922e-01  0.00000000e+00  1.24433813e+01
  1.90035359e-02  4.24446953e-01  5.48471500e-01  7.34191328e-01  7.34439266e-01  7.49203547e-01  7.75808000e-01  5.48471500e-01  4.24446953e-01  1.90035359e-02  1.29747844e+01
  1.20966250e-01  5.20495203e-01  6.43201734e-01  8.26900563e-01  8.27190469e-01  8.43262766e-01  8.70696234e-01  6.43201734e-01  5.20495203e-01  1.20966250e-01  1.55114969e+01
  2.33711547e-01  6.27408531e-01  7.48817031e-01  9.30526844e-01  9.30859750e-01  9.48276047e-01  9.76548531e-01  7.48817031e-01  6.27408531e-01  2.33711547e-01  1.82054125e+01
  3.55295875e-01  7.43227906e-01  8.63356406e-01  1.04310219e+00  1.04348203e+00  1.06227344e+00  1.09140188e+00  8.63356406e-01  7.43227906e-01  3.55295875e-01  2.10614281e+01
  4.85650297e-01  8.67883344e-01  9.86747828e-01  1.16456250e+00  1.16498250e+00  1.18519391e+00  1.21519219e+00  9.86747828e-01  8.67883344e-01  4.85650297e-01  2.40642453e+01
  6.24848750e-01  1.00144188e+00  1.11906219e+00  1.29495313e+00  1.29542297e+00  1.31709437e+00  1.34797281e+00  1.11906219e+00  1.00144188e+00  6.24848750e-01  2.71977609e+01
  7.72697281e-01  1.14371234e+00  1.26009281e+00  1.43409375e+00  1.43462344e+00  1.45778484e+00  1.48955344e+00  1.26009281e+00  1.14371234e+00  7.72697281e-01  3.04407797e+01
  9.28890859e-01  1.29437297e+00  1.40954344e+00  1.58167422e+00  1.58224406e+00  1.60694547e+00  1.63962406e+00  1.40954344e+00  1.29437297e+00  9.28890859e-01  3.37713953e+01
  1.09313344e+00  1.45314359e+00  1.56709406e+00  1.73738484e+00  1.73800469e+00  1.76428594e+00  1.79788469e+00  1.56709406e+00  1.45314359e+00  1.09313344e+00  3.71675125e+01
  1.26504406e+00  1.61962438e+00  1.73239469e+00  1.90084547e+00  1.90152531e+00  1.92941656e+00  1.96396516e+00  1.73239469e+00  1.61962438e+00  1.26504406e+00  4.06068281e+01
  1.44418484e+00  1.79339500e+00  1.90497547e+00  2.07161625e+00  2.07235594e+00  2.10189719e+00  2.13740594e+00  1.90497547e+00  1.79339500e+00  1.44418484e+00  4.40665438e+01
  1.63004547e+00  1.97391578e+00  2.08433609e+00  2.24917687e+00  2.24997656e+00  2.28119797e+00  2.31768672e+00  2.08433609e+00  1.97391578e+00  1.63004547e+00  4.75238562e+01
  1.82202625e+00  2.16061656e+00  2.26987688e+00  2.43293766e+00  2.43379734e+00  2.46674875e+00  2.50422750e+00  2.26987688e+00  2.16061656e+00  1.82202625e+00  5.09561703e+01
  2.01949703e+00  2.35284734e+00  2.46095766e+00  2.62225828e+00  2.62318797e+00  2.65789937e+00  2.69638812e+00  2.46095766e+00  2.35284734e+00  2.01949703e+00  5.43415828e+01
  2.22175766e+00  2.54991797e+00  2.65688828e+00  2.81642922e+00  2.81742875e+00  2.85394016e+00  2.89345891e+00  2.65688828e+00  2.54991797e+00  2.22175766e+00  5.76590922e+01
  2.42806828e+00  2.75106875e+00  2.85690906e+00  3.01471984e+00  3.01578938e+00  3.05413078e+00  3.09469969e+00  2.85690906e+00  2.75106875e+00  2.42806828e+00  6.08886000e+01
  2.63766906e+00  2.95555953e+00  3.06028969e+00  3.21638063e+00  3.21752016e+00  3.25773141e+00  3.29937031e+00  3.06028969e+00  2.95555953e+00  2.63766906e+00  6.40091063e+01
  2.84968969e+00  3.16252016e+00  3.26613047e+00  3.42052125e+00  3.42174063e+00  3.46385203e+00  3.50657094e+00  3.26613047e+00  3.16252016e+00  2.84968969e+00  6.70039109e+01
  0.00000000e+00  0.00000000e+00  1.26974562e-01  3.17436391e-01  3.17436391e-01  3.26054703e-01  3.49666031e-01  1.26974562e-01  0.00000000e+00  0.00000000e+00  5.60392375e-01
  0.00000000e+00  3.63218641e-02  1.61849406e-01  3.50085234e-01  3.50125219e-01  3.60035563e-01  3.84487875e-01  1.61849406e-01  3.63218641e-02  0.00000000e+00  1.72967875e+00
  0.00000000e+00  8.09067719e-02  2.05052313e-01  3.91162125e-01  3.91243078e-01  4.02451438e-01  4.27731750e-01  2.05052313e-01  8.09067719e-02  0.00000000e+00  3.05713234e+00
  0.00000000e+00  1.31560734e-01  2.54375250e-01  4.38437047e-01  4.38558016e-01  4.51075375e-01  4.77176687e-01  2.54375250e-01  1.31560734e-01  0.00000000e+00  4.55644781e+00
  0.00000000e+00  1.88378750e-01  3.09905266e-01  4.91987031e-01  4.92149000e-01  5.05988375e-01  5.32906688e-01  3.09905266e-01  1.88378750e-01  0.00000000e+00  6.22103516e+00
  0.00000000e+00  2.51690813e-01  3.71969312e-01  5.52132078e-01  5.52336016e-01  5.67514422e-01  5.95246734e-01  3.71969312e-01  2.51690813e-01  0.00000000e+00  8.04981422e+00
  0.00000000e+00  3.21425937e-01  4.40491422e-01  6.18787187e-01  6.19034109e-01  6.35569531e-01  6.64116844e-01  4.40491422e-01  3.21425937e-01  0.00000000e+00  1.00303750e+01
  5.46438375e-17  3.79430078e-01  4.97575547e-01  6.74457297e-01  6.74738219e-01  6.92335641e-01  7.21514969e-01  4.97575547e-01  3.79430078e-01  5.46438375e-17  1.16525828e+01
  1.73836375e-02  3.95621109e-01  5.13502578e-01  6.89979328e-01  6.90270250e-01  7.08180687e-01  7.37545000e-01  5.13502578e-01  3.95621109e-01  1.73836375e-02  1.21298859e+01
  1.10390250e-01  4.82999359e-01  5.99638828e-01  7.74205562e-01  7.74545453e-01  7.93961891e-01  8.24208234e-01  5.99638828e-01  4.82999359e-01  1.10390250e-01  1.43976000e+01
  2.12608531e-01  5.79666672e-01  6.95083109e-01  8.67768844e-01  8.68158719e-01  8.89116187e-01  9.20258531e-01  6.95083109e-01  5.79666672e-01  2.12608531e-01  1.67846125e+01
  3.22166859e-01  6.83737031e-01  7.97946469e-01  9.68776188e-01  9.69218047e-01  9.91755516e-01  1.02381188e+00  7.97946469e-01  6.83737031e-01  3.22166859e-01  1.92934297e+01
  4.38916250e-01  7.95058469e-01  9.08076891e-01  1.07707266e+00  1.07757234e+00  1.10172391e+00  1.13470234e+00  9.08076891e-01  7.95058469e-01  4.38916250e-01  2.19090437e+01
  5.62822703e-01  9.13594937e-01  1.02543234e+00  1.19262297e+00  1.19317281e+00  1.21898437e+00  1.25290281e+00  1.02543234e+00  9.13594937e-01  5.62822703e-01  2.46151594e+01
  6.93632187e-01  1.03908250e+00  1.14976281e+00  1.31515359e+00  1.31576344e+00  1.34328469e+00  1.37815328e+00  1.14976281e+00  1.03908250e+00  6.93632187e-01  2.73923750e+01
  8.30997719e-01  1.17118313e+00  1.28071344e+00  1.44433406e+00  1.44500391e+00  1.47425531e+00  1.51009391e+00  1.28071344e+00  1.17118313e+00  8.30997719e-01  3.02204906e+01
  9.74579281e-01  1.30955359e+00  1.41793406e+00  1.57980469e+00  1.58053438e+00  1.61155594e+00  1.64839438e+00  1.41793406e+00  1.30955359e+00  9.74579281e-01  3.30800047e+01
  1.12397391e+00  1.45377422e+00  1.56103453e+00  1.72116516e+00  1.72195500e+00  1.75479656e+00  1.79264500e+00  1.56103453e+00  1.45377422e+00  1.12397391e+00  3.59511172e+01
  1.27873453e+00  1.60340484e+00  1.70954516e+00  1.86795578e+00  1.86881563e+00  1.90350703e+00  1.94237562e+00  1.70954516e+00  1.60340484e+00  1.27873453e+00  3.88141297e+01
  1.43833516e+00  1.75792547e+00  1.86295578e+00  2.01965656e+00  2.02058625e+00  2.05716766e+00  2.09708625e+00  1.86295578e+00  1.75792547e+00  1.43833516e+00  4.16497406e+01
  1.60222562e+00  1.91676609e+00  2.02070641e+00  2.17570719e+00  2.17671687e+00  2.21521828e+00  2.25619688e+00  2.02070641e+00  1.91676609e+00  1.60222562e+00  4.44390531e+01
  1.76978625e+00  2.07932672e+00  2.18217703e+00  2.33550781e+00  2.33658750e+00  2.37705875e+00  2.41910766e+00  2.18217703e+00  2.07932672e+00  1.76978625e+00  4.71643609e+01
  1.94038687e+00  2.24496734e+00  2.34673781e+00  2.49840844e+00  2.49956797e+00  2.54201937e+00  2.58517828e+00  2.34673781e+00  2.24496734e+00  1.94038687e+00  4.98087672e+01
  2.11334750e+00  2.41300797e+00  2.51370844e+00  2.66372906e+00  2.66496844e+00  2.70945000e+00  2.75372891e+00  2.51370844e+00  2.41300797e+00  2.11334750e+00  5.23563734e+01
  2.28798813e+00  2.58276859e+00  2.68240891e+00  2.83078969e+00  2.83210906e+00  2.87865047e+00  2.92406953e+00  2.68240891e+00  2.58276859e+00  2.28798813e+00  5.47907766e+01
  2.46354859e+00  2.75348922e+00  2.85207953e+00  2.99884016e+00  3.00023969e+00  3.04887094e+00  3.09545000e+00  2.85207953e+00  2.75348922e+00  2.46354859e+00  5.70996797e+01
  0.00000000e+00  0.00000000e+00  1.20636500e-01  3.01592234e-01  3.01592234e-01  3.12530734e-01  3.38727859e-01  1.20636500e-01  0.00000000e+00  0.00000000e+00  6.44300844e-01
  0.00000000e+00  3.47492844e-02  1.54024359e-01  3.32876078e-01  3.32923078e-01  3.45372594e-01  3.72460719e-01  1.54024359e-01  3.47492844e-02  0.00000000e+00  1.76816766e+00
  0.00000000e+00  7.70167078e-02  1.94990281e-01  3.71833000e-01  3.71927953e-01  3.85890500e-01  4.13855641e-01  1.94990281e-01  7.70167078e-02  0.00000000e+00  3.02642219e+00
  0.00000000e+00  1.24637797e-01  2.41358250e-01  4.16264953e-01  4.16406906e-01  4.31891453e-01  4.60727609e-01  2.41358250e-01  1.24637797e-01  0.00000000e+00  4.43040875e+00
  0.00000000e+00  1.77646813e-01  2.93154266e-01  4.66188953e-01  4.66379891e-01  4.83397453e-01  5.13100625e-01  2.93154266e-01  1.77646813e-01  0.00000000e+00  5.97204672e+00
  0.00000000e+00  2.36270906e-01  3.50603328e-01  5.21824016e-01  5.22062953e-01  5.40629516e-01  5.71198687e-01  3.50603328e-01  2.36270906e-01  0.00000000e+00  7.64767609e+00
  0.00000000e+00  3.00389047e-01  4.13578453e-01  5.83034141e-01  5.83324047e-01  6.03454625e-01  6.34890813e-01  4.13578453e-01  3.00389047e-01  0.00000000e+00  9.44438672e+00
  0.00000000e+00  3.53430172e-01  4.65752578e-01  6.33870266e-01  6.34199156e-01  6.55552750e-01  6.87660953e-01  4.65752578e-01  3.53430172e-01  0.00000000e+00  1.09047844e+01
  1.58629375e-02  3.68159234e-01  4.80233641e-01  6.47968297e-01  6.48309187e-01  6.70022781e-01  7.02327984e-01  4.80233641e-01  3.68159234e-01  1.58629375e-02  1.13312891e+01
  1.00479266e-01  4.47430484e-01  5.58333875e-01  7.24261531e-01  7.24658422e-01  7.48097016e-01  7.81343250e-01  5.58333875e-01  4.47430484e-01  1.00479266e-01  1.33480016e+01
  1.92878531e-01  5.34552797e-01  6.44303188e-01  8.08449844e-01  8.08905688e-01  8.34107281e-01  8.68307547e-01  6.44303188e-01  5.34552797e-01  1.92878531e-01  1.54501141e+01
  2.91268875e-01  6.27725156e-01  7.36337531e-01  8.98726187e-01  8.99243016e-01  9.26244609e-01  9.61415906e-01  7.36337531e-01  6.27725156e-01  2.91268875e-01  1.76389297e+01
  3.95443250e-01  7.26735547e-01  8.34222937e-01  9.94874594e-01  9.95454375e-01  1.02429406e+00  1.06045234e+00  8.34222937e-01  7.26735547e-01  3.95443250e-01  1.98999422e+01
  5.05283672e-01  8.31462016e-01  9.37839375e-01  1.09677297e+00  1.09742266e+00  1.12813438e+00  1.16530266e+00  9.37839375e-01  8.31462016e-01  5.05283672e-01  2.22173563e+01
  6.20497125e-01  9.41609500e-01  1.04688297e+00  1.20412344e+00  1.20483328e+00  1.23747484e+00  1.27565328e+00  1.04688297e+00  9.41609500e-01  6.20497125e-01  2.45734719e+01
  7.40714625e-01  1.05680313e+00  1.16099344e+00  1.31655406e+00  1.31733375e+00  1.35192531e+00  1.39115375e+00  1.16099344e+00  1.05680313e+00  7.40714625e-01  2.69506844e+01
  8.65577125e-01  1.17669359e+00  1.27980391e+00  1.43369453e+00  1.43454422e+00  1.47113578e+00  1.51141437e+00  1.27980391e+00  1.17669359e+00  8.65577125e-01  2.93317969e+01
  9.94676641e-01  1.30085406e+00  1.40290438e+00  1.55513516e+00  1.55606484e+00  1.59468625e+00  1.63604484e+00  1.40290438e+00  1.30085406e+00  9.94676641e-01  3.16998078e+01
  1.12756406e+00  1.42884469e+00  1.52983500e+00  1.68043563e+00  1.68143531e+00  1.72211688e+00  1.76457547e+00  1.52983500e+00  1.42884469e+00  1.12756406e+00  3.40382187e+01
  1.26373469e+00  1.56016516e+00  1.66010547e+00  1.80908609e+00  1.81016578e+00  1.85294734e+00  1.89652594e+00  1.66010547e+00  1.56016516e+00  1.26373469e+00  3.63310281e+01
  1.40267531e+00  1.69428578e+00  1.79318609e+00  1.94055687e+00  1.94172625e+00  1.98663781e+00  2.03135656e+00  1.79318609e+00  1.69428578e+00  1.40267531e+00  3.85631359e+01
  1.54383578e+00  1.83065641e+00  1.92852672e+00  2.07430734e+00  2.07555687e+00  2.12263828e+00  2.16850719e+00  1.92852672e+00  1.83065641e+00  1.54383578e+00  4.07204406e+01
  1.68662625e+00  1.96870687e+00  2.06555719e+00  2.20973797e+00  2.21108719e+00  2.26035875e+00  2.30740766e+00  2.06555719e+00  1.96870687e+00  1.68662625e+00  4.27898469e+01
  1.83045672e+00  2.10782734e+00  2.20365766e+00  2.34626844e+00  2.34770766e+00  2.39919922e+00  2.44744828e+00  2.20365766e+00  2.10782734e+00  1.83045672e+00  4.47595500e+01
  1.97470719e+00  2.24740797e+00  2.34223812e+00  2.48328875e+00  2.48480828e+00  2.53855953e+00  2.58802859e+00  2.34223812e+00  2.24740797e+00  1.97470719e+00  4.66169516e+01
  2.11875766e+00  2.38682828e+00  2.48064859e+00  2.62013922e+00  2.62176844e+00  2.67779000e+00  2.72849906e+00  2.48064859e+00  2.38682828e+00  2.11875766e+00  4.83537531e+01
  0.00000000e+00  0.00000000e+00  1.14641422e-01  2.86603078e-01  2.86603078e-01  3.00448797e-01  3.29388719e-01  1.14641422e-01  0.00000000e+00  0.00000000e+00  7.38890047e-01
  0.00000000e+00  3.32453953e-02  1.46607312e-01  3.16584953e-01  3.16639938e-01  3.32247656e-01  3.62129594e-01  1.46607312e-01  3.32453953e-02  0.00000000e+00  1.81734703e+00
  0.00000000e+00  7.33133359e-02  1.85453250e-01  3.53533891e-01  3.53644828e-01  3.71011562e-01  4.01821531e-01  1.85453250e-01  7.33133359e-02  0.00000000e+00  3.00784266e+00
  0.00000000e+00  1.18066828e-01  2.29028234e-01  3.95281859e-01  3.95447797e-01  4.14577531e-01  4.46311516e-01  2.29028234e-01  1.18066828e-01  0.00000000e+00  4.31967000e+00
  0.00000000e+00  1.67480891e-01  2.77302281e-01  4.41787891e-01  4.42009812e-01  4.62911547e-01  4.95566562e-01  2.77302281e-01  1.67480891e-01  0.00000000e+00  5.74354875e+00
  0.00000000e+00  2.21692984e-01  3.30409359e-01  4.93179984e-01  4.93459875e-01  5.16143625e-01  5.49719656e-01  3.30409359e-01  2.21692984e-01  0.00000000e+00  7.27376859e+00
  0.00000000e+00  2.80539141e-01  3.88179516e-01  5.49282125e-01  5.49620000e-01  5.74100750e-01  6.08599813e-01  3.88179516e-01  2.80539141e-01  0.00000000e+00  8.89730953e+00
  0.00000000e+00  3.28932297e-01  4.35756656e-01  5.95594266e-01  5.95978125e-01  6.21859859e-01  6.57073969e-01  4.35756656e-01  3.28932297e-01  0.00000000e+00  1.02060891e+01
  1.44452406e-02  3.42297359e-01  4.48887719e-01  6.08363312e-01  6.08761156e-01  6.35052906e-01  6.70477016e-01  4.48887719e-01  3.42297359e-01  1.44452406e-02  1.05854906e+01
  9.12546703e-02  4.14010609e-01  5.19498953e-01  6.77263562e-01  6.77726406e-01  7.05987125e-01  7.42415281e-01  5.19498953e-01  4.14010609e-01  9.12546703e-02  1.23691031e+01
  1.74550563e-01  4.92271938e-01  5.96673281e-01  7.52752875e-01  7.53283687e-01  7.83548391e-01  8.20995594e-01  5.96673281e-01  4.92271938e-01  1.74550563e-01  1.42088172e+01
  2.62633891e-01  5.75372297e-01  6.78700625e-01  8.33114234e-01  8.33716000e-01  8.66020719e-01  9.04503969e-01  6.78700625e-01  5.75372297e-01  2.62633891e-01  1.61053297e+01
  3.55252250e-01  6.63054703e-01  7.65322016e-01  9.18089625e-01  9.18764359e-01  9.53147063e-01  9.92685359e-01  7.65322016e-01  6.63054703e-01  3.55252250e-01  1.80447422e+01
  4.52229656e-01  7.55141141e-01  8.56360437e-01  1.00750297e+00  1.00825266e+00  1.04474453e+00  1.08536281e+00  8.56360437e-01  7.55141141e-01  4.52229656e-01  2.00123562e+01
  5.53249078e-01  8.51313594e-01  9.51493891e-01  1.10102344e+00  1.10185313e+00  1.14049484e+00  1.18220328e+00  9.51493891e-01  8.51313594e-01  5.53249078e-01  2.19926687e+01
  6.57941516e-01  9.51197078e-01  1.05035328e+00  1.19827406e+00  1.19918375e+00  1.24002516e+00  1.28284375e+00  1.05035328e+00  9.51197078e-01  6.57941516e-01  2.39703797e+01
  7.65939000e-01  1.05442359e+00  1.15256375e+00  1.29890453e+00  1.29989406e+00  1.34295563e+00  1.38691422e+00  1.15256375e+00  1.05442359e+00  7.65939000e-01  2.59308906e+01
  8.76844453e-01  1.16060406e+00  1.25772437e+00  1.40249500e+00  1.40357453e+00  1.44888609e+00  1.49399484e+00  1.25772437e+00  1.16060406e+00  8.76844453e-01  2.78599984e+01
  9.90225937e-01  1.26928453e+00  1.36540484e+00  1.50862547e+00  1.50979500e+00  1.55738656e+00  1.60367531e+00  1.36540484e+00  1.26928453e+00  9.90225937e-01  2.97441078e+01
  1.10562437e+00  1.38002500e+00  1.47515531e+00  1.61682594e+00  1.61808547e+00  1.66799703e+00  1.71548578e+00  1.47515531e+00  1.38002500e+00  1.10562437e+00  3.15706156e+01
  1.22256484e+00  1.49233562e+00  1.58647594e+00  1.72661641e+00  1.72797578e+00  1.78022750e+00  1.82893625e+00  1.58647594e+00  1.49233562e+00  1.22256484e+00  3.33276203e+01
  1.34054531e+00  1.60572609e+00  1.69888625e+00  1.83749703e+00  1.83895625e+00  1.89358766e+00  1.94352687e+00  1.69888625e+00  1.60572609e+00  1.34054531e+00  3.50044250e+01
  1.45905578e+00  1.71968641e+00  1.81187672e+00  1.94896734e+00  1.95052672e+00  2.00755813e+00  2.05875734e+00  1.81187672e+00  1.71968641e+00  1.45905578e+00  3.65914266e+01
  1.57759609e+00  1.83369688e+00  1.92492703e+00  2.06050781e+00  2.06216703e+00  2.12161844e+00  2.17410766e+00  1.92492703e+00  1.83369688e+00  1.57759609e+00  3.80801281e+01
  1.69561641e+00  1.94723719e+00  2.03749734e+00  2.17157828e+00  2.17334734e+00  2.23523875e+00  2.28903797e+00  2.03749734e+00  1.94723719e+00  1.69561641e+00  3.94612297e+01
  1.81259672e+00  2.05975766e+00  2.14906781e+00  2.28166844e+00  2.28354766e+00  2.34788906e+00  2.40300844e+00  2.14906781e+00  2.05975766e+00  1.81259672e+00  4.07299281e+01
  0.00000000e+00  0.00000000e+00  1.09103375e-01  2.72757953e-01  2.72758938e-01  2.90231859e-01  3.22027594e-01  1.09103375e-01  0.00000000e+00  0.00000000e+00  8.44444313e-01
  0.00000000e+00  3.18746109e-02  1.39774281e-01  3.01552828e-01  3.01616812e-01  3.21135734e-01  3.53928500e-01  1.39774281e-01  3.18746109e-02  0.00000000e+00  1.87884750e+00
  0.00000000e+00  6.99125766e-02  1.76662234e-01  3.36645797e-01  3.36773750e-01  3.58327656e-01  3.92105453e-01  1.76662234e-01  6.99125766e-02  0.00000000e+00  3.00407422e+00
  0.00000000e+00  1.12003891e-01  2.17643250e-01  3.75897797e-01  3.76090734e-01  3.99676641e-01  4.34435484e-01  2.17643250e-01  1.12003891e-01  0.00000000e+00  4.22783266e+00
  0.00000000e+00  1.58076984e-01  2.62643313e-01  4.19222859e-01  4.19480781e-01  4.45102672e-01  4.80841547e-01  2.62643313e-01  1.58076984e-01  0.00000000e+00  5.54016219e+00
  0.00000000e+00  2.08193109e-01  3.11716437e-01  4.66672984e-01  4.66997859e-01  4.94660766e-01  5.31379688e-01  3.11716437e-01  2.08193109e-01  0.00000000e+00  6.93389266e+00
  0.00000000e+00  2.62158297e-01  3.64667609e-01  5.18042156e-01  5.18436000e-01  5.48148891e-01  5.85851875e-01  3.64667609e-01  2.62158297e-01  0.00000000e+00  8.39640375e+00
  0.00000000e+00  3.06261469e-01  4.08002766e-01  5.60177328e-01  5.60624156e-01  5.91931016e-01  6.30399047e-01  4.08002766e-01  3.06261469e-01  0.00000000e+00  9.56531297e+00
  1.31481438e-02  3.18371516e-01  4.19890828e-01  5.71722375e-01  5.72185203e-01  6.03958062e-01  6.42650094e-01  4.19890828e-01  3.18371516e-01  1.31481438e-02  9.90131547e+00
  8.28281875e-02  3.83147797e-01  4.83627094e-01  6.33835641e-01  6.34374453e-01  6.68377297e-01  7.08142391e-01  4.83627094e-01  3.83147797e-01  8.28281875e-02  1.14720094e+01
  1.57848578e-01  4.53322125e-01  5.52774422e-01  7.01381969e-01  7.02001719e-01  7.38265547e-01  7.79121719e-01  5.52774422e-01  4.53322125e-01  1.57848578e-01  1.30746203e+01
  2.36607906e-01  5.27280500e-01  6.25719766e-01  7.72745313e-01  7.73446047e-01  8.12005844e-01  8.53972094e-01  6.25719766e-01  5.27280500e-01  2.36607906e-01  1.47091328e+01
  3.18830250e-01  6.04746875e-01  7.02182156e-01  8.47642703e-01  8.48428406e-01  8.89317172e-01  9.32413500e-01  7.02182156e-01  6.04746875e-01  3.18830250e-01  1.63632437e+01
  4.04302641e-01  6.85504312e-01  7.81948547e-01  9.25858125e-01  9.26731781e-01  9.69983516e-01  1.01423297e+00  7.81948547e-01  6.85504312e-01  4.04302641e-01  1.80236562e+01
  4.92705047e-01  7.69231734e-01  8.64691984e-01  1.00706359e+00  1.00803312e+00  1.05367484e+00  1.09910328e+00  8.64691984e-01  7.69231734e-01  4.92705047e-01  1.96769672e+01
  5.83679453e-01  8.55568172e-01  9.50053422e-01  1.09090406e+00  1.09196359e+00  1.14003531e+00  1.18665375e+00  9.50053422e-01  8.55568172e-01  5.83679453e-01  2.13104766e+01
  6.76871875e-01  9.44158625e-01  1.03767391e+00  1.17701453e+00  1.17817406e+00  1.22870547e+00  1.27653437e+00  1.03767391e+00  9.44158625e-01  6.76871875e-01  2.29119844e+01
  7.71906281e-01  1.03462406e+00  1.12718437e+00  1.26502500e+00  1.26628438e+00  1.31929594e+00  1.36836484e+00  1.12718437e+00  1.03462406e+00  7.71906281e-01  2.44700922e+01
  8.68385688e-01  1.12657453e+00  1.21818469e+00  1.35453531e+00  1.35589469e+00  1.41140641e+00  1.46175516e+00  1.21818469e+00  1.12657453e+00  8.68385688e-01  2.59740984e+01
  9.65896078e-01  1.21958500e+00  1.31024516e+00  1.44511578e+00  1.44658516e+00  1.50463656e+00  1.55626562e+00  1.31024516e+00  1.21958500e+00  9.65896078e-01  2.74141031e+01
  1.06401437e+00  1.31323531e+00  1.40296547e+00  1.53635625e+00  1.53793547e+00  1.59853703e+00  1.65147609e+00  1.40296547e+00  1.31323531e+00  1.06401437e+00  2.87813062e+01
  1.16229484e+00  1.40709562e+00  1.49588594e+00  1.62781656e+00  1.62950594e+00  1.69268719e+00  1.74695641e+00  1.49588594e+00  1.40709562e+00  1.16229484e+00  3.00678094e+01
  1.26032516e+00  1.50072594e+00  1.58858625e+00  1.71905703e+00  1.72086625e+00  1.78663750e+00  1.84225687e+00  1.58858625e+00  1.50072594e+00  1.26032516e+00  3.12670094e+01
  1.35764547e+00  1.59368641e+00  1.68062656e+00  1.80964734e+00  1.81157641e+00  1.87994781e+00  1.93694719e+00  1.68062656e+00  1.59368641e+00  1.35764547e+00  3.23731094e+01
  1.45382562e+00  1.68552672e+00  1.77154687e+00  1.89913750e+00  1.90118656e+00  1.97217781e+00  2.03056750e+00  1.77154687e+00  1.68552672e+00  1.45382562e+00  3.33798094e+01
  1.54842594e+00  1.77583687e+00  1.86094703e+00  1.98708781e+00  1.98926688e+00  2.06288797e+00  2.12269781e+00  1.86094703e+00  1.77583687e+00  1.54842594e+00  3.42847062e+01
  0.00000000e+00  0.00000000e+00  1.03913313e-01  2.59781812e-01  2.59782813e-01  2.81760922e-01  3.16515484e-01  1.03913313e-01  0.00000000e+00  0.00000000e+00  9.61789859e-01
  0.00000000e+00  3.06309469e-02  1.33407266e-01  2.87493750e-01  2.87568719e-01  3.11910828e-01  3.47724422e-01  1.33407266e-01  3.06309469e-02  0.00000000e+00  1.95305953e+00
  0.00000000e+00  6.67608531e-02  1.68451250e-01  3.20832750e-01  3.20982687e-01  3.47664766e-01  3.84527438e-01  1.68451250e-01  6.67608531e-02  0.00000000e+00  3.01390781e+00
  0.00000000e+00  1.06313016e-01  2.06955313e-01  3.57693797e-01  3.57919719e-01  3.86930781e-01  4.24840500e-01  2.06955313e-01  1.06313016e-01  0.00000000e+00  4.15114719e+00
  0.00000000e+00  1.49186125e-01  2.48814406e-01  3.97961891e-01  3.98263797e-01  4.29598828e-01  4.68554625e-01  2.48814406e-01  1.49186125e-01  0.00000000e+00  5.35466750e+00
  0.00000000e+00  1.95380297e-01  2.94023578e-01  4.41627063e-01  4.42007922e-01  4.75664922e-01  5.15669797e-01  2.94023578e-01  1.95380297e-01  0.00000000e+00  6.61644844e+00
  0.00000000e+00  2.44688500e-01  3.42372781e-01  4.88473266e-01  4.88934078e-01  5.24913078e-01  5.65973016e-01  3.42372781e-01  2.44688500e-01  0.00000000e+00  7.92470984e+00
  5.46438375e-17  2.84713703e-01  3.81671953e-01  5.26631438e-01  5.27154250e-01  5.64933219e-01  6.06814203e-01  3.81671953e-01  2.84713703e-01  5.46438375e-17  8.96063891e+00
  1.19288469e-02  2.95632750e-01  3.92382016e-01  5.37014500e-01  5.37556281e-01  5.75860250e-01  6.17982266e-01  3.92382016e-01  2.95632750e-01  1.19288469e-02  9.25569141e+00
  7.49201047e-02  3.53857047e-01  4.49622281e-01  5.92708797e-01  5.93341547e-01  6.34152469e-01  6.77426562e-01  4.49622281e-01  3.53857047e-01  7.49201047e-02  1.06262141e+01
  1.42211594e-01  4.16437375e-01  5.11231609e-01  6.52793125e-01  6.53518828e-01  6.96863719e-01  7.41308922e-01  5.11231609e-01  4.16437375e-01  1.42211594e-01  1.20078250e+01
  2.12306922e-01  4.81867734e-01  5.75701969e-01  7.15755484e-01  7.16578141e-01  7.62483984e-01  8.08124281e-01  5.75701969e-01  4.81867734e-01  2.12306922e-01  1.34007375e+01
  2.84923266e-01  5.49863109e-01  6.42747328e-01  7.81306859e-01  7.82229469e-01  8.30724281e-01  8.77580687e-01  6.42747328e-01  5.49863109e-01  2.84923266e-01  1.47941469e+01
  3.59827641e-01  6.20189500e-01  7.12131719e-01  8.49212250e-01  8.50237828e-01  9.01348578e-01  9.49446094e-01  7.12131719e-01  6.20189500e-01  3.59827641e-01  1.61765563e+01
  4.36710984e-01  6.92533891e-01  7.83542109e-01  9.19154656e-01  9.20287172e-01  9.74039875e-01  1.02340344e+00  7.83542109e-01  6.92533891e-01  4.36710984e-01  1.75365656e+01
  5.15236359e-01  7.66558281e-01  8.56641484e-01  9.90797063e-01  9.92038531e-01  1.04845516e+00  1.09910391e+00  8.56641484e-01  7.66558281e-01  5.15236359e-01  1.88641734e+01
  5.95074734e-01  8.41932688e-01  9.31096875e-01  1.06380453e+00  1.06516391e+00  1.12426547e+00  1.17622438e+00  9.31096875e-01  8.41932688e-01  5.95074734e-01  2.01494797e+01
  6.75882094e-01  9.18312062e-01  1.00656422e+00  1.13783484e+00  1.13930422e+00  1.20111578e+00  1.25441484e+00  1.00656422e+00  9.18312062e-01  6.75882094e-01  2.13837844e+01
  7.57302438e-01  9.95338438e-01  1.08268453e+00  1.21252516e+00  1.21411453e+00  1.27865594e+00  1.33331516e+00  1.08268453e+00  9.95338438e-01  7.57302438e-01  2.25587891e+01
  8.38969766e-01  1.07264484e+00  1.15909484e+00  1.28750563e+00  1.28922484e+00  1.35650625e+00  1.41254562e+00  1.15909484e+00  1.07264484e+00  8.38969766e-01  2.36672938e+01
  9.20518078e-01  1.14987516e+00  1.23541531e+00  1.36241594e+00  1.36426516e+00  1.43429641e+00  1.49174594e+00  1.23541531e+00  1.14987516e+00  9.20518078e-01  2.47031938e+01
  1.00157438e+00  1.22664547e+00  1.31129563e+00  1.43688625e+00  1.43886531e+00  1.51165672e+00  1.57054609e+00  1.31129563e+00  1.22664547e+00  1.00157438e+00  2.56610953e+01
  1.08178469e+00  1.30260562e+00  1.38636578e+00  1.51054656e+00  1.51265563e+00  1.58822672e+00  1.64856656e+00  1.38636578e+00  1.30260562e+00  1.08178469e+00  2.65366953e+01
  1.16079484e+00  1.37738594e+00  1.46026609e+00  1.58304672e+00  1.58529578e+00  1.66363688e+00  1.72545672e+00  1.46026609e+00  1.37738594e+00  1.16079484e+00  2.73266938e+01
  1.23820500e+00  1.45062609e+00  1.53261625e+00  1.65399703e+00  1.65638594e+00  1.73750703e+00  1.80082703e+00  1.53261625e+00  1.45062609e+00  1.23820500e+00  2.80271906e+01
  1.31371516e+00  1.52198625e+00  1.60309641e+00  1.72308719e+00  1.72561609e+00  1.80950719e+00  1.87434719e+00  1.60309641e+00  1.52198625e+00  1.31371516e+00  2.86376875e+01
  0.00000000e+00  0.00000000e+00  9.88052766e-02  2.47011703e-01  2.47014687e-01  2.74543984e-01  3.12391375e-01  9.88052766e-02  0.00000000e+00  0.00000000e+00  1.09222484e+00
  0.00000000e+00  2.93366922e-02  1.27080250e-01  2.73607672e-01  2.73697641e-01  3.03938891e-01  3.42917375e-01  1.27080250e-01  2.93366922e-02  0.00000000e+00  2.03634328e+00
  0.00000000e+00  6.34981422e-02  1.60225297e-01  3.05146719e-01  3.05325641e-01  3.38238875e-01  3.78340438e-01  1.60225297e-01  6.34981422e-02  0.00000000e+00  3.02894281e+00
  0.00000000e+00  1.00456141e-01  1.96202406e-01  3.39574812e-01  3.39841719e-01  3.75405891e-01  4.16629562e-01  1.96202406e-01  1.00456141e-01  0.00000000e+00  4.07635312e+00
  0.00000000e+00  1.40086297e-01  2.34883531e-01  3.76752969e-01  3.77111828e-01  4.15307969e-01  4.57656719e-01  2.34883531e-01  1.40086297e-01  0.00000000e+00  5.16870406e+00
  0.00000000e+00  1.82342500e-01  2.76216734e-01  4.16628172e-01  4.17079984e-01  4.57896078e-01  5.01372938e-01  2.76216734e-01  1.82342500e-01  0.00000000e+00  6.29756547e+00
  0.00000000e+00  2.27011719e-01  3.19986937e-01  4.58976391e-01  4.59522188e-01  5.02950219e-01  5.47564188e-01  3.19986937e-01  2.27011719e-01  0.00000000e+00  7.45233672e+00
  0.00000000e+00  2.62999922e-01  3.55293141e-01  4.93202594e-01  4.93823344e-01  5.39268344e-01  5.84766406e-01  3.55293141e-01  2.62999922e-01  0.00000000e+00  8.35708547e+00
  1.07240500e-02  2.72746969e-01  3.64843203e-01  5.02443641e-01  5.03086375e-01  5.49118375e-01  5.94876453e-01  3.64843203e-01  2.72746969e-01  1.07240500e-02  8.61203781e+00
  6.71299188e-02  3.24538281e-01  4.15709484e-01  5.51845953e-01  5.52594656e-01  6.01423578e-01  6.48425766e-01  4.15709484e-01  3.24538281e-01  6.71299188e-02  9.78745906e+00
  1.26865609e-01  3.79715609e-01  4.69972797e-01  6.04661281e-01  6.05520922e-01  6.57163812e-01  7.05432125e-01  4.69972797e-01  3.79715609e-01  1.26865609e-01  1.09557297e+01
  1.88550922e-01  4.36886953e-01  5.26240141e-01  6.59495641e-01  6.60469219e-01  7.14946062e-01  7.64505500e-01  5.26240141e-01  4.36886953e-01  1.88550922e-01  1.21176391e+01
  2.51903266e-01  4.95771297e-01  5.84226500e-01  7.16061000e-01  7.17151531e-01  7.74482312e-01  8.25358891e-01  5.84226500e-01  4.95771297e-01  2.51903266e-01  1.32638484e+01
  3.16684609e-01  5.56124672e-01  6.43690844e-01  7.74115359e-01  7.75326844e-01  8.35530547e-01  8.87749266e-01  6.43690844e-01  5.56124672e-01  3.16684609e-01  1.43846563e+01
  3.82600938e-01  6.17653031e-01  7.04336203e-01  8.33359734e-01  8.34696156e-01  8.97787797e-01  9.51375641e-01  7.04336203e-01  6.17653031e-01  3.82600938e-01  1.54710641e+01
  4.49349250e-01  6.80051375e-01  7.65857531e-01  8.93487094e-01  8.94952453e-01  9.60947031e-01  1.01593391e+00  7.65857531e-01  6.80051375e-01  4.49349250e-01  1.65153687e+01
  5.16628578e-01  7.43018719e-01  8.27951859e-01  9.54195453e-01  9.55793734e-01  1.02470516e+00  1.08110438e+00  8.27951859e-01  7.43018719e-01  5.16628578e-01  1.75101750e+01
  5.84132891e-01  8.06247047e-01  8.90312187e-01  1.01517484e+00  1.01691391e+00  1.08874547e+00  1.14659469e+00  8.90312187e-01  8.06247047e-01  5.84132891e-01  1.84489781e+01
  6.51552187e-01  8.69427328e-01  9.52627484e-01  1.07611516e+00  1.07799422e+00  1.15275562e+00  1.21207516e+00  9.52627484e-01  8.69427328e-01  6.51552187e-01  1.93261813e+01
  7.18576437e-01  9.32246609e-01  1.01458484e+00  1.13670547e+00  1.13872453e+00  1.21642578e+00  1.27724531e+00  1.01458484e+00  9.32246609e-01  7.18576437e-01  2.01369813e+01
  7.84895688e-01  9.94397875e-01  1.07587500e+00  1.19663563e+00  1.19879469e+00  1.27943594e+00  1.34177562e+00  1.07587500e+00  9.94397875e-01  7.84895688e-01  2.08773828e+01
  8.50209891e-01  1.05557516e+00  1.13620516e+00  1.25559594e+00  1.25790484e+00  1.34148594e+00  1.40536594e+00  1.13620516e+00  1.05557516e+00  8.50209891e-01  2.15444812e+01
  9.14226063e-01  1.11549531e+00  1.19527531e+00  1.31329609e+00  1.31576500e+00  1.40227609e+00  1.46772625e+00  1.19527531e+00  1.11549531e+00  9.14226063e-01  2.21360797e+01
  9.76663219e-01  1.17387547e+00  1.25279547e+00  1.36946625e+00  1.37208516e+00  1.46151609e+00  1.52856641e+00  1.25279547e+00  1.17387547e+00  9.76663219e-01  2.26508766e+01
  1.03721438e+00  1.23040562e+00  1.30847563e+00  1.42378641e+00  1.42657516e+00  1.51891609e+00  1.58756656e+00  1.30847563e+00  1.23040562e+00  1.03721438e+00  2.30870719e+01
  1.09565437e+00  1.28485562e+00  1.36207578e+00  1.47602656e+00  1.47897531e+00  1.57421594e+00  1.64450672e+00  1.36207578e+00  1.28485562e+00  1.09565437e+00  2.34456687e+01
  0.00000000e+00  0.00000000e+00  9.44120344e-02  2.36027578e-01  2.36032594e-01  2.70339984e-01  3.11193312e-01  9.44120344e-02  0.00000000e+00  0.00000000e+00  1.23141891e+00
  0.00000000e+00  2.81223469e-02  1.21545281e-01  2.61582641e-01  2.61692594e-01  2.99074938e-01  3.41142375e-01  1.21545281e-01  2.81223469e-02  0.00000000e+00  2.12728906e+00
  0.00000000e+00  6.04510484e-02  1.52927359e-01  2.91452734e-01  2.91667641e-01  3.32065937e-01  3.75341500e-01  1.52927359e-01  6.04510484e-02  0.00000000e+00  3.05298969e+00
  0.00000000e+00  9.50214953e-02  1.86582500e-01  3.23645891e-01  3.23968750e-01  3.67343969e-01  4.11829672e-01  1.86582500e-01  9.50214953e-02  0.00000000e+00  4.01511078e+00
  0.00000000e+00  1.31708469e-01  2.22380672e-01  3.58027063e-01  3.58457891e-01  4.04779047e-01  4.50478875e-01  2.22380672e-01  1.31708469e-01  0.00000000e+00  5.00468203e+00
  0.00000000e+00  1.70437703e-01  2.60245891e-01  3.94513297e-01  3.95055063e-01  4.44295172e-01  4.91216109e-01  2.60245891e-01  1.70437703e-01  0.00000000e+00  6.01364328e+00
  0.00000000e+00  2.11009937e-01  2.99974141e-01  4.32894547e-01  4.33549266e-01  4.85687297e-01  5.33837391e-01  2.99974141e-01  2.11009937e-01  0.00000000e+00  7.03296422e+00
  0.00000000e+00  2.43471156e-01  3.31794328e-01  4.63690750e-01  4.64433437e-01  5.18801422e-01  5.67911609e-01  3.31794328e-01  2.43471156e-01  0.00000000e+00  7.82386234e+00
  9.67916203e-03  2.52203203e-01  3.40342375e-01  4.71943813e-01  4.72712484e-01  5.27728453e-01  5.77119672e-01  3.40342375e-01  2.52203203e-01  9.67916203e-03  8.04448469e+00
  6.04090281e-02  2.98463500e-01  3.85730688e-01  5.15940125e-01  5.16835734e-01  5.74927625e-01  6.25668000e-01  3.85730688e-01  2.98463500e-01  6.04090281e-02  9.05450500e+00
  1.13717625e-01  3.47356828e-01  4.33762000e-01  5.62592453e-01  5.63618016e-01  6.24792828e-01  6.76908344e-01  4.33762000e-01  3.47356828e-01  1.13717625e-01  1.00455344e+01
  1.68344922e-01  3.97614156e-01  4.83164297e-01  6.10625797e-01  6.11786281e-01  6.76052031e-01  7.29569703e-01  4.83164297e-01  3.97614156e-01  1.68344922e-01  1.10190437e+01
  2.24026234e-01  4.48971469e-01  5.33670625e-01  6.59772141e-01  6.61070563e-01  7.28437203e-01  7.83383078e-01  5.33670625e-01  4.48971469e-01  2.24026234e-01  1.19675516e+01
  2.80536547e-01  5.01197797e-01  5.85052937e-01  7.09801469e-01  7.11241844e-01  7.81714406e-01  8.38118438e-01  5.85052937e-01  5.01197797e-01  2.80536547e-01  1.28831563e+01
  3.37612844e-01  5.54031125e-01  6.37045250e-01  7.60447797e-01  7.62034094e-01  8.35616578e-01  8.93506781e-01  6.37045250e-01  5.54031125e-01  3.37612844e-01  1.37589625e+01
  3.94992141e-01  6.07206422e-01  6.89383547e-01  8.11443125e-01  8.13180344e-01  8.89873750e-01  9.49278125e-01  6.89383547e-01  6.07206422e-01  3.94992141e-01  1.45893656e+01
  4.52414422e-01  6.60462703e-01  7.41804828e-01  8.62525437e-01  8.64417563e-01  9.44221891e-01  1.00516453e+00  7.41804828e-01  6.60462703e-01  4.52414422e-01  1.53688703e+01
  5.09618672e-01  7.13537953e-01  7.94048078e-01  9.13432719e-01  9.15482781e-01  9.98394016e-01  1.06090484e+00  7.94048078e-01  7.13537953e-01  5.09618672e-01  1.60931719e+01
  5.66343906e-01  7.66171203e-01  8.45850312e-01  9.63901000e-01  9.66112969e-01  1.05212516e+00  1.11623500e+00  8.45850312e-01  7.66171203e-01  5.66343906e-01  1.67584719e+01
  6.22334109e-01  8.18105422e-01  8.96955516e-01  1.01367516e+00  1.01605406e+00  1.10515516e+00  1.17088531e+00  8.96955516e-01  8.18105422e-01  6.22334109e-01  1.73616719e+01
  6.77338297e-01  8.69091609e-01  9.47112703e-01  1.06249547e+00  1.06504422e+00  1.15722516e+00  1.22460547e+00  9.47112703e-01  8.69091609e-01  6.77338297e-01  1.79005719e+01
  7.31115453e-01  9.18888766e-01  9.96080859e-01  1.11013563e+00  1.11285437e+00  1.20809516e+00  1.27713578e+00  9.96080859e-01  9.18888766e-01  7.31115453e-01  1.83738687e+01
  7.83437578e-01  9.67265891e-01  1.04363484e+00  1.15634578e+00  1.15924438e+00  1.25752531e+00  1.32826594e+00  1.04363484e+00  9.67265891e-01  7.83437578e-01  1.87808656e+01
  8.34086672e-01  1.01400500e+00  1.08954500e+00  1.20092594e+00  1.20400438e+00  1.30530516e+00  1.37775594e+00  1.08954500e+00  1.01400500e+00  8.34086672e-01  1.91213625e+01
  8.82824734e-01  1.05887516e+00  1.13358516e+00  1.24363594e+00  1.24688453e+00  1.35118500e+00  1.42536609e+00  1.13358516e+00  1.05887516e+00  8.82824734e-01  1.93948594e+01
  9.29481766e-01  1.10170516e+00  1.17558516e+00  1.28429609e+00  1.28773437e+00  1.39498484e+00  1.47091625e+00  1.17558516e+00  1.10170516e+00  9.29481766e-01  1.96033563e+01
  0.00000000e+00  0.00000000e+00  9.05874969e-02  2.26463484e-01  2.26474484e-01  2.68972922e-01  3.12754281e-01  9.05874969e-02  0.00000000e+00  0.00000000e+00  1.37877531e+00
  0.00000000e+00  2.69116031e-02  1.16577297e-01  2.50964609e-01  2.51101562e-01  2.97045891e-01  3.42144406e-01  1.16577297e-01  2.69116031e-02  0.00000000e+00  2.22326672e+00
  0.00000000e+00  5.74627547e-02  1.46243438e-01  2.79202766e-01  2.79466656e-01  3.28771906e-01  3.75184594e-01  1.46243438e-01  5.74627547e-02  0.00000000e+00  3.08140828e+00
  0.00000000e+00  8.97656406e-02  1.77689609e-01  3.09263953e-01  3.09656781e-01  3.62265969e-01  4.09995813e-01  1.77689609e-01  8.97656406e-02  0.00000000e+00  3.96049984e+00
  0.00000000e+00  1.23703656e-01  2.10793828e-01  3.41022188e-01  3.41544969e-01  3.97410047e-01  4.46464047e-01  2.10793828e-01  1.23703656e-01  0.00000000e+00  4.85289094e+00
  0.00000000e+00  1.59193891e-01  2.45471062e-01  3.74387422e-01  3.75042156e-01  4.34117156e-01  4.84504313e-01  2.45471062e-01  1.59193891e-01  0.00000000e+00  5.75135188e+00
  0.00000000e+00  1.96056141e-01  2.81537297e-01  4.09167703e-01  4.09958344e-01  4.72206266e-01  5.23937609e-01  2.81537297e-01  1.96056141e-01  0.00000000e+00  6.64862203e+00
  0.00000000e+00  2.25358359e-01  3.10233500e-01  4.36884922e-01  4.37780531e-01  5.02462375e-01  5.55241844e-01  3.10233500e-01  2.25358359e-01  0.00000000e+00  7.33863953e+00
  8.75073313e-03  2.33191406e-01  3.17891547e-01  4.44259984e-01  4.45186578e-01  5.10573391e-01  5.63660906e-01  3.17891547e-01  2.33191406e-01  8.75073313e-03  7.52928156e+00
  5.44680312e-02  2.74573703e-01  3.58447828e-01  4.83480297e-01  4.84557812e-01  5.53282531e-01  6.07845234e-01  3.58447828e-01  2.74573703e-01  5.44680312e-02  8.39621047e+00
  1.02172625e-01  3.17999000e-01  4.01053125e-01  5.24759609e-01  5.25991047e-01  5.98045687e-01  6.54112578e-01  4.01053125e-01  3.17999000e-01  1.02172625e-01  9.23697844e+00
  1.50722922e-01  3.62316297e-01  4.44553422e-01  5.66939922e-01  5.68330297e-01  6.43709828e-01  7.01309906e-01  4.44553422e-01  3.62316297e-01  1.50722922e-01  1.00538453e+01
  1.99884203e-01  4.07288594e-01  4.88712719e-01  6.09783250e-01  6.11337531e-01  6.90033969e-01  7.49197250e-01  4.88712719e-01  4.07288594e-01  1.99884203e-01  1.08411516e+01
  2.49453484e-01  4.52711875e-01  5.33325984e-01  6.53084547e-01  6.54804766e-01  7.36810109e-01  7.97567578e-01  5.33325984e-01  4.52711875e-01  2.49453484e-01  1.15926562e+01
  2.99206750e-01  4.98360156e-01  5.78165266e-01  6.96613844e-01  6.98505969e-01  7.83808219e-01  8.46188906e-01  5.78165266e-01  4.98360156e-01  2.99206750e-01  1.23033609e+01
  3.48925000e-01  5.44013391e-01  6.23010500e-01  7.40149125e-01  7.42216172e-01  8.30802313e-01  8.94836203e-01  6.23010500e-01  5.44013391e-01  3.48925000e-01  1.29694625e+01
  3.98390234e-01  5.89451641e-01  6.67641734e-01  7.83471391e-01  7.85718328e-01  8.77570375e-01  9.43285484e-01  6.67641734e-01  5.89451641e-01  3.98390234e-01  1.35871641e+01
  4.47387437e-01  6.34461844e-01  7.11843922e-01  8.26362625e-01  8.28792484e-01  9.23891438e-01  9.91314750e-01  7.11843922e-01  6.34461844e-01  4.47387437e-01  1.41535656e+01
  4.95704641e-01  6.78830031e-01  7.55404109e-01  8.68610844e-01  8.71227609e-01  9.69550453e-01  1.03870500e+00  7.55404109e-01  6.78830031e-01  4.95704641e-01  1.46664641e+01
  5.43137797e-01  7.22352188e-01  7.98116266e-01  9.10009047e-01  9.12816703e-01  1.01433453e+00  1.08525516e+00  7.98116266e-01  7.22352188e-01  5.43137797e-01  1.51239641e+01
  5.89487938e-01  7.64830328e-01  8.39783391e-01  9.50359203e-01  9.53360766e-01  1.05804438e+00  1.13074547e+00  8.39783391e-01  7.64830328e-01  5.89487938e-01  1.55253609e+01
  6.34569031e-01  8.06077422e-01  8.80216484e-01  9.89472359e-01  9.92670812e-01  1.10048437e+00  1.17499562e+00  8.80216484e-01  8.06077422e-01  6.34569031e-01  1.58699594e+01
  6.78203125e-01  8.45917500e-01  9.19241547e-01  1.02717547e+00  1.03057375e+00  1.14148422e+00  1.21782562e+00  9.19241547e-01  8.45917500e-01  6.78203125e-01  1.61581563e+01
  7.20228187e-01  8.84187531e-01  9.56693594e-01  1.06329563e+00  1.06689391e+00  1.18086422e+00  1.25904578e+00  9.56693594e-01  8.84187531e-01  7.20228187e-01  1.63905531e+01
  7.60461203e-01  9.20705547e-01  9.92391594e-01  1.09766547e+00  1.10146375e+00  1.21844391e+00  1.29848594e+00  9.92391594e-01  9.20705547e-01  7.60461203e-01  1.65674469e+01
  7.98781203e-01  9.55351547e-01  1.02621453e+00  1.13014562e+00  1.13416359e+00  1.25409375e+00  1.33601594e+00  1.02621453e+00  9.55351547e-01  7.98781203e-01  1.66908437e+01
  0.00000000e+00  0.00000000e+00  8.68847625e-02  2.17200406e-01  2.17223406e-01  2.69517766e-01  3.16257250e-01  8.68847625e-02  0.00000000e+00  0.00000000e+00  1.53453375e+00
  0.00000000e+00  2.55625516e-02  1.11582297e-01  2.40481562e-01  2.40657484e-01  2.96764734e-01  3.44958437e-01  1.11582297e-01  2.55625516e-02  0.00000000e+00  2.32101609e+00
  0.00000000e+00  5.42166422e-02  1.39402484e-01  2.66937781e-01  2.67266641e-01  3.27076766e-01  3.76723672e-01  1.39402484e-01  5.42166422e-02  0.00000000e+00  3.10652813e+00
  0.00000000e+00  8.41582594e-02  1.68533703e-01  2.94743016e-01  2.95227813e-01  3.58660812e-01  4.09765938e-01  1.68533703e-01  8.41582594e-02  0.00000000e+00  3.89898953e+00
  0.00000000e+00  1.15277797e-01  1.98863922e-01  3.23780266e-01  3.24421984e-01  3.91406891e-01  4.43979203e-01  1.98863922e-01  1.15277797e-01  0.00000000e+00  4.69196031e+00
  0.00000000e+00  1.47482047e-01  2.30295172e-01  3.53946531e-01  3.54747172e-01  4.25219969e-01  4.79269500e-01  2.30295172e-01  1.47482047e-01  0.00000000e+00  5.47905047e+00
  0.00000000e+00  1.80608312e-01  2.62662422e-01  3.85070828e-01  3.86033391e-01  4.59938062e-01  5.15477797e-01  2.62662422e-01  1.80608312e-01  0.00000000e+00  6.25459969e+00
  0.00000000e+00  2.06744516e-01  2.88218625e-01  4.09678047e-01  4.10766547e-01  4.87294156e-01  5.43996047e-01  2.88218625e-01  2.06744516e-01  0.00000000e+00  6.84466641e+00
  7.82370344e-03  2.13677563e-01  2.94983672e-01  4.16169109e-01  4.17295578e-01  4.94579172e-01  5.51623094e-01  2.94983672e-01  2.13677563e-01  7.82370344e-03  7.00574813e+00
  4.85433297e-02  2.50194844e-01  3.30707937e-01  4.50593422e-01  4.51898812e-01  5.32760266e-01  5.91437437e-01  3.30707937e-01  2.50194844e-01  4.85433297e-02  7.73194562e+00
  9.06769094e-02  2.88181125e-01  3.67904219e-01  4.86495719e-01  4.87985016e-01  5.72396375e-01  6.32739750e-01  3.67904219e-01  2.88181125e-01  9.06769094e-02  8.42561219e+00
  1.33196891e-01  3.26601391e-01  4.05535484e-01  5.22835016e-01  5.24512234e-01  6.12452469e-01  6.74491094e-01  4.05535484e-01  3.26601391e-01  1.33196891e-01  9.08969766e+00
  1.75895156e-01  3.65244656e-01  4.43390734e-01  5.59399312e-01  5.61267438e-01  6.52711562e-01  7.16479406e-01  4.43390734e-01  3.65244656e-01  1.75895156e-01  9.71997203e+00
  2.18588406e-01  4.03925906e-01  4.81284969e-01  5.96000594e-01  5.98066609e-01  6.92986625e-01  7.58514703e-01  4.81284969e-01  4.03925906e-01  2.18588406e-01  1.03118547e+01
  2.61085641e-01  4.42455125e-01  5.19024203e-01  6.32446844e-01  6.34712781e-01  7.33080672e-01  8.00398984e-01  5.19024203e-01  4.42455125e-01  2.61085641e-01  1.08619578e+01
  3.03204844e-01  4.80647328e-01  5.56425406e-01  6.68551094e-01  6.71021922e-01  7.72804703e-01  8.41943250e-01  5.56425406e-01  4.80647328e-01  3.03204844e-01  1.13678594e+01
  3.44766047e-01  5.18321516e-01  5.93307578e-01  7.04133312e-01  7.06813016e-01  8.11974703e-01  8.82960500e-01  5.93307578e-01  5.18321516e-01  3.44766047e-01  1.18274578e+01
  3.85594203e-01  5.55302672e-01  6.29493719e-01  7.39015516e-01  7.41907109e-01  8.50409672e-01  9.23270703e-01  6.29493719e-01  5.55302672e-01  3.85594203e-01  1.22389594e+01
  4.25519344e-01  5.91421812e-01  6.64815844e-01  7.73028672e-01  7.76135172e-01  8.87936625e-01  9.62697891e-01  6.64815844e-01  5.91421812e-01  4.25519344e-01  1.26015578e+01
  4.64381453e-01  6.26517906e-01  6.99109953e-01  8.06008828e-01  8.09334219e-01  9.24389547e-01  1.00107500e+00  6.99109953e-01  6.26517906e-01  4.64381453e-01  1.29146547e+01
  5.02026562e-01  6.60439969e-01  7.32227016e-01  8.37805937e-01  8.41352219e-01  9.59610453e-01  1.03823531e+00  7.32227016e-01  6.60439969e-01  5.02026562e-01  1.31783516e+01
  5.38316609e-01  6.93045031e-01  7.64024063e-01  8.68277031e-01  8.72047187e-01  9.93455328e-01  1.07404531e+00  7.64024063e-01  6.93045031e-01  5.38316609e-01  1.33930484e+01
  5.73119656e-01  7.24206062e-01  7.94372078e-01  8.97293109e-01  9.01289141e-01  1.02579312e+00  1.10836531e+00  7.94372078e-01  7.24206062e-01  5.73119656e-01  1.35597453e+01
  6.06319672e-01  7.53806047e-01  8.23155078e-01  9.24737156e-01  9.28961078e-01  1.05649297e+00  1.14106547e+00  8.23155078e-01  7.53806047e-01  6.06319672e-01  1.36797422e+01
  6.37780687e-01  7.81711031e-01  8.50239031e-01  9.50475172e-01  9.54927969e-01  1.08542281e+00  1.17200547e+00  8.50239031e-01  7.81711031e-01  6.37780687e-01  1.37539391e+01
  6.67430641e-01  8.07846969e-01  8.75548000e-01  9.74432172e-01  9.79114859e-01  1.11251266e+00  1.20110547e+00  8.75548000e-01  8.07846969e-01  6.67430641e-01  1.37850328e+01
  0.00000000e+00  0.00000000e+00  8.35874281e-02  2.08944344e-01  2.08992312e-01  2.72835453e-01  3.22494250e-01  8.35874281e-02  0.00000000e+00  0.00000000e+00  1.69342484e+00
  0.00000000e+00  2.41749953e-02  1.06939328e-01  2.30929547e-01  2.31163438e-01  2.99163437e-01  3.50458500e-01  1.06939328e-01  2.41749953e-02  0.00000000e+00  2.41804750e+00
  0.00000000e+00  5.09339219e-02  1.32902547e-01  2.55569812e-01  2.55990609e-01  3.28008469e-01  3.80937766e-01  1.32902547e-01  5.09339219e-02  0.00000000e+00  3.12944922e+00
  0.00000000e+00  7.85660656e-02  1.59758781e-01  2.81136078e-01  2.81745797e-01  3.57674516e-01  4.12243062e-01  1.59758781e-01  7.85660656e-02  0.00000000e+00  3.83619031e+00
  0.00000000e+00  1.06973922e-01  1.87408016e-01  3.07522359e-01  3.08321984e-01  3.88067578e-01  4.44285375e-01  1.87408016e-01  1.06973922e-01  0.00000000e+00  4.53319047e+00
  0.00000000e+00  1.36061172e-01  2.15748266e-01  3.34623641e-01  3.35615188e-01  4.19091641e-01  4.76968687e-01  2.15748266e-01  1.36061172e-01  0.00000000e+00  5.21502953e+00
  0.00000000e+00  1.65687422e-01  2.44639516e-01  3.62292937e-01  3.63479375e-01  4.50607703e-01  5.10157984e-01  2.44639516e-01  1.65687422e-01  0.00000000e+00  5.87761766e+00
  0.00000000e+00  1.88882625e-01  2.67271719e-01  3.83990141e-01  3.85327516e-01  4.75236750e-01  5.36090234e-01  2.67271719e-01  1.88882625e-01  0.00000000e+00  6.37616328e+00
  6.96948281e-03  1.94986688e-01  2.73212766e-01  3.89660203e-01  3.91042563e-01  4.81749766e-01  5.42986297e-01  2.73212766e-01  1.94986688e-01  6.96948281e-03  6.51046469e+00
  4.31045219e-02  2.27040953e-01  3.04493031e-01  4.19655500e-01  4.21251750e-01  5.15728813e-01  5.78794625e-01  3.04493031e-01  2.27040953e-01  4.31045219e-02  7.11013094e+00
  8.01753875e-02  2.60088203e-01  3.36767266e-01  4.50643813e-01  4.52458937e-01  5.50657875e-01  6.15585938e-01  3.36767266e-01  2.60088203e-01  8.01753875e-02  7.67355578e+00
  1.17266844e-01  2.93205437e-01  3.69109500e-01  4.81700078e-01  4.83737109e-01  5.85614922e-01  6.52437234e-01  3.69109500e-01  2.93205437e-01  1.17266844e-01  8.20427969e+00
  1.54199078e-01  3.26208672e-01  4.01337719e-01  5.12637359e-01  5.14901266e-01  6.20413938e-01  6.89161531e-01  4.01337719e-01  3.26208672e-01  1.54199078e-01  8.69945234e+00
  1.90811297e-01  3.58939859e-01  4.33288922e-01  5.43295594e-01  5.45790391e-01  6.54887938e-01  7.25592797e-01  4.33288922e-01  3.58939859e-01  1.90811297e-01  9.15585406e+00
  2.26946500e-01  3.91239047e-01  4.64806094e-01  5.73512828e-01  5.76242500e-01  6.88874937e-01  7.61567047e-01  4.64806094e-01  3.91239047e-01  2.26946500e-01  9.57150484e+00
  2.62460656e-01  4.22960188e-01  4.95740250e-01  6.03142031e-01  6.06110578e-01  7.22224891e-01  7.96930281e-01  4.95740250e-01  4.22960188e-01  2.62460656e-01  9.94524469e+00
  2.97206828e-01  4.53957328e-01  5.25948359e-01  6.32038203e-01  6.35247625e-01  7.54787828e-01  8.31533469e-01  5.25948359e-01  4.53957328e-01  2.97206828e-01  1.02760531e+01
  3.31048953e-01  4.84093438e-01  5.55289469e-01  6.60060359e-01  6.63514656e-01  7.86420734e-01  8.65230641e-01  5.55289469e-01  4.84093438e-01  3.31048953e-01  1.05633531e+01
  3.63856063e-01  5.13238516e-01  5.83634547e-01  6.87078500e-01  6.90779672e-01  8.16988641e-01  8.97883797e-01  5.83634547e-01  5.13238516e-01  3.63856063e-01  1.08071500e+01
  3.95507125e-01  5.41270563e-01  6.10860594e-01  7.12971594e-01  7.16921641e-01  8.46365500e-01  9.29365922e-01  6.10860594e-01  5.41270563e-01  3.95507125e-01  1.10077469e+01
  4.25889172e-01  5.68077594e-01  6.36857609e-01  7.37625672e-01  7.41826609e-01  8.74436344e-01  9.59556031e-01  6.36857609e-01  5.68077594e-01  4.25889172e-01  1.11659438e+01
  4.54900219e-01  5.93558609e-01  6.61522625e-01  7.60940734e-01  7.65394516e-01  9.01094172e-01  9.88348109e-01  6.61522625e-01  5.93558609e-01  4.54900219e-01  1.12828406e+01
  4.82452234e-01  6.17624594e-01  6.84767594e-01  7.82825781e-01  7.87533438e-01  9.26245969e-01  1.01564516e+00  6.84767594e-01  6.17624594e-01  4.82452234e-01  1.13599359e+01
  5.08466203e-01  6.40198531e-01  7.06513547e-01  8.03204781e-01  8.08166312e-01  9.49808766e-01  1.04135531e+00  7.06513547e-01  6.40198531e-01  5.08466203e-01  1.13988312e+01
  5.32846172e-01  6.61184469e-01  7.26665484e-01  8.21981781e-01  8.27197172e-01  9.71683516e-01  1.06538531e+00  7.26665484e-01  6.61184469e-01  5.32846172e-01  1.14008281e+01
  5.55553125e-01  6.80544391e-01  7.45186391e-01  8.39119750e-01  8.44588016e-01  9.91827281e-01  1.08768531e+00  7.45186391e-01  6.80544391e-01  5.55553125e-01  1.13686250e+01
  0.00000000e+00  0.00000000e+00  8.05908984e-02  2.01429281e-01  2.01525219e-01  2.78765969e-01  3.31409266e-01  8.05908984e-02  0.00000000e+00  0.00000000e+00  1.85138813e+00
  0.00000000e+00  2.27354344e-02  1.02531328e-01  2.22024547e-01  2.22349375e-01  3.04049969e-01  3.58566562e-01  1.02531328e-01  2.27354344e-02  0.00000000e+00  2.51049047e+00
  0.00000000e+00  4.75774922e-02  1.26601578e-01  2.44788828e-01  2.45342562e-01  3.31328984e-01  3.87711891e-01  1.26601578e-01  4.75774922e-02  0.00000000e+00  3.14609188e+00
  0.00000000e+00  7.29169547e-02  1.51184844e-01  2.68093141e-01  2.68877750e-01  3.59016031e-01  4.17271203e-01  1.51184844e-01  7.29169547e-02  0.00000000e+00  3.76745203e+00
  0.00000000e+00  9.86728156e-02  1.76198078e-01  2.91850438e-01  2.92864953e-01  3.87036062e-01  4.47169547e-01  1.76198078e-01  9.86728156e-02  0.00000000e+00  4.37082109e+00
  0.00000000e+00  1.24750266e-01  2.01543328e-01  3.15957734e-01  3.17205141e-01  4.15295109e-01  4.77316875e-01  2.01543328e-01  1.24750266e-01  0.00000000e+00  4.95182875e+00
  0.00000000e+00  1.51034516e-01  2.27102578e-01  3.40294031e-01  3.41776297e-01  4.43683141e-01  5.07604188e-01  2.27102578e-01  1.51034516e-01  0.00000000e+00  5.50784547e+00
  0.00000000e+00  1.71444719e-01  2.46956766e-01  3.59209250e-01  3.60873438e-01  4.65675141e-01  5.31073422e-01  2.46956766e-01  1.71444719e-01  0.00000000e+00  5.92102000e+00
  6.16560109e-03  1.76769750e-01  2.52120797e-01  3.64099312e-01  3.65817469e-01  4.71447156e-01  5.37278484e-01  2.52120797e-01  1.76769750e-01  6.16560109e-03  6.03058109e+00
  3.80033078e-02  2.04645984e-01  2.79228047e-01  3.89912578e-01  3.91885625e-01  5.01412172e-01  5.69311797e-01  2.79228047e-01  2.04645984e-01  3.80033078e-02  6.51408562e+00
  7.03683562e-02  2.33108219e-01  3.06921266e-01  4.16306859e-01  4.18539781e-01  5.31893172e-01  6.01890094e-01  3.06921266e-01  2.33108219e-01  7.03683562e-02  6.95945875e+00
  1.02454797e-01  2.61345422e-01  3.34385453e-01  4.42466125e-01  4.44962906e-01  5.62076156e-01  6.34202375e-01  3.34385453e-01  2.61345422e-01  1.02454797e-01  7.37078094e+00
  1.34112984e-01  2.89203594e-01  3.61465641e-01  4.68236359e-01  4.71001000e-01  5.91805125e-01  6.66090625e-01  3.61465641e-01  2.89203594e-01  1.34112984e-01  7.74640219e+00
  1.65206172e-01  3.16547750e-01  3.88026797e-01  4.93480562e-01  4.96515078e-01  6.20940063e-01  6.97411875e-01  3.88026797e-01  3.16547750e-01  1.65206172e-01  8.08433234e+00
  1.95611344e-01  3.43251906e-01  4.13943906e-01  5.18070766e-01  5.21379125e-01  6.49351000e-01  7.28035078e-01  4.13943906e-01  3.43251906e-01  1.95611344e-01  8.38374172e+00
  2.25217469e-01  3.69205016e-01  4.39103016e-01  5.41894937e-01  5.45480156e-01  6.76921906e-01  7.57842266e-01  4.39103016e-01  3.69205016e-01  2.25217469e-01  8.64450047e+00
  2.53913594e-01  3.94296094e-01  4.63394094e-01  5.64842078e-01  5.68705156e-01  7.03538781e-01  7.86715438e-01  4.63394094e-01  3.94296094e-01  2.53913594e-01  8.86653844e+00
  2.81597672e-01  4.18422141e-01  4.86712156e-01  5.86808188e-01  5.90951125e-01  7.29093641e-01  8.14543578e-01  4.86712156e-01  4.18422141e-01  2.81597672e-01  9.05014594e+00
  3.08172750e-01  4.41486187e-01  5.08964172e-01  6.07696297e-01  6.12122078e-01  7.53487469e-01  8.41225687e-01  5.08964172e-01  4.41486187e-01  3.08172750e-01  9.19601297e+00
  3.33553781e-01  4.63404187e-01  5.30061187e-01  6.27421359e-01  6.32129016e-01  7.76628297e-01  8.66666781e-01  5.30061187e-01  4.63404187e-01  3.33553781e-01  9.30512953e+00
  3.57663797e-01  4.84099172e-01  5.49929172e-01  6.45907406e-01  6.50897906e-01  7.98437094e-01  8.90783844e-01  5.49929172e-01  4.84099172e-01  3.57663797e-01  9.37877609e+00
  3.80435813e-01  5.03504141e-01  5.68501125e-01  6.63087437e-01  6.68359797e-01  8.18842891e-01  9.13501906e-01  5.68501125e-01  5.03504141e-01  3.80435813e-01  9.41849219e+00
  4.01813797e-01  5.21564094e-01  5.85720078e-01  6.78905453e-01  6.84459656e-01  8.37786656e-01  9.34758922e-01  5.85720078e-01  5.21564094e-01  4.01813797e-01  9.42601844e+00
  4.21752750e-01  5.38234016e-01  6.01542000e-01  6.93317437e-01  6.99151500e-01  8.55219422e-01  9.54500937e-01  6.01542000e-01  5.38234016e-01  4.21752750e-01  9.40327437e+00
  4.40189688e-01  5.53452922e-01  6.15905891e-01  7.06263406e-01  7.12375328e-01  8.71075156e-01  9.72657922e-01  6.15905891e-01  5.53452922e-01  4.40189688e-01  9.35182047e+00
  4.57114625e-01  5.67209828e-01  6.28801797e-01  7.17732375e-01  7.24119141e-01  8.85340891e-01  9.89213906e-01  6.28801797e-01  5.67209828e-01  4.57114625e-01  9.27417672e+00
  0.00000000e+00  0.00000000e+00  7.78925688e-02  1.94638219e-01  1.94825109e-01  2.87327297e-01  3.43161328e-01  7.78925688e-02  0.00000000e+00  0.00000000e+00  2.00263328e+00
  0.00000000e+00  2.12364656e-02  9.83468281e-02  2.13740547e-01  2.14211297e-01  3.11409281e-01  3.69416656e-01  9.83468281e-02  2.12364656e-02  0.00000000e+00  2.59288500e+00
  0.00000000e+00  4.41369453e-02  1.20484594e-01  2.34560875e-01  2.35314484e-01  3.36997297e-01  3.97166031e-01  1.20484594e-01  4.41369453e-02  0.00000000e+00  3.15156516e+00
  0.00000000e+00  6.72030172e-02  1.42799875e-01  2.55583203e-01  2.56618672e-01  3.62623312e-01  4.24952375e-01  1.42799875e-01  6.72030172e-02  0.00000000e+00  3.68853406e+00
  0.00000000e+00  9.03732797e-02  1.65230125e-01  2.76738516e-01  2.78054859e-01  3.88234328e-01  4.52724734e-01  1.65230125e-01  9.03732797e-02  0.00000000e+00  4.20137156e+00
  0.00000000e+00  1.13561328e-01  1.87685359e-01  2.97932828e-01  2.99532031e-01  4.13745344e-01  4.80402063e-01  1.87685359e-01  1.13561328e-01  0.00000000e+00  4.68678781e+00
  0.00000000e+00  1.36678562e-01  2.10075594e-01  3.19073109e-01  3.20955172e-01  4.39075344e-01  5.07905359e-01  2.10075594e-01  1.36678562e-01  0.00000000e+00  5.14352281e+00
  0.00000000e+00  1.54475734e-01  2.27313750e-01  3.35349328e-01  3.37451266e-01  4.58519328e-01  5.29033609e-01  2.27313750e-01  1.54475734e-01  0.00000000e+00  5.47817594e+00
  5.41436813e-03  1.59075781e-01  2.31750797e-01  3.39507375e-01  3.41672297e-01  4.63580313e-01  5.34587656e-01  2.31750797e-01  1.59075781e-01  5.41436813e-03  5.56523672e+00
  3.32554875e-02  1.83081969e-01  2.54980984e-01  3.61406641e-01  3.63877422e-01  4.89726281e-01  5.63081953e-01  2.54980984e-01  1.83081969e-01  3.32554875e-02  5.94387937e+00
  6.12889125e-02  2.07343172e-01  2.78462187e-01  3.83552891e-01  3.86331516e-01  5.16024250e-01  5.91754234e-01  2.78462187e-01  2.07343172e-01  6.12889125e-02  6.28431094e+00
  8.88148125e-02  2.31154328e-01  3.01488328e-01  4.05233125e-01  4.08322594e-01  5.41769188e-01  6.19898484e-01  3.01488328e-01  2.31154328e-01  8.88148125e-02  6.59104141e+00
  1.15711891e-01  2.54391469e-01  3.23932484e-01  4.26323344e-01  4.29727625e-01  5.66834094e-01  6.47385719e-01  3.23932484e-01  2.54391469e-01  1.15711891e-01  6.86343109e+00
  1.41871031e-01  2.76945594e-01  3.45687578e-01  4.46714516e-01  4.50433656e-01  5.91104000e-01  6.74099937e-01  3.45687578e-01  2.76945594e-01  1.41871031e-01  7.10054000e+00
  1.67200156e-01  2.98722672e-01  3.66657672e-01  4.66309688e-01  4.70346641e-01  6.14482859e-01  6.99941109e-01  3.66657672e-01  2.98722672e-01  1.67200156e-01  7.30246812e+00
  1.91619281e-01  3.19642734e-01  3.86762734e-01  4.85030813e-01  4.89384625e-01  6.36886719e-01  7.24823266e-01  3.86762734e-01  3.19642734e-01  1.91619281e-01  7.46987562e+00
  2.15051344e-01  3.39626781e-01  4.05924766e-01  5.02795938e-01  5.07468578e-01  6.58232563e-01  7.48658391e-01  4.05924766e-01  3.39626781e-01  2.15051344e-01  7.60339297e+00
  2.37421406e-01  3.58600797e-01  4.24068781e-01  5.19534016e-01  5.24525484e-01  6.78445375e-01  7.71367500e-01  4.24068781e-01  3.58600797e-01  2.37421406e-01  7.70395969e+00
  2.58667437e-01  3.76502797e-01  4.41132766e-01  5.35181063e-01  5.40489391e-01  6.97455188e-01  7.92878594e-01  4.41132766e-01  3.76502797e-01  2.58667437e-01  7.77275609e+00
  2.78733453e-01  3.93276766e-01  4.57059734e-01  5.49680125e-01  5.55305266e-01  7.15205969e-01  8.13129641e-01  4.57059734e-01  3.93276766e-01  2.78733453e-01  7.81120234e+00
  2.97572437e-01  4.08876703e-01  4.71804687e-01  5.62987141e-01  5.68926125e-01  7.31645734e-01  8.32065687e-01  4.71804687e-01  4.08876703e-01  2.97572437e-01  7.82087859e+00
  3.15147406e-01  4.23263641e-01  4.85329625e-01  5.75064156e-01  5.81313984e-01  7.46734500e-01  8.49641703e-01  4.85329625e-01  4.23263641e-01  3.15147406e-01  7.80355484e+00
  3.31428375e-01  4.36410562e-01  4.97606531e-01  5.85885125e-01  5.92441812e-01  7.60440266e-01  8.65821703e-01  4.97606531e-01  4.36410562e-01  3.31428375e-01  7.76110094e+00
  3.46397312e-01  4.48297469e-01  5.08616437e-01  5.95429109e-01  6.02289625e-01  7.72743000e-01  8.80579703e-01  5.08616437e-01  4.48297469e-01  3.46397312e-01  7.69546719e+00
  3.60018250e-01  4.58892359e-01  5.18326313e-01  6.03664078e-01  6.10823438e-01  7.83601750e-01  8.93871672e-01  5.18326313e-01  4.58892359e-01  3.60018250e-01  7.60831344e+00
  3.72304156e-01  4.68205250e-01  5.26747203e-01  6.10604031e-01  6.18057234e-01  7.93029484e-01  9.05703641e-01  5.26747203e-01  4.68205250e-01  3.72304156e-01  7.50196016e+00
  0.00000000e+00  0.00000000e+00  7.55001406e-02  1.88571203e-01  1.88929000e-01  2.98440406e-01  3.57866406e-01  7.55001406e-02  0.00000000e+00  0.00000000e+00  2.13922984e+00
  0.00000000e+00  1.96820859e-02  9.43959187e-02  2.06078563e-01  2.06788187e-01  3.21132391e-01  3.83103781e-01  9.43959187e-02  1.96820859e-02  0.00000000e+00  2.65834000e+00
  0.00000000e+00  4.06299750e-02  1.14573594e-01  2.24896922e-01  2.25955359e-01  3.44888391e-01  4.09378187e-01  1.14573594e-01  4.06299750e-02  0.00000000e+00  3.14019875e+00
  0.00000000e+00  6.14638469e-02  1.34646859e-01  2.43632266e-01  2.45035531e-01  3.68363391e-01  4.35361547e-01  1.34646859e-01  6.14638469e-02  0.00000000e+00  3.59521594e+00
  0.00000000e+00  8.21443984e-02  1.54574109e-01  2.62235594e-01  2.63982703e-01  3.91530375e-01  4.61027906e-01  1.54574109e-01  8.21443984e-02  0.00000000e+00  4.02218156e+00
  0.00000000e+00  1.02597328e-01  1.74278344e-01  2.80629891e-01  2.82718828e-01  4.14317344e-01  4.86308234e-01  1.74278344e-01  1.02597328e-01  0.00000000e+00  4.41885578e+00
  0.00000000e+00  1.22761547e-01  1.93698547e-01  2.98746172e-01  3.01175937e-01  4.36673312e-01  5.11154547e-01  1.93698547e-01  1.22761547e-01  0.00000000e+00  4.78515891e+00
  5.46438375e-17  1.38149688e-01  2.08511688e-01  3.12554375e-01  3.15247000e-01  4.53670281e-01  5.30076766e-01  2.08511688e-01  1.38149688e-01  5.46438375e-17  5.04931078e+00
  4.72270391e-03  1.42087719e-01  2.12281719e-01  3.16032422e-01  3.18801031e-01  4.58054266e-01  5.35020828e-01  2.12281719e-01  1.42087719e-01  4.72270391e-03  5.11643109e+00
  2.89047594e-02  1.62577891e-01  2.31973875e-01  3.34332672e-01  3.37464078e-01  4.80596188e-01  5.60229109e-01  2.31973875e-01  1.62577891e-01  2.89047594e-02  5.40295188e+00
  5.30198562e-02  1.83070031e-01  2.51660031e-01  3.52618906e-01  3.56114125e-01  5.03003094e-01  5.85318359e-01  2.51660031e-01  1.83070031e-01  5.30198562e-02  5.65280172e+00
  7.64677250e-02  2.02956156e-01  2.70733141e-01  3.70281109e-01  3.74140156e-01  5.24668984e-01  6.09682594e-01  2.70733141e-01  2.02956156e-01  7.64677250e-02  5.87076078e+00
  9.91557672e-02  2.22141266e-01  2.89097250e-01  3.87223297e-01  3.91448141e-01  5.45496875e-01  6.33222781e-01  2.89097250e-01  2.22141266e-01  9.91557672e-02  6.05702906e+00
  1.21000875e-01  2.40543344e-01  3.06669313e-01  4.03361453e-01  4.07951109e-01  5.65398734e-01  6.55846953e-01  3.06669313e-01  2.40543344e-01  1.21000875e-01  6.21147672e+00
  1.41938969e-01  2.58096391e-01  3.23383344e-01  4.18631562e-01  4.23583062e-01  5.84307563e-01  6.77482109e-01  3.23383344e-01  2.58096391e-01  1.41938969e-01  6.33488391e+00
  1.61920047e-01  2.74749406e-01  3.39187375e-01  4.32979688e-01  4.38293969e-01  6.02168391e-01  6.98073234e-01  3.39187375e-01  2.74749406e-01  1.61920047e-01  6.42847062e+00
  1.80891094e-01  2.90449406e-01  3.54030375e-01  4.46354766e-01  4.52027875e-01  6.18927203e-01  7.17558344e-01  3.54030375e-01  2.90449406e-01  1.80891094e-01  6.49334703e+00
  1.98808109e-01  3.05150391e-01  3.67865344e-01  4.58711828e-01  4.64740750e-01  6.34535984e-01  7.35886422e-01  3.67865344e-01  3.05150391e-01  1.98808109e-01  6.53084328e+00
  2.15632125e-01  3.18816344e-01  3.80656297e-01  4.70012875e-01  4.76394609e-01  6.48951781e-01  7.53010484e-01  3.80656297e-01  3.18816344e-01  2.15632125e-01  6.54242953e+00
  2.31334094e-01  3.31414297e-01  3.92371234e-01  4.80228891e-01  4.86958453e-01  6.62143547e-01  7.68893516e-01  3.92371234e-01  3.31414297e-01  2.31334094e-01  6.52975547e+00
  2.45890078e-01  3.42924219e-01  4.02988172e-01  4.89338891e-01  4.96409281e-01  6.74086312e-01  7.83505547e-01  4.02988172e-01  3.42924219e-01  2.45890078e-01  6.49452172e+00
  2.59286031e-01  3.53331125e-01  4.12494078e-01  4.97327875e-01  5.04734109e-01  6.84763062e-01  7.96825531e-01  4.12494078e-01  3.53331125e-01  2.59286031e-01  6.43854797e+00
  2.71514969e-01  3.62626031e-01  4.20880969e-01  5.04189859e-01  5.11925906e-01  6.94163828e-01  8.08837531e-01  4.20880969e-01  3.62626031e-01  2.71514969e-01  6.36366437e+00
  2.82575906e-01  3.70810922e-01  4.28149859e-01  5.09926828e-01  5.17983719e-01  7.02287594e-01  8.19535516e-01  4.28149859e-01  3.70810922e-01  2.82575906e-01  6.27174094e+00
  2.92454844e-01  3.77872797e-01  4.34287750e-01  5.14526797e-01  5.22896516e-01  7.09118344e-01  8.28897484e-01  4.34287750e-01  3.77872797e-01  2.92454844e-01  6.16438781e+00
  3.01179766e-01  3.83836687e-01  4.39322609e-01  5.18018734e-01  5.26691313e-01  7.14682094e-01  8.36944438e-01  4.39322609e-01  3.83836687e-01  3.01179766e-01  6.04365484e+00
  0.00000000e+00  0.00000000e+00  7.33575141e-02  1.83061219e-01  1.83725859e-01  3.11761297e-01  3.75498547e-01  7.33575141e-02  0.00000000e+00  0.00000000e+00  2.25424672e+00
  0.00000000e+00  1.80737937e-02  9.06195016e-02  1.98857609e-01  1.99959016e-01  3.32849281e-01  3.99572953e-01  9.06195016e-02  1.80737937e-02  0.00000000e+00  2.70109500e+00
  0.00000000e+00  3.70601781e-02  1.08807578e-01  2.15608000e-01  2.17138172e-01  3.54607266e-01  4.24269375e-01  1.08807578e-01  3.70601781e-02  0.00000000e+00  3.10725156e+00
  0.00000000e+00  5.57037391e-02  1.26660844e-01  2.32043344e-01  2.33994328e-01  3.75821234e-01  4.48392750e-01  1.26660844e-01  5.57037391e-02  0.00000000e+00  3.48346672e+00
  0.00000000e+00  7.39878703e-02  1.44160062e-01  2.48137672e-01  2.50506438e-01  3.96486203e-01  4.71943109e-01  1.44160062e-01  7.39878703e-02  0.00000000e+00  3.82961031e+00
  0.00000000e+00  9.18532750e-02  1.61244266e-01  2.63828953e-01  2.66608531e-01  4.16547156e-01  4.94867438e-01  1.61244266e-01  9.18532750e-02  0.00000000e+00  4.14444250e+00
  0.00000000e+00  1.09265453e-01  1.77877437e-01  2.79075234e-01  2.82262594e-01  4.35983094e-01  5.17147719e-01  1.77877437e-01  1.09265453e-01  0.00000000e+00  4.42883375e+00
  5.46438375e-17  1.22432578e-01  1.90441562e-01  2.90570422e-01  2.94069625e-01  4.50611031e-01  5.33963937e-01  1.90441562e-01  1.22432578e-01  5.46438375e-17  4.63001391e+00
  4.08577844e-03  1.25766609e-01  1.93600578e-01  2.93417484e-01  2.97007609e-01  4.54344000e-01  5.38331984e-01  1.93600578e-01  1.25766609e-01  4.08577844e-03  4.67955406e+00
  2.49165250e-02  1.43065734e-01  2.10060703e-01  3.08396703e-01  3.12412641e-01  4.73451906e-01  5.60452234e-01  2.10060703e-01  1.43065734e-01  2.49165250e-02  4.88557312e+00
  4.54847875e-02  1.60174844e-01  2.26323812e-01  3.23169906e-01  3.27609625e-01  4.92203781e-01  5.82215469e-01  2.26323812e-01  1.60174844e-01  4.54847875e-02  5.05767125e+00
  6.52829234e-02  1.76580938e-01  2.41874891e-01  3.37219094e-01  3.42080578e-01  5.10085656e-01  6.03111672e-01  2.41874891e-01  1.76580938e-01  6.52829234e-02  5.20075875e+00
  8.42453328e-02  1.92216984e-01  2.56644953e-01  3.50477234e-01  3.55756531e-01  5.27030500e-01  6.23065844e-01  2.56644953e-01  1.92216984e-01  8.42453328e-02  5.31563578e+00
  1.02312719e-01  2.07022016e-01  2.70574969e-01  3.62883359e-01  3.68576453e-01  5.42972328e-01  6.42010984e-01  2.70574969e-01  2.07022016e-01  1.02312719e-01  5.40281250e+00
  1.19446766e-01  2.20956031e-01  2.83624969e-01  3.74397484e-01  3.80500344e-01  5.57871141e-01  6.59899125e-01  2.83624969e-01  2.20956031e-01  1.19446766e-01  5.46354875e+00
  1.35620812e-01  2.33993016e-01  2.95766969e-01  3.84995547e-01  3.91501219e-01  5.71697953e-01  6.76700219e-01  2.95766969e-01  2.33993016e-01  1.35620812e-01  5.49938484e+00
  1.50806828e-01  2.46101984e-01  3.06972922e-01  3.94645609e-01  4.01549062e-01  5.84422750e-01  6.92376297e-01  3.06972922e-01  2.46101984e-01  1.50806828e-01  5.51173094e+00
  1.64981828e-01  2.57260938e-01  3.17218875e-01  4.03326656e-01  4.10619906e-01  5.96018547e-01  7.06897359e-01  3.17218875e-01  2.57260938e-01  1.64981828e-01  5.50212688e+00
  1.78129813e-01  2.67452875e-01  3.26488813e-01  4.11023688e-01  4.18697750e-01  6.06469328e-01  7.20240391e-01  3.26488813e-01  2.67452875e-01  1.78129813e-01  5.47217297e+00
  1.90239781e-01  2.76668781e-01  3.34773719e-01  4.17726703e-01  4.25773562e-01  6.15762109e-01  7.32387422e-01  3.34773719e-01  2.76668781e-01  1.90239781e-01  5.42356906e+00
  2.01308734e-01  2.84902703e-01  3.42068641e-01  4.23433703e-01  4.31844359e-01  6.23892875e-01  7.43328422e-01  3.42068641e-01  2.84902703e-01  2.01308734e-01  5.35801547e+00
  2.11338688e-01  2.92158609e-01  3.48377531e-01  4.28149672e-01  4.36911172e-01  6.30861656e-01  7.53058422e-01  3.48377531e-01  2.92158609e-01  2.11338688e-01  5.27723203e+00
  2.20338625e-01  2.98444500e-01  3.53709422e-01  4.31882641e-01  4.40984969e-01  6.36678422e-01  7.61581406e-01  3.53709422e-01  2.98444500e-01  2.20338625e-01  5.18294875e+00
  2.28323547e-01  3.03774391e-01  3.58079297e-01  4.34649609e-01  4.44080766e-01  6.41355203e-01  7.68903391e-01  3.58079297e-01  3.03774391e-01  2.28323547e-01  5.07682578e+00
  2.35293484e-01  3.08151266e-01  3.61489187e-01  4.36453578e-01  4.46201563e-01  6.44892000e-01  7.75019344e-01  3.61489187e-01  3.08151266e-01  2.35293484e-01  4.96035297e+00
  2.41285391e-01  3.11610141e-01  3.63975063e-01  4.37333531e-01  4.47383344e-01  6.47326797e-01  7.79960312e-01  3.63975063e-01  3.11610141e-01  2.41285391e-01  4.83524062e+00
  0.00000000e+00  0.00000000e+00  7.14245891e-02  1.77963313e-01  1.79158641e-01  3.26837984e-01  3.95950750e-01  7.14245891e-02  0.00000000e+00  0.00000000e+00  2.33943297e+00
  0.00000000e+00  1.64275859e-02  8.69917688e-02  1.91945703e-01  1.93677766e-01  3.46097969e-01  4.18697188e-01  8.69917688e-02  1.64275859e-02  0.00000000e+00  2.71457891e+00
  0.00000000e+00  3.34650562e-02  1.03181531e-01  2.06581094e-01  2.08834891e-01  3.65691953e-01  4.41699609e-01  1.03181531e-01  3.34650562e-02  0.00000000e+00  3.04775297e+00
  0.00000000e+00  4.99853906e-02  1.18861766e-01  2.20726453e-01  2.23489984e-01  3.84535906e-01  4.63896984e-01  1.18861766e-01  4.99853906e-02  0.00000000e+00  3.34985547e+00
  0.00000000e+00  6.59932938e-02  1.34034953e-01  2.34379781e-01  2.37643047e-01  4.02649859e-01  4.85317328e-01  1.34034953e-01  6.59932938e-02  0.00000000e+00  3.62163688e+00
  0.00000000e+00  8.14461656e-02  1.48655125e-01  2.47494063e-01  2.51245094e-01  4.19995797e-01  5.05922641e-01  1.48655125e-01  8.14461656e-02  0.00000000e+00  3.86270719e+00
  0.00000000e+00  9.63336094e-02  1.62711281e-01  2.60053312e-01  2.64283109e-01  4.36578703e-01  5.25722922e-01  1.62711281e-01  9.63336094e-02  0.00000000e+00  4.07469641e+00
  0.00000000e+00  1.07486406e-01  1.73222359e-01  2.69409484e-01  2.74004094e-01  4.48923625e-01  5.40532109e-01  1.73222359e-01  1.07486406e-01  0.00000000e+00  4.22103531e+00
  3.50728203e-03  1.10280422e-01  1.75827375e-01  2.71679531e-01  2.76379078e-01  4.52031609e-01  5.44352172e-01  1.75827375e-01  1.10280422e-01  3.50728203e-03  4.25550469e+00
  2.13120844e-02  1.24732516e-01  1.89386469e-01  2.83641734e-01  2.88833047e-01  4.67889469e-01  5.63575391e-01  1.89386469e-01  1.24732516e-01  2.13120844e-02  4.39315219e+00
  3.87181125e-02  1.38866578e-01  2.02616531e-01  2.95267922e-01  3.00944969e-01  4.83230344e-01  5.82259609e-01  2.02616531e-01  1.38866578e-01  3.87181125e-02  4.50051891e+00
  5.53029125e-02  1.52250625e-01  2.15088562e-01  3.06126078e-01  3.12280891e-01  4.97629188e-01  5.99981781e-01  2.15088562e-01  1.52250625e-01  5.53029125e-02  4.58248531e+00
  7.10239891e-02  1.64841641e-01  2.26756594e-01  3.16172219e-01  3.22795781e-01  5.11040031e-01  6.16689922e-01  2.26756594e-01  1.64841641e-01  7.10239891e-02  4.64028141e+00
  8.58436422e-02  1.76599656e-01  2.37583578e-01  3.25367313e-01  3.32450641e-01  5.23421859e-01  6.32337062e-01  2.37583578e-01  1.76599656e-01  8.58436422e-02  4.67481734e+00
  9.97445719e-02  1.87507625e-01  2.47549562e-01  3.33693406e-01  3.41225516e-01  5.34754672e-01  6.46900156e-01  2.47549562e-01  1.87507625e-01  9.97445719e-02  4.68763297e+00
  1.12720578e-01  1.97557578e-01  2.56647516e-01  3.41144469e-01  3.49114344e-01  5.45032484e-01  6.60366250e-01  2.56647516e-01  1.97557578e-01  1.12720578e-01  4.68040891e+00
  1.24761578e-01  2.06736531e-01  2.64866469e-01  3.47709516e-01  3.56106172e-01  5.54243281e-01  6.72719281e-01  2.64866469e-01  2.06736531e-01  1.24761578e-01  4.65469453e+00
  1.35862563e-01  2.15041453e-01  2.72202375e-01  3.53385547e-01  3.62195000e-01  5.62380094e-01  6.83944344e-01  2.72202375e-01  2.15041453e-01  1.35862563e-01  4.61206047e+00
  1.46023531e-01  2.22470375e-01  2.78654297e-01  3.58172547e-01  3.67381797e-01  5.69443875e-01  6.94038359e-01  2.78654297e-01  2.22470375e-01  1.46023531e-01  4.55410672e+00
  1.55249484e-01  2.29028281e-01  2.84227203e-01  3.62076562e-01  3.71671609e-01  5.75436703e-01  7.02997375e-01  2.84227203e-01  2.29028281e-01  1.55249484e-01  4.48245313e+00
  1.63551422e-01  2.34724203e-01  2.88931109e-01  3.65110563e-01  3.75075406e-01  5.80371500e-01  7.10827375e-01  2.88931109e-01  2.34724203e-01  1.63551422e-01  4.39868984e+00
  1.70943375e-01  2.39574094e-01  2.92783000e-01  3.67290531e-01  3.77609203e-01  5.84261313e-01  7.17536359e-01  2.92783000e-01  2.39574094e-01  1.70943375e-01  4.30437656e+00
  1.77444312e-01  2.43595984e-01  2.95800891e-01  3.68636500e-01  3.79293000e-01  5.87127125e-01  7.23138344e-01  2.95800891e-01  2.43595984e-01  1.77444312e-01  4.20101375e+00
  1.83079234e-01  2.46813859e-01  2.98008781e-01  3.69173484e-01  3.80149813e-01  5.88992938e-01  7.27652312e-01  2.98008781e-01  2.46813859e-01  1.83079234e-01  4.09004141e+00
  1.87858172e-01  2.49238766e-01  2.99420672e-01  3.68917438e-01  3.80195625e-01  5.89869781e-01  7.31083281e-01  2.99420672e-01  2.49238766e-01  1.87858172e-01  3.97274922e+00
  1.91823094e-01  2.50911641e-01  3.00076547e-01  3.67909391e-01  3.79470437e-01  5.89800625e-01  7.33468234e-01  3.00076547e-01  2.50911641e-01  1.91823094e-01  3.85052734e+00
  0.00000000e+00  0.00000000e+00  6.94669641e-02  1.72624500e-01  1.74710328e-01  3.42825578e-01  4.18883062e-01  6.94669641e-02  0.00000000e+00  0.00000000e+00  2.39600750e+00
  0.00000000e+00  1.47194672e-02  8.32627234e-02  1.84687906e-01  1.87420422e-01  3.60040562e-01  4.40111516e-01  8.32627234e-02  1.47194672e-02  0.00000000e+00  2.69933062e+00
  0.00000000e+00  2.97780094e-02  9.74106641e-02  1.97140281e-01  2.00494484e-01  3.77290531e-01  4.61257937e-01  9.74106641e-02  2.97780094e-02  0.00000000e+00  2.96085203e+00
  0.00000000e+00  4.41804141e-02  1.10909672e-01  2.08966641e-01  2.12923531e-01  3.93625484e-01  4.81402312e-01  1.10909672e-01  4.41804141e-02  0.00000000e+00  3.19140219e+00
  0.00000000e+00  5.79517844e-02  1.23782828e-01  2.20186937e-01  2.24727531e-01  4.09086422e-01  5.00594641e-01  1.23782828e-01  5.79517844e-02  0.00000000e+00  3.39248109e+00
  0.00000000e+00  7.10657203e-02  1.36001969e-01  2.30769219e-01  2.35875516e-01  4.23654328e-01  5.18816922e-01  1.36001969e-01  7.10657203e-02  0.00000000e+00  3.56441937e+00
  0.00000000e+00  8.35337250e-02  1.47577063e-01  2.40719453e-01  2.46375469e-01  4.37354250e-01  5.36102187e-01  1.47577063e-01  8.35337250e-02  0.00000000e+00  3.70942672e+00
  0.00000000e+00  9.27740891e-02  1.56126125e-01  2.48019609e-01  2.54089422e-01  4.47415172e-01  5.48893375e-01  1.56126125e-01  9.27740891e-02  0.00000000e+00  3.80554453e+00
  2.95208500e-03  9.50580000e-02  1.58209125e-01  2.49739656e-01  2.55927406e-01  4.49904125e-01  5.52166406e-01  1.58209125e-01  9.50580000e-02  2.95208500e-03  3.82635359e+00
  1.78654422e-02  1.06839250e-01  1.69030172e-01  2.58836844e-01  2.65577312e-01  4.62548016e-01  5.68509625e-01  1.69030172e-01  1.06839250e-01  1.78654422e-02  3.90256953e+00
  3.22790344e-02  1.18203281e-01  1.79425219e-01  2.67505000e-01  2.74783203e-01  4.74553875e-01  5.84164797e-01  1.79425219e-01  1.18203281e-01  3.22790344e-02  3.95256516e+00
  4.58503000e-02  1.28801297e-01  1.89045219e-01  2.75391141e-01  2.83194062e-01  4.85575719e-01  5.98785953e-01  1.89045219e-01  1.28801297e-01  4.58503000e-02  3.98108063e+00
  5.85584438e-02  1.38610281e-01  1.97867203e-01  2.82474250e-01  2.90785906e-01  4.95591547e-01  6.12348078e-01  1.97867203e-01  1.38610281e-01  5.85584438e-02  3.98962594e+00
  7.03845672e-02  1.47609250e-01  2.05870172e-01  2.88734328e-01  2.97537750e-01  5.04577391e-01  6.24820172e-01  2.05870172e-01  1.47609250e-01  7.03845672e-02  3.97943125e+00
  8.13299703e-02  1.55799203e-01  2.13054125e-01  2.94172406e-01  3.03450578e-01  5.12535219e-01  6.36198250e-01  2.13054125e-01  1.55799203e-01  8.13299703e-02  3.95216672e+00
  9.14050609e-02  1.63188141e-01  2.19430047e-01  2.98798437e-01  3.08533391e-01  5.19475047e-01  6.46488312e-01  2.19430047e-01  1.63188141e-01  9.14050609e-02  3.90957234e+00
  1.00615344e-01  1.69780078e-01  2.25000969e-01  3.02618469e-01  3.12792188e-01  5.25403875e-01  6.55690344e-01  2.25000969e-01  1.69780078e-01  1.00615344e-01  3.85320813e+00
  1.08971297e-01  1.75584984e-01  2.29776891e-01  3.05642500e-01  3.16235000e-01  5.30330703e-01  6.63806391e-01  2.29776891e-01  1.75584984e-01  1.08971297e-01  3.78463422e+00
  1.16485266e-01  1.80614891e-01  2.33771797e-01  3.07886500e-01  3.18877813e-01  5.34269547e-01  6.70845406e-01  2.33771797e-01  1.80614891e-01  1.16485266e-01  3.70538063e+00
  1.23176203e-01  1.84886797e-01  2.37001703e-01  3.09368500e-01  3.20738609e-01  5.37238391e-01  6.76820406e-01  2.37001703e-01  1.84886797e-01  1.23176203e-01  3.61691734e+00
  1.29064141e-01  1.88419703e-01  2.39489609e-01  3.10110484e-01  3.21837406e-01  5.39260219e-01  6.81746391e-01  2.39489609e-01  1.88419703e-01  1.29064141e-01  3.52067438e+00
  1.34173094e-01  1.91238609e-01  2.41258500e-01  3.10139453e-01  3.22200234e-01  5.40360078e-01  6.85643375e-01  2.41258500e-01  1.91238609e-01  1.34173094e-01  3.41801172e+00
  1.38531031e-01  1.93370500e-01  2.42336391e-01  3.09482437e-01  3.21857047e-01  5.40566953e-01  6.88536344e-01  2.42336391e-01  1.93370500e-01  1.38531031e-01  3.31019953e+00
  1.42166969e-01  1.94843406e-01  2.42752297e-01  3.08172406e-01  3.20836859e-01  5.39913828e-01  6.90450312e-01  2.42752297e-01  1.94843406e-01  1.42166969e-01  3.19844766e+00
  1.45101906e-01  1.95678297e-01  2.42529203e-01  3.06232375e-01  3.19162703e-01  5.38420719e-01  6.91399281e-01  2.42529203e-01  1.95678297e-01  1.45101906e-01  3.08382594e+00
  1.47377844e-01  1.95916203e-01  2.41709094e-01  3.03705328e-01  3.16878547e-01  5.36135625e-01  6.91426250e-01  2.41709094e-01  1.95916203e-01  1.47377844e-01  2.96739453e+00
  0.00000000e+00  0.00000000e+00  6.76595391e-02  1.67425797e-01  1.70871891e-01  3.59236109e-01  4.43990516e-01  6.76595391e-02  0.00000000e+00  0.00000000e+00  2.40616859e+00
  0.00000000e+00  1.30501328e-02  7.97025672e-02  1.77558219e-01  1.81764922e-01  3.74231078e-01  4.63530969e-01  7.97025672e-02  1.30501328e-02  0.00000000e+00  2.64289859e+00
  0.00000000e+00  2.62387359e-02  9.18994656e-02  1.87889578e-01  1.92818937e-01  3.89043047e-01  4.82723359e-01  9.18994656e-02  2.62387359e-02  0.00000000e+00  2.84026734e+00
  0.00000000e+00  3.86988000e-02  1.03376531e-01  1.97531922e-01  2.03153906e-01  4.02849016e-01  5.00782719e-01  1.03376531e-01  3.86988000e-02  0.00000000e+00  3.00872516e+00
  0.00000000e+00  5.04720281e-02  1.14173641e-01  2.06521203e-01  2.12805859e-01  4.15710937e-01  5.17780031e-01  1.14173641e-01  5.04720281e-02  0.00000000e+00  3.15025187e+00
  0.00000000e+00  6.15476234e-02  1.24276750e-01  2.14840437e-01  2.21760781e-01  4.27620875e-01  5.33712297e-01  1.24276750e-01  6.15476234e-02  0.00000000e+00  3.26569828e+00
  0.00000000e+00  7.19538906e-02  1.33714813e-01  2.22512672e-01  2.30042688e-01  4.38627766e-01  5.48634531e-01  1.33714813e-01  7.19538906e-02  0.00000000e+00  3.35752422e+00
  0.00000000e+00  7.95921266e-02  1.40604844e-01  2.28048797e-01  2.36032609e-01  4.46587688e-01  5.59560687e-01  1.40604844e-01  7.95921266e-02  0.00000000e+00  3.41472062e+00
  2.48013750e-03  8.14572312e-02  1.42252828e-01  2.29302844e-01  2.37416562e-01  4.48509672e-01  5.62329734e-01  1.42252828e-01  8.14572312e-02  2.48013750e-03  3.42520969e+00
  1.49570969e-02  9.10549516e-02  1.50812859e-01  2.36003000e-01  2.44714422e-01  4.58262547e-01  5.76062906e-01  1.50812859e-01  9.10549516e-02  1.49570969e-02  3.45589469e+00
  2.68974547e-02  1.00200953e-01  1.58913859e-01  2.42245156e-01  2.51531281e-01  4.67322422e-01  5.89019063e-01  1.58913859e-01  1.00200953e-01  2.68974547e-02  3.46490937e+00
  3.80260891e-02  1.08612922e-01  1.66273828e-01  2.47747266e-01  2.57585109e-01  4.75412297e-01  6.00922187e-01  1.66273828e-01  1.08612922e-01  3.80260891e-02  3.45665422e+00
  4.83384047e-02  1.16283891e-01  1.72884797e-01  2.52502359e-01  2.62867937e-01  4.82528156e-01  6.11762281e-01  1.72884797e-01  1.16283891e-01  4.83384047e-02  3.43270922e+00
  5.78301031e-02  1.23208844e-01  1.78741734e-01  2.56506406e-01  2.67373750e-01  4.88661031e-01  6.21524359e-01  1.78741734e-01  1.23208844e-01  5.78301031e-02  3.39438438e+00
  6.65149891e-02  1.29398781e-01  1.83857672e-01  2.59771469e-01  2.71116562e-01  4.93827891e-01  6.30218422e-01  1.83857672e-01  1.29398781e-01  6.65149891e-02  3.34329000e+00
  7.44144625e-02  1.34873703e-01  1.88252594e-01  2.62319516e-01  2.74115375e-01  4.98050750e-01  6.37863469e-01  1.88252594e-01  1.34873703e-01  7.44144625e-02  3.28105578e+00
  8.15443266e-02  1.39646641e-01  1.91940516e-01  2.64167531e-01  2.76388187e-01  5.01346625e-01  6.44469500e-01  1.91940516e-01  1.39646641e-01  8.15443266e-02  3.20912172e+00
  8.79230844e-02  1.43737531e-01  1.94940422e-01  2.65333547e-01  2.77952984e-01  5.03735516e-01  6.50051516e-01  1.94940422e-01  1.43737531e-01  8.79230844e-02  3.12885828e+00
  9.35722375e-02  1.47164453e-01  1.97273328e-01  2.65841531e-01  2.78831797e-01  5.05242391e-01  6.54626516e-01  1.97273328e-01  1.47164453e-01  9.35722375e-02  3.04161516e+00
  9.85156844e-02  1.49950359e-01  1.98962250e-01  2.65715531e-01  2.79048625e-01  5.05890297e-01  6.58214516e-01  1.98962250e-01  1.49950359e-01  9.85156844e-02  2.94864250e+00
  1.02779922e-01  1.52121281e-01  2.00034156e-01  2.64982531e-01  2.78632453e-01  5.05711203e-01  6.60839500e-01  2.00034156e-01  1.52121281e-01  1.02779922e-01  2.85114016e+00
  1.06391875e-01  1.53705172e-01  2.00517078e-01  2.63674500e-01  2.77611297e-01  5.04735109e-01  6.62527484e-01  2.00517078e-01  1.53705172e-01  1.06391875e-01  2.75020812e+00
  1.09383812e-01  1.54729094e-01  2.00441969e-01  2.61820484e-01  2.76017141e-01  5.02995047e-01  6.63307453e-01  2.00441969e-01  1.54729094e-01  1.09383812e-01  2.64686641e+00
  1.11784781e-01  1.55225016e-01  1.99837906e-01  2.59455453e-01  2.73883000e-01  5.00526984e-01  6.63208422e-01  1.99837906e-01  1.55225016e-01  1.11784781e-01  2.54204500e+00
  1.13619719e-01  1.55215937e-01  1.98731812e-01  2.56604422e-01  2.71234875e-01  4.97355938e-01  6.62250375e-01  1.98731812e-01  1.55215937e-01  1.13619719e-01  2.43658391e+00
  1.14928672e-01  1.54740844e-01  1.97161734e-01  2.53307391e-01  2.68113750e-01  4.93529906e-01  6.60475344e-01  1.97161734e-01  1.54740844e-01  1.14928672e-01  2.33127297e+00
  0.00000000e+00  0.00000000e+00  6.59987172e-02  1.62289281e-01  1.67704313e-01  3.75421609e-01  4.70910125e-01  6.59987172e-02  0.00000000e+00  0.00000000e+00  2.36158516e+00
  0.00000000e+00  1.14740828e-02  7.63620953e-02  1.70537656e-01  1.76818266e-01  3.88057594e-01  4.88598547e-01  7.63620953e-02  1.14740828e-02  0.00000000e+00  2.53997203e+00
  0.00000000e+00  2.29682344e-02  8.67649437e-02  1.78884000e-01  1.85976203e-01  4.00389578e-01  5.05758922e-01  8.67649437e-02  2.29682344e-02  0.00000000e+00  2.68375797e+00
  0.00000000e+00  3.37349500e-02  9.64524547e-02  1.86557312e-01  1.94416125e-01  4.11710531e-01  5.21732234e-01  9.64524547e-02  3.37349500e-02  0.00000000e+00  2.80268344e+00
  0.00000000e+00  4.38278312e-02  1.05475438e-01  1.93603562e-01  2.02188016e-01  4.22093484e-01  5.36604516e-01  1.05475438e-01  4.38278312e-02  0.00000000e+00  2.89884844e+00
  0.00000000e+00  5.32491859e-02  1.13835484e-01  2.00020781e-01  2.09290875e-01  4.31546422e-01  5.50386750e-01  1.13835484e-01  5.32491859e-02  0.00000000e+00  2.97338328e+00
  0.00000000e+00  6.20385156e-02  1.21569500e-01  2.05840984e-01  2.15757750e-01  4.40127344e-01  5.63148953e-01  1.21569500e-01  6.20385156e-02  0.00000000e+00  3.02865812e+00
  0.00000000e+00  6.84543250e-02  1.27171516e-01  2.09980109e-01  2.20375609e-01  4.46236297e-01  5.72404094e-01  1.27171516e-01  6.84543250e-02  0.00000000e+00  3.06028406e+00
  2.11086000e-03  7.00095234e-02  1.28490516e-01  2.10876141e-01  2.21404594e-01  4.47664281e-01  5.74725125e-01  1.28490516e-01  7.00095234e-02  2.11086000e-03  3.06438281e+00
  1.27072531e-02  7.80080141e-02  1.35364500e-01  2.15751281e-01  2.26896422e-01  4.54940187e-01  5.86180281e-01  1.35364500e-01  7.80080141e-02  1.27072531e-02  3.06798719e+00
  2.27979766e-02  8.55846891e-02  1.41812484e-01  2.20212391e-01  2.31940234e-01  4.61543109e-01  5.96835422e-01  1.41812484e-01  8.55846891e-02  2.27979766e-02  3.05471156e+00
  3.21586859e-02  9.25085500e-02  1.47602438e-01  2.24025484e-01  2.36302062e-01  4.67248016e-01  6.06468516e-01  1.47602438e-01  9.25085500e-02  3.21586859e-02  3.02844641e+00
  4.07950797e-02  9.87825984e-02  1.52738391e-01  2.27194562e-01  2.39986859e-01  4.72060937e-01  6.15080594e-01  1.52738391e-01  9.87825984e-02  4.07950797e-02  2.99061156e+00
  4.87118609e-02  1.04410437e-01  1.57224313e-01  2.29725609e-01  2.42997688e-01  4.75985844e-01  6.22666656e-01  1.57224313e-01  1.04410437e-01  4.87118609e-02  2.94237703e+00
  5.59290344e-02  1.09409375e-01  1.61077250e-01  2.31636656e-01  2.45354516e-01  4.79043781e-01  6.29245703e-01  1.61077250e-01  1.09409375e-01  5.59290344e-02  2.88509297e+00
  6.24718016e-02  1.13802297e-01  1.64322172e-01  2.32953672e-01  2.47082328e-01  4.81264703e-01  6.34842719e-01  1.64322172e-01  1.13802297e-01  6.24718016e-02  2.82008937e+00
  6.83598625e-02  1.17607219e-01  1.66977094e-01  2.33695703e-01  2.48202156e-01  4.82671641e-01  6.39472750e-01  1.66977094e-01  1.17607219e-01  6.83598625e-02  2.74852609e+00
  7.36143219e-02  1.20843156e-01  1.69062031e-01  2.33885703e-01  2.48733984e-01  4.83286594e-01  6.43156750e-01  1.69062031e-01  1.20843156e-01  7.36143219e-02  2.67150313e+00
  7.82581766e-02  1.23533078e-01  1.70601953e-01  2.33546703e-01  2.48701844e-01  4.83138531e-01  6.45914750e-01  1.70601953e-01  1.23533078e-01  7.82581766e-02  2.59005078e+00
  8.23153328e-02  1.25699000e-01  1.71618875e-01  2.32704688e-01  2.48132703e-01  4.82252516e-01  6.47770734e-01  1.71618875e-01  1.25699000e-01  8.23153328e-02  2.50513875e+00
  8.58115875e-02  1.27365922e-01  1.72137797e-01  2.31384687e-01  2.47052578e-01  4.80661484e-01  6.48748703e-01  1.72137797e-01  1.27365922e-01  8.58115875e-02  2.41765703e+00
  8.87732453e-02  1.28557859e-01  1.72185734e-01  2.29616656e-01  2.45489453e-01  4.78394484e-01  6.48875688e-01  1.72185734e-01  1.28557859e-01  8.87732453e-02  2.32842562e+00
  9.12278047e-02  1.29301797e-01  1.71789672e-01  2.27426641e-01  2.43472344e-01  4.75484484e-01  6.48182641e-01  1.71789672e-01  1.29301797e-01  9.12278047e-02  2.23818453e+00
  9.32032672e-02  1.29624734e-01  1.70978609e-01  2.24846609e-01  2.41031266e-01  4.71966500e-01  6.46696609e-01  1.70978609e-01  1.29624734e-01  9.32032672e-02  2.14761359e+00
  9.47206312e-02  1.29546687e-01  1.69772563e-01  2.21897594e-01  2.38190172e-01  4.67862531e-01  6.44438562e-01  1.69772563e-01  1.29546687e-01  9.47206312e-02  2.05730313e+00
  9.58142000e-02  1.29100641e-01  1.68206516e-01  2.18616547e-01  2.34984109e-01  4.63217578e-01  6.41448516e-01  1.68206516e-01  1.29100641e-01  9.58142000e-02  1.96779266e+00
  0.00000000e+00  0.00000000e+00  6.40764969e-02  1.56104953e-01  1.64277531e-01  3.90490234e-01  4.98908969e-01  6.40764969e-02  0.00000000e+00  0.00000000e+00  2.28465719e+00
  0.00000000e+00  9.94219062e-03  7.27935219e-02  1.62506297e-01  1.71607422e-01  4.00692250e-01  5.14589344e-01  7.27935219e-02  9.94219062e-03  0.00000000e+00  2.41014156e+00
  0.00000000e+00  1.98070312e-02  8.14585203e-02  1.68931609e-01  1.78890297e-01  4.10499250e-01  5.29590656e-01  8.14585203e-02  1.98070312e-02  0.00000000e+00  2.50587531e+00
  0.00000000e+00  2.89595000e-02  8.94280875e-02  1.74717891e-01  1.85476141e-01  4.19314219e-01  5.43368938e-01  8.94280875e-02  2.89595000e-02  0.00000000e+00  2.58075891e+00
  0.00000000e+00  3.74604422e-02  9.67605250e-02  1.79919094e-01  1.91419000e-01  4.27215203e-01  5.56020187e-01  9.67605250e-02  3.74604422e-02  0.00000000e+00  2.63686266e+00
  0.00000000e+00  4.53224578e-02  1.03466250e-01  1.84540281e-01  1.96729844e-01  4.34221172e-01  5.67569375e-01  1.03466250e-01  4.53224578e-02  0.00000000e+00  2.67545641e+00
  0.00000000e+00  5.25919578e-02  1.09590234e-01  1.88621438e-01  2.01450672e-01  4.40396125e-01  5.78093547e-01  1.09590234e-01  5.25919578e-02  0.00000000e+00  2.69874047e+00
  0.00000000e+00  5.78603453e-02  1.13978234e-01  1.91452547e-01  2.04747547e-01  4.44674109e-01  5.85620656e-01  1.13978234e-01  5.78603453e-02  0.00000000e+00  2.70803609e+00
  1.76080344e-03  5.91251391e-02  1.14988219e-01  1.92014562e-01  2.05437500e-01  4.45613094e-01  5.87475672e-01  1.14988219e-01  5.91251391e-02  1.76080344e-03  2.70657484e+00
  1.05746141e-02  6.56230078e-02  1.20274188e-01  1.95187672e-01  2.09196328e-01  4.50443047e-01  5.96572797e-01  1.20274188e-01  6.56230078e-02  1.05746141e-02  2.68682891e+00
  1.89112125e-02  7.17251641e-02  1.25165141e-01  1.97987750e-01  2.12538141e-01  4.54623016e-01  6.04848891e-01  1.25165141e-01  7.17251641e-02  1.89112125e-02  2.65433344e+00
  2.65924969e-02  7.72468141e-02  1.29474094e-01  2.00226828e-01  2.15274969e-01  4.57974969e-01  6.12127969e-01  1.29474094e-01  7.72468141e-02  2.65924969e-02  2.61250844e+00
  3.36315750e-02  8.21984563e-02  1.33213016e-01  2.01917875e-01  2.17419797e-01  4.60512937e-01  6.18421016e-01  1.33213016e-01  8.21984563e-02  3.36315750e-02  2.56257391e+00
  4.00401453e-02  8.65901922e-02  1.36391953e-01  2.03071922e-01  2.18984625e-01  4.62247922e-01  6.23733047e-01  1.36391953e-01  8.65901922e-02  4.00401453e-02  2.50556000e+00
  4.58424109e-02  9.04438266e-02  1.39033891e-01  2.03712937e-01  2.19992469e-01  4.63209906e-01  6.28087078e-01  1.39033891e-01  9.04438266e-02  4.58424109e-02  2.44259641e+00
  5.10662734e-02  9.37844625e-02  1.41164828e-01  2.03866953e-01  2.20472328e-01  4.63431891e-01  6.31515094e-01  1.41164828e-01  9.37844625e-02  5.10662734e-02  2.37473344e+00
  5.57341328e-02  9.66327969e-02  1.42805766e-01  2.03556953e-01  2.20446203e-01  4.62938906e-01  6.34039078e-01  1.42805766e-01  9.66327969e-02  5.57341328e-02  2.30291094e+00
  5.98687937e-02  9.90101328e-02  1.43980703e-01  2.02805953e-01  2.19940063e-01  4.61759922e-01  6.35682063e-01  1.43980703e-01  9.90101328e-02  5.98687937e-02  2.22798875e+00
  6.34942547e-02  1.00938766e-01  1.44711641e-01  2.01639937e-01  2.18976953e-01  4.59922953e-01  6.36469031e-01  1.44711641e-01  1.00938766e-01  6.34942547e-02  2.15074703e+00
  6.66347172e-02  1.02441703e-01  1.45022578e-01  2.00081922e-01  2.17582875e-01  4.57458984e-01  6.36425000e-01  1.45022578e-01  1.02441703e-01  6.66347172e-02  2.07193563e+00
  6.93150828e-02  1.03541656e-01  1.44937531e-01  1.98158906e-01  2.15786781e-01  4.54397031e-01  6.35578969e-01  1.44937531e-01  1.03541656e-01  6.93150828e-02  1.99219469e+00
  7.15605500e-02  1.04263609e-01  1.44482484e-01  1.95896859e-01  2.13612719e-01  4.50770094e-01  6.33959922e-01  1.44482484e-01  1.04263609e-01  7.15605500e-02  1.91212391e+00
  7.33964234e-02  1.04630563e-01  1.43682437e-01  1.93320844e-01  2.11089672e-01  4.46609172e-01  6.31596875e-01  1.43682437e-01  1.04630563e-01  7.33964234e-02  1.83225313e+00
  7.48483969e-02  1.04666531e-01  1.42562406e-01  1.90457797e-01  2.08244641e-01  4.41948250e-01  6.28520813e-01  1.42562406e-01  1.04666531e-01  7.48483969e-02  1.75303281e+00
  7.59355766e-02  1.04392500e-01  1.41141375e-01  1.87329750e-01  2.05100609e-01  4.36810344e-01  6.24752750e-01  1.41141375e-01  1.04392500e-01  7.59355766e-02  1.67489266e+00
  7.66879578e-02  1.03833469e-01  1.39450344e-01  1.83964719e-01  2.01686609e-01  4.31236438e-01  6.20331688e-01  1.39450344e-01  1.03833469e-01  7.66879578e-02  1.59817266e+00
  0.00000000e+00  0.00000000e+00  6.19206750e-02  1.48925844e-01  1.60677531e-01  4.03746063e-01  5.27337000e-01  6.19206750e-02  0.00000000e+00  0.00000000e+00  2.16999406e+00
  0.00000000e+00  8.52325781e-03  6.90962500e-02  1.53602156e-01  1.66286375e-01  4.11501094e-01  5.40880328e-01  6.90962500e-02  8.52325781e-03  0.00000000e+00  2.25127625e+00
  0.00000000e+00  1.69063297e-02  7.61651000e-02  1.58269391e-01  1.71797219e-01  4.18819109e-01  5.53636594e-01  7.61651000e-02  1.69063297e-02  0.00000000e+00  2.30781859e+00
  0.00000000e+00  2.46145562e-02  8.25829234e-02  1.62359609e-01  1.76657047e-01  4.25194141e-01  5.65164813e-01  8.25829234e-02  2.46145562e-02  0.00000000e+00  2.34751109e+00
  0.00000000e+00  3.17112609e-02  8.84098266e-02  1.65924781e-01  1.80923859e-01  4.30709156e-01  5.75567000e-01  8.84098266e-02  3.17112609e-02  0.00000000e+00  2.37225406e+00
  0.00000000e+00  3.82145500e-02  9.36622125e-02  1.68978922e-01  1.84612688e-01  4.35387156e-01  5.84872156e-01  9.36622125e-02  3.82145500e-02  0.00000000e+00  2.38327734e+00
  0.00000000e+00  4.41738234e-02  9.83867875e-02  1.71560047e-01  1.87768531e-01  4.39293172e-01  5.93166281e-01  9.83867875e-02  4.41738234e-02  0.00000000e+00  2.38250109e+00
  5.46438375e-17  4.84602984e-02  1.01726969e-01  1.73276109e-01  1.89892406e-01  4.41854172e-01  5.98978344e-01  1.01726969e-01  4.84602984e-02  5.46438375e-17  2.37527672e+00
  1.45599813e-03  4.94788891e-02  1.02472953e-01  1.73555125e-01  1.90282359e-01  4.42334188e-01  6.00367375e-01  1.02472953e-01  4.94788891e-02  1.45599813e-03  2.36982547e+00
  8.72217406e-03  5.47050437e-02  1.06403906e-01  1.75293203e-01  1.92516203e-01  4.44887203e-01  6.07134438e-01  1.06403906e-01  5.47050437e-02  8.72217406e-03  2.33371000e+00
  1.55454625e-02  5.95653922e-02  1.09974844e-01  1.76706266e-01  1.94371047e-01  4.46825219e-01  6.13068484e-01  1.09974844e-01  5.95653922e-02  1.55454625e-02  2.28825500e+00
  2.17854313e-02  6.39131375e-02  1.13036797e-01  1.77645297e-01  1.95698891e-01  4.48008250e-01  6.18032531e-01  1.13036797e-01  6.39131375e-02  2.17854313e-02  2.23635063e+00
  2.74593984e-02  6.77630797e-02  1.15606734e-01  1.78125328e-01  1.96516734e-01  4.48456281e-01  6.22046531e-01  1.15606734e-01  6.77630797e-02  2.74593984e-02  2.17903672e+00
  3.25826609e-02  7.11286203e-02  1.17697687e-01  1.78161328e-01  1.96838625e-01  4.48186328e-01  6.25118531e-01  1.17697687e-01  7.11286203e-02  3.25826609e-02  2.11715359e+00
  3.71811219e-02  7.40332641e-02  1.19334625e-01  1.77778328e-01  1.96692516e-01  4.47230359e-01  6.27279516e-01  1.19334625e-01  7.40332641e-02  3.71811219e-02  2.05161094e+00
  4.12831859e-02  7.65028078e-02  1.20543578e-01  1.77002328e-01  1.96107406e-01  4.45622422e-01  6.28562500e-01  1.20543578e-01  7.65028078e-02  4.12831859e-02  1.98324859e+00
  4.49118500e-02  7.85582578e-02  1.21347516e-01  1.75857297e-01  1.95106328e-01  4.43392500e-01  6.28994469e-01  1.21347516e-01  7.85582578e-02  4.49118500e-02  1.91279672e+00
  4.80905156e-02  8.02213094e-02  1.21768469e-01  1.74366266e-01  1.93714266e-01  4.40568578e-01  6.28602422e-01  1.21768469e-01  8.02213094e-02  4.80905156e-02  1.84089547e+00
  5.08424844e-02  8.15136672e-02  1.21829422e-01  1.72552234e-01  1.91957219e-01  4.37181672e-01  6.27412375e-01  1.21829422e-01  8.15136672e-02  5.08424844e-02  1.76817422e+00
  5.31913563e-02  8.24574281e-02  1.21552391e-01  1.70439203e-01  1.89860172e-01  4.33262781e-01  6.25455328e-01  1.21552391e-01  8.24574281e-02  5.31913563e-02  1.69516344e+00
  5.51607313e-02  8.30746922e-02  1.20962359e-01  1.68051156e-01  1.87447172e-01  4.28841891e-01  6.22760250e-01  1.20962359e-01  8.30746922e-02  5.51607313e-02  1.62233297e+00
  5.67742078e-02  8.33873641e-02  1.20081328e-01  1.65411109e-01  1.84746156e-01  4.23951016e-01  6.19357188e-01  1.20081328e-01  8.33873641e-02  5.67742078e-02  1.55013266e+00
  5.80548906e-02  8.34174406e-02  1.18932297e-01  1.62543078e-01  1.81780172e-01  4.18621141e-01  6.15278109e-01  1.18932297e-01  8.34174406e-02  5.80548906e-02  1.47892250e+00
  5.90260766e-02  8.31867219e-02  1.17537297e-01  1.59471016e-01  1.78576188e-01  4.12884281e-01  6.10555031e-01  1.17537297e-01  8.31867219e-02  5.90260766e-02  1.40901266e+00
  5.97055656e-02  8.27126063e-02  1.15916281e-01  1.56212969e-01  1.75154219e-01  4.06764438e-01  6.05209953e-01  1.15916281e-01  8.27126063e-02  5.97055656e-02  1.34072281e+00
  6.01193594e-02  8.20190953e-02  1.14093281e-01  1.52795891e-01  1.71541266e-01  4.00299578e-01  5.99283859e-01  1.14093281e-01  8.20190953e-02  6.01193594e-02  1.27425297e+00
  0.00000000e+00  0.00000000e+00  5.95347578e-02  1.40803922e-01  1.56870359e-01  4.14838125e-01  5.55622234e-01  5.95347578e-02  0.00000000e+00  0.00000000e+00  2.02109594e+00
  0.00000000e+00  7.25521672e-03  6.53187812e-02  1.43947141e-01  1.60864172e-01  4.20189203e-01  5.66926469e-01  6.53187812e-02  7.25521672e-03  0.00000000e+00  2.06807672e+00
  0.00000000e+00  1.43450328e-02  7.09809859e-02  1.47085344e-01  1.64752000e-01  4.25110266e-01  5.77385656e-01  7.09809859e-02  1.43450328e-02  0.00000000e+00  2.09540813e+00
  0.00000000e+00  2.08210234e-02  7.60615750e-02  1.49735484e-01  1.68065813e-01  4.29175328e-01  5.86644813e-01  7.60615750e-02  2.08210234e-02  0.00000000e+00  2.10984031e+00
  0.00000000e+00  2.67447984e-02  8.06183500e-02  1.51945594e-01  1.70858672e-01  4.32460406e-01  5.94805937e-01  8.06183500e-02  2.67447984e-02  0.00000000e+00  2.11298297e+00
  0.00000000e+00  3.21370656e-02  8.46702156e-02  1.53728672e-01  1.73151500e-01  4.34992453e-01  6.01903016e-01  8.46702156e-02  3.21370656e-02  0.00000000e+00  2.10588656e+00
  0.00000000e+00  3.70459234e-02  8.82619750e-02  1.55121750e-01  1.74985344e-01  4.36832531e-01  6.08021094e-01  8.82619750e-02  3.70459234e-02  0.00000000e+00  2.09013078e+00
  5.55112000e-17  4.05576891e-02  9.07684391e-02  1.55967781e-01  1.76132250e-01  4.37845578e-01  6.12171125e-01  9.07684391e-02  4.05576891e-02  5.55112000e-17  2.07312672e+00
  1.20919391e-03  4.13856797e-02  9.13067312e-02  1.56032781e-01  1.76274219e-01  4.37912594e-01  6.13108125e-01  9.13067312e-02  4.13856797e-02  1.20919391e-03  2.06552563e+00
  7.23081156e-03  4.56315281e-02  9.41834797e-02  1.56683828e-01  1.77265094e-01  4.38437672e-01  6.17634156e-01  9.41834797e-02  4.56315281e-02  7.23081156e-03  2.02132094e+00
  1.28565250e-02  4.95524766e-02  9.67475266e-02  1.57072828e-01  1.77930984e-01  4.38402750e-01  6.21335156e-01  9.67475266e-02  4.95524766e-02  1.28565250e-02  1.97053687e+00
  1.79739859e-02  5.30305250e-02  9.88794750e-02  1.57074828e-01  1.78152875e-01  4.37695844e-01  6.24105141e-01  9.88794750e-02  5.30305250e-02  1.79739859e-02  1.91556312e+00
  2.26018469e-02  5.60815750e-02  1.00595531e-01  1.56706812e-01  1.77948797e-01  4.36339937e-01  6.25966109e-01  1.00595531e-01  5.60815750e-02  2.26018469e-02  1.85717047e+00
  2.67561094e-02  5.87201266e-02  1.01911484e-01  1.55984797e-01  1.77335734e-01  4.34354047e-01  6.26932062e-01  1.01911484e-01  5.87201266e-02  2.67561094e-02  1.79605797e+00
  3.04620734e-02  6.09686828e-02  1.02851437e-01  1.54932750e-01  1.76339672e-01  4.31771156e-01  6.27035016e-01  1.02851437e-01  6.09686828e-02  3.04620734e-02  1.73287625e+00
  3.37462422e-02  6.28513437e-02  1.03438406e-01  1.53572719e-01  1.74987656e-01  4.28625297e-01  6.26311953e-01  1.03438406e-01  6.28513437e-02  3.37462422e-02  1.66826469e+00
  3.66306109e-02  6.43881078e-02  1.03694359e-01  1.51928656e-01  1.73303641e-01  4.24945438e-01  6.24790875e-01  1.03694359e-01  6.43881078e-02  3.66306109e-02  1.60275375e+00
  3.91367844e-02  6.55988781e-02  1.03640328e-01  1.50018609e-01  1.71310641e-01  4.20761578e-01  6.22499797e-01  1.03640328e-01  6.55988781e-02  3.91367844e-02  1.53683297e+00
  4.12862609e-02  6.65036516e-02  1.03296313e-01  1.47865562e-01  1.69031672e-01  4.16102734e-01  6.19469719e-01  1.03296313e-01  6.65036516e-02  4.12862609e-02  1.47095250e+00
  4.31004438e-02  6.71220313e-02  1.02683297e-01  1.45490484e-01  1.66491688e-01  4.10999875e-01  6.15730609e-01  1.02683297e-01  6.71220313e-02  4.31004438e-02  1.40548234e+00
  4.46006266e-02  6.74739156e-02  1.01822297e-01  1.42912437e-01  1.63711734e-01  4.05481047e-01  6.11313516e-01  1.01822297e-01  6.74739156e-02  4.46006266e-02  1.34078219e+00
  4.58075172e-02  6.75787047e-02  1.00734266e-01  1.40154344e-01  1.60714797e-01  3.99577234e-01  6.06250406e-01  1.00734266e-01  6.75787047e-02  4.58075172e-02  1.27714250e+00
  4.67419078e-02  6.74555984e-02  9.94375687e-02  1.37233281e-01  1.57524875e-01  3.93319406e-01  6.00573313e-01  9.94375687e-02  6.74555984e-02  4.67419078e-02  1.21483266e+00
  4.74238031e-02  6.71231969e-02  9.79528688e-02  1.34171203e-01  1.54162953e-01  3.86735594e-01  5.94316188e-01  9.79528688e-02  6.71231969e-02  4.74238031e-02  1.15405297e+00
  4.78691016e-02  6.65969984e-02  9.62962719e-02  1.30984109e-01  1.50649047e-01  3.79851781e-01  5.87502078e-01  9.62962719e-02  6.65969984e-02  4.78691016e-02  1.09503344e+00
  4.80999031e-02  6.58972031e-02  9.44885797e-02  1.27692031e-01  1.47004156e-01  3.72700969e-01  5.80171969e-01  9.44885797e-02  6.58972031e-02  4.80999031e-02  1.03789391e+00
  0.00000000e+00  0.00000000e+00  5.67896391e-02  1.31518125e-01  1.52430078e-01  4.23653516e-01  5.83247578e-01  5.67896391e-02  0.00000000e+00  0.00000000e+00  1.85635438e+00
  0.00000000e+00  6.11549453e-03  6.13210250e-02  1.33336266e-01  1.54907922e-01  4.26690625e-01  5.92230719e-01  6.13210250e-02  6.11549453e-03  0.00000000e+00  1.87663484e+00
  0.00000000e+00  1.20511563e-02  6.57274937e-02  1.35167359e-01  1.57291750e-01  4.29322750e-01  6.00332844e-01  6.57274937e-02  1.20511563e-02  0.00000000e+00  1.88158609e+00
  0.00000000e+00  1.74342172e-02  6.96229562e-02  1.36596422e-01  1.59181609e-01  4.31192844e-01  6.07274891e-01  6.96229562e-02  1.74342172e-02  0.00000000e+00  1.87689859e+00
  0.00000000e+00  2.23225734e-02  7.30610125e-02  1.37666469e-01  1.60630469e-01  4.32368969e-01  6.13154938e-01  7.30610125e-02  2.23225734e-02  0.00000000e+00  1.86386187e+00
  0.00000000e+00  2.67377250e-02  7.60608641e-02  1.38390484e-01  1.61654359e-01  4.32878094e-01  6.18007953e-01  7.60608641e-02  2.67377250e-02  0.00000000e+00  1.84337594e+00
  0.00000000e+00  3.07250766e-02  7.86642172e-02  1.38800484e-01  1.62295266e-01  4.32778203e-01  6.21920937e-01  7.86642172e-02  3.07250766e-02  0.00000000e+00  1.81668094e+00
  4.33681250e-19  3.35583375e-02  8.04449781e-02  1.38932484e-01  1.62564203e-01  4.32340281e-01  6.24387922e-01  8.04449781e-02  3.35583375e-02  4.33681250e-19  1.79263750e+00
  9.90960359e-04  3.42198281e-02  8.08041703e-02  1.38823469e-01  1.62485188e-01  4.32020313e-01  6.24862906e-01  8.08041703e-02  3.42198281e-02  9.90960359e-04  1.78355656e+00
  5.91263688e-03  3.76081781e-02  8.27673203e-02  1.38590453e-01  1.62365125e-01  4.30647453e-01  6.27119859e-01  8.27673203e-02  3.76081781e-02  5.91263688e-03  1.73412266e+00
  1.04808016e-02  4.07078297e-02  8.44610719e-02  1.38149406e-01  1.61975063e-01  4.28771594e-01  6.28563797e-01  8.44610719e-02  4.07078297e-02  1.04808016e-02  1.68022969e+00
  1.46072609e-02  4.34253844e-02  8.57905297e-02  1.37400344e-01  1.61218031e-01  4.26303750e-01  6.29114734e-01  8.57905297e-02  4.34253844e-02  1.46072609e-02  1.62383719e+00
  1.83114188e-02  4.57773422e-02  8.67727891e-02  1.36359281e-01  1.60113031e-01  4.23269891e-01  6.28798641e-01  8.67727891e-02  4.57773422e-02  1.83114188e-02  1.56557516e+00
  2.16095844e-02  4.77787062e-02  8.74234563e-02  1.35041234e-01  1.58681031e-01  4.19690062e-01  6.27634547e-01  8.74234563e-02  4.77787062e-02  2.16095844e-02  1.50595359e+00
  2.45260516e-02  4.94510766e-02  8.77650281e-02  1.33470141e-01  1.56944047e-01  4.15597234e-01  6.25656437e-01  8.77650281e-02  4.94510766e-02  2.45260516e-02  1.44549266e+00
  2.70858250e-02  5.08171516e-02  8.78205047e-02  1.31665063e-01  1.54928109e-01  4.11026422e-01  6.22903328e-01  8.78205047e-02  5.08171516e-02  2.70858250e-02  1.38465203e+00
  2.93097000e-02  5.18958313e-02  8.76095859e-02  1.29646969e-01  1.52657156e-01  4.06006609e-01  6.19406219e-01  8.76095859e-02  5.18958313e-02  2.93097000e-02  1.32384172e+00
  3.12178828e-02  5.27057156e-02  8.71515734e-02  1.27433891e-01  1.50152234e-01  4.00566797e-01  6.15197094e-01  8.71515734e-02  5.27057156e-02  3.12178828e-02  1.26343141e+00
  3.28305656e-02  5.32652047e-02  8.64655672e-02  1.25044797e-01  1.47434313e-01  3.94736984e-01  6.10307953e-01  8.64655672e-02  5.32652047e-02  3.28305656e-02  1.20372156e+00
  3.41671563e-02  5.35924000e-02  8.55705641e-02  1.22497703e-01  1.44526406e-01  3.88545203e-01  6.04771828e-01  8.55705641e-02  5.35924000e-02  3.41671563e-02  1.14500188e+00
  3.52471469e-02  5.37051984e-02  8.44850641e-02  1.19811609e-01  1.41447531e-01  3.82022406e-01  5.98621672e-01  8.44850641e-02  5.37051984e-02  3.52471469e-02  1.08752219e+00
  3.60892438e-02  5.36210000e-02  8.32269703e-02  1.17004500e-01  1.38220641e-01  3.75196609e-01  5.91891531e-01  8.32269703e-02  5.36210000e-02  3.60892438e-02  1.03148250e+00
  3.67117422e-02  5.33567078e-02  8.18140797e-02  1.14091391e-01  1.34863781e-01  3.68096828e-01  5.84614391e-01  8.18140797e-02  5.33567078e-02  3.67117422e-02  9.77053078e-01
  3.71325453e-02  5.29289172e-02  8.02633922e-02  1.11090297e-01  1.31395922e-01  3.60752031e-01  5.76826234e-01  8.02633922e-02  5.29289172e-02  3.71325453e-02  9.24376578e-01
  3.73657500e-02  5.23511297e-02  7.85894078e-02  1.08016172e-01  1.27836063e-01  3.53186250e-01  5.68552078e-01  7.85894078e-02  5.23511297e-02  3.73657500e-02  8.73594109e-01
  3.74305563e-02  5.16407438e-02  7.68098234e-02  1.04885063e-01  1.24202219e-01  3.45429469e-01  5.59833922e-01  7.68098234e-02  5.16407438e-02  3.74305563e-02  8.24769641e-01
  0.00000000e+00  0.00000000e+00  5.37371266e-02  1.21387344e-01  1.47298781e-01  4.29916203e-01  6.09665969e-01  5.37371266e-02  0.00000000e+00  0.00000000e+00  1.67876016e+00
  0.00000000e+00  5.13487156e-03  5.71914781e-02  1.22133375e-01  1.48408656e-01  4.30761375e-01  6.16262000e-01  5.71914781e-02  5.13487156e-03  0.00000000e+00  1.68065094e+00
  0.00000000e+00  1.00918953e-02  6.05346234e-02  1.22920375e-01  1.49457563e-01  4.31254531e-01  6.21973984e-01  6.05346234e-02  1.00918953e-02  0.00000000e+00  1.67086297e+00
  0.00000000e+00  1.45610406e-02  6.34418688e-02  1.23394359e-01  1.50105469e-01  4.31088703e-01  6.26577953e-01  6.34418688e-02  1.45610406e-02  0.00000000e+00  1.65411609e+00
  0.00000000e+00  1.85949844e-02  6.59604125e-02  1.23589312e-01  1.50396391e-01  4.30326859e-01  6.30170891e-01  6.59604125e-02  1.85949844e-02  0.00000000e+00  1.63138031e+00
  0.00000000e+00  2.22143297e-02  6.81082609e-02  1.23517250e-01  1.50346359e-01  4.28990031e-01  6.32785828e-01  6.81082609e-02  2.22143297e-02  0.00000000e+00  1.60336547e+00
  0.00000000e+00  2.54605781e-02  6.99225109e-02  1.23202203e-01  1.49990328e-01  4.27133188e-01  6.34507734e-01  6.99225109e-02  2.54605781e-02  0.00000000e+00  1.57101156e+00
  2.16840625e-18  2.77533406e-02  7.11303766e-02  1.22817125e-01  1.49534328e-01  4.25387328e-01  6.35309656e-01  7.11303766e-02  2.77533406e-02  2.16840625e-18  1.54364891e+00
  8.13389016e-04  2.82838328e-02  7.13505672e-02  1.22586109e-01  1.49274328e-01  4.24717375e-01  6.35325641e-01  7.13505672e-02  2.82838328e-02  8.13389016e-04  1.53405828e+00
  4.84366016e-03  3.09990875e-02  7.26052234e-02  1.21732016e-01  1.48254344e-01  4.21648562e-01  6.35344516e-01  7.26052234e-02  3.09990875e-02  4.84366016e-03  1.48355578e+00
  8.56290344e-03  3.34612469e-02  7.36336875e-02  1.20720922e-01  1.47020375e-01  4.18138750e-01  6.34574375e-01  7.36336875e-02  3.34612469e-02  8.56290344e-03  1.43014359e+00
  1.19015516e-02  3.55963109e-02  7.43601531e-02  1.19470812e-01  1.45496422e-01  4.14117953e-01  6.32953250e-01  7.43601531e-02  3.55963109e-02  1.19015516e-02  1.37540219e+00
  1.48783141e-02  3.74200828e-02  7.48007281e-02  1.17998687e-01  1.43700500e-01  4.09613156e-01  6.30514078e-01  7.48007281e-02  3.74200828e-02  1.48783141e-02  1.31980125e+00
  1.75089828e-02  3.89471594e-02  7.49706078e-02  1.16316578e-01  1.41650578e-01  4.04645359e-01  6.27274938e-01  7.49706078e-02  3.89471594e-02  1.75089828e-02  1.26375062e+00
  1.98160563e-02  4.01977422e-02  7.48902922e-02  1.14444453e-01  1.39370672e-01  3.99246578e-01  6.23275766e-01  7.48902922e-02  4.01977422e-02  1.98160563e-02  1.20765031e+00
  2.18225344e-02  4.11922313e-02  7.45805828e-02  1.12401344e-01  1.36881797e-01  3.93450797e-01  6.18556609e-01  7.45805828e-02  4.11922313e-02  2.18225344e-02  1.15183047e+00
  2.35473188e-02  4.19482219e-02  7.40591797e-02  1.10204203e-01  1.34205922e-01  3.87287016e-01  6.13151438e-01  7.40591797e-02  4.19482219e-02  2.35473188e-02  1.09660063e+00
  2.50090078e-02  4.24824219e-02  7.33436813e-02  1.07869062e-01  1.31362063e-01  3.80783250e-01  6.07094250e-01  7.33436813e-02  4.24824219e-02  2.50090078e-02  1.04222094e+00
  2.62258984e-02  4.28117234e-02  7.24512859e-02  1.05411937e-01  1.28370219e-01  3.73968469e-01  6.00419062e-01  7.24512859e-02  4.28117234e-02  2.62258984e-02  9.88939438e-01
  2.72155938e-02  4.29523297e-02  7.13985953e-02  1.02848812e-01  1.25249391e-01  3.66870703e-01  5.93160891e-01  7.13985953e-02  4.29523297e-02  2.72155938e-02  9.36949000e-01
  2.79952937e-02  4.29200391e-02  7.02019094e-02  1.00194672e-01  1.22018547e-01  3.59518938e-01  5.85354703e-01  7.02019094e-02  4.29200391e-02  2.79952937e-02  8.86423609e-01
  2.85817953e-02  4.27303516e-02  6.88771250e-02  9.74649406e-02  1.18694734e-01  3.51940172e-01  5.77036531e-01  6.88771250e-02  4.27303516e-02  2.85817953e-02  8.37506219e-01
  2.89911984e-02  4.23980672e-02  6.74392437e-02  9.46736047e-02  1.15295906e-01  3.44162406e-01  5.68242344e-01  6.74392437e-02  4.23980672e-02  2.89911984e-02  7.90306844e-01
  2.92390063e-02  4.19375844e-02  6.59031641e-02  9.18341688e-02  1.11837109e-01  3.36212641e-01  5.59008156e-01  6.59031641e-02  4.19375844e-02  2.92390063e-02  7.44912453e-01
  2.93379141e-02  4.13608031e-02  6.42813859e-02  8.89592344e-02  1.08335297e-01  3.28114859e-01  5.49361969e-01  6.42813859e-02  4.13608031e-02  2.93379141e-02  7.01419031e-01
  2.93041234e-02  4.06825234e-02  6.25886094e-02  8.60617984e-02  1.04805469e-01  3.19896078e-01  5.39344781e-01  6.25886094e-02  4.06825234e-02  2.93041234e-02  6.59844594e-01
  0.00000000e+00  0.00000000e+00  5.03825141e-02  1.10663484e-01  1.41248594e-01  4.33714234e-01  6.34515250e-01  5.03825141e-02  0.00000000e+00  0.00000000e+00  1.50027484e+00
  0.00000000e+00  4.29822937e-03  5.29279453e-02  1.10587406e-01  1.41149547e-01  4.32504469e-01  6.38663156e-01  5.29279453e-02  4.29822937e-03  0.00000000e+00  1.49018672e+00
  0.00000000e+00  8.42686813e-03  5.53821781e-02  1.10582281e-01  1.41034516e-01  4.31009656e-01  6.41945016e-01  5.53821781e-02  8.42686813e-03  0.00000000e+00  1.47126984e+00
  0.00000000e+00  1.21286906e-02  5.74716125e-02  1.10341156e-01  1.40611516e-01  4.28962859e-01  6.44181875e-01  5.74716125e-02  1.21286906e-02  0.00000000e+00  1.44737438e+00
  0.00000000e+00  1.54502313e-02  5.92364563e-02  1.09892031e-01  1.39916547e-01  4.26416078e-01  6.45465703e-01  5.92364563e-02  1.54502313e-02  0.00000000e+00  1.41922984e+00
  0.00000000e+00  1.84108766e-02  6.06931031e-02  1.09242906e-01  1.38963578e-01  4.23391266e-01  6.45828547e-01  6.06931031e-02  1.84108766e-02  0.00000000e+00  1.38737641e+00
  0.00000000e+00  2.10476297e-02  6.18733578e-02  1.08414750e-01  1.37779656e-01  4.19931484e-01  6.45353359e-01  6.18733578e-02  2.10476297e-02  0.00000000e+00  1.35254375e+00
  4.33681250e-19  2.28984969e-02  6.26249266e-02  1.07668641e-01  1.36730703e-01  4.16998656e-01  6.44487234e-01  6.26249266e-02  2.28984969e-02  4.33681250e-19  1.32401203e+00
  6.66013750e-04  2.33227891e-02  6.27358203e-02  1.07356609e-01  1.36323719e-01  4.16011703e-01  6.44041187e-01  6.27358203e-02  2.33227891e-02  6.66013750e-04  1.31443172e+00
  3.95818953e-03  2.54921516e-02  6.34335875e-02  1.06083453e-01  1.34576828e-01  4.11410922e-01  6.41826000e-01  6.34335875e-02  2.54921516e-02  3.95818953e-03  1.26506016e+00
  6.97834500e-03  2.74408219e-02  6.39449594e-02  1.04696281e-01  1.32673938e-01  4.06434156e-01  6.38852781e-01  6.39449594e-02  2.74408219e-02  6.97834500e-03  1.21384922e+00
  9.67190703e-03  2.91102969e-02  6.42091375e-02  1.03130125e-01  1.30552078e-01  4.01026391e-01  6.35079578e-01  6.42091375e-02  2.91102969e-02  9.67190703e-03  1.16209875e+00
  1.20564250e-02  3.05155781e-02  6.42410250e-02  1.01397953e-01  1.28228234e-01  3.95213625e-01  6.30539344e-01  6.42410250e-02  3.05155781e-02  1.20564250e-02  1.11017859e+00
  1.41469984e-02  3.16704672e-02  6.40551156e-02  9.95117828e-02  1.25719406e-01  3.89018859e-01  6.25255141e-01  6.40551156e-02  3.16704672e-02  1.41469984e-02  1.05839891e+00
  1.59641781e-02  3.25934609e-02  6.36695141e-02  9.74885125e-02  1.23046578e-01  3.82473109e-01  6.19269906e-01  6.36695141e-02  3.25934609e-02  1.59641781e-02  1.00707922e+00
  1.75287641e-02  3.33031609e-02  6.31030156e-02  9.53442422e-02  1.20229766e-01  3.75608359e-01  6.12624687e-01  6.31030156e-02  3.33031609e-02  1.75287641e-02  9.56467766e-01
  1.88580531e-02  3.38153641e-02  6.23713250e-02  9.30931750e-02  1.17286953e-01  3.68452609e-01  6.05356469e-01  6.23713250e-02  3.38153641e-02  1.88580531e-02  9.06795422e-01
  1.99689469e-02  3.41454719e-02  6.14902344e-02  9.07496063e-02  1.14236156e-01  3.61034844e-01  5.97501250e-01  6.14902344e-02  3.41454719e-02  1.99689469e-02  8.58266141e-01
  2.08777453e-02  3.43083844e-02  6.04747500e-02  8.83271375e-02  1.11093359e-01  3.53381094e-01  5.89097016e-01  6.04747500e-02  3.43083844e-02  2.08777453e-02  8.11053891e-01
  2.16003453e-02  3.43187969e-02  5.93394687e-02  8.58390719e-02  1.07874578e-01  3.45520328e-01  5.80179797e-01  5.93394687e-02  3.43187969e-02  2.16003453e-02  7.65303656e-01
  2.21520484e-02  3.41906125e-02  5.80987875e-02  8.32982062e-02  1.04597797e-01  3.37478562e-01  5.70786578e-01  5.80987875e-02  3.41906125e-02  2.21520484e-02  7.21136406e-01
  2.25474531e-02  3.39373312e-02  5.67661109e-02  8.07168422e-02  1.01277016e-01  3.29281812e-01  5.60955359e-01  5.67661109e-02  3.39373312e-02  2.25474531e-02  6.78644125e-01
  2.28008609e-02  3.35720516e-02  5.53544344e-02  7.81065797e-02  9.79259375e-02  3.20957047e-01  5.50723141e-01  5.53544344e-02  3.35720516e-02  2.28008609e-02  6.37896797e-01
  2.29257687e-02  3.31071719e-02  5.38762594e-02  7.54785203e-02  9.45588594e-02  3.12529281e-01  5.40126922e-01  5.38762594e-02  3.31071719e-02  2.29257687e-02  5.98940437e-01
  2.29330797e-02  3.25530937e-02  5.23423859e-02  7.28432609e-02  9.11884813e-02  3.04021500e-01  5.29197703e-01  5.23423859e-02  3.25530937e-02  2.29330797e-02  5.61834016e-01
  2.28367906e-02  3.19222172e-02  5.07649109e-02  7.02106062e-02  8.78271000e-02  2.95457734e-01  5.17977484e-01  5.07649109e-02  3.19222172e-02  2.28367906e-02  5.26566547e-01
  0.00000000e+00  0.00000000e+00  4.67988078e-02  9.98012922e-02  1.34192656e-01  4.35090578e-01  6.57350297e-01  4.67988078e-02  0.00000000e+00  0.00000000e+00  1.32893969e+00
  0.00000000e+00  3.59940734e-03  4.86017281e-02  9.91366812e-02  1.33067703e-01  4.31978828e-01  6.58999063e-01  4.86017281e-02  3.59940734e-03  0.00000000e+00  1.31200313e+00
  0.00000000e+00  7.04078938e-03  5.03360531e-02  9.85661656e-02  1.31980781e-01  4.28657063e-01  6.59818812e-01  5.03360531e-02  7.04078938e-03  0.00000000e+00  1.28830797e+00
  0.00000000e+00  1.01101703e-02  5.17694891e-02  9.78262484e-02  1.30675891e-01  4.24890297e-01  6.59666547e-01  5.17694891e-02  1.01101703e-02  0.00000000e+00  1.26101406e+00
  0.00000000e+00  1.28486125e-02  5.29362328e-02  9.69366312e-02  1.29181000e-01  4.20720547e-01  6.58626297e-01  5.29362328e-02  1.28486125e-02  0.00000000e+00  1.23065109e+00
  0.00000000e+00  1.52734625e-02  5.38500859e-02  9.59038156e-02  1.27506141e-01  4.16166766e-01  6.56732031e-01  5.38500859e-02  1.52734625e-02  0.00000000e+00  1.19765906e+00
  0.00000000e+00  1.74180219e-02  5.45380484e-02  9.47421016e-02  1.25673266e-01  4.11264016e-01  6.54060766e-01  5.45380484e-02  1.74180219e-02  0.00000000e+00  1.16258766e+00
  8.67362500e-19  1.89137938e-02  5.49388250e-02  9.37679391e-02  1.24162406e-01  4.07267203e-01  6.51534562e-01  5.49388250e-02  1.89137938e-02  8.67362500e-19  1.13437688e+00
  5.45913359e-04  1.92533891e-02  5.49673203e-02  9.34095906e-02  1.23644438e-01  4.05996250e-01  6.50626500e-01  5.49673203e-02  1.92533891e-02  5.45913359e-04  1.12515672e+00
  3.23798391e-03  2.09877609e-02  5.52439969e-02  9.18848687e-02  1.21348625e-01  4.00028500e-01  6.46194234e-01  5.52439969e-02  2.09877609e-02  3.23798391e-03  1.07830641e+00
  5.69295422e-03  2.25303406e-02  5.53697797e-02  9.02831469e-02  1.18950828e-01  3.93752750e-01  6.41045953e-01  5.53697797e-02  2.25303406e-02  5.69295422e-03  1.03033641e+00
  7.86801187e-03  2.38346250e-02  5.52953703e-02  8.85495266e-02  1.16400031e-01  3.87123016e-01  6.35153672e-01  5.52953703e-02  2.38346250e-02  7.86801187e-03  9.82319781e-01
  9.77945625e-03  2.49148188e-02  5.50346672e-02  8.66952094e-02  1.13710266e-01  3.80167250e-01  6.28554391e-01  5.50346672e-02  2.49148188e-02  9.77945625e-03  9.34557406e-01
  1.14415266e-02  2.57838156e-02  5.46007688e-02  8.47316953e-02  1.10897500e-01  3.72906516e-01  6.21275109e-01  5.46007688e-02  2.57838156e-02  1.14415266e-02  8.87316156e-01
  1.28727125e-02  2.64584188e-02  5.40100750e-02  8.26726844e-02  1.07979734e-01  3.65371781e-01  6.13358844e-01  5.40100750e-02  2.64584188e-02  1.28727125e-02  8.40834031e-01
  1.40919031e-02  2.69553266e-02  5.32786859e-02  8.05317781e-02  1.04972984e-01  3.57594031e-01  6.04850578e-01  5.32786859e-02  2.69553266e-02  1.40919031e-02  7.95314953e-01
  1.51147969e-02  2.72890375e-02  5.24208031e-02  7.83214734e-02  1.01894219e-01  3.49600281e-01  5.95790312e-01  5.24208031e-02  2.72890375e-02  1.51147969e-02  7.50938906e-01
  1.59563969e-02  2.74732516e-02  5.14502203e-02  7.60533734e-02  9.87568750e-02  3.41417516e-01  5.86215047e-01  5.14502203e-02  2.74732516e-02  1.59563969e-02  7.07863844e-01
  1.66314969e-02  2.75213672e-02  5.03799422e-02  7.37391766e-02  9.55765266e-02  3.33070781e-01  5.76164797e-01  5.03799422e-02  2.75213672e-02  1.66314969e-02  6.66218750e-01
  1.71541016e-02  2.74462859e-02  4.92228641e-02  7.13898844e-02  9.23665781e-02  3.24588016e-01  5.65679516e-01  4.92228641e-02  2.74462859e-02  1.71541016e-02  6.26109625e-01
  1.75378078e-02  2.72604063e-02  4.79910891e-02  6.90160953e-02  8.91400281e-02  3.15994250e-01  5.54795281e-01  4.79910891e-02  2.72604063e-02  1.75378078e-02  5.87619422e-01
  1.77955141e-02  2.69756266e-02  4.66963125e-02  6.66279094e-02  8.59091766e-02  3.07314484e-01  5.43554016e-01  4.66963125e-02  2.69756266e-02  1.77955141e-02  5.50805156e-01
  1.79394234e-02  2.66031484e-02  4.53492391e-02  6.42347297e-02  8.26856203e-02  2.98571719e-01  5.31991766e-01  4.53492391e-02  2.66031484e-02  1.79394234e-02  5.15704828e-01
  1.79815313e-02  2.61537703e-02  4.39604656e-02  6.18455516e-02  7.94800609e-02  2.89790938e-01  5.20146547e-01  4.39604656e-02  2.61537703e-02  1.79815313e-02  4.82336422e-01
  1.79311422e-02  2.56363937e-02  4.25391906e-02  5.94687797e-02  7.63030984e-02  2.80993156e-01  5.08053297e-01  4.25391906e-02  2.56363937e-02  1.79311422e-02  4.50731953e-01
  1.78001531e-02  2.50617141e-02  4.10950172e-02  5.71124094e-02  7.31638313e-02  2.72200375e-01  4.95751078e-01  4.10950172e-02  2.50617141e-02  1.78001531e-02  4.20857422e-01
  0.00000000e+00  0.00000000e+00  4.30018031e-02  8.89906937e-02  1.26018031e-01  4.34099188e-01  6.78072031e-01  4.30018031e-02  0.00000000e+00  0.00000000e+00  1.16822563e+00
  0.00000000e+00  3.02003484e-03  4.42125219e-02  8.79405719e-02  1.24057203e-01  4.29222437e-01  6.77139656e-01  4.42125219e-02  3.02003484e-03  0.00000000e+00  1.14832109e+00
  0.00000000e+00  5.89453797e-03  4.53765500e-02  8.70012578e-02  1.22189391e-01  4.24216703e-01  6.75437281e-01  4.53765500e-02  5.89453797e-03  0.00000000e+00  1.12304797e+00
  0.00000000e+00  8.44499406e-03  4.62958906e-02  8.59445516e-02  1.20188578e-01  4.18870953e-01  6.72844922e-01  4.62958906e-02  8.44499406e-03  0.00000000e+00  1.09503563e+00
  0.00000000e+00  1.07074219e-02  4.69986422e-02  8.47843578e-02  1.18073781e-01  4.13219219e-01  6.69441578e-01  4.69986422e-02  1.07074219e-02  0.00000000e+00  1.06468422e+00
  0.00000000e+00  1.26975797e-02  4.74968047e-02  8.35251719e-02  1.15852000e-01  4.07276453e-01  6.65260219e-01  4.74968047e-02  1.26975797e-02  0.00000000e+00  1.03235359e+00
  0.00000000e+00  1.44448469e-02  4.78126766e-02  8.21767969e-02  1.13536250e-01  4.01070719e-01  6.60374875e-01  4.78126766e-02  1.44448469e-02  0.00000000e+00  9.98511344e-01
  1.30104219e-18  1.56555266e-02  4.79512609e-02  8.10816875e-02  1.11692422e-01  3.96116906e-01  6.56178625e-01  4.79512609e-02  1.56555266e-02  1.30104219e-18  9.71565453e-01
  4.48228594e-04  1.59276234e-02  4.79198563e-02  8.07038297e-02  1.11095500e-01  3.94589953e-01  6.54805562e-01  4.79198563e-02  1.59276234e-02  4.48228594e-04  9.62908547e-01
  2.65325188e-03  1.73156047e-02  4.78886438e-02  7.90622516e-02  1.08416766e-01  3.87402219e-01  6.48154219e-01  4.78886438e-02  1.73156047e-02  2.65325188e-03  9.19345188e-01
  4.65190906e-03  1.85367938e-02  4.77371375e-02  7.73713812e-02  1.05687016e-01  3.79973484e-01  6.40842859e-01  4.77371375e-02  1.85367938e-02  4.65190906e-03  8.75117078e-01
  6.41072375e-03  1.95546891e-02  4.74256375e-02  7.55859172e-02  1.02861297e-01  3.72269734e-01  6.32852531e-01  4.74256375e-02  1.95546891e-02  6.41072375e-03  8.31133125e-01
  7.94477453e-03  2.03824891e-02  4.69666422e-02  7.37154625e-02  9.99532813e-02  3.64315000e-01  6.24224203e-01  4.69666422e-02  2.03824891e-02  7.94477453e-03  7.87649281e-01
  9.26722125e-03  2.10320937e-02  4.63719516e-02  7.17701125e-02  9.69765656e-02  3.56133250e-01  6.14988875e-01  4.63719516e-02  2.10320937e-02  9.26722125e-03  7.44898469e-01
  1.03949516e-02  2.15188031e-02  4.56559656e-02  6.97614687e-02  9.39455516e-02  3.47752500e-01  6.05191562e-01  4.56559656e-02  2.15188031e-02  1.03949516e-02  7.03081672e-01
  1.13447484e-02  2.18576156e-02  4.48328828e-02  6.77009344e-02  9.08743359e-02  3.39202750e-01  5.94879266e-01  4.48328828e-02  2.18576156e-02  1.13447484e-02  6.62366828e-01
  1.21307469e-02  2.20616312e-02  4.39150031e-02  6.55989047e-02  8.77756188e-02  3.30508000e-01  5.84093953e-01  4.39150031e-02  2.20616312e-02  1.21307469e-02  6.22901938e-01
  1.27666484e-02  2.21430484e-02  4.29142250e-02  6.34653828e-02  8.46616000e-02  3.21695234e-01  5.72875656e-01  4.29142250e-02  2.21430484e-02  1.27666484e-02  5.84810969e-01
  1.32654531e-02  2.21139672e-02  4.18420484e-02  6.13100656e-02  8.15439766e-02  3.12790469e-01  5.61264375e-01  4.18420484e-02  2.21139672e-02  1.32654531e-02  5.48192922e-01
  1.36396578e-02  2.19857875e-02  4.07093719e-02  5.91419547e-02  7.84338469e-02  3.03815719e-01  5.49302094e-01  4.07093719e-02  2.19857875e-02  1.36396578e-02  5.13124781e-01
  1.39010641e-02  2.17693078e-02  3.95263984e-02  5.69697531e-02  7.53413156e-02  2.94797922e-01  5.37027828e-01  3.95263984e-02  2.17693078e-02  1.39010641e-02  4.79660562e-01
  1.40610734e-02  2.14749281e-02  3.83030219e-02  5.48017562e-02  7.22761750e-02  2.85758156e-01  5.24482547e-01  3.83030219e-02  2.14749281e-02  1.40610734e-02  4.47832234e-01
  1.41303813e-02  2.11124484e-02  3.70482484e-02  5.26454656e-02  6.92471281e-02  2.76719359e-01  5.11704281e-01  3.70482484e-02  2.11124484e-02  1.41303813e-02  4.17653844e-01
  1.41189906e-02  2.06908688e-02  3.57707719e-02  5.05079797e-02  6.62621750e-02  2.67701578e-01  4.98731031e-01  3.57707719e-02  2.06908688e-02  1.41189906e-02  3.89121375e-01
  1.40353984e-02  2.02182875e-02  3.44781969e-02  4.83962016e-02  6.33299125e-02  2.58726781e-01  4.85597797e-01  3.44781969e-02  2.02182875e-02  1.40353984e-02  3.62246812e-01
  1.38892094e-02  1.97032078e-02  3.31783187e-02  4.63160297e-02  6.04562438e-02  2.49814969e-01  4.72344562e-01  3.31783187e-02  1.97032078e-02  1.38892094e-02  3.36979187e-01
  0.00000000e+00  0.00000000e+00  3.91075016e-02  7.87156047e-02  1.16821813e-01  4.30950953e-01  6.96248328e-01  3.91075016e-02  0.00000000e+00  0.00000000e+00  1.02443406e+00
  0.00000000e+00  2.54074937e-03  3.98574281e-02  7.74338922e-02  1.14228078e-01  4.24446234e-01  6.92665859e-01  3.98574281e-02  2.54074937e-03  0.00000000e+00  1.00373156e+00
  0.00000000e+00  4.94689953e-03  4.05791625e-02  7.62709984e-02  1.11778359e-01  4.17899500e-01  6.88393375e-01  4.05791625e-02  4.94689953e-03  0.00000000e+00  9.78524203e-01
  0.00000000e+00  7.06940375e-03  4.11030125e-02  7.50291250e-02  1.09269656e-01  4.11115750e-01  6.83324937e-01  4.11030125e-02  7.06940375e-03  0.00000000e+00  9.51040641e-01
  0.00000000e+00  8.94018000e-03  4.14523734e-02  7.37180703e-02  1.06713953e-01  4.04120000e-01  6.77534500e-01  4.14523734e-02  8.94018000e-03  0.00000000e+00  9.21648672e-01
  0.00000000e+00  1.05735172e-02  4.16371469e-02  7.23408328e-02  1.04114250e-01  3.96923250e-01  6.71055078e-01  4.16371469e-02  1.05735172e-02  0.00000000e+00  8.90676188e-01
  0.00000000e+00  1.19957938e-02  4.16762281e-02  7.09041109e-02  1.01478547e-01  3.89549484e-01  6.63953687e-01  4.16762281e-02  1.19957938e-02  0.00000000e+00  8.58531031e-01
  8.67362500e-19  1.29738797e-02  4.16222187e-02  6.97581719e-02  9.94192813e-02  3.83740688e-01  6.58095375e-01  4.16222187e-02  1.29738797e-02  8.67362500e-19  8.33101844e-01
  3.68034156e-04  1.31911781e-02  4.15482172e-02  6.93782047e-02  9.87772500e-02  3.81985734e-01  6.56259297e-01  4.15482172e-02  1.31911781e-02  3.68034156e-04  8.25038109e-01
  2.17380125e-03  1.42980688e-02  4.12961141e-02  6.77047906e-02  9.58693719e-02  3.73717000e-01  6.47411906e-01  4.12961141e-02  1.42980688e-02  2.17380125e-03  7.84769516e-01
  3.79974609e-03  1.52599641e-02  4.09497141e-02  6.60029875e-02  9.29532922e-02  3.65277250e-01  6.37972516e-01  4.09497141e-02  1.52599641e-02  3.79974609e-03  7.44149016e-01
  5.21999750e-03  1.60482656e-02  4.04769219e-02  6.42354953e-02  8.99922141e-02  3.56638484e-01  6.27932141e-01  4.04769219e-02  1.60482656e-02  5.21999750e-03  7.03961531e-01
  6.44851469e-03  1.66751734e-02  3.98889328e-02  6.24104141e-02  8.69965344e-02  3.47822750e-01  6.17333781e-01  3.98889328e-02  1.66751734e-02  6.44851469e-03  6.64440016e-01
  7.49754656e-03  1.71520812e-02  3.91964484e-02  6.05367437e-02  8.39773500e-02  3.38855984e-01  6.06212422e-01  3.91964484e-02  1.71520812e-02  7.49754656e-03  6.25794469e-01
  8.38238250e-03  1.74925953e-02  3.84120672e-02  5.86244844e-02  8.09464609e-02  3.29763234e-01  5.94615078e-01  3.84120672e-02  1.74925953e-02  8.38238250e-03  5.88203828e-01
  9.11816141e-03  1.77105109e-02  3.75480875e-02  5.66831344e-02  7.79144688e-02  3.20573453e-01  5.82588750e-01  3.75480875e-02  1.77105109e-02  9.11816141e-03  5.51807078e-01
  9.71763312e-03  1.78173281e-02  3.66153078e-02  5.47215922e-02  7.48917672e-02  3.11308688e-01  5.70178422e-01  3.66153078e-02  1.78173281e-02  9.71763312e-03  5.16727234e-01
  1.01929969e-02  1.78243453e-02  3.56238313e-02  5.27481594e-02  7.18878594e-02  3.01995906e-01  5.57425109e-01  3.56238313e-02  1.78243453e-02  1.01929969e-02  4.83063250e-01
  1.05558031e-02  1.77419641e-02  3.45836547e-02  5.07708359e-02  6.89116438e-02  2.92656141e-01  5.44370812e-01  3.45836547e-02  1.77419641e-02  1.05558031e-02  4.50887156e-01
  1.08172078e-02  1.75804813e-02  3.35038781e-02  4.87972219e-02  6.59716203e-02  2.83314344e-01  5.31056531e-01  3.35038781e-02  1.75804813e-02  1.08172078e-02  4.20251953e-01
  1.09876141e-02  1.73492016e-02  3.23933016e-02  4.68344172e-02  6.30754859e-02  2.73991547e-01  5.17524250e-01  3.23933016e-02  1.73492016e-02  1.09876141e-02  3.91186656e-01
  1.10767234e-02  1.70573203e-02  3.12599250e-02  4.48890187e-02  6.02301453e-02  2.64707750e-01  5.03812969e-01  3.12599250e-02  1.70573203e-02  1.10767234e-02  3.63702266e-01
  1.10940297e-02  1.67131375e-02  3.01113453e-02  4.29670281e-02  5.74420922e-02  2.55483953e-01  4.89961719e-01  3.01113453e-02  1.67131375e-02  1.10940297e-02  3.37793766e-01
  1.10479375e-02  1.63244547e-02  2.89543672e-02  4.10739453e-02  5.47169297e-02  2.46339141e-01  4.76008453e-01  2.89543672e-02  1.63244547e-02  1.10479375e-02  3.13438187e-01
  1.09457453e-02  1.58980703e-02  2.77953891e-02  3.92152703e-02  5.20607578e-02  2.37292328e-01  4.61988219e-01  2.77953891e-02  1.58980703e-02  1.09457453e-02  2.90627547e-01
  1.07956531e-02  1.54410875e-02  2.66405078e-02  3.73953031e-02  4.94772766e-02  2.28360516e-01  4.47938984e-01  2.66405078e-02  1.54410875e-02  1.07956531e-02  2.69300844e-01
  0.00000000e+00  0.00000000e+00  3.51780062e-02  6.91268328e-02  1.06763000e-01  4.25704844e-01  7.11548219e-01  3.51780062e-02  0.00000000e+00  0.00000000e+00  8.98457094e-01
  0.00000000e+00  2.14891953e-03  3.55847422e-02  6.77360547e-02  1.03738359e-01  4.17708094e-01  7.05250641e-01  3.55847422e-02  2.14891953e-03  0.00000000e+00  8.78336688e-01
  0.00000000e+00  4.17260078e-03  3.59776891e-02  6.64648078e-02  1.00901719e-01  4.09757344e-01  6.98365109e-01  3.59776891e-02  4.17260078e-03  0.00000000e+00  8.54194047e-01
  0.00000000e+00  5.94626578e-03  3.62110500e-02  6.51415891e-02  9.80688844e-02  4.01670594e-01  6.90795578e-01  3.62110500e-02  5.94626578e-03  0.00000000e+00  8.27978969e-01
  0.00000000e+00  7.49853250e-03  3.63040219e-02  6.37735953e-02  9.52440406e-02  3.93463828e-01  6.82606109e-01  3.63040219e-02  7.49853250e-03  0.00000000e+00  8.00062250e-01
  0.00000000e+00  8.84271922e-03  3.62654062e-02  6.23627266e-02  9.24287922e-02  3.85147062e-01  6.73829641e-01  3.62654062e-02  8.84271922e-03  0.00000000e+00  7.70781766e-01
  0.00000000e+00  1.00026547e-02  3.61109953e-02  6.09139781e-02  8.96245391e-02  3.76734297e-01  6.64529203e-01  3.61109953e-02  1.00026547e-02  0.00000000e+00  7.40535438e-01
  8.19656578e-17  1.07937469e-02  3.59248922e-02  5.97714219e-02  8.74630016e-02  3.70173453e-01  6.57027875e-01  3.59248922e-02  1.07937469e-02  8.19656578e-17  7.16703766e-01
  3.03084859e-04  1.09672469e-02  3.58233938e-02  5.94022500e-02  8.68044781e-02  3.68217516e-01  6.54734797e-01  3.58233938e-02  1.09672469e-02  3.03084859e-04  7.09222172e-01
  1.78607125e-03  1.18496437e-02  3.54259969e-02  5.77622156e-02  8.38101359e-02  3.59006750e-01  6.43734359e-01  3.54259969e-02  1.18496437e-02  1.78607125e-03  6.72097094e-01
  3.11206375e-03  1.26059453e-02  3.49558047e-02  5.61087984e-02  8.08438875e-02  3.49693984e-01  6.32224937e-01  3.49558047e-02  1.26059453e-02  3.11206375e-03  6.34839984e-01
  4.26127156e-03  1.32136516e-02  3.43869172e-02  5.44113953e-02  7.78736313e-02  3.40256219e-01  6.20204547e-01  3.43869172e-02  1.32136516e-02  4.26127156e-03  5.98143781e-01
  5.24667422e-03  1.36844609e-02  3.37293313e-02  5.26773047e-02  7.49073672e-02  3.30718438e-01  6.07718156e-01  3.37293313e-02  1.36844609e-02  5.24667422e-03  5.62228453e-01
  6.07967047e-03  1.40287734e-02  3.29926484e-02  5.09143281e-02  7.19539953e-02  3.21100672e-01  5.94802797e-01  3.29926484e-02  1.40287734e-02  6.07967047e-03  5.27292969e-01
  6.77413984e-03  1.42591875e-02  3.21878687e-02  4.91311641e-02  6.90224141e-02  3.11430891e-01  5.81509422e-01  3.21878687e-02  1.42591875e-02  6.77413984e-03  4.93494359e-01
  7.34372141e-03  1.43879031e-02  3.13255891e-02  4.73357141e-02  6.61204234e-02  3.01733109e-01  5.67884094e-01  3.13255891e-02  1.43879031e-02  7.34372141e-03  4.60951578e-01
  7.79988484e-03  1.44255203e-02  3.04152094e-02  4.55356734e-02  6.32558219e-02  2.92029313e-01  5.53971750e-01  3.04152094e-02  1.44255203e-02  7.79988484e-03  4.29764672e-01
  8.15355938e-03  1.43820359e-02  2.94653328e-02  4.37379437e-02  6.04355094e-02  2.82342516e-01  5.39814453e-01  2.94653328e-02  1.43820359e-02  8.15355938e-03  4.00011594e-01
  8.41504484e-03  1.42666531e-02  2.84844547e-02  4.19493250e-02  5.76661844e-02  2.72693719e-01  5.25456156e-01  2.84844547e-02  1.42666531e-02  8.41504484e-03  3.71741406e-01
  8.59407094e-03  1.40884688e-02  2.74802750e-02  4.01759172e-02  5.49536484e-02  2.63104906e-01  5.10936859e-01  2.74802750e-02  1.40884688e-02  8.59407094e-03  3.44984109e-01
  8.69976719e-03  1.38555859e-02  2.64599937e-02  3.84235172e-02  5.23033016e-02  2.53594109e-01  4.96298578e-01  2.64599937e-02  1.38555859e-02  8.69976719e-03  3.19750688e-01
  8.74066359e-03  1.35759000e-02  2.54301156e-02  3.66972281e-02  4.97198438e-02  2.44182281e-01  4.81579312e-01  2.54301156e-02  1.35759000e-02  8.74066359e-03  2.96031156e-01
  8.72472969e-03  1.32566141e-02  2.43969328e-02  3.50018484e-02  4.72073750e-02  2.34884469e-01  4.66816078e-01  2.43969328e-02  1.32566141e-02  8.72472969e-03  2.73801563e-01
  8.65930578e-03  1.29042266e-02  2.33657500e-02  3.33416750e-02  4.47694922e-02  2.25717641e-01  4.52046828e-01  2.33657500e-02  1.29042266e-02  8.65930578e-03  2.53026891e-01
  8.55054141e-03  1.25245391e-02  2.23418672e-02  3.17209125e-02  4.24102000e-02  2.16700813e-01  4.37306609e-01  2.23418672e-02  1.25245391e-02  8.55054141e-03  2.33684141e-01
  8.40531656e-03  1.21234516e-02  2.13296828e-02  3.01425578e-02  4.01312969e-02  2.07845969e-01  4.22630375e-01  2.13296828e-02  1.21234516e-02  8.40531656e-03  2.15700344e-01
  0.00000000e+00  0.00000000e+00  3.12968109e-02  6.04008000e-02  9.60832563e-02  4.18554703e-01  7.23682703e-01  3.12968109e-02  0.00000000e+00  0.00000000e+00  7.90824172e-01
  0.00000000e+00  1.82246281e-03  3.14524609e-02  5.89745906e-02  9.28183891e-02  4.09183938e-01  7.14613078e-01  3.14524609e-02  1.82246281e-03  0.00000000e+00  7.71524578e-01
  0.00000000e+00  3.52729688e-03  3.16045219e-02  5.76636187e-02  8.97740031e-02  3.99952156e-01  7.05083484e-01  3.16045219e-02  3.52729688e-03  0.00000000e+00  7.48479422e-01
  0.00000000e+00  5.01023344e-03  3.16274953e-02  5.63194828e-02  8.67829063e-02  3.90683375e-01  6.94996938e-01  3.16274953e-02  5.01023344e-03  0.00000000e+00  7.23460531e-01
  0.00000000e+00  6.29743031e-03  3.15376797e-02  5.49477766e-02  8.38435984e-02  3.81386594e-01  6.84411422e-01  3.15376797e-02  6.29743031e-03  0.00000000e+00  6.96873766e-01
  0.00000000e+00  7.40154594e-03  3.13430719e-02  5.35501984e-02  8.09552781e-02  3.72068813e-01  6.73356938e-01  3.13430719e-02  7.40154594e-03  0.00000000e+00  6.69085031e-01
  0.00000000e+00  8.34447828e-03  3.10568703e-02  5.21305453e-02  7.81147453e-02  3.62739000e-01  6.61890484e-01  3.10568703e-02  8.34447828e-03  0.00000000e+00  6.40505266e-01
  2.16840625e-19  8.98140578e-03  3.07833703e-02  5.10199859e-02  7.59464234e-02  3.55516156e-01  6.52781141e-01  3.07833703e-02  8.98140578e-03  2.16840625e-19  6.18075922e-01
  2.49315484e-04  9.11892625e-03  3.06654734e-02  5.06680156e-02  7.52966031e-02  3.53385219e-01  6.50044031e-01  3.06654734e-02  9.11892625e-03  2.49315484e-04  6.11103406e-01
  1.46551078e-03  9.81745859e-03  3.01777813e-02  4.90941812e-02  7.23361703e-02  3.43358422e-01  6.36954594e-01  3.01777813e-02  9.81745859e-03  1.46551078e-03  5.76718609e-01
  2.54457016e-03  1.04062250e-02  2.96349938e-02  4.75184656e-02  6.94316266e-02  3.33300641e-01  6.23455172e-01  2.96349938e-02  1.04062250e-02  2.54457016e-03  5.42404688e-01
  3.47174359e-03  1.08683328e-02  2.90163078e-02  4.59155687e-02  6.65547719e-02  3.23193844e-01  6.09547781e-01  2.90163078e-02  1.08683328e-02  3.47174359e-03  5.08780562e-01
  4.25912047e-03  1.12145438e-02  2.83306250e-02  4.42921859e-02  6.37113063e-02  3.13059047e-01  5.95279391e-01  2.83306250e-02  1.12145438e-02  4.25912047e-03  4.76052234e-01
  4.91731016e-03  1.14545578e-02  2.75866438e-02  4.26554187e-02  6.09083250e-02  3.02918266e-01  5.80690016e-01  2.75866438e-02  1.14545578e-02  4.91731016e-03  4.44402719e-01
  5.45895188e-03  1.15998719e-02  2.67939625e-02  4.10125656e-02  5.81519328e-02  2.92795453e-01  5.65827672e-01  2.67939625e-02  1.15998719e-02  5.45895188e-03  4.13970016e-01
  5.89629500e-03  1.16615844e-02  2.59616813e-02  3.93706250e-02  5.54474281e-02  2.82712656e-01  5.50740344e-01  2.59616813e-02  1.16615844e-02  5.89629500e-03  3.84850125e-01
  6.23966906e-03  1.16490000e-02  2.50976016e-02  3.77356984e-02  5.28002094e-02  2.72689844e-01  5.35473016e-01  2.50976016e-02  1.16490000e-02  6.23966906e-03  3.57121078e-01
  6.49879391e-03  1.15710141e-02  2.42094203e-02  3.61138828e-02  5.02150766e-02  2.62748031e-01  5.20067719e-01  2.42094203e-02  1.15710141e-02  6.49879391e-03  3.30834891e-01
  6.68280906e-03  1.14359281e-02  2.33039391e-02  3.45105781e-02  4.76963313e-02  2.52906219e-01  5.04565422e-01  2.33039391e-02  1.14359281e-02  6.68280906e-03  3.06020547e-01
  6.80023422e-03  1.12515422e-02  2.23875563e-02  3.29307859e-02  4.52478734e-02  2.43183391e-01  4.89007156e-01  2.23875563e-02  1.12515422e-02  6.80023422e-03  2.82685109e-01
  6.85899953e-03  1.10250531e-02  2.14662734e-02  3.13791031e-02  4.28729031e-02  2.33595562e-01  4.73432891e-01  2.14662734e-02  1.10250531e-02  6.85899953e-03  2.60818563e-01
  6.86648438e-03  1.07629641e-02  2.05453875e-02  2.98595312e-02  4.05742188e-02  2.24158734e-01  4.57878656e-01  2.05453875e-02  1.07629641e-02  6.86648438e-03  2.40394922e-01
  6.82945906e-03  1.04714750e-02  1.96296031e-02  2.83757656e-02  3.83539234e-02  2.14888891e-01  4.42381422e-01  1.96296031e-02  1.04714750e-02  6.82945906e-03  2.21374203e-01
  6.75415328e-03  1.01561844e-02  1.87233156e-02  2.69307125e-02  3.62138172e-02  2.05798047e-01  4.26974203e-01  1.87233156e-02  1.01561844e-02  6.75415328e-03  2.03706437e-01
  6.64578703e-03  9.82176219e-03  1.78306281e-02  2.55278672e-02  3.41564984e-02  1.96902203e-01  4.11692984e-01  1.78306281e-02  9.82176219e-03  6.64578703e-03  1.87356594e-01
  6.51002047e-03  9.47312969e-03  1.69546391e-02  2.41690297e-02  3.21817672e-02  1.88211359e-01  3.96565797e-01  1.69546391e-02  9.47312969e-03  6.51002047e-03  1.72244719e-01
  0.00000000e+00  0.00000000e+00  2.75315203e-02  5.25540875e-02  8.51034141e-02  4.09584469e-01  7.32274844e-01  2.75315203e-02  0.00000000e+00  0.00000000e+00  7.00227172e-01
  0.00000000e+00  1.55024734e-03  2.75127859e-02  5.11420766e-02  8.17700766e-02  3.98955672e-01  7.20406203e-01  2.75127859e-02  1.55024734e-03  0.00000000e+00  6.81564047e-01
  0.00000000e+00  2.98933484e-03  2.74972594e-02  4.98383109e-02  7.86776156e-02  3.88562859e-01  7.08231609e-01  2.74972594e-02  2.98933484e-03  0.00000000e+00  6.59355047e-01
  0.00000000e+00  4.23039266e-03  2.73766438e-02  4.85146812e-02  7.56742359e-02  3.78232063e-01  6.95647047e-01  2.73766438e-02  4.23039266e-03  0.00000000e+00  6.35255016e-01
  0.00000000e+00  5.29766906e-03  2.71653375e-02  4.71756859e-02  7.27544375e-02  3.67965250e-01  6.82700531e-01  2.71653375e-02  5.29766906e-03  0.00000000e+00  6.09715906e-01
  0.00000000e+00  6.20343219e-03  2.68706375e-02  4.58235203e-02  6.99153219e-02  3.57767438e-01  6.69422031e-01  2.68706375e-02  6.20343219e-03  0.00000000e+00  5.83142625e-01
  0.00000000e+00  6.96797047e-03  2.65039422e-02  4.44609812e-02  6.71504891e-02  3.47638625e-01  6.55857578e-01  2.65039422e-02  6.96797047e-03  0.00000000e+00  5.55960141e-01
  5.48606781e-17  7.47880187e-03  2.61797484e-02  4.34020328e-02  6.50559625e-02  3.39848750e-01  6.45201250e-01  2.61797484e-02  7.47880187e-03  5.48606781e-17  5.34728969e-01
  2.05042969e-04  7.58713297e-03  2.60545516e-02  4.30713656e-02  6.44359391e-02  3.37569797e-01  6.42038141e-01  2.60545516e-02  7.58713297e-03  2.05042969e-04  5.28195469e-01
  1.20203922e-03  8.13663875e-03  2.55217625e-02  4.15858484e-02  6.16084984e-02  3.26854000e-01  6.26960719e-01  2.55217625e-02  8.13663875e-03  1.20203922e-03  4.96179781e-01
  2.07933422e-03  8.59097703e-03  2.49481766e-02  4.01070531e-02  5.88565406e-02  3.16181188e-01  6.11586313e-01  2.49481766e-02  8.59097703e-03  2.07933422e-03  4.64442828e-01
  2.82621219e-03  8.93745703e-03  2.43172922e-02  3.86144750e-02  5.61550688e-02  3.05532375e-01  5.95920922e-01  2.43172922e-02  8.93745703e-03  2.82621219e-03  4.33530625e-01
  3.45396250e-03  9.18619813e-03  2.36370094e-02  3.71142125e-02  5.35078797e-02  2.94929563e-01  5.80009547e-01  2.36370094e-02  9.18619813e-03  3.45396250e-03  4.03632203e-01
  3.97245453e-03  9.34628016e-03  2.29150281e-02  3.56124672e-02  5.09199766e-02  2.84391750e-01  5.63894187e-01  2.29150281e-02  9.34628016e-03  3.97245453e-03  3.74914547e-01
  4.39315766e-03  9.42808234e-03  2.21598453e-02  3.41157344e-02  4.83953594e-02  2.73941922e-01  5.47621859e-01  2.21598453e-02  9.42808234e-03  4.39315766e-03  3.47490672e-01
  4.72705156e-03  9.44148422e-03  2.13789625e-02  3.26295172e-02  4.59371281e-02  2.63597094e-01  5.31239547e-01  2.13789625e-02  9.44148422e-03  4.72705156e-03  3.21429625e-01
  4.98338578e-03  9.39487578e-03  2.05792781e-02  3.11593125e-02  4.35486813e-02  2.53376266e-01  5.14789250e-01  2.05792781e-02  9.39487578e-03  4.98338578e-03  2.96785406e-01
  5.17079031e-03  9.29609687e-03  1.97668938e-02  2.97099187e-02  4.12329203e-02  2.43296453e-01  4.98312969e-01  1.97668938e-02  9.29609687e-03  5.17079031e-03  2.73586047e-01
  5.29729469e-03  9.15242703e-03  1.89477094e-02  2.82857375e-02  3.89923438e-02  2.33375625e-01  4.81850687e-01  1.89477094e-02  9.15242703e-03  5.29729469e-03  2.51836547e-01
  5.37032891e-03  8.97054641e-03  1.81269219e-02  2.68907656e-02  3.68288563e-02  2.23628781e-01  4.65439453e-01  1.81269219e-02  8.97054641e-03  5.37032891e-03  2.31523953e-01
  5.39674281e-03  8.75663484e-03  1.73091344e-02  2.55285047e-02  3.47441547e-02  2.14069938e-01  4.49116219e-01  1.73091344e-02  8.75663484e-03  5.39674281e-03  2.12617281e-01
  5.38284625e-03  8.51630250e-03  1.64986453e-02  2.42019547e-02  3.27394406e-02  2.04711094e-01  4.32917000e-01  1.64986453e-02  8.51630250e-03  5.38284625e-03  1.95075531e-01
  5.33437922e-03  8.25466891e-03  1.56990578e-02  2.29137125e-02  3.08151156e-02  1.95565250e-01  4.16873781e-01  1.56990578e-02  8.25466891e-03  5.33437922e-03  1.78844703e-01
  5.25656203e-03  7.97633453e-03  1.49137672e-02  2.16659797e-02  2.89716781e-02  1.86642391e-01  4.01016594e-01  1.49137672e-02  7.97633453e-03  5.25656203e-03  1.63862844e-01
  5.15379406e-03  7.68525938e-03  1.41458750e-02  2.04612547e-02  2.72103297e-02  1.77955547e-01  3.85379406e-01  1.41458750e-02  7.68525938e-03  5.15379406e-03  1.50085937e-01
  5.03068578e-03  7.38537328e-03  1.33976812e-02  1.93003391e-02  2.55296703e-02  1.69510672e-01  3.69986250e-01  1.33976812e-02  7.38537328e-03  5.03068578e-03  1.37427000e-01
  0.00000000e+00  0.00000000e+00  2.39433313e-02  4.55661844e-02  7.41503719e-02  3.98892078e-01  7.37007766e-01  2.39433313e-02  0.00000000e+00  0.00000000e+00  6.24806844e-01
  0.00000000e+00  1.32029188e-03  2.38103109e-02  4.41966016e-02  7.08933375e-02  3.87120250e-01  7.22353109e-01  2.38103109e-02  1.32029188e-03  0.00000000e+00  6.06245781e-01
  0.00000000e+00  2.53532172e-03  2.36840984e-02  4.29273641e-02  6.78855719e-02  3.75683406e-01  7.07569547e-01  2.36840984e-02  2.53532172e-03  0.00000000e+00  5.84370563e-01
  0.00000000e+00  3.57306000e-03  2.34717938e-02  4.16479656e-02  6.49897828e-02  3.64408578e-01  6.92542000e-01  2.34717938e-02  3.57306000e-03  0.00000000e+00  5.60745063e-01
  0.00000000e+00  4.45628438e-03  2.31863953e-02  4.03628984e-02  6.21977734e-02  3.53291734e-01  6.77308484e-01  2.31863953e-02  4.45628438e-03  0.00000000e+00  5.35866281e-01
  0.00000000e+00  5.19697359e-03  2.28347000e-02  3.90742641e-02  5.95054391e-02  3.42332906e-01  6.61893031e-01  2.28347000e-02  5.19697359e-03  0.00000000e+00  5.10170187e-01
  0.00000000e+00  5.81404641e-03  2.24267109e-02  3.77847547e-02  5.69038875e-02  3.31527078e-01  6.46333594e-01  2.24267109e-02  5.81404641e-03  0.00000000e+00  4.84088766e-01
  4.09828781e-17  6.22133016e-03  2.20800187e-02  3.67880297e-02  5.49452422e-02  3.23261203e-01  6.34220250e-01  2.20800187e-02  6.22133016e-03  4.09828781e-17  4.63847594e-01
  1.68344203e-04  6.30588172e-03  2.19544219e-02  3.64807672e-02  5.43707141e-02  3.20860250e-01  6.30656172e-01  2.19544219e-02  6.30588172e-03  1.68344203e-04  4.57686094e-01
  9.84105281e-04  6.73436937e-03  2.14104359e-02  3.50948844e-02  5.17511438e-02  3.09584422e-01  6.13727766e-01  2.14104359e-02  6.73436937e-03  9.84105281e-04  4.27706281e-01
  1.69562578e-03  7.08072844e-03  2.08373500e-02  3.37228187e-02  4.92185578e-02  2.98424594e-01  5.96627375e-01  2.08373500e-02  7.08072844e-03  1.69562578e-03  3.98225187e-01
  2.29547719e-03  7.33572813e-03  2.02218656e-02  3.23479687e-02  4.67511547e-02  2.87362766e-01  5.79363000e-01  2.02218656e-02  7.33572813e-03  2.29547719e-03  3.69722797e-01
  2.79412984e-03  7.50876828e-03  1.95710813e-02  3.09753375e-02  4.43508344e-02  2.76417937e-01  5.61976672e-01  1.95710813e-02  7.50876828e-03  2.79412984e-03  3.42362156e-01
  3.20073328e-03  7.60825844e-03  1.88918969e-02  2.96108219e-02  4.20211969e-02  2.65609109e-01  5.44512344e-01  1.88918969e-02  7.60825844e-03  3.20073328e-03  3.16285281e-01
  3.52564719e-03  7.64354812e-03  1.81915109e-02  2.82598172e-02  3.97642453e-02  2.54953281e-01  5.27015047e-01  1.81915109e-02  7.64354812e-03  3.52564719e-03  2.91575203e-01
  3.77867109e-03  7.62339750e-03  1.74762250e-02  2.69268281e-02  3.75813781e-02  2.44467437e-01  5.09526750e-01  1.74762250e-02  7.62339750e-03  3.77867109e-03  2.68271953e-01
  3.96802516e-03  7.55526594e-03  1.67518375e-02  2.56163500e-02  3.54743953e-02  2.34164625e-01  4.92088484e-01  1.67518375e-02  7.55526594e-03  3.96802516e-03  2.46403547e-01
  4.10131891e-03  7.44599359e-03  1.60233516e-02  2.43321844e-02  3.34444984e-02  2.24061781e-01  4.74738234e-01  1.60233516e-02  7.44599359e-03  4.10131891e-03  2.25971016e-01
  4.18555234e-03  7.30189031e-03  1.52956625e-02  2.30777297e-02  3.14927891e-02  2.14171938e-01  4.57513000e-01  1.52956625e-02  7.30189031e-03  4.18555234e-03  2.06957359e-01
  4.22716531e-03  7.12868625e-03  1.45728719e-02  2.18561859e-02  2.96197672e-02  2.04506094e-01  4.40448766e-01  1.45728719e-02  7.12868625e-03  4.22716531e-03  1.89327641e-01
  4.23200797e-03  6.93160125e-03  1.38585797e-02  2.06700500e-02  2.78258313e-02  1.95076234e-01  4.23577563e-01  1.38585797e-02  6.93160125e-03  4.23200797e-03  1.73034844e-01
  4.20543016e-03  6.71534531e-03  1.31559891e-02  1.95215219e-02  2.61107844e-02  1.85891391e-01  4.06930375e-01  1.31559891e-02  6.71534531e-03  4.20543016e-03  1.58022969e-01
  4.15225188e-03  6.48414859e-03  1.24680953e-02  1.84121047e-02  2.44741266e-02  1.76960531e-01  3.90536187e-01  1.24680953e-02  6.48414859e-03  4.15225188e-03  1.44225063e-01
  4.07682313e-03  6.24177125e-03  1.17971016e-02  1.73433937e-02  2.29150594e-02  1.68290672e-01  3.74421031e-01  1.17971016e-02  6.24177125e-03  4.07682313e-03  1.31572125e-01
  3.98277391e-03  5.99147281e-03  1.11453062e-02  1.63170906e-02  2.14338813e-02  1.59891813e-01  3.58615875e-01  1.11453062e-02  5.99147281e-03  3.98277391e-03  1.20009156e-01
  3.87386437e-03  5.73633406e-03  1.05144094e-02  1.53331969e-02  2.00282937e-02  1.51766937e-01  3.43138750e-01  1.05144094e-02  5.73633406e-03  3.87386437e-03  1.09449172e-01
  0.00000000e+00  0.00000000e+00  2.06159437e-02  3.94126062e-02  6.36671094e-02  3.86691469e-01  7.37615547e-01  2.06159437e-02  0.00000000e+00  0.00000000e+00  5.62475734e-01
  0.00000000e+00  1.12432469e-03  2.04135375e-02  3.80987750e-02  6.05954531e-02  3.73898609e-01  7.20258938e-01  2.04135375e-02  1.12432469e-03  0.00000000e+00  5.43358297e-01
  0.00000000e+00  2.14923563e-03  2.02194344e-02  3.68782844e-02  5.77700641e-02  3.61543766e-01  7.02973391e-01  2.02194344e-02  2.14923563e-03  0.00000000e+00  5.21263438e-01
  0.00000000e+00  3.01542219e-03  1.99543391e-02  3.56558312e-02  5.50682469e-02  3.49452922e-01  6.85625875e-01  1.99543391e-02  3.01542219e-03  0.00000000e+00  4.97666141e-01
  0.00000000e+00  3.74435281e-03  1.96301453e-02  3.44356078e-02  5.24803047e-02  3.37612078e-01  6.68239406e-01  1.96301453e-02  3.74435281e-03  0.00000000e+00  4.73087422e-01
  0.00000000e+00  4.34776641e-03  1.92533562e-02  3.32201141e-02  5.00012391e-02  3.26020234e-01  6.50837953e-01  1.92533562e-02  4.34776641e-03  0.00000000e+00  4.47981266e-01
  0.00000000e+00  4.84327219e-03  1.88328688e-02  3.20116437e-02  4.76211500e-02  3.14663375e-01  6.33442562e-01  1.88328688e-02  4.84327219e-03  0.00000000e+00  4.22761734e-01
  2.84061203e-17  5.16587750e-03  1.84839781e-02  3.10822484e-02  4.58381781e-02  3.06020500e-01  6.19999250e-01  1.84839781e-02  5.16587750e-03  2.84061203e-17  4.03350422e-01
  1.37924156e-04  5.23121922e-03  1.83627813e-02  3.07989953e-02  4.53190438e-02  3.03524547e-01  6.16074172e-01  1.83627813e-02  5.23121922e-03  1.37924156e-04  3.97512859e-01
  8.03896625e-04  5.56212750e-03  1.78317953e-02  2.95177500e-02  4.29526359e-02  2.91821703e-01  5.97480812e-01  1.78317953e-02  5.56212750e-03  8.03896625e-04  3.69311828e-01
  1.37942453e-03  5.82259609e-03  1.72808109e-02  2.82560219e-02  4.06782094e-02  2.80305875e-01  5.78852453e-01  1.72808109e-02  5.82259609e-03  1.37942453e-03  3.41844484e-01
  1.85966813e-03  6.00611500e-03  1.66994234e-02  2.70003094e-02  3.84763672e-02  2.68961047e-01  5.60192125e-01  1.66994234e-02  6.00611500e-03  1.85966813e-03  3.15518828e-01
  2.25429203e-03  6.12135344e-03  1.60938375e-02  2.57551125e-02  3.63478063e-02  2.57802219e-01  5.41541812e-01  1.60938375e-02  6.12135344e-03  2.25429203e-03  2.90464938e-01
  2.57168625e-03  6.17602141e-03  1.54700516e-02  2.45255281e-02  3.42948297e-02  2.46846375e-01  5.22942531e-01  1.54700516e-02  6.17602141e-03  2.57168625e-03  2.66792813e-01
  2.82116047e-03  6.17845859e-03  1.48341641e-02  2.33157594e-02  3.23180391e-02  2.36107547e-01  5.04436250e-01  1.48341641e-02  6.17845859e-03  2.82116047e-03  2.44551516e-01
  3.01140422e-03  6.13640500e-03  1.41916734e-02  2.21297000e-02  3.04175328e-02  2.25596703e-01  4.86060000e-01  1.41916734e-02  6.13640500e-03  3.01140422e-03  2.23749063e-01
  3.14966766e-03  6.05636062e-03  1.35469844e-02  2.09706516e-02  2.85936141e-02  2.15325875e-01  4.67851766e-01  1.35469844e-02  6.05636062e-03  3.14966766e-03  2.04385469e-01
  3.24261063e-03  5.94428516e-03  1.29045922e-02  1.98417141e-02  2.68466813e-02  2.05307031e-01  4.49844547e-01  1.29045922e-02  5.94428516e-03  3.24261063e-03  1.86436781e-01
  3.29628313e-03  5.80555891e-03  1.22680000e-02  1.87453859e-02  2.51763375e-02  1.95550188e-01  4.32072344e-01  1.22680000e-02  5.80555891e-03  3.29628313e-03  1.69862984e-01
  3.31620500e-03  5.64506172e-03  1.16406062e-02  1.76838672e-02  2.35824797e-02  1.86063344e-01  4.14565172e-01  1.16406062e-02  5.64506172e-03  3.31620500e-03  1.54611141e-01
  3.30733656e-03  5.46714391e-03  1.10251125e-02  1.66588578e-02  2.20641125e-02  1.76853500e-01  3.97352984e-01  1.10251125e-02  5.46714391e-03  3.30733656e-03  1.40618250e-01
  3.27418750e-03  5.27572516e-03  1.04241172e-02  1.56718547e-02  2.06204344e-02  1.67928641e-01  3.80460828e-01  1.04241172e-02  5.27572516e-03  3.27418750e-03  1.27816281e-01
  3.22075812e-03  5.07423594e-03  9.83951078e-03  1.47236609e-02  1.92500469e-02  1.59292766e-01  3.63912672e-01  9.83951078e-03  5.07423594e-03  3.22075812e-03  1.16128328e-01
  3.15062828e-03  4.86571609e-03  9.27296406e-03  1.38151719e-02  1.79514516e-02  1.50948906e-01  3.47730547e-01  9.27296406e-03  4.86571609e-03  3.15062828e-03  1.05481312e-01
  3.06677812e-03  4.65280547e-03  8.72617641e-03  1.29472891e-02  1.67242453e-02  1.42905047e-01  3.31940422e-01  8.72617641e-03  4.65280547e-03  3.06677812e-03  9.58130047e-02
  2.97224766e-03  4.43788469e-03  8.19997813e-03  1.21196156e-02  1.55657313e-02  1.35160188e-01  3.16555313e-01  8.19997813e-03  4.43788469e-03  2.97224766e-03  8.70358813e-02
  0.00000000e+00  0.00000000e+00  1.75192563e-02  3.38827234e-02  5.37134625e-02  3.72784641e-01  7.33918266e-01  1.75192563e-02  0.00000000e+00  0.00000000e+00  5.09519313e-01
  0.00000000e+00  9.52915781e-04  1.72803625e-02  3.26358516e-02  5.09070641e-02  3.59084781e-01  7.13945703e-01  1.72803625e-02  9.52915781e-04  0.00000000e+00  4.89279125e-01
  0.00000000e+00  1.81270562e-03  1.70499687e-02  3.14759219e-02  4.83350344e-02  3.45928938e-01  6.94265187e-01  1.70499687e-02  1.81270562e-03  0.00000000e+00  4.66532297e-01
  0.00000000e+00  2.53111875e-03  1.67609781e-02  3.03215219e-02  4.58889750e-02  3.33141094e-01  6.74719734e-01  1.67609781e-02  2.53111875e-03  0.00000000e+00  4.42648906e-01
  0.00000000e+00  3.12832406e-03  1.64241906e-02  2.91763500e-02  4.35586891e-02  3.20698250e-01  6.55319312e-01  1.64241906e-02  3.12832406e-03  0.00000000e+00  4.18145016e-01
  0.00000000e+00  3.61573078e-03  1.60461031e-02  2.80430047e-02  4.13388813e-02  3.08595391e-01  6.36079922e-01  1.60461031e-02  3.61573078e-03  0.00000000e+00  3.93469625e-01
  0.00000000e+00  4.00966813e-03  1.56346156e-02  2.69233812e-02  3.92191500e-02  2.96809563e-01  6.17009547e-01  1.56346156e-02  4.00966813e-03  0.00000000e+00  3.69000812e-01
  1.36609594e-17  4.26224406e-03  1.52986266e-02  2.60668187e-02  3.76381453e-02  2.87882688e-01  6.02366281e-01  1.52986266e-02  4.26224406e-03  1.36609594e-17  3.50352281e-01
  1.12268859e-04  4.31193578e-03  1.51852297e-02  2.58083750e-02  3.71806000e-02  2.85319719e-01  5.98118219e-01  1.51852297e-02  4.31193578e-03  1.12268859e-04  3.44814656e-01
  6.52364500e-04  4.56354375e-03  1.46851438e-02  2.46372703e-02  3.50961469e-02  2.73317891e-01  5.78050875e-01  1.46851438e-02  4.56354375e-03  6.52364500e-04  3.18273297e-01
  1.11462047e-03  4.75536156e-03  1.41721578e-02  2.34902844e-02  3.31031766e-02  2.61576062e-01  5.58090563e-01  1.41721578e-02  4.75536156e-03  1.11462047e-03  2.92703641e-01
  1.49619562e-03  4.88304875e-03  1.36383687e-02  2.23566109e-02  3.11844906e-02  2.50075250e-01  5.38238266e-01  1.36383687e-02  4.88304875e-03  1.49619562e-03  2.68438687e-01
  1.80592047e-03  4.95448531e-03  1.30889813e-02  2.12398516e-02  2.93401875e-02  2.38827422e-01  5.18531000e-01  1.30889813e-02  4.95448531e-03  1.80592047e-03  2.45567516e-01
  2.05143484e-03  4.97663094e-03  1.25293906e-02  2.01444016e-02  2.75712703e-02  2.27846594e-01  4.99007766e-01  1.25293906e-02  4.97663094e-03  2.05143484e-03  2.24163141e-01
  2.24098875e-03  4.95685563e-03  1.19646000e-02  1.90735641e-02  2.58774391e-02  2.17142750e-01  4.79705531e-01  1.19646000e-02  4.95685563e-03  2.24098875e-03  2.04237625e-01
  2.38220203e-03  4.90187938e-03  1.13989094e-02  1.80301375e-02  2.42576953e-02  2.06722922e-01  4.60656312e-01  1.13989094e-02  4.90187938e-03  2.38220203e-03  1.85767953e-01
  2.48140469e-03  4.81732219e-03  1.08363156e-02  1.70168203e-02  2.27117391e-02  1.96594094e-01  4.41890109e-01  1.08363156e-02  4.81732219e-03  2.48140469e-03  1.68722188e-01
  2.54433688e-03  4.70826422e-03  1.02800219e-02  1.60357094e-02  2.12387719e-02  1.86765250e-01  4.23437937e-01  1.02800219e-02  4.70826422e-03  2.54433688e-03  1.53053344e-01
  2.57617844e-03  4.57925547e-03  9.73304547e-03  1.50885094e-02  1.98378922e-02  1.77241406e-01  4.05327766e-01  9.73304547e-03  4.57925547e-03  2.57617844e-03  1.38701453e-01
  2.58159953e-03  4.43435594e-03  9.19774937e-03  1.41767156e-02  1.85080047e-02  1.68028563e-01  3.87584609e-01  9.19774937e-03  4.43435594e-03  2.58159953e-03  1.25597500e-01
  2.56476000e-03  4.27716578e-03  8.67628234e-03  1.33013281e-02  1.72477063e-02  1.59129719e-01  3.70232469e-01  8.67628234e-03  4.27716578e-03  2.56476000e-03  1.13665500e-01
  2.52939016e-03  4.11085500e-03  8.17035453e-03  1.24629484e-02  1.60554984e-02  1.50547859e-01  3.53290344e-01  8.17035453e-03  4.11085500e-03  2.52939016e-03  1.02826500e-01
  2.47877984e-03  3.93819375e-03  7.68135625e-03  1.16620750e-02  1.49293844e-02  1.42283016e-01  3.36777234e-01  7.68135625e-03  3.93819375e-03  2.47877984e-03  9.30005656e-02
  2.41583922e-03  3.76159187e-03  7.21037719e-03  1.08987078e-02  1.38677609e-02  1.34338141e-01  3.20709125e-01  7.21037719e-03  3.76159187e-03  2.41583922e-03  8.41074250e-02
  2.34297844e-03  3.58310000e-03  6.75855750e-03  1.01734453e-02  1.28693344e-02  1.26715266e-01  3.05109031e-01  6.75855750e-03  3.58310000e-03  2.34297844e-03  7.60832797e-02
  2.26260734e-03  3.40457766e-03  6.32624750e-03  9.48549719e-03  1.19313984e-02  1.19409406e-01  2.89981953e-01  6.32624750e-03  3.40457766e-03  2.26260734e-03  6.88422312e-02
  0.00000000e+00  0.00000000e+00  1.47231703e-02  2.89737156e-02  4.46419422e-02  3.57404625e-01  7.25843000e-01  1.47231703e-02  0.00000000e+00  0.00000000e+00  4.64321047e-01
  0.00000000e+00  8.03847484e-04  1.44719844e-02  2.78016141e-02  4.21463922e-02  3.42935797e-01  7.03431500e-01  1.44719844e-02  8.03847484e-04  0.00000000e+00  4.42566719e-01
  0.00000000e+00  1.52144109e-03  1.42285984e-02  2.67114453e-02  3.98668094e-02  3.29120953e-01  6.81546047e-01  1.42285984e-02  1.52144109e-03  0.00000000e+00  4.18902641e-01
  0.00000000e+00  2.11393906e-03  1.39368125e-02  2.56332047e-02  3.77084000e-02  3.15776125e-01  6.60003641e-01  1.39368125e-02  2.11393906e-03  0.00000000e+00  3.94568938e-01
  0.00000000e+00  2.60017734e-03  1.36066266e-02  2.45703875e-02  3.56613656e-02  3.02870297e-01  6.38796250e-01  1.36066266e-02  2.60017734e-03  0.00000000e+00  3.70046688e-01
  0.00000000e+00  2.99109562e-03  1.32440422e-02  2.35255891e-02  3.37205094e-02  2.90394469e-01  6.17932922e-01  1.32440422e-02  2.99109562e-03  0.00000000e+00  3.45756938e-01
  0.00000000e+00  3.30168375e-03  1.28563547e-02  2.25000109e-02  3.18757328e-02  2.78314656e-01  5.97405594e-01  1.28563547e-02  3.30168375e-03  0.00000000e+00  3.22017750e-01
  0.00000000e+00  3.49750953e-03  1.25435656e-02  2.17194828e-02  3.05049938e-02  2.69208781e-01  5.81732375e-01  1.25435656e-02  3.49750953e-03  0.00000000e+00  3.04121953e-01
  9.09284141e-05  3.53475109e-03  1.24403672e-02  2.14862469e-02  3.01102375e-02  2.66605828e-01  5.77211312e-01  1.24403672e-02  3.53475109e-03  9.09284141e-05  2.98877250e-01
  5.26725938e-04  3.72341828e-03  1.19824797e-02  2.04276859e-02  2.83133391e-02  2.54445000e-01  5.55907016e-01  1.19824797e-02  3.72341828e-03  5.26725938e-04  2.73936516e-01
  8.96046250e-04  3.86186469e-03  1.15172922e-02  1.93968391e-02  2.66031250e-02  2.42612187e-01  5.34855750e-01  1.15172922e-02  3.86186469e-03  8.96046250e-04  2.50195484e-01
  1.19756000e-03  3.94736016e-03  1.10385031e-02  1.83848031e-02  2.49648969e-02  2.31087391e-01  5.14053500e-01  1.10385031e-02  3.94736016e-03  1.19756000e-03  2.27904234e-01
  1.43923500e-03  3.98697484e-03  1.05509094e-02  1.73944766e-02  2.33979531e-02  2.19877578e-01  4.93531281e-01  1.05509094e-02  3.98697484e-03  1.43923500e-03  2.07110781e-01
  1.62790922e-03  3.98692812e-03  1.00587187e-02  1.64293609e-02  2.19027953e-02  2.08994750e-01  4.73325063e-01  1.00587187e-02  3.98692812e-03  1.62790922e-03  1.87845188e-01
  1.77084266e-03  3.95361078e-03  9.56635500e-03  1.54919547e-02  2.04781281e-02  1.98441938e-01  4.53463875e-01  9.56635500e-03  3.95361078e-03  1.77084266e-03  1.70083453e-01
  1.87462547e-03  3.89279234e-03  9.07721047e-03  1.45842562e-02  1.91226484e-02  1.88223109e-01  4.33972703e-01  9.07721047e-03  3.89279234e-03  1.87462547e-03  1.53770609e-01
  1.94473734e-03  3.80928297e-03  8.59434469e-03  1.37079656e-02  1.78351594e-02  1.78341281e-01  4.14877547e-01  8.59434469e-03  3.80928297e-03  1.94473734e-03  1.38848719e-01
  1.98605891e-03  3.70733297e-03  8.12035797e-03  1.28645828e-02  1.66144594e-02  1.68800453e-01  3.96202391e-01  8.12035797e-03  3.70733297e-03  1.98605891e-03  1.25249750e-01
  2.00297969e-03  3.59075219e-03  7.65746031e-03  1.20552047e-02  1.54591516e-02  1.59601625e-01  3.77969250e-01  7.65746031e-03  3.59075219e-03  2.00297969e-03  1.12895750e-01
  1.99940000e-03  3.46287078e-03  7.20747203e-03  1.12804328e-02  1.43677328e-02  1.50746781e-01  3.60196141e-01  7.20747203e-03  3.46287078e-03  1.99940000e-03  1.01703719e-01
  1.97876984e-03  3.32660891e-03  6.77188313e-03  1.05407687e-02  1.33382109e-02  1.42235938e-01  3.42902031e-01  6.77188313e-03  3.32660891e-03  1.97876984e-03  9.15899656e-02
  1.94414938e-03  3.18449687e-03  6.35187344e-03  9.83634781e-03  1.23689797e-02  1.34068078e-01  3.26099937e-01  6.35187344e-03  3.18449687e-03  1.94414938e-03  8.24684031e-02
  1.89819844e-03  3.03873422e-03  5.94833328e-03  9.16705250e-03  1.14579406e-02  1.26240219e-01  3.09802844e-01  5.94833328e-03  3.03873422e-03  1.89819844e-03  7.42553375e-02
  1.84325734e-03  2.89119141e-03  5.56189266e-03  8.53254172e-03  1.06028984e-02  1.18749359e-01  2.94020766e-01  5.56189266e-03  2.89119141e-03  1.84325734e-03  6.68702703e-02
  1.78126609e-03  2.74346844e-03  5.19327188e-03  7.93289516e-03  9.80263922e-03  1.11597484e-01  2.78770703e-01  5.19327188e-03  2.74346844e-03  1.78126609e-03  6.02482047e-02
  1.71409469e-03  2.59694516e-03  4.84250062e-03  7.36701281e-03  9.05426547e-03  1.04774625e-01  2.64051656e-01  4.84250062e-03  2.59694516e-03  1.71409469e-03  5.43067437e-02
  0.00000000e+00  0.00000000e+00  1.22278859e-02  2.45865328e-02  3.65528984e-02  3.40561484e-01  7.13407813e-01  1.22278859e-02  0.00000000e+00  0.00000000e+00  4.24440375e-01
  0.00000000e+00  6.72997781e-04  1.19806047e-02  2.34971969e-02  3.43865906e-02  3.25475672e-01  6.88775375e-01  1.19806047e-02  6.72997781e-04  0.00000000e+00  4.00999625e-01
  0.00000000e+00  1.26727203e-03  1.17401234e-02  2.24852906e-02  3.24133547e-02  3.11150891e-01  6.64909984e-01  1.17401234e-02  1.26727203e-03  0.00000000e+00  3.76350094e-01
  0.00000000e+00  1.75197281e-03  1.14599391e-02  2.14911047e-02  3.05519938e-02  2.97400078e-01  6.41601625e-01  1.14599391e-02  1.75197281e-03  0.00000000e+00  3.51574906e-01
  0.00000000e+00  2.14446281e-03  1.11489562e-02  2.05176375e-02  2.87933109e-02  2.84178281e-01  6.18822313e-01  1.11489562e-02  2.14446281e-03  0.00000000e+00  3.27088188e-01
  0.00000000e+00  2.45506188e-03  1.08130703e-02  1.95669875e-02  2.71326078e-02  2.71472484e-01  5.96574000e-01  1.08130703e-02  2.45506188e-03  0.00000000e+00  3.03258984e-01
  0.00000000e+00  2.69735984e-03  1.04586828e-02  1.86399500e-02  2.55604859e-02  2.59239687e-01  5.74826750e-01  1.04586828e-02  2.69735984e-03  0.00000000e+00  2.80326391e-01
  0.00000000e+00  2.84732531e-03  1.01753922e-02  1.79381516e-02  2.43962125e-02  2.50058844e-01  5.58309547e-01  1.01753922e-02  2.84732531e-03  0.00000000e+00  2.63239281e-01
  7.31151656e-05  2.87474641e-03  1.00834938e-02  1.77301250e-02  2.40622484e-02  2.47447875e-01  5.53568484e-01  1.00834938e-02  2.87474641e-03  7.31151656e-05  2.58296484e-01
  4.22225219e-04  3.01382250e-03  9.67435563e-03  1.67860031e-02  2.25437063e-02  2.35266109e-01  5.31280250e-01  9.67435563e-03  3.01382250e-03  4.22225219e-04  2.34976375e-01
  7.15131047e-04  3.11121750e-03  9.26212500e-03  1.58718906e-02  2.11044516e-02  2.23479297e-01  5.09392016e-01  9.26212500e-03  3.11121750e-03  7.15131047e-04  2.13054016e-01
  9.51586844e-04  3.16540141e-03  8.84183328e-03  1.49802891e-02  1.97319828e-02  2.12061500e-01  4.87889828e-01  8.84183328e-03  3.16540141e-03  9.51586844e-04  1.92701469e-01
  1.13867656e-03  3.18262406e-03  8.41747000e-03  1.41136937e-02  1.84252031e-02  2.01014719e-01  4.66800625e-01  8.41747000e-03  3.18262406e-03  1.13867656e-03  1.73918766e-01
  1.28244047e-03  3.16832562e-03  7.99279531e-03  1.32745078e-02  1.71839125e-02  1.90346922e-01  4.46152469e-01  7.99279531e-03  3.16832562e-03  1.28244047e-03  1.56697953e-01
  1.38916344e-03  3.12798641e-03  7.57116969e-03  1.24646266e-02  1.60067125e-02  1.80059109e-01  4.25970313e-01  7.57116969e-03  3.12798641e-03  1.38916344e-03  1.40979031e-01
  1.46450547e-03  3.06649625e-03  7.15538281e-03  1.16851547e-02  1.48918000e-02  1.70146297e-01  4.06268172e-01  7.15538281e-03  3.06649625e-03  1.46450547e-03  1.26676078e-01
  1.51310703e-03  2.98786531e-03  6.74777516e-03  1.09371875e-02  1.38375828e-02  1.60609484e-01  3.87067047e-01  6.74777516e-03  2.98786531e-03  1.51310703e-03  1.13712047e-01
  1.53909781e-03  2.89564391e-03  6.35032656e-03  1.02216250e-02  1.28426563e-02  1.51446672e-01  3.68382938e-01  6.35032656e-03  2.89564391e-03  1.53909781e-03  1.01997984e-01
  1.54612812e-03  2.79295172e-03  5.96465719e-03  9.53872797e-03  1.19052234e-02  1.42657828e-01  3.50232828e-01  5.96465719e-03  2.79295172e-03  1.54612812e-03  9.14436141e-02
  1.53741797e-03  2.68245922e-03  5.59205719e-03  8.88881578e-03  1.10236828e-02  1.34238000e-01  3.32626750e-01  5.59205719e-03  2.68245922e-03  1.53741797e-03  8.19576266e-02
  1.51580719e-03  2.56652625e-03  5.23353687e-03  8.27179766e-03  1.01959375e-02  1.26184156e-01  3.15577656e-01  5.23353687e-03  2.56652625e-03  1.51580719e-03  7.34490344e-02
  1.48374625e-03  2.44713312e-03  4.88984594e-03  7.68737391e-03  9.42009656e-03  1.18491313e-01  2.99091609e-01  4.88984594e-03  2.44713312e-03  1.48374625e-03  6.58295422e-02
  1.44337516e-03  2.32597984e-03  4.56147484e-03  7.13507375e-03  8.69406063e-03  1.11154453e-01  2.83176547e-01  4.56147484e-03  2.32597984e-03  1.44337516e-03  5.90149531e-02
  1.39656375e-03  2.20450641e-03  4.24875328e-03  6.61425703e-03  8.01570031e-03  1.04166578e-01  2.67834500e-01  4.24875328e-03  2.20450641e-03  1.39656375e-03  5.29259719e-02
  1.34482234e-03  2.08393281e-03  3.95207156e-03  6.12465344e-03  7.38363594e-03  9.75256141e-02  2.53078453e-01  3.95207156e-03  2.08393281e-03  1.34482234e-03  4.74989969e-02
  1.28961062e-03  1.96524937e-03  3.67121984e-03  5.66499297e-03  6.79513766e-03  9.12208359e-02  2.38901422e-01  3.67121984e-03  1.96524937e-03  1.28961062e-03  4.26569297e-02
  0.00000000e+00  0.00000000e+00  1.00359016e-02  2.06676969e-02  2.95120047e-02  3.22344297e-01  6.96759734e-01  1.00359016e-02  0.00000000e+00  0.00000000e+00  3.88088828e-01
  0.00000000e+00  5.58197828e-04  9.80281219e-03  1.96690234e-02  2.76703422e-02  3.06811531e-01  6.70169359e-01  9.80281219e-03  5.58197828e-04  0.00000000e+00  3.63036453e-01
  0.00000000e+00  1.04574891e-03  9.57565234e-03  1.87435703e-02  2.59972547e-02  2.92145781e-01  6.44591016e-01  9.57565234e-03  1.04574891e-03  0.00000000e+00  3.37536328e-01
  0.00000000e+00  1.43850109e-03  9.31604062e-03  1.78405344e-02  2.44239438e-02  2.78149031e-01  6.19783703e-01  9.31604062e-03  1.43850109e-03  0.00000000e+00  3.12488578e-01
  0.00000000e+00  1.75221172e-03  9.03227656e-03  1.69620125e-02  2.29423156e-02  2.64768266e-01  5.95697453e-01  9.03227656e-03  1.75221172e-03  0.00000000e+00  2.88217312e-01
  0.00000000e+00  1.99642062e-03  8.72961047e-03  1.61101016e-02  2.15482688e-02  2.51983516e-01  5.72325203e-01  8.72961047e-03  1.99642062e-03  0.00000000e+00  2.65019625e-01
  0.00000000e+00  2.18324797e-03  8.41363250e-03  1.52847016e-02  2.02333063e-02  2.39743734e-01  5.49618969e-01  8.41363250e-03  2.18324797e-03  0.00000000e+00  2.43042609e-01
  0.00000000e+00  2.29657266e-03  8.16311062e-03  1.46630297e-02  1.92624047e-02  2.30596906e-01  5.32454812e-01  8.16311062e-03  2.29657266e-03  0.00000000e+00  2.26859188e-01
  5.83053516e-05  2.31635359e-03  8.08294266e-03  1.44803094e-02  1.89849313e-02  2.28006969e-01  5.27550766e-01  8.08294266e-03  2.31635359e-03  5.83053516e-05  2.22238328e-01
  3.35664578e-04  2.41691844e-03  7.72521172e-03  1.36505219e-02  1.77243516e-02  2.15948203e-01  5.04546578e-01  7.72521172e-03  2.41691844e-03  3.35664578e-04  2.00598859e-01
  5.66036359e-04  2.48335203e-03  7.36730953e-03  1.28519406e-02  1.65341609e-02  2.04340453e-01  4.82082391e-01  7.36730953e-03  2.48335203e-03  5.66036359e-04  1.80515203e-01
  7.49906875e-04  2.51496437e-03  7.00546563e-03  1.20780656e-02  1.54039594e-02  1.93157672e-01  4.60138234e-01  7.00546563e-03  2.51496437e-03  7.49906875e-04  1.62083391e-01
  8.93470266e-04  2.51717563e-03  6.64297047e-03  1.13306969e-02  1.43322484e-02  1.82395891e-01  4.38731078e-01  6.64297047e-03  2.51717563e-03  8.93470266e-04  1.45259469e-01
  1.00198969e-03  2.49467578e-03  6.28293406e-03  1.06115359e-02  1.33187266e-02  1.72057109e-01  4.17884953e-01  6.28293406e-03  2.49467578e-03  1.00198969e-03  1.29995484e-01
  1.08084187e-03  2.45209516e-03  5.92802656e-03  9.92188719e-03  1.23616000e-02  1.62138313e-01  3.97614828e-01  5.92802656e-03  2.45209516e-03  1.08084187e-03  1.16202422e-01
  1.13478359e-03  2.39348391e-03  5.58037812e-03  9.26208437e-03  1.14589656e-02  1.52629516e-01  3.77926719e-01  5.58037812e-03  2.39348391e-03  1.13478359e-03  1.03770344e-01
  1.16772437e-03  2.32219172e-03  5.24176875e-03  8.63271578e-03  1.06092234e-02  1.43526703e-01  3.58833625e-01  5.24176875e-03  2.32219172e-03  1.16772437e-03  9.26019297e-02
  1.18308484e-03  2.24108922e-03  4.91364891e-03  8.03400125e-03  9.81070500e-03  1.34823906e-01  3.40345563e-01  4.91364891e-03  2.24108922e-03  1.18308484e-03  8.25974078e-02
  1.18388453e-03  2.15267656e-03  4.59717828e-03  7.46592078e-03  9.06162172e-03  1.26517062e-01  3.22470484e-01  4.59717828e-03  2.15267656e-03  1.18388453e-03  7.36569828e-02
  1.17273406e-03  2.05912328e-03  4.29320734e-03  6.92827344e-03  8.36014375e-03  1.18597250e-01  3.05214422e-01  4.29320734e-03  2.05912328e-03  1.17273406e-03  6.56835578e-02
  1.15191328e-03  1.96223984e-03  4.00238609e-03  6.42062937e-03  7.70436125e-03  1.11058406e-01  2.88580375e-01  4.00238609e-03  1.96223984e-03  1.15191328e-03  5.85838406e-02
  1.12341203e-03  1.86357641e-03  3.72513437e-03  5.94239828e-03  7.09231484e-03  1.03891547e-01  2.72571328e-01  3.72513437e-03  1.86357641e-03  1.12341203e-03  5.22701313e-02
  1.08890062e-03  1.76443266e-03  3.46167250e-03  5.49284000e-03  6.52199484e-03  9.70882906e-02  2.57185297e-01  3.46167250e-03  1.76443266e-03  1.08890062e-03  4.66600312e-02
  1.04982937e-03  1.66587906e-03  3.21207047e-03  5.07111406e-03  5.99139156e-03  9.06386234e-02  2.42419281e-01  3.21207047e-03  1.66587906e-03  1.04982937e-03  4.16778453e-02
  1.00741766e-03  1.56883531e-03  2.97649844e-03  4.67672078e-03  5.49912531e-03  8.45386484e-02  2.28282250e-01  2.97649844e-03  1.56883531e-03  1.00741766e-03  3.72631656e-02
  9.62736156e-04  1.47399172e-03  2.75462641e-03  4.30832937e-03  5.04270641e-03  7.87739641e-02  2.14758234e-01  2.75462641e-03  1.47399172e-03  9.62736156e-04  3.33451000e-02
  0.00000000e+00  0.00000000e+00  8.13342406e-03  1.71753109e-02  2.34917594e-02  3.02827109e-01  6.76086766e-01  8.13342406e-03  0.00000000e+00  0.00000000e+00  3.53950047e-01
  0.00000000e+00  4.57751953e-04  7.92081734e-03  1.62743891e-02  2.19563469e-02  2.87032422e-01  6.47834437e-01  7.92081734e-03  4.57751953e-04  0.00000000e+00  3.27559938e-01
  0.00000000e+00  8.53279172e-04  7.71338844e-03  1.54420828e-02  2.05649109e-02  2.72202719e-01  6.20834156e-01  7.71338844e-03  8.53279172e-04  0.00000000e+00  3.01499125e-01
  0.00000000e+00  1.16798469e-03  7.47994641e-03  1.46355891e-02  1.92600578e-02  2.58133000e-01  5.94812906e-01  7.47994641e-03  1.16798469e-03  0.00000000e+00  2.76465766e-01
  0.00000000e+00  1.41589516e-03  7.22782141e-03  1.38563031e-02  1.80348891e-02  2.44757297e-01  5.69702687e-01  7.22782141e-03  1.41589516e-03  0.00000000e+00  2.52672953e-01
  0.00000000e+00  1.60564328e-03  6.96173422e-03  1.31056266e-02  1.68859047e-02  2.32049578e-01  5.45482484e-01  6.96173422e-03  1.60564328e-03  0.00000000e+00  2.30332797e-01
  0.00000000e+00  1.74784984e-03  6.68648484e-03  1.23829578e-02  1.58056078e-02  2.19948844e-01  5.22085297e-01  6.68648484e-03  1.74784984e-03  0.00000000e+00  2.09496359e-01
  0.00000000e+00  1.83223359e-03  6.46973172e-03  1.18415078e-02  1.50100813e-02  2.10945047e-01  5.04476172e-01  6.46973172e-03  1.83223359e-03  0.00000000e+00  1.94331672e-01
  4.60501156e-05  1.84617437e-03  6.40118344e-03  1.16835937e-02  1.47835984e-02  2.08407094e-01  4.99466141e-01  6.40118344e-03  1.84617437e-03  4.60501156e-05  1.90054734e-01
  2.64308297e-04  1.91732812e-03  6.09477078e-03  1.09664312e-02  1.37550891e-02  1.96610375e-01  4.76017984e-01  6.09477078e-03  1.91732812e-03  2.64308297e-04  1.70174937e-01
  4.43784641e-04  1.96094047e-03  5.79020687e-03  1.02802750e-02  1.27876672e-02  1.85315641e-01  4.53241844e-01  5.79020687e-03  1.96094047e-03  4.43784641e-04  1.51959016e-01
  5.85413625e-04  1.97688156e-03  5.48461125e-03  9.61966281e-03  1.18724391e-02  1.74490891e-01  4.31109719e-01  5.48461125e-03  1.97688156e-03  5.85413625e-04  1.35433000e-01
  6.94525438e-04  1.96977172e-03  5.18065438e-03  8.98557516e-03  1.10081016e-02  1.64128125e-01  4.09630609e-01  5.18065438e-03  1.96977172e-03  6.94525438e-04  1.20512922e-01
  7.75623187e-04  1.94358078e-03  4.88083656e-03  8.37932125e-03  1.01938594e-02  1.54225359e-01  3.88820516e-01  4.88083656e-03  1.94358078e-03  7.75623187e-04  1.07120781e-01
  8.33221078e-04  1.90213922e-03  4.58724766e-03  7.80135125e-03  9.42823906e-03  1.44771578e-01  3.68686422e-01  4.58724766e-03  1.90213922e-03  8.33221078e-04  9.51373328e-02
  8.71287203e-04  1.84877703e-03  4.30145813e-03  7.25170437e-03  8.70905422e-03  1.35754781e-01  3.49225359e-01  4.30145813e-03  1.84877703e-03  8.71287203e-04  8.44380656e-02
  8.93042703e-04  1.78619437e-03  4.02479766e-03  6.73041078e-03  8.03478438e-03  1.27165969e-01  3.30443281e-01  4.02479766e-03  1.78619437e-03  8.93042703e-04  7.49118969e-02
  9.01296672e-04  1.71671141e-03  3.75827688e-03  6.23732000e-03  7.40376984e-03  1.18995156e-01  3.12341234e-01  3.75827688e-03  1.71671141e-03  9.01296672e-04  6.64504312e-02
  8.98484266e-04  1.64230813e-03  3.50268562e-03  5.77206187e-03  6.81426156e-03  1.11232344e-01  2.94920187e-01  3.50268562e-03  1.64230813e-03  8.98484266e-04  5.89493750e-02
  8.86714500e-04  1.56466469e-03  3.25855406e-03  5.33412609e-03  6.26448984e-03  1.03867516e-01  2.78179156e-01  3.25855406e-03  1.56466469e-03  8.86714500e-04  5.23101328e-02
  8.67798484e-04  1.48519109e-03  3.02625203e-03  4.92285266e-03  5.75265469e-03  9.68902672e-02  2.62114141e-01  3.02625203e-03  1.48519109e-03  8.67798484e-04  4.64405031e-02
  8.43289281e-04  1.40506750e-03  2.80594016e-03  4.53744141e-03  5.27692672e-03  9.02887125e-02  2.46722109e-01  2.80594016e-03  1.40506750e-03  8.43289281e-04  4.12554875e-02
  8.14507953e-04  1.32525391e-03  2.59766797e-03  4.17702203e-03  4.83543641e-03  8.40510500e-02  2.31994109e-01  2.59766797e-03  1.32525391e-03  8.14507953e-04  3.66771875e-02
  7.82572531e-04  1.24653047e-03  2.40134594e-03  3.84064437e-03  4.42637375e-03  7.81652750e-02  2.17922109e-01  2.40134594e-03  1.24653047e-03  7.82572531e-04  3.26350000e-02
  7.48400078e-04  1.16958687e-03  2.21699359e-03  3.52767844e-03  4.04842906e-03  7.26247922e-02  2.04508094e-01  2.21699359e-03  1.16958687e-03  7.48400078e-04  2.90729250e-02
  7.12820594e-04  1.09488359e-03  2.04419141e-03  3.23679406e-03  3.69943250e-03  6.74128984e-02  1.91732109e-01  2.04419141e-03  1.09488359e-03  7.12820594e-04  2.59274609e-02
  0.00000000e+00  0.00000000e+00  6.50810703e-03  1.40897672e-02  1.84507688e-02  2.82189016e-01  6.51710891e-01  6.50810703e-03  0.00000000e+00  0.00000000e+00  3.21175766e-01
  0.00000000e+00  3.70601500e-04  6.31917016e-03  1.32912875e-02  1.71927109e-02  2.66333391e-01  6.22121641e-01  6.31917016e-03  3.70601500e-04  0.00000000e+00  2.93892844e-01
  0.00000000e+00  6.87490687e-04  6.13485047e-03  1.25564187e-02  1.60552359e-02  2.51529750e-01  5.94014406e-01  6.13485047e-03  6.87490687e-04  0.00000000e+00  2.67681344e-01
  0.00000000e+00  9.36569781e-04  5.93009734e-03  1.18493562e-02  1.49912469e-02  2.37563094e-01  5.67086203e-01  5.93009734e-03  9.36569781e-04  0.00000000e+00  2.43027359e-01
  0.00000000e+00  1.13009437e-03  5.71123125e-03  1.11706000e-02  1.39950438e-02  2.24360422e-01  5.41247031e-01  5.71123125e-03  1.13009437e-03  0.00000000e+00  2.20025047e-01
  0.00000000e+00  1.27568156e-03  5.48241234e-03  1.05212484e-02  1.30636281e-02  2.11885750e-01  5.16464859e-01  5.48241234e-03  1.27568156e-03  0.00000000e+00  1.98794469e-01
  0.00000000e+00  1.38247687e-03  5.24764141e-03  9.90005281e-03  1.21905047e-02  2.00071047e-01  4.92650719e-01  5.24764141e-03  1.38247687e-03  0.00000000e+00  1.79291672e-01
  1.36609594e-17  1.44434016e-03  5.06390719e-03  9.43693969e-03  1.15493563e-02  1.91317266e-01  4.74804625e-01  5.06390719e-03  1.44434016e-03  1.36609594e-17  1.65259734e-01
  3.59937969e-05  1.45392062e-03  5.00638844e-03  9.30275047e-03  1.13672703e-02  1.88859328e-01  4.69745609e-01  5.00638844e-03  1.45392062e-03  3.59937969e-05  1.61349734e-01
  2.05982547e-04  1.50308312e-03  4.74899422e-03  8.69394922e-03  1.05415328e-02  1.77459625e-01  4.46122484e-01  4.74899422e-03  1.50308312e-03  2.05982547e-04  1.43297687e-01
  3.44395219e-04  1.53035453e-03  4.49470875e-03  8.11478125e-03  9.76753891e-03  1.66602891e-01  4.23294391e-01  4.49470875e-03  1.53035453e-03  3.44395219e-04  1.26964562e-01
  4.52396563e-04  1.53595469e-03  4.24133187e-03  7.56061672e-03  9.03799844e-03  1.56251156e-01  4.01223297e-01  4.24133187e-03  1.53595469e-03  4.52396563e-04  1.12316359e-01
  5.34493750e-04  1.52375406e-03  3.99099375e-03  7.03196469e-03  8.35156234e-03  1.46391422e-01  3.79908219e-01  3.99099375e-03  1.52375406e-03  5.34493750e-04  9.92343484e-02
  5.94470969e-04  1.49703250e-03  3.74566469e-03  6.52956531e-03  7.70749109e-03  1.37018656e-01  3.59359141e-01  3.74566469e-03  1.49703250e-03  5.94470969e-04  8.76133203e-02
  6.36064391e-04  1.45892047e-03  3.50690500e-03  6.05342844e-03  7.10416531e-03  1.28115875e-01  3.39572094e-01  3.50690500e-03  1.45892047e-03  6.36064391e-04  7.73170938e-02
  6.62522125e-04  1.41210797e-03  3.27587453e-03  5.60320359e-03  6.53969547e-03  1.19666094e-01  3.20536062e-01  3.27587453e-03  1.41210797e-03  6.62522125e-04  6.82082766e-02
  6.76464328e-04  1.35873500e-03  3.05350359e-03  5.17860094e-03  6.01256203e-03  1.11657281e-01  3.02249016e-01  3.05350359e-03  1.35873500e-03  6.76464328e-04  6.01686719e-02
  6.80155094e-04  1.30063187e-03  2.84048219e-03  4.77917047e-03  5.52118547e-03  1.04074469e-01  2.84704000e-01  2.84048219e-03  1.30063187e-03  6.80155094e-04  5.30862859e-02
  6.75541500e-04  1.23934859e-03  2.63729062e-03  4.40434141e-03  5.06396609e-03  9.69055469e-02  2.67895984e-01  2.63729062e-03  1.23934859e-03  6.75541500e-04  4.68565172e-02
  6.64289672e-04  1.17616516e-03  2.44425859e-03  4.05338422e-03  4.63927406e-03  9.01367078e-02  2.51815969e-01  2.44425859e-03  1.17616516e-03  6.64289672e-04  4.13826672e-02
  6.47820656e-04  1.11216156e-03  2.26150672e-03  3.72551859e-03  4.24545016e-03  8.37539562e-02  2.36453953e-01  2.26150672e-03  1.11216156e-03  6.47820656e-04  3.65765359e-02
  6.27340484e-04  1.04819812e-03  2.08908453e-03  3.41985437e-03  3.88086406e-03  7.77433922e-02  2.21797969e-01  2.08908453e-03  1.04819812e-03  6.27340484e-04  3.23579250e-02
  6.03865234e-04  9.84988859e-04  1.92687250e-03  3.13546141e-03  3.54386625e-03  7.20906188e-02  2.07835969e-01  1.92687250e-03  9.84988859e-04  6.03865234e-04  2.86551266e-02
  5.78245937e-04  9.23098609e-04  1.77471031e-03  2.87134969e-03  3.23284703e-03  6.67813344e-02  1.94553969e-01  1.77471031e-03  9.23098609e-04  5.78245937e-04  2.54038469e-02
  5.51176625e-04  8.63003469e-04  1.63251812e-03  2.62685906e-03  2.94663656e-03  6.18069391e-02  1.81946984e-01  1.63251812e-03  8.63003469e-04  5.51176625e-04  2.25534797e-02
  5.23274312e-04  8.05025469e-04  1.49984609e-03  2.40070953e-03  2.68339469e-03  5.71490344e-02  1.69991016e-01  1.49984609e-03  8.05025469e-04  5.23274312e-04  2.00483219e-02
  0.00000000e+00  0.00000000e+00  5.13952891e-03  1.13935437e-02  1.43041500e-02  2.60642062e-01  6.24000141e-01  5.13952891e-03  0.00000000e+00  0.00000000e+00  2.89270750e-01
  0.00000000e+00  2.95762875e-04  4.97519078e-03  1.06992969e-02  1.32892578e-02  2.44932516e-01  5.93418922e-01  4.97519078e-03  2.95762875e-04  0.00000000e+00  2.61649062e-01
  0.00000000e+00  5.46143141e-04  4.81512953e-03  1.00632562e-02  1.23738500e-02  2.30346922e-01  5.64533734e-01  4.81512953e-03  5.46143141e-04  0.00000000e+00  2.35763891e-01
  0.00000000e+00  7.40631172e-04  4.63944469e-03  9.45541750e-03  1.15198297e-02  2.16663313e-01  5.37013594e-01  4.63944469e-03  7.40631172e-04  0.00000000e+00  2.11889375e-01
  0.00000000e+00  8.89696594e-04  4.45344688e-03  8.87576297e-03  1.07222984e-02  2.03797688e-01  5.10747438e-01  4.45344688e-03  8.89696594e-04  0.00000000e+00  1.90001594e-01
  0.00000000e+00  9.99904750e-04  4.26067641e-03  8.32475141e-03  9.97879031e-03  1.91710016e-01  4.85688344e-01  4.26067641e-03  9.99904750e-04  0.00000000e+00  1.70129625e-01
  0.00000000e+00  1.07896109e-03  4.06439391e-03  7.80099250e-03  9.28399359e-03  1.80320344e-01  4.61732219e-01  4.06439391e-03  1.07896109e-03  0.00000000e+00  1.52137531e-01
  5.46438375e-17  1.12359344e-03  3.91166844e-03  7.41240172e-03  8.77503047e-03  1.71916594e-01  4.43850156e-01  3.91166844e-03  1.12359344e-03  5.46438375e-17  1.39336406e-01
  2.78143297e-05  1.12997391e-03  3.86428953e-03  7.30051594e-03  8.63088016e-03  1.69565656e-01  4.38800141e-01  3.86428953e-03  1.12997391e-03  2.78143297e-05  1.35808359e-01
  1.58723547e-04  1.16305531e-03  3.65212391e-03  6.79334969e-03  7.97797375e-03  1.58688969e-01  4.15266047e-01  3.65212391e-03  1.16305531e-03  1.58723547e-04  1.19632094e-01
  2.64296422e-04  1.17900594e-03  3.44373719e-03  6.31359562e-03  7.36799203e-03  1.48382250e-01  3.92634984e-01  3.44373719e-03  1.17900594e-03  2.64296422e-04  1.05174812e-01
  3.45768062e-04  1.17824562e-03  3.23744922e-03  5.85730344e-03  6.79511563e-03  1.38605531e-01  3.70859938e-01  3.23744922e-03  1.17824562e-03  3.45768062e-04  9.23540047e-02
  4.06878672e-04  1.16394437e-03  3.03491031e-03  5.42457297e-03  6.25805500e-03  1.29341781e-01  3.49930891e-01  3.03491031e-03  1.16394437e-03  4.06878672e-04  8.10246047e-02
  4.50752391e-04  1.13877266e-03  2.83764047e-03  5.01574391e-03  5.75605078e-03  1.20579016e-01  3.29849859e-01  2.83764047e-03  1.13877266e-03  4.50752391e-04  7.10629156e-02
  4.80428406e-04  1.10525031e-03  2.64679000e-03  4.63048641e-03  5.28760297e-03  1.12297250e-01  3.10603828e-01  2.64679000e-03  1.10525031e-03  4.80428406e-04  6.23209484e-02
  4.98522844e-04  1.06547766e-03  2.46314906e-03  4.26821031e-03  4.85098250e-03  1.04476438e-01  2.92172813e-01  2.46314906e-03  1.06547766e-03  4.98522844e-04  5.46562047e-02
  5.07132844e-04  1.02115469e-03  2.28734797e-03  3.92839578e-03  4.44480953e-03  9.70982359e-02  2.74545797e-01  2.28734797e-03  1.02115469e-03  5.07132844e-04  4.79480859e-02
  5.08054500e-04  9.73684656e-04  2.11984641e-03  3.61045219e-03  4.06765438e-03  9.01472125e-02  2.57709813e-01  2.11984641e-03  9.73684656e-04  5.08054500e-04  4.20855937e-02
  5.02819859e-04  9.24254500e-04  1.96090469e-03  3.31363984e-03  3.71807719e-03  8.36065750e-02  2.41651813e-01  1.96090469e-03  9.24254500e-04  5.02819859e-04  3.69673250e-02
  4.92728031e-04  8.73833359e-04  1.81067266e-03  3.03716875e-03  3.39462844e-03  7.74602234e-02  2.26356813e-01  1.81067266e-03  8.73833359e-04  4.92728031e-04  3.25013812e-02
  4.78876062e-04  8.23216234e-04  1.66915062e-03  2.78019844e-03  3.09584828e-03  7.16916594e-02  2.11807828e-01  1.66915062e-03  8.23216234e-04  4.78876062e-04  2.86057562e-02
  4.62186016e-04  7.73042156e-04  1.53626859e-03  2.54182922e-03  2.82032672e-03  6.62847828e-02  1.97987844e-01  1.53626859e-03  7.73042156e-04  4.62186016e-04  2.52069516e-02
  4.43428906e-04  7.23817203e-04  1.41185672e-03  2.32114078e-03  2.56664391e-03  6.12233938e-02  1.84877859e-01  1.41185672e-03  7.23817203e-04  4.43428906e-04  2.22402641e-02
  4.23244766e-04  6.75936359e-04  1.29569469e-03  2.11718312e-03  2.33342031e-03  5.64914953e-02  1.72457906e-01  1.29569469e-03  6.75936359e-04  4.23244766e-04  1.96487922e-02
  4.02150641e-04  6.29732641e-04  1.18763281e-03  1.92927641e-03  2.11963578e-03  5.20786844e-02  1.60720937e-01  1.18763281e-03  6.29732641e-04  4.02150641e-04  1.73877312e-02
  3.80599531e-04  5.85411078e-04  1.08726109e-03  1.75631016e-03  1.92375063e-03  4.79655641e-02  1.49636953e-01  1.08726109e-03  5.85411078e-04  3.80599531e-04  1.54089828e-02
  0.00000000e+00  0.00000000e+00  4.00287969e-03  9.06925172e-03  1.09451266e-02  2.38428313e-01  5.93351469e-01  4.00287969e-03  0.00000000e+00  0.00000000e+00  2.58041922e-01
  0.00000000e+00  2.32280437e-04  3.86261937e-03  8.47789641e-03  1.01383047e-02  2.23075797e-01  5.62132297e-01  3.86261937e-03  2.32280437e-04  0.00000000e+00  2.30690516e-01
  0.00000000e+00  4.27076203e-04  3.72643594e-03  7.93856406e-03  9.41233141e-03  2.08898250e-01  5.32804172e-01  3.72643594e-03  4.27076203e-04  0.00000000e+00  2.05626750e-01
  0.00000000e+00  5.76680875e-04  3.57869922e-03  7.42665344e-03  8.73674891e-03  1.95671672e-01  5.05009062e-01  3.57869922e-03  5.76680875e-04  0.00000000e+00  1.82927750e-01
  0.00000000e+00  6.89832016e-04  3.42376953e-03  6.94163422e-03  8.10765859e-03  1.83302063e-01  4.78614953e-01  3.42376953e-03  6.89832016e-04  0.00000000e+00  1.62457594e-01
  0.00000000e+00  7.72046078e-04  3.26454734e-03  6.48353609e-03  7.52296109e-03  1.71742438e-01  4.53562875e-01  3.26454734e-03  7.72046078e-04  0.00000000e+00  1.44159328e-01
  0.00000000e+00  8.29676437e-04  3.10361344e-03  6.05070938e-03  6.97822781e-03  1.60906766e-01  4.29728797e-01  3.10361344e-03  8.29676437e-04  0.00000000e+00  1.27822016e-01
  1.39862203e-17  8.61317187e-04  2.97906719e-03  5.73111719e-03  6.58019297e-03  1.52945016e-01  4.12006750e-01  2.97906719e-03  8.61317187e-04  1.39862203e-17  1.16320750e-01
  2.12235375e-05  8.65425391e-04  2.94075781e-03  5.63963375e-03  6.46776953e-03  1.50727078e-01  4.07019750e-01  2.94075781e-03  8.65425391e-04  2.12235375e-05  1.13185656e-01
  1.20786406e-04  8.87001312e-04  2.76912125e-03  5.22540812e-03  5.95913891e-03  1.40482406e-01  3.83824703e-01  2.76912125e-03  8.87001312e-04  1.20786406e-04  9.88968547e-02
  2.00332500e-04  8.95409359e-04  2.60151344e-03  4.83572359e-03  5.48554437e-03  1.30824687e-01  3.61625672e-01  2.60151344e-03  8.95409359e-04  2.00332500e-04  8.62794562e-02
  2.61060453e-04  8.91141562e-04  2.43661469e-03  4.46725000e-03  5.04234641e-03  1.21710953e-01  3.40366641e-01  2.43661469e-03  8.91141562e-04  2.61060453e-04  7.52105797e-02
  3.06014500e-04  8.76738125e-04  2.27568516e-03  4.11978734e-03  4.62836547e-03  1.13117203e-01  3.20028625e-01  2.27568516e-03  8.76738125e-04  3.06014500e-04  6.55302297e-02
  3.37723813e-04  8.54338187e-04  2.11985484e-03  3.79335562e-03  4.24285188e-03  1.05030422e-01  3.00604609e-01  2.11985484e-03  8.54338187e-04  3.37723813e-04  5.71023125e-02
  3.58619516e-04  8.25913891e-04  1.96994406e-03  3.48745469e-03  3.88446594e-03  9.74250422e-02  2.82072609e-01  1.96994406e-03  8.25913891e-04  3.58619516e-04  4.97747297e-02
  3.70771750e-04  7.93100344e-04  1.82647297e-03  3.20132469e-03  3.55168813e-03  9.02771344e-02  2.64404625e-01  1.82647297e-03  7.93100344e-04  3.70771750e-04  4.34053797e-02
  3.75832625e-04  7.57197641e-04  1.68986156e-03  2.93436531e-03  3.24328859e-03  8.35668109e-02  2.47581641e-01  1.68986156e-03  7.57197641e-04  3.75832625e-04  3.78761641e-02
  3.75204203e-04  7.19281859e-04  1.56036000e-03  2.68586687e-03  2.95801766e-03  7.72749703e-02  2.31584656e-01  1.56036000e-03  7.19281859e-04  3.75204203e-04  3.30807766e-02
  3.70069594e-04  6.80238031e-04  1.43808828e-03  2.45506891e-03  2.69461531e-03  7.13827156e-02  2.16392672e-01  1.43808828e-03  6.80238031e-04  3.70069594e-04  2.89237188e-02
  3.61426844e-04  6.40785250e-04  1.32307656e-03  2.24116187e-03  2.45184188e-03  6.58715484e-02  2.01983719e-01  1.32307656e-03  6.40785250e-04  3.61426844e-04  2.53206828e-02
  3.50111969e-04  6.01501531e-04  1.21526469e-03  2.04332547e-03  2.22844750e-03  6.07234656e-02  1.88337734e-01  1.21526469e-03  6.01501531e-04  3.50111969e-04  2.21968703e-02
  3.36819047e-04  5.62843906e-04  1.11450281e-03  1.86070938e-03  2.02322234e-03  5.59205703e-02  1.75428781e-01  1.11450281e-03  5.62843906e-04  3.36819047e-04  1.94868781e-02
  3.22123125e-04  5.25168391e-04  1.02059109e-03  1.69243406e-03  1.83497672e-03  5.14452641e-02  1.63235813e-01  1.02059109e-03  5.25168391e-04  3.22123125e-04  1.71337016e-02
  3.06499172e-04  4.88744000e-04  9.33299484e-04  1.53764937e-03  1.66258016e-03  4.72805469e-02  1.51733859e-01  9.33299484e-04  4.88744000e-04  3.06499172e-04  1.50879391e-02
  2.90328234e-04  4.53796750e-04  8.52462875e-04  1.39573500e-03  1.50516313e-03  4.34147187e-02  1.40909891e-01  8.52462875e-04  4.53796750e-04  2.90328234e-04  1.33107875e-02
  2.73936313e-04  4.20451641e-04  7.77709344e-04  1.26569109e-03  1.36147578e-03  3.98277828e-02  1.30730937e-01  7.77709344e-04  4.20451641e-04  2.73936313e-04  1.17616469e-02
  0.00000000e+00  0.00000000e+00  3.07411906e-03  7.10186500e-03  8.26873031e-03  2.15889750e-01  5.60267891e-01  3.07411906e-03  0.00000000e+00  0.00000000e+00  2.27638250e-01
  0.00000000e+00  1.79324531e-04  2.95642641e-03  6.60834453e-03  7.63580641e-03  2.01093281e-01  5.28768766e-01  2.95642641e-03  1.79324531e-04  0.00000000e+00  2.01156219e-01
  0.00000000e+00  3.28414531e-04  2.84271062e-03  6.16048500e-03  7.06780406e-03  1.87503766e-01  4.99331672e-01  2.84271062e-03  3.28414531e-04  0.00000000e+00  1.77376969e-01
  0.00000000e+00  4.41703672e-04  2.72084156e-03  5.73825562e-03  6.54078453e-03  1.74894203e-01  4.71574594e-01  2.72084156e-03  4.41703672e-04  0.00000000e+00  1.56201594e-01
  0.00000000e+00  5.26301531e-04  2.59424016e-03  5.34073641e-03  6.05149906e-03  1.63163594e-01  4.45343531e-01  2.59424016e-03  5.26301531e-04  0.00000000e+00  1.37400141e-01
  0.00000000e+00  5.86727547e-04  2.46520672e-03  4.96763734e-03  5.59818813e-03  1.52259953e-01  4.20569484e-01  2.46520672e-03  5.86727547e-04  0.00000000e+00  1.20838656e-01
  0.00000000e+00  6.28099094e-04  2.33574141e-03  4.61717859e-03  5.17719297e-03  1.42090297e-01  3.97109453e-01  2.33574141e-03  6.28099094e-04  0.00000000e+00  1.06247172e-01
  3.41523984e-17  6.50147297e-04  2.23609422e-03  4.35960219e-03  4.87036984e-03  1.34648531e-01  3.79731422e-01  2.23609422e-03  6.50147297e-04  3.41523984e-17  9.60796031e-02
  1.59841437e-05  6.52686391e-04  2.20567453e-03  4.28629000e-03  4.78395406e-03  1.32582609e-01  3.74857422e-01  2.20567453e-03  6.52686391e-04  1.59841437e-05  9.33358984e-02
  9.07363906e-05  6.66287844e-04  2.06939719e-03  3.95467141e-03  4.39342328e-03  1.23062906e-01  3.52234406e-01  2.06939719e-03  6.66287844e-04  9.07363906e-05  8.09037047e-02
  1.49929578e-04  6.69939531e-04  1.93705859e-03  3.64438328e-03  4.03104000e-03  1.14134187e-01  3.30682406e-01  1.93705859e-03  6.69939531e-04  1.49929578e-04  7.00521469e-02
  1.94648937e-04  6.64131547e-04  1.80763922e-03  3.35262547e-03  3.69312406e-03  1.05749438e-01  3.10138406e-01  1.80763922e-03  6.64131547e-04  1.94648937e-04  6.06320344e-02
  2.27328516e-04  6.50863047e-04  1.68205922e-03  3.07901797e-03  3.37863609e-03  9.78828703e-02  2.90572406e-01  1.68205922e-03  6.50863047e-04  2.27328516e-04  5.24754656e-02
  2.49976469e-04  6.31807187e-04  1.56113875e-03  2.82337094e-03  3.08687625e-03  9.05163812e-02  2.71970422e-01  1.56113875e-03  6.31807187e-04  2.49976469e-04  4.54415437e-02
  2.64502938e-04  6.08484062e-04  1.44544781e-03  2.58507437e-03  2.81666469e-03  8.36231703e-02  2.54301453e-01  1.44544781e-03  6.08484062e-04  2.64502938e-04  3.93802641e-02
  2.72518031e-04  5.82139766e-04  1.33529672e-03  2.36333828e-03  2.56670203e-03  7.71754422e-02  2.37530484e-01  1.33529672e-03  5.82139766e-04  2.72518031e-04  3.41549234e-02
  2.75300844e-04  5.53755375e-04  1.23094547e-03  2.15750266e-03  2.33592828e-03  7.11512969e-02  2.21631516e-01  1.23094547e-03  5.53755375e-04  2.75300844e-04  2.96539219e-02
  2.73927422e-04  5.24132953e-04  1.13251391e-03  1.96685750e-03  2.12327344e-03  6.55296344e-02  2.06577563e-01  1.13251391e-03  5.24132953e-04  2.73927422e-04  2.57784484e-02
  2.69298859e-04  4.93925547e-04  1.04003234e-03  1.79067250e-03  1.92766781e-03  6.02896594e-02  1.92342594e-01  1.04003234e-03  4.93925547e-04  2.69298859e-04  2.24414063e-02
  2.62169203e-04  4.63654203e-04  9.53444844e-04  1.62817812e-03  1.74806141e-03  5.54116672e-02  1.78899641e-01  9.53444844e-04  4.63654203e-04  2.62169203e-04  1.95669859e-02
  2.53164469e-04  4.33733922e-04  8.72648297e-04  1.47860406e-03  1.58341469e-03  5.08760625e-02  1.66220687e-01  8.72648297e-04  4.33733922e-04  2.53164469e-04  1.70890875e-02
  2.42800703e-04  4.04482750e-04  7.97477781e-04  1.34118047e-03  1.43273719e-03  4.66641469e-02  1.54278734e-01  7.97477781e-04  4.04482750e-04  2.42800703e-04  1.49506094e-02
  2.31500937e-04  3.76146687e-04  7.27731312e-04  1.21514703e-03  1.29505937e-03  4.27576187e-02  1.43045781e-01  7.27731312e-04  3.76146687e-04  2.31500937e-04  1.31026437e-02
  2.19612156e-04  3.48902750e-04  6.63180922e-04  1.09974422e-03  1.16943125e-03  3.91388797e-02  1.32492844e-01  6.63180922e-04  3.48902750e-04  2.19612156e-04  1.15028922e-02
  2.07411406e-04  3.22902937e-04  6.03661594e-04  9.94424406e-04  1.05516266e-03  3.57952328e-02  1.22604875e-01  6.03661594e-04  3.22902937e-04  2.07411406e-04  1.01187500e-02
  1.95128687e-04  2.98216250e-04  5.48850359e-04  8.98345984e-04  9.51246016e-04  3.27070766e-02  1.13343922e-01  5.48850359e-04  2.98216250e-04  1.95128687e-04  8.91652641e-03
  0.00000000e+00  0.00000000e+00  2.32445734e-03  5.46168375e-03  6.16061281e-03  1.93290406e-01  5.25122359e-01  2.32445734e-03  0.00000000e+00  0.00000000e+00  1.98218781e-01
  0.00000000e+00  1.35764391e-04  2.22736172e-03  5.05861234e-03  5.67087234e-03  1.79235937e-01  4.93696281e-01  2.22736172e-03  1.35764391e-04  0.00000000e+00  1.73153250e-01
  0.00000000e+00  2.47767531e-04  2.13415359e-03  4.69474062e-03  5.23270594e-03  1.66398406e-01  4.64474250e-01  2.13415359e-03  2.47767531e-04  0.00000000e+00  1.51060625e-01
  0.00000000e+00  3.32048156e-04  2.03554266e-03  4.35401813e-03  4.82750406e-03  1.54548844e-01  4.37055203e-01  2.03554266e-03  3.32048156e-04  0.00000000e+00  1.31696969e-01
  0.00000000e+00  3.94232844e-04  1.93410953e-03  4.03525484e-03  4.45255766e-03  1.43582234e-01  4.11266188e-01  1.93410953e-03  3.94232844e-04  0.00000000e+00  1.14752297e-01
  0.00000000e+00  4.37920922e-04  1.83161469e-03  3.73791141e-03  4.10637703e-03  1.33442594e-01  3.87027172e-01  1.83161469e-03  4.37920922e-04  0.00000000e+00  1.00034672e-01
  0.00000000e+00  4.67134781e-04  1.72951828e-03  3.46022750e-03  3.78594359e-03  1.24032922e-01  3.64178172e-01  1.72951828e-03  4.67134781e-04  0.00000000e+00  8.72305797e-02
  0.00000000e+00  4.82220578e-04  1.65136047e-03  3.25706453e-03  3.55305469e-03  1.17175141e-01  3.47314172e-01  1.65136047e-03  4.82220578e-04  0.00000000e+00  7.83953562e-02
  1.18614594e-05  4.83713594e-04  1.62767078e-03  3.19953344e-03  3.48764734e-03  1.15279203e-01  3.42601156e-01  1.62767078e-03  4.83713594e-04  1.18614594e-05  7.60341391e-02
  6.71735359e-05  4.91953703e-04  1.52159250e-03  2.93965922e-03  3.19241984e-03  1.06556484e-01  3.20762172e-01  1.52159250e-03  4.91953703e-04  6.71735359e-05  6.53935031e-02
  1.10602828e-04  4.92817203e-04  1.41914344e-03  2.69779484e-03  2.91944031e-03  9.84160313e-02  3.00053203e-01  1.41914344e-03  4.92817203e-04  1.10602828e-04  5.62087266e-02
  1.43088641e-04  4.86745187e-04  1.31953375e-03  2.47159078e-03  2.66582906e-03  9.08099594e-02  2.80401219e-01  1.31953375e-03  4.86745187e-04  1.43088641e-04  4.83160094e-02
  1.66532812e-04  4.75278781e-04  1.22342344e-03  2.26059656e-03  2.43067641e-03  8.37089641e-02  2.61767266e-01  1.22342344e-03  4.75278781e-04  1.66532812e-04  4.15473469e-02
  1.82499500e-04  4.59699094e-04  1.13139281e-03  2.06449266e-03  2.21334234e-03  7.70921469e-02  2.44131313e-01  1.13139281e-03  4.59699094e-04  1.82499500e-04  3.57635375e-02
  1.92459797e-04  4.41155219e-04  1.04379188e-03  1.88263875e-03  2.01281750e-03  7.09305094e-02  2.27455344e-01  1.04379188e-03  4.41155219e-04  1.92459797e-04  3.08216781e-02
  1.97643797e-04  4.20574250e-04  9.60809922e-04  1.71427516e-03  1.82803172e-03  6.51946531e-02  2.11694391e-01  9.60809922e-04  4.20574250e-04  1.97643797e-04  2.65949578e-02
  1.99023578e-04  3.98683234e-04  8.82579719e-04  1.55875187e-03  1.65807500e-03  5.98610797e-02  1.96816453e-01  8.82579719e-04  3.98683234e-04  1.99023578e-04  2.29808734e-02
  1.97408219e-04  3.76071203e-04  8.09138453e-04  1.41540875e-03  1.50204797e-03  5.49071906e-02  1.82790500e-01  8.09138453e-04  3.76071203e-04  1.97408219e-04  1.98901219e-02
  1.93475719e-04  3.53206234e-04  7.40456172e-04  1.28356578e-03  1.35908031e-03  5.03114859e-02  1.69583563e-01  7.40456172e-04  3.53206234e-04  1.93475719e-04  1.72453969e-02
  1.87784172e-04  3.30462313e-04  6.76448859e-04  1.16254312e-03  1.22830219e-03  4.60530688e-02  1.57164609e-01  6.76448859e-04  3.30462313e-04  1.87784172e-04  1.49804937e-02
  1.80794578e-04  3.08127484e-04  6.16985578e-04  1.05166062e-03  1.10887375e-03  4.21120391e-02  1.45500672e-01  6.16985578e-04  3.08127484e-04  1.80794578e-04  1.30382125e-02
  1.72884953e-04  2.86422750e-04  5.61903344e-04  9.50251469e-04  9.99981063e-04  3.84690984e-02  1.34561719e-01  5.61903344e-04  2.86422750e-04  1.72884953e-04  1.13699469e-02
  1.64363344e-04  2.65510125e-04  5.11013172e-04  8.57665438e-04  9.00855109e-04  3.51057484e-02  1.24313781e-01  5.11013172e-04  2.65510125e-04  1.64363344e-04  9.93453234e-03
  1.55476734e-04  2.45506609e-04  4.64111062e-04  7.73272594e-04  8.10748969e-04  3.20044875e-02  1.14727844e-01  4.64111062e-04  2.45506609e-04  1.55476734e-04  8.69675984e-03
  1.46424156e-04  2.26508187e-04  4.21044031e-04  6.96590938e-04  7.29093656e-04  2.91523203e-02  1.05782891e-01  4.21044031e-04  2.26508187e-04  1.46424156e-04  7.62957641e-03
  1.37368594e-04  2.08550891e-04  3.81543062e-04  6.26942453e-04  6.55112203e-04  2.65299453e-02  9.74397578e-02  3.81543062e-04  2.08550891e-04  1.37368594e-04  6.70553016e-03
  0.00000000e+00  0.00000000e+00  1.73457422e-03  4.13389125e-03  4.53896016e-03  1.71209219e-01  4.88786922e-01  1.73457422e-03  0.00000000e+00  0.00000000e+00  1.70410578e-01
  0.00000000e+00  1.00936297e-04  1.65558609e-03  3.81103453e-03  4.16408797e-03  1.58049734e-01  4.57769906e-01  1.65558609e-03  1.00936297e-04  0.00000000e+00  1.47201672e-01
  0.00000000e+00  1.83667625e-04  1.58041563e-03  3.52117687e-03  3.82987125e-03  1.46093188e-01  4.29070875e-01  1.58041563e-03  1.83667625e-04  0.00000000e+00  1.27090781e-01
  0.00000000e+00  2.45388891e-04  1.50195281e-03  3.25159797e-03  3.52198047e-03  1.35113594e-01  4.02266875e-01  1.50195281e-03  2.45388891e-04  0.00000000e+00  1.09719937e-01
  0.00000000e+00  2.90439500e-04  1.42207828e-03  3.00094828e-03  3.23812641e-03  1.25003969e-01  3.77173875e-01  1.42207828e-03  2.90439500e-04  0.00000000e+00  9.47262516e-02
  0.00000000e+00  3.21604812e-04  1.34208219e-03  2.76857781e-03  2.97700969e-03  1.15704297e-01  3.53697891e-01  1.34208219e-03  3.21604812e-04  0.00000000e+00  8.18739437e-02
  0.00000000e+00  3.41972109e-04  1.26298484e-03  2.55278672e-03  2.73620031e-03  1.07117563e-01  3.31666922e-01  1.26298484e-03  3.41972109e-04  0.00000000e+00  7.08249109e-02
  0.00000000e+00  3.52155609e-04  1.20275641e-03  2.39560562e-03  2.56168750e-03  1.00883766e-01  3.15463953e-01  1.20275641e-03  3.52155609e-04  0.00000000e+00  6.32714672e-02
  8.69347422e-06  3.52986594e-04  1.18461672e-03  2.35130531e-03  2.51280922e-03  9.91657281e-02  3.10949953e-01  1.18461672e-03  3.52986594e-04  8.69347422e-06  6.12711469e-02
  4.91266047e-05  3.57788500e-04  1.10347781e-03  2.15150359e-03  2.29250719e-03  9.12812734e-02  2.90075000e-01  1.10347781e-03  3.57788500e-04  4.91266047e-05  5.23028062e-02
  8.06260937e-05  3.57207937e-04  1.02553844e-03  1.96650156e-03  2.08955375e-03  8.39589906e-02  2.70369047e-01  1.02553844e-03  3.57207937e-04  8.06260937e-05  4.46430406e-02
  1.03970656e-04  3.51620969e-04  9.50193500e-04  1.79437953e-03  1.90170906e-03  7.71506844e-02  2.51750094e-01  9.50193500e-04  3.51620969e-04  1.03970656e-04  3.81241406e-02
  1.20619516e-04  3.42188719e-04  8.77883187e-04  1.63465734e-03  1.72818328e-03  7.08252531e-02  2.34173156e-01  8.77883187e-04  3.42188719e-04  1.20619516e-04  3.25842031e-02
  1.31768984e-04  3.29874281e-04  8.09002609e-04  1.48695531e-03  1.56841687e-03  6.49597016e-02  2.17611219e-01  8.09002609e-04  3.29874281e-04  1.31768984e-04  2.78912219e-02
  1.38532172e-04  3.15529703e-04  7.43769813e-04  1.35067312e-03  1.42157969e-03  5.95238297e-02  2.02017281e-01  7.43769813e-04  3.15529703e-04  1.38532172e-04  2.39133875e-02
  1.41835109e-04  2.99835078e-04  6.82277875e-04  1.22510109e-03  1.28676219e-03  5.44874406e-02  1.87343344e-01  6.82277875e-04  2.99835078e-04  1.41835109e-04  2.05361937e-02
  1.42401906e-04  2.83320437e-04  6.24575875e-04  1.10965922e-03  1.16324391e-03  4.98261359e-02  1.73550406e-01  6.24575875e-04  2.83320437e-04  1.42401906e-04  1.76680344e-02
  1.40836578e-04  2.66407828e-04  5.70652844e-04  1.00375734e-03  1.05027531e-03  4.55169156e-02  1.60602469e-01  5.70652844e-04  2.66407828e-04  1.40836578e-04  1.52306031e-02
  1.37636187e-04  2.49432250e-04  5.20449781e-04  9.06797547e-04  9.47142609e-04  4.15376828e-02  1.48461531e-01  5.20449781e-04  2.49432250e-04  1.37636187e-04  1.31568984e-02
  1.33211750e-04  2.32653734e-04  4.73864750e-04  8.18195953e-04  8.53158547e-04  3.78674391e-02  1.37092609e-01  4.73864750e-04  2.32653734e-04  1.33211750e-04  1.13902125e-02
  1.27898266e-04  2.16272297e-04  4.30771719e-04  7.37380469e-04  7.67651281e-04  3.44863828e-02  1.26459672e-01  4.30771719e-04  2.16272297e-04  1.27898266e-04  9.88225578e-03
  1.21968781e-04  2.00434969e-04  3.91017766e-04  6.63795125e-04  6.89980844e-04  3.13753172e-02  1.16527750e-01  3.91017766e-04  2.00434969e-04  1.21968781e-04  8.59259172e-03
  1.15643297e-04  1.85250703e-04  3.54438859e-04  5.96901891e-04  6.19534281e-04  2.85161438e-02  1.07263813e-01  3.54438859e-04  1.85250703e-04  1.15643297e-04  7.48703891e-03
  1.09096844e-04  1.70791547e-04  3.20861000e-04  5.36189766e-04  5.55732609e-04  2.58916625e-02  9.86333734e-02  3.20861000e-04  1.70791547e-04  1.09096844e-04  6.53696531e-03
  1.02471406e-04  1.57118484e-04  2.90150203e-04  4.81260766e-04  4.98128859e-04  2.34890734e-02  9.06134359e-02  2.90150203e-04  1.57118484e-04  1.02471406e-04  5.72033906e-03
  9.58801891e-05  1.44247500e-04  2.62090484e-04  4.31578859e-04  4.46127047e-04  2.12899812e-02  8.31646969e-02  2.62090484e-04  1.44247500e-04  9.58801891e-05  5.01516875e-03
  0.00000000e+00  0.00000000e+00  1.26981016e-03  3.06217312e-03  3.28688750e-03  1.49603172e-01  4.51122547e-01  1.26981016e-03  0.00000000e+00  0.00000000e+00  1.44088766e-01
  0.00000000e+00  7.31704000e-05  1.20670938e-03  2.80956844e-03  3.00444687e-03  1.37476641e-01  4.20841547e-01  1.20670938e-03  7.31704000e-05  0.00000000e+00  1.23094609e-01
  0.00000000e+00  1.32837016e-04  1.14725703e-03  2.58411266e-03  2.75367297e-03  1.26516047e-01  3.92957563e-01  1.14725703e-03  1.32837016e-04  0.00000000e+00  1.05190578e-01
  0.00000000e+00  1.77033031e-04  1.08613250e-03  2.37588547e-03  2.52368594e-03  1.16503422e-01  3.67037609e-01  1.08613250e-03  1.77033031e-04  0.00000000e+00  8.99420234e-02
  0.00000000e+00  2.08986734e-04  1.02460656e-03  2.18351734e-03  2.31254672e-03  1.07330734e-01  3.42881641e-01  1.02460656e-03  2.08986734e-04  0.00000000e+00  7.69498844e-02
  0.00000000e+00  2.30783406e-04  9.63552563e-04  2.00626828e-03  2.11913531e-03  9.89358156e-02  3.20386703e-01  9.63552563e-04  2.30783406e-04  0.00000000e+00  6.59537531e-02
  0.00000000e+00  2.44720297e-04  9.03642594e-04  1.84258875e-03  1.94145234e-03  9.12220609e-02  2.99370750e-01  9.03642594e-04  2.44720297e-04  0.00000000e+00  5.66086172e-02
  0.00000000e+00  2.51465578e-04  8.58278687e-04  1.72388875e-03  1.81309688e-03  8.56442297e-02  2.83968797e-01  8.58278687e-04  2.51465578e-04  0.00000000e+00  5.02768828e-02
  6.25307187e-06  2.51890547e-04  8.44706859e-04  1.69059859e-03  1.77725797e-03  8.41127734e-02  2.79691797e-01  8.44706859e-04  2.51890547e-04  6.25307187e-06  4.86146687e-02
  3.52673031e-05  2.54546344e-04  7.84049641e-04  1.54064828e-03  1.61594297e-03  7.70977734e-02  2.59949875e-01  7.84049641e-04  2.54546344e-04  3.52673031e-05  4.11983547e-02
  5.77081859e-05  2.53362797e-04  7.26105969e-04  1.40251750e-03  1.46791688e-03  7.06149469e-02  2.41396937e-01  7.26105969e-04  2.53362797e-04  5.77081859e-05  3.49289203e-02
  7.41959828e-05  2.48638937e-04  6.70404922e-04  1.27466672e-03  1.33143016e-03  6.46164984e-02  2.23944016e-01  6.70404922e-04  2.48638937e-04  7.41959828e-05  2.96423578e-02
  8.58240953e-05  2.41229906e-04  6.17231609e-04  1.15661578e-03  1.20584266e-03  5.90705250e-02  2.07541078e-01  6.17231609e-04  2.41229906e-04  8.58240953e-05  2.51888562e-02
  9.34855109e-05  2.31842719e-04  5.66843078e-04  1.04800453e-03  1.09067469e-03  5.39527344e-02  1.92153156e-01  5.66843078e-04  2.31842719e-04  9.34855109e-05  2.14473078e-02
  9.80038047e-05  2.21092453e-04  5.19357422e-04  9.48268500e-04  9.85233187e-04  4.92327234e-02  1.77728234e-01  5.19357422e-04  2.21092453e-04  9.80038047e-05  1.83000047e-02
  1.00058937e-04  2.09468172e-04  4.74804656e-04  8.56809375e-04  8.88802391e-04  4.48801984e-02  1.64211328e-01  4.74804656e-04  2.09468172e-04  1.00058937e-04  1.56463375e-02
  1.00182766e-04  1.97345891e-04  4.33189844e-04  7.73118281e-04  8.00783328e-04  4.08707594e-02  1.51561406e-01  4.33189844e-04  1.97345891e-04  1.00182766e-04  1.34069047e-02
  9.88134891e-05  1.85023625e-04  3.94472031e-04  6.96691203e-04  7.20593031e-04  3.71815063e-02  1.39736484e-01  3.94472031e-04  1.85023625e-04  9.88134891e-05  1.15147984e-02
  9.63107719e-05  1.72733422e-04  3.58580203e-04  6.27031219e-04  6.47663563e-04  3.37906422e-02  1.28696547e-01  3.58580203e-04  1.72733422e-04  9.63107719e-05  9.91353109e-03
  9.29693250e-05  1.60653281e-04  3.25415406e-04  5.63659281e-04  5.81452953e-04  3.06776687e-02  1.18401625e-01  3.25415406e-04  1.60653281e-04  9.29693250e-05  8.55566281e-03
  8.90285609e-05  1.48919187e-04  2.94861641e-04  5.06108391e-04  5.21439234e-04  2.78230875e-02  1.08813703e-01  2.94861641e-04  1.48919187e-04  8.90285609e-05  7.40158875e-03
  8.46815984e-05  1.37627187e-04  2.66788922e-04  4.53930594e-04  4.67128422e-04  2.52085984e-02  9.98964797e-02  2.66788922e-04  1.37627187e-04  8.46815984e-05  6.41824609e-03
  8.00834422e-05  1.26848250e-04  2.41059250e-04  4.06698875e-04  4.18050563e-04  2.28168016e-02  9.16130516e-02  2.41059250e-04  1.26848250e-04  8.00834422e-05  5.57807266e-03
  7.53573000e-05  1.16624406e-04  2.17530609e-04  3.64010203e-04  3.73764656e-04  2.06313984e-02  8.39285203e-02  2.17530609e-04  1.16624406e-04  7.53573000e-05  4.85816688e-03
  7.06009750e-05  1.06995609e-04  1.96093031e-04  3.25550594e-04  3.33928688e-04  1.86399922e-02  7.68179875e-02  1.96093031e-04  1.06995609e-04  7.06009750e-05  4.24103672e-03
  6.58917703e-05  9.79636078e-05  1.76579500e-04  2.90906047e-04  2.98097688e-04  1.68255812e-02  7.02415516e-02  1.76579500e-04  9.79636078e-05  6.58917703e-05  3.70939125e-03
  0.00000000e+00  0.00000000e+00  9.13368938e-04  2.22357031e-03  2.34327438e-03  1.28992188e-01  4.12944219e-01  9.13368938e-04  0.00000000e+00  0.00000000e+00  1.19839484e-01
  0.00000000e+00  5.17317422e-05  8.63771063e-04  2.03017609e-03  2.13347766e-03  1.17993594e-01  3.83698266e-01  8.63771063e-04  5.17317422e-05  0.00000000e+00  1.01280203e-01
  0.00000000e+00  9.37799344e-05  8.17618750e-04  1.85866047e-03  1.94808875e-03  1.08103953e-01  3.56895328e-01  8.17618750e-04  9.37799344e-05  0.00000000e+00  8.56880844e-02
  0.00000000e+00  1.24760812e-04  7.70924953e-04  1.70137391e-03  1.77895750e-03  9.91168594e-02  3.32095391e-01  7.70924953e-04  1.24760812e-04  0.00000000e+00  7.25823109e-02
  0.00000000e+00  1.46990797e-04  7.24485031e-04  1.55701625e-03  1.62442469e-03  9.09240203e-02  3.09086469e-01  7.24485031e-04  1.46990797e-04  0.00000000e+00  6.15539750e-02
  0.00000000e+00  1.61975969e-04  6.78858187e-04  1.42482781e-03  1.48353031e-03  8.34643422e-02  2.87758547e-01  6.78858187e-04  1.61975969e-04  0.00000000e+00  5.23320641e-02
  0.00000000e+00  1.71372547e-04  6.34443641e-04  1.30345875e-03  1.35463484e-03  7.66428328e-02  2.67920609e-01  6.34443641e-04  1.71372547e-04  0.00000000e+00  4.45801625e-02
  0.00000000e+00  1.75782703e-04  6.01003406e-04  1.21581922e-03  1.26183781e-03  7.17293641e-02  2.53432688e-01  6.01003406e-04  1.75782703e-04  0.00000000e+00  3.93727562e-02
  4.42176422e-06  1.75978656e-04  5.91062516e-04  1.19134937e-03  1.23601828e-03  7.03850969e-02  2.49422688e-01  5.91062516e-04  1.75978656e-04  4.42176422e-06  3.80169516e-02
  2.48967453e-05  1.77380422e-04  5.46684047e-04  1.08132953e-03  1.11995141e-03  6.42399453e-02  2.30946781e-01  5.46684047e-04  1.77380422e-04  2.48967453e-05  3.19954859e-02
  4.06312219e-05  1.76096937e-04  5.04528219e-04  9.80480453e-04  1.01386391e-03  5.85888672e-02  2.13659875e-01  5.04528219e-04  1.76096937e-04  4.06312219e-05  2.69546969e-02
  5.21020313e-05  1.72356250e-04  4.64228141e-04  8.87615219e-04  9.16450734e-04  5.33852703e-02  1.97470969e-01  4.64228141e-04  1.72356250e-04  5.21020313e-05  2.27414797e-02
  6.01092562e-05  1.66774406e-04  4.25958844e-04  8.02287828e-04  8.27176203e-04  4.85972531e-02  1.82321063e-01  4.25958844e-04  1.66774406e-04  6.01092562e-05  1.92214172e-02
  6.53048609e-05  1.59856453e-04  3.89875406e-04  7.24166312e-04  7.45636297e-04  4.42004187e-02  1.68172156e-01  3.89875406e-04  1.59856453e-04  6.53048609e-05  1.62868078e-02
  6.82854062e-05  1.52036500e-04  3.56032875e-04  6.52769750e-04  6.71280109e-04  4.01646688e-02  1.54966250e-01  3.56032875e-04  1.52036500e-04  6.82854062e-05  1.38356391e-02
  6.95413344e-05  1.43660516e-04  3.24425281e-04  5.87598156e-04  6.03542703e-04  3.64606063e-02  1.42645344e-01  3.24425281e-04  1.43660516e-04  6.95413344e-05  1.17821016e-02
  6.94536812e-05  1.34989547e-04  2.95030672e-04  5.28230547e-04  5.41952156e-04  3.30646313e-02  1.31164422e-01  2.95030672e-04  1.34989547e-04  6.94536812e-05  1.00591922e-02
  6.83352719e-05  1.26228594e-04  2.67800047e-04  4.74255953e-04  4.86053469e-04  2.99543469e-02  1.20476516e-01  2.67800047e-04  1.26228594e-04  6.83352719e-05  8.61106578e-03
  6.64419281e-05  1.17536703e-04  2.42660422e-04  4.25275391e-04  4.35410656e-04  2.71089531e-02  1.10541594e-01  2.42660422e-04  1.17536703e-04  6.64419281e-05  7.39117734e-03
  6.39813672e-05  1.09034859e-04  2.19523844e-04  3.80906844e-04  3.89604797e-04  2.45087547e-02  1.01316672e-01  2.19523844e-04  1.09034859e-04  6.39813672e-05  6.36101359e-03
  6.11216000e-05  1.00811062e-04  1.98292281e-04  3.40783328e-04  3.48241859e-04  2.21355453e-02  9.27619594e-02  1.98292281e-04  1.00811062e-04  6.11216000e-05  5.48863156e-03
  5.79975328e-05  9.29295391e-05  1.78858766e-04  3.04556875e-04  3.10946891e-04  1.99718344e-02  8.48389359e-02  1.78858766e-04  9.29295391e-05  5.79975328e-05  4.74767891e-03
  5.47165750e-05  8.54332687e-05  1.61114266e-04  2.71899438e-04  2.77368891e-04  1.80015172e-02  7.75102109e-02  1.61114266e-04  8.54332687e-05  5.47165750e-05  4.11637359e-03
  5.13637266e-05  7.83491547e-05  1.44946812e-04  2.42503031e-04  2.47179859e-04  1.62094969e-02  7.07399828e-02  1.44946812e-04  7.83491547e-05  5.13637266e-05  3.57678406e-03
  4.80058953e-05  7.16988969e-05  1.30269391e-04  2.16124687e-04  2.20122812e-04  1.45840734e-02  6.45023500e-02  1.30269391e-04  7.16988969e-05  4.80058953e-05  3.11524906e-03
  4.46954797e-05  6.54816937e-05  1.16955031e-04  1.92457375e-04  1.95871781e-04  1.31099484e-02  5.87575156e-02  1.16955031e-04  6.54816937e-05  4.46954797e-05  2.71844766e-03
  0.00000000e+00  0.00000000e+00  6.44608797e-04  1.58105625e-03  1.64198781e-03  1.09650234e-01  3.74715953e-01  6.44608797e-04  0.00000000e+00  0.00000000e+00  9.79208437e-02
  0.00000000e+00  3.55609625e-05  6.06294094e-04  1.43624125e-03  1.48854703e-03  9.98383703e-02  3.46775047e-01  6.06294094e-04  3.55609625e-05  0.00000000e+00  8.18919328e-02
  0.00000000e+00  6.44417828e-05  5.71142266e-04  1.30865547e-03  1.35372437e-03  9.10620453e-02  3.21289141e-01  5.71142266e-04  6.44417828e-05  0.00000000e+00  6.86153203e-02
  0.00000000e+00  8.56597250e-05  5.36196359e-04  1.19254844e-03  1.23145031e-03  8.31263766e-02  2.97816234e-01  5.36196359e-04  8.56597250e-05  0.00000000e+00  5.75948797e-02
  0.00000000e+00  1.00807719e-04  5.01892594e-04  1.08670062e-03  1.12033516e-03  7.59279688e-02  2.76136344e-01  5.01892594e-04  1.00807719e-04  0.00000000e+00  4.84306906e-02
  0.00000000e+00  1.10927516e-04  4.68544141e-04  9.90391328e-04  1.01954875e-03  6.94065281e-02  2.56131438e-01  4.68544141e-04  1.10927516e-04  0.00000000e+00  4.08554344e-02
  0.00000000e+00  1.17173906e-04  4.36354156e-04  9.02469453e-04  9.27771656e-04  6.34716609e-02  2.37605531e-01  4.36354156e-04  1.17173906e-04  0.00000000e+00  3.45541875e-02
  0.00000000e+00  1.20029969e-04  4.12260687e-04  8.39271063e-04  8.61937500e-04  5.92135438e-02  2.24123625e-01  4.12260687e-04  1.20029969e-04  0.00000000e+00  3.03556250e-02
  3.06971047e-06  1.20108922e-04  4.05141781e-04  8.21701172e-04  8.43677938e-04  5.80525656e-02  2.20403641e-01  4.05141781e-04  1.20108922e-04  3.06971047e-06  2.92710344e-02
  1.72597234e-05  1.20822703e-04  3.73412109e-04  7.42839625e-04  7.61748828e-04  5.27562578e-02  2.03296750e-01  3.73412109e-04  1.20822703e-04  1.72597234e-05  2.44751234e-02
  2.81037844e-05  1.19699297e-04  3.43442203e-04  6.70920875e-04  6.87186297e-04  4.79095266e-02  1.87362859e-01  3.43442203e-04  1.19699297e-04  2.81037844e-05  2.04971922e-02
  3.59555750e-05  1.16903734e-04  3.14950109e-04  6.05026906e-04  6.19007406e-04  4.34680797e-02  1.72505969e-01  3.14950109e-04  1.16903734e-04  3.59555750e-05  1.71999219e-02
  4.13862609e-05  1.12866094e-04  2.88031875e-04  5.44775813e-04  5.56783219e-04  3.94009172e-02  1.58665062e-01  2.88031875e-04  1.12866094e-04  4.13862609e-05  1.44664047e-02
  4.48607891e-05  1.07939406e-04  2.62776516e-04  4.89876609e-04  5.00183812e-04  3.56840406e-02  1.45794172e-01  2.62776516e-04  1.07939406e-04  4.48607891e-05  1.22038312e-02
  4.68019047e-05  1.02425687e-04  2.39199125e-04  4.39936359e-04  4.48779234e-04  3.22886516e-02  1.33834281e-01  2.39199125e-04  1.02425687e-04  4.68019047e-05  1.03261938e-02
  4.75554391e-05  9.65617531e-05  2.17275687e-04  3.94556047e-04  4.02134531e-04  2.91871531e-02  1.22724375e-01  2.17275687e-04  9.65617531e-05  4.75554391e-05  8.76225359e-03
  4.73893187e-05  9.05256437e-05  1.96973234e-04  3.53398734e-04  3.59888719e-04  2.63567469e-02  1.12415484e-01  1.96973234e-04  9.05256437e-05  4.73893187e-05  7.45687734e-03
  4.65224609e-05  8.44566641e-05  1.78241781e-04  3.16141422e-04  3.21694828e-04  2.37766328e-02  1.02861578e-01  1.78241781e-04  8.44566641e-05  4.65224609e-05  6.36470969e-03
  4.51330812e-05  7.84612219e-05  1.61016359e-04  2.82476094e-04  2.87221891e-04  2.14272125e-02  9.40181578e-02  1.61016359e-04  7.84612219e-05  4.51330812e-05  5.44840687e-03
  4.33651922e-05  7.26192187e-05  1.45224937e-04  2.52106797e-04  2.56159906e-04  1.92902875e-02  8.58417453e-02  1.45224937e-04  7.26192187e-05  4.33651922e-05  4.67732578e-03
  4.13347984e-05  6.69885609e-05  1.30787531e-04  2.24756500e-04  2.28214891e-04  1.73488578e-02  7.82919281e-02  1.30787531e-04  6.69885609e-05  4.13347984e-05  4.02634406e-03
  3.91344078e-05  6.16100469e-05  1.17621156e-04  2.00163219e-04  2.03110844e-04  1.55870250e-02  7.13295062e-02  1.17621156e-04  6.16100469e-05  3.91344078e-05  3.47489953e-03
  3.68374266e-05  5.65103781e-05  1.05640812e-04  1.78079984e-04  1.80590797e-04  1.39900906e-02  6.49166844e-02  1.05640812e-04  5.65103781e-05  3.68374266e-05  3.00614062e-03
  3.45015531e-05  5.17053516e-05  9.47625125e-05  1.58279750e-04  1.60415750e-04  1.25441547e-02  5.90178563e-02  9.47625125e-05  5.17053516e-05  3.45015531e-05  2.60629625e-03
  3.21721922e-05  4.72075687e-05  8.49211297e-05  1.40582547e-04  1.42398703e-04  1.12389172e-02  5.36065250e-02  8.49211297e-05  4.72075687e-05  3.21721922e-05  2.26492547e-03
  2.98841437e-05  4.30144234e-05  7.60235734e-05  1.24765359e-04  1.26308641e-04  1.00605797e-02  4.86439891e-02  7.60235734e-05  4.30144234e-05  2.98841437e-05  1.97193719e-03
  0.00000000e+00  0.00000000e+00  4.45657844e-04  1.09939641e-03  1.12889281e-03  9.18020531e-02  3.36883766e-01  4.45657844e-04  0.00000000e+00  0.00000000e+00  7.85024734e-02
  0.00000000e+00  2.36735656e-05  4.16598625e-04  9.93387625e-04  1.01857891e-03  8.31994875e-02  3.10485891e-01  4.16598625e-04  2.36735656e-05  0.00000000e+00  6.49866109e-02
  0.00000000e+00  4.29472578e-05  3.90358625e-04  9.00678000e-04  9.22272969e-04  7.55438781e-02  2.86521016e-01  3.90358625e-04  4.29472578e-05  0.00000000e+00  5.39413609e-02
  0.00000000e+00  5.71119484e-05  3.64769812e-04  8.16980547e-04  8.35527937e-04  6.86562281e-02  2.64549156e-01  3.64769812e-04  5.71119484e-05  0.00000000e+00  4.48823969e-02
  0.00000000e+00  6.72066062e-05  3.40003406e-04  7.41219453e-04  7.57177047e-04  6.24390484e-02  2.44347266e-01  3.40003406e-04  6.72066062e-05  0.00000000e+00  3.74343844e-02
  0.00000000e+00  7.39181422e-05  3.16201484e-04  6.72745844e-04  6.86507453e-04  5.68347406e-02  2.25791391e-01  3.16201484e-04  7.39181422e-05  0.00000000e+00  3.13454016e-02
  0.00000000e+00  7.80199687e-05  2.93431187e-04  6.10602844e-04  6.22488328e-04  5.17590078e-02  2.08681516e-01  2.93431187e-04  7.80199687e-05  0.00000000e+00  2.63308266e-02
  0.00000000e+00  7.98611953e-05  2.76493562e-04  5.66136438e-04  5.76744500e-04  4.81312469e-02  1.96275609e-01  2.76493562e-04  7.98611953e-05  0.00000000e+00  2.30155156e-02
  2.08913797e-06  7.98878547e-05  2.71519609e-04  5.53828531e-04  5.64102766e-04  4.71455563e-02  1.92862625e-01  2.71519609e-04  7.98878547e-05  2.08913797e-06  2.21655375e-02
  1.17336219e-05  8.02579641e-05  2.49387828e-04  4.98684031e-04  5.07478953e-04  4.26581906e-02  1.77199766e-01  2.49387828e-04  8.02579641e-05  1.17336219e-05  1.84219922e-02
  1.90704437e-05  7.93978500e-05  2.28604891e-04  4.48651344e-04  4.56178844e-04  3.85716078e-02  1.62675891e-01  2.28604891e-04  7.93978500e-05  1.90704437e-05  1.53441156e-02
  2.43523766e-05  7.74215375e-05  2.08955812e-04  4.03039484e-04  4.09475500e-04  3.48447141e-02  1.49194000e-01  2.08955812e-04  7.74215375e-05  2.43523766e-05  1.28125937e-02
  2.79769625e-05  7.46222641e-05  1.90487609e-04  3.61533531e-04  3.67033969e-04  3.14483062e-02  1.36689109e-01  1.90487609e-04  7.46222641e-05  2.79769625e-05  1.07289172e-02
  3.02670406e-05  7.12401562e-05  1.73242359e-04  3.23895469e-04  3.28592297e-04  2.83593906e-02  1.25112234e-01  1.73242359e-04  7.12401562e-05  3.02670406e-05  9.01552000e-03
  3.15154406e-05  6.74795391e-05  1.57215078e-04  2.89813375e-04  2.93822500e-04  2.55511656e-02  1.14403344e-01  1.57215078e-04  6.74795391e-05  3.15154406e-05  7.60196125e-03
  3.19604859e-05  6.34990250e-05  1.42375766e-04  2.58980219e-04  2.62397656e-04  2.29979344e-02  1.04498437e-01  1.42375766e-04  6.34990250e-05  3.19604859e-05  6.43054625e-03
  3.17865937e-05  5.94183250e-05  1.28688453e-04  2.31136078e-04  2.34048719e-04  2.06789984e-02  9.53474469e-02  1.28688453e-04  5.94183250e-05  3.17865937e-05  5.45723984e-03
  3.11437781e-05  5.53296500e-05  1.16109141e-04  2.06038891e-04  2.08516750e-04  1.85749562e-02  8.69035437e-02  1.16109141e-04  5.53296500e-05  3.11437781e-05  4.64608844e-03
  3.01536500e-05  5.13033031e-05  1.04584844e-04  1.83453719e-04  1.85560750e-04  1.66679141e-02  7.91211375e-02  1.04584844e-04  5.13033031e-05  3.01536500e-05  3.96784875e-03
  2.89143172e-05  4.73911891e-05  9.40582516e-05  1.63163547e-04  1.64953719e-04  1.49414687e-02  7.19573266e-02  9.40582516e-05  4.73911891e-05  2.89143172e-05  3.39875812e-03
  2.75043828e-05  4.36309078e-05  8.44675828e-05  1.44962406e-04  1.46481703e-04  1.33803203e-02  6.53710109e-02  8.44675828e-05  4.36309078e-05  2.75043828e-05  2.91948469e-03
  2.59863531e-05  4.00480594e-05  7.57508344e-05  1.28660250e-04  1.29948656e-04  1.19700719e-02  5.93234906e-02  7.57508344e-05  4.00480594e-05  2.59863531e-05  2.51434672e-03
  2.44096281e-05  3.66593406e-05  6.78457063e-05  1.14079109e-04  1.15170609e-04  1.06977234e-02  5.37774656e-02  6.78457063e-05  3.66593406e-05  2.44096281e-05  2.17058328e-03
  2.28128094e-05  3.34738547e-05  6.06911984e-05  1.01054984e-04  1.01978547e-04  9.55111562e-03  4.86979359e-02  6.06911984e-05  3.34738547e-05  2.28128094e-05  1.87783297e-03
  2.12261000e-05  3.04989984e-05  5.42392109e-05  8.94586594e-05  9.02398984e-05  8.52082812e-03  4.40586031e-02  5.42392109e-05  3.04989984e-05  2.12261000e-05  1.62828516e-03
  1.96725016e-05  2.77317703e-05  4.84240422e-05  7.91320531e-05  7.97923500e-05  7.59499172e-03  3.98224656e-02  4.84240422e-05  2.77317703e-05  1.96725016e-05  1.41441922e-03
  0.00000000e+00  0.00000000e+00  3.01348203e-04  7.46583625e-04  7.60159344e-04  7.56186750e-02  2.99875641e-01  3.01348203e-04  0.00000000e+00  0.00000000e+00  6.16588828e-02
  0.00000000e+00  1.51875406e-05  2.79739812e-04  6.70800797e-04  6.82332453e-04  6.82111125e-02  2.75220797e-01  2.79739812e-04  1.51875406e-05  0.00000000e+00  5.05421219e-02
  0.00000000e+00  2.76404219e-05  2.60570891e-04  6.05050359e-04  6.14882797e-04  6.16529109e-02  2.52944953e-01  2.60570891e-04  2.76404219e-05  0.00000000e+00  4.15734812e-02
  0.00000000e+00  3.68363219e-05  2.42263391e-04  5.46202313e-04  5.54604422e-04  5.57818812e-02  2.32615094e-01  2.42263391e-04  3.68363219e-05  0.00000000e+00  3.43021172e-02
  0.00000000e+00  4.34079594e-05  2.24817484e-04  4.93335781e-04  5.00527469e-04  5.05082266e-02  2.14005266e-01  2.24817484e-04  4.34079594e-05  0.00000000e+00  2.83885984e-02
  0.00000000e+00  4.77806047e-05  2.08257234e-04  4.45886891e-04  4.52058047e-04  4.57782500e-02  1.96992391e-01  2.08257234e-04  4.77806047e-05  0.00000000e+00  2.36049016e-02
  0.00000000e+00  5.04479406e-05  1.92565719e-04  4.03089703e-04  4.08393266e-04  4.15147562e-02  1.81373531e-01  1.92565719e-04  5.04479406e-05  0.00000000e+00  1.97026031e-02
  0.00000000e+00  5.16389437e-05  1.80969969e-04  3.72609187e-04  3.77325000e-04  3.84792531e-02  1.70088641e-01  1.80969969e-04  5.16389437e-05  0.00000000e+00  1.71418437e-02
  1.39203375e-06  5.16489125e-05  1.77586000e-04  3.64209266e-04  3.68772156e-04  3.76573516e-02  1.66994656e-01  1.77586000e-04  5.16489125e-05  1.39203375e-06  1.64898797e-02
  7.81285250e-06  5.18680641e-05  1.62556141e-04  3.26645703e-04  3.30531906e-04  3.39232312e-02  1.52820797e-01  1.62556141e-04  5.18680641e-05  7.81285250e-06  1.36294984e-02
  1.26809719e-05  5.12819328e-05  1.48528172e-04  2.92742000e-04  2.96050469e-04  3.05391016e-02  1.39736937e-01  1.48528172e-04  5.12819328e-05  1.26809719e-05  1.12969750e-02
  1.61702891e-05  4.99651391e-05  1.35337109e-04  2.61988156e-04  2.64802859e-04  2.74677625e-02  1.27645078e-01  1.35337109e-04  4.99651391e-05  1.61702891e-05  9.39218016e-03
  1.85495078e-05  4.81116047e-05  1.23000984e-04  2.34138250e-04  2.36530141e-04  2.46822141e-02  1.16480187e-01  1.23000984e-04  4.81116047e-05  1.85495078e-05  7.83453250e-03
  2.00372516e-05  4.58802531e-05  1.11535797e-04  2.09001266e-04  2.11034312e-04  2.21610641e-02  1.06191312e-01  1.11535797e-04  4.58802531e-05  2.00372516e-05  6.56126547e-03
  2.08309453e-05  4.34060953e-05  1.00926609e-04  1.86343234e-04  1.88068437e-04  1.98800078e-02  9.67151281e-02  1.00926609e-04  4.34060953e-05  2.08309453e-05  5.51617234e-03
  2.10912031e-05  4.07932437e-05  9.11419031e-05  1.65932187e-04  1.67396500e-04  1.78159484e-02  8.79896359e-02  9.11419031e-05  4.07932437e-05  2.10912031e-05  4.65390812e-03
  2.09419375e-05  3.81201062e-05  8.21521906e-05  1.47580094e-04  1.48820531e-04  1.59500875e-02  7.99641406e-02  8.21521906e-05  3.81201062e-05  2.09419375e-05  3.94015859e-03
  2.04838547e-05  3.54468875e-05  7.39200828e-05  1.31104031e-04  1.32154531e-04  1.42651250e-02  7.25912375e-02  7.39200828e-05  3.54468875e-05  2.04838547e-05  3.34723062e-03
  1.97982672e-05  3.28191891e-05  6.64045844e-05  1.16337937e-04  1.17226516e-04  1.27450625e-02  6.58257328e-02  6.64045844e-05  3.28191891e-05  1.97982672e-05  2.85278156e-03
  1.89506766e-05  3.02706125e-05  5.95624953e-05  1.03124844e-04  1.03875500e-04  1.13754016e-02  5.96255188e-02  5.95624953e-05  3.02706125e-05  1.89506766e-05  2.43882922e-03
  1.79934859e-05  2.78249609e-05  5.33489203e-05  9.13177562e-05  9.19512641e-05  1.01426391e-02  5.39501047e-02  5.33489203e-05  2.78249609e-05  1.79934859e-05  2.09085250e-03
  1.69682969e-05  2.54986312e-05  4.77190594e-05  8.07823734e-05  8.13167266e-05  9.03430906e-03  4.87618812e-02  4.77190594e-05  2.54986312e-05  1.69682969e-05  1.79716969e-03
  1.59076141e-05  2.33019250e-05  4.26289125e-05  7.13941969e-05  7.18443891e-05  8.03898062e-03  4.40247562e-02  4.26289125e-05  2.33019250e-05  1.59076141e-05  1.54831016e-03
  1.48369375e-05  2.12403391e-05  3.80356797e-05  6.30390266e-05  6.34179516e-05  7.14618406e-03  3.97052234e-02  3.80356797e-05  2.12403391e-05  1.48369375e-05  1.33666281e-03
  1.37762672e-05  1.93182734e-05  3.39055594e-05  5.56269609e-05  5.59457156e-05  6.34774969e-03  3.57775875e-02  3.39055594e-05  1.93182734e-05  1.37762672e-05  1.15646750e-03
  1.27406016e-05  1.75333266e-05  3.01935531e-05  4.90499031e-05  4.93178812e-05  5.63359781e-03  3.22070484e-02  3.01935531e-05  1.75333266e-05  1.27406016e-05  1.00222344e-03
  0.00000000e+00  0.00000000e+00  1.98887953e-04  4.94262266e-04  5.00176547e-04  6.12062688e-02  2.64082578e-01  1.98887953e-04  0.00000000e+00  0.00000000e+00  4.73684609e-02
  0.00000000e+00  9.32413359e-06  1.83160703e-04  4.41415547e-04  4.46413234e-04  5.49487062e-02  2.41331766e-01  1.83160703e-04  9.32413359e-06  0.00000000e+00  3.84607406e-02
  0.00000000e+00  1.70766125e-05  1.69480094e-04  3.95965391e-04  4.00204422e-04  4.94368172e-02  2.20873953e-01  1.69480094e-04  1.70766125e-05  0.00000000e+00  3.13628281e-02
  0.00000000e+00  2.28646594e-05  1.56706109e-04  3.55666797e-04  3.59269141e-04  4.45271078e-02  2.02290125e-01  1.56706109e-04  2.28646594e-05  0.00000000e+00  2.56714797e-02
  0.00000000e+00  2.70377672e-05  1.44738844e-04  3.19756891e-04  3.22825469e-04  4.01385828e-02  1.85356281e-01  1.44738844e-04  2.70377672e-05  0.00000000e+00  2.10910625e-02
  0.00000000e+00  2.98370859e-05  1.33533328e-04  2.87766687e-04  2.90386484e-04  3.62221422e-02  1.69946437e-01  1.33533328e-04  2.98370859e-05  0.00000000e+00  1.74229547e-02
  0.00000000e+00  3.15597656e-05  1.23023656e-04  2.59098312e-04  2.61339266e-04  3.27087937e-02  1.55862609e-01  1.23023656e-04  3.15597656e-05  0.00000000e+00  1.44577297e-02
  3.41523984e-18  3.23381609e-05  1.15311828e-04  2.38780672e-04  2.40764750e-04  3.02170500e-02  1.45724703e-01  1.15311828e-04  3.23381609e-05  3.41523984e-18  1.25253234e-02
  9.06606625e-07  3.23478375e-05  1.13074844e-04  2.33205734e-04  2.35123844e-04  2.95447375e-02  1.42952750e-01  1.13074844e-04  3.23478375e-05  9.06606625e-07  1.20366719e-02
  5.08695719e-06  3.25117312e-05  1.03162937e-04  2.08328078e-04  2.09952328e-04  2.64962703e-02  1.30283891e-01  1.03162937e-04  3.25117312e-05  5.08695719e-06  9.90000953e-03
  8.25020219e-06  3.21605703e-05  9.39688609e-05  1.85993312e-04  1.87368688e-04  2.37471969e-02  1.18643031e-01  9.39688609e-05  3.21605703e-05  8.25020219e-06  8.17088594e-03
  1.05109703e-05  3.13402703e-05  8.53714188e-05  1.65835469e-04  1.66999922e-04  2.12642203e-02  1.07934172e-01  8.53714188e-05  3.13402703e-05  1.05109703e-05  6.76799094e-03
  1.20455437e-05  3.01750469e-05  7.73699359e-05  1.47669547e-04  1.48654094e-04  1.90231406e-02  9.80901953e-02  7.73699359e-05  3.01750469e-05  1.20455437e-05  5.62735641e-03
  1.29975672e-05  2.87671125e-05  6.99667266e-05  1.31349594e-04  1.32182203e-04  1.70046594e-02  8.90603188e-02  6.99667266e-05  2.87671125e-05  1.29975672e-05  4.69972594e-03
  1.34965594e-05  2.72032750e-05  6.31444984e-05  1.16704594e-04  1.17407281e-04  1.51871797e-02  8.07817344e-02  6.31444984e-05  2.72032750e-05  1.34965594e-05  3.94159437e-03
  1.36482281e-05  2.55503453e-05  5.68763656e-05  1.03568578e-04  1.04161312e-04  1.35504969e-02  7.31930438e-02  5.68763656e-05  2.55503453e-05  1.36482281e-05  3.31833734e-03
  1.35337812e-05  2.38587266e-05  5.11375312e-05  9.18055547e-05  9.23052250e-05  1.20779172e-02  6.62445469e-02  5.11375312e-05  2.38587266e-05  1.35337812e-05  2.80396141e-03
  1.32191281e-05  2.21672187e-05  4.58997984e-05  8.12881156e-05  8.17088234e-05  1.07544391e-02  5.98895453e-02  4.58997984e-05  2.21672187e-05  1.32191281e-05  2.37769391e-03
  1.27578687e-05  2.05048266e-05  4.11331734e-05  7.18984734e-05  7.22524109e-05  9.56618328e-03  5.40844375e-02  4.11331734e-05  2.05048266e-05  1.27578687e-05  2.02290328e-03
  1.21926094e-05  1.88930516e-05  3.68065547e-05  6.35279297e-05  6.38252937e-05  8.50053969e-03  4.87881219e-02  3.68065547e-05  1.88930516e-05  1.21926094e-05  1.72633781e-03
  1.15577500e-05  1.73471906e-05  3.28887469e-05  5.60760859e-05  5.63257719e-05  7.54590891e-03  4.39619031e-02  3.28887469e-05  1.73471906e-05  1.15577500e-05  1.47736594e-03
  1.08803922e-05  1.58776469e-05  2.93488469e-05  4.94509437e-05  4.96603484e-05  6.69168125e-03  3.95696766e-02  2.93488469e-05  1.58776469e-05  1.08803922e-05  1.26745703e-03
  1.01816406e-05  1.44909172e-05  2.61569562e-05  4.35681047e-05  4.37436234e-05  5.92817672e-03  3.55773469e-02  2.61569562e-05  1.44909172e-05  1.01816406e-05  1.08977047e-03
  9.47825047e-06  1.31905016e-05  2.32840750e-05  3.83507687e-05  3.84977000e-05  5.24654531e-03  3.19532125e-02  2.32840750e-05  1.31905016e-05  9.47825047e-06  9.38783578e-04
  8.78312547e-06  1.19792000e-05  2.07075031e-05  3.37384344e-05  3.38613781e-05  4.63986750e-03  2.86729719e-02  2.07075031e-05  1.19792000e-05  8.78312547e-06  8.10373891e-04
  8.10595453e-06  1.08554094e-05  1.83976375e-05  2.96595047e-05  2.97622578e-05  4.09978312e-03  2.57043281e-02  1.83976375e-05  1.08554094e-05  8.10595453e-06  7.00584141e-04
  0.00000000e+00  0.00000000e+00  1.27827266e-04  3.18352719e-04  3.20782609e-04  4.86138000e-02  2.29869594e-01  1.27827266e-04  0.00000000e+00  0.00000000e+00  3.55272797e-02
  0.00000000e+00  5.42283594e-06  1.16646375e-04  2.82459266e-04  2.84501328e-04  4.34338437e-02  2.09141797e-01  1.16646375e-04  5.42283594e-06  0.00000000e+00  2.85847187e-02
  0.00000000e+00  1.00435578e-05  1.07125266e-04  2.51887516e-04  2.53609719e-04  3.88945734e-02  1.90593000e-01  1.07125266e-04  1.00435578e-05  0.00000000e+00  2.31185422e-02
  0.00000000e+00  1.35629594e-05  9.84520172e-05  2.25057484e-04  2.26513813e-04  3.48713922e-02  1.73822188e-01  9.84520172e-05  1.35629594e-05  0.00000000e+00  1.87820125e-02
  0.00000000e+00  1.61442109e-05  9.04772906e-05  2.01360234e-04  2.02593672e-04  3.12930031e-02  1.58610375e-01  9.04772906e-05  1.61442109e-05  0.00000000e+00  1.53266953e-02
  0.00000000e+00  1.79063453e-05  8.31204172e-05  1.80417812e-04  1.81465328e-04  2.81154094e-02  1.44833531e-01  8.31204172e-05  1.79063453e-05  0.00000000e+00  1.25859703e-02
  0.00000000e+00  1.90144922e-05  7.62987313e-05  1.61779234e-04  1.62670828e-04  2.52786125e-02  1.32298703e-01  7.62987313e-05  1.90144922e-05  0.00000000e+00  1.03892156e-02
  0.00000000e+00  1.95312844e-05  7.13309422e-05  1.48636516e-04  1.49423156e-04  2.32745359e-02  1.23308828e-01  7.13309422e-05  1.95312844e-05  0.00000000e+00  8.96686500e-03
  5.76087203e-07  1.95457687e-05  6.98982578e-05  1.45047563e-04  1.45806219e-04  2.27357125e-02  1.20859844e-01  6.98982578e-05  1.95457687e-05  5.76087203e-07  8.60942547e-03
  3.23311703e-06  1.96931984e-05  6.35692266e-05  1.29062812e-04  1.29703516e-04  2.02974062e-02  1.09685016e-01  6.35692266e-05  1.96931984e-05  3.23311703e-06  7.05149578e-03
  5.24294734e-06  1.95188953e-05  5.77361437e-05  1.14792000e-04  1.15331734e-04  1.81093984e-02  9.94646531e-02  5.77361437e-05  1.95188953e-05  5.24294734e-06  5.79931500e-03
  6.67771203e-06  1.90488672e-05  5.23117219e-05  1.01979109e-04  1.02432891e-04  1.61428906e-02  9.01060906e-02  5.23117219e-05  1.90488672e-05  6.67771203e-06  4.78912453e-03
  7.64914516e-06  1.83602219e-05  4.72873734e-05  9.04872844e-05  9.08688094e-05  1.43764859e-02  8.15432203e-02  4.72873734e-05  1.83602219e-05  7.64914516e-06  3.97182750e-03
  8.24867812e-06  1.75164734e-05  4.26587063e-05  8.02116281e-05  8.05322812e-05  1.27933844e-02  7.37252422e-02  4.26587063e-05  1.75164734e-05  8.24867812e-06  3.30993906e-03
  8.55908016e-06  1.65719250e-05  3.84094297e-05  7.10308484e-05  7.13002250e-05  1.13748844e-02  6.65908578e-02  3.84094297e-05  1.65719250e-05  8.55908016e-06  2.77082469e-03
  8.64775859e-06  1.55687812e-05  3.45187484e-05  6.28304547e-05  6.30565500e-05  1.01035875e-02  6.00810656e-02  3.45187484e-05  1.55687812e-05  8.64775859e-06  2.32880125e-03
  8.56674812e-06  1.45386453e-05  3.09677687e-05  5.55165484e-05  5.57060609e-05  8.96526531e-03  5.41477656e-02  3.09677687e-05  1.45386453e-05  8.56674812e-06  1.96476594e-03
  8.35834266e-06  1.35060172e-05  2.77363891e-05  4.90023359e-05  4.91610625e-05  7.94709656e-03  4.87461609e-02  2.77363891e-05  1.35060172e-05  8.35834266e-06  1.66356687e-03
  8.05673500e-06  1.24894000e-05  2.48036156e-05  4.32085187e-05  4.33412578e-05  7.03734219e-03  4.38345484e-02  2.48036156e-05  1.24894000e-05  8.05673500e-06  1.41318266e-03
  7.68941672e-06  1.15024906e-05  2.21485453e-05  3.80622000e-05  3.81731484e-05  6.22535219e-03  3.93739297e-02  2.21485453e-05  1.15024906e-05  7.68941672e-06  1.20407203e-03
  7.27831969e-06  1.05549937e-05  1.97502797e-05  3.34967813e-05  3.35894375e-05  5.50142641e-03  3.53279062e-02  1.97502797e-05  1.05549937e-05  7.27831969e-06  1.02864406e-03
  6.84083437e-06  9.65359687e-06  1.75884203e-05  2.94518609e-05  2.95291250e-05  4.85673531e-03  3.16625766e-02  1.75884203e-05  9.65359687e-06  6.84083437e-06  8.80841047e-04
  6.39061141e-06  8.80269906e-06  1.56433687e-05  2.58721422e-05  2.59365125e-05  4.28325859e-03  2.83463406e-02  1.56433687e-05  8.80269906e-06  6.39061141e-06  7.55806641e-04
  5.93826094e-06  8.00463000e-06  1.38966203e-05  2.27077250e-05  2.27613000e-05  3.77371594e-03  2.53497016e-02  1.38966203e-05  8.00463000e-06  5.93826094e-06  6.49645344e-04
  5.49210344e-06  7.26124922e-06  1.23333797e-05  1.99194078e-05  1.99638891e-05  3.32239781e-03  2.26500563e-02  1.23333797e-05  7.26124922e-06  5.49210344e-06  5.59438906e-04
  5.05828859e-06  6.57171578e-06  1.09349422e-05  1.74611953e-05  1.74982781e-05  2.92253375e-03  2.02181078e-02  1.09349422e-05  6.57171578e-06  5.05828859e-06  4.82400094e-04
  0.00000000e+00  0.00000000e+00  7.97805063e-05  1.98982734e-04  1.99919297e-04  3.78283484e-02  1.97554672e-01  7.97805063e-05  0.00000000e+00  0.00000000e+00  2.59565859e-02
  0.00000000e+00  2.93931656e-06  7.20350750e-05  1.75287703e-04  1.76070344e-04  3.36325109e-02  1.78924891e-01  7.20350750e-05  2.93931656e-06  0.00000000e+00  2.07047859e-02
  0.00000000e+00  5.55228094e-06  6.55905172e-05  1.55319516e-04  1.55976219e-04  2.99747687e-02  1.62336109e-01  6.55905172e-05  5.55228094e-06  0.00000000e+00  1.66173453e-02
  0.00000000e+00  7.61019781e-06  5.98738250e-05  1.37993156e-04  1.38544922e-04  2.67490281e-02  1.47408312e-01  5.98738250e-05  7.61019781e-06  0.00000000e+00  1.34075250e-02
  0.00000000e+00  9.16280844e-06  5.47258250e-05  1.22837672e-04  1.23302453e-04  2.38940875e-02  1.33932500e-01  5.47258250e-05  9.16280844e-06  0.00000000e+00  1.08741016e-02
  0.00000000e+00  1.02541484e-05  5.00554312e-05  1.09561047e-04  1.09953859e-04  2.13718484e-02  1.21785688e-01  5.00554312e-05  1.02541484e-05  0.00000000e+00  8.88273266e-03
  0.00000000e+00  1.09656750e-05  4.57785719e-05  9.78315406e-05  9.81642875e-05  1.91309141e-02  1.10786844e-01  4.57785719e-05  1.09656750e-05  0.00000000e+00  7.29908016e-03
  5.12285484e-18  1.13144719e-05  4.26898453e-05  8.96067187e-05  8.98989859e-05  1.75541094e-02  1.02927953e-01  4.26898453e-05  1.13144719e-05  5.12285484e-18  6.27982953e-03
  3.56378719e-07  1.13332625e-05  4.18045547e-05  8.73704578e-05  8.76523297e-05  1.71315812e-02  1.00793000e-01  4.18045547e-05  1.13332625e-05  3.56378719e-07  6.02513031e-03
  2.00163594e-06  1.14734203e-05  3.79062031e-05  7.74370328e-05  7.76733250e-05  1.52237453e-02  9.10760531e-02  3.79062031e-05  1.14734203e-05  2.00163594e-06  4.91818500e-03
  3.24796047e-06  1.14172562e-05  3.43376203e-05  6.86192594e-05  6.88171688e-05  1.35203109e-02  8.22312969e-02  3.43376203e-05  1.14172562e-05  3.24796047e-06  4.03376969e-03
  4.13835031e-06  1.11779797e-05  3.10373125e-05  6.07434484e-05  6.09090734e-05  1.19966844e-02  7.41704344e-02  3.10373125e-05  1.11779797e-05  4.13835031e-06  3.32363734e-03
  4.74101484e-06  1.08016937e-05  2.79946859e-05  5.37147094e-05  5.38532453e-05  1.06349609e-02  6.68298609e-02  2.79946859e-05  1.08016937e-05  4.74101484e-06  2.75136250e-03
  5.11218125e-06  1.03267031e-05  2.52027500e-05  4.74588484e-05  4.75746937e-05  9.42060469e-03  6.01599797e-02  2.52027500e-05  1.03267031e-05  5.11218125e-06  2.28934141e-03
  5.30304500e-06  9.78595484e-06  2.26485078e-05  4.18938703e-05  4.19905266e-05  8.33787359e-03  5.41022906e-02  2.26485078e-05  9.78595484e-06  5.30304500e-06  1.91393047e-03
  5.35545078e-06  9.20546906e-06  2.03167625e-05  3.69432828e-05  3.70240453e-05  7.37218828e-03  4.86007953e-02  2.03167625e-05  9.20546906e-06  5.35545078e-06  1.60663766e-03
  5.30181156e-06  8.60482828e-06  1.81943187e-05  3.25448875e-05  3.26122562e-05  6.51173891e-03  4.36101906e-02  1.81943187e-05  8.60482828e-06  5.30181156e-06  1.35387016e-03
  5.16856922e-06  7.99928312e-06  1.62675734e-05  2.86419875e-05  2.86980609e-05  5.74583547e-03  3.90881797e-02  1.62675734e-05  7.99928312e-06  5.16856922e-06  1.14487750e-03
  4.97710609e-06  7.40046406e-06  1.45228312e-05  2.51829828e-05  2.52295625e-05  5.06480781e-03  3.49955625e-02  1.45228312e-05  7.40046406e-06  4.97710609e-06  9.71231875e-04
  4.74468281e-06  6.81707141e-06  1.29463922e-05  2.21209766e-05  2.21596609e-05  4.45991594e-03  3.12963391e-02  1.29463922e-05  6.81707141e-06  4.74468281e-06  8.26254797e-04
  4.48509047e-06  6.25542531e-06  1.15251562e-05  1.94135703e-05  1.94457562e-05  3.92322969e-03  2.79567094e-02  1.15251562e-05  6.25542531e-06  4.48509047e-06  7.04659562e-04
  4.20927922e-06  5.71995500e-06  1.02463234e-05  1.70224625e-05  1.70491500e-05  3.44760875e-03  2.49455750e-02  1.02463234e-05  5.71995500e-06  4.20927922e-06  6.02242687e-04
  3.92584953e-06  5.21357047e-06  9.09771484e-06  1.49128562e-05  1.49349469e-05  3.02657297e-03  2.22341328e-02  9.09771484e-06  5.21357047e-06  3.92584953e-06  5.15642812e-04
  3.64148156e-06  4.73798125e-06  8.06792875e-06  1.30536500e-05  1.30719422e-05  2.65429219e-03  1.97954875e-02  8.06792875e-06  4.73798125e-06  3.64148156e-06  4.42162687e-04
  3.36143547e-06  4.29453688e-06  7.14788594e-06  1.14203422e-05  1.14354359e-05  2.32616625e-03  1.76090391e-02  7.14788594e-06  4.29453688e-06  3.36143547e-06  3.79783125e-04
  3.08959078e-06  3.88295672e-06  6.32609594e-06  9.98455734e-06  9.99704172e-06  2.03685484e-03  1.56488828e-02  6.32609594e-06  3.88295672e-06  3.08959078e-06  3.26574953e-04
  0.00000000e+00  0.00000000e+00  4.81454594e-05  1.20196219e-04  1.20532062e-04  2.87686094e-02  1.67354797e-01  4.81454594e-05  0.00000000e+00  0.00000000e+00  1.84122078e-02
  0.00000000e+00  1.43936625e-06  4.29366375e-05  1.05042828e-04  1.05321703e-04  2.54501062e-02  1.50859047e-01  4.29366375e-05  1.43936625e-06  0.00000000e+00  1.45689609e-02
  0.00000000e+00  2.82018234e-06  3.87087531e-05  9.24252188e-05  9.26579125e-05  2.25724094e-02  1.36245281e-01  3.87087531e-05  2.82018234e-06  0.00000000e+00  1.16109453e-02
  0.00000000e+00  3.96927453e-06  3.50660969e-05  8.16140203e-05  8.18086312e-05  2.00475203e-02  1.23159484e-01  3.50660969e-05  3.96927453e-06  0.00000000e+00  9.31054687e-03
  0.00000000e+00  4.87499062e-06  3.18611797e-05  7.22588406e-05  7.24219656e-05  1.78239406e-02  1.11403672e-01  3.18611797e-05  4.87499062e-06  0.00000000e+00  7.51114391e-03
  0.00000000e+00  5.53961781e-06  2.90079094e-05  6.41417875e-05  6.42788250e-05  1.58695687e-02  1.00859844e-01  2.90079094e-05  5.53961781e-06  0.00000000e+00  6.10844000e-03
  0.00000000e+00  5.99518531e-06  2.64317984e-05  5.70288797e-05  5.71443266e-05  1.41418062e-02  9.13571125e-02  2.64317984e-05  5.99518531e-06  0.00000000e+00  5.00087953e-03
  0.00000000e+00  6.23326422e-06  2.45884469e-05  5.20706969e-05  5.21716516e-05  1.29307859e-02  8.45932313e-02  2.45884469e-05  6.23326422e-06  0.00000000e+00  4.29179234e-03
  2.13867703e-07  6.25381906e-06  2.40634531e-05  5.07291234e-05  5.08263797e-05  1.26074531e-02  8.27625656e-02  2.40634531e-05  6.25381906e-06  2.13867703e-07  4.11550141e-03
  1.20293062e-06  6.38319562e-06  2.17603891e-05  4.47856406e-05  4.48667031e-05  1.11505953e-02  7.44461172e-02  2.17603891e-05  6.38319562e-06  1.20293062e-06  3.35116234e-03
  1.95483906e-06  6.39562078e-06  1.96675047e-05  3.95415297e-05  3.96090969e-05  9.85635766e-03  6.69132594e-02  1.96675047e-05  6.39562078e-06  1.95483906e-06  2.74348516e-03
  2.49352734e-06  6.29688719e-06  1.77426047e-05  3.48831922e-05  3.49393656e-05  8.70458781e-03  6.00815922e-02  1.77426047e-05  6.29688719e-06  2.49352734e-06  2.25728500e-03
  2.85889078e-06  6.11317875e-06  1.59757937e-05  3.07464359e-05  3.07931156e-05  7.68028609e-03  5.38907141e-02  1.59757937e-05  6.11317875e-06  2.85889078e-06  1.86654734e-03
  3.08416359e-06  5.86676859e-06  1.43604766e-05  2.70816672e-05  2.71204500e-05  6.77148250e-03  4.82932266e-02  1.43604766e-05  5.86676859e-06  3.08416359e-06  1.55170953e-03
  3.19989922e-06  5.57724906e-06  1.28869562e-05  2.38353891e-05  2.38676734e-05  5.96522703e-03  4.32343328e-02  1.28869562e-05  5.57724906e-06  3.19989922e-06  1.29619875e-03
  3.23126031e-06  5.26019109e-06  1.15451328e-05  2.09590031e-05  2.09857906e-05  5.24969922e-03  3.86623297e-02  1.15451328e-05  5.26019109e-06  3.23126031e-06  1.08718344e-03
  3.19785859e-06  4.92750625e-06  1.03261094e-05  1.84129109e-05  1.84351000e-05  4.61528891e-03  3.45349187e-02  1.03261094e-05  4.92750625e-06  3.19785859e-06  9.15285156e-04
  3.11572547e-06  4.58860453e-06  9.22142703e-06  1.61614156e-05  1.61798062e-05  4.05338562e-03  3.08132016e-02  9.22142703e-06  4.58860453e-06  3.11572547e-06  7.73153797e-04
  2.99795172e-06  4.25074656e-06  8.22254531e-06  1.41726172e-05  1.41878109e-05  3.55621937e-03  2.74613766e-02  8.22254531e-06  4.25074656e-06  2.99795172e-06  6.55032625e-04
  2.85508812e-06  3.91947219e-06  7.32124531e-06  1.24176172e-05  1.24301125e-05  3.11681953e-03  2.44463469e-02  7.32124531e-06  3.91947219e-06  2.85508812e-06  5.56392094e-04
  2.69562516e-06  3.59890156e-06  6.50961688e-06  1.08705172e-05  1.08808125e-05  2.72888625e-03  2.17377109e-02  6.50961688e-06  3.59890156e-06  2.69562516e-06  4.73651766e-04
  2.52630297e-06  3.29198422e-06  5.78012016e-06  9.50805594e-06  9.51657219e-06  2.38679859e-03  1.93074688e-02  5.78012016e-06  3.29198422e-06  2.52630297e-06  4.03968312e-04
  2.35244172e-06  3.00074031e-06  5.12559531e-06  8.30936453e-06  8.31637141e-06  2.08545672e-03  1.71296219e-02  5.12559531e-06  3.00074031e-06  2.35244172e-06  3.45067531e-04
  2.17817172e-06  2.72646922e-06  4.53935219e-06  7.25578281e-06  7.26155031e-06  1.82032016e-03  1.51805703e-02  4.53935219e-06  2.72646922e-06  2.17817172e-06  2.95125187e-04
  2.00676250e-06  2.47018078e-06  4.01611062e-06  6.33262141e-06  6.33736906e-06  1.58781844e-03  1.34417141e-02  4.01611062e-06  2.47018078e-06  2.00676250e-06  2.52772219e-04
  1.84060437e-06  2.23191500e-06  3.54922047e-06  5.52321984e-06  5.52711797e-06  1.38382156e-03  1.18903547e-02  3.54922047e-06  2.23191500e-06  1.84060437e-06  2.16697484e-04
  0.00000000e+00  0.00000000e+00  2.81179984e-05  7.02387703e-05  7.03512187e-05  2.13926891e-02  1.39747984e-01  2.81179984e-05  0.00000000e+00  0.00000000e+00  1.26826687e-02
  0.00000000e+00  6.00786906e-07  2.47159969e-05  6.08424109e-05  6.09352688e-05  1.88294359e-02  1.25361250e-01  2.47159969e-05  6.00786906e-07  0.00000000e+00  9.96284641e-03
  0.00000000e+00  1.27123344e-06  2.20262703e-05  5.31203047e-05  5.31973688e-05  1.66182016e-02  1.12682469e-01  2.20262703e-05  1.27123344e-06  0.00000000e+00  7.89164734e-03
  0.00000000e+00  1.88262266e-06  1.97807109e-05  4.65959453e-05  4.66599156e-05  1.46880812e-02  1.01385672e-01  1.97807109e-05  1.88262266e-06  0.00000000e+00  6.29535469e-03
  0.00000000e+00  2.39668016e-06  1.78556187e-05  4.10174406e-05  4.10708156e-05  1.29969750e-02  9.12874656e-02  1.78556187e-05  2.39668016e-06  0.00000000e+00  5.05689906e-03
  0.00000000e+00  2.79641797e-06  1.61781969e-05  3.62285938e-05  3.62731734e-05  1.15180859e-02  8.22760422e-02  1.61781969e-05  2.79641797e-06  0.00000000e+00  4.09859797e-03
  0.00000000e+00  3.08778969e-06  1.46879516e-05  3.20694156e-05  3.21066984e-05  1.02173062e-02  7.41944016e-02  1.46879516e-05  3.08778969e-06  0.00000000e+00  3.34654906e-03
  0.00000000e+00  3.25106078e-06  1.36326844e-05  2.91888906e-05  2.92213766e-05  9.30918672e-03  6.84645188e-02  1.36326844e-05  3.25106078e-06  0.00000000e+00  2.86716844e-03
  1.24732281e-07  3.27072844e-06  1.33340891e-05  2.84134078e-05  2.84446938e-05  9.06761078e-03  6.69192500e-02  1.33340891e-05  3.27072844e-06  1.24732281e-07  2.74849391e-03
  7.03095297e-07  3.38314766e-06  1.20302156e-05  2.49878859e-05  2.50137750e-05  7.98133547e-03  5.99138969e-02  1.20302156e-05  3.38314766e-06  7.03095297e-07  2.23495266e-03
  1.14535687e-06  3.42728047e-06  1.08546281e-05  2.19849437e-05  2.20064328e-05  7.02124156e-03  5.36006328e-02  1.08546281e-05  3.42728047e-06  1.14535687e-06  1.82812719e-03
  1.46380219e-06  3.40481828e-06  9.77935234e-06  1.93322875e-05  1.93499797e-05  6.17116812e-03  4.79036578e-02  9.77935234e-06  3.40481828e-06  1.46380219e-06  1.50332359e-03
  1.68073922e-06  3.33007312e-06  8.79637047e-06  1.69885187e-05  1.70031141e-05  5.41898500e-03  4.27668719e-02  8.79637047e-06  3.33007312e-06  1.68073922e-06  1.24264859e-03
  1.81506031e-06  3.21553719e-06  7.90039437e-06  1.49216422e-05  1.49337375e-05  4.75502187e-03  3.81458781e-02  7.90039437e-06  3.21553719e-06  1.81506031e-06  1.03273031e-03
  1.88440750e-06  3.07253141e-06  7.08486578e-06  1.30983594e-05  1.31083547e-05  4.16896812e-03  3.39906734e-02  7.08486578e-06  3.07253141e-06  1.88440750e-06  8.62350922e-04
  1.90345219e-06  2.91025641e-06  6.34333578e-06  1.14887719e-05  1.14970672e-05  3.65146312e-03  3.02539641e-02  6.34333578e-06  2.91025641e-06  1.90345219e-06  7.22917094e-04
  1.88373547e-06  2.73586312e-06  5.67046531e-06  1.00689797e-05  1.00757766e-05  3.19492656e-03  2.68974453e-02  5.67046531e-06  2.73586312e-06  1.88373547e-06  6.08156906e-04
  1.83475797e-06  2.55511156e-06  5.06114469e-06  8.81737594e-06  8.82296344e-06  2.79258797e-03  2.38860203e-02  5.06114469e-06  2.55511156e-06  1.83475797e-06  5.13191625e-04
  1.76432031e-06  2.37253187e-06  4.51045469e-06  7.71504000e-06  7.71962797e-06  2.43838656e-03  2.11873891e-02  4.51045469e-06  2.37253187e-06  1.76432031e-06  4.34205797e-04
  1.67877281e-06  2.19165422e-06  4.01373531e-06  6.74496297e-06  6.74873125e-06  2.12690234e-03  1.87721500e-02  4.01373531e-06  2.19165422e-06  1.67877281e-06  3.68207984e-04
  1.58321562e-06  2.01516875e-06  3.56652688e-06  5.89201484e-06  5.89510344e-06  1.85328469e-03  1.66131078e-02  3.56652688e-06  2.01516875e-06  1.58321562e-06  3.12830922e-04
  1.48173891e-06  1.84508484e-06  3.16463906e-06  5.14268625e-06  5.14521516e-06  1.61320297e-03  1.46856578e-02  3.16463906e-06  1.84508484e-06  1.48173891e-06  2.66193438e-04
  1.37757266e-06  1.68282266e-06  2.80409234e-06  4.48497703e-06  4.48704609e-06  1.40277703e-03  1.29671047e-02  2.80409234e-06  1.68282266e-06  1.37757266e-06  2.26790344e-04
  1.27322719e-06  1.52934219e-06  2.48121609e-06  3.90816766e-06  3.90985687e-06  1.21856625e-03  1.14368469e-02  2.48121609e-06  1.52934219e-06  1.27322719e-06  1.93408531e-04
  1.17069219e-06  1.38543297e-06  2.19309078e-06  3.40388797e-06  3.40526734e-06  1.05784047e-03  1.00785859e-02  2.19309078e-06  1.38543297e-06  1.17069219e-06  1.65136953e-04
  1.07141797e-06  1.25128516e-06  1.93606625e-06  2.96266828e-06  2.96378781e-06  9.17544000e-04  8.87296891e-03  1.93606625e-06  1.25128516e-06  1.07141797e-06  1.41098500e-04
  0.00000000e+00  0.00000000e+00  1.57060859e-05  3.92479734e-05  3.92822578e-05  1.54556031e-02  1.14540234e-01  1.57060859e-05  0.00000000e+00  0.00000000e+00  8.41033672e-03
  0.00000000e+00  1.68887953e-07  1.35689797e-05  3.36549547e-05  3.36831406e-05  1.35329219e-02  1.02225469e-01  1.35689797e-05  1.68887953e-07  0.00000000e+00  6.56531922e-03
  0.00000000e+00  4.51560531e-07  1.19258672e-05  2.91257156e-05  2.91489063e-05  1.18832641e-02  9.14297016e-02  1.19258672e-05  4.51560531e-07  0.00000000e+00  5.17440969e-03
  0.00000000e+00  7.55555734e-07  1.06008422e-05  2.53590547e-05  2.53782453e-05  1.04507297e-02  8.18615031e-02  1.06008422e-05  7.55555734e-07  0.00000000e+00  4.11124656e-03
  0.00000000e+00  1.03667078e-06  9.49804422e-06  2.21821672e-05  2.21980609e-05  9.20216266e-03  7.33522891e-02  9.49804422e-06  1.03667078e-06  0.00000000e+00  3.29237516e-03
  0.00000000e+00  1.27216672e-06  8.56108094e-06  1.94878594e-05  1.95010531e-05  8.11611422e-03  6.57992547e-02  8.56108094e-06  1.27216672e-06  0.00000000e+00  2.66271562e-03
  0.00000000e+00  1.45619500e-06  7.74444547e-06  1.71713328e-05  1.71823281e-05  7.16558203e-03  5.90598094e-02  7.74444547e-06  1.45619500e-06  0.00000000e+00  2.17097906e-03
  3.44234484e-18  1.56670734e-06  7.17335578e-06  1.55785797e-05  1.55880766e-05  6.50480047e-03  5.43013188e-02  7.17335578e-06  1.56670734e-06  3.44234484e-18  1.85853875e-03
  6.99348406e-08  1.58360672e-06  7.01284969e-06  1.51520922e-05  1.51612875e-05  6.32965453e-03  5.30227484e-02  7.01284969e-06  1.58360672e-06  6.99348406e-08  1.78144906e-03
  3.95409234e-07  1.67461328e-06  6.31616719e-06  1.32747391e-05  1.32822359e-05  5.54380984e-03  4.72390875e-02  6.31616719e-06  1.67461328e-06  3.95409234e-07  1.44830891e-03
  6.46414047e-07  1.72682625e-06  5.69348812e-06  1.16403781e-05  1.16465750e-05  4.85288828e-03  4.20545109e-02  5.69348812e-06  1.72682625e-06  6.46414047e-07  1.18489937e-03
  8.28493859e-07  1.73998656e-06  5.12711375e-06  1.02052063e-05  1.02103047e-05  4.24430906e-03  3.74002281e-02  5.12711375e-06  1.73998656e-06  8.28493859e-07  9.74709687e-04
  9.53392281e-07  1.72147531e-06  4.61122594e-06  8.94375766e-06  8.94793578e-06  3.70860125e-03  3.32256313e-02  4.61122594e-06  1.72147531e-06  9.53392281e-07  8.05964922e-04
  1.03128172e-06  1.67800328e-06  4.14205531e-06  7.83641406e-06  7.83984250e-06  3.23821422e-03  2.94900297e-02  4.14205531e-06  1.67800328e-06  1.03128172e-06  6.69949469e-04
  1.07190000e-06  1.61589125e-06  3.71549297e-06  6.86347641e-06  6.86628516e-06  2.82517750e-03  2.61487156e-02  3.71549297e-06  1.61589125e-06  1.07190000e-06  5.59401172e-04
  1.08346703e-06  1.54044953e-06  3.32775984e-06  6.00755578e-06  6.00986469e-06  2.46233000e-03  2.31595953e-02  3.32775984e-06  1.54044953e-06  1.08346703e-06  4.68787141e-04
  1.07252328e-06  1.45588859e-06  2.97584609e-06  5.25483297e-06  5.25671219e-06  2.14388109e-03  2.04885687e-02  2.97584609e-06  1.45588859e-06  1.07252328e-06  3.94086766e-04
  1.04449938e-06  1.36567828e-06  2.65697219e-06  4.59314828e-06  4.59468766e-06  1.86467047e-03  1.81046344e-02  2.65697219e-06  1.36567828e-06  1.04449938e-06  3.32179609e-04
  1.00392516e-06  1.27260922e-06  2.36853844e-06  4.01179250e-06  4.01305188e-06  1.62013719e-03  1.59794938e-02  2.36853844e-06  1.27260922e-06  1.00392516e-06  2.80629297e-04
  9.54464297e-07  1.17892109e-06  2.10809484e-06  3.50134562e-06  3.50236531e-06  1.40620078e-03  1.40874484e-02  2.10809484e-06  1.17892109e-06  9.54464297e-07  2.37518641e-04
  8.99129531e-07  1.08637359e-06  1.87336141e-06  3.05343812e-06  3.05426781e-06  1.21925078e-03  1.24050969e-02  1.87336141e-06  1.08637359e-06  8.99129531e-07  2.01334437e-04
  8.40319094e-07  9.96284328e-07  1.66217844e-06  2.66069016e-06  2.66135984e-06  1.05604672e-03  1.09110406e-02  1.66217844e-06  9.96284328e-07  8.40319094e-07  1.70865562e-04
  7.79942937e-07  9.09665750e-07  1.47253563e-06  2.31655187e-06  2.31711141e-06  9.13750047e-04  9.58591063e-03  1.47253563e-06  9.09665750e-07  7.79942937e-07  1.45140922e-04
  7.19490125e-07  8.27225922e-07  1.30253328e-06  2.01526313e-06  2.01571281e-06  7.89819250e-04  8.41214641e-03  1.30253328e-06  8.27225922e-07  7.19490125e-07  1.23373453e-04
  6.60139625e-07  7.49533781e-07  1.15070125e-06  1.75228391e-06  1.75264391e-06  6.82257047e-04  7.37594828e-03  1.15070125e-06  7.49533781e-07  6.60139625e-07  1.04970125e-04
  6.02752422e-07  6.76834234e-07  1.01517938e-06  1.52254484e-06  1.52283484e-06  5.88846969e-04  6.46100703e-03  1.01517938e-06  6.76834234e-07  6.02752422e-07  8.93558672e-05
  0.00000000e+00  0.00000000e+00  8.36042750e-06  2.08965203e-05  2.09056156e-05  1.08376812e-02  9.20411094e-02  8.36042750e-06  0.00000000e+00  0.00000000e+00  5.35686750e-03
  0.00000000e+00  0.00000000e+00  7.07255359e-06  1.77091078e-05  1.77165047e-05  9.43873859e-03  8.17056484e-02  7.07255359e-06  0.00000000e+00  0.00000000e+00  4.16120250e-03
  0.00000000e+00  6.99327016e-08  6.11118406e-06  1.51699922e-05  1.51760891e-05  8.24503656e-03  7.26965609e-02  6.11118406e-06  6.99327016e-08  0.00000000e+00  3.26814328e-03
  0.00000000e+00  2.08938750e-07  5.36481266e-06  1.30961656e-05  1.31010641e-05  7.21402969e-03  6.47548531e-02  5.36481266e-06  2.08938750e-07  0.00000000e+00  2.59035391e-03
  0.00000000e+00  3.56891312e-07  4.76464578e-06  1.13742297e-05  1.13783281e-05  6.32009453e-03  5.77301266e-02  4.76464578e-06  3.56891312e-07  0.00000000e+00  2.07138375e-03
  0.00000000e+00  4.92577656e-07  4.26996250e-06  9.93435266e-06  9.93770109e-06  5.54674031e-03  5.15289828e-02  4.26996250e-06  4.92577656e-07  0.00000000e+00  1.67418531e-03
  0.00000000e+00  6.06651594e-07  3.84884328e-06  8.71074547e-06  8.71350422e-06  4.87340406e-03  4.60252250e-02  3.84884328e-06  6.06651594e-07  0.00000000e+00  1.36496250e-03
  8.53809469e-19  6.79641219e-07  3.55885609e-06  7.87648328e-06  7.87886219e-06  4.40728797e-03  4.21559266e-02  3.55885609e-06  6.79641219e-07  8.53809469e-19  1.16884672e-03
  3.75996500e-08  6.92878281e-07  3.47797875e-06  7.65447984e-06  7.65676875e-06  4.28421359e-03  4.11202531e-02  3.47797875e-06  6.92878281e-07  3.75996500e-08  1.12055078e-03
  2.13454734e-07  7.61433594e-07  3.12959078e-06  6.68089922e-06  6.68275844e-06  3.73317781e-03  3.64461781e-02  3.12959078e-06  7.61433594e-07  2.13454734e-07  9.11995453e-04
  3.50640422e-07  8.08525937e-07  2.82142891e-06  5.84001250e-06  5.84153172e-06  3.25131609e-03  3.22790922e-02  2.82142891e-06  8.08525937e-07  3.50640422e-07  7.47065172e-04
  4.51151141e-07  8.33227734e-07  2.54271437e-06  5.10632063e-06  5.10756016e-06  2.82912719e-03  2.85587953e-02  2.54271437e-06  8.33227734e-07  4.51151141e-07  6.15260953e-04
  5.20738703e-07  8.39095594e-07  2.28961750e-06  4.46489469e-06  4.46590422e-06  2.45947984e-03  2.52399891e-02  2.28961750e-06  8.39095594e-07  5.20738703e-07  5.09221422e-04
  5.64569766e-07  8.29552953e-07  2.05966906e-06  3.90441578e-06  3.90524531e-06  2.13663391e-03  2.22866750e-02  2.05966906e-06  8.29552953e-07  5.64569766e-07  4.23528578e-04
  5.87752828e-07  8.08030156e-07  1.85048969e-06  3.41383422e-06  3.41450391e-06  1.85467781e-03  1.96595516e-02  1.85048969e-06  8.08030156e-07  5.87752828e-07  3.53691672e-04
  5.94706297e-07  7.77515453e-07  1.66005969e-06  2.98361078e-06  2.98415063e-06  1.60828125e-03  1.73221219e-02  1.66005969e-06  7.77515453e-07  5.94706297e-07  2.96297156e-04
  5.88990437e-07  7.40443969e-07  1.48684906e-06  2.60623609e-06  2.60667594e-06  1.39317297e-03  1.52448844e-02  1.48684906e-06  7.40443969e-07  5.88990437e-07  2.48872609e-04
  5.73617422e-07  6.98869828e-07  1.32947828e-06  2.27522031e-06  2.27557031e-06  1.20557250e-03  1.34010406e-02  1.32947828e-06  6.98869828e-07  5.73617422e-07  2.09493813e-04
  5.51103422e-07  6.54497094e-07  1.18672734e-06  1.98492375e-06  1.98521359e-06  1.04213906e-03  1.17662922e-02  1.18672734e-06  6.54497094e-07  5.51103422e-07  1.76657500e-04
  5.23532453e-07  6.08720719e-07  1.05744641e-06  1.73041641e-06  1.73064641e-06  8.99913172e-04  1.03188375e-02  1.05744641e-06  6.08720719e-07  5.23532453e-07  1.49177547e-04
  4.92603641e-07  5.62655766e-07  9.40586484e-07  1.50738859e-06  1.50757844e-06  7.76280172e-04  9.03885859e-03  9.40586484e-07  5.62655766e-07  4.92603641e-07  1.26107891e-04
  4.59692984e-07  5.17183187e-07  8.35156672e-07  1.31204047e-06  1.31219031e-06  6.68931562e-04  7.90839547e-03  8.35156672e-07  5.17183187e-07  4.59692984e-07  1.06692406e-04
  4.25895453e-07  4.72978938e-07  7.40230906e-07  1.14105187e-06  1.14117172e-06  5.75827828e-04  6.91126859e-03  7.40230906e-07  4.72978938e-07  4.25895453e-07  9.03185500e-05
  3.92066141e-07  4.30545016e-07  6.54937250e-07  9.91476125e-07  9.91574078e-07  4.95172500e-04  6.03291797e-03  6.54937250e-07  4.30545016e-07  3.92066141e-07  7.64870938e-05
  3.58885953e-07  3.90285375e-07  5.78601672e-07  8.61035141e-07  8.61113109e-07  4.25547266e-04  5.26185422e-03  5.78601672e-07  3.90285375e-07  3.58885953e-07  6.48203062e-05
  3.26847922e-07  3.52420984e-07  5.10338188e-07  7.47182000e-07  7.47243984e-07  3.65405625e-04  4.58480750e-03  5.10338188e-07  3.52420984e-07  3.26847922e-07  5.49484688e-05
  0.00000000e+00  0.00000000e+00  4.21095609e-06  1.05263906e-05  1.05283906e-05  7.34907234e-03  7.22971141e-02  4.21095609e-06  0.00000000e+00  0.00000000e+00  3.25755469e-03
  0.00000000e+00  0.00000000e+00  3.47113516e-06  8.79797813e-06  8.79964734e-06  6.36515734e-03  6.38165375e-02  3.47113516e-06  0.00000000e+00  0.00000000e+00  2.52307031e-03
  0.00000000e+00  0.00000000e+00  2.93560109e-06  7.44619766e-06  7.44753719e-06  5.53033516e-03  5.64677344e-02  2.93560109e-06  0.00000000e+00  0.00000000e+00  1.97882391e-03
  0.00000000e+00  0.00000000e+00  2.53684953e-06  6.36453563e-06  6.36562531e-06  4.81324969e-03  5.00264125e-02  2.53684953e-06  0.00000000e+00  0.00000000e+00  1.56796437e-03
  0.00000000e+00  5.93141594e-08  2.22885672e-06  5.48273953e-06  5.48362922e-06  4.19485750e-03  4.43609719e-02  2.22885672e-06  5.93141594e-08  0.00000000e+00  1.25459391e-03
  0.00000000e+00  1.35334891e-07  1.98436156e-06  4.75753859e-06  4.75826813e-06  3.66284687e-03  3.93886141e-02  1.98436156e-06  1.35334891e-07  0.00000000e+00  1.01531766e-03
  0.00000000e+00  2.04017047e-07  1.78244359e-06  4.14977250e-06  4.15037219e-06  3.20211453e-03  3.50000406e-02  1.78244359e-06  2.04017047e-07  0.00000000e+00  8.29173562e-04
  0.00000000e+00  2.50441406e-07  1.64617141e-06  3.73951828e-06  3.74001812e-06  2.88454953e-03  3.19286312e-02  1.64617141e-06  2.50441406e-07  0.00000000e+00  7.11078984e-04
  1.92676406e-08  2.59956750e-07  1.60851297e-06  3.63110203e-06  3.63158188e-06  2.80101859e-03  3.11098563e-02  1.60851297e-06  2.59956750e-07  1.92676406e-08  6.82007375e-04
  1.09968656e-07  3.07940391e-07  1.44799094e-06  3.15786906e-06  3.15825906e-06  2.42789797e-03  2.74234672e-02  1.44799094e-06  3.07940391e-07  1.09968656e-07  5.56438312e-04
  1.81793625e-07  3.44397984e-07  1.30782672e-06  2.75282281e-06  2.75313281e-06  2.10342125e-03  2.41559672e-02  1.30782672e-06  3.44397984e-07  1.81793625e-07  4.56861578e-04
  2.35089250e-07  3.68355719e-07  1.18182094e-06  2.40189375e-06  2.40215359e-06  1.82067734e-03  2.12554563e-02  1.18182094e-06  3.68355719e-07  2.35089250e-07  3.76975922e-04
  2.72421906e-07  3.81391891e-07  1.06761375e-06  2.09683234e-06  2.09703234e-06  1.57446469e-03  1.86827391e-02  1.06761375e-06  3.81391891e-07  2.72421906e-07  3.12437453e-04
  2.96229875e-07  3.85163687e-07  9.63717922e-07  1.83146922e-06  1.83162922e-06  1.36062266e-03  1.64068109e-02  9.63717922e-07  3.85163687e-07  2.96229875e-07  2.60059563e-04
  3.09047391e-07  3.81465344e-07  8.68900297e-07  1.59998484e-06  1.60011469e-06  1.17488031e-03  1.43937781e-02  8.68900297e-07  3.81465344e-07  3.09047391e-07  2.17201844e-04
  3.13133672e-07  3.71938891e-07  7.82180203e-07  1.39748922e-06  1.39759906e-06  1.01345641e-03  1.26131359e-02  7.82180203e-07  3.71938891e-07  3.13133672e-07  1.81859875e-04
  3.10349797e-07  3.57955500e-07  7.02866781e-07  1.22019266e-06  1.22027266e-06  8.73294266e-04  1.10396891e-02  7.02866781e-07  3.57955500e-07  3.10349797e-07  1.52573500e-04
  3.02293859e-07  3.40710172e-07  6.30384156e-07  1.06486563e-06  1.06492563e-06  7.51722250e-04  9.65100703e-03  6.30384156e-07  3.40710172e-07  3.02293859e-07  1.28206516e-04
  2.90320937e-07  3.21213969e-07  5.64236375e-07  9.28742984e-07  9.28797953e-07  6.46386641e-04  8.42696938e-03  5.64236375e-07  3.21213969e-07  2.90320937e-07  1.07860828e-04
  2.75564063e-07  3.00315875e-07  5.03980484e-07  8.09454922e-07  8.09498891e-07  5.55220797e-04  7.34939734e-03  5.03980484e-07  3.00315875e-07  2.75564063e-07  9.08264203e-05
  2.58957250e-07  2.78707922e-07  4.49205547e-07  7.04933500e-07  7.04967500e-07  4.76405187e-04  6.40199109e-03  4.49205547e-07  2.78707922e-07  2.58957250e-07  7.65309641e-05
  2.41260500e-07  2.56951094e-07  3.99529578e-07  6.13381828e-07  6.13408828e-07  4.08346266e-04  5.57011109e-03  3.99529578e-07  2.56951094e-07  2.41260500e-07  6.45127125e-05
  2.23077844e-07  2.35484375e-07  3.54587594e-07  5.33229937e-07  5.33251938e-07  3.49641562e-04  4.84061766e-03  3.54587594e-07  2.35484375e-07  2.23077844e-07  5.43950297e-05
  2.04886266e-07  2.14644766e-07  3.14032594e-07  4.63104875e-07  4.63122844e-07  2.99065625e-04  4.20175125e-03  3.14032594e-07  2.14644766e-07  2.04886266e-07  4.58686969e-05
  1.87063750e-07  1.94700250e-07  2.77596609e-07  4.01935641e-07  4.01948641e-07  2.55649172e-04  3.64424203e-03  2.77596609e-07  1.94700250e-07  1.87063750e-07  3.86981000e-05
  1.69882313e-07  1.75821828e-07  2.44909609e-07  3.48534297e-07  3.48545297e-07  2.18353719e-04  3.15756062e-03  2.44909609e-07  1.75821828e-07  1.69882313e-07  3.26513297e-05
  0.00000000e+00  0.00000000e+00  1.98838812e-06  4.97078516e-06  4.97117500e-06  4.79886469e-03  5.53059344e-02  1.98838812e-06  0.00000000e+00  0.00000000e+00  1.87723953e-03
  0.00000000e+00  0.00000000e+00  1.58642625e-06  4.08607828e-06  4.08638813e-06  4.13268172e-03  4.85257359e-02  1.58642625e-06  0.00000000e+00  0.00000000e+00  1.45398625e-03
  0.00000000e+00  0.00000000e+00  1.30445125e-06  3.40799516e-06  3.40824516e-06  3.57074125e-03  4.26867141e-02  1.30445125e-06  0.00000000e+00  0.00000000e+00  1.14218734e-03
  0.00000000e+00  0.00000000e+00  1.10389922e-06  2.87805328e-06  2.87825313e-06  3.09075766e-03  3.75995734e-02  1.10389922e-06  0.00000000e+00  0.00000000e+00  9.07387453e-04
  0.00000000e+00  0.00000000e+00  9.56234719e-07  2.45529031e-06  2.45545031e-06  2.67914687e-03  3.31518141e-02  9.56234719e-07  0.00000000e+00  0.00000000e+00  7.28427562e-04
  0.00000000e+00  0.00000000e+00  8.44537594e-07  2.11456531e-06  2.11469531e-06  2.32705703e-03  2.92720391e-02  8.44537594e-07  0.00000000e+00  0.00000000e+00  5.91613437e-04
  0.00000000e+00  3.74564375e-08  7.56038359e-07  1.83385813e-06  1.83396797e-06  2.02381469e-03  2.58678516e-02  7.56038359e-07  3.74564375e-08  0.00000000e+00  4.84898328e-04
  0.00000000e+00  6.55168375e-08  6.98006844e-07  1.64669656e-06  1.64678656e-06  1.81573469e-03  2.34968297e-02  6.98006844e-07  6.55168375e-08  0.00000000e+00  4.16983453e-04
  9.32661734e-09  7.18042156e-08  6.82159922e-07  1.59764875e-06  1.59773859e-06  1.76121797e-03  2.28674500e-02  6.82159922e-07  7.18042156e-08  9.32661734e-09  4.00234406e-04
  5.36037281e-08  1.02910141e-07  6.15685719e-07  1.38481797e-06  1.38488797e-06  1.51827687e-03  2.00409453e-02  6.15685719e-07  1.02910141e-07  5.36037281e-08  3.27788969e-04
  8.93477969e-08  1.28050328e-07  5.58690484e-07  1.20462563e-06  1.20467578e-06  1.30819922e-03  1.75509313e-02  5.58690484e-07  1.28050328e-07  8.93477969e-08  2.69998047e-04
  1.16294031e-07  1.46457062e-07  5.07790391e-07  1.04977188e-06  1.04981188e-06  1.12618281e-03  1.53539094e-02  5.07790391e-07  1.46457062e-07  1.16294031e-07  2.23329859e-04
  1.35440266e-07  1.58753422e-07  4.61645625e-07  9.15966906e-07  9.16000891e-07  9.68569984e-04  1.34171766e-02  4.61645625e-07  1.58753422e-07  1.35440266e-07  1.85388906e-04
  1.47830234e-07  1.65689562e-07  4.19453313e-07  8.00084938e-07  8.00111937e-07  8.32466719e-04  1.17142375e-02  4.19453313e-07  1.65689562e-07  1.47830234e-07  1.54414859e-04
  1.54640016e-07  1.68169531e-07  3.80617609e-07  6.99278219e-07  6.99300203e-07  7.14919937e-04  1.02172922e-02  3.80617609e-07  1.68169531e-07  1.54640016e-07  1.28945438e-04
  1.56960687e-07  1.67063406e-07  3.44731594e-07  6.11224891e-07  6.11241875e-07  6.13332734e-04  8.90117063e-03  3.44731594e-07  1.67063406e-07  1.56960687e-07  1.07859422e-04
  1.55713328e-07  1.63121250e-07  3.11541375e-07  5.34165062e-07  5.34179047e-07  5.25623375e-04  7.74525406e-03  3.11541375e-07  1.63121250e-07  1.55713328e-07  9.03356078e-05
  1.51709937e-07  1.57014047e-07  2.80863969e-07  4.66633844e-07  4.66643844e-07  4.49975109e-04  6.73132234e-03  2.80863969e-07  1.57014047e-07  1.51709937e-07  7.57279125e-05
  1.45648563e-07  1.49323859e-07  2.52555453e-07  4.07398328e-07  4.07406328e-07  3.84800312e-04  5.84303641e-03  2.52555453e-07  1.49323859e-07  1.45648563e-07  6.35218625e-05
  1.38120203e-07  1.40546687e-07  2.26496813e-07  3.55416547e-07  3.55423547e-07  3.28710437e-04  5.06581656e-03  2.26496813e-07  1.40546687e-07  1.38120203e-07  5.33036188e-05
  1.29615859e-07  1.31096531e-07  2.02577141e-07  3.09794563e-07  3.09799563e-07  2.80494937e-04  4.38667328e-03  2.02577141e-07  1.31096531e-07  1.29615859e-07  4.47378453e-05
  1.20536578e-07  1.21312375e-07  1.80692391e-07  2.69760422e-07  2.69764422e-07  2.39094344e-04  3.79400688e-03  1.80692391e-07  1.21312375e-07  1.20536578e-07  3.75501234e-05
  1.11206312e-07  1.11464250e-07  1.60737609e-07  2.34646141e-07  2.34649141e-07  2.03588203e-04  3.27748766e-03  1.60737609e-07  1.11464250e-07  1.11206312e-07  3.15147375e-05
  1.01876094e-07  1.01763172e-07  1.42605797e-07  2.03867734e-07  2.03870719e-07  1.73171172e-04  2.82793594e-03  1.42605797e-07  1.01763172e-07  1.01876094e-07  2.64449750e-05
  9.27466016e-08  9.23796906e-08  1.26216953e-07  1.76972234e-07  1.76974234e-07  1.47211906e-04  2.43808219e-03  1.26216953e-07  9.23796906e-08  9.27466016e-08  2.21974297e-05
  8.39631406e-08  8.34287297e-08  1.11440078e-07  1.53454672e-07  1.53456656e-07  1.25040078e-04  2.09988609e-03  1.11440078e-07  8.34287297e-08  8.39631406e-08  1.86306969e-05
  0.00000000e+00  0.00000000e+00  8.69286234e-07  2.17318813e-06  2.17324797e-06  3.00195453e-03  4.10046547e-02  8.69286234e-07  0.00000000e+00  0.00000000e+00  1.01514203e-03
  0.00000000e+00  0.00000000e+00  6.64762016e-07  1.75009109e-06  1.75014094e-06  2.56992406e-03  3.57464344e-02  6.64762016e-07  0.00000000e+00  0.00000000e+00  7.89790516e-04
  0.00000000e+00  0.00000000e+00  5.25683594e-07  1.43287734e-06  1.43291734e-06  2.20766453e-03  3.12480906e-02  5.25683594e-07  0.00000000e+00  0.00000000e+00  6.24100906e-04
  0.00000000e+00  0.00000000e+00  4.31576719e-07  1.19161531e-06  1.19164531e-06  1.90005969e-03  2.73541281e-02  4.31576719e-07  0.00000000e+00  0.00000000e+00  4.99031312e-04
  0.00000000e+00  0.00000000e+00  3.66183688e-07  1.00412328e-06  1.00415313e-06  1.63778609e-03  2.39712484e-02  3.66183688e-07  0.00000000e+00  0.00000000e+00  4.03286750e-04
  0.00000000e+00  0.00000000e+00  3.19838656e-07  8.56816594e-07  8.56834578e-07  1.41476156e-03  2.10395547e-02  3.19838656e-07  0.00000000e+00  0.00000000e+00  3.29610203e-04
  0.00000000e+00  0.00000000e+00  2.85323250e-07  7.38119953e-07  7.38133953e-07  1.22376297e-03  1.84833484e-02  2.85323250e-07  0.00000000e+00  0.00000000e+00  2.71700094e-04
  3.04931250e-20  0.00000000e+00  2.63716719e-07  6.60259266e-07  6.60271266e-07  1.09331031e-03  1.67120156e-02  2.63716719e-07  0.00000000e+00  3.04931250e-20  2.34591359e-04
  4.20399156e-09  3.16023328e-09  2.57929313e-07  6.40077359e-07  6.40088359e-07  1.05927812e-03  1.62439328e-02  2.57929313e-07  3.16023328e-09  4.20399156e-09  2.25396297e-04
  2.43897297e-08  2.17370828e-08  2.34316047e-07  5.53180203e-07  5.53189203e-07  9.07967109e-04  1.41476125e-02  2.34316047e-07  2.17370828e-08  2.43897297e-08  1.85518906e-04
  4.10991172e-08  3.73779281e-08  2.14688281e-07  4.80650203e-07  4.80657203e-07  7.77899594e-04  1.23129813e-02  2.14688281e-07  3.73779281e-08  4.10991172e-08  1.53399844e-04
  5.39493250e-08  4.95648281e-08  1.97317063e-07  4.18942484e-07  4.18948469e-07  6.65858172e-04  1.07046438e-02  1.97317063e-07  4.95648281e-08  5.39493250e-08  1.27217734e-04
  6.32394938e-08  5.84985266e-08  1.81498484e-07  3.65995156e-07  3.65999156e-07  5.69411750e-04  9.29594016e-03  1.81498484e-07  5.84985266e-08  6.32394938e-08  1.05753266e-04
  6.93582672e-08  6.44913688e-08  1.66827641e-07  3.20329344e-07  3.20332344e-07  4.86618500e-04  8.06551937e-03  1.66827641e-07  6.44913688e-08  6.93582672e-08  8.81072516e-05
  7.28019781e-08  6.79748969e-08  1.53054547e-07  2.80672125e-07  2.80674141e-07  4.15535437e-04  6.99103281e-03  1.53054547e-07  6.79748969e-08  7.28019781e-08  7.35173563e-05
  7.40614531e-08  6.93899422e-08  1.40043281e-07  2.46021609e-07  2.46023609e-07  3.54460719e-04  6.05239141e-03  1.40043281e-07  6.93899422e-08  7.40614531e-08  6.13906781e-05
  7.35665141e-08  6.91292281e-08  1.27734891e-07  2.15643813e-07  2.15644828e-07  3.02038625e-04  5.23338531e-03  1.27734891e-07  6.91292281e-08  7.35665141e-08  5.12878453e-05
  7.17052734e-08  6.75523703e-08  1.16109359e-07  1.88942828e-07  1.88943828e-07  2.57089578e-04  4.51965531e-03  1.16109359e-07  6.75523703e-08  7.17052734e-08  4.28566156e-05
  6.88184375e-08  6.49782844e-08  1.05161766e-07  1.65435656e-07  1.65436656e-07  2.18590953e-04  3.89844172e-03  1.05161766e-07  6.49782844e-08  6.88184375e-08  3.58120594e-05
  6.51984125e-08  6.16828766e-08  9.48973078e-08  1.44718359e-07  1.44719359e-07  1.85653281e-04  3.35847484e-03  9.48973078e-08  6.16828766e-08  6.51984125e-08  2.99217500e-05
  6.10904000e-08  5.78994563e-08  8.53214859e-08  1.26453938e-07  1.26454922e-07  1.57507094e-04  2.88972531e-03  8.53214859e-08  5.78994563e-08  6.10904000e-08  2.49943750e-05
  5.66962016e-08  5.38213234e-08  7.64343219e-08  1.10353422e-07  1.10354406e-07  1.33481984e-04  2.48336313e-03  7.64343219e-08  5.38213234e-08  5.66962016e-08  2.08719219e-05
  5.21780188e-08  4.96046828e-08  6.82301203e-08  9.61682266e-08  9.61685266e-08  1.12998609e-04  2.13153875e-03  6.82301203e-08  4.96046828e-08  5.21780188e-08  1.74229844e-05
  4.76634484e-08  4.53732359e-08  6.06965875e-08  8.36813688e-08  8.36815688e-08  9.55565109e-05  1.82735234e-03  6.06965875e-08  4.53732359e-08  4.76634484e-08  1.45379594e-05
  4.32531906e-08  4.12250844e-08  5.38255313e-08  7.27259547e-08  7.27261547e-08  8.07602391e-05  1.56534422e-03  5.38255313e-08  4.12250844e-08  4.32531906e-08  1.21323422e-05
  3.90196422e-08  3.72317266e-08  4.75840547e-08  6.31124969e-08  6.31126953e-08  6.81976219e-05  1.33955469e-03  4.75840547e-08  3.72317266e-08  3.90196422e-08  1.01225297e-05
  0.00000000e+00  0.00000000e+00  3.46259797e-07  8.65645500e-07  8.65651500e-07  1.78836578e-03  2.92836688e-02  3.46259797e-07  0.00000000e+00  0.00000000e+00  5.08692828e-04
  0.00000000e+00  0.00000000e+00  2.50034219e-07  6.79063063e-07  6.79068047e-07  1.52153469e-03  2.53511203e-02  2.50034219e-07  0.00000000e+00  0.00000000e+00  4.00333750e-04
  0.00000000e+00  0.00000000e+00  1.86451641e-07  5.42385984e-07  5.42389000e-07  1.29919094e-03  2.20107500e-02  1.86451641e-07  0.00000000e+00  0.00000000e+00  3.20221953e-04
  0.00000000e+00  0.00000000e+00  1.45645719e-07  4.41633172e-07  4.41636172e-07  1.11152875e-03  1.91391641e-02  1.45645719e-07  0.00000000e+00  0.00000000e+00  2.59069687e-04
  0.00000000e+00  0.00000000e+00  1.19226453e-07  3.65837641e-07  3.65839641e-07  9.52478266e-04  1.66614641e-02  1.19226453e-07  0.00000000e+00  0.00000000e+00  2.11641187e-04
  0.00000000e+00  0.00000000e+00  1.02167344e-07  3.08251953e-07  3.08253953e-07  8.18064891e-04  1.45292516e-02  1.02167344e-07  0.00000000e+00  0.00000000e+00  1.74593406e-04
  0.00000000e+00  0.00000000e+00  9.07247094e-08  2.63261906e-07  2.63263891e-07  7.03632250e-04  1.26827281e-02  9.07247094e-08  0.00000000e+00  0.00000000e+00  1.45042375e-04
  1.06725938e-18  0.00000000e+00  8.41851516e-08  2.34436938e-07  2.34437938e-07  6.25851312e-04  1.14102813e-02  8.41851516e-08  0.00000000e+00  1.06725938e-18  1.25878062e-04
  1.72600844e-09  0.00000000e+00  8.25049703e-08  2.27084453e-07  2.27085453e-07  6.05645156e-04  1.10756953e-02  8.25049703e-08  0.00000000e+00  1.72600844e-09  1.21090547e-04
  1.01492641e-08  0.00000000e+00  7.60697953e-08  1.95786766e-07  1.95787766e-07  5.16036250e-04  9.58137875e-03  7.60697953e-08  0.00000000e+00  1.01492641e-08  1.00242437e-04
  1.73650578e-08  5.05107313e-09  7.11126828e-08  1.70204688e-07  1.70205672e-07  4.39482953e-04  8.28279469e-03  7.11126828e-08  5.05107313e-09  1.73650578e-08  8.32180078e-05
  2.30614062e-08  1.21875516e-08  6.68123609e-08  1.48749281e-07  1.48750266e-07  3.73940937e-04  7.15235375e-03  6.68123609e-08  1.21875516e-08  2.30614062e-08  6.91733281e-05
  2.72717156e-08  1.77040125e-08  6.28245625e-08  1.30505578e-07  1.30505578e-07  3.17865281e-04  6.16915703e-03  6.28245625e-08  1.77040125e-08  2.72717156e-08  5.75462625e-05
  3.01057000e-08  2.17139844e-08  5.89620172e-08  1.14833672e-07  1.14833672e-07  2.70026172e-04  5.31647500e-03  5.89620172e-08  2.17139844e-08  3.01057000e-08  4.79150141e-05
  3.17473672e-08  2.44091844e-08  5.51338516e-08  1.01220547e-07  1.01220563e-07  2.29206797e-04  4.57709844e-03  5.51338516e-08  2.44091844e-08  3.17473672e-08  3.99101125e-05
  3.23972281e-08  2.59995281e-08  5.13129922e-08  8.92828891e-08  8.92830875e-08  1.94348437e-04  3.93571750e-03  5.13129922e-08  2.59995281e-08  3.23972281e-08  3.32355078e-05
  3.22401844e-08  2.66782297e-08  4.75080547e-08  7.87524969e-08  7.87525969e-08  1.64610500e-04  3.38000313e-03  4.75080547e-08  2.66782297e-08  3.22401844e-08  2.76668703e-05
  3.14489422e-08  2.66266953e-08  4.37456594e-08  6.94242016e-08  6.94242031e-08  1.39268437e-04  2.89911562e-03  4.37456594e-08  2.66266953e-08  3.14489422e-08  2.30199781e-05
  3.01788031e-08  2.60086359e-08  4.00604094e-08  6.11379234e-08  6.11379234e-08  1.17696781e-04  2.48351516e-03  4.00604094e-08  2.60086359e-08  3.01788031e-08  1.91429156e-05
  2.85650687e-08  2.49678531e-08  3.64873219e-08  5.37664750e-08  5.37665734e-08  9.93552234e-05  2.12481234e-03  3.64873219e-08  2.49678531e-08  2.85650687e-08  1.59092750e-05
  2.67225406e-08  2.36269531e-08  3.30585984e-08  4.72060656e-08  4.72060672e-08  8.37782875e-05  1.81564703e-03  3.30585984e-08  2.36269531e-08  2.67225406e-08  1.32136469e-05
  2.47462172e-08  2.20883406e-08  2.98008484e-08  4.13695125e-08  4.13695125e-08  7.05648500e-05  1.54952000e-03  2.98008484e-08  2.20883406e-08  2.47462172e-08  1.09678281e-05
  2.27126984e-08  2.04357156e-08  2.67344750e-08  3.61824188e-08  3.61825172e-08  5.93696156e-05  1.32075125e-03  2.67344750e-08  2.04357156e-08  2.27126984e-08  9.09799641e-06
  2.06820859e-08  1.87356781e-08  2.38732828e-08  3.15796906e-08  3.15796906e-08  4.98957328e-05  1.12437094e-03  2.38732828e-08  1.87356781e-08  2.06820859e-08  7.54230859e-06
  1.87018750e-08  1.70406344e-08  2.12289750e-08  2.75115359e-08  2.75116344e-08  4.19101953e-05  9.56458344e-04  2.12289750e-08  1.70406344e-08  1.87018750e-08  6.25272375e-06
  1.68056672e-08  1.53902844e-08  1.88016531e-08  2.39187562e-08  2.39187562e-08  3.51728828e-05  8.12795594e-04  1.88016531e-08  1.53902844e-08  1.68056672e-08  5.18190047e-06
  0.00000000e+00  0.00000000e+00  1.22447375e-07  3.06117469e-07  3.06117469e-07  1.00482656e-03  1.99474609e-02  1.22447375e-07  0.00000000e+00  0.00000000e+00  2.31507375e-04
  0.00000000e+00  0.00000000e+00  8.14113953e-08  2.31812516e-07  2.31812516e-07  8.49362437e-04  1.71369844e-02  8.14113953e-08  0.00000000e+00  0.00000000e+00  1.86425594e-04
  0.00000000e+00  0.00000000e+00  5.48949000e-08  1.78608906e-07  1.78608906e-07  7.20650969e-04  1.47681891e-02  5.48949000e-08  0.00000000e+00  0.00000000e+00  1.52351016e-04
  0.00000000e+00  0.00000000e+00  3.87557234e-08  1.40763031e-07  1.40763031e-07  6.12696328e-04  1.27472797e-02  3.87557234e-08  0.00000000e+00  0.00000000e+00  1.25579234e-04
  0.00000000e+00  0.00000000e+00  2.91681313e-08  1.13442406e-07  1.13442406e-07  5.21773703e-04  1.10165578e-02  2.91681313e-08  0.00000000e+00  0.00000000e+00  1.04212297e-04
  0.00000000e+00  0.00000000e+00  2.38007500e-08  9.36435719e-08  9.36435719e-08  4.45427234e-04  9.53860641e-03  2.38007500e-08  0.00000000e+00  0.00000000e+00  8.70411625e-05
  0.00000000e+00  0.00000000e+00  2.08982422e-08  7.88923094e-08  7.88923109e-08  3.80830672e-04  8.26810547e-03  2.08982422e-08  0.00000000e+00  0.00000000e+00  7.29989687e-05
  6.40356609e-19  0.00000000e+00  1.96249063e-08  6.98006719e-08  6.98006719e-08  3.37145797e-04  7.39783641e-03  1.96249063e-08  0.00000000e+00  6.40356609e-19  6.37238594e-05
  6.17782953e-10  0.00000000e+00  1.93487563e-08  6.75466969e-08  6.75466969e-08  3.25848219e-04  7.17022703e-03  1.93487563e-08  0.00000000e+00  6.17782953e-10  6.13790359e-05
  3.71356984e-09  0.00000000e+00  1.85783188e-08  5.81364859e-08  5.81364859e-08  2.75878109e-04  6.15694531e-03  1.85783188e-08  0.00000000e+00  3.71356984e-09  5.11090328e-05
  6.50773344e-09  0.00000000e+00  1.82754781e-08  5.07289156e-08  5.07289156e-08  2.33465469e-04  5.28315734e-03  1.82754781e-08  0.00000000e+00  6.50773344e-09  4.25748328e-05
  8.79816391e-09  3.50677609e-10  1.80807453e-08  4.46759078e-08  4.46759078e-08  1.97385219e-04  4.52829422e-03  1.80807453e-08  3.50677609e-10  8.79816391e-09  3.54364328e-05
  1.05437000e-08  3.32458094e-09  1.78375328e-08  3.96068797e-08  3.96068797e-08  1.66715578e-04  3.87677625e-03  1.78375328e-08  3.32458094e-09  1.05437000e-08  2.94663687e-05
  1.17537922e-08  5.59291922e-09  1.74648531e-08  3.52728516e-08  3.52728516e-08  1.40722859e-04  3.31614406e-03  1.74648531e-08  5.59291922e-09  1.17537922e-08  2.44865953e-05
  1.24820812e-08  7.23206016e-09  1.69352172e-08  3.14899438e-08  3.14899438e-08  1.18687453e-04  2.83374844e-03  1.69352172e-08  7.23206016e-09  1.24820812e-08  2.03310844e-05
  1.27995703e-08  8.33332078e-09  1.62535375e-08  2.81338672e-08  2.81338672e-08  9.99926516e-05  2.41848953e-03  1.62535375e-08  8.33332078e-09  1.27995703e-08  1.68606109e-05
  1.27769609e-08  8.98392688e-09  1.54402203e-08  2.51245359e-08  2.51245359e-08  8.41473734e-05  2.06146766e-03  1.54402203e-08  8.98392688e-09  1.27769609e-08  1.39660625e-05
  1.24838531e-08  9.26805281e-09  1.45237734e-08  2.24073594e-08  2.24073594e-08  7.07324141e-05  1.75489359e-03  1.45237734e-08  9.26805281e-09  1.24838531e-08  1.15552328e-05
  1.19850469e-08  9.26302250e-09  1.35356016e-08  1.99444453e-08  1.99444453e-08  5.93879031e-05  1.49198734e-03  1.35356016e-08  9.26302250e-09  1.19850469e-08  9.55020469e-06
  1.13376438e-08  9.03748844e-09  1.25060078e-08  1.77087000e-08  1.77087000e-08  4.98055234e-05  1.26682922e-03  1.25060078e-08  9.03748844e-09  1.13376438e-08  7.88502328e-06
  1.05911406e-08  8.65057313e-09  1.14624000e-08  1.56800297e-08  1.56800297e-08  4.17212906e-05  1.07426953e-03  1.14624000e-08  8.65057313e-09  1.05911406e-08  6.50394688e-06
  9.78658937e-09  8.15196859e-09  1.04281766e-08  1.38426375e-08  1.38426375e-08  3.49092594e-05  9.09812344e-04  1.04281766e-08  8.15196859e-09  9.78658937e-09  5.35997312e-06
  8.95712984e-09  7.58241578e-09  9.42253109e-09  1.21827281e-08  1.21827281e-08  2.91762109e-05  7.69550953e-04  9.42253109e-09  7.58241578e-09  8.95712984e-09  4.41351156e-06
  8.12890141e-09  6.97454656e-09  8.46000594e-09  1.06882047e-08  1.06882047e-08  2.43570625e-05  6.50092484e-04  8.46000594e-09  6.97454656e-09  8.12890141e-09  3.63134094e-06
  7.32233406e-09  6.35398141e-09  7.55242234e-09  9.35008875e-09  9.35008875e-09  2.03227594e-05  5.48762094e-04  7.55242234e-09  6.35398141e-09  7.32233406e-09  2.98760094e-06
  6.55189703e-09  5.74059141e-09  6.70645156e-09  8.15523219e-09  8.15523219e-09  1.69419469e-05  4.62752891e-04  6.70645156e-09  5.74059141e-09  6.55189703e-09  2.45694172e-06
  0.00000000e+00  0.00000000e+00  3.74620844e-08  9.36552109e-08  9.36551109e-08  5.29782250e-04  1.28371219e-02  3.74620844e-08  0.00000000e+00  0.00000000e+00  9.37985531e-05
  0.00000000e+00  0.00000000e+00  2.18713141e-08  6.74157641e-08  6.74156641e-08  4.44708734e-04  1.09353172e-02  2.18713141e-08  0.00000000e+00  0.00000000e+00  7.87905406e-05
  0.00000000e+00  0.00000000e+00  1.18750734e-08  4.89607625e-08  4.89606641e-08  3.74761578e-04  9.34616656e-03  1.18750734e-08  0.00000000e+00  0.00000000e+00  6.66655641e-05
  0.00000000e+00  0.00000000e+00  6.05854813e-09  3.63299188e-08  3.63299188e-08  3.16487094e-04  8.00158484e-03  6.05854813e-09  0.00000000e+00  0.00000000e+00  5.64653266e-05
  0.00000000e+00  0.00000000e+00  2.92734063e-09  2.76854031e-08  2.76854031e-08  2.67734953e-04  6.85960328e-03  2.92734063e-09  0.00000000e+00  0.00000000e+00  4.78363094e-05
  0.00000000e+00  0.00000000e+00  1.53628047e-09  2.18520031e-08  2.18520031e-08  2.27077703e-04  5.89267344e-03  1.53628047e-09  0.00000000e+00  0.00000000e+00  4.05484531e-05
  0.00000000e+00  0.00000000e+00  1.14912547e-09  1.78525641e-08  1.78525641e-08  1.92903547e-04  5.06820672e-03  1.14912547e-09  0.00000000e+00  0.00000000e+00  3.43568500e-05
  4.23517187e-21  0.00000000e+00  1.23268234e-09  1.55714875e-08  1.55714875e-08  1.69917641e-04  4.50721641e-03  1.23268234e-09  0.00000000e+00  4.23517187e-21  3.01621641e-05
  1.77270156e-10  0.00000000e+00  1.29728297e-09  1.50421719e-08  1.50421719e-08  1.64002062e-04  4.36136406e-03  1.29728297e-09  0.00000000e+00  1.77270156e-10  2.90851797e-05
  1.11532594e-09  0.00000000e+00  1.76532094e-09  1.29263453e-08  1.29262469e-08  1.37906953e-04  3.71428875e-03  1.76532094e-09  0.00000000e+00  1.11532594e-09  2.43364437e-05
  2.04680500e-09  0.00000000e+00  2.35719781e-09  1.14154578e-08  1.14154578e-08  1.15913219e-04  3.16104859e-03  2.35719781e-09  0.00000000e+00  2.04680500e-09  2.03115313e-05
  2.85948797e-09  0.00000000e+00  2.92830844e-09  1.02706188e-08  1.02706188e-08  9.73303891e-05  2.68712453e-03  2.92830844e-09  0.00000000e+00  2.85948797e-09  1.68982938e-05
  3.50900297e-09  0.00000000e+00  3.41106734e-09  9.35462656e-09  9.35462656e-09  8.16433031e-05  2.28153688e-03  3.41106734e-09  0.00000000e+00  3.50900297e-09  1.40183062e-05
  3.97959891e-09  5.66790625e-10  3.77193891e-09  8.57964547e-09  8.57965531e-09  6.84411984e-05  1.93551609e-03  3.77193891e-09  5.66790625e-10  3.97959891e-09  1.16043531e-05
  4.27891609e-09  1.41353844e-09  4.00355828e-09  7.88858313e-09  7.88858313e-09  5.73273719e-05  1.64033266e-03  4.00355828e-09  1.41353844e-09  4.27891609e-09  9.58674094e-06
  4.42653437e-09  2.02420844e-09  4.11401922e-09  7.24872531e-09  7.24872547e-09  4.79633859e-05  1.38836703e-03  4.11401922e-09  2.02420844e-09  4.42653437e-09  7.90322203e-06
  4.44538375e-09  2.43417750e-09  4.11778516e-09  6.64318703e-09  6.64318703e-09  4.00820969e-05  1.17357922e-03  4.11778516e-09  2.43417750e-09  4.44538375e-09  6.50297141e-06
  4.36001406e-09  2.67868703e-09  4.03290875e-09  6.06424125e-09  6.06424125e-09  3.34563016e-05  9.90711766e-04  4.03290875e-09  2.67868703e-09  4.36001406e-09  5.34169609e-06
  4.19428516e-09  2.79075906e-09  3.87829203e-09  5.50958172e-09  5.50958172e-09  2.78925375e-05  8.35229828e-04  3.87829203e-09  2.79075906e-09  4.19428516e-09  4.38110391e-06
  3.96999719e-09  2.80006484e-09  3.67200703e-09  4.97992016e-09  4.97992016e-09  2.32262750e-05  7.03217578e-04  3.67200703e-09  2.80006484e-09  3.96999719e-09  3.58835359e-06
  3.70621969e-09  2.73240516e-09  3.43034469e-09  4.47725906e-09  4.47725906e-09  1.93175203e-05  5.91287203e-04  3.43034469e-09  2.73240516e-09  3.70621969e-09  2.93545438e-06
  3.41898266e-09  2.60956109e-09  3.16729656e-09  4.00389984e-09  4.00390000e-09  1.60474969e-05  4.96517875e-04  3.16729656e-09  2.60956109e-09  3.41898266e-09  2.39870578e-06
  3.12131594e-09  2.44949313e-09  2.89443359e-09  3.56185422e-09  3.56185422e-09  1.33151609e-05  4.16391703e-04  2.89443359e-09  2.44949313e-09  3.12131594e-09  1.95814734e-06
  2.82346937e-09  2.26663203e-09  2.62099641e-09  3.15254281e-09  3.15254281e-09  1.10350797e-05  3.48742813e-04  2.62099641e-09  2.26663203e-09  2.82346937e-09  1.59706875e-06
  2.53343281e-09  2.07225813e-09  2.35425563e-09  2.77725688e-09  2.77725688e-09  9.14047437e-06  2.91868297e-04  2.35425563e-09  2.07225813e-09  2.53343281e-09  1.30244031e-06
  2.25684625e-09  1.87532172e-09  2.09943188e-09  2.43559688e-09  2.43559688e-09  7.56437094e-06  2.44016250e-04  2.09943188e-09  1.87532172e-09  2.25684625e-09  1.06168156e-06
  0.00000000e+00  0.00000000e+00  9.39973844e-09  2.34993703e-08  2.34993703e-08  2.58078453e-04  7.65614500e-03  9.39973844e-09  0.00000000e+00  0.00000000e+00  3.24973812e-05
  0.00000000e+00  0.00000000e+00  4.30296359e-09  1.55817781e-08  1.55817781e-08  2.14988875e-04  6.45957234e-03  4.30296359e-09  0.00000000e+00  0.00000000e+00  2.94669437e-05
  0.00000000e+00  0.00000000e+00  9.62299344e-10  1.00277373e-08  1.00277372e-08  1.79825594e-04  5.46932875e-03  9.62299344e-10  0.00000000e+00  0.00000000e+00  2.63061812e-05
  0.00000000e+00  0.00000000e+00  0.00000000e+00  6.36288484e-09  6.36288469e-09  1.50743875e-04  4.63933656e-03  0.00000000e+00  0.00000000e+00  0.00000000e+00  2.31148031e-05
  0.00000000e+00  0.00000000e+00  0.00000000e+00  4.02178344e-09  4.02178344e-09  1.26591062e-04  3.94095719e-03  0.00000000e+00  0.00000000e+00  0.00000000e+00  2.00729375e-05
  0.00000000e+00  0.00000000e+00  0.00000000e+00  2.61718000e-09  2.61718000e-09  1.06598047e-04  3.35527156e-03  0.00000000e+00  0.00000000e+00  0.00000000e+00  1.72823797e-05
  0.00000000e+00  0.00000000e+00  0.00000000e+00  1.81142578e-09  1.81142578e-09  8.99146141e-05  2.86047078e-03  0.00000000e+00  0.00000000e+00  0.00000000e+00  1.47811516e-05
  0.00000000e+00  0.00000000e+00  0.00000000e+00  1.44393750e-09  1.44393750e-09  7.87591531e-05  2.52632078e-03  0.00000000e+00  0.00000000e+00  0.00000000e+00  1.30328297e-05
  2.97431172e-11  0.00000000e+00  0.00000000e+00  1.37944438e-09  1.37944438e-09  7.59033047e-05  2.44001609e-03  0.00000000e+00  0.00000000e+00  2.97431172e-11  1.25762047e-05
  2.20300078e-10  0.00000000e+00  0.00000000e+00  1.17230141e-09  1.17230141e-09  6.33442391e-05  2.05865891e-03  0.00000000e+00  0.00000000e+00  2.20300078e-10  1.05492062e-05
  4.63038109e-10  0.00000000e+00  0.00000000e+00  1.11736906e-09  1.11736906e-09  5.28391391e-05  1.73572859e-03  0.00000000e+00  0.00000000e+00  4.63038109e-10  8.79830578e-06
  7.03573656e-10  0.00000000e+00  0.00000000e+00  1.13610984e-09  1.13611000e-09  4.40306359e-05  1.46171547e-03  0.00000000e+00  0.00000000e+00  7.03573656e-10  7.29684094e-06
  9.12818781e-10  0.00000000e+00  0.00000000e+00  1.18213672e-09  1.18213672e-09  3.66510984e-05  1.22946000e-03  0.00000000e+00  0.00000000e+00  9.12818781e-10  6.02300172e-06
  1.07576000e-09  0.00000000e+00  2.05595797e-10  1.22724156e-09  1.22724156e-09  3.04886828e-05  1.03324219e-03  2.05595797e-10  0.00000000e+00  1.07576000e-09  4.95412203e-06
  1.18839922e-09  0.00000000e+00  4.43663438e-10  1.25620672e-09  1.25620672e-09  2.53410516e-05  8.67457594e-04  4.43663438e-10  0.00000000e+00  1.18839922e-09  4.06261813e-06
  1.25332906e-09  1.88000141e-10  6.17985063e-10  1.26296391e-09  1.26296391e-09  2.10372094e-05  7.27304516e-04  6.17985063e-10  1.88000141e-10  1.25332906e-09  3.32190734e-06
  1.27601953e-09  3.95019766e-10  7.35645750e-10  1.24658469e-09  1.24658469e-09  1.74430234e-05  6.08974094e-04  7.35645750e-10  3.95019766e-10  1.27601953e-09  2.70948828e-06
  1.26349063e-09  5.35956125e-10  8.05231406e-10  1.20914031e-09  1.20914031e-09  1.44447984e-05  5.09201547e-04  8.05231406e-10  5.35956125e-10  1.26349063e-09  2.20522016e-06
  1.22317203e-09  6.23227828e-10  8.35640734e-10  1.15426156e-09  1.15426156e-09  1.19470594e-05  4.25191031e-04  8.35640734e-10  6.23227828e-10  1.22317203e-09  1.79146234e-06
  1.16219359e-09  6.68162313e-10  8.35351313e-10  1.08612938e-09  1.08613922e-09  9.86874953e-06  3.54555656e-04  8.35351313e-10  6.68162313e-10  1.16219359e-09  1.45298469e-06
  1.08694531e-09  6.80705906e-10  8.11999578e-10  1.00894406e-09  1.00894406e-09  8.14174312e-06  2.95249594e-04  8.11999578e-10  6.80705906e-10  1.08694531e-09  1.17679688e-06
  1.00288734e-09  6.69315938e-10  7.72179969e-10  9.26476484e-10  9.26476484e-10  6.70854141e-06  2.45527906e-04  7.72179969e-10  6.69315938e-10  1.00288734e-09  9.51930859e-07
  9.14513344e-10  6.40998641e-10  7.21394734e-10  8.41989859e-10  8.41989859e-10  5.52071219e-06  2.03903703e-04  7.21394734e-10  6.40998641e-10  9.14513344e-10  7.69188609e-07
  8.25371328e-10  6.01412234e-10  6.64093156e-10  7.58114531e-10  7.58114531e-10  4.53757609e-06  1.69107078e-04  6.64093156e-10  6.01412234e-10  8.25371328e-10  6.20921141e-07
  7.38217234e-10  5.54961812e-10  6.03757422e-10  6.76951797e-10  6.76952781e-10  3.72744125e-06  1.40148047e-04  6.03757422e-10  5.54961812e-10  7.38217234e-10  5.01197438e-07
  6.55007063e-10  5.05218594e-10  5.43122719e-10  5.99979875e-10  5.99979875e-10  3.05909453e-06  1.16025703e-04  5.43122719e-10  5.05218594e-10  6.55007063e-10  4.04368547e-07
  0.00000000e+00  0.00000000e+00  1.78356453e-09  4.45891609e-09  4.45891609e-09  1.14011531e-04  4.11770234e-03  1.78356453e-09  0.00000000e+00  0.00000000e+00  9.07776641e-06
  0.00000000e+00  0.00000000e+00  4.13486266e-10  2.51387297e-09  2.51387297e-09  9.41484250e-05  3.43560625e-03  4.13486266e-10  0.00000000e+00  0.00000000e+00  9.47206875e-06
  0.00000000e+00  0.00000000e+00  0.00000000e+00  1.09834719e-09  1.09834719e-09  7.80762453e-05  2.87740266e-03  0.00000000e+00  0.00000000e+00  0.00000000e+00  9.14307250e-06
  0.00000000e+00  0.00000000e+00  0.00000000e+00  1.82898641e-10  1.82898641e-10  6.48937891e-05  2.41459313e-03  0.00000000e+00  0.00000000e+00  0.00000000e+00  8.40271500e-06
  0.00000000e+00  0.00000000e+00  0.00000000e+00  0.00000000e+00  0.00000000e+00  5.40358453e-05  2.02936859e-03  0.00000000e+00  0.00000000e+00  0.00000000e+00  7.48763750e-06
  0.00000000e+00  0.00000000e+00  0.00000000e+00  0.00000000e+00  0.00000000e+00  4.51249781e-05  1.70987984e-03  0.00000000e+00  0.00000000e+00  0.00000000e+00  6.53446391e-06
  0.00000000e+00  0.00000000e+00  0.00000000e+00  0.00000000e+00  0.00000000e+00  3.77503484e-05  1.44281797e-03  0.00000000e+00  0.00000000e+00  0.00000000e+00  5.62266828e-06
  0.00000000e+00  0.00000000e+00  0.00000000e+00  0.00000000e+00  0.00000000e+00  3.28525953e-05  1.26404000e-03  0.00000000e+00  0.00000000e+00  0.00000000e+00  4.96453094e-06
  0.00000000e+00  0.00000000e+00  0.00000000e+00  0.00000000e+00  0.00000000e+00  3.16064297e-05  1.21822328e-03  0.00000000e+00  0.00000000e+00  0.00000000e+00  4.79004578e-06
  0.00000000e+00  0.00000000e+00  0.00000000e+00  0.00000000e+00  0.00000000e+00  2.61450734e-05  1.01666703e-03  0.00000000e+00  0.00000000e+00  0.00000000e+00  4.01202656e-06
  3.32349578e-11  0.00000000e+00  0.00000000e+00  0.00000000e+00  0.00000000e+00  2.16170187e-05  8.47901703e-04  0.00000000e+00  0.00000000e+00  3.32349578e-11  3.33071781e-06
  8.79636516e-11  0.00000000e+00  0.00000000e+00  0.00000000e+00  0.00000000e+00  1.78533078e-05  7.06278578e-04  0.00000000e+00  0.00000000e+00  8.79636516e-11  2.74347469e-06
  1.44367828e-10  0.00000000e+00  0.00000000e+00  0.00000000e+00  0.00000000e+00  1.47278734e-05  5.87564906e-04  0.00000000e+00  0.00000000e+00  1.44367828e-10  2.24544469e-06
  1.93846125e-10  0.00000000e+00  0.00000000e+00  0.00000000e+00  0.00000000e+00  1.21414969e-05  4.88395938e-04  0.00000000e+00  0.00000000e+00  1.93846125e-10  1.82935656e-06
  2.32303734e-10  0.00000000e+00  0.00000000e+00  0.00000000e+00  0.00000000e+00  1.00003797e-05  4.05549844e-04  0.00000000e+00  0.00000000e+00  2.32303734e-10  1.48471906e-06
  2.58676656e-10  0.00000000e+00  0.00000000e+00  1.98345016e-11  1.98347000e-11  8.22628047e-06  3.36289828e-04  0.00000000e+00  0.00000000e+00  2.58676656e-10  1.20083187e-06
  2.73476797e-10  0.00000000e+00  2.71428319e-12  7.13290875e-11  7.13291875e-11  6.75806453e-06  2.78467000e-04  2.71428319e-12  0.00000000e+00  2.73476797e-10  9.68418547e-07
  2.78116141e-10  2.01172703e-11  5.51197797e-11  1.07623453e-10  1.07623453e-10  5.54452453e-06  2.30258516e-04  5.51197797e-11  2.01172703e-11  2.78116141e-10  7.79084984e-07
  2.74412641e-10  6.44179344e-11  9.10891781e-11  1.31095891e-10  1.31095891e-10  4.54282078e-06  1.90123484e-04  9.10891781e-11  6.44179344e-11  2.74412641e-10  6.25479156e-07
  2.64268234e-10  9.35992984e-11  1.13830281e-10  1.44176594e-10  1.44176594e-10  3.71709937e-06  1.56759953e-04  1.13830281e-10  9.35992984e-11  2.64268234e-10  5.01285016e-07
  2.49472906e-10  1.10970844e-10  1.26241000e-10  1.49146703e-10  1.49146703e-10  3.03737922e-06  1.29067000e-04  1.26241000e-10  1.10970844e-10  2.49472906e-10  4.01153609e-07
  2.31601609e-10  1.19370953e-10  1.30835297e-10  1.48031313e-10  1.48031313e-10  2.47863000e-06  1.06114719e-04  1.30835297e-10  1.19370953e-10  2.31601609e-10  3.20614922e-07
  2.11975313e-10  1.21166734e-10  1.29722250e-10  1.42554516e-10  1.42554516e-10  2.01997062e-06  8.71202656e-05  1.29722250e-10  1.21166734e-10  2.11975313e-10  2.55962031e-07
  1.91648016e-10  1.18279281e-10  1.24621922e-10  1.34136344e-10  1.34136344e-10  1.64400859e-06  7.14255594e-05  1.24621922e-10  1.18279281e-10  1.91648016e-10  2.04148953e-07
  1.71440688e-10  1.12201609e-10  1.16876328e-10  1.23887922e-10  1.23887922e-10  1.33725031e-06  5.85171500e-05  1.16876328e-10  1.12201609e-10  1.71440688e-10  1.62832703e-07
  1.51955313e-10  1.04176750e-10  1.07595547e-10  1.12724219e-10  1.12724219e-10  1.08667234e-06  4.78897703e-05  1.07595547e-10  1.04176750e-10  1.51955313e-10  1.29826328e-07
  0.00000000e+00  0.00000000e+00  2.19052203e-10  5.47629531e-10  5.47629531e-10  4.41842156e-05  1.90725250e-03  2.19052203e-10  0.00000000e+00  0.00000000e+00  1.84311672e-06
  0.00000000e+00  0.00000000e+00  0.00000000e+00  1.84928484e-10  1.84928484e-10  3.60935437e-05  1.57004766e-03  0.00000000e+00  0.00000000e+00  0.00000000e+00  2.51012703e-06
  0.00000000e+00  0.00000000e+00  0.00000000e+00  0.00000000e+00  0.00000000e+00  2.96149500e-05  1.29777797e-03  0.00000000e+00  0.00000000e+00  0.00000000e+00  2.68594906e-06
  0.00000000e+00  0.00000000e+00  0.00000000e+00  0.00000000e+00  0.00000000e+00  2.43553187e-05  1.07496484e-03  0.00000000e+00  0.00000000e+00  0.00000000e+00  2.58636312e-06
  0.00000000e+00  0.00000000e+00  0.00000000e+00  0.00000000e+00  0.00000000e+00  2.00673156e-05  8.91891938e-04  0.00000000e+00  0.00000000e+00  0.00000000e+00  2.35386234e-06
  0.00000000e+00  0.00000000e+00  0.00000000e+00  0.00000000e+00  0.00000000e+00  1.65854125e-05  7.42070484e-04  0.00000000e+00  0.00000000e+00  0.00000000e+00  2.06911703e-06
  0.00000000e+00  0.00000000e+00  0.00000000e+00  0.00000000e+00  0.00000000e+00  1.37330484e-05  6.18436063e-04  0.00000000e+00  0.00000000e+00  0.00000000e+00  1.77986984e-06
  1.07149455e-19  0.00000000e+00  0.00000000e+00  0.00000000e+00  0.00000000e+00  1.18547656e-05  5.36532453e-04  0.00000000e+00  0.00000000e+00  1.07149455e-19  1.56622766e-06
  0.00000000e+00  0.00000000e+00  0.00000000e+00  0.00000000e+00  0.00000000e+00  1.13803734e-05  5.15742078e-04  0.00000000e+00  0.00000000e+00  0.00000000e+00  1.50921766e-06
  0.00000000e+00  0.00000000e+00  0.00000000e+00  0.00000000e+00  0.00000000e+00  9.31066359e-06  4.24758234e-04  0.00000000e+00  0.00000000e+00  0.00000000e+00  1.25494781e-06
  0.00000000e+00  0.00000000e+00  0.00000000e+00  0.00000000e+00  0.00000000e+00  7.61342828e-06  3.49599188e-04  0.00000000e+00  0.00000000e+00  0.00000000e+00  1.03166953e-06
  0.00000000e+00  0.00000000e+00  0.00000000e+00  0.00000000e+00  0.00000000e+00  6.21798516e-06  2.87365156e-04  0.00000000e+00  0.00000000e+00  0.00000000e+00  8.40017094e-07
  0.00000000e+00  0.00000000e+00  0.00000000e+00  0.00000000e+00  0.00000000e+00  5.07198078e-06  2.35895297e-04  0.00000000e+00  0.00000000e+00  0.00000000e+00  6.78844688e-07
  1.04296547e-11  0.00000000e+00  0.00000000e+00  0.00000000e+00  0.00000000e+00  4.13425250e-06  1.93483734e-04  0.00000000e+00  0.00000000e+00  1.04296547e-11  5.45717141e-07
  2.20329531e-11  0.00000000e+00  0.00000000e+00  0.00000000e+00  0.00000000e+00  3.36672391e-06  1.58531594e-04  0.00000000e+00  0.00000000e+00  2.20329531e-11  4.36867359e-07
  3.12530172e-11  0.00000000e+00  0.00000000e+00  0.00000000e+00  0.00000000e+00  2.73788625e-06  1.29704953e-04  0.00000000e+00  0.00000000e+00  3.12530172e-11  3.48436266e-07
  3.78578531e-11  0.00000000e+00  0.00000000e+00  0.00000000e+00  0.00000000e+00  2.22337016e-06  1.05962906e-04  0.00000000e+00  0.00000000e+00  3.78578531e-11  2.77073891e-07
  4.19809438e-11  0.00000000e+00  0.00000000e+00  0.00000000e+00  0.00000000e+00  1.80296797e-06  8.64369453e-05  0.00000000e+00  0.00000000e+00  4.19809438e-11  2.19792250e-07
  4.39460859e-11  0.00000000e+00  0.00000000e+00  0.00000000e+00  0.00000000e+00  1.45996078e-06  7.04033906e-05  0.00000000e+00  0.00000000e+00  4.39460859e-11  1.74010359e-07
  4.41547656e-11  0.00000000e+00  0.00000000e+00  3.36373016e-13  3.36379016e-13  1.18051844e-06  5.72578984e-05  0.00000000e+00  0.00000000e+00  4.41547656e-11  1.37543281e-07
  4.30160703e-11  7.13477109e-12  7.32613781e-12  7.61319781e-12  7.61320766e-12  9.53194078e-07  4.64970141e-05  7.32613781e-12  7.13477109e-12  4.30160703e-11  1.08579016e-07
  4.09066938e-11  1.22912891e-11  1.23172688e-11  1.23562375e-11  1.23562375e-11  7.68549719e-07  3.77021672e-05  1.23172688e-11  1.22912891e-11  4.09066938e-11  8.56237172e-08
  3.81517250e-11  1.53640328e-11  1.52862219e-11  1.51693063e-11  1.51693063e-11  6.18798906e-07  3.05255844e-05  1.52862219e-11  1.53640328e-11  3.81517250e-11  6.74647000e-08
  3.50178594e-11  1.68966672e-11  1.67582625e-11  1.65506547e-11  1.65506547e-11  4.97531250e-07  2.46787922e-05  1.67582625e-11  1.68966672e-11  3.50178594e-11  5.31211859e-08
  3.17143906e-11  1.73105891e-11  1.71419875e-11  1.68888875e-11  1.68888875e-11  3.99812703e-07  1.99388047e-05  1.71419875e-11  1.73105891e-11  3.17143906e-11  4.18470969e-08
  2.84040156e-11  1.69658000e-11  1.67868000e-11  1.65181047e-11  1.65181047e-11  3.20962828e-07  1.60915422e-05  1.67868000e-11  1.69658000e-11  2.84040156e-11  3.29654422e-08
  0.00000000e+00  0.00000000e+00  1.14667453e-11  2.86669125e-11  2.86669125e-11  1.40071281e-05  6.98284906e-04  1.14667453e-11  0.00000000e+00  0.00000000e+00  2.19298297e-07
  0.00000000e+00  0.00000000e+00  0.00000000e+00  0.00000000e+00  0.00000000e+00  1.12739172e-05  5.64995578e-04  0.00000000e+00  0.00000000e+00  0.00000000e+00  5.10275609e-07
  0.00000000e+00  0.00000000e+00  0.00000000e+00  0.00000000e+00  0.00000000e+00  9.11667656e-06  4.59196922e-04  0.00000000e+00  0.00000000e+00  0.00000000e+00  6.11261547e-07
  0.00000000e+00  0.00000000e+00  0.00000000e+00  0.00000000e+00  0.00000000e+00  7.38989453e-06  3.74051500e-04  0.00000000e+00  0.00000000e+00  0.00000000e+00  6.10166125e-07
  0.00000000e+00  0.00000000e+00  0.00000000e+00  0.00000000e+00  0.00000000e+00  6.00190719e-06  3.05248656e-04  0.00000000e+00  0.00000000e+00  0.00000000e+00  5.60374437e-07
  0.00000000e+00  0.00000000e+00  0.00000000e+00  0.00000000e+00  0.00000000e+00  4.89122828e-06  2.49896656e-04  0.00000000e+00  0.00000000e+00  0.00000000e+00  4.91023297e-07
  0.00000000e+00  0.00000000e+00  0.00000000e+00  0.00000000e+00  0.00000000e+00  3.99415172e-06  2.04964734e-04  0.00000000e+00  0.00000000e+00  0.00000000e+00  4.18634328e-07
  0.00000000e+00  0.00000000e+00  0.00000000e+00  0.00000000e+00  0.00000000e+00  3.41023312e-06  1.75598422e-04  0.00000000e+00  0.00000000e+00  0.00000000e+00  3.65027453e-07
  0.00000000e+00  0.00000000e+00  0.00000000e+00  0.00000000e+00  0.00000000e+00  3.26432641e-06  1.68234094e-04  0.00000000e+00  0.00000000e+00  0.00000000e+00  3.50830797e-07
  0.00000000e+00  0.00000000e+00  0.00000000e+00  0.00000000e+00  0.00000000e+00  2.63135359e-06  1.36223031e-04  0.00000000e+00  0.00000000e+00  0.00000000e+00  2.87880453e-07
  0.00000000e+00  0.00000000e+00  0.00000000e+00  0.00000000e+00  0.00000000e+00  2.12010375e-06  1.10236453e-04  0.00000000e+00  0.00000000e+00  0.00000000e+00  2.33264063e-07
  0.00000000e+00  0.00000000e+00  0.00000000e+00  0.00000000e+00  0.00000000e+00  1.70600578e-06  8.90860141e-05  0.00000000e+00  0.00000000e+00  0.00000000e+00  1.87099531e-07
  0.00000000e+00  0.00000000e+00  0.00000000e+00  0.00000000e+00  0.00000000e+00  1.37102953e-06  7.18940281e-05  0.00000000e+00  0.00000000e+00  0.00000000e+00  1.48943781e-07
  1.92984891e-14  0.00000000e+00  0.00000000e+00  0.00000000e+00  0.00000000e+00  1.10112844e-06  5.79752438e-05  0.00000000e+00  0.00000000e+00  1.92984891e-14  1.18002844e-07
  2.90966750e-12  0.00000000e+00  0.00000000e+00  0.00000000e+00  0.00000000e+00  8.83578391e-07  4.67039156e-05  0.00000000e+00  0.00000000e+00  2.90966750e-12  9.31660000e-08
  5.30522812e-12  0.00000000e+00  0.00000000e+00  0.00000000e+00  0.00000000e+00  7.08034484e-07  3.75678906e-05  0.00000000e+00  0.00000000e+00  5.30522812e-12  7.33458969e-08
  7.12546047e-12  0.00000000e+00  0.00000000e+00  0.00000000e+00  0.00000000e+00  5.66587625e-07  3.01737047e-05  0.00000000e+00  0.00000000e+00  7.12546047e-12  5.76264578e-08
  8.38183562e-12  0.00000000e+00  0.00000000e+00  0.00000000e+00  0.00000000e+00  4.52778703e-07  2.41985844e-05  0.00000000e+00  0.00000000e+00  8.38183562e-12  4.52168016e-08
  9.13503422e-12  0.00000000e+00  0.00000000e+00  0.00000000e+00  0.00000000e+00  3.61342484e-07  1.93776563e-05  0.00000000e+00  0.00000000e+00  9.13503422e-12  3.54531531e-08
  9.46745391e-12  1.75543562e-12  1.55487437e-12  1.25403734e-12  1.25403734e-12  2.87992078e-07  1.54944359e-05  1.55487437e-12  1.75543562e-12  9.46745391e-12  2.77903313e-08
  9.46614328e-12  3.37922453e-12  3.21329187e-12  2.96440281e-12  2.96440281e-12  2.29239234e-07  1.23714453e-05  3.21329187e-12  3.37922453e-12  9.46614328e-12  2.17866469e-08
  9.21319031e-12  4.40803516e-12  4.27237125e-12  4.06886047e-12  4.06886047e-12  1.82247047e-07  9.86390453e-06  4.27237125e-12  4.40803516e-12  9.21319031e-12  1.70878172e-08
  8.78079313e-12  4.98594344e-12  4.87623859e-12  4.71168609e-12  4.71168609e-12  1.44718281e-07  7.85381547e-06  4.87623859e-12  4.98594344e-12  8.78079313e-12  1.34124500e-08
  8.22940000e-12  5.23049578e-12  5.14274000e-12  5.01110609e-12  5.01110609e-12  1.14789375e-07  6.24503734e-06  5.14274000e-12  5.23049578e-12  8.22940000e-12  1.05380531e-08
  7.60710000e-12  5.23271984e-12  5.16321312e-12  5.05895797e-12  5.05895797e-12  9.10410062e-08  4.96405703e-06  5.16321312e-12  5.23271984e-12  7.60710000e-12  8.29829141e-09
  6.95323172e-12  5.07049234e-12  5.01599516e-12  4.93426906e-12  4.93426906e-12  7.21643672e-08  3.94254078e-06  5.01599516e-12  5.07049234e-12  6.95323172e-12  6.54605297e-09
  0.00000000e+00  0.00000000e+00  0.00000000e+00  0.00000000e+00  0.00000000e+00  2.98731734e-06  1.63720188e-04  0.00000000e+00  0.00000000e+00  0.00000000e+00  7.64936391e-09
  0.00000000e+00  0.00000000e+00  0.00000000e+00  0.00000000e+00  0.00000000e+00  2.35175641e-06  1.29303828e-04  0.00000000e+00  0.00000000e+00  0.00000000e+00  6.59917297e-08
  0.00000000e+00  0.00000000e+00  0.00000000e+00  0.00000000e+00  0.00000000e+00  1.86147469e-06  1.02639672e-04  0.00000000e+00  0.00000000e+00  0.00000000e+00  8.64454781e-08
  0.00000000e+00  0.00000000e+00  0.00000000e+00  0.00000000e+00  0.00000000e+00  1.47768047e-06  8.16827266e-05  0.00000000e+00  0.00000000e+00  0.00000000e+00  8.78563484e-08
  0.00000000e+00  0.00000000e+00  0.00000000e+00  0.00000000e+00  0.00000000e+00  1.17595422e-06  6.51444188e-05  0.00000000e+00  0.00000000e+00  0.00000000e+00  8.07283672e-08
  0.00000000e+00  0.00000000e+00  0.00000000e+00  0.00000000e+00  0.00000000e+00  9.39935625e-07  5.21594375e-05  0.00000000e+00  0.00000000e+00  0.00000000e+00  7.04552906e-08
  0.00000000e+00  0.00000000e+00  0.00000000e+00  0.00000000e+00  0.00000000e+00  7.53386766e-07  4.18626688e-05  0.00000000e+00  0.00000000e+00  0.00000000e+00  5.98465359e-08
  2.64698437e-23  0.00000000e+00  0.00000000e+00  0.00000000e+00  0.00000000e+00  6.34088406e-07  3.52612000e-05  0.00000000e+00  0.00000000e+00  2.64698437e-23  5.21018344e-08
  4.93735859e-14  0.00000000e+00  0.00000000e+00  0.00000000e+00  0.00000000e+00  6.04746391e-07  3.36341797e-05  0.00000000e+00  0.00000000e+00  4.93735859e-14  5.00841375e-08
  5.07341891e-13  0.00000000e+00  0.00000000e+00  0.00000000e+00  0.00000000e+00  4.78529391e-07  2.66279625e-05  0.00000000e+00  0.00000000e+00  5.07341891e-13  4.11984813e-08
  1.31099437e-12  0.00000000e+00  0.00000000e+00  0.00000000e+00  0.00000000e+00  3.78829344e-07  2.10793844e-05  0.00000000e+00  0.00000000e+00  1.31099437e-12  3.35950516e-08
  2.20731453e-12  0.00000000e+00  0.00000000e+00  0.00000000e+00  0.00000000e+00  2.99787109e-07  1.66710828e-05  0.00000000e+00  0.00000000e+00  2.20731453e-12  2.72333500e-08
  3.04929672e-12  0.00000000e+00  0.00000000e+00  0.00000000e+00  0.00000000e+00  2.37185703e-07  1.31735797e-05  0.00000000e+00  0.00000000e+00  3.04929672e-12  2.20107844e-08
  3.75313984e-12  5.53448266e-13  5.73208328e-13  6.02847922e-13  6.02847922e-13  1.87788734e-07  1.04100969e-05  5.73208328e-13  5.53448266e-13  3.75313984e-12  1.77855656e-08
  4.28465969e-12  1.58936703e-12  1.61650562e-12  1.65721359e-12  1.65721359e-12  1.48763328e-07  8.22517750e-06  1.61650562e-12  1.58936703e-12  4.28465969e-12  1.43842047e-08
  4.64143891e-12  2.35693766e-12  2.38866594e-12  2.43625359e-12  2.43625359e-12  1.17867859e-07  6.49504750e-06  2.38866594e-12  2.35693766e-12  4.64143891e-12  1.16483078e-08
  4.83616953e-12  2.88950188e-12  2.92360016e-12  2.97475750e-12  2.97475750e-12  9.34226828e-08  5.12663625e-06  2.92360016e-12  2.88950188e-12  4.83616953e-12  9.44990625e-09
  4.89018234e-12  3.22404766e-12  3.25882578e-12  3.31099312e-12  3.31099312e-12  7.40891844e-08  4.04548219e-06  3.25882578e-12  3.22404766e-12  4.89018234e-12  7.68281453e-09
  4.82826750e-12  3.39722328e-12  3.43141141e-12  3.48269859e-12  3.48269859e-12  5.88028906e-08  3.19214188e-06  3.43141141e-12  3.39722328e-12  4.82826750e-12  6.26041766e-09
  4.67535531e-12  3.44301687e-12  3.47571516e-12  3.52477250e-12  3.52477250e-12  4.67180766e-08  2.51920078e-06  3.47571516e-12  3.44301687e-12  4.67535531e-12  5.11314922e-09
  4.45471484e-12  3.39156687e-12  3.42217531e-12  3.46809281e-12  3.46809281e-12  3.71633922e-08  1.98893266e-06  3.42217531e-12  3.39156687e-12  4.45471484e-12  4.18550234e-09
  4.18683688e-12  3.26869219e-12  3.29685062e-12  3.33908828e-12  3.33908828e-12  2.96068250e-08  1.57130188e-06  3.29685062e-12  3.26869219e-12  4.18683688e-12  3.43341922e-09
  3.88916016e-12  3.09591172e-12  3.12144016e-12  3.15971813e-12  3.15971813e-12  2.36271031e-08  1.24252016e-06  3.12144016e-12  3.09591172e-12  3.88916016e-12  2.82197125e-09
  3.57596516e-12  2.89074406e-12  2.91358297e-12  2.94785094e-12  2.94785094e-12  1.88913000e-08  9.83704484e-07  2.91358297e-12  2.89074406e-12  3.57596516e-12  2.32347984e-09
  3.25869125e-12  2.66694906e-12  2.68716812e-12  2.71750625e-12  2.71750625e-12  1.51502187e-08  7.80711109e-07  2.68716812e-12  2.66694906e-12  3.25869125e-12  1.91727609e-09
  2.94630828e-12  2.43574594e-12  2.45347500e-12  2.48007359e-12  2.48007359e-12  1.21812703e-08  6.20902625e-07  2.45347500e-12  2.43574594e-12  2.94630828e-12  1.58454031e-09
  0.00000000e+00  0.00000000e+00  2.79234875e-13  6.98087203e-13  6.98087203e-13  0.00000000e+00  0.00000000e+00  2.79234875e-13  0.00000000e+00  0.00000000e+00  2.44454328e-09
  0.00000000e+00  0.00000000e+00  0.00000000e+00  2.44003250e-13  2.44003250e-13  0.00000000e+00  0.00000000e+00  0.00000000e+00  0.00000000e+00  0.00000000e+00  1.63314422e-09
  0.00000000e+00  0.00000000e+00  0.00000000e+00  0.00000000e+00  0.00000000e+00  0.00000000e+00  0.00000000e+00  0.00000000e+00  0.00000000e+00  0.00000000e+00  1.29712344e-09
  0.00000000e+00  0.00000000e+00  0.00000000e+00  0.00000000e+00  0.00000000e+00  0.00000000e+00  0.00000000e+00  0.00000000e+00  0.00000000e+00  0.00000000e+00  1.13324359e-09
  0.00000000e+00  0.00000000e+00  0.00000000e+00  0.00000000e+00  0.00000000e+00  0.00000000e+00  0.00000000e+00  0.00000000e+00  0.00000000e+00  0.00000000e+00  1.01957406e-09
  0.00000000e+00  0.00000000e+00  0.00000000e+00  0.00000000e+00  0.00000000e+00  0.00000000e+00  0.00000000e+00  0.00000000e+00  0.00000000e+00  0.00000000e+00  9.11112797e-10
  0.00000000e+00  0.00000000e+00  0.00000000e+00  0.00000000e+00  0.00000000e+00  0.00000000e+00  0.00000000e+00  0.00000000e+00  0.00000000e+00  0.00000000e+00  7.97960516e-10
  8.46826313e-23  0.00000000e+00  0.00000000e+00  0.00000000e+00  0.00000000e+00  0.00000000e+00  0.00000000e+00  0.00000000e+00  0.00000000e+00  8.46826313e-23  7.08565078e-10
  0.00000000e+00  0.00000000e+00  0.00000000e+00  0.00000000e+00  0.00000000e+00  0.00000000e+00  0.00000000e+00  0.00000000e+00  0.00000000e+00  0.00000000e+00  6.82745609e-10
  0.00000000e+00  0.00000000e+00  0.00000000e+00  0.00000000e+00  0.00000000e+00  0.00000000e+00  0.00000000e+00  0.00000000e+00  0.00000000e+00  0.00000000e+00  5.63929937e-10
  0.00000000e+00  0.00000000e+00  0.00000000e+00  0.00000000e+00  0.00000000e+00  0.00000000e+00  0.00000000e+00  0.00000000e+00  0.00000000e+00  0.00000000e+00  4.53310484e-10
  0.00000000e+00  0.00000000e+00  0.00000000e+00  0.00000000e+00  0.00000000e+00  0.00000000e+00  0.00000000e+00  0.00000000e+00  0.00000000e+00  0.00000000e+00  3.54375484e-10
  0.00000000e+00  0.00000000e+00  0.00000000e+00  0.00000000e+00  0.00000000e+00  0.00000000e+00  0.00000000e+00  0.00000000e+00  0.00000000e+00  0.00000000e+00  2.68914844e-10
  0.00000000e+00  0.00000000e+00  0.00000000e+00  0.00000000e+00  0.00000000e+00  0.00000000e+00  0.00000000e+00  0.00000000e+00  0.00000000e+00  0.00000000e+00  1.97593719e-10
  0.00000000e+00  0.00000000e+00  0.00000000e+00  0.00000000e+00  0.00000000e+00  1.21725844e-10  0.00000000e+00  0.00000000e+00  0.00000000e+00  0.00000000e+00  1.39712531e-10
  0.00000000e+00  0.00000000e+00  0.00000000e+00  0.00000000e+00  0.00000000e+00  2.01269328e-10  0.00000000e+00  0.00000000e+00  0.00000000e+00  0.00000000e+00  9.38340109e-11
  0.00000000e+00  0.00000000e+00  0.00000000e+00  0.00000000e+00  0.00000000e+00  2.34417391e-10  0.00000000e+00  0.00000000e+00  0.00000000e+00  0.00000000e+00  5.83620844e-11
  0.00000000e+00  0.00000000e+00  0.00000000e+00  0.00000000e+00  0.00000000e+00  2.37330547e-10  8.90074328e-10  0.00000000e+00  0.00000000e+00  0.00000000e+00  3.16245938e-11
  0.00000000e+00  0.00000000e+00  0.00000000e+00  0.00000000e+00  0.00000000e+00  2.21863609e-10  4.22541172e-09  0.00000000e+00  0.00000000e+00  0.00000000e+00  1.20230359e-11
  0.00000000e+00  0.00000000e+00  0.00000000e+00  0.00000000e+00  0.00000000e+00  1.96290000e-10  5.92193859e-09  0.00000000e+00  0.00000000e+00  0.00000000e+00  0.00000000e+00
  0.00000000e+00  0.00000000e+00  0.00000000e+00  0.00000000e+00  0.00000000e+00  1.66238156e-10  6.52947437e-09  0.00000000e+00  0.00000000e+00  0.00000000e+00  0.00000000e+00
  0.00000000e+00  0.00000000e+00  0.00000000e+00  0.00000000e+00  0.00000000e+00  1.35400266e-10  6.44404094e-09  0.00000000e+00  0.00000000e+00  0.00000000e+00  0.00000000e+00
  0.00000000e+00  0.00000000e+00  0.00000000e+00  0.00000000e+00  0.00000000e+00  1.06077875e-10  5.94607875e-09  0.00000000e+00  0.00000000e+00  0.00000000e+00  0.00000000e+00
  0.00000000e+00  0.00000000e+00  0.00000000e+00  0.00000000e+00  0.00000000e+00  7.95907781e-11  5.22992344e-09  0.00000000e+00  0.00000000e+00  0.00000000e+00  0.00000000e+00
  0.00000000e+00  0.00000000e+00  0.00000000e+00  0.00000000e+00  0.00000000e+00  5.66442016e-11  4.42661219e-09  0.00000000e+00  0.00000000e+00  0.00000000e+00  0.00000000e+00
  0.00000000e+00  0.00000000e+00  0.00000000e+00  0.00000000e+00  0.00000000e+00  3.73788937e-11  3.62322859e-09  0.00000000e+00  0.00000000e+00  0.00000000e+00  0.00000000e+00
  0.00000000e+00  0.00000000e+00  0.00000000e+00  0.00000000e+00  0.00000000e+00  0.00000000e+00  0.00000000e+00  0.00000000e+00  0.00000000e+00  0.00000000e+00  0.00000000e+00
  0.00000000e+00  0.00000000e+00  0.00000000e+00  0.00000000e+00  0.00000000e+00  0.00000000e+00  0.00000000e+00  0.00000000e+00  0.00000000e+00  0.00000000e+00  0.00000000e+00
  0.00000000e+00  0.00000000e+00  0.00000000e+00  0.00000000e+00  0.00000000e+00  0.00000000e+00  0.00000000e+00  0.00000000e+00  0.00000000e+00  0.00000000e+00  0.00000000e+00
  0.00000000e+00  0.00000000e+00  0.00000000e+00  0.00000000e+00  0.00000000e+00  0.00000000e+00  0.00000000e+00  0.00000000e+00  0.00000000e+00  0.00000000e+00  0.00000000e+00
  0.00000000e+00  0.00000000e+00  0.00000000e+00  0.00000000e+00  0.00000000e+00  0.00000000e+00  0.00000000e+00  0.00000000e+00  0.00000000e+00  0.00000000e+00  0.00000000e+00
  0.00000000e+00  0.00000000e+00  0.00000000e+00  0.00000000e+00  0.00000000e+00  0.00000000e+00  0.00000000e+00  0.00000000e+00  0.00000000e+00  0.00000000e+00  0.00000000e+00
  0.00000000e+00  0.00000000e+00  0.00000000e+00  0.00000000e+00  0.00000000e+00  0.00000000e+00  0.00000000e+00  0.00000000e+00  0.00000000e+00  0.00000000e+00  0.00000000e+00
  0.00000000e+00  0.00000000e+00  0.00000000e+00  0.00000000e+00  0.00000000e+00  0.00000000e+00  0.00000000e+00  0.00000000e+00  0.00000000e+00  0.00000000e+00  0.00000000e+00
  0.00000000e+00  0.00000000e+00  0.00000000e+00  0.00000000e+00  0.00000000e+00  0.00000000e+00  0.00000000e+00  0.00000000e+00  0.00000000e+00  0.00000000e+00  0.00000000e+00
  0.00000000e+00  0.00000000e+00  0.00000000e+00  0.00000000e+00  0.00000000e+00  0.00000000e+00  0.00000000e+00  0.00000000e+00  0.00000000e+00  0.00000000e+00  0.00000000e+00
  0.00000000e+00  0.00000000e+00  0.00000000e+00  0.00000000e+00  0.00000000e+00  0.00000000e+00  0.00000000e+00  0.00000000e+00  0.00000000e+00  0.00000000e+00  0.00000000e+00
  0.00000000e+00  0.00000000e+00  0.00000000e+00  0.00000000e+00  0.00000000e+00  0.00000000e+00  0.00000000e+00  0.00000000e+00  0.00000000e+00  0.00000000e+00  0.00000000e+00
  0.00000000e+00  0.00000000e+00  0.00000000e+00  0.00000000e+00  0.00000000e+00  0.00000000e+00  0.00000000e+00  0.00000000e+00  0.00000000e+00  0.00000000e+00  0.00000000e+00
  0.00000000e+00  0.00000000e+00  0.00000000e+00  0.00000000e+00  0.00000000e+00  0.00000000e+00  0.00000000e+00  0.00000000e+00  0.00000000e+00  0.00000000e+00  0.00000000e+00
  0.00000000e+00  0.00000000e+00  0.00000000e+00  0.00000000e+00  0.00000000e+00  0.00000000e+00  0.00000000e+00  0.00000000e+00  0.00000000e+00  0.00000000e+00  0.00000000e+00
  0.00000000e+00  0.00000000e+00  0.00000000e+00  0.00000000e+00  0.00000000e+00  0.00000000e+00  0.00000000e+00  0.00000000e+00  0.00000000e+00  0.00000000e+00  0.00000000e+00
  0.00000000e+00  0.00000000e+00  0.00000000e+00  0.00000000e+00  0.00000000e+00  0.00000000e+00  0.00000000e+00  0.00000000e+00  0.00000000e+00  0.00000000e+00  0.00000000e+00
  0.00000000e+00  0.00000000e+00  0.00000000e+00  0.00000000e+00  0.00000000e+00  0.00000000e+00  0.00000000e+00  0.00000000e+00  0.00000000e+00  0.00000000e+00  0.00000000e+00
  0.00000000e+00  0.00000000e+00  0.00000000e+00  0.00000000e+00  0.00000000e+00  0.00000000e+00  0.00000000e+00  0.00000000e+00  0.00000000e+00  0.00000000e+00  0.00000000e+00
  0.00000000e+00  0.00000000e+00  0.00000000e+00  0.00000000e+00  0.00000000e+00  0.00000000e+00  0.00000000e+00  0.00000000e+00  0.00000000e+00  0.00000000e+00  0.00000000e+00
  0.00000000e+00  0.00000000e+00  0.00000000e+00  0.00000000e+00  0.00000000e+00  0.00000000e+00  0.00000000e+00  0.00000000e+00  0.00000000e+00  0.00000000e+00  0.00000000e+00
  0.00000000e+00  0.00000000e+00  0.00000000e+00  0.00000000e+00  0.00000000e+00  0.00000000e+00  0.00000000e+00  0.00000000e+00  0.00000000e+00  0.00000000e+00  0.00000000e+00
  0.00000000e+00  0.00000000e+00  0.00000000e+00  0.00000000e+00  0.00000000e+00  0.00000000e+00  0.00000000e+00  0.00000000e+00  0.00000000e+00  0.00000000e+00  0.00000000e+00
  0.00000000e+00  0.00000000e+00  0.00000000e+00  0.00000000e+00  0.00000000e+00  0.00000000e+00  0.00000000e+00  0.00000000e+00  0.00000000e+00  0.00000000e+00  0.00000000e+00
  0.00000000e+00  0.00000000e+00  0.00000000e+00  0.00000000e+00  0.00000000e+00  0.00000000e+00  0.00000000e+00  0.00000000e+00  0.00000000e+00  0.00000000e+00  0.00000000e+00
  0.00000000e+00  0.00000000e+00  0.00000000e+00  0.00000000e+00  0.00000000e+00  0.00000000e+00  0.00000000e+00  0.00000000e+00  0.00000000e+00  0.00000000e+00  0.00000000e+00
---
