PdfType: error
Format: lhagrid1
---
1.00000E-06 1.28121E-06 1.64152E-06 2.10317E-06 2.69463E-06 3.45242E-06 4.42329E-06 5.66715E-06 7.26076E-06 9.30241E-06 1.19180E-05 1.52689E-05 1.95617E-05 2.50609E-05 3.21053E-05 4.11287E-05 5.26863E-05 6.74889E-05 8.64459E-05 1.10720E-04 1.41800E-04 1.81585E-04 2.32503E-04 2.97652E-04 3.80981E-04 4.87518E-04 6.26039E-04 8.00452E-04 1.02297E-03 1.30657E-03 1.66759E-03 2.12729E-03 2.71054E-03 3.44865E-03 4.37927E-03 5.54908E-03 7.01192E-03 8.83064E-03 1.10763E-02 1.38266E-02 1.71641E-02 2.11717E-02 2.59364E-02 3.15062E-02 3.79623E-02 4.53425E-02 5.36750E-02 6.29705E-02 7.32221E-02 8.44039E-02 9.64793E-02 1.09332E-01 1.23067E-01 1.37507E-01 1.52639E-01 1.68416E-01 1.84794E-01 2.01731E-01 2.19016E-01 2.36948E-01 2.55242E-01 2.73927E-01 2.92954E-01 3.12340E-01 3.32036E-01 3.52019E-01 3.72282E-01 3.92772E-01 4.13533E-01 4.34326E-01 4.55495E-01 4.76836E-01 4.98342E-01 5.20006E-01 5.41818E-01 5.63773E-01 5.85861E-01 6.08077E-01 6.30459E-01 6.52800E-01 6.75387E-01 6.98063E-01 7.20830E-01 7.43683E-01 7.66623E-01 7.89636E-01 8.12791E-01 8.35940E-01 8.59175E-01 8.82485E-01 9.05866E-01 9.29311E-01 9.52817E-01 9.76387E-01 1.00000E+00
1.30000E+00 1.50159E+00 1.75516E+00 2.07810E+00 2.49495E+00 3.04086E+00 3.76715E+00 4.50000E+00 4.75000E+00 6.23113E+00 8.37423E+00 1.15549E+01 1.64076E+01 2.40380E+01 3.64361E+01 5.73145E+01 9.38707E+01 1.60654E+02 2.88438E+02 5.45587E+02 1.09231E+03 2.32646E+03 5.30043E+03 1.29956E+04 3.45140E+04 1.00000E+05
900 901 902 903 904 905 906 907 908 909 910
 1.17314E+00 9.56425E-02 1.12958E+00 9.21620E-02 2.79197E+02 1.57175E+00 1.28266E-01 2.84186E+02 1.17316E+00 9.56435E-02 3.98628E-02
 1.27939E+00 1.29978E-01 1.22296E+00 1.28229E-01 3.04539E+02 1.69815E+00 1.79641E-01 3.08005E+02 1.27941E+00 1.29980E-01 5.80082E-02
 1.46260E+00 1.86596E-01 1.38683E+00 1.86498E-01 3.31217E+02 1.92121E+00 2.62203E-01 3.32783E+02 1.46263E+00 1.86600E-01 8.61888E-02
 1.72886E+00 2.67478E-01 1.62698E+00 2.68299E-01 3.59394E+02 2.24894E+00 3.77576E-01 3.58646E+02 1.72891E+00 2.67486E-01 1.31084E-01
 2.09389E+00 3.75991E-01 1.95750E+00 3.75501E-01 3.89198E+02 2.70055E+00 5.27817E-01 3.85686E+02 2.09397E+00 3.76006E-01 2.04575E-01
 2.58550E+00 5.19563E-01 2.40285E+00 5.13188E-01 4.20844E+02 3.30916E+00 7.19181E-01 4.14050E+02 2.58564E+00 5.19593E-01 3.28496E-01
 3.23014E+00 7.04692E-01 2.98709E+00 6.84753E-01 4.54433E+02 4.10766E+00 9.55259E-01 4.43811E+02 3.23041E+00 7.04754E-01 5.44101E-01
 3.84298E+00 8.77158E-01 3.54293E+00 8.40049E-01 4.81702E+02 4.86755E+00 1.16709E+00 4.67762E+02 3.84344E+00 8.77267E-01 8.22437E-01
 4.04292E+00 9.36062E-01 3.73529E+00 8.93569E-01 4.90076E+02 5.13515E+00 1.24029E+00 4.75044E+02 4.04346E+00 9.36192E-01 9.32055E-01
 5.18547E+00 1.23971E+00 4.82503E+00 1.16626E+00 5.31224E+02 6.64735E+00 1.61194E+00 5.10648E+02 5.18671E+00 1.24001E+00 1.73556E+00
 6.62776E+00 1.60175E+00 6.20364E+00 1.49306E+00 5.75434E+02 8.56159E+00 2.05803E+00 5.48480E+02 6.63075E+00 1.60247E+00 3.38413E+00
 8.38858E+00 2.01910E+00 7.90221E+00 1.88297E+00 6.22924E+02 1.09263E+01 2.59586E+00 5.88691E+02 8.39643E+00 2.02097E+00 6.92743E+00
 1.05035E+01 2.48316E+00 9.97561E+00 2.33706E+00 6.73896E+02 1.38260E+01 3.23056E+00 6.31416E+02 1.05265E+01 2.48855E+00 1.48943E+01
 1.30103E+01 2.98120E+00 1.24423E+01 2.84252E+00 7.28628E+02 1.72792E+01 3.94413E+00 6.76842E+02 1.30886E+01 2.99907E+00 3.34728E+01
 1.59445E+01 3.49431E+00 1.53537E+01 3.37155E+00 7.87328E+02 2.13644E+01 4.69409E+00 7.25105E+02 1.62555E+01 3.56261E+00 7.71661E+01
 1.93504E+01 4.00721E+00 1.87153E+01 3.89872E+00 8.50186E+02 2.60744E+01 5.44080E+00 7.76327E+02 2.06638E+01 4.28119E+00 1.73709E+02
 2.32598E+01 4.51273E+00 2.25708E+01 4.41224E+00 9.17437E+02 3.14751E+01 6.16591E+00 8.30665E+02 2.79992E+01 5.44091E+00 3.47712E+02
 2.77327E+01 5.00841E+00 2.69770E+01 4.90943E+00 9.89325E+02 3.76454E+01 6.86560E+00 8.88276E+02 3.94826E+01 7.15089E+00 5.62861E+02
 3.28263E+01 5.49342E+00 3.19911E+01 5.39149E+00 1.06610E+03 4.46656E+01 7.54232E+00 9.49325E+02 5.26631E+01 8.84259E+00 7.38322E+02
 3.85974E+01 5.96606E+00 3.76684E+01 5.85868E+00 1.14803E+03 5.26130E+01 8.19718E+00 1.01398E+03 6.52179E+01 1.01131E+01 8.54810E+02
 4.51042E+01 6.42345E+00 4.40680E+01 6.30957E+00 1.23537E+03 6.15707E+01 8.82870E+00 1.08241E+03 7.75196E+01 1.10711E+01 9.39971E+02
 5.24041E+01 6.86189E+00 5.12468E+01 6.74126E+00 1.32840E+03 7.16189E+01 9.43315E+00 1.15481E+03 9.05047E+01 1.18798E+01 1.01603E+03
 6.05538E+01 7.27736E+00 5.92608E+01 7.15016E+00 1.42741E+03 8.28361E+01 1.00056E+01 1.23134E+03 1.04727E+02 1.26125E+01 1.09253E+03
 6.96086E+01 7.66594E+00 6.81646E+01 7.53253E+00 1.53269E+03 9.52985E+01 1.05409E+01 1.31220E+03 1.20451E+02 1.32892E+01 1.17270E+03
 7.96406E+01 8.02541E+00 7.80292E+01 7.88625E+00 1.64466E+03 1.09106E+02 1.10361E+01 1.39766E+03 1.37853E+02 1.39133E+01 1.25766E+03
 9.06931E+01 8.35169E+00 8.88969E+01 8.20730E+00 1.76357E+03 1.24317E+02 1.14856E+01 1.48789E+03 1.57022E+02 1.44794E+01 1.34781E+03
 1.16213E+00 9.44214E-02 1.11897E+00 9.09928E-02 2.37008E+02 1.55698E+00 1.26642E-01 2.39980E+02 1.16214E+00 9.44224E-02 3.38392E-02
 1.26914E+00 1.29054E-01 1.21304E+00 1.27351E-01 2.58499E+02 1.68433E+00 1.78424E-01 2.59780E+02 1.26916E+00 1.29056E-01 4.92387E-02
 1.45164E+00 1.85534E-01 1.37627E+00 1.85469E-01 2.81051E+02 1.90650E+00 2.60769E-01 2.80343E+02 1.45167E+00 1.85538E-01 7.31347E-02
 1.71533E+00 2.65699E-01 1.61405E+00 2.66546E-01 3.04802E+02 2.23100E+00 3.75121E-01 3.01777E+02 1.71537E+00 2.65706E-01 1.11173E-01
 2.07555E+00 3.72750E-01 1.94017E+00 3.72314E-01 3.29863E+02 2.67657E+00 5.23356E-01 3.24159E+02 2.07563E+00 3.72765E-01 1.73386E-01
 2.55950E+00 5.13864E-01 2.37845E+00 5.07654E-01 3.56413E+02 3.27545E+00 7.11462E-01 3.47612E+02 2.55964E+00 5.13893E-01 2.78203E-01
 3.19307E+00 6.95314E-01 2.95232E+00 6.75799E-01 3.84537E+02 4.05965E+00 9.42830E-01 3.72195E+02 3.19334E+00 6.95376E-01 4.60413E-01
 3.79489E+00 8.64062E-01 3.49770E+00 8.27698E-01 4.07336E+02 4.80503E+00 1.15000E+00 3.91965E+02 3.79535E+00 8.64170E-01 6.95467E-01
 3.99107E+00 9.21629E-01 3.68642E+00 8.79985E-01 4.14339E+02 5.06757E+00 1.22151E+00 3.97980E+02 3.99161E+00 9.21757E-01 7.88012E-01
 5.11304E+00 1.21815E+00 4.75638E+00 1.14613E+00 4.48715E+02 6.55226E+00 1.58417E+00 4.27371E+02 5.11426E+00 1.21845E+00 1.46599E+00
 6.52895E+00 1.57109E+00 6.10946E+00 1.46445E+00 4.85587E+02 8.43093E+00 2.01859E+00 4.58573E+02 6.53190E+00 1.57180E+00 2.85572E+00
 8.25710E+00 1.97726E+00 7.77615E+00 1.84367E+00 5.25132E+02 1.07511E+01 2.54156E+00 4.91708E+02 8.26483E+00 1.97909E+00 5.83982E+00
 1.03325E+01 2.42819E+00 9.81059E+00 2.28482E+00 5.67515E+02 1.35962E+01 3.15816E+00 5.26887E+02 1.03551E+01 2.43345E+00 1.25427E+01
 1.27924E+01 2.91135E+00 1.22309E+01 2.77536E+00 6.12962E+02 1.69845E+01 3.85072E+00 5.64259E+02 1.28693E+01 2.92880E+00 2.81576E+01
 1.56716E+01 3.40821E+00 1.50879E+01 3.28799E+00 6.61641E+02 2.09932E+01 4.57756E+00 6.03936E+02 1.59771E+01 3.47482E+00 6.48401E+01
 1.90137E+01 3.90385E+00 1.83867E+01 3.79780E+00 7.13706E+02 2.56153E+01 5.29981E+00 6.46015E+02 2.03041E+01 4.17073E+00 1.45790E+02
 2.28502E+01 4.39131E+00 2.21702E+01 4.29327E+00 7.69347E+02 3.09153E+01 5.99956E+00 6.90622E+02 2.75053E+01 5.29446E+00 2.91470E+02
 2.72400E+01 4.86830E+00 2.64946E+01 4.77191E+00 8.28760E+02 3.69710E+01 6.67322E+00 7.37885E+02 3.87795E+01 6.95075E+00 4.71250E+02
 3.22394E+01 5.33413E+00 3.14160E+01 5.23502E+00 8.92150E+02 4.38614E+01 7.32337E+00 7.87936E+02 5.17190E+01 8.58608E+00 6.17460E+02
 3.79040E+01 5.78724E+00 3.69886E+01 5.68297E+00 9.59723E+02 5.16623E+01 7.95129E+00 8.40909E+02 6.40435E+01 9.80985E+00 7.14133E+02
 4.42912E+01 6.22497E+00 4.32706E+01 6.11451E+00 1.03170E+03 6.04554E+01 8.55572E+00 8.96943E+02 7.61195E+01 1.07289E+01 7.84493E+02
 5.14573E+01 6.64380E+00 5.03178E+01 6.52692E+00 1.10829E+03 7.03194E+01 9.13318E+00 9.56181E+02 8.88666E+01 1.15021E+01 8.47149E+02
 5.94577E+01 7.03994E+00 5.81852E+01 6.91680E+00 1.18973E+03 8.13313E+01 9.67903E+00 1.01877E+03 1.02828E+02 1.22010E+01 9.10062E+02
 6.83468E+01 7.40968E+00 6.69260E+01 7.28065E+00 1.27626E+03 9.35656E+01 1.01884E+01 1.08486E+03 1.18265E+02 1.28449E+01 9.75924E+02
 7.81950E+01 7.75094E+00 7.66098E+01 7.61646E+00 1.36821E+03 1.07120E+02 1.06585E+01 1.15467E+03 1.35348E+02 1.34374E+01 1.04567E+03
 8.90445E+01 8.05988E+00 8.72780E+01 7.92046E+00 1.46577E+03 1.22051E+02 1.10841E+01 1.22832E+03 1.54164E+02 1.39735E+01 1.11961E+03
 1.14897E+00 9.29386E-02 1.10628E+00 8.95731E-02 2.03330E+02 1.53932E+00 1.24670E-01 2.04657E+02 1.14898E+00 9.29395E-02 2.90307E-02
 1.25682E+00 1.27930E-01 1.20112E+00 1.26284E-01 2.21769E+02 1.66771E+00 1.76944E-01 2.21296E+02 1.25683E+00 1.27932E-01 4.22422E-02
 1.43850E+00 1.84245E-01 1.36360E+00 1.84221E-01 2.41055E+02 1.88887E+00 2.59030E-01 2.38548E+02 1.43852E+00 1.84249E-01 6.27270E-02
 1.69930E+00 2.63553E-01 1.59875E+00 2.64430E-01 2.61311E+02 2.20975E+00 3.72157E-01 2.56506E+02 1.69934E+00 2.63560E-01 9.53097E-02
 2.05416E+00 3.68866E-01 1.91993E+00 3.68489E-01 2.82631E+02 2.64855E+00 5.17999E-01 2.75235E+02 2.05423E+00 3.68881E-01 1.48560E-01
 2.52953E+00 5.07062E-01 2.35029E+00 5.01037E-01 3.05168E+02 3.23655E+00 7.02229E-01 2.94839E+02 2.52967E+00 5.07092E-01 2.38203E-01
 3.15065E+00 6.84152E-01 2.91256E+00 6.65122E-01 3.28994E+02 4.00475E+00 9.28001E-01 3.15367E+02 3.15092E+00 6.84213E-01 3.93909E-01
 3.74004E+00 8.48490E-01 3.44619E+00 8.12994E-01 3.48279E+02 4.73388E+00 1.12966E+00 3.31863E+02 3.74049E+00 8.48596E-01 5.94633E-01
 3.93195E+00 9.04472E-01 3.63082E+00 8.63821E-01 3.54203E+02 4.99071E+00 1.19916E+00 3.36885E+02 3.93248E+00 9.04597E-01 6.73640E-01
 5.03046E+00 1.19254E+00 4.67829E+00 1.12221E+00 3.83255E+02 6.44416E+00 1.55119E+00 3.61408E+02 5.03166E+00 1.19283E+00 1.25212E+00
 6.41609E+00 1.53467E+00 6.00213E+00 1.43050E+00 4.14362E+02 8.28212E+00 1.97179E+00 3.87418E+02 6.41899E+00 1.53536E+00 2.43683E+00
 8.10652E+00 1.92758E+00 7.63204E+00 1.79705E+00 4.47670E+02 1.05509E+01 2.47717E+00 4.15013E+02 8.11410E+00 1.92936E+00 4.97832E+00
 1.01360E+01 2.36291E+00 9.62126E+00 2.22286E+00 4.83315E+02 1.33327E+01 3.07229E+00 4.44285E+02 1.01582E+01 2.36804E+00 1.06815E+01
 1.25411E+01 2.82841E+00 1.19875E+01 2.69567E+00 5.21481E+02 1.66452E+01 3.73991E+00 4.75355E+02 1.26164E+01 2.84536E+00 2.39538E+01
 1.53558E+01 3.30600E+00 1.47805E+01 3.18883E+00 5.62306E+02 2.05643E+01 4.43929E+00 5.08313E+02 1.56550E+01 3.37059E+00 5.50984E+01
 1.86229E+01 3.78118E+00 1.80053E+01 3.67804E+00 6.05913E+02 2.50825E+01 5.13253E+00 5.43240E+02 1.98864E+01 4.03964E+00 1.23741E+02
 2.23730E+01 4.24727E+00 2.17037E+01 4.15216E+00 6.52459E+02 3.02633E+01 5.80225E+00 5.80236E+02 2.69299E+01 5.12072E+00 2.47081E+02
 2.66638E+01 4.70217E+00 2.59306E+01 4.60886E+00 7.02103E+02 3.61826E+01 6.44512E+00 6.19405E+02 3.79572E+01 6.71344E+00 3.98991E+02
 3.15504E+01 5.14534E+00 3.07410E+01 5.04958E+00 7.55009E+02 4.29176E+01 7.06389E+00 6.60854E+02 5.06108E+01 8.28207E+00 5.22184E+02
 3.70871E+01 5.57543E+00 3.61879E+01 5.47484E+00 8.11347E+02 5.05424E+01 7.66003E+00 7.04690E+02 6.26600E+01 9.45068E+00 6.03296E+02
 4.33299E+01 5.98996E+00 4.23278E+01 5.88355E+00 8.71291E+02 5.91368E+01 8.23251E+00 7.51028E+02 7.44640E+01 1.03237E+01 6.62057E+02
 5.03336E+01 6.38569E+00 4.92154E+01 6.27323E+00 9.35018E+02 6.87775E+01 8.77815E+00 7.99980E+02 8.69227E+01 1.10552E+01 7.14216E+02
 5.81524E+01 6.75907E+00 5.69042E+01 6.64073E+00 1.00271E+03 7.95393E+01 9.29267E+00 8.51664E+02 1.00567E+02 1.17141E+01 7.66497E+02
 6.68388E+01 7.10663E+00 6.54459E+01 6.98278E+00 1.07456E+03 9.14949E+01 9.77153E+00 9.06200E+02 1.15652E+02 1.23195E+01 8.21166E+02
 7.64615E+01 7.42648E+00 7.49079E+01 7.29753E+00 1.15085E+03 1.04739E+02 1.02122E+01 9.63765E+02 1.32344E+02 1.28748E+01 8.79005E+02
 8.70613E+01 7.71503E+00 8.53306E+01 7.58149E+00 1.23172E+03 1.19327E+02 1.06097E+01 1.02446E+03 1.50728E+02 1.33755E+01 9.40266E+02
 1.13333E+00 9.11610E-02 1.09121E+00 8.78715E-02 1.76279E+02 1.51834E+00 1.22306E-01 1.76248E+02 1.13335E+00 9.11620E-02 2.51685E-02
 1.24209E+00 1.26581E-01 1.18688E+00 1.25003E-01 1.92283E+02 1.64788E+00 1.75170E-01 1.90394E+02 1.24211E+00 1.26582E-01 3.66258E-02
 1.42287E+00 1.82701E-01 1.34854E+00 1.82726E-01 2.08972E+02 1.86791E+00 2.56947E-01 2.05037E+02 1.42290E+00 1.82704E-01 5.43784E-02
 1.68051E+00 2.61002E-01 1.58078E+00 2.61913E-01 2.26455E+02 2.18480E+00 3.68630E-01 2.20260E+02 1.68055E+00 2.61009E-01 8.25963E-02
 2.02945E+00 3.64280E-01 1.89652E+00 3.63963E-01 2.44813E+02 2.61613E+00 5.11659E-01 2.36118E+02 2.02952E+00 3.64295E-01 1.28681E-01
 2.49534E+00 4.99071E-01 2.31815E+00 4.93245E-01 2.64178E+02 3.19213E+00 6.91348E-01 2.52699E+02 2.49548E+00 4.99100E-01 2.06208E-01
 3.10266E+00 6.71078E-01 2.86760E+00 6.52590E-01 2.84611E+02 3.94269E+00 9.10586E-01 2.70045E+02 3.10292E+00 6.71137E-01 3.40769E-01
 3.67819E+00 8.30276E-01 3.38824E+00 7.95769E-01 3.01126E+02 4.65387E+00 1.10581E+00 2.83972E+02 3.67863E+00 8.30380E-01 5.14126E-01
 3.86535E+00 8.84411E-01 3.56829E+00 8.44897E-01 3.06199E+02 4.90435E+00 1.17299E+00 2.88214E+02 3.86587E+00 8.84535E-01 5.82342E-01
 4.93743E+00 1.16263E+00 4.59051E+00 1.09427E+00 3.31053E+02 6.32273E+00 1.51264E+00 3.08916E+02 4.93861E+00 1.16291E+00 1.08157E+00
 6.28869E+00 1.49216E+00 5.88125E+00 1.39089E+00 3.57619E+02 8.11463E+00 1.91720E+00 3.30851E+02 6.29153E+00 1.49283E+00 2.10311E+00
 7.93601E+00 1.86960E+00 7.46921E+00 1.74270E+00 3.86017E+02 1.03249E+01 2.40214E+00 3.54100E+02 7.94343E+00 1.87133E+00 4.29264E+00
 9.91276E+00 2.28674E+00 9.40645E+00 2.15064E+00 4.16362E+02 1.30339E+01 2.97224E+00 3.78740E+02 9.93446E+00 2.29170E+00 9.20151E+00
 1.22544E+01 2.73165E+00 1.17101E+01 2.60277E+00 4.48805E+02 1.62587E+01 3.61076E+00 4.04869E+02 1.23280E+01 2.74801E+00 2.06141E+01
 1.49941E+01 3.18678E+00 1.44288E+01 3.07324E+00 4.83458E+02 2.00735E+01 4.27813E+00 4.32562E+02 1.52862E+01 3.24903E+00 4.73662E+01
 1.81735E+01 3.63817E+00 1.75669E+01 3.53847E+00 5.20424E+02 2.44704E+01 4.93758E+00 4.61884E+02 1.94062E+01 3.88681E+00 1.06255E+02
 2.18221E+01 4.07944E+00 2.11653E+01 3.98776E+00 5.59831E+02 2.95110E+01 5.57239E+00 4.92917E+02 2.62658E+01 4.91829E+00 2.11908E+02
 2.59959E+01 4.50873E+00 2.52771E+01 4.41901E+00 6.01807E+02 3.52691E+01 6.17954E+00 5.25746E+02 3.70043E+01 6.43713E+00 3.41779E+02
 3.07486E+01 4.92567E+00 2.99556E+01 4.83380E+00 6.46489E+02 4.18196E+01 6.76197E+00 5.60456E+02 4.93215E+01 7.92833E+00 4.46802E+02
 3.61326E+01 5.32911E+00 3.52524E+01 5.23280E+00 6.94014E+02 4.92342E+01 7.32133E+00 5.97137E+02 6.10437E+01 9.03301E+00 5.15660E+02
 4.22022E+01 5.71685E+00 4.12221E+01 5.61514E+00 7.44523E+02 5.75903E+01 7.85689E+00 6.35879E+02 7.25222E+01 9.85287E+00 5.65308E+02
 4.90104E+01 6.08591E+00 4.79175E+01 5.97859E+00 7.98161E+02 6.69620E+01 8.36581E+00 6.76774E+02 8.46338E+01 1.05361E+01 6.09232E+02
 5.66094E+01 6.43303E+00 5.53901E+01 6.32027E+00 8.55078E+02 7.74214E+01 8.84419E+00 7.19918E+02 9.78951E+01 1.11489E+01 6.53178E+02
 6.50500E+01 6.75504E+00 6.36900E+01 6.63720E+00 9.15426E+02 8.90386E+01 9.28788E+00 7.65407E+02 1.12553E+02 1.17098E+01 6.99074E+02
 7.43979E+01 7.05023E+00 7.28820E+01 6.92770E+00 9.79427E+02 1.01904E+02 9.69459E+00 8.13384E+02 1.28768E+02 1.22224E+01 7.47578E+02
 8.46924E+01 7.31534E+00 8.30045E+01 7.18861E+00 1.04721E+03 1.16072E+02 1.00599E+01 8.63929E+02 1.46622E+02 1.26825E+01 7.98900E+02
 1.11486E+00 8.90631E-02 1.07341E+00 8.58638E-02 1.54480E+02 1.49357E+00 1.19517E-01 1.53323E+02 1.11487E+00 8.90640E-02 2.20561E-02
 1.22454E+00 1.24985E-01 1.16992E+00 1.23490E-01 1.68531E+02 1.62426E+00 1.73074E-01 1.65495E+02 1.22456E+00 1.24987E-01 3.21017E-02
 1.40425E+00 1.80877E-01 1.33060E+00 1.80962E-01 1.83145E+02 1.84295E+00 2.54488E-01 1.78077E+02 1.40428E+00 1.80880E-01 4.76578E-02
 1.65836E+00 2.58013E-01 1.55959E+00 2.58960E-01 1.98418E+02 2.15537E+00 3.64493E-01 1.91142E+02 1.65840E+00 2.58020E-01 7.23703E-02
 2.00077E+00 3.58951E-01 1.86932E+00 3.58694E-01 2.14422E+02 2.57845E+00 5.04272E-01 2.04737E+02 2.00084E+00 3.58965E-01 1.12707E-01
 2.45624E+00 4.89843E-01 2.28134E+00 4.84223E-01 2.31271E+02 3.14125E+00 6.78740E-01 2.18937E+02 2.45637E+00 4.89872E-01 1.80521E-01
 3.04834E+00 6.56042E-01 2.81671E+00 6.38141E-01 2.49016E+02 3.87244E+00 8.90492E-01 2.33778E+02 3.04860E+00 6.56100E-01 2.98150E-01
 3.60855E+00 8.09371E-01 3.32307E+00 7.75961E-01 2.63339E+02 4.56394E+00 1.07838E+00 2.45685E+02 3.60898E+00 8.09472E-01 4.49609E-01
 3.79045E+00 8.61399E-01 3.49808E+00 8.23150E-01 2.67737E+02 4.80741E+00 1.14289E+00 2.49312E+02 3.79096E+00 8.61519E-01 5.09193E-01
 4.83298E+00 1.12837E+00 4.49216E+00 1.06224E+00 2.89269E+02 6.18675E+00 1.46846E+00 2.67005E+02 4.83413E+00 1.12864E+00 9.45052E-01
 6.14555E+00 1.44351E+00 5.74574E+00 1.34559E+00 3.12245E+02 7.92699E+00 1.85478E+00 2.85732E+02 6.14832E+00 1.44416E+00 1.83625E+00
 7.74402E+00 1.80328E+00 7.28625E+00 1.68062E+00 3.36766E+02 1.00711E+01 2.31646E+00 3.05563E+02 7.75125E+00 1.80495E+00 3.74489E+00
 9.66059E+00 2.19965E+00 9.16423E+00 2.06816E+00 3.62928E+02 1.26971E+01 2.85803E+00 3.26559E+02 9.68174E+00 2.20441E+00 8.02036E+00
 1.19295E+01 2.62104E+00 1.13962E+01 2.49670E+00 3.90856E+02 1.58214E+01 3.46333E+00 3.48804E+02 1.20012E+01 2.63673E+00 1.79513E+01
 1.45827E+01 3.05057E+00 1.40290E+01 2.94125E+00 4.20644E+02 1.95157E+01 4.09415E+00 3.72358E+02 1.48667E+01 3.11014E+00 4.12066E+01
 1.76602E+01 3.47488E+00 1.70666E+01 3.37917E+00 4.52378E+02 2.37719E+01 4.71510E+00 3.97275E+02 1.88578E+01 3.71232E+00 9.23368E+01
 2.11904E+01 3.88798E+00 2.05482E+01 3.80024E+00 4.86160E+02 2.86489E+01 5.31021E+00 4.23621E+02 2.55043E+01 4.68736E+00 1.83936E+02
 2.52271E+01 4.28822E+00 2.45250E+01 4.20263E+00 5.22100E+02 3.42180E+01 5.87685E+00 4.51467E+02 3.59075E+01 6.12217E+00 2.96317E+02
 2.98219E+01 4.67548E+00 2.90482E+01 4.58807E+00 5.60308E+02 4.05509E+01 6.41814E+00 4.80884E+02 4.78314E+01 7.52546E+00 3.86947E+02
 3.50250E+01 5.04882E+00 3.41671E+01 4.95740E+00 6.00896E+02 4.77166E+01 6.93594E+00 5.11943E+02 5.91683E+01 8.55776E+00 4.46121E+02
 4.08885E+01 5.40632E+00 3.99340E+01 5.30998E+00 6.43982E+02 5.57890E+01 7.42983E+00 5.44718E+02 7.02602E+01 9.31754E+00 4.88587E+02
 4.74629E+01 5.74532E+00 4.63996E+01 5.64386E+00 6.89683E+02 6.48389E+01 7.89736E+00 5.79284E+02 8.19568E+01 9.94628E+00 5.26030E+02
 5.47980E+01 6.06288E+00 5.36128E+01 5.95647E+00 7.38122E+02 7.49353E+01 8.33505E+00 6.15720E+02 9.47580E+01 1.05073E+01 5.63418E+02
 6.29422E+01 6.35617E+00 6.16213E+01 6.24514E+00 7.89422E+02 8.61446E+01 8.73920E+00 6.54101E+02 1.08901E+02 1.10183E+01 6.02415E+02
 7.19579E+01 6.62366E+00 7.04867E+01 6.50841E+00 8.43766E+02 9.85533E+01 9.10779E+00 6.94547E+02 1.24541E+02 1.14828E+01 6.43579E+02
 8.18822E+01 6.86248E+00 8.02453E+01 6.74347E+00 9.01255E+02 1.12212E+02 9.43688E+00 7.37120E+02 1.41753E+02 1.18972E+01 6.87087E+02
 1.09294E+00 8.66241E-02 1.05228E+00 8.35302E-02 1.36793E+02 1.46417E+00 1.16276E-01 1.34688E+02 1.09295E+00 8.66250E-02 1.95308E-02
 1.20356E+00 1.23125E-01 1.14966E+00 1.21728E-01 1.49262E+02 1.59605E+00 1.70633E-01 1.45287E+02 1.20358E+00 1.23127E-01 2.84312E-02
 1.38205E+00 1.78748E-01 1.30922E+00 1.78904E-01 1.62201E+02 1.81320E+00 2.51622E-01 1.56231E+02 1.38208E+00 1.78752E-01 4.22078E-02
 1.63223E+00 2.54546E-01 1.53460E+00 2.55536E-01 1.75698E+02 2.12066E+00 3.59695E-01 1.67583E+02 1.63227E+00 2.54553E-01 6.40835E-02
 1.96743E+00 3.52823E-01 1.83768E+00 3.52626E-01 1.89816E+02 2.53460E+00 4.95763E-01 1.79383E+02 1.96750E+00 3.52837E-01 9.97730E-02
 2.41134E+00 4.79306E-01 2.23904E+00 4.73897E-01 2.04653E+02 3.08276E+00 6.64302E-01 1.91697E+02 2.41147E+00 4.79334E-01 1.59744E-01
 2.98654E+00 6.38956E-01 2.75880E+00 6.21682E-01 2.20254E+02 3.79249E+00 8.67587E-01 2.04556E+02 2.98679E+00 6.39013E-01 2.63712E-01
 3.52965E+00 7.85674E-01 3.24929E+00 7.53458E-01 2.32831E+02 4.46214E+00 1.04719E+00 2.14866E+02 3.53008E+00 7.85772E-01 3.97521E-01
 3.70568E+00 8.35329E-01 3.41867E+00 7.98464E-01 2.36692E+02 4.69779E+00 1.10870E+00 2.18006E+02 3.70618E+00 8.35446E-01 4.50149E-01
 4.71490E+00 1.08963E+00 4.38107E+00 1.02600E+00 2.55577E+02 6.03322E+00 1.41845E+00 2.33317E+02 4.71603E+00 1.08989E+00 8.34974E-01
 5.98357E+00 1.38859E+00 5.59261E+00 1.29447E+00 2.75696E+02 7.71504E+00 1.78434E+00 2.49507E+02 5.98627E+00 1.38922E+00 1.62130E+00
 7.52628E+00 1.72850E+00 7.07906E+00 1.61069E+00 2.97136E+02 9.78375E+00 2.21997E+00 2.66634E+02 7.53331E+00 1.73010E+00 3.30414E+00
 9.37376E+00 2.10151E+00 8.88905E+00 1.97536E+00 3.19975E+02 1.23146E+01 2.72956E+00 2.84750E+02 9.39427E+00 2.10607E+00 7.07093E+00
 1.15587E+01 2.49649E+00 1.10382E+01 2.37737E+00 3.44322E+02 1.53229E+01 3.29753E+00 3.03925E+02 1.16281E+01 2.51143E+00 1.58131E+01
 1.41114E+01 2.89730E+00 1.35714E+01 2.79283E+00 3.70253E+02 1.88774E+01 3.88730E+00 3.24210E+02 1.43862E+01 2.95386E+00 3.62653E+01
 1.70702E+01 3.29129E+00 1.64918E+01 3.20013E+00 3.97839E+02 2.29693E+01 4.46508E+00 3.45647E+02 1.82273E+01 3.51615E+00 8.11829E+01
 2.04616E+01 3.67292E+00 1.98366E+01 3.58965E+00 4.27168E+02 2.76547E+01 5.01581E+00 3.68293E+02 2.46259E+01 4.42799E+00 1.61541E+02
 2.43370E+01 4.04082E+00 2.36544E+01 3.95987E+00 4.58328E+02 3.30013E+01 5.53727E+00 3.92206E+02 3.46376E+01 5.76879E+00 2.59951E+02
 2.87450E+01 4.39506E+00 2.79939E+01 4.31265E+00 4.91412E+02 3.90771E+01 6.03277E+00 4.17443E+02 4.61001E+01 7.07392E+00 3.39107E+02
 3.37335E+01 4.73498E+00 3.29017E+01 4.64903E+00 5.26513E+02 4.59473E+01 6.50442E+00 4.44064E+02 5.69817E+01 8.02561E+00 3.90586E+02
 3.93515E+01 5.05896E+00 3.84273E+01 4.96861E+00 5.63727E+02 5.36819E+01 6.95211E+00 4.72130E+02 6.76139E+01 8.71869E+00 4.27359E+02
 4.56466E+01 5.36467E+00 4.46182E+01 5.26975E+00 6.03152E+02 6.23474E+01 7.37381E+00 5.01702E+02 7.88151E+01 9.28713E+00 4.59675E+02
 5.26655E+01 5.64956E+00 5.15206E+01 5.55023E+00 6.44888E+02 7.20087E+01 7.76652E+00 5.32843E+02 9.10650E+01 9.79080E+00 4.91879E+02
 6.04535E+01 5.91113E+00 5.91790E+01 5.80771E+00 6.89037E+02 8.27280E+01 8.12702E+00 5.65617E+02 1.04590E+02 1.02466E+01 5.25422E+02
 6.90690E+01 6.14809E+00 6.76510E+01 6.04097E+00 7.35749E+02 9.45861E+01 8.45359E+00 6.00121E+02 1.19535E+02 1.06582E+01 5.60787E+02
 7.85464E+01 6.35798E+00 7.69702E+01 6.24757E+00 7.85106E+02 1.07630E+02 8.74286E+00 6.36403E+02 1.35972E+02 1.10225E+01 5.98121E+02
 1.06728E+00 8.38587E-02 1.02756E+00 8.08853E-02 1.22313E+02 1.42976E+00 1.12603E-01 1.19402E+02 1.06730E+00 8.38596E-02 1.74634E-02
 1.17881E+00 1.21011E-01 1.12578E+00 1.19726E-01 1.33487E+02 1.56279E+00 1.67861E-01 1.28739E+02 1.17883E+00 1.21013E-01 2.54265E-02
 1.35590E+00 1.76322E-01 1.28405E+00 1.76560E-01 1.45064E+02 1.77818E+00 2.48356E-01 1.38369E+02 1.35593E+00 1.76325E-01 3.77482E-02
 1.60179E+00 2.50620E-01 1.50548E+00 2.51657E-01 1.57119E+02 2.08021E+00 3.54259E-01 1.48350E+02 1.60184E+00 2.50627E-01 5.73071E-02
 1.92918E+00 3.45950E-01 1.80135E+00 3.45809E-01 1.69711E+02 2.48425E+00 4.86199E-01 1.58717E+02 1.92926E+00 3.45964E-01 8.92052E-02
 2.36062E+00 4.67590E-01 2.19121E+00 4.62387E-01 1.82925E+02 3.01661E+00 6.48196E-01 1.69526E+02 2.36075E+00 4.67617E-01 1.42784E-01
 2.91751E+00 6.20083E-01 2.69409E+00 6.03448E-01 1.96799E+02 3.70316E+00 8.42192E-01 1.80803E+02 2.91775E+00 6.20138E-01 2.35629E-01
 3.44203E+00 7.59588E-01 3.16742E+00 7.28622E-01 2.07972E+02 4.34922E+00 1.01274E+00 1.89839E+02 3.44244E+00 7.59683E-01 3.55078E-01
 3.61166E+00 8.06657E-01 3.33068E+00 7.71247E-01 2.11400E+02 4.57635E+00 1.07099E+00 1.92591E+02 3.61214E+00 8.06770E-01 4.02047E-01
 4.58422E+00 1.04715E+00 4.25825E+00 9.86195E-01 2.28156E+02 5.86351E+00 1.36350E+00 2.06001E+02 4.58531E+00 1.04740E+00 7.45386E-01
 5.80424E+00 1.32850E+00 5.42332E+00 1.23854E+00 2.45981E+02 7.48082E+00 1.70728E+00 2.20167E+02 5.80686E+00 1.32910E+00 1.44654E+00
 7.28476E+00 1.64681E+00 6.84962E+00 1.53439E+00 2.64949E+02 9.46573E+00 2.11474E+00 2.35140E+02 7.29156E+00 1.64833E+00 2.94617E+00
 9.05464E+00 1.99445E+00 8.58335E+00 1.87425E+00 2.85126E+02 1.18898E+01 2.58966E+00 2.50962E+02 9.07444E+00 1.99877E+00 6.30062E+00
 1.11447E+01 2.36074E+00 1.06389E+01 2.24748E+00 3.06605E+02 1.47671E+01 3.11711E+00 2.67692E+02 1.12116E+01 2.37487E+00 1.40800E+01
 1.35832E+01 2.73043E+00 1.30588E+01 2.63138E+00 3.29450E+02 1.81627E+01 3.66234E+00 2.85373E+02 1.38476E+01 2.78372E+00 3.22645E+01
 1.64063E+01 3.09168E+00 1.58453E+01 3.00554E+00 3.53721E+02 2.20669E+01 4.19338E+00 3.04041E+02 1.75179E+01 3.30285E+00 7.21610E+01
 1.96382E+01 3.43941E+00 1.90328E+01 3.36105E+00 3.79491E+02 2.65320E+01 4.69623E+00 3.23743E+02 2.36334E+01 4.14637E+00 1.43444E+02
 2.33271E+01 3.77257E+00 2.26671E+01 3.69669E+00 4.06834E+02 3.16216E+01 5.16913E+00 3.44526E+02 3.31972E+01 5.38567E+00 2.30595E+02
 2.75186E+01 4.09146E+00 2.67935E+01 4.01449E+00 4.35829E+02 3.73990E+01 5.61558E+00 3.66440E+02 4.41285E+01 6.58507E+00 3.00523E+02
 3.22570E+01 4.39568E+00 3.14553E+01 4.31566E+00 4.66552E+02 4.39249E+01 6.03791E+00 3.89532E+02 5.44819E+01 7.45030E+00 3.45831E+02
 3.75876E+01 4.68392E+00 3.66984E+01 4.60006E+00 4.99084E+02 5.12641E+01 6.43635E+00 4.13853E+02 6.45773E+01 8.07215E+00 3.78055E+02
 4.35546E+01 4.95423E+00 4.25668E+01 4.86637E+00 5.33505E+02 5.94783E+01 6.80930E+00 4.39454E+02 7.51969E+01 8.57640E+00 4.06281E+02
 5.02009E+01 5.20442E+00 4.91029E+01 5.11273E+00 5.69899E+02 6.86269E+01 7.15425E+00 4.66387E+02 8.67971E+01 9.01919E+00 4.34354E+02
 5.75679E+01 5.43239E+00 5.63474E+01 5.33717E+00 6.08350E+02 7.87670E+01 7.46849E+00 4.94704E+02 9.95909E+01 9.41661E+00 4.63553E+02
 6.57093E+01 5.63708E+00 6.43532E+01 5.53869E+00 6.48982E+02 8.99726E+01 7.75065E+00 5.24484E+02 1.13714E+02 9.77216E+00 4.94299E+02
 7.46558E+01 5.81645E+00 7.31506E+01 5.71529E+00 6.91864E+02 1.02286E+02 7.99791E+00 5.55768E+02 1.29230E+02 1.00835E+01 5.26716E+02
 1.03736E+00 8.08027E-02 9.98722E-01 7.79639E-02 1.10363E+02 1.38962E+00 1.08546E-01 1.06759E+02 1.03737E+00 8.08035E-02 1.57573E-02
 1.14980E+00 1.18668E-01 1.09778E+00 1.17509E-01 1.20465E+02 1.52380E+00 1.64792E-01 1.15070E+02 1.14982E+00 1.18669E-01 2.29459E-02
 1.32532E+00 1.73613E-01 1.25462E+00 1.73944E-01 1.30916E+02 1.73723E+00 2.44715E-01 1.23636E+02 1.32534E+00 1.73617E-01 3.40666E-02
 1.56652E+00 2.46251E-01 1.47174E+00 2.47342E-01 1.41786E+02 2.03335E+00 3.48211E-01 1.32507E+02 1.56656E+00 2.46258E-01 5.17145E-02
 1.88543E+00 3.38371E-01 1.75979E+00 3.38287E-01 1.53126E+02 2.42664E+00 4.75643E-01 1.41715E+02 1.88550E+00 3.38384E-01 8.04877E-02
 2.30332E+00 4.54795E-01 2.13717E+00 4.49794E-01 1.65011E+02 2.94187E+00 6.30565E-01 1.51307E+02 2.30344E+00 4.54821E-01 1.28801E-01
 2.84031E+00 5.99633E-01 2.62175E+00 5.83643E-01 1.77476E+02 3.60327E+00 8.14588E-01 1.61308E+02 2.84054E+00 5.99686E-01 2.12492E-01
 3.34455E+00 7.31447E-01 3.07642E+00 7.01763E-01 1.87504E+02 4.22372E+00 9.75466E-01 1.69316E+02 3.34495E+00 7.31538E-01 3.20130E-01
 3.50719E+00 7.75764E-01 3.23295E+00 7.41849E-01 1.90578E+02 4.44150E+00 1.03022E+00 1.71754E+02 3.50766E+00 7.75872E-01 3.62446E-01
 4.43932E+00 1.00156E+00 4.12207E+00 9.43408E-01 2.05599E+02 5.67534E+00 1.30440E+00 1.83628E+02 4.44038E+00 1.00181E+00 6.71688E-01
 5.60545E+00 1.26422E+00 5.23573E+00 1.17868E+00 2.21556E+02 7.22131E+00 1.62479E+00 1.96161E+02 5.60797E+00 1.26479E+00 1.30289E+00
 7.01673E+00 1.55966E+00 6.59522E+00 1.45306E+00 2.38513E+02 9.11320E+00 2.00259E+00 2.09395E+02 7.02328E+00 1.56110E+00 2.65217E+00
 8.69976E+00 1.88047E+00 8.24371E+00 1.76675E+00 2.56529E+02 1.14180E+01 2.44098E+00 2.23367E+02 8.71877E+00 1.88454E+00 5.66852E+00
 1.06830E+01 2.21648E+00 1.01941E+01 2.10960E+00 2.75681E+02 1.41480E+01 2.92567E+00 2.38127E+02 1.07471E+01 2.22974E+00 1.26591E+01
 1.29924E+01 2.55339E+00 1.24859E+01 2.46023E+00 2.96025E+02 1.73639E+01 3.42392E+00 2.53711E+02 1.32451E+01 2.60322E+00 2.89872E+01
 1.56611E+01 2.88027E+00 1.51201E+01 2.79957E+00 3.17610E+02 2.10547E+01 3.90582E+00 2.70148E+02 1.67219E+01 3.07696E+00 6.47774E+01
 1.87110E+01 3.19258E+00 1.81282E+01 3.11947E+00 3.40500E+02 2.52686E+01 4.35854E+00 2.87479E+02 2.25161E+01 3.84870E+00 1.28648E+02
 2.21864E+01 3.48956E+00 2.15522E+01 3.41907E+00 3.64756E+02 3.00637E+01 4.78081E+00 3.05743E+02 3.15702E+01 4.98148E+00 2.06613E+02
 2.61288E+01 3.77176E+00 2.54335E+01 3.70054E+00 3.90445E+02 3.54980E+01 5.17632E+00 3.24982E+02 4.18945E+01 6.07032E+00 2.69029E+02
 3.05786E+01 4.03904E+00 2.98115E+01 3.96527E+00 4.17631E+02 4.16267E+01 5.54760E+00 3.45235E+02 5.16408E+01 6.84562E+00 3.09330E+02
 3.55768E+01 4.29041E+00 3.47278E+01 4.21337E+00 4.46382E+02 4.85084E+01 5.89521E+00 3.66544E+02 6.11157E+01 7.39378E+00 3.37873E+02
 4.11631E+01 4.52429E+00 4.02219E+01 4.44384E+00 4.76765E+02 5.61988E+01 6.21799E+00 3.88952E+02 7.10608E+01 7.83192E+00 3.62797E+02
 4.73761E+01 4.73888E+00 4.63319E+01 4.65518E+00 5.08850E+02 6.47510E+01 6.51392E+00 4.12502E+02 8.19055E+01 8.21222E+00 3.87538E+02
 5.42524E+01 4.93245E+00 5.30941E+01 4.84580E+00 5.42705E+02 7.42161E+01 6.78083E+00 4.37236E+02 9.38475E+01 8.54983E+00 4.13234E+02
 6.18401E+01 5.10422E+00 6.05556E+01 5.01495E+00 5.78437E+02 8.46598E+01 7.01767E+00 4.63221E+02 1.07010E+02 8.84825E+00 4.40257E+02
 7.01658E+01 5.25254E+00 6.87426E+01 5.16101E+00 6.16100E+02 9.61191E+01 7.22220E+00 4.90489E+02 1.21450E+02 9.10572E+00 4.68714E+02
 1.00289E+00 7.75398E-02 9.65514E-01 7.48471E-02 1.00389E+02 1.34340E+00 1.04219E-01 9.61832E+01 1.00290E+00 7.75406E-02 1.43332E-02
 1.11625E+00 1.16151E-01 1.06540E+00 1.15130E-01 1.09584E+02 1.47872E+00 1.61499E-01 1.03645E+02 1.11627E+00 1.16153E-01 2.08734E-02
 1.29001E+00 1.70667E-01 1.22065E+00 1.71101E-01 1.19088E+02 1.68997E+00 2.40756E-01 1.11332E+02 1.29004E+00 1.70671E-01 3.09888E-02
 1.52613E+00 2.41500E-01 1.43311E+00 2.42652E-01 1.28964E+02 1.97971E+00 3.41639E-01 1.19288E+02 1.52617E+00 2.41507E-01 4.70377E-02
 1.83588E+00 3.30206E-01 1.71275E+00 3.30181E-01 1.39257E+02 2.36145E+00 4.64268E-01 1.27540E+02 1.83595E+00 3.30219E-01 7.31972E-02
 2.23921E+00 4.41167E-01 2.07674E+00 4.36364E-01 1.50032E+02 2.85829E+00 6.11756E-01 1.36132E+02 2.23933E+00 4.41192E-01 1.17109E-01
 2.75480E+00 5.78069E-01 2.54167E+00 5.62715E-01 1.61322E+02 3.49274E+00 7.85403E-01 1.45083E+02 2.75503E+00 5.78120E-01 1.93151E-01
 3.23722E+00 7.01951E-01 2.97632E+00 6.73545E-01 1.70397E+02 4.08572E+00 9.36274E-01 1.52247E+02 3.23761E+00 7.02039E-01 2.90924E-01
 3.39233E+00 7.43437E-01 3.12558E+00 7.11015E-01 1.73178E+02 4.29338E+00 9.87432E-01 1.54426E+02 3.39278E+00 7.43541E-01 3.29353E-01
 4.28047E+00 9.54140E-01 3.97274E+00 8.98811E-01 1.86755E+02 5.46898E+00 1.24277E+00 1.65038E+02 4.28148E+00 9.54371E-01 6.10123E-01
 5.38773E+00 1.19765E+00 5.03026E+00 1.11664E+00 2.01162E+02 6.93706E+00 1.53928E+00 1.76229E+02 5.39016E+00 1.19819E+00 1.18295E+00
 6.72316E+00 1.46976E+00 6.31669E+00 1.36920E+00 2.16453E+02 8.72728E+00 1.88698E+00 1.88036E+02 6.72944E+00 1.47112E+00 2.40684E+00
 8.31062E+00 1.76328E+00 7.87152E+00 1.65637E+00 2.32679E+02 1.09012E+01 2.28835E+00 2.00490E+02 8.32877E+00 1.76709E+00 5.14135E+00
 1.01758E+01 2.06856E+00 9.70576E+00 1.96841E+00 2.49907E+02 1.34685E+01 2.72970E+00 2.13634E+02 1.02368E+01 2.08093E+00 1.14749E+01
 1.23417E+01 2.37233E+00 1.18553E+01 2.28535E+00 2.68185E+02 1.64849E+01 3.18037E+00 2.27497E+02 1.25816E+01 2.41862E+00 2.62578E+01
 1.48384E+01 2.66462E+00 1.43197E+01 2.58957E+00 2.87555E+02 1.99378E+01 3.61268E+00 2.42107E+02 1.58428E+01 2.84655E+00 5.86330E+01
 1.76845E+01 2.94144E+00 1.71270E+01 2.87375E+00 3.08069E+02 2.38704E+01 4.01508E+00 2.57497E+02 2.12791E+01 3.54587E+00 1.16345E+02
 2.09201E+01 3.20237E+00 2.03148E+01 3.13739E+00 3.29783E+02 2.83348E+01 4.38683E+00 2.73699E+02 2.97643E+01 4.57135E+00 1.86689E+02
 2.45819E+01 3.44817E+00 2.39201E+01 3.38280E+00 3.52751E+02 3.33828E+01 4.73175E+00 2.90748E+02 3.94082E+01 5.54933E+00 2.42884E+02
 2.87057E+01 3.67895E+00 2.79775E+01 3.61151E+00 3.77028E+02 3.90627E+01 5.05258E+00 3.08678E+02 4.84707E+01 6.23509E+00 2.79049E+02
 3.33275E+01 3.89403E+00 3.25238E+01 3.82387E+00 4.02670E+02 4.54266E+01 5.35014E+00 3.27524E+02 5.72440E+01 6.71047E+00 3.04562E+02
 3.84820E+01 4.09218E+00 3.75934E+01 4.01919E+00 4.29736E+02 5.25227E+01 5.62371E+00 3.47322E+02 6.64242E+01 7.08369E+00 3.26772E+02
 4.42025E+01 4.27198E+00 4.32192E+01 4.19631E+00 4.58282E+02 6.03973E+01 5.87175E+00 3.68107E+02 7.64103E+01 7.40290E+00 3.48778E+02
 5.05204E+01 4.43208E+00 4.94324E+01 4.35402E+00 4.88367E+02 6.90940E+01 6.09258E+00 3.89914E+02 8.73829E+01 7.68230E+00 3.71601E+02
 5.74770E+01 4.57193E+00 5.62735E+01 4.49177E+00 5.20080E+02 7.86695E+01 6.28549E+00 4.12799E+02 9.94512E+01 7.92533E+00 3.95571E+02
 6.50944E+01 4.69029E+00 6.37642E+01 4.60838E+00 5.53465E+02 8.91542E+01 6.44878E+00 4.36789E+02 1.12663E+02 8.13085E+00 4.20783E+02
 9.63860E-01 7.41830E-02 9.27900E-01 7.16439E-02 9.19329E+01 1.29105E+00 9.97737E-02 8.71971E+01 9.63870E-01 7.41837E-02 1.31258E-02
 1.07820E+00 1.13543E-01 1.02867E+00 1.12666E-01 1.00342E+02 1.42758E+00 1.58089E-01 9.39407E+01 1.07822E+00 1.13544E-01 1.91130E-02
 1.25009E+00 1.67549E-01 1.18223E+00 1.68091E-01 1.09028E+02 1.63652E+00 2.36564E-01 1.00884E+02 1.25011E+00 1.67552E-01 2.83711E-02
 1.48074E+00 2.36441E-01 1.38972E+00 2.37658E-01 1.18048E+02 1.91946E+00 3.34642E-01 1.08066E+02 1.48078E+00 2.36447E-01 4.30562E-02
 1.78068E+00 3.21569E-01 1.66038E+00 3.21610E-01 1.27441E+02 2.28890E+00 4.52241E-01 1.15513E+02 1.78074E+00 3.21582E-01 6.69867E-02
 2.16843E+00 4.26907E-01 2.01012E+00 4.22308E-01 1.37267E+02 2.76619E+00 5.92069E-01 1.23261E+02 2.16855E+00 4.26931E-01 1.07145E-01
 2.66118E+00 5.55748E-01 2.45413E+00 5.41032E-01 1.47552E+02 3.37197E+00 7.55158E-01 1.31328E+02 2.66140E+00 5.55797E-01 1.76664E-01
 3.12027E+00 6.71633E-01 2.86745E+00 6.44504E-01 1.55815E+02 3.93572E+00 8.95924E-01 1.37781E+02 3.12064E+00 6.71717E-01 2.66026E-01
 3.26731E+00 7.10277E-01 3.00889E+00 6.79344E-01 1.58345E+02 4.13248E+00 9.43465E-01 1.39742E+02 3.26775E+00 7.10376E-01 3.01142E-01
 4.10804E+00 9.05859E-01 3.81065E+00 8.53342E-01 1.70692E+02 5.24501E+00 1.17991E+00 1.49293E+02 4.10902E+00 9.06078E-01 5.57642E-01
 5.15173E+00 1.13028E+00 4.80741E+00 1.05380E+00 1.83778E+02 6.62870E+00 1.45265E+00 1.59355E+02 5.15405E+00 1.13079E+00 1.08072E+00
 6.40519E+00 1.37928E+00 6.01491E+00 1.28480E+00 1.97654E+02 8.30912E+00 1.77061E+00 1.69962E+02 6.41116E+00 1.38056E+00 2.19777E+00
 7.88914E+00 1.64588E+00 7.46848E+00 1.54587E+00 2.12361E+02 1.03415E+01 2.13560E+00 1.81140E+02 7.90637E+00 1.64944E+00 4.69227E+00
 9.62607E+00 1.92100E+00 9.17669E+00 1.82768E+00 2.27958E+02 1.27325E+01 2.53442E+00 1.92927E+02 9.68375E+00 1.93248E+00 1.04665E+01
 1.16357E+01 2.19238E+00 1.11714E+01 2.11165E+00 2.44487E+02 1.55317E+01 2.93851E+00 2.05348E+02 1.18618E+01 2.23514E+00 2.39347E+01
 1.39445E+01 2.45104E+00 1.34505E+01 2.38168E+00 2.61982E+02 1.87250E+01 3.32253E+00 2.18426E+02 1.48879E+01 2.61836E+00 5.34061E+01
 1.65677E+01 2.69358E+00 1.60381E+01 2.63129E+00 2.80490E+02 2.23499E+01 3.67622E+00 2.32187E+02 1.99334E+01 3.24700E+00 1.05886E+02
 1.95403E+01 2.91990E+00 1.89670E+01 2.86037E+00 3.00057E+02 2.64518E+01 3.99938E+00 2.46661E+02 2.77969E+01 4.16797E+00 1.69762E+02
 2.28941E+01 3.13094E+00 2.22692E+01 3.07132E+00 3.20730E+02 3.10755E+01 4.29597E+00 2.61877E+02 3.66958E+01 5.03859E+00 2.20687E+02
 2.66596E+01 3.32705E+00 2.59743E+01 3.26582E+00 3.42555E+02 3.62622E+01 4.56885E+00 2.77864E+02 4.50077E+01 5.63848E+00 2.53355E+02
 3.08673E+01 3.50784E+00 3.01134E+01 3.44440E+00 3.65581E+02 4.20562E+01 4.81911E+00 2.94649E+02 5.30094E+01 6.04473E+00 2.76314E+02
 3.55462E+01 3.67239E+00 3.47154E+01 3.60666E+00 3.89855E+02 4.84980E+01 5.04640E+00 3.12264E+02 6.13473E+01 6.35680E+00 2.96241E+02
 4.07238E+01 3.81964E+00 3.98076E+01 3.75177E+00 4.15426E+02 5.56258E+01 5.24963E+00 3.30738E+02 7.03874E+01 6.61884E+00 3.15947E+02
 4.64261E+01 3.94860E+00 4.54156E+01 3.87884E+00 4.42344E+02 6.34754E+01 5.42759E+00 3.50100E+02 8.02912E+01 6.84407E+00 3.36357E+02
 5.26869E+01 4.05892E+00 5.15726E+01 3.98756E+00 4.70683E+02 7.20935E+01 5.57985E+00 3.70397E+02 9.11525E+01 7.03586E+00 3.57766E+02
 5.95231E+01 4.14974E+00 5.82954E+01 4.07708E+00 5.00479E+02 8.15033E+01 5.70523E+00 3.91651E+02 1.03009E+02 7.19360E+00 3.80257E+02
 9.21021E-01 7.08938E-02 8.86619E-01 6.85105E-02 8.46298E+01 1.23360E+00 9.54269E-02 7.94234E+01 9.21031E-01 7.08945E-02 1.20831E-02
 1.03641E+00 1.10947E-01 9.88324E-01 1.10215E-01 9.23386E+01 1.37140E+00 1.54697E-01 8.55405E+01 1.03643E+00 1.10948E-01 1.75885E-02
 1.20632E+00 1.64337E-01 1.14010E+00 1.64987E-01 1.00297E+02 1.57791E+00 2.32241E-01 9.18360E+01 1.20634E+00 1.64340E-01 2.60991E-02
 1.43118E+00 2.31176E-01 1.34235E+00 2.32459E-01 1.08558E+02 1.85369E+00 3.27356E-01 9.83461E+01 1.43122E+00 2.31182E-01 3.95949E-02
 1.72074E+00 3.12646E-01 1.60358E+00 3.12755E-01 1.17156E+02 2.21022E+00 4.39816E-01 1.05093E+02 1.72080E+00 3.12658E-01 6.15805E-02
 2.09207E+00 4.12353E-01 1.93835E+00 4.07963E-01 1.26143E+02 2.66703E+00 5.71978E-01 1.12108E+02 2.09218E+00 4.12377E-01 9.84618E-02
 2.56081E+00 5.33251E-01 2.36049E+00 5.19172E-01 1.35544E+02 3.24285E+00 7.24661E-01 1.19408E+02 2.56102E+00 5.33298E-01 1.62286E-01
 2.99546E+00 6.41338E-01 2.75154E+00 6.15465E-01 1.43092E+02 3.77612E+00 8.55570E-01 1.25245E+02 2.99581E+00 6.41418E-01 2.44303E-01
 3.13405E+00 6.77228E-01 2.88476E+00 6.47754E-01 1.45401E+02 3.96140E+00 8.99600E-01 1.27018E+02 3.13447E+00 6.77323E-01 2.76524E-01
 3.92487E+00 8.58215E-01 3.63856E+00 8.08432E-01 1.56667E+02 5.00724E+00 1.11780E+00 1.35647E+02 3.92581E+00 8.58422E-01 5.11822E-01
 4.90170E+00 1.06437E+00 4.57124E+00 9.92272E-01 1.68596E+02 6.30190E+00 1.36780E+00 1.44732E+02 4.90391E+00 1.06485E+00 9.91434E-01
 6.06898E+00 1.29138E+00 5.69569E+00 1.20279E+00 1.81231E+02 7.86672E+00 1.65754E+00 1.54300E+02 6.07463E+00 1.29258E+00 2.01513E+00
 7.44427E+00 1.53257E+00 7.04303E+00 1.43926E+00 1.94609E+02 9.75061E+00 1.98825E+00 1.64375E+02 7.46052E+00 1.53589E+00 4.29992E+00
 9.04647E+00 1.77939E+00 8.61898E+00 1.69273E+00 2.08781E+02 1.19566E+01 2.34719E+00 1.74989E+02 9.10064E+00 1.79003E+00 9.58546E+00
 1.08919E+01 2.02061E+00 1.04511E+01 1.94596E+00 2.23783E+02 1.45277E+01 2.70784E+00 1.86164E+02 1.11034E+01 2.06001E+00 2.19054E+01
 1.30030E+01 2.24818E+00 1.25353E+01 2.18430E+00 2.39644E+02 1.74481E+01 3.04709E+00 1.97918E+02 1.38821E+01 2.40163E+00 4.88413E+01
 1.53916E+01 2.45929E+00 1.48917E+01 2.40216E+00 2.56404E+02 2.07493E+01 3.35600E+00 2.10274E+02 1.85162E+01 2.96450E+00 9.67550E+01
 1.80874E+01 2.65410E+00 1.75482E+01 2.59974E+00 2.74103E+02 2.44697E+01 3.63488E+00 2.23258E+02 2.57254E+01 3.78843E+00 1.54992E+02
 2.11171E+01 2.83376E+00 2.05315E+01 2.77955E+00 2.92780E+02 2.86470E+01 3.88777E+00 2.36894E+02 3.38403E+01 4.56014E+00 2.01325E+02
 2.45056E+01 2.99878E+00 2.38659E+01 2.94335E+00 3.12476E+02 3.33149E+01 4.11762E+00 2.51206E+02 4.13626E+01 5.08193E+00 2.30953E+02
 2.82778E+01 3.14901E+00 2.75768E+01 3.09184E+00 3.33231E+02 3.85096E+01 4.32575E+00 2.66217E+02 4.85529E+01 5.42619E+00 2.51693E+02
 3.24569E+01 3.28385E+00 3.16874E+01 3.22486E+00 3.55085E+02 4.42636E+01 4.51210E+00 2.81954E+02 5.60055E+01 5.68405E+00 2.69641E+02
 3.70645E+01 3.40253E+00 3.62193E+01 3.34186E+00 3.78080E+02 5.06072E+01 4.67599E+00 2.98441E+02 6.40520E+01 5.89586E+00 2.87356E+02
 4.21206E+01 3.50436E+00 4.11921E+01 3.44224E+00 4.02256E+02 5.75678E+01 4.81659E+00 3.15702E+02 7.28341E+01 6.07388E+00 3.05679E+02
 4.76518E+01 3.58916E+00 4.66318E+01 3.52587E+00 4.27677E+02 6.51819E+01 4.93372E+00 3.33777E+02 8.24299E+01 6.22138E+00 3.24875E+02
 5.36696E+01 3.65640E+00 5.25500E+01 3.59220E+00 4.54374E+02 7.34658E+01 5.02665E+00 3.52682E+02 9.28677E+01 6.33823E+00 3.45016E+02
 8.76202E-01 6.78087E-02 8.43425E-01 6.55786E-02 7.81920E+01 1.17348E+00 9.13628E-02 7.25661E+01 8.76211E-01 6.78094E-02 1.11640E-02
 9.92684E-01 1.08442E-01 9.46088E-01 1.07849E-01 8.52575E+01 1.31258E+00 1.51424E-01 7.81192E+01 9.92698E-01 1.08443E-01 1.62397E-02
 1.16046E+00 1.61080E-01 1.09596E+00 1.61830E-01 9.25505E+01 1.51649E+00 2.27841E-01 8.38328E+01 1.16048E+00 1.61083E-01 2.40833E-02
 1.37919E+00 2.25745E-01 1.29268E+00 2.27090E-01 1.00118E+02 1.78473E+00 3.19831E-01 8.97392E+01 1.37923E+00 2.25751E-01 3.65165E-02
 1.65782E+00 3.03495E-01 1.54401E+00 3.03675E-01 1.07991E+02 2.12774E+00 4.27075E-01 9.58577E+01 1.65789E+00 3.03507E-01 5.67629E-02
 2.01199E+00 3.97621E-01 1.86321E+00 3.93448E-01 1.16215E+02 2.56325E+00 5.51650E-01 1.02216E+02 2.01210E+00 3.97644E-01 9.07120E-02
 2.45581E+00 5.10780E-01 2.26271E+00 4.97343E-01 1.24811E+02 3.10813E+00 6.94211E-01 1.08828E+02 2.45602E+00 5.10825E-01 1.49436E-01
 2.86524E+00 6.11348E-01 2.63086E+00 5.86726E-01 1.31710E+02 3.61006E+00 8.15636E-01 1.14113E+02 2.86558E+00 6.11425E-01 2.24869E-01
 2.99513E+00 6.44604E-01 2.75560E+00 6.16576E-01 1.33818E+02 3.78350E+00 8.56312E-01 1.15717E+02 2.99553E+00 6.44694E-01 2.54496E-01
 3.73465E+00 8.11707E-01 3.45997E+00 7.64589E-01 1.44105E+02 4.76056E+00 1.05717E+00 1.23523E+02 3.73554E+00 8.11903E-01 4.70780E-01
 4.64315E+00 1.00066E+00 4.32705E+00 9.32791E-01 1.54986E+02 5.96401E+00 1.28578E+00 1.31733E+02 4.64524E+00 1.00111E+00 9.11390E-01
 5.72284E+00 1.20719E+00 5.36699E+00 1.12424E+00 1.66498E+02 7.41115E+00 1.54924E+00 1.40373E+02 5.72817E+00 1.20830E+00 1.85129E+00
 6.98820E+00 1.42489E+00 6.60679E+00 1.33796E+00 1.78675E+02 9.14475E+00 1.84825E+00 1.49462E+02 7.00343E+00 1.42798E+00 3.94773E+00
 8.45467E+00 1.64581E+00 8.04956E+00 1.56545E+00 1.91560E+02 1.11644E+01 2.17062E+00 1.59029E+02 8.50526E+00 1.65564E+00 8.79431E+00
 1.01353E+01 1.85965E+00 9.71854E+00 1.79073E+00 2.05183E+02 1.35068E+01 2.49175E+00 1.69091E+02 1.03319E+01 1.89591E+00 2.00825E+01
 1.20486E+01 2.05927E+00 1.16078E+01 2.00054E+00 2.19571E+02 1.61542E+01 2.79065E+00 1.79664E+02 1.28625E+01 2.19981E+00 4.47405E+01
 1.42032E+01 2.24237E+00 1.37337E+01 2.19006E+00 2.34758E+02 1.91326E+01 3.05959E+00 1.90769E+02 1.70845E+01 2.70297E+00 8.85527E+01
 1.66239E+01 2.40939E+00 1.61194E+01 2.35981E+00 2.50776E+02 2.24739E+01 3.29933E+00 2.02425E+02 2.36390E+01 3.43900E+00 1.41725E+02
 1.93324E+01 2.56158E+00 1.87867E+01 2.51235E+00 2.67660E+02 2.62087E+01 3.51395E+00 2.14654E+02 3.09728E+01 4.12197E+00 1.83936E+02
 2.23485E+01 2.69963E+00 2.17549E+01 2.64951E+00 2.85444E+02 3.03641E+01 3.70647E+00 2.27475E+02 3.77126E+01 4.57478E+00 2.10835E+02
 2.56919E+01 2.82360E+00 2.50442E+01 2.77212E+00 3.04162E+02 3.49687E+01 3.87835E+00 2.40910E+02 4.41028E+01 4.86526E+00 2.29588E+02
 2.93803E+01 2.93312E+00 2.86724E+01 2.88022E+00 3.23849E+02 4.00476E+01 4.02981E+00 2.54979E+02 5.06861E+01 5.07677E+00 2.45763E+02
 3.34300E+01 3.02767E+00 3.26558E+01 2.97349E+00 3.44537E+02 4.56235E+01 4.16047E+00 2.69702E+02 5.77599E+01 5.24612E+00 2.61698E+02
 3.78556E+01 3.10681E+00 3.70087E+01 3.05156E+00 3.66263E+02 5.17165E+01 4.26985E+00 2.85100E+02 6.54474E+01 5.38467E+00 2.78156E+02
 4.26767E+01 3.17054E+00 4.17504E+01 3.11445E+00 3.89079E+02 5.83538E+01 4.35796E+00 3.01205E+02 7.38119E+01 5.49558E+00 2.95376E+02
 4.79006E+01 3.21855E+00 4.68881E+01 3.16186E+00 4.13010E+02 6.55452E+01 4.42440E+00 3.18032E+02 8.28729E+01 5.57906E+00 3.13421E+02
 8.34495E-01 6.49722E-02 8.03224E-01 6.28922E-02 7.22961E+01 1.11753E+00 8.76424E-02 6.62867E+01 8.34504E-01 6.49729E-02 1.03222E-02
 9.51830E-01 1.06013E-01 9.06602E-01 1.05552E-01 7.87561E+01 1.25758E+00 1.48244E-01 7.13191E+01 9.51843E-01 1.06015E-01 1.50013E-02
 1.11725E+00 1.57730E-01 1.05434E+00 1.58571E-01 8.54232E+01 1.45859E+00 2.23292E-01 7.64955E+01 1.11727E+00 1.57734E-01 2.22286E-02
 1.32969E+00 2.20099E-01 1.24540E+00 2.21495E-01 9.23393E+01 1.71909E+00 3.11984E-01 8.18448E+01 1.32972E+00 2.20105E-01 3.36794E-02
 1.59739E+00 2.94079E-01 1.48685E+00 2.94327E-01 9.95320E+01 2.04860E+00 4.13956E-01 8.73838E+01 1.59745E+00 2.94091E-01 5.23167E-02
 1.93472E+00 3.82693E-01 1.79077E+00 3.78742E-01 1.07041E+02 2.46324E+00 5.31057E-01 9.31366E+01 1.93482E+00 3.82715E-01 8.35510E-02
 2.35442E+00 4.88355E-01 2.16838E+00 4.75564E-01 1.14884E+02 2.97818E+00 6.63833E-01 9.91151E+01 2.35462E+00 4.88398E-01 1.37550E-01
 2.73963E+00 5.81729E-01 2.51455E+00 5.58344E-01 1.21175E+02 3.45005E+00 7.76199E-01 1.03891E+02 2.73996E+00 5.81802E-01 2.06882E-01
 2.86123E+00 6.12482E-01 2.63121E+00 5.85881E-01 1.23096E+02 3.61223E+00 8.13694E-01 1.05340E+02 2.86161E+00 6.12567E-01 2.34105E-01
 3.55202E+00 7.66462E-01 3.28870E+00 7.21941E-01 1.32467E+02 4.52406E+00 9.98187E-01 1.12386E+02 3.55286E+00 7.66647E-01 4.32759E-01
 4.39612E+00 9.39313E-01 4.09396E+00 8.75510E-01 1.42369E+02 5.64157E+00 1.20678E+00 1.19792E+02 4.39809E+00 9.39736E-01 8.37191E-01
 5.39405E+00 1.12685E+00 5.05509E+00 1.04929E+00 1.52835E+02 6.97902E+00 1.44589E+00 1.27578E+02 5.39907E+00 1.12789E+00 1.69934E+00
 6.55760E+00 1.32302E+00 6.19536E+00 1.24215E+00 1.63892E+02 8.57352E+00 1.71582E+00 1.35761E+02 6.57188E+00 1.32588E+00 3.62102E+00
 7.89928E+00 1.52037E+00 7.51562E+00 1.44596E+00 1.75579E+02 1.04218E+01 2.00487E+00 1.44365E+02 7.94651E+00 1.52946E+00 8.06023E+00
 9.42944E+00 1.70955E+00 9.03566E+00 1.64600E+00 1.87922E+02 1.25554E+01 2.29028E+00 1.53406E+02 9.61225E+00 1.74288E+00 1.83910E+01
 1.11635E+01 1.88425E+00 1.07483E+01 1.83030E+00 2.00943E+02 1.49553E+01 2.55310E+00 1.62896E+02 1.19171E+01 2.01282E+00 4.09358E+01
 1.31076E+01 2.04261E+00 1.26667E+01 1.99475E+00 2.14670E+02 1.76431E+01 2.78664E+00 1.72852E+02 1.57646E+01 2.46211E+00 8.09447E+01
 1.52823E+01 2.18529E+00 1.48103E+01 2.14012E+00 2.29132E+02 2.06454E+01 2.99208E+00 1.83293E+02 2.17268E+01 3.11902E+00 1.29423E+02
 1.77054E+01 2.31366E+00 1.71967E+01 2.26900E+00 2.44358E+02 2.39871E+01 3.17349E+00 1.94234E+02 2.83592E+01 3.72288E+00 1.67818E+02
 2.03926E+01 2.42854E+00 1.98415E+01 2.38325E+00 2.60376E+02 2.76898E+01 3.33391E+00 2.05694E+02 3.44036E+01 4.11520E+00 1.92194E+02
 2.33594E+01 2.53014E+00 2.27605E+01 2.48381E+00 2.77214E+02 3.17762E+01 3.47491E+00 2.17688E+02 4.00896E+01 4.35942E+00 2.09111E+02
 2.66193E+01 2.61829E+00 2.59676E+01 2.57087E+00 2.94902E+02 3.62655E+01 3.59693E+00 2.30234E+02 4.59132E+01 4.53167E+00 2.23654E+02
 3.01846E+01 2.69269E+00 2.94747E+01 2.64432E+00 3.13469E+02 4.11749E+01 3.69984E+00 2.43349E+02 5.21424E+01 4.66553E+00 2.37950E+02
 3.40656E+01 2.75311E+00 3.32922E+01 2.70397E+00 3.32941E+02 4.65186E+01 3.78342E+00 2.57049E+02 5.88845E+01 4.77147E+00 2.52695E+02
 3.82770E+01 2.79965E+00 3.74345E+01 2.74995E+00 3.53365E+02 5.23169E+01 3.84786E+00 2.71363E+02 6.61913E+01 4.85254E+00 2.68103E+02
 4.28226E+01 2.83220E+00 4.19053E+01 2.78216E+00 3.74760E+02 5.85749E+01 3.89302E+00 2.86300E+02 7.40759E+01 4.90921E+00 2.84228E+02
 7.93955E-01 6.23777E-02 7.64140E-01 6.04453E-02 6.69695E+01 1.06312E+00 8.42580E-02 6.06234E+01 7.93963E-01 6.23783E-02 9.56166E-03
 9.11859E-01 1.03606E-01 8.67949E-01 1.03266E-01 7.28674E+01 1.20373E+00 1.45076E-01 6.51821E+01 9.11872E-01 1.03607E-01 1.38797E-02
 1.07462E+00 1.54220E-01 1.01328E+00 1.55137E-01 7.89549E+01 1.40144E+00 2.18493E-01 6.98702E+01 1.07464E+00 1.54223E-01 2.05455E-02
 1.28046E+00 2.14180E-01 1.19839E+00 2.15615E-01 8.52691E+01 1.65384E+00 3.03730E-01 7.47136E+01 1.28050E+00 2.14186E-01 3.11006E-02
 1.53697E+00 2.84381E-01 1.42974E+00 2.84687E-01 9.18338E+01 1.96956E+00 4.00424E-01 7.97267E+01 1.53703E+00 2.84393E-01 4.82703E-02
 1.85724E+00 3.67603E-01 1.71828E+00 3.63877E-01 9.86830E+01 2.36319E+00 5.10239E-01 8.49302E+01 1.85734E+00 3.67625E-01 7.70274E-02
 2.25281E+00 4.66056E-01 2.07407E+00 4.53921E-01 1.05833E+02 2.84834E+00 6.33651E-01 9.03346E+01 2.25300E+00 4.66097E-01 1.26713E-01
 2.61401E+00 5.52600E-01 2.39850E+00 5.30454E-01 1.11565E+02 3.29053E+00 7.37453E-01 9.46497E+01 2.61432E+00 5.52669E-01 1.90476E-01
 2.72743E+00 5.80997E-01 2.50722E+00 5.55820E-01 1.13315E+02 3.44160E+00 7.71966E-01 9.59576E+01 2.72780E+00 5.81078E-01 2.15502E-01
 3.37029E+00 7.22719E-01 3.11854E+00 6.80732E-01 1.21845E+02 4.28920E+00 9.41207E-01 1.02317E+02 3.37109E+00 7.22893E-01 3.98055E-01
 4.15140E+00 8.80699E-01 3.86324E+00 8.20794E-01 1.30849E+02 5.32246E+00 1.13133E+00 1.08995E+02 4.15326E+00 8.81095E-01 7.69444E-01
 5.06973E+00 1.05085E+00 4.74744E+00 9.78362E-01 1.40356E+02 6.55278E+00 1.34809E+00 1.16009E+02 5.07444E+00 1.05182E+00 1.56058E+00
 6.13479E+00 1.22751E+00 5.79145E+00 1.15229E+00 1.50390E+02 8.01277E+00 1.59161E+00 1.23373E+02 6.14815E+00 1.23016E+00 3.32262E+00
 7.35634E+00 1.40375E+00 6.99387E+00 1.33486E+00 1.60984E+02 9.69625E+00 1.85075E+00 1.31109E+02 7.40029E+00 1.41214E+00 7.38981E+00
 8.74219E+00 1.57105E+00 8.37111E+00 1.51247E+00 1.72159E+02 1.16295E+01 2.10441E+00 1.39229E+02 8.91154E+00 1.60168E+00 1.68465E+01
 1.03049E+01 1.72384E+00 9.91487E+00 1.67430E+00 1.83934E+02 1.37931E+01 2.33542E+00 1.47743E+02 1.09999E+01 1.84145E+00 3.74628E+01
 1.20483E+01 1.86068E+00 1.16356E+01 1.81689E+00 1.96334E+02 1.62040E+01 2.53811E+00 1.56667E+02 1.44886E+01 2.24277E+00 7.40033E+01
 1.39893E+01 1.98240E+00 1.35491E+01 1.94123E+00 2.09383E+02 1.88842E+01 2.71395E+00 1.66014E+02 1.98841E+01 2.82934E+00 1.18206E+02
 1.61421E+01 2.09046E+00 1.56696E+01 2.04991E+00 2.23104E+02 2.18536E+01 2.86700E+00 1.75799E+02 2.58484E+01 3.36358E+00 1.53128E+02
 1.85188E+01 2.18576E+00 1.80090E+01 2.14481E+00 2.37522E+02 2.51289E+01 3.00029E+00 1.86035E+02 3.12341E+01 3.70365E+00 1.75214E+02
 2.11311E+01 2.26865E+00 2.05795E+01 2.22693E+00 2.52660E+02 2.87275E+01 3.11546E+00 1.96738E+02 3.62563E+01 3.90872E+00 1.90469E+02
 2.39890E+01 2.33913E+00 2.33913E+01 2.29659E+00 2.68542E+02 3.26636E+01 3.21311E+00 2.07920E+02 4.13667E+01 4.04834E+00 2.03536E+02
 2.71010E+01 2.39705E+00 2.64528E+01 2.35382E+00 2.85193E+02 3.69493E+01 3.29332E+00 2.19596E+02 4.68055E+01 4.15312E+00 2.16355E+02
 3.04740E+01 2.44234E+00 2.97709E+01 2.39859E+00 3.02635E+02 4.15940E+01 3.35607E+00 2.31780E+02 5.26656E+01 4.23272E+00 2.29557E+02
 3.41182E+01 2.47520E+00 3.33555E+01 2.43111E+00 3.20905E+02 4.66118E+01 3.40167E+00 2.44493E+02 5.89886E+01 4.29005E+00 2.43333E+02
 3.80345E+01 2.49568E+00 3.72077E+01 2.45144E+00 3.40020E+02 5.20040E+01 3.43019E+00 2.57745E+02 6.57820E+01 4.32576E+00 2.57733E+02
 7.54457E-01 6.01042E-02 7.26052E-01 5.83153E-02 6.21256E+01 1.01011E+00 8.13176E-02 5.54907E+01 7.54464E-01 6.01048E-02 8.87006E-03
 8.72831E-01 1.01242E-01 8.30200E-01 1.01012E-01 6.74921E+01 1.15113E+00 1.41949E-01 5.96086E+01 8.72843E-01 1.01244E-01 1.28558E-02
 1.03271E+00 1.50541E-01 9.72929E-01 1.51519E-01 7.30324E+01 1.34530E+00 2.13427E-01 6.38430E+01 1.03273E+00 1.50544E-01 1.90043E-02
 1.23169E+00 2.07969E-01 1.15185E+00 2.09426E-01 7.87790E+01 1.58925E+00 2.95036E-01 6.82164E+01 1.23172E+00 2.07974E-01 2.87334E-02
 1.47672E+00 2.74371E-01 1.37286E+00 2.74724E-01 8.47522E+01 1.89086E+00 3.86432E-01 7.27412E+01 1.47677E+00 2.74382E-01 4.45480E-02
 1.77975E+00 3.52313E-01 1.64587E+00 3.48805E-01 9.09810E+01 2.26331E+00 4.89129E-01 7.74350E+01 1.77985E+00 3.52334E-01 7.10155E-02
 2.15118E+00 4.43818E-01 1.97989E+00 4.32336E-01 9.74795E+01 2.71874E+00 6.03549E-01 8.23068E+01 2.15136E+00 4.43857E-01 1.16711E-01
 2.48857E+00 5.23832E-01 2.28284E+00 5.02921E-01 1.02687E+02 3.13161E+00 6.99209E-01 8.61947E+01 2.48887E+00 5.23898E-01 1.75318E-01
 2.59395E+00 5.49994E-01 2.38375E+00 5.26235E-01 1.04276E+02 3.27181E+00 7.30906E-01 8.73722E+01 2.59430E+00 5.50070E-01 1.98310E-01
 3.19006E+00 6.80148E-01 2.95015E+00 6.40672E-01 1.12017E+02 4.05692E+00 8.85834E-01 9.30962E+01 3.19081E+00 6.80312E-01 3.65948E-01
 3.91054E+00 8.24271E-01 3.63658E+00 7.68180E-01 1.20181E+02 5.00917E+00 1.05880E+00 9.91006E+01 3.91230E+00 8.24642E-01 7.06708E-01
 4.75316E+00 9.78413E-01 4.44759E+00 9.10810E-01 1.28792E+02 6.13752E+00 1.25497E+00 1.05401E+02 4.75758E+00 9.79317E-01 1.43198E+00
 5.72550E+00 1.13725E+00 5.40073E+00 1.06737E+00 1.37870E+02 7.47044E+00 1.47424E+00 1.12010E+02 5.73796E+00 1.13971E+00 3.04593E+00
 6.83529E+00 1.29440E+00 6.49338E+00 1.23065E+00 1.47443E+02 9.00032E+00 1.70617E+00 1.18944E+02 6.87609E+00 1.30213E+00 6.76791E+00
 8.08840E+00 1.44214E+00 7.73923E+00 1.38814E+00 1.57531E+02 1.07494E+01 1.93134E+00 1.26215E+02 8.24494E+00 1.47025E+00 1.54135E+01
 9.49506E+00 1.57555E+00 9.12918E+00 1.53006E+00 1.68147E+02 1.26975E+01 2.13414E+00 1.33831E+02 1.01349E+01 1.68302E+00 3.42402E+01
 1.10573E+01 1.69353E+00 1.06715E+01 1.65348E+00 1.79314E+02 1.48586E+01 2.30975E+00 1.41804E+02 1.32951E+01 2.04124E+00 6.75632E+01
 1.27894E+01 1.79705E+00 1.23793E+01 1.75955E+00 1.91051E+02 1.72508E+01 2.45987E+00 1.50146E+02 1.81744E+01 2.56471E+00 1.07801E+02
 1.47026E+01 1.88763E+00 1.42641E+01 1.85084E+00 2.03377E+02 1.98902E+01 2.58851E+00 1.58869E+02 2.35370E+01 3.03709E+00 1.39505E+02
 1.68063E+01 1.96624E+00 1.63350E+01 1.92923E+00 2.16314E+02 2.27897E+01 2.69866E+00 1.67984E+02 2.83381E+01 3.33153E+00 1.59470E+02
 1.91095E+01 2.03334E+00 1.86016E+01 1.99578E+00 2.29881E+02 2.59628E+01 2.79202E+00 1.77503E+02 3.27792E+01 3.50314E+00 1.73189E+02
 2.16194E+01 2.08905E+00 2.10712E+01 2.05090E+00 2.44097E+02 2.94201E+01 2.86931E+00 1.87437E+02 3.72717E+01 3.61538E+00 1.84894E+02
 2.43420E+01 2.13338E+00 2.37499E+01 2.09475E+00 2.58981E+02 3.31699E+01 2.93078E+00 1.97797E+02 4.20311E+01 3.69613E+00 1.96352E+02
 2.72817E+01 2.16636E+00 2.66419E+01 2.12741E+00 2.74553E+02 3.72184E+01 2.97657E+00 2.08595E+02 4.71390E+01 3.75429E+00 2.08133E+02
 3.04454E+01 2.18827E+00 2.97542E+01 2.14915E+00 2.90843E+02 4.15751E+01 3.00709E+00 2.19849E+02 5.26286E+01 3.79260E+00 2.20411E+02
 3.38325E+01 2.19927E+00 3.30861E+01 2.16015E+00 3.07864E+02 4.62391E+01 3.02255E+00 2.31564E+02 5.85042E+01 3.81187E+00 2.33227E+02
 7.23985E-01 5.80504E-02 6.96649E-01 5.64056E-02 5.75441E+01 9.69168E-01 7.86873E-02 5.06632E+01 7.23993E-01 5.80510E-02 8.21593E-03
 8.41923E-01 9.88167E-02 8.00306E-01 9.86890E-02 6.24060E+01 1.10948E+00 1.38721E-01 5.43687E+01 8.41935E-01 9.88181E-02 1.18870E-02
 9.98289E-01 1.46606E-01 9.39835E-01 1.47631E-01 6.74264E+01 1.29927E+00 2.07979E-01 5.81787E+01 9.98307E-01 1.46608E-01 1.75455E-02
 1.19024E+00 2.01403E-01 1.11241E+00 2.02867E-01 7.26337E+01 1.53454E+00 2.85815E-01 6.21128E+01 1.19027E+00 2.01408E-01 2.64920E-02
 1.42433E+00 2.64009E-01 1.32351E+00 2.64392E-01 7.80453E+01 1.82264E+00 3.71915E-01 6.61813E+01 1.42439E+00 2.64019E-01 4.10226E-02
 1.71164E+00 3.36788E-01 1.58229E+00 3.33479E-01 8.36856E+01 2.17565E+00 4.67655E-01 7.03992E+01 1.71174E+00 3.36808E-01 6.53209E-02
 2.06170E+00 4.21587E-01 1.89698E+00 4.10735E-01 8.95666E+01 2.60466E+00 5.73413E-01 7.47740E+01 2.06188E+00 4.21624E-01 1.07237E-01
 2.37838E+00 4.95354E-01 2.18117E+00 4.75639E-01 9.42773E+01 2.99190E+00 6.61302E-01 7.82636E+01 2.37866E+00 4.95416E-01 1.60959E-01
 2.47690E+00 5.19386E-01 2.27546E+00 4.97002E-01 9.57136E+01 3.12288E+00 6.90325E-01 7.93196E+01 2.47723E+00 5.19459E-01 1.82026E-01
 3.03338E+00 6.38560E-01 2.80402E+00 6.01521E-01 1.02710E+02 3.85546E+00 8.31710E-01 8.44511E+01 3.03410E+00 6.38714E-01 3.35540E-01
 3.70321E+00 7.69604E-01 3.44207E+00 7.17212E-01 1.10080E+02 4.74055E+00 9.88540E-01 8.98288E+01 3.70488E+00 7.69950E-01 6.47306E-01
 4.48345E+00 9.08721E-01 4.19304E+00 8.45854E-01 1.17846E+02 5.78536E+00 1.16544E+00 9.54660E+01 4.48761E+00 9.09561E-01 1.31026E+00
 5.38040E+00 1.05095E+00 5.07245E+00 9.86238E-01 1.26025E+02 7.01524E+00 1.36213E+00 1.01373E+02 5.39209E+00 1.05322E+00 2.78417E+00
 6.40040E+00 1.19043E+00 6.07688E+00 1.13163E+00 1.34640E+02 8.42167E+00 1.56882E+00 1.07564E+02 6.43858E+00 1.19754E+00 6.17988E+00
 7.54817E+00 1.32016E+00 7.21824E+00 1.27054E+00 1.43707E+02 1.00241E+01 1.76764E+00 1.14048E+02 7.69416E+00 1.34589E+00 1.40594E+01
 8.83250E+00 1.43585E+00 8.48749E+00 1.39421E+00 1.53239E+02 1.18031E+01 1.94458E+00 1.20832E+02 9.42730E+00 1.53378E+00 3.11979E+01
 1.02545E+01 1.53672E+00 9.89152E+00 1.50019E+00 1.63254E+02 1.37705E+01 2.09555E+00 1.27927E+02 1.23284E+01 1.85219E+00 6.14892E+01
 1.18264E+01 1.62384E+00 1.14416E+01 1.58977E+00 1.73767E+02 1.59418E+01 2.22245E+00 1.35341E+02 1.68029E+01 2.31741E+00 9.79976E+01
 1.35577E+01 1.69877E+00 1.31474E+01 1.66549E+00 1.84795E+02 1.83307E+01 2.32921E+00 1.43085E+02 2.16995E+01 2.73308E+00 1.26682E+02
 1.54561E+01 1.76253E+00 1.50164E+01 1.72919E+00 1.96355E+02 2.09476E+01 2.41876E+00 1.51168E+02 2.60559E+01 2.98622E+00 1.44665E+02
 1.75290E+01 1.81566E+00 1.70565E+01 1.78196E+00 2.08462E+02 2.38037E+01 2.49283E+00 1.59599E+02 3.00620E+01 3.12796E+00 1.56954E+02
 1.97819E+01 1.85841E+00 1.92734E+01 1.82432E+00 2.21133E+02 2.69073E+01 2.55225E+00 1.68386E+02 3.40974E+01 3.21608E+00 1.67397E+02
 2.22194E+01 1.89089E+00 2.16718E+01 1.85650E+00 2.34383E+02 3.02648E+01 2.59739E+00 1.77540E+02 3.83593E+01 3.27588E+00 1.77595E+02
 2.48445E+01 1.91325E+00 2.42546E+01 1.87870E+00 2.48227E+02 3.38804E+01 2.62855E+00 1.87068E+02 4.29209E+01 3.31552E+00 1.88065E+02
 2.76625E+01 1.92581E+00 2.70270E+01 1.89125E+00 2.62690E+02 3.77614E+01 2.64618E+00 1.96987E+02 4.78109E+01 3.33760E+00 1.98960E+02
 3.06720E+01 1.92883E+00 2.99876E+01 1.89440E+00 2.77782E+02 4.19058E+01 2.65065E+00 2.07299E+02 5.30318E+01 3.34302E+00 2.10318E+02
 6.89574E-01 5.62173E-02 6.63447E-01 5.47185E-02 5.34567E+01 9.22943E-01 7.63706E-02 4.63926E+01 6.89581E-01 5.62179E-02 7.63235E-03
 8.06776E-01 9.63366E-02 7.66371E-01 9.63064E-02 5.78537E+01 1.06223E+00 1.35408E-01 4.97271E+01 8.06787E-01 9.63380E-02 1.10199E-02
 9.59164E-01 1.42444E-01 9.02310E-01 1.43509E-01 6.23968E+01 1.24711E+00 2.02198E-01 5.31557E+01 9.59181E-01 1.42446E-01 1.62367E-02
 1.14344E+00 1.94542E-01 1.06797E+00 1.96003E-01 6.71108E+01 1.47296E+00 2.76162E-01 5.66955E+01 1.14347E+00 1.94547E-01 2.44776E-02
 1.36572E+00 2.53390E-01 1.26843E+00 2.53793E-01 7.20100E+01 1.74652E+00 3.57019E-01 6.03553E+01 1.36577E+00 2.53400E-01 3.78503E-02
 1.63611E+00 3.21160E-01 1.51196E+00 3.18040E-01 7.71150E+01 2.07873E+00 4.46018E-01 6.41474E+01 1.63620E+00 3.21179E-01 6.01922E-02
 1.96325E+00 3.99533E-01 1.80601E+00 3.89293E-01 8.24362E+01 2.47959E+00 5.43496E-01 6.80783E+01 1.96341E+00 3.99569E-01 9.86997E-02
 2.25777E+00 4.67355E-01 2.07025E+00 4.48808E-01 8.66972E+01 2.83962E+00 6.24018E-01 7.12122E+01 2.25804E+00 4.67414E-01 1.48018E-01
 2.34892E+00 4.89371E-01 2.15743E+00 4.68329E-01 8.79956E+01 2.96069E+00 6.50518E-01 7.21599E+01 2.34924E+00 4.89439E-01 1.67348E-01
 2.86292E+00 5.98186E-01 2.64529E+00 5.63514E-01 9.43191E+01 3.63673E+00 7.79169E-01 7.67637E+01 2.86360E+00 5.98331E-01 3.08127E-01
 3.47855E+00 7.16998E-01 3.23141E+00 6.68175E-01 1.00975E+02 4.44966E+00 9.20947E-01 8.15838E+01 3.48011E+00 7.17320E-01 5.93761E-01
 4.19210E+00 8.42174E-01 3.91801E+00 7.83842E-01 1.07982E+02 5.40484E+00 1.07997E+00 8.66316E+01 4.19599E+00 8.42952E-01 1.20057E+00
 5.00842E+00 9.69096E-01 4.71846E+00 9.09297E-01 1.15354E+02 6.52433E+00 1.25582E+00 9.19155E+01 5.01930E+00 9.71192E-01 2.54837E+00
 5.93235E+00 1.09239E+00 5.62847E+00 1.03827E+00 1.23112E+02 7.79863E+00 1.43933E+00 9.74478E+01 5.96771E+00 1.09892E+00 5.65047E+00
 6.96722E+00 1.20578E+00 6.65798E+00 1.16028E+00 1.31268E+02 9.24422E+00 1.61417E+00 1.03236E+02 7.10185E+00 1.22927E+00 1.28411E+01
 8.12007E+00 1.30551E+00 7.79761E+00 1.26748E+00 1.39834E+02 1.08416E+01 1.76776E+00 1.09285E+02 8.66644E+00 1.39454E+00 2.84628E+01
 9.39087E+00 1.39109E+00 9.05264E+00 1.35786E+00 1.48822E+02 1.26004E+01 1.89667E+00 1.15604E+02 1.12886E+01 1.67662E+00 5.60339E+01
 1.07897E+01 1.46369E+00 1.04323E+01 1.43281E+00 1.58248E+02 1.45330E+01 2.00296E+00 1.22201E+02 1.53264E+01 2.08876E+00 8.92015E+01
 1.23239E+01 1.52486E+00 1.19442E+01 1.49482E+00 1.68124E+02 1.66504E+01 2.09047E+00 1.29082E+02 1.97195E+01 2.45315E+00 1.15187E+02
 1.39994E+01 1.57567E+00 1.35939E+01 1.54571E+00 1.78464E+02 1.89604E+01 2.16205E+00 1.36257E+02 2.35938E+01 2.66949E+00 1.31405E+02
 1.58214E+01 1.61674E+00 1.53873E+01 1.58658E+00 1.89280E+02 2.14713E+01 2.21945E+00 1.43731E+02 2.71265E+01 2.78513E+00 1.42426E+02
 1.77938E+01 1.64840E+00 1.73284E+01 1.61802E+00 2.00586E+02 2.41888E+01 2.26357E+00 1.51513E+02 3.06630E+01 2.85251E+00 1.51754E+02
 1.99191E+01 1.67085E+00 1.94198E+01 1.64033E+00 2.12394E+02 2.71166E+01 2.29489E+00 1.59609E+02 3.43803E+01 2.89455E+00 1.60840E+02
 2.21989E+01 1.68434E+00 2.16631E+01 1.65379E+00 2.24715E+02 3.02571E+01 2.31382E+00 1.68027E+02 3.83423E+01 2.91871E+00 1.70154E+02
 2.46363E+01 1.68922E+00 2.40613E+01 1.65877E+00 2.37570E+02 3.36143E+01 2.32086E+00 1.76777E+02 4.25721E+01 2.92744E+00 1.79834E+02
 2.72289E+01 1.68582E+00 2.66119E+01 1.65560E+00 2.50966E+02 3.71849E+01 2.31648E+00 1.85864E+02 4.70698E+01 2.92172E+00 1.89911E+02
 6.60160E-01 5.46204E-02 6.35050E-01 5.32703E-02 4.96276E+01 8.83399E-01 7.43907E-02 4.24366E+01 6.60167E-01 5.46210E-02 7.08563E-03
 7.75476E-01 9.38542E-02 7.36229E-01 9.39192E-02 5.35882E+01 1.02029E+00 1.32088E-01 4.54286E+01 7.75486E-01 9.38555E-02 1.02074E-02
 9.22990E-01 1.38147E-01 8.67781E-01 1.39247E-01 5.76841E+01 1.19919E+00 1.96218E-01 4.85056E+01 9.23006E-01 1.38150E-01 1.50104E-02
 1.09912E+00 1.87516E-01 1.02610E+00 1.88967E-01 6.19367E+01 1.41502E+00 2.66265E-01 5.16824E+01 1.09915E+00 1.87521E-01 2.25904E-02
 1.30961E+00 2.42674E-01 1.21591E+00 2.43088E-01 6.63576E+01 1.67404E+00 3.41971E-01 5.49660E+01 1.30966E+00 2.42684E-01 3.48792E-02
 1.56376E+00 3.05610E-01 1.44478E+00 3.02666E-01 7.09642E+01 1.98624E+00 4.24466E-01 5.83668E+01 1.56385E+00 3.05628E-01 5.53911E-02
 1.86943E+00 3.77849E-01 1.71945E+00 3.68193E-01 7.57648E+01 2.36065E+00 5.14050E-01 6.18901E+01 1.86958E+00 3.77882E-01 9.07120E-02
 2.14346E+00 4.40029E-01 1.96522E+00 4.22602E-01 7.96085E+01 2.69547E+00 5.87596E-01 6.46979E+01 2.14372E+00 4.40084E-01 1.35915E-01
 2.22792E+00 4.60140E-01 2.04594E+00 4.40386E-01 8.07791E+01 2.80755E+00 6.11717E-01 6.55463E+01 2.22822E+00 4.60204E-01 1.53624E-01
 2.70339E+00 5.59204E-01 2.49700E+00 5.26804E-01 8.64791E+01 3.43250E+00 7.28415E-01 6.96665E+01 2.70403E+00 5.59339E-01 2.82514E-01
 3.27034E+00 6.66569E-01 3.03660E+00 6.21163E-01 9.24744E+01 4.18084E+00 8.56143E-01 7.39763E+01 3.27181E+00 6.66869E-01 5.43770E-01
 3.92450E+00 7.78785E-01 3.66601E+00 7.24785E-01 9.87805E+01 5.05644E+00 9.98576E-01 7.84854E+01 3.92814E+00 7.79505E-01 1.09825E+00
 4.66956E+00 8.91574E-01 4.39672E+00 8.36455E-01 1.05409E+02 6.07845E+00 1.15517E+00 8.32007E+01 4.67970E+00 8.93502E-01 2.32861E+00
 5.50914E+00 1.00004E+00 5.22386E+00 9.50352E-01 1.12379E+02 7.23678E+00 1.31740E+00 8.81324E+01 5.54195E+00 1.00601E+00 5.15759E+00
 6.44548E+00 1.09854E+00 6.15567E+00 1.05694E+00 1.19698E+02 8.54530E+00 1.47035E+00 9.32865E+01 6.56994E+00 1.11994E+00 1.17082E+01
 7.48427E+00 1.18388E+00 7.18277E+00 1.14924E+00 1.27377E+02 9.98508E+00 1.60278E+00 9.86677E+01 7.98749E+00 1.26460E+00 2.59222E+01
 8.62461E+00 1.25579E+00 8.30919E+00 1.22563E+00 1.35427E+02 1.15637E+01 1.71191E+00 1.04282E+02 1.03663E+01 1.51350E+00 5.09727E+01
 9.87479E+00 1.31550E+00 9.54244E+00 1.28760E+00 1.43858E+02 1.32913E+01 1.79991E+00 1.10137E+02 1.40240E+01 1.87720E+00 8.10506E+01
 1.12406E+01 1.36459E+00 1.08885E+01 1.33756E+00 1.52683E+02 1.51766E+01 1.87049E+00 1.16238E+02 1.79816E+01 2.19520E+00 1.04548E+02
 1.27263E+01 1.40414E+00 1.23516E+01 1.37729E+00 1.61910E+02 1.72253E+01 1.92643E+00 1.22590E+02 2.14427E+01 2.37876E+00 1.19145E+02
 1.43356E+01 1.43483E+00 1.39358E+01 1.40792E+00 1.71551E+02 1.94434E+01 1.96947E+00 1.29201E+02 2.45730E+01 2.47162E+00 1.29009E+02
 1.60709E+01 1.45705E+00 1.56438E+01 1.43005E+00 1.81616E+02 2.18346E+01 2.00056E+00 1.36075E+02 2.76877E+01 2.52125E+00 1.37321E+02
 1.79336E+01 1.47108E+00 1.74770E+01 1.44407E+00 1.92114E+02 2.44010E+01 2.02027E+00 1.43218E+02 3.09467E+01 2.54834E+00 1.45399E+02
 1.99239E+01 1.47723E+00 1.94356E+01 1.45032E+00 2.03054E+02 2.71430E+01 2.02908E+00 1.50635E+02 3.44060E+01 2.55971E+00 1.53665E+02
 2.20435E+01 1.47589E+00 2.15212E+01 1.44917E+00 2.14452E+02 3.00627E+01 2.02754E+00 1.58335E+02 3.80843E+01 2.55763E+00 1.62243E+02
 2.42891E+01 1.46743E+00 2.37308E+01 1.44101E+00 2.26313E+02 3.31560E+01 2.01619E+00 1.66321E+02 4.19804E+01 2.54312E+00 1.71162E+02
 6.31654E-01 5.32748E-02 6.07522E-01 5.20768E-02 4.60864E+01 8.45064E-01 7.27705E-02 3.88323E+01 6.31661E-01 5.32754E-02 6.58004E-03
 7.44461E-01 9.14331E-02 7.06440E-01 9.15943E-02 4.96434E+01 9.78866E-01 1.28855E-01 4.15127E+01 7.44471E-01 9.14344E-02 9.45596E-03
 8.86536E-01 1.33829E-01 8.33122E-01 1.34963E-01 5.33269E+01 1.15113E+00 1.90208E-01 4.42700E+01 8.86552E-01 1.33832E-01 1.38766E-02
 1.05410E+00 1.80487E-01 9.83729E-01 1.81927E-01 5.71550E+01 1.35645E+00 2.56362E-01 4.71170E+01 1.05413E+00 1.80492E-01 2.08464E-02
 1.25255E+00 2.32074E-01 1.16267E+00 2.32495E-01 6.11373E+01 1.60064E+00 3.27079E-01 5.00594E+01 1.25260E+00 2.32083E-01 3.21352E-02
 1.49042E+00 2.90400E-01 1.37687E+00 2.87619E-01 6.52875E+01 1.89281E+00 4.03371E-01 5.31056E+01 1.49051E+00 2.90417E-01 5.09601E-02
 1.77485E+00 3.56844E-01 1.63239E+00 3.47742E-01 6.96126E+01 2.24109E+00 4.85505E-01 5.62599E+01 1.77500E+00 3.56875E-01 8.33460E-02
 2.02880E+00 4.13725E-01 1.86007E+00 3.97362E-01 7.30757E+01 2.55123E+00 5.52511E-01 5.87727E+01 2.02905E+00 4.13777E-01 1.24761E-01
 2.10672E+00 4.32054E-01 1.93448E+00 4.13523E-01 7.41298E+01 2.65454E+00 5.74411E-01 5.95314E+01 2.10700E+00 4.32114E-01 1.40978E-01
 2.54471E+00 5.22020E-01 2.34974E+00 4.91779E-01 7.92620E+01 3.22978E+00 6.79988E-01 6.32146E+01 2.54532E+00 5.22147E-01 2.58936E-01
 3.06463E+00 6.18779E-01 2.84438E+00 5.76613E-01 8.46565E+01 3.91569E+00 7.94734E-01 6.70639E+01 3.06600E+00 6.19057E-01 4.97796E-01
 3.66175E+00 7.19065E-01 3.41885E+00 6.69156E-01 9.03265E+01 4.71483E+00 9.21913E-01 7.10874E+01 3.66514E+00 7.19729E-01 1.00425E+00
 4.33875E+00 8.18936E-01 4.08294E+00 7.68221E-01 9.62821E+01 5.64371E+00 1.06090E+00 7.52908E+01 4.34816E+00 8.20706E-01 2.12693E+00
 5.09812E+00 9.13940E-01 4.83125E+00 8.68416E-01 1.02537E+02 6.69173E+00 1.20377E+00 7.96826E+01 5.12846E+00 9.19396E-01 4.70571E+00
 5.94117E+00 9.99062E-01 5.67054E+00 9.61092E-01 1.09101E+02 7.87044E+00 1.33696E+00 8.42674E+01 6.05581E+00 1.01852E+00 1.06705E+01
 6.87235E+00 1.07157E+00 6.59147E+00 1.04007E+00 1.15980E+02 9.16149E+00 1.45047E+00 8.90490E+01 7.33408E+00 1.14462E+00 2.35981E+01
 7.89005E+00 1.13140E+00 7.59696E+00 1.10409E+00 1.23183E+02 1.05707E+01 1.54210E+00 9.40326E+01 9.48218E+00 1.36356E+00 4.63483E+01
 9.00096E+00 1.17987E+00 8.69304E+00 1.15470E+00 1.30719E+02 1.21063E+01 1.61408E+00 9.92231E+01 1.27803E+01 1.68358E+00 7.36121E+01
 1.02094E+01 1.21852E+00 9.88425E+00 1.19424E+00 1.38597E+02 1.37747E+01 1.67001E+00 1.04626E+02 1.63279E+01 1.96010E+00 9.48497E+01
 1.15184E+01 1.24845E+00 1.11735E+01 1.22444E+00 1.46825E+02 1.55800E+01 1.71258E+00 1.10244E+02 1.94023E+01 2.11487E+00 1.07980E+02
 1.29303E+01 1.27037E+00 1.25635E+01 1.24641E+00 1.55411E+02 1.75263E+01 1.74349E+00 1.16084E+02 2.21584E+01 2.18820E+00 1.16802E+02
 1.44462E+01 1.28473E+00 1.40558E+01 1.26079E+00 1.64363E+02 1.96156E+01 1.76373E+00 1.22149E+02 2.48826E+01 2.22295E+00 1.24203E+02
 1.60666E+01 1.29187E+00 1.56507E+01 1.26802E+00 1.73687E+02 2.18485E+01 1.77393E+00 1.28444E+02 2.77185E+01 2.23777E+00 1.31377E+02
 1.77907E+01 1.29214E+00 1.73474E+01 1.26847E+00 1.83391E+02 2.42240E+01 1.77462E+00 1.34971E+02 3.07153E+01 2.23886E+00 1.38706E+02
 1.96187E+01 1.28594E+00 1.91464E+01 1.26254E+00 1.93487E+02 2.67425E+01 1.76638E+00 1.41739E+02 3.38880E+01 2.22834E+00 1.46301E+02
 2.15471E+01 1.27368E+00 2.10441E+01 1.25064E+00 2.03978E+02 2.93992E+01 1.74978E+00 1.48749E+02 3.72340E+01 2.20723E+00 1.54185E+02
 6.04827E-01 5.21986E-02 5.81609E-01 5.11570E-02 4.27778E+01 8.08976E-01 7.15367E-02 3.55255E+01 6.04833E-01 5.21991E-02 6.10765E-03
 7.14240E-01 8.91665E-02 6.77527E-01 8.94282E-02 4.59626E+01 9.38708E-01 1.25847E-01 3.79217E+01 7.14250E-01 8.91678E-02 8.75485E-03
 8.50227E-01 1.29643E-01 7.98786E-01 1.30817E-01 4.92668E+01 1.10361E+00 1.84393E-01 4.03880E+01 8.50243E-01 1.29645E-01 1.28201E-02
 1.00891E+00 1.73659E-01 9.41415E-01 1.75093E-01 5.27056E+01 1.29804E+00 2.46749E-01 4.29350E+01 1.00894E+00 1.73664E-01 1.92235E-02
 1.19536E+00 2.21835E-01 1.10954E+00 2.22262E-01 5.62861E+01 1.52747E+00 3.12692E-01 4.55673E+01 1.19541E+00 2.21844E-01 2.95853E-02
 1.41740E+00 2.75814E-01 1.30945E+00 2.73183E-01 6.00194E+01 1.80014E+00 3.83129E-01 4.82916E+01 1.41747E+00 2.75830E-01 4.68480E-02
 1.68144E+00 3.36836E-01 1.54660E+00 3.28252E-01 6.39107E+01 2.12337E+00 4.58295E-01 5.11113E+01 1.68158E+00 3.36866E-01 7.65191E-02
 1.91628E+00 3.88783E-01 1.75707E+00 3.73416E-01 6.70269E+01 2.41003E+00 5.19219E-01 5.33568E+01 1.91651E+00 3.88832E-01 1.14434E-01
 1.98802E+00 4.05459E-01 1.82552E+00 3.88074E-01 6.79749E+01 2.50503E+00 5.39062E-01 5.40342E+01 1.98828E+00 4.05515E-01 1.29272E-01
 2.39066E+00 4.87014E-01 2.20700E+00 4.58793E-01 7.25901E+01 3.03338E+00 6.34374E-01 5.73219E+01 2.39123E+00 4.87131E-01 2.37139E-01
 2.86648E+00 5.74038E-01 2.65951E+00 5.34906E-01 7.74384E+01 3.66079E+00 7.37244E-01 6.07548E+01 2.86777E+00 5.74296E-01 4.55349E-01
 3.41039E+00 6.63444E-01 3.18270E+00 6.17358E-01 8.25309E+01 4.38858E+00 8.50534E-01 6.43399E+01 3.41355E+00 6.64056E-01 9.17564E-01
 4.02418E+00 7.51615E-01 3.78491E+00 7.04999E-01 8.78757E+01 5.23095E+00 9.73566E-01 6.80817E+01 4.03290E+00 7.53239E-01 1.94118E+00
 4.70938E+00 8.34529E-01 4.46033E+00 7.92865E-01 9.34845E+01 6.17696E+00 1.09900E+00 7.19871E+01 4.73740E+00 8.39511E-01 4.29005E+00
 5.46649E+00 9.07739E-01 5.21436E+00 8.73126E-01 9.93640E+01 7.23604E+00 1.21455E+00 7.60598E+01 5.57189E+00 9.25416E-01 9.71728E+00
 6.29889E+00 9.68937E-01 6.03781E+00 9.40331E-01 1.05520E+02 8.39052E+00 1.31133E+00 8.03027E+01 6.72178E+00 1.03498E+00 2.14656E+01
 7.20441E+00 1.01826E+00 6.93267E+00 9.93552E-01 1.11958E+02 9.64474E+00 1.38765E+00 8.47198E+01 8.65711E+00 1.22717E+00 4.21106E+01
 8.18836E+00 1.05704E+00 7.90367E+00 1.03437E+00 1.18687E+02 1.10052E+01 1.44582E+00 8.93151E+01 1.16240E+01 1.50825E+00 6.68041E+01
 9.25390E+00 1.08681E+00 8.95417E+00 1.06503E+00 1.25712E+02 1.24766E+01 1.48927E+00 9.40924E+01 1.47958E+01 1.74814E+00 8.59832E+01
 1.04028E+01 1.10867E+00 1.00860E+01 1.08722E+00 1.33040E+02 1.40615E+01 1.52061E+00 9.90550E+01 1.75184E+01 1.87798E+00 9.77847E+01
 1.16366E+01 1.12335E+00 1.13008E+01 1.10203E+00 1.40678E+02 1.57625E+01 1.54148E+00 1.04206E+02 1.99361E+01 1.93483E+00 1.05666E+02
 1.29553E+01 1.13132E+00 1.25991E+01 1.11012E+00 1.48629E+02 1.75803E+01 1.55290E+00 1.09550E+02 2.23089E+01 1.95739E+00 1.12248E+02
 1.43585E+01 1.13297E+00 1.39804E+01 1.11194E+00 1.56900E+02 1.95142E+01 1.55553E+00 1.15088E+02 2.47656E+01 1.96242E+00 1.18611E+02
 1.58448E+01 1.12869E+00 1.54433E+01 1.10790E+00 1.65495E+02 2.15624E+01 1.54993E+00 1.20823E+02 2.73495E+01 1.95554E+00 1.25100E+02
 1.74134E+01 1.11886E+00 1.69872E+01 1.09839E+00 1.74425E+02 2.37239E+01 1.53669E+00 1.26762E+02 3.00722E+01 1.93872E+00 1.31813E+02
 1.90607E+01 1.10393E+00 1.86084E+01 1.08385E+00 1.83689E+02 2.59936E+01 1.51639E+00 1.32905E+02 3.29305E+01 1.91297E+00 1.38772E+02
 5.79513E-01 5.14059E-02 5.57150E-01 5.05264E-02 3.96884E+01 7.74909E-01 7.07117E-02 3.25040E+01 5.79519E-01 5.14065E-02 5.66655E-03
 6.84834E-01 8.71284E-02 6.49490E-01 8.74968E-02 4.25339E+01 8.99807E-01 1.23172E-01 3.46410E+01 6.84843E-01 8.71296E-02 8.10177E-03
 8.14232E-01 1.25688E-01 7.64908E-01 1.26910E-01 4.54928E+01 1.05677E+00 1.78917E-01 3.68419E+01 8.14247E-01 1.25690E-01 1.18380E-02
 9.63828E-01 1.67121E-01 8.99382E-01 1.68557E-01 4.85774E+01 1.24010E+00 2.37561E-01 3.91156E+01 9.63853E-01 1.67125E-01 1.77178E-02
 1.13840E+00 2.12012E-01 1.05679E+00 2.12453E-01 5.17925E+01 1.45490E+00 2.98905E-01 4.14655E+01 1.13845E+00 2.12020E-01 2.72233E-02
 1.34509E+00 2.61855E-01 1.24284E+00 2.59371E-01 5.51466E+01 1.70866E+00 3.63764E-01 4.38969E+01 1.34516E+00 2.61870E-01 4.30445E-02
 1.58964E+00 3.17756E-01 1.46241E+00 3.09664E-01 5.86437E+01 2.00789E+00 4.32346E-01 4.64126E+01 1.58977E+00 3.17784E-01 7.02128E-02
 1.80633E+00 3.65066E-01 1.65653E+00 3.50643E-01 6.14446E+01 2.27224E+00 4.87556E-01 4.84153E+01 1.80655E+00 3.65112E-01 1.04903E-01
 1.87224E+00 3.80192E-01 1.71934E+00 3.63893E-01 6.22960E+01 2.35939E+00 5.05472E-01 4.90189E+01 1.87249E+00 3.80245E-01 1.18472E-01
 2.24160E+00 4.53886E-01 2.06900E+00 4.27571E-01 6.64412E+01 2.84354E+00 5.91198E-01 5.19478E+01 2.24213E+00 4.53996E-01 2.17051E-01
 2.67627E+00 5.31871E-01 2.48222E+00 4.95593E-01 7.07933E+01 3.41641E+00 6.83052E-01 5.50034E+01 2.67747E+00 5.32110E-01 4.16272E-01
 3.17084E+00 6.11259E-01 2.95790E+00 5.68769E-01 7.53614E+01 4.07809E+00 7.83581E-01 5.81916E+01 3.17378E+00 6.11824E-01 8.37844E-01
 3.72633E+00 6.88734E-01 3.50301E+00 6.45960E-01 8.01518E+01 4.84064E+00 8.92014E-01 6.15159E+01 3.73441E+00 6.90222E-01 1.77052E+00
 4.34353E+00 7.60682E-01 4.11154E+00 7.22616E-01 8.51741E+01 5.69300E+00 1.00159E+00 6.49819E+01 4.36935E+00 7.65222E-01 3.90849E+00
 5.02227E+00 8.23186E-01 4.78778E+00 7.91689E-01 9.04335E+01 6.64293E+00 1.10122E+00 6.85926E+01 5.11905E+00 8.39214E-01 8.84305E+00
 5.76509E+00 8.74334E-01 5.52279E+00 8.48400E-01 9.59336E+01 7.67348E+00 1.18308E+00 7.23499E+01 6.15185E+00 9.33919E-01 1.95117E+01
 6.56938E+00 9.14419E-01 6.31779E+00 8.92106E-01 1.01680E+02 8.78781E+00 1.24592E+00 7.62572E+01 7.89304E+00 1.10199E+00 3.82314E+01
 7.43935E+00 9.44797E-01 7.17646E+00 9.24401E-01 1.07678E+02 9.99092E+00 1.29206E+00 8.03172E+01 1.05584E+01 1.34802E+00 6.05778E+01
 8.37716E+00 9.66963E-01 8.10120E+00 9.47455E-01 1.13932E+02 1.12862E+01 1.32482E+00 8.45329E+01 1.33904E+01 1.55527E+00 7.78813E+01
 9.38382E+00 9.82007E-01 9.09295E+00 9.62883E-01 1.20448E+02 1.26751E+01 1.34666E+00 8.89067E+01 1.57979E+01 1.66331E+00 8.84756E+01
 1.04598E+01 9.90662E-01 1.01526E+01 9.71744E-01 1.27228E+02 1.41590E+01 1.35919E+00 9.34411E+01 1.79151E+01 1.70619E+00 9.55061E+01
 1.16048E+01 9.93432E-01 1.12800E+01 9.74700E-01 1.34277E+02 1.57375E+01 1.36342E+00 9.81383E+01 1.99780E+01 1.71871E+00 1.01348E+02
 1.28176E+01 9.90726E-01 1.24740E+01 9.72222E-01 1.41599E+02 1.74092E+01 1.36002E+00 1.03000E+02 2.21022E+01 1.71593E+00 1.06981E+02
 1.40963E+01 9.82935E-01 1.37328E+01 9.64721E-01 1.49197E+02 1.91717E+01 1.34959E+00 1.08029E+02 2.43255E+01 1.70292E+00 1.12714E+02
 1.54396E+01 9.70463E-01 1.50551E+01 9.52604E-01 1.57077E+02 2.10230E+01 1.33268E+00 1.13228E+02 2.66573E+01 1.68148E+00 1.18636E+02
 1.68437E+01 9.53731E-01 1.64372E+01 9.36285E-01 1.65240E+02 2.29579E+01 1.30989E+00 1.18598E+02 2.90939E+01 1.65260E+00 1.24765E+02
 5.55974E-01 5.09015E-02 5.34403E-01 5.01910E-02 3.67647E+01 7.43225E-01 7.03045E-02 2.97138E+01 5.55979E-01 5.09020E-02 5.24912E-03
 6.56598E-01 8.53794E-02 6.22651E-01 8.58624E-02 3.93046E+01 8.62600E-01 1.20918E-01 3.16166E+01 6.56607E-01 8.53807E-02 7.48665E-03
 7.79120E-01 1.22064E-01 7.31984E-01 1.23342E-01 4.19525E+01 1.01131E+00 1.73922E-01 3.35778E+01 7.79134E-01 1.22066E-01 1.09167E-02
 9.19672E-01 1.61004E-01 8.58360E-01 1.62453E-01 4.47180E+01 1.18361E+00 2.28983E-01 3.56048E+01 9.19695E-01 1.61008E-01 1.63101E-02
 1.08276E+00 2.02753E-01 1.00541E+00 2.03219E-01 4.76040E+01 1.38427E+00 2.85930E-01 3.77001E+01 1.08280E+00 2.02761E-01 2.50218E-02
 1.27489E+00 2.48687E-01 1.17831E+00 2.46352E-01 5.06166E+01 1.62007E+00 3.45514E-01 3.98676E+01 1.27496E+00 2.48702E-01 3.95087E-02
 1.50117E+00 2.99804E-01 1.38138E+00 2.92177E-01 5.37586E+01 1.89678E+00 4.07934E-01 4.21093E+01 1.50130E+00 2.99831E-01 6.43640E-02
 1.70093E+00 3.42808E-01 1.56022E+00 3.29265E-01 5.62755E+01 2.14029E+00 4.57832E-01 4.38935E+01 1.70113E+00 3.42851E-01 9.60777E-02
 1.76141E+00 3.56501E-01 1.61780E+00 3.41212E-01 5.70399E+01 2.22014E+00 4.73965E-01 4.44307E+01 1.76164E+00 3.56551E-01 1.08476E-01
 2.09986E+00 4.22939E-01 1.93787E+00 3.98392E-01 6.07612E+01 2.66320E+00 5.50842E-01 4.70368E+01 2.10036E+00 4.23042E-01 1.98495E-01
 2.49639E+00 4.92626E-01 2.31463E+00 4.58984E-01 6.46658E+01 3.18545E+00 6.32578E-01 4.97534E+01 2.49751E+00 4.92847E-01 3.80239E-01
 2.94549E+00 5.62898E-01 2.74659E+00 5.23729E-01 6.87612E+01 3.78630E+00 7.21513E-01 5.25852E+01 2.94822E+00 5.63418E-01 7.64456E-01
 3.44738E+00 6.30722E-01 3.23923E+00 5.91505E-01 7.30522E+01 4.47550E+00 8.16796E-01 5.55351E+01 3.45485E+00 6.32085E-01 1.61365E+00
 4.00221E+00 6.92852E-01 3.78641E+00 6.58112E-01 7.75463E+01 5.24199E+00 9.12161E-01 5.86076E+01 4.02599E+00 6.96987E-01 3.55830E+00
 4.60930E+00 7.45866E-01 4.39151E+00 7.17238E-01 8.22474E+01 6.09208E+00 9.97628E-01 6.18048E+01 4.69805E+00 7.60387E-01 8.04177E+00
 5.27044E+00 7.88208E-01 5.04587E+00 7.64725E-01 8.71580E+01 7.00962E+00 1.06636E+00 6.51283E+01 5.62375E+00 8.41914E-01 1.77233E+01
 5.98272E+00 8.20307E-01 5.75009E+00 8.00178E-01 9.22822E+01 7.99677E+00 1.11749E+00 6.85803E+01 7.18725E+00 9.88542E-01 3.46857E+01
 6.74939E+00 8.43524E-01 6.50696E+00 8.25198E-01 9.76237E+01 9.05731E+00 1.15336E+00 7.21629E+01 9.57702E+00 1.20346E+00 5.48941E+01
 7.57184E+00 8.59314E-01 7.31808E+00 8.41861E-01 1.03186E+02 1.01935E+01 1.17712E+00 7.58783E+01 1.20998E+01 1.38203E+00 7.04941E+01
 8.45036E+00 8.68741E-01 8.18375E+00 8.51706E-01 1.08972E+02 1.14059E+01 1.19112E+00 7.97282E+01 1.42223E+01 1.47136E+00 7.99970E+01
 9.38485E+00 8.72533E-01 9.10420E+00 8.55756E-01 1.14984E+02 1.26948E+01 1.19692E+00 8.37142E+01 1.60693E+01 1.50263E+00 8.62622E+01
 1.03744E+01 8.71203E-01 1.00787E+01 8.54663E-01 1.21226E+02 1.40593E+01 1.19547E+00 8.78378E+01 1.78548E+01 1.50714E+00 9.14420E+01
 1.14174E+01 8.65168E-01 1.11057E+01 8.48902E-01 1.27699E+02 1.54973E+01 1.18747E+00 9.21001E+01 1.96824E+01 1.49836E+00 9.64210E+01
 1.25117E+01 8.54825E-01 1.21831E+01 8.38882E-01 1.34404E+02 1.70059E+01 1.17351E+00 9.65021E+01 2.15855E+01 1.48087E+00 1.01479E+02
 1.36556E+01 8.40564E-01 1.33093E+01 8.24996E-01 1.41348E+02 1.85826E+01 1.15412E+00 1.01047E+02 2.35712E+01 1.45632E+00 1.06694E+02
 1.48452E+01 8.22796E-01 1.44804E+01 8.07651E-01 1.48528E+02 2.02223E+01 1.12989E+00 1.05734E+02 2.56358E+01 1.42563E+00 1.12082E+02
 5.34061E-01 5.06990E-02 5.13227E-01 5.01660E-02 3.39928E+01 7.13730E-01 7.03369E-02 2.71344E+01 5.34066E-01 5.06995E-02 4.85336E-03
 6.29661E-01 8.39515E-02 5.97096E-01 8.45564E-02 3.62615E+01 8.27192E-01 1.19128E-01 2.88274E+01 6.29670E-01 8.39527E-02 6.90700E-03
 7.45274E-01 1.18808E-01 7.00320E-01 1.20150E-01 3.86326E+01 9.67621E-01 1.69458E-01 3.05736E+01 7.45287E-01 1.18810E-01 1.00528E-02
 8.77034E-01 1.55340E-01 8.18828E-01 1.56810E-01 4.11134E+01 1.12921E+00 2.21056E-01 3.23793E+01 8.77056E-01 1.55344E-01 1.49954E-02
 1.02913E+00 1.94084E-01 9.55977E-01 1.94581E-01 4.37052E+01 1.31637E+00 2.73796E-01 3.42459E+01 1.02916E+00 1.94092E-01 2.29725E-02
 1.20747E+00 2.36302E-01 1.11645E+00 2.34122E-01 4.64121E+01 1.53521E+00 3.28376E-01 3.61764E+01 1.20753E+00 2.36316E-01 3.62268E-02
 1.41662E+00 2.82920E-01 1.30405E+00 2.75752E-01 4.92357E+01 1.79079E+00 3.85013E-01 3.81724E+01 1.41673E+00 2.82945E-01 5.89487E-02
 1.60058E+00 3.21918E-01 1.46865E+00 3.09222E-01 5.14976E+01 2.01486E+00 4.29972E-01 3.97605E+01 1.60078E+00 3.21958E-01 8.79203E-02
 1.65603E+00 3.34288E-01 1.52135E+00 3.19965E-01 5.21838E+01 2.08791E+00 4.44457E-01 4.02381E+01 1.65625E+00 3.34335E-01 9.92406E-02
 1.96576E+00 3.94057E-01 1.81388E+00 3.71167E-01 5.55239E+01 2.49271E+00 5.13192E-01 4.25546E+01 1.96623E+00 3.94153E-01 1.81385E-01
 2.32689E+00 4.56174E-01 2.15676E+00 4.24976E-01 5.90260E+01 2.96788E+00 5.85689E-01 4.49673E+01 2.32793E+00 4.56379E-01 3.47074E-01
 2.73380E+00 5.18174E-01 2.54807E+00 4.82046E-01 6.26961E+01 3.51219E+00 6.64061E-01 4.74801E+01 2.73633E+00 5.18652E-01 6.97019E-01
 3.18624E+00 5.77335E-01 2.99235E+00 5.41366E-01 6.65380E+01 4.13380E+00 7.47531E-01 5.00952E+01 3.19313E+00 5.78582E-01 1.46972E+00
 3.68363E+00 6.30751E-01 3.48312E+00 5.99054E-01 7.05572E+01 4.82135E+00 8.30275E-01 5.28161E+01 3.70550E+00 6.34514E-01 3.23744E+00
 4.22487E+00 6.75429E-01 4.02284E+00 6.49424E-01 7.47566E+01 5.57969E+00 9.03271E-01 5.56443E+01 4.30617E+00 6.88577E-01 7.30862E+00
 4.81114E+00 7.10131E-01 4.60328E+00 6.88882E-01 7.91377E+01 6.39365E+00 9.60564E-01 5.85809E+01 5.13342E+00 7.58510E-01 1.60892E+01
 5.43934E+00 7.35404E-01 5.22454E+00 7.17255E-01 8.37032E+01 7.26457E+00 1.00164E+00 6.16275E+01 6.53361E+00 8.86199E-01 3.14500E+01
 6.11191E+00 7.52602E-01 5.88867E+00 7.36143E-01 8.84557E+01 8.19521E+00 1.02885E+00 6.47855E+01 8.67044E+00 1.07368E+00 4.97138E+01
 6.82960E+00 7.63129E-01 6.59662E+00 7.47520E-01 9.33973E+01 9.18697E+00 1.04517E+00 6.80563E+01 1.09105E+01 1.22725E+00 6.37691E+01
 7.59216E+00 7.68017E-01 7.34816E+00 7.52848E-01 9.85299E+01 1.02395E+01 1.05283E+00 7.14410E+01 1.27739E+01 1.30067E+00 7.22868E+01
 8.39902E+00 7.67976E-01 8.14304E+00 7.53102E-01 1.03855E+02 1.13527E+01 1.05329E+00 7.49407E+01 1.43768E+01 1.32247E+00 7.78646E+01
 9.24886E+00 7.63515E-01 8.98009E+00 7.48916E-01 1.09374E+02 1.25248E+01 1.04751E+00 7.85560E+01 1.59129E+01 1.32075E+00 8.24517E+01
 1.01399E+01 7.55052E-01 9.85758E+00 7.40755E-01 1.15088E+02 1.37535E+01 1.03615E+00 8.22875E+01 1.74750E+01 1.30756E+00 8.68470E+01
 1.10697E+01 7.42974E-01 1.07732E+01 7.29020E-01 1.20998E+02 1.50357E+01 1.01978E+00 8.61357E+01 1.90923E+01 1.28701E+00 9.13028E+01
 1.20363E+01 7.27654E-01 1.17250E+01 7.14085E-01 1.27106E+02 1.63683E+01 9.98929E-01 9.01026E+01 2.07705E+01 1.26061E+00 9.58884E+01
 1.30361E+01 7.09483E-01 1.27094E+01 6.96335E-01 1.33411E+02 1.77467E+01 9.74131E-01 9.41870E+01 2.25057E+01 1.22921E+00 1.00617E+02
 5.11478E-01 5.08746E-02 4.91414E-01 5.05261E-02 3.14119E+01 6.83352E-01 7.09135E-02 2.47944E+01 5.11483E-01 5.08751E-02 4.48486E-03
 6.02158E-01 8.29060E-02 5.71000E-01 8.36376E-02 3.34426E+01 7.91033E-01 1.17884E-01 2.62986E+01 6.02166E-01 8.29072E-02 6.37006E-03
 7.10940E-01 1.15975E-01 6.68187E-01 1.17383E-01 3.55692E+01 9.23276E-01 1.65592E-01 2.78510E+01 7.10953E-01 1.15977E-01 9.25570E-03
 8.33967E-01 1.50185E-01 7.78893E-01 1.51678E-01 3.77971E+01 1.07425E+00 2.13847E-01 2.94569E+01 8.33988E-01 1.50190E-01 1.37858E-02
 9.75136E-01 1.86066E-01 9.06229E-01 1.86594E-01 4.01261E+01 1.24803E+00 2.62577E-01 3.11170E+01 9.75171E-01 1.86073E-01 2.10912E-02
 1.13979E+00 2.24786E-01 1.05440E+00 2.22755E-01 4.25589E+01 1.45010E+00 3.12449E-01 3.28336E+01 1.13986E+00 2.24799E-01 3.32192E-02
 1.33195E+00 2.67197E-01 1.22674E+00 2.60470E-01 4.50962E+01 1.68488E+00 3.63694E-01 3.46076E+01 1.33206E+00 2.67220E-01 5.39925E-02
 1.50038E+00 3.02470E-01 1.37736E+00 2.90589E-01 4.71284E+01 1.88990E+00 4.04081E-01 3.60187E+01 1.50056E+00 3.02507E-01 8.04608E-02
 1.55088E+00 3.13619E-01 1.42527E+00 3.00225E-01 4.77441E+01 1.95628E+00 4.17054E-01 3.64426E+01 1.55108E+00 3.13663E-01 9.07972E-02
 1.83254E+00 3.67283E-01 1.69085E+00 3.45970E-01 5.07402E+01 2.32360E+00 4.78361E-01 3.84981E+01 1.83297E+00 3.67372E-01 1.65757E-01
 2.15936E+00 4.22563E-01 2.00078E+00 3.93652E-01 5.38789E+01 2.75296E+00 5.42516E-01 4.06370E+01 2.16032E+00 4.22753E-01 3.16807E-01
 2.52568E+00 4.77175E-01 2.35282E+00 4.43854E-01 5.71648E+01 3.24254E+00 6.11426E-01 4.28627E+01 2.52801E+00 4.77616E-01 6.35517E-01
 2.93080E+00 5.28669E-01 2.75069E+00 4.95637E-01 6.06006E+01 3.79923E+00 6.84350E-01 4.51767E+01 2.93714E+00 5.29811E-01 1.33854E+00
 3.37374E+00 5.74481E-01 3.18790E+00 5.45504E-01 6.41906E+01 4.41181E+00 7.56013E-01 4.75818E+01 3.39376E+00 5.77908E-01 2.94517E+00
 3.85299E+00 6.12001E-01 3.66610E+00 5.88329E-01 6.79365E+01 5.08384E+00 8.18252E-01 5.00789E+01 3.92707E+00 6.23911E-01 6.64117E+00
 4.36922E+00 6.40245E-01 4.17739E+00 6.20979E-01 7.18391E+01 5.80091E+00 8.65840E-01 5.26686E+01 4.66163E+00 6.83853E-01 1.46024E+01
 4.91924E+00 6.59846E-01 4.72151E+00 6.43455E-01 7.59001E+01 6.56376E+00 8.98540E-01 5.53521E+01 5.90797E+00 7.95121E-01 2.85079E+01
 5.50487E+00 6.72143E-01 5.29995E+00 6.57337E-01 8.01210E+01 7.37437E+00 9.18663E-01 5.81301E+01 7.80718E+00 9.58838E-01 4.50065E+01
 6.12638E+00 6.78483E-01 5.91316E+00 6.64499E-01 8.45029E+01 8.23348E+00 9.29047E-01 6.10036E+01 9.78376E+00 1.09104E+00 5.76618E+01
 6.78316E+00 6.79855E-01 6.56059E+00 6.66324E-01 8.90468E+01 9.14028E+00 9.31785E-01 6.39730E+01 1.14087E+01 1.15127E+00 6.52885E+01
 7.47433E+00 6.76949E-01 7.24163E+00 6.63737E-01 9.37531E+01 1.00940E+01 9.28269E-01 6.70388E+01 1.27895E+01 1.16563E+00 7.02465E+01
 8.19835E+00 6.70259E-01 7.95490E+00 6.57345E-01 9.86223E+01 1.10929E+01 9.19395E-01 7.02012E+01 1.41006E+01 1.15934E+00 7.43002E+01
 8.95329E+00 6.60190E-01 8.69852E+00 6.47595E-01 1.03654E+02 1.21342E+01 9.05807E-01 7.34604E+01 1.54249E+01 1.14320E+00 7.81712E+01
 9.73680E+00 6.47115E-01 9.47023E+00 6.34872E-01 1.08849E+02 1.32149E+01 8.88050E-01 7.68161E+01 1.67879E+01 1.12088E+00 8.20865E+01
 1.05467E+01 6.31383E-01 1.02678E+01 6.19523E-01 1.14208E+02 1.43317E+01 8.66614E-01 8.02695E+01 1.81942E+01 1.09375E+00 8.61077E+01
 1.13796E+01 6.13358E-01 1.10881E+01 6.01910E-01 1.19729E+02 1.54803E+01 8.42003E-01 8.38194E+01 1.96400E+01 1.06259E+00 9.02466E+01
 4.92849E-01 5.14149E-02 4.73415E-01 5.12607E-02 2.89329E+01 6.58282E-01 7.20205E-02 2.25871E+01 4.92854E-01 5.14155E-02 4.13092E-03
 5.78955E-01 8.21878E-02 5.49001E-01 8.30513E-02 3.07479E+01 7.60558E-01 1.17110E-01 2.39166E+01 5.78962E-01 8.21890E-02 5.85679E-03
 6.81678E-01 1.13457E-01 6.40804E-01 1.14932E-01 3.26514E+01 8.85487E-01 1.62172E-01 2.52898E+01 6.81690E-01 1.13459E-01 8.49643E-03
 7.97157E-01 1.45369E-01 7.44725E-01 1.46881E-01 3.46471E+01 1.02721E+00 2.07109E-01 2.67109E+01 7.97178E-01 1.45373E-01 1.26370E-02
 9.29029E-01 1.78455E-01 8.63655E-01 1.79007E-01 3.67344E+01 1.18951E+00 2.51917E-01 2.81801E+01 9.29063E-01 1.78462E-01 1.93084E-02
 1.08216E+00 2.13800E-01 1.00140E+00 2.11902E-01 3.89143E+01 1.37735E+00 2.97240E-01 2.96990E+01 1.08222E+00 2.13813E-01 3.03743E-02
 1.26011E+00 2.52197E-01 1.16090E+00 2.45881E-01 4.11869E+01 1.59460E+00 3.43335E-01 3.12683E+01 1.26021E+00 2.52220E-01 4.93120E-02
 1.41554E+00 2.83942E-01 1.29981E+00 2.72824E-01 4.30066E+01 1.78362E+00 3.79392E-01 3.25162E+01 1.41571E+00 2.83978E-01 7.34236E-02
 1.46193E+00 2.93939E-01 1.34376E+00 2.81416E-01 4.35570E+01 1.84449E+00 3.90939E-01 3.28906E+01 1.46213E+00 2.93980E-01 8.28343E-02
 1.72040E+00 3.41850E-01 1.58724E+00 3.22033E-01 4.62346E+01 2.18114E+00 4.45273E-01 3.47056E+01 1.72080E+00 3.41933E-01 1.51037E-01
 2.01910E+00 3.90734E-01 1.87033E+00 3.64004E-01 4.90365E+01 2.57328E+00 5.01657E-01 3.65928E+01 2.02000E+00 3.90910E-01 2.88332E-01
 2.35249E+00 4.38505E-01 2.19066E+00 4.07856E-01 5.19666E+01 3.01872E+00 5.61825E-01 3.85547E+01 2.35466E+00 4.38910E-01 5.77720E-01
 2.71960E+00 4.82972E-01 2.55121E+00 4.52732E-01 5.50266E+01 3.52321E+00 6.25082E-01 4.05925E+01 2.72548E+00 4.84015E-01 1.21540E+00
 3.11923E+00 5.21871E-01 2.94570E+00 4.95449E-01 5.82196E+01 4.07595E+00 6.86603E-01 4.27082E+01 3.13772E+00 5.24983E-01 2.67107E+00
 3.54982E+00 5.52956E-01 3.37548E+00 5.31454E-01 6.15464E+01 4.67997E+00 7.39104E-01 4.49024E+01 3.61801E+00 5.63715E-01 6.01585E+00
 4.01178E+00 5.75480E-01 3.83312E+00 5.58046E-01 6.50071E+01 5.32183E+00 7.78045E-01 4.71752E+01 4.28005E+00 6.14667E-01 1.32108E+01
 4.50201E+00 5.90134E-01 4.31820E+00 5.75361E-01 6.86025E+01 6.00194E+00 8.03407E-01 4.95273E+01 5.40614E+00 7.11087E-01 2.57572E+01
 5.02197E+00 5.98223E-01 4.83187E+00 5.84936E-01 7.23332E+01 6.72183E+00 8.17436E-01 5.19590E+01 7.12059E+00 8.53329E-01 4.06101E+01
 5.57171E+00 6.01035E-01 5.37437E+00 5.88541E-01 7.61996E+01 7.48191E+00 8.22807E-01 5.44706E+01 8.89529E+00 9.66421E-01 5.19633E+01
 6.15052E+00 5.99513E-01 5.94502E+00 5.87477E-01 8.02016E+01 8.28122E+00 8.21485E-01 5.70623E+01 1.03414E+01 1.01512E+00 5.87648E+01
 6.75742E+00 5.94315E-01 6.54314E+00 5.82615E-01 8.43391E+01 9.11889E+00 8.14778E-01 5.97339E+01 1.15591E+01 1.02325E+00 6.31516E+01
 7.39092E+00 5.85919E-01 7.16733E+00 5.74533E-01 8.86115E+01 9.99305E+00 8.03532E-01 6.24854E+01 1.27080E+01 1.01337E+00 6.67153E+01
 8.04917E+00 5.74713E-01 7.81582E+00 5.63655E-01 9.30182E+01 1.09012E+01 7.88362E-01 6.53163E+01 1.38632E+01 9.95095E-01 7.01056E+01
 8.72999E+00 5.61048E-01 8.48650E+00 5.50343E-01 9.75579E+01 1.18404E+01 7.69778E-01 6.82260E+01 1.50478E+01 9.71714E-01 7.35262E+01
 9.43128E+00 5.45246E-01 9.17728E+00 5.34920E-01 1.02231E+02 1.28077E+01 7.48234E-01 7.12151E+01 1.62657E+01 9.44451E-01 7.70315E+01
 1.01502E+01 5.27644E-01 9.88534E+00 5.17715E-01 1.07036E+02 1.37992E+01 7.24194E-01 7.42819E+01 1.75136E+01 9.14026E-01 8.06317E+01
 4.75115E-01 5.22743E-02 4.56292E-01 5.23276E-02 2.66168E+01 6.34437E-01 7.35998E-02 2.05602E+01 4.75120E-01 5.22748E-02 3.80024E-03
 5.56751E-01 8.17195E-02 5.27961E-01 8.27234E-02 2.82435E+01 7.31416E-01 1.16702E-01 2.17360E+01 5.56759E-01 8.17207E-02 5.37975E-03
 6.53610E-01 1.11154E-01 6.14547E-01 1.12703E-01 2.99514E+01 8.49256E-01 1.59065E-01 2.29515E+01 6.53622E-01 1.11156E-01 7.79384E-03
 7.61798E-01 1.40778E-01 7.11916E-01 1.42311E-01 3.17432E+01 9.82048E-01 2.00693E-01 2.42101E+01 7.61817E-01 1.40782E-01 1.15778E-02
 8.84687E-01 1.71126E-01 8.22727E-01 1.71701E-01 3.36176E+01 1.13326E+00 2.41653E-01 2.55118E+01 8.84719E-01 1.71133E-01 1.76701E-02
 1.02667E+00 2.03212E-01 9.50404E-01 2.01441E-01 3.55748E+01 1.30735E+00 2.82578E-01 2.68575E+01 1.02672E+00 2.03224E-01 2.77677E-02
 1.19086E+00 2.37773E-01 1.09751E+00 2.31849E-01 3.76143E+01 1.50768E+00 3.23753E-01 2.82476E+01 1.19096E+00 2.37794E-01 4.50345E-02
 1.33374E+00 2.66171E-01 1.22510E+00 2.55783E-01 3.92466E+01 1.68127E+00 3.55707E-01 2.93528E+01 1.33390E+00 2.66204E-01 6.70043E-02
 1.37617E+00 2.75081E-01 1.26524E+00 2.63392E-01 3.97394E+01 1.73684E+00 3.65912E-01 2.96839E+01 1.37636E+00 2.75119E-01 7.55741E-02
 1.61226E+00 3.17593E-01 1.48735E+00 2.99197E-01 4.21359E+01 2.04384E+00 4.13703E-01 3.12888E+01 1.61264E+00 3.17670E-01 1.37647E-01
 1.88379E+00 3.60527E-01 1.74451E+00 3.35858E-01 4.46410E+01 2.39996E+00 4.62865E-01 3.29562E+01 1.88463E+00 3.60689E-01 2.62485E-01
 2.18528E+00 4.01975E-01 2.03410E+00 3.73844E-01 4.72576E+01 2.80264E+00 5.14959E-01 3.46882E+01 2.18730E+00 4.02346E-01 5.25362E-01
 2.51552E+00 4.39991E-01 2.35851E+00 4.12374E-01 4.99866E+01 3.25658E+00 5.69333E-01 3.64856E+01 2.52095E+00 4.40941E-01 1.10405E+00
 2.87311E+00 4.72604E-01 2.71164E+00 4.48588E-01 5.28301E+01 3.75143E+00 6.21627E-01 3.83495E+01 2.89014E+00 4.75422E-01 2.42368E+00
 3.25636E+00 4.97898E-01 3.09438E+00 4.78439E-01 5.57881E+01 4.28940E+00 6.65337E-01 4.02803E+01 3.31887E+00 5.07582E-01 5.45243E+00
 3.66541E+00 5.15329E-01 3.49974E+00 4.99616E-01 5.88603E+01 4.85799E+00 6.96542E-01 4.22779E+01 3.91032E+00 5.50411E-01 1.19591E+01
 4.09724E+00 5.25642E-01 3.92715E+00 5.12382E-01 6.20467E+01 5.45731E+00 7.15425E-01 4.43422E+01 4.91934E+00 6.33350E-01 2.32870E+01
 4.55292E+00 5.30102E-01 4.37745E+00 5.18226E-01 6.53471E+01 6.08844E+00 7.24171E-01 4.64733E+01 6.45382E+00 7.56103E-01 3.66683E+01
 5.03230E+00 5.29930E-01 4.85064E+00 5.18814E-01 6.87610E+01 6.75145E+00 7.25286E-01 4.86712E+01 8.03144E+00 8.52011E-01 4.68616E+01
 5.53450E+00 5.26018E-01 5.34590E+00 5.15359E-01 7.22880E+01 7.44520E+00 7.20603E-01 5.09355E+01 9.30232E+00 8.90592E-01 5.29321E+01
 6.05848E+00 5.18990E-01 5.86241E+00 5.08678E-01 7.59270E+01 8.16863E+00 7.11340E-01 5.32658E+01 1.03599E+01 8.93470E-01 5.68160E+01
 6.60271E+00 5.09300E-01 6.39877E+00 4.99310E-01 7.96768E+01 8.91984E+00 6.98291E-01 5.56614E+01 1.13488E+01 8.80766E-01 5.99502E+01
 7.16541E+00 4.97313E-01 6.95327E+00 4.87656E-01 8.35362E+01 9.69640E+00 6.82029E-01 5.81218E+01 1.23369E+01 8.60996E-01 6.29201E+01
 7.74452E+00 4.83359E-01 7.52389E+00 4.74051E-01 8.75035E+01 1.04955E+01 6.63033E-01 6.06459E+01 1.33448E+01 8.37079E-01 6.59084E+01
 8.33804E+00 4.67730E-01 8.10866E+00 4.58790E-01 9.15783E+01 1.13145E+01 6.41714E-01 6.32338E+01 1.43757E+01 8.10104E-01 6.89634E+01
 8.94339E+00 4.50732E-01 8.70505E+00 4.42173E-01 9.57576E+01 1.21497E+01 6.18494E-01 6.58836E+01 1.54267E+01 7.80721E-01 7.20939E+01
 4.58539E-01 5.35326E-02 4.40303E-01 5.38091E-02 2.44217E+01 6.12178E-01 7.57679E-02 1.86591E+01 4.58544E-01 5.35332E-02 3.48682E-03
 5.35966E-01 8.15372E-02 5.08282E-01 8.26916E-02 2.58770E+01 7.04168E-01 1.16715E-01 1.96948E+01 5.35973E-01 8.15384E-02 4.92899E-03
 6.27186E-01 1.09071E-01 5.89842E-01 1.10698E-01 2.74066E+01 8.15172E-01 1.56276E-01 2.07669E+01 6.27197E-01 1.09073E-01 7.13165E-03
 7.28313E-01 1.36386E-01 6.80854E-01 1.37945E-01 2.90124E+01 9.39294E-01 1.94563E-01 2.18780E+01 7.28332E-01 1.36390E-01 1.05818E-02
 8.42509E-01 1.64027E-01 7.83794E-01 1.64627E-01 3.06923E+01 1.07976E+00 2.31715E-01 2.30278E+01 8.42540E-01 1.64034E-01 1.61326E-02
 9.73746E-01 1.92942E-01 9.01754E-01 1.91294E-01 3.24460E+01 1.24056E+00 2.68356E-01 2.42166E+01 9.73799E-01 1.92953E-01 2.53255E-02
 1.12476E+00 2.23817E-01 1.03694E+00 2.18268E-01 3.42724E+01 1.42463E+00 3.04800E-01 2.54445E+01 1.12485E+00 2.23837E-01 4.10333E-02
 1.25563E+00 2.49022E-01 1.15372E+00 2.39332E-01 3.57335E+01 1.58347E+00 3.32841E-01 2.64206E+01 1.25578E+00 2.49053E-01 6.10063E-02
 1.29431E+00 2.56901E-01 1.19025E+00 2.46009E-01 3.61736E+01 1.63401E+00 3.41773E-01 2.67126E+01 1.29449E+00 2.56937E-01 6.87927E-02
 1.50918E+00 2.94310E-01 1.39216E+00 2.77273E-01 3.83130E+01 1.91298E+00 3.83394E-01 2.81275E+01 1.50954E+00 2.94382E-01 1.25159E-01
 1.75514E+00 3.31666E-01 1.62494E+00 3.08966E-01 4.05467E+01 2.23528E+00 4.25800E-01 2.95964E+01 1.75593E+00 3.31815E-01 2.38409E-01
 2.02684E+00 3.67248E-01 1.88587E+00 3.41516E-01 4.28767E+01 2.59809E+00 4.70415E-01 3.11208E+01 2.02871E+00 3.67587E-01 4.76653E-01
 2.32287E+00 3.99340E-01 2.17675E+00 3.74214E-01 4.53032E+01 3.00515E+00 5.16625E-01 3.27010E+01 2.32789E+00 4.00202E-01 1.00058E+00
 2.64172E+00 4.26241E-01 2.49172E+00 4.04498E-01 4.78274E+01 3.44656E+00 5.60497E-01 3.43379E+01 2.65736E+00 4.28782E-01 2.19405E+00
 2.98162E+00 4.46341E-01 2.83134E+00 4.28802E-01 5.04487E+01 3.92400E+00 5.96271E-01 3.60311E+01 3.03880E+00 4.55021E-01 4.93004E+00
 3.34252E+00 4.59281E-01 3.18913E+00 4.45177E-01 5.31661E+01 4.42590E+00 6.20605E-01 3.77804E+01 3.56565E+00 4.90539E-01 1.07998E+01
 3.72152E+00 4.65839E-01 3.56438E+00 4.53986E-01 5.59790E+01 4.95214E+00 6.33849E-01 3.95854E+01 4.46754E+00 5.61266E-01 2.10016E+01
 4.11939E+00 4.67231E-01 3.95768E+00 4.56664E-01 5.88866E+01 5.50342E+00 6.38104E-01 4.14458E+01 5.83767E+00 6.66373E-01 3.30250E+01
 4.53580E+00 4.64608E-01 4.36884E+00 4.54763E-01 6.18879E+01 6.07956E+00 6.35707E-01 4.33610E+01 7.23652E+00 7.46910E-01 4.21506E+01
 4.96981E+00 4.58806E-01 4.79696E+00 4.49412E-01 6.49817E+01 6.67932E+00 6.28354E-01 4.53306E+01 8.35008E+00 7.76710E-01 4.75505E+01
 5.42030E+00 4.50408E-01 5.24116E+00 4.41364E-01 6.81665E+01 7.30152E+00 6.17171E-01 4.73536E+01 9.26516E+00 7.75315E-01 5.09751E+01
 5.88580E+00 4.39841E-01 5.70005E+00 4.31122E-01 7.14406E+01 7.94428E+00 6.02894E-01 4.94293E+01 1.01129E+01 7.60561E-01 5.37183E+01
 6.36459E+00 4.27444E-01 6.17199E+00 4.19056E-01 7.48023E+01 8.60528E+00 5.86053E-01 5.15566E+01 1.09542E+01 7.39950E-01 5.63060E+01
 6.85477E+00 4.13520E-01 6.65512E+00 4.05473E-01 7.82493E+01 9.28194E+00 5.67084E-01 5.37344E+01 1.18076E+01 7.16054E-01 5.89017E+01
 7.35444E+00 3.98331E-01 7.14757E+00 3.90638E-01 8.17806E+01 9.97164E+00 5.46358E-01 5.59622E+01 1.26756E+01 6.89831E-01 6.15483E+01
 7.86133E+00 3.82151E-01 7.64711E+00 3.74819E-01 8.53930E+01 1.06713E+01 5.24252E-01 5.82382E+01 1.35558E+01 6.61860E-01 6.42531E+01
 4.42728E-01 5.51391E-02 4.25080E-01 5.56480E-02 2.24255E+01 5.90997E-01 7.84421E-02 1.69440E+01 4.42733E-01 5.51397E-02 3.20182E-03
 5.15750E-01 8.16487E-02 4.89216E-01 8.29607E-02 2.37317E+01 6.77796E-01 1.17153E-01 1.78588E+01 5.15757E-01 8.16499E-02 4.52035E-03
 6.01251E-01 1.07288E-01 5.65683E-01 1.09002E-01 2.51062E+01 7.81878E-01 1.53923E-01 1.88073E+01 6.01262E-01 1.07291E-01 6.53304E-03
 6.95399E-01 1.32364E-01 6.50419E-01 1.33955E-01 2.65502E+01 8.97443E-01 1.88964E-01 1.97916E+01 6.95417E-01 1.32368E-01 9.68373E-03
 8.01155E-01 1.57430E-01 7.45721E-01 1.58057E-01 2.80612E+01 1.02747E+00 2.22487E-01 2.08109E+01 8.01185E-01 1.57437E-01 1.47496E-02
 9.22110E-01 1.83376E-01 8.54378E-01 1.81843E-01 2.96380E+01 1.17557E+00 2.55111E-01 2.18648E+01 9.22160E-01 1.83387E-01 2.31337E-02
 1.06063E+00 2.10844E-01 9.78282E-01 2.05642E-01 3.12791E+01 1.34423E+00 2.87178E-01 2.29533E+01 1.06072E+00 2.10863E-01 3.74495E-02
 1.18021E+00 2.33123E-01 1.08488E+00 2.24076E-01 3.25911E+01 1.48918E+00 3.11635E-01 2.38184E+01 1.18035E+00 2.33153E-01 5.56413E-02
 1.21536E+00 2.40064E-01 1.11802E+00 2.29906E-01 3.29854E+01 1.53501E+00 3.19410E-01 2.40767E+01 1.21552E+00 2.40097E-01 6.27293E-02
 1.41036E+00 2.72846E-01 1.30098E+00 2.57059E-01 3.49007E+01 1.78769E+00 3.55445E-01 2.53280E+01 1.41069E+00 2.72912E-01 1.14011E-01
 1.63245E+00 3.05189E-01 1.51100E+00 2.84293E-01 3.68977E+01 2.07840E+00 3.91794E-01 2.66259E+01 1.63318E+00 3.05326E-01 2.16952E-01
 1.87646E+00 3.35546E-01 1.74528E+00 3.12007E-01 3.89775E+01 2.40414E+00 4.29757E-01 2.79714E+01 1.87819E+00 3.35855E-01 4.33301E-01
 2.14081E+00 3.62418E-01 2.00512E+00 3.39564E-01 4.11398E+01 2.76777E+00 4.68767E-01 2.93645E+01 2.14543E+00 3.63200E-01 9.08601E-01
 2.42389E+00 3.84345E-01 2.28486E+00 3.64668E-01 4.33848E+01 3.15986E+00 5.05276E-01 3.08054E+01 2.43823E+00 3.86636E-01 1.99015E+00
 2.72387E+00 3.99986E-01 2.58478E+00 3.84184E-01 4.57116E+01 3.58157E+00 5.34195E-01 3.22936E+01 2.77607E+00 4.07762E-01 4.46662E+00
 3.04057E+00 4.09139E-01 2.89887E+00 3.96485E-01 4.81186E+01 4.02223E+00 5.52690E-01 3.38285E+01 3.24335E+00 4.36977E-01 9.77231E+00
 3.37118E+00 4.12603E-01 3.22636E+00 4.02012E-01 5.06047E+01 4.48152E+00 5.61248E-01 3.54095E+01 4.04632E+00 4.97101E-01 1.89780E+01
 3.71625E+00 4.11540E-01 3.56758E+00 4.02139E-01 5.31685E+01 4.95986E+00 5.61879E-01 3.70359E+01 5.26485E+00 5.86895E-01 2.98021E+01
 4.07531E+00 4.07026E-01 3.92224E+00 3.98309E-01 5.58087E+01 5.45688E+00 5.56755E-01 3.87069E+01 6.49945E+00 6.54269E-01 3.79863E+01
 4.44736E+00 3.99840E-01 4.28937E+00 3.91563E-01 5.85234E+01 5.97124E+00 5.47437E-01 4.04217E+01 7.46934E+00 6.76806E-01 4.27968E+01
 4.83130E+00 3.90523E-01 4.66806E+00 3.82593E-01 6.13110E+01 6.50174E+00 5.34957E-01 4.21794E+01 8.25505E+00 6.72149E-01 4.58189E+01
 5.22568E+00 3.79469E-01 5.05699E+00 3.71862E-01 6.41693E+01 7.04654E+00 5.19990E-01 4.39787E+01 8.97515E+00 6.56088E-01 4.82202E+01
 5.62892E+00 3.66990E-01 5.45459E+00 3.59707E-01 6.70962E+01 7.60347E+00 5.03021E-01 4.58186E+01 9.68430E+00 6.35222E-01 5.04742E+01
 6.03926E+00 3.53359E-01 5.85917E+00 3.46406E-01 7.00892E+01 8.17017E+00 4.84443E-01 4.76977E+01 1.03989E+01 6.11807E-01 5.27276E+01
 6.45495E+00 3.38811E-01 6.26900E+00 3.32193E-01 7.31469E+01 8.74421E+00 4.64586E-01 4.96152E+01 1.11212E+01 5.86684E-01 5.50184E+01
 6.87401E+00 3.23584E-01 6.68214E+00 3.17305E-01 7.62658E+01 9.32288E+00 4.43781E-01 5.15692E+01 1.18490E+01 5.60358E-01 5.73529E+01
 4.27936E-01 5.71131E-02 4.10880E-01 5.78674E-02 2.05730E+01 5.71255E-01 8.16564E-02 1.53608E+01 4.27941E-01 5.71137E-02 2.93733E-03
 4.96429E-01 8.20568E-02 4.71067E-01 8.35357E-02 2.17484E+01 6.52723E-01 1.18025E-01 1.61711E+01 4.96435E-01 8.20580E-02 4.14257E-03
 5.76229E-01 1.05778E-01 5.42452E-01 1.07584E-01 2.29869E+01 7.49893E-01 1.51965E-01 1.70127E+01 5.76239E-01 1.05780E-01 5.98157E-03
 6.63582E-01 1.28636E-01 6.21074E-01 1.30265E-01 2.42889E+01 8.57122E-01 1.83790E-01 1.78869E+01 6.63599E-01 1.28640E-01 8.85893E-03
 7.61243E-01 1.51198E-01 7.09044E-01 1.51856E-01 2.56511E+01 9.77128E-01 2.13781E-01 1.87927E+01 7.61271E-01 1.51204E-01 1.34828E-02
 8.72440E-01 1.74299E-01 8.08874E-01 1.72882E-01 2.70717E+01 1.11317E+00 2.42555E-01 1.97292E+01 8.72488E-01 1.74309E-01 2.11306E-02
 9.99190E-01 1.98544E-01 9.22145E-01 1.93678E-01 2.85488E+01 1.26731E+00 2.70483E-01 2.06959E+01 9.99273E-01 1.98562E-01 3.41805E-02
 1.10818E+00 2.18083E-01 1.01920E+00 2.09650E-01 2.97285E+01 1.39924E+00 2.91584E-01 2.14638E+01 1.10831E+00 2.18110E-01 5.07540E-02
 1.14005E+00 2.24149E-01 1.04917E+00 2.14691E-01 3.00820E+01 1.44065E+00 2.98281E-01 2.16926E+01 1.14020E+00 2.24181E-01 5.72077E-02
 1.31653E+00 2.52649E-01 1.21447E+00 2.38039E-01 3.17980E+01 1.66883E+00 3.29149E-01 2.28004E+01 1.31684E+00 2.52710E-01 1.03875E-01
 1.51648E+00 2.80399E-01 1.40336E+00 2.61193E-01 3.35838E+01 1.93022E+00 3.59957E-01 2.39480E+01 1.51716E+00 2.80525E-01 1.97465E-01
 1.73489E+00 3.06017E-01 1.61300E+00 2.84520E-01 3.54402E+01 2.22167E+00 3.91884E-01 2.51360E+01 1.73649E+00 3.06300E-01 3.93972E-01
 1.97012E+00 3.28208E-01 1.84428E+00 3.07458E-01 3.73661E+01 2.54537E+00 4.24423E-01 2.63639E+01 1.97437E+00 3.28917E-01 8.25235E-01
 2.22044E+00 3.45735E-01 2.09178E+00 3.27964E-01 3.93612E+01 2.89231E+00 4.54392E-01 2.76318E+01 2.23357E+00 3.47796E-01 1.80548E+00
 2.48405E+00 3.57495E-01 2.35552E+00 3.43290E-01 4.14239E+01 3.26321E+00 4.77301E-01 2.89389E+01 2.53162E+00 3.64443E-01 4.04720E+00
 2.76065E+00 3.63419E-01 2.62997E+00 3.52092E-01 4.35524E+01 3.64830E+00 4.90773E-01 3.02842E+01 2.94459E+00 3.88139E-01 8.84301E+00
 3.04757E+00 3.64314E-01 2.91430E+00 3.54873E-01 4.57452E+01 4.04713E+00 4.95403E-01 3.16669E+01 3.65729E+00 4.38899E-01 1.71490E+01
 3.34518E+00 3.61282E-01 3.20872E+00 3.52940E-01 4.80005E+01 4.45991E+00 4.93102E-01 3.30862E+01 4.73771E+00 5.15173E-01 2.68907E+01
 3.65293E+00 3.55324E-01 3.51282E+00 3.47626E-01 5.03166E+01 4.88612E+00 4.85876E-01 3.45411E+01 5.82356E+00 5.71092E-01 3.42266E+01
 3.96984E+00 3.47157E-01 3.82565E+00 3.39885E-01 5.26915E+01 5.32445E+00 4.75152E-01 3.60305E+01 6.66452E+00 5.87554E-01 3.85069E+01
 4.29480E+00 3.37281E-01 4.14630E+00 3.30348E-01 5.51231E+01 5.77368E+00 4.61872E-01 3.75534E+01 7.33521E+00 5.80433E-01 4.11680E+01
 4.62648E+00 3.26052E-01 4.47352E+00 3.19434E-01 5.76092E+01 6.23209E+00 4.46646E-01 3.91084E+01 7.94263E+00 5.63655E-01 4.32633E+01
 4.96342E+00 3.13753E-01 4.80589E+00 3.07448E-01 6.01473E+01 6.69771E+00 4.29910E-01 4.06944E+01 8.53576E+00 5.43000E-01 4.52191E+01
 5.30405E+00 3.00626E-01 5.14188E+00 2.94636E-01 6.27349E+01 7.16839E+00 4.12015E-01 4.23099E+01 9.12918E+00 5.20434E-01 4.71670E+01
 5.64679E+00 2.86876E-01 5.47994E+00 2.81202E-01 6.53702E+01 7.64196E+00 3.93245E-01 4.39538E+01 9.72487E+00 4.96687E-01 4.91408E+01
 5.98996E+00 2.72709E-01 5.81841E+00 2.67350E-01 6.80499E+01 8.11611E+00 3.73889E-01 4.56244E+01 1.03210E+01 4.72195E-01 5.11460E+01
 4.13797E-01 5.94505E-02 3.97336E-01 6.04616E-02 1.88586E+01 5.52437E-01 8.54021E-02 1.39073E+01 4.13801E-01 5.94512E-02 2.69255E-03
 4.77692E-01 8.27591E-02 4.53517E-01 8.44120E-02 1.99223E+01 6.28497E-01 1.19324E-01 1.46286E+01 4.77699E-01 8.27603E-02 3.79475E-03
 5.51854E-01 1.04537E-01 5.19868E-01 1.06442E-01 2.10437E+01 7.18820E-01 1.50396E-01 1.53786E+01 5.51864E-01 1.04539E-01 5.47592E-03
 6.32622E-01 1.25199E-01 5.92562E-01 1.26871E-01 2.22223E+01 8.17962E-01 1.79034E-01 1.61581E+01 6.32638E-01 1.25203E-01 8.10516E-03
 7.22539E-01 1.45328E-01 6.73510E-01 1.46022E-01 2.34542E+01 9.28370E-01 2.05590E-01 1.69654E+01 7.22565E-01 1.45334E-01 1.23280E-02
 8.24476E-01 1.65713E-01 7.64958E-01 1.64409E-01 2.47371E+01 1.05296E+00 2.30684E-01 1.77996E+01 8.24521E-01 1.65723E-01 1.93083E-02
 9.40122E-01 1.86922E-01 8.68196E-01 1.82376E-01 2.60687E+01 1.19340E+00 2.54713E-01 1.86598E+01 9.40201E-01 1.86939E-01 3.12111E-02
 1.03916E+00 2.03903E-01 9.56281E-01 1.96052E-01 2.71305E+01 1.31309E+00 2.72685E-01 1.93423E+01 1.03929E+00 2.03928E-01 4.63185E-02
 1.06795E+00 2.09160E-01 9.83281E-01 2.00363E-01 2.74476E+01 1.35037E+00 2.78387E-01 1.95452E+01 1.06809E+00 2.09190E-01 5.21977E-02
 1.22711E+00 2.33713E-01 1.13206E+00 2.20210E-01 2.89853E+01 1.55563E+00 3.04502E-01 2.05265E+01 1.22740E+00 2.33769E-01 9.46860E-02
 1.40648E+00 2.57285E-01 1.30132E+00 2.39660E-01 3.05818E+01 1.78977E+00 3.30281E-01 2.15413E+01 1.40711E+00 2.57401E-01 1.79813E-01
 1.60122E+00 2.78647E-01 1.48816E+00 2.59048E-01 3.22372E+01 2.04948E+00 3.56791E-01 2.25898E+01 1.60270E+00 2.78904E-01 3.58361E-01
 1.80962E+00 2.96684E-01 1.69310E+00 2.77877E-01 3.39501E+01 2.33635E+00 3.83568E-01 2.36714E+01 1.81352E+00 2.97324E-01 7.49773E-01
 2.02994E+00 3.10365E-01 1.91103E+00 2.94342E-01 3.57197E+01 2.64187E+00 4.07780E-01 2.47857E+01 2.04193E+00 3.12214E-01 1.63835E+00
 2.26040E+00 3.18800E-01 2.14179E+00 3.06052E-01 3.75440E+01 2.96646E+00 4.25493E-01 2.59316E+01 2.30365E+00 3.24994E-01 3.66772E+00
 2.50063E+00 3.22026E-01 2.38029E+00 3.11904E-01 3.94211E+01 3.30117E+00 4.34723E-01 2.71083E+01 2.66708E+00 3.43923E-01 8.00240E+00
 2.74814E+00 3.20846E-01 2.62570E+00 3.12446E-01 4.13491E+01 3.64544E+00 4.36141E-01 2.83147E+01 3.29737E+00 3.86510E-01 1.54950E+01
 3.00316E+00 3.16298E-01 2.87810E+00 3.08908E-01 4.33261E+01 3.99936E+00 4.31551E-01 2.95498E+01 4.25192E+00 4.50981E-01 2.42588E+01
 3.26510E+00 3.09304E-01 3.13706E+00 3.02519E-01 4.53500E+01 4.36235E+00 4.22796E-01 3.08126E+01 5.20309E+00 4.97061E-01 3.08289E+01
 3.53302E+00 3.00522E-01 3.40165E+00 2.94143E-01 4.74189E+01 4.73314E+00 4.11174E-01 3.21018E+01 5.92849E+00 5.08551E-01 3.46313E+01
 3.80587E+00 2.90402E-01 3.67102E+00 2.84352E-01 4.95303E+01 5.11057E+00 3.97533E-01 3.34163E+01 6.49714E+00 4.99683E-01 3.69675E+01
 4.08245E+00 2.79266E-01 3.94401E+00 2.73521E-01 5.16820E+01 5.49306E+00 3.82418E-01 3.47548E+01 7.00541E+00 4.82703E-01 3.87882E+01
 4.36145E+00 2.67366E-01 4.21936E+00 2.61919E-01 5.38717E+01 5.87885E+00 3.66218E-01 3.61159E+01 7.49710E+00 4.62650E-01 4.04768E+01
 4.64149E+00 2.54912E-01 4.49573E+00 2.49762E-01 5.60966E+01 6.26607E+00 3.49236E-01 3.74983E+01 7.98519E+00 4.41229E-01 4.21516E+01
 4.92117E+00 2.42078E-01 4.77175E+00 2.37223E-01 5.83548E+01 6.65279E+00 3.31718E-01 3.89008E+01 8.47144E+00 4.19063E-01 4.38426E+01
 5.19909E+00 2.29041E-01 5.04603E+00 2.24478E-01 6.06432E+01 7.03707E+00 3.13907E-01 4.03217E+01 8.95441E+00 3.96525E-01 4.55545E+01
 4.01201E-01 6.21164E-02 3.85280E-01 6.33935E-02 1.72572E+01 5.35691E-01 8.96260E-02 1.25625E+01 4.01205E-01 6.21170E-02 2.46391E-03
 4.60527E-01 8.37065E-02 4.37472E-01 8.55383E-02 1.82267E+01 6.06362E-01 1.20976E-01 1.32087E+01 4.60533E-01 8.37078E-02 3.47177E-03
 5.29303E-01 1.03504E-01 4.98999E-01 1.05510E-01 1.92477E+01 6.90117E-01 1.49125E-01 1.38807E+01 5.29313E-01 1.03507E-01 5.00856E-03
 6.03946E-01 1.21980E-01 5.66170E-01 1.23698E-01 2.03189E+01 7.81721E-01 1.74590E-01 1.45785E+01 6.03961E-01 1.21984E-01 7.41096E-03
 6.86778E-01 1.39735E-01 6.40677E-01 1.40467E-01 2.14364E+01 8.83317E-01 1.97793E-01 1.53005E+01 6.86804E-01 1.39741E-01 1.12674E-02
 7.80346E-01 1.57523E-01 7.24524E-01 1.56330E-01 2.25972E+01 9.97514E-01 2.19365E-01 1.60452E+01 7.80388E-01 1.57532E-01 1.76380E-02
 8.85989E-01 1.75878E-01 8.18698E-01 1.71634E-01 2.37989E+01 1.12557E+00 2.39724E-01 1.68117E+01 8.86063E-01 1.75893E-01 2.84935E-02
 9.76071E-01 1.90478E-01 8.98695E-01 1.83174E-01 2.47549E+01 1.23421E+00 2.54785E-01 1.74190E+01 9.76188E-01 1.90502E-01 4.22626E-02
 1.00210E+00 1.94988E-01 9.23046E-01 1.86812E-01 2.50392E+01 1.26781E+00 2.59568E-01 1.75989E+01 1.00224E+00 1.95015E-01 4.76175E-02
 1.14578E+00 2.15913E-01 1.05708E+00 2.03444E-01 2.64161E+01 1.45261E+00 2.81320E-01 1.84681E+01 1.14605E+00 2.15965E-01 8.62929E-02
 1.30679E+00 2.35689E-01 1.20885E+00 2.19533E-01 2.78414E+01 1.66250E+00 3.02540E-01 1.93649E+01 1.30738E+00 2.35795E-01 1.63699E-01
 1.48051E+00 2.53239E-01 1.37549E+00 2.35405E-01 2.93147E+01 1.89413E+00 3.24218E-01 2.02892E+01 1.48187E+00 2.53473E-01 3.25869E-01
 1.66513E+00 2.67608E-01 1.55713E+00 2.50602E-01 3.08344E+01 2.14839E+00 3.45903E-01 2.12402E+01 1.66871E+00 2.68185E-01 6.80945E-01
 1.85898E+00 2.77944E-01 1.74898E+00 2.63535E-01 3.23992E+01 2.41740E+00 3.65077E-01 2.22173E+01 1.86995E+00 2.79599E-01 1.48597E+00
 2.06034E+00 2.83547E-01 1.95076E+00 2.72137E-01 3.40071E+01 2.70128E+00 3.78315E-01 2.32195E+01 2.09972E+00 2.89054E-01 3.32182E+00
 2.26879E+00 2.84543E-01 2.15783E+00 2.75522E-01 3.56559E+01 2.99193E+00 3.83984E-01 2.42456E+01 2.41966E+00 3.03885E-01 7.23648E+00
 2.48204E+00 2.81720E-01 2.36940E+00 2.74263E-01 3.73437E+01 3.28878E+00 3.82811E-01 2.52945E+01 2.97754E+00 3.39355E-01 1.39887E+01
 2.70022E+00 2.76044E-01 2.58547E+00 2.69514E-01 3.90686E+01 3.59180E+00 3.76485E-01 2.63653E+01 3.82175E+00 3.93543E-01 2.18633E+01
 2.92275E+00 2.68362E-01 2.80559E+00 2.62394E-01 4.08282E+01 3.90040E+00 3.66688E-01 2.74567E+01 4.65555E+00 4.31203E-01 2.77379E+01
 3.14875E+00 2.59266E-01 3.02891E+00 2.53685E-01 4.26206E+01 4.21340E+00 3.54588E-01 2.85676E+01 5.28122E+00 4.38667E-01 3.11073E+01
 3.37727E+00 2.49160E-01 3.25464E+00 2.43894E-01 4.44435E+01 4.52974E+00 3.40942E-01 2.96968E+01 5.76271E+00 4.28651E-01 3.31502E+01
 3.60723E+00 2.38330E-01 3.48175E+00 2.33354E-01 4.62945E+01 4.84800E+00 3.26232E-01 3.08430E+01 6.18698E+00 4.11878E-01 3.47237E+01
 3.83748E+00 2.26993E-01 3.70913E+00 2.22299E-01 4.81714E+01 5.16664E+00 3.10794E-01 3.20048E+01 6.59330E+00 3.92724E-01 3.61727E+01
 4.06685E+00 2.15330E-01 3.93565E+00 2.10914E-01 5.00716E+01 5.48407E+00 2.94890E-01 3.31810E+01 6.99330E+00 3.72655E-01 3.76032E+01
 4.29413E+00 2.03487E-01 4.16010E+00 1.99344E-01 5.19930E+01 5.79861E+00 2.78726E-01 3.43703E+01 7.38861E+00 3.52200E-01 3.90418E+01
 4.51817E+00 1.91610E-01 4.38137E+00 1.87734E-01 5.39328E+01 6.10868E+00 2.62502E-01 3.55711E+01 7.77811E+00 3.31667E-01 4.04927E+01
 3.89534E-01 6.50640E-02 3.74115E-01 6.66138E-02 1.57639E+01 5.20181E-01 9.42580E-02 1.13244E+01 3.89538E-01 6.50648E-02 2.25070E-03
 4.44541E-01 8.48342E-02 4.22529E-01 8.68467E-02 1.66559E+01 5.85747E-01 1.22884E-01 1.19085E+01 4.44547E-01 8.48355E-02 3.17256E-03
 5.08278E-01 1.02607E-01 4.79532E-01 1.04715E-01 1.75918E+01 6.63337E-01 1.48045E-01 1.25146E+01 5.08288E-01 1.02610E-01 4.57768E-03
 5.77217E-01 1.18906E-01 5.41555E-01 1.20672E-01 1.85702E+01 7.47914E-01 1.70353E-01 1.31425E+01 5.77231E-01 1.18910E-01 6.77314E-03
 6.53451E-01 1.34348E-01 6.10060E-01 1.35122E-01 1.95870E+01 8.41299E-01 1.90294E-01 1.37904E+01 6.53475E-01 1.34353E-01 1.02953E-02
 7.39240E-01 1.49653E-01 6.86845E-01 1.48575E-01 2.06392E+01 9.45838E-01 2.08506E-01 1.44568E+01 7.39280E-01 1.49661E-01 1.61097E-02
 8.35633E-01 1.65335E-01 7.72626E-01 1.61391E-01 2.17243E+01 1.06242E+00 2.25434E-01 1.51408E+01 8.35702E-01 1.65350E-01 2.60096E-02
 9.17444E-01 1.77743E-01 8.45144E-01 1.70964E-01 2.25848E+01 1.16085E+00 2.37815E-01 1.56814E+01 9.17554E-01 1.77765E-01 3.85577E-02
 9.40945E-01 1.81571E-01 8.67059E-01 1.73987E-01 2.28396E+01 1.19106E+00 2.41760E-01 1.58408E+01 9.41071E-01 1.81596E-01 4.34343E-02
 1.07034E+00 1.99206E-01 9.87494E-01 1.87706E-01 2.40709E+01 1.35699E+00 2.59559E-01 1.66105E+01 1.07059E+00 1.99254E-01 7.86317E-02
 1.21442E+00 2.15580E-01 1.12315E+00 2.00783E-01 2.53408E+01 1.54453E+00 2.76691E-01 1.74021E+01 1.21497E+00 2.15677E-01 1.48995E-01
 1.36884E+00 2.29760E-01 1.27127E+00 2.13542E-01 2.66487E+01 1.75041E+00 2.94091E-01 1.82156E+01 1.37010E+00 2.29972E-01 2.96229E-01
 1.53176E+00 2.40948E-01 1.43167E+00 2.25593E-01 2.79927E+01 1.97500E+00 3.11365E-01 1.90499E+01 1.53505E+00 2.41468E-01 6.18172E-01
 1.70152E+00 2.48444E-01 1.59981E+00 2.35511E-01 2.93713E+01 2.21080E+00 3.26234E-01 1.99044E+01 1.71156E+00 2.49923E-01 1.34703E+00
 1.87648E+00 2.51701E-01 1.77531E+00 2.41511E-01 3.07825E+01 2.45779E+00 3.35714E-01 2.07779E+01 1.91232E+00 2.56588E-01 3.00651E+00
 2.05626E+00 2.50921E-01 1.95404E+00 2.42896E-01 3.22242E+01 2.70870E+00 3.38487E-01 2.16695E+01 2.19285E+00 2.67971E-01 6.53859E+00
 2.23874E+00 2.46863E-01 2.13521E+00 2.40256E-01 3.36945E+01 2.96296E+00 3.35316E-01 2.25779E+01 2.68517E+00 2.97348E-01 1.26170E+01
 2.42400E+00 2.40425E-01 2.31882E+00 2.34663E-01 3.51912E+01 3.22050E+00 3.27773E-01 2.35021E+01 3.42962E+00 3.42721E-01 1.96832E+01
 2.61150E+00 2.32372E-01 2.50442E+00 2.27131E-01 3.67124E+01 3.48076E+00 3.17379E-01 2.44411E+01 4.15790E+00 3.73316E-01 2.49267E+01
 2.80043E+00 2.23234E-01 2.69125E+00 2.18356E-01 3.82559E+01 3.74266E+00 3.05180E-01 2.53935E+01 4.69468E+00 3.77638E-01 2.79044E+01
 2.98995E+00 2.13368E-01 2.87859E+00 2.08789E-01 3.98195E+01 4.00526E+00 2.91841E-01 2.63583E+01 5.09923E+00 3.67010E-01 2.96832E+01
 3.17912E+00 2.03021E-01 3.06556E+00 1.98716E-01 4.14011E+01 4.26734E+00 2.77782E-01 2.73343E+01 5.44993E+00 3.50796E-01 3.10353E+01
 3.36696E+00 1.92380E-01 3.25123E+00 1.88339E-01 4.29985E+01 4.52757E+00 2.63290E-01 2.83201E+01 5.78195E+00 3.32781E-01 3.22702E+01
 3.55250E+00 1.81596E-01 3.43462E+00 1.77812E-01 4.46094E+01 4.78462E+00 2.48585E-01 2.93145E+01 6.10576E+00 3.14218E-01 3.34831E+01
 3.73471E+00 1.70788E-01 3.61473E+00 1.67254E-01 4.62315E+01 5.03709E+00 2.33835E-01 3.03163E+01 6.42286E+00 2.95550E-01 3.46975E+01
 3.91269E+00 1.60072E-01 3.79069E+00 1.56781E-01 4.78625E+01 5.28373E+00 2.19201E-01 3.13241E+01 6.73244E+00 2.77028E-01 3.59173E+01
 3.76902E-01 6.82249E-02 3.62036E-01 7.00479E-02 1.44014E+01 5.03407E-01 9.91908E-02 1.02157E+01 3.76906E-01 6.82256E-02 2.05617E-03
 4.27643E-01 8.60705E-02 4.06728E-01 8.82606E-02 1.52292E+01 5.63947E-01 1.24940E-01 1.07476E+01 4.27648E-01 8.60717E-02 2.90082E-03
 4.86374E-01 1.01783E-01 4.59247E-01 1.03988E-01 1.60926E+01 6.35430E-01 1.47061E-01 1.12973E+01 4.86383E-01 1.01785E-01 4.18755E-03
 5.49633E-01 1.15929E-01 5.16161E-01 1.17741E-01 1.69902E+01 7.13042E-01 1.66249E-01 1.18644E+01 5.49647E-01 1.15933E-01 6.19684E-03
 6.19273E-01 1.29138E-01 5.78692E-01 1.29956E-01 1.79181E+01 7.98260E-01 1.83046E-01 1.24475E+01 6.19295E-01 1.29143E-01 9.41810E-03
 6.97268E-01 1.42094E-01 6.48442E-01 1.41135E-01 1.88734E+01 8.93197E-01 1.98089E-01 1.30449E+01 6.97306E-01 1.42103E-01 1.47314E-02
 7.84404E-01 1.55286E-01 7.25873E-01 1.51641E-01 1.98539E+01 9.98380E-01 2.11839E-01 1.36558E+01 7.84469E-01 1.55300E-01 2.37702E-02
 8.58001E-01 1.65679E-01 7.90995E-01 1.59416E-01 2.06285E+01 1.08672E+00 2.21774E-01 1.41371E+01 8.58104E-01 1.65699E-01 3.52177E-02
 8.78992E-01 1.68888E-01 8.10491E-01 1.61884E-01 2.08566E+01 1.11357E+00 2.24962E-01 1.42785E+01 8.79110E-01 1.68911E-01 3.96632E-02
 9.94264E-01 1.83569E-01 9.17429E-01 1.72995E-01 2.19568E+01 1.26076E+00 2.39226E-01 1.49596E+01 9.94499E-01 1.83613E-01 7.17253E-02
 1.12171E+00 1.96945E-01 1.03716E+00 1.83421E-01 2.30865E+01 1.42617E+00 2.52762E-01 1.56577E+01 1.12221E+00 1.97034E-01 1.35739E-01
 1.25722E+00 2.08204E-01 1.16705E+00 1.93470E-01 2.42450E+01 1.60667E+00 2.66433E-01 1.63724E+01 1.25838E+00 2.08396E-01 2.69505E-01
 1.39906E+00 2.16687E-01 1.30677E+00 2.02819E-01 2.54304E+01 1.80234E+00 2.79908E-01 1.71029E+01 1.40207E+00 2.17154E-01 5.61573E-01
 1.54557E+00 2.21833E-01 1.45204E+00 2.10222E-01 2.66411E+01 2.00613E+00 2.91176E-01 1.78483E+01 1.55468E+00 2.23153E-01 1.22175E+00
 1.69522E+00 2.23220E-01 1.60236E+00 2.14116E-01 2.78753E+01 2.21777E+00 2.97608E-01 1.86076E+01 1.72756E+00 2.27553E-01 2.72228E+00
 1.84762E+00 2.21094E-01 1.75404E+00 2.13955E-01 2.91308E+01 2.43076E+00 2.98131E-01 1.93797E+01 1.97021E+00 2.36111E-01 5.90968E+00
 2.00090E+00 2.16181E-01 1.90637E+00 2.10327E-01 3.04058E+01 2.64460E+00 2.93518E-01 2.01636E+01 2.39937E+00 2.60374E-01 1.13815E+01
 2.15509E+00 2.09306E-01 2.05934E+00 2.04222E-01 3.16984E+01 2.85923E+00 2.85226E-01 2.09583E+01 3.04793E+00 2.98325E-01 1.77207E+01
 2.30974E+00 2.01157E-01 2.21256E+00 1.96553E-01 3.30066E+01 3.07413E+00 2.74626E-01 2.17626E+01 3.67552E+00 3.23117E-01 2.23978E+01
 2.46411E+00 1.92204E-01 2.36536E+00 1.87940E-01 3.43283E+01 3.28840E+00 2.62644E-01 2.25754E+01 4.12849E+00 3.25088E-01 2.50250E+01
 2.61751E+00 1.82758E-01 2.51715E+00 1.78773E-01 3.56617E+01 3.50122E+00 2.49861E-01 2.33957E+01 4.46139E+00 3.14300E-01 2.65687E+01
 2.76913E+00 1.73029E-01 2.66718E+00 1.69301E-01 3.70047E+01 3.71157E+00 2.36639E-01 2.42224E+01 4.74425E+00 2.98918E-01 2.77243E+01
 2.91819E+00 1.63174E-01 2.81467E+00 1.59690E-01 3.83552E+01 3.91837E+00 2.23219E-01 2.50542E+01 5.00829E+00 2.82207E-01 2.87702E+01
 3.06390E+00 1.53316E-01 2.95887E+00 1.50068E-01 3.97112E+01 4.12055E+00 2.09778E-01 2.58899E+01 5.26283E+00 2.65235E-01 2.97915E+01
 3.20541E+00 1.43550E-01 3.09894E+00 1.40530E-01 4.10706E+01 4.31696E+00 1.96453E-01 2.67285E+01 5.50930E+00 2.48367E-01 3.08093E+01
 3.34206E+00 1.33966E-01 3.23423E+00 1.31166E-01 4.24313E+01 4.50668E+00 1.83369E-01 2.75687E+01 5.74718E+00 2.31804E-01 3.18269E+01
 3.65495E-01 7.15537E-02 3.51114E-01 7.36436E-02 1.31601E+01 4.88234E-01 1.04349E-01 9.21146E+00 3.65498E-01 7.15545E-02 1.87894E-03
 4.12277E-01 8.73531E-02 3.92350E-01 8.97112E-02 1.39295E+01 5.44106E-01 1.27044E-01 9.69630E+00 4.12283E-01 8.73543E-02 2.65325E-03
 4.66388E-01 1.00952E-01 4.40723E-01 1.03247E-01 1.47255E+01 6.09939E-01 1.46052E-01 1.01944E+01 4.66396E-01 1.00954E-01 3.83180E-03
 5.24449E-01 1.12953E-01 4.92951E-01 1.14805E-01 1.55470E+01 6.81158E-01 1.62136E-01 1.07057E+01 5.24463E-01 1.12956E-01 5.67048E-03
 5.88092E-01 1.23988E-01 5.50029E-01 1.24846E-01 1.63909E+01 7.58916E-01 1.75877E-01 1.12288E+01 5.88114E-01 1.23993E-01 8.61535E-03
 6.59055E-01 1.34705E-01 6.13421E-01 1.33862E-01 1.72543E+01 8.45170E-01 1.87906E-01 1.17621E+01 6.59091E-01 1.34712E-01 1.34676E-02
 7.37872E-01 1.45562E-01 6.83339E-01 1.42209E-01 1.81354E+01 9.40095E-01 1.98688E-01 1.23051E+01 7.37934E-01 1.45575E-01 2.17127E-02
 8.04110E-01 1.54083E-01 7.41837E-01 1.48322E-01 1.88283E+01 1.01940E+00 2.06367E-01 1.27313E+01 8.04207E-01 1.54103E-01 3.21442E-02
 8.22870E-01 1.56722E-01 7.59197E-01 1.50282E-01 1.90312E+01 1.04328E+00 2.08863E-01 1.28559E+01 8.22981E-01 1.56743E-01 3.61917E-02
 9.25694E-01 1.68697E-01 8.54300E-01 1.59020E-01 2.00074E+01 1.17407E+00 2.19917E-01 1.34550E+01 9.25913E-01 1.68738E-01 6.53569E-02
 1.03868E+00 1.79381E-01 9.60234E-01 1.67075E-01 2.10047E+01 1.32034E+00 2.30242E-01 1.40665E+01 1.03915E+00 1.79462E-01 1.23498E-01
 1.15803E+00 1.88070E-01 1.07453E+00 1.74739E-01 2.20225E+01 1.47913E+00 2.40629E-01 1.46901E+01 1.15910E+00 1.88243E-01 2.44797E-01
 1.28202E+00 1.94221E-01 1.19669E+00 1.81737E-01 2.30589E+01 1.65021E+00 2.50791E-01 1.53248E+01 1.28477E+00 1.94640E-01 5.09191E-01
 1.40918E+00 1.97393E-01 1.32284E+00 1.86986E-01 2.41124E+01 1.82721E+00 2.58964E-01 1.59698E+01 1.41748E+00 1.98567E-01 1.10573E+00
 1.53809E+00 1.97273E-01 1.45251E+00 1.89149E-01 2.51813E+01 2.00983E+00 2.62875E-01 1.66242E+01 1.56740E+00 2.01100E-01 2.45892E+00
 1.66843E+00 1.94132E-01 1.58236E+00 1.87789E-01 2.62636E+01 2.19222E+00 2.61640E-01 1.72870E+01 1.77899E+00 2.07311E-01 5.32692E+00
 1.79851E+00 1.88651E-01 1.71178E+00 1.83471E-01 2.73575E+01 2.37395E+00 2.56011E-01 1.79572E+01 2.15622E+00 2.27196E-01 1.02368E+01
 1.92841E+00 1.81579E-01 1.84077E+00 1.77100E-01 2.84614E+01 2.55499E+00 2.47320E-01 1.86338E+01 2.72627E+00 2.58768E-01 1.59034E+01
 2.05774E+00 1.73531E-01 1.96904E+00 1.69494E-01 2.95735E+01 2.73494E+00 2.36794E-01 1.93158E+01 3.27285E+00 2.78690E-01 2.00571E+01
 2.18589E+00 1.64918E-01 2.09602E+00 1.61197E-01 3.06918E+01 2.91305E+00 2.25247E-01 2.00023E+01 3.66032E+00 2.78883E-01 2.23615E+01
 2.31228E+00 1.56009E-01 2.22122E+00 1.52549E-01 3.18147E+01 3.08865E+00 2.13186E-01 2.06921E+01 3.93892E+00 2.68244E-01 2.36896E+01
 2.43628E+00 1.46979E-01 2.34405E+00 1.43757E-01 3.29403E+01 3.26091E+00 2.00913E-01 2.13844E+01 4.17161E+00 2.53863E-01 2.46663E+01
 2.55722E+00 1.37957E-01 2.46388E+00 1.34959E-01 3.40668E+01 3.42898E+00 1.88628E-01 2.20780E+01 4.38631E+00 2.38545E-01 2.55407E+01
 2.67451E+00 1.29039E-01 2.58010E+00 1.26256E-01 3.51923E+01 3.59200E+00 1.76473E-01 2.27718E+01 4.59142E+00 2.23189E-01 2.63889E+01
 2.78746E+00 1.20298E-01 2.69207E+00 1.17722E-01 3.63151E+01 3.74906E+00 1.64552E-01 2.34649E+01 4.78831E+00 2.08096E-01 2.72296E+01
 2.89559E+00 1.11804E-01 2.79928E+00 1.09425E-01 3.74333E+01 3.89948E+00 1.52960E-01 2.41562E+01 4.97670E+00 1.93418E-01 2.80659E+01
 3.56306E-01 7.48483E-02 3.42290E-01 7.71933E-02 1.20357E+01 4.75966E-01 1.09437E-01 8.30100E+00 3.56310E-01 7.48491E-02 1.71840E-03
 3.99641E-01 8.84945E-02 3.80523E-01 9.10089E-02 1.27481E+01 5.27783E-01 1.28928E-01 8.74223E+00 3.99647E-01 8.84958E-02 2.42821E-03
 4.49789E-01 9.99431E-02 4.25340E-01 1.02319E-01 1.34786E+01 5.88772E-01 1.44778E-01 9.19258E+00 4.49797E-01 9.99451E-02 3.50733E-03
 5.03471E-01 1.09821E-01 4.73609E-01 1.11708E-01 1.42266E+01 6.54582E-01 1.57795E-01 9.65211E+00 5.03483E-01 1.09824E-01 5.18888E-03
 5.62092E-01 1.18752E-01 5.26078E-01 1.19651E-01 1.49896E+01 7.26018E-01 1.68587E-01 1.01196E+01 5.62112E-01 1.18756E-01 7.87880E-03
 6.27239E-01 1.27343E-01 5.84206E-01 1.26617E-01 1.57651E+01 8.05080E-01 1.77764E-01 1.05939E+01 6.27273E-01 1.27351E-01 1.23052E-02
 6.99180E-01 1.36022E-01 6.47883E-01 1.32958E-01 1.65517E+01 8.91471E-01 1.85789E-01 1.10743E+01 6.99238E-01 1.36034E-01 1.98166E-02
 7.59341E-01 1.42820E-01 7.00888E-01 1.37547E-01 1.71674E+01 9.63278E-01 1.91400E-01 1.14500E+01 7.59432E-01 1.42838E-01 2.93086E-02
 7.76298E-01 1.44937E-01 7.16533E-01 1.39042E-01 1.73466E+01 9.84776E-01 1.93267E-01 1.15593E+01 7.76402E-01 1.44957E-01 3.29880E-02
 8.68982E-01 1.54456E-01 8.02072E-01 1.45633E-01 1.82064E+01 1.10233E+00 2.01419E-01 1.20834E+01 8.69188E-01 1.54493E-01 5.94736E-02
 9.70193E-01 1.62719E-01 8.96855E-01 1.51566E-01 1.90802E+01 1.23316E+00 2.08873E-01 1.26161E+01 9.70626E-01 1.62792E-01 1.12183E-01
 1.07642E+00 1.69125E-01 9.98583E-01 1.57117E-01 1.99673E+01 1.37449E+00 2.16353E-01 1.31568E+01 1.07741E+00 1.69281E-01 2.21949E-01
 1.18605E+00 1.73238E-01 1.10667E+00 1.62057E-01 2.08661E+01 1.52588E+00 2.23615E-01 1.37049E+01 1.18860E+00 1.73612E-01 4.60757E-01
 1.29775E+00 1.74723E-01 1.21758E+00 1.65454E-01 2.17751E+01 1.68154E+00 2.29119E-01 1.42595E+01 1.30539E+00 1.75762E-01 9.98495E-01
 1.41023E+00 1.73354E-01 1.33084E+00 1.66151E-01 2.26926E+01 1.84110E+00 2.30888E-01 1.48197E+01 1.43708E+00 1.76716E-01 2.21569E+00
 1.52324E+00 1.69421E-01 1.44354E+00 1.63820E-01 2.36171E+01 1.99944E+00 2.28220E-01 1.53846E+01 1.62408E+00 1.80917E-01 4.78921E+00
 1.63531E+00 1.63557E-01 1.55515E+00 1.59002E-01 2.45469E+01 2.15622E+00 2.21843E-01 1.59533E+01 1.96023E+00 1.96959E-01 9.18206E+00
 1.74653E+00 1.56437E-01 1.66572E+00 1.52516E-01 2.54804E+01 2.31144E+00 2.12965E-01 1.65250E+01 2.46835E+00 2.22904E-01 1.42312E+01
 1.85658E+00 1.48602E-01 1.77499E+00 1.45086E-01 2.64161E+01 2.46479E+00 2.02671E-01 1.70986E+01 2.95169E+00 2.38608E-01 1.79063E+01
 1.96496E+00 1.40410E-01 1.88251E+00 1.37185E-01 2.73523E+01 2.61564E+00 1.91672E-01 1.76734E+01 3.28889E+00 2.37388E-01 1.99178E+01
 2.07121E+00 1.32086E-01 1.98789E+00 1.29102E-01 2.82875E+01 2.76349E+00 1.80398E-01 1.82484E+01 3.52664E+00 2.27060E-01 2.10524E+01
 2.17481E+00 1.23775E-01 2.09064E+00 1.21010E-01 2.92200E+01 2.90766E+00 1.69103E-01 1.88228E+01 3.72218E+00 2.13736E-01 2.18699E+01
 2.27525E+00 1.15577E-01 2.19029E+00 1.13018E-01 3.01484E+01 3.04748E+00 1.57944E-01 1.93954E+01 3.90086E+00 1.99803E-01 2.25926E+01
 2.37204E+00 1.07569E-01 2.28636E+00 1.05205E-01 3.10710E+01 3.18229E+00 1.47032E-01 1.99656E+01 4.07033E+00 1.86013E-01 2.32884E+01
 2.46467E+00 9.98026E-02 2.37833E+00 9.76240E-02 3.19862E+01 3.31136E+00 1.36442E-01 2.05323E+01 4.23195E+00 1.72603E-01 2.39738E+01
 2.55276E+00 9.23276E-02 2.46584E+00 9.03244E-02 3.28925E+01 3.43420E+00 1.26245E-01 2.10945E+01 4.38559E+00 1.59687E-01 2.46519E+01
 3.46113E-01 7.79964E-02 3.32453E-01 8.05735E-02 1.10466E+01 4.62269E-01 1.14278E-01 7.50704E+00 3.46117E-01 7.79972E-02 1.57719E-03
 3.85943E-01 8.94110E-02 3.67653E-01 9.20610E-02 1.17038E+01 5.10002E-01 1.30459E-01 7.90791E+00 3.85948E-01 8.94123E-02 2.22931E-03
 4.31996E-01 9.86988E-02 4.08835E-01 1.01140E-01 1.23716E+01 5.66054E-01 1.43146E-01 8.31426E+00 4.32004E-01 9.87008E-02 3.21929E-03
 4.81134E-01 1.06496E-01 4.53029E-01 1.08411E-01 1.30500E+01 6.26314E-01 1.53170E-01 8.72633E+00 4.81146E-01 1.06498E-01 4.75973E-03
 5.34569E-01 1.13410E-01 5.00815E-01 1.14350E-01 1.37369E+01 6.91356E-01 1.61148E-01 9.14314E+00 5.34589E-01 1.13415E-01 7.22037E-03
 5.93636E-01 1.20007E-01 5.53435E-01 1.19401E-01 1.44304E+01 7.62890E-01 1.67662E-01 9.56371E+00 5.93669E-01 1.20014E-01 1.12634E-02
 6.58448E-01 1.26676E-01 6.10680E-01 1.23899E-01 1.51294E+01 8.40502E-01 1.73160E-01 9.98755E+00 6.58504E-01 1.26687E-01 1.81137E-02
 7.12328E-01 1.31903E-01 6.58037E-01 1.27108E-01 1.56737E+01 9.04609E-01 1.76904E-01 1.03176E+01 7.12414E-01 1.31919E-01 2.67585E-02
 7.27411E-01 1.33547E-01 6.71896E-01 1.28186E-01 1.58312E+01 9.23631E-01 1.78205E-01 1.04131E+01 7.27509E-01 1.33566E-01 3.01060E-02
 8.09585E-01 1.40857E-01 7.47486E-01 1.32859E-01 1.65846E+01 1.02741E+00 1.83771E-01 1.08702E+01 8.09777E-01 1.40891E-01 5.41755E-02
 8.98664E-01 1.46982E-01 8.30735E-01 1.36927E-01 1.73460E+01 1.14225E+00 1.88708E-01 1.13325E+01 8.99065E-01 1.47048E-01 1.01985E-01
 9.91441E-01 1.51411E-01 9.19531E-01 1.40649E-01 1.81148E+01 1.26559E+00 1.93672E-01 1.17996E+01 9.92353E-01 1.51551E-01 2.01354E-01
 1.08638E+00 1.53800E-01 1.01318E+00 1.43835E-01 1.88895E+01 1.39679E+00 1.98456E-01 1.22709E+01 1.08871E+00 1.54132E-01 4.17100E-01
 1.18230E+00 1.53900E-01 1.10852E+00 1.45681E-01 1.96687E+01 1.53063E+00 2.01716E-01 1.27455E+01 1.18925E+00 1.54814E-01 9.01866E-01
 1.27802E+00 1.51559E-01 1.20508E+00 1.45202E-01 2.04510E+01 1.66673E+00 2.01752E-01 1.32228E+01 1.30233E+00 1.54496E-01 1.99664E+00
 1.37338E+00 1.47073E-01 1.30032E+00 1.42152E-01 2.12351E+01 1.80059E+00 1.98009E-01 1.37017E+01 1.46420E+00 1.57048E-01 4.30540E+00
 1.46707E+00 1.41024E-01 1.39378E+00 1.37039E-01 2.20194E+01 1.93193E+00 1.91177E-01 1.41817E+01 1.75820E+00 1.69809E-01 8.23413E+00
 1.55922E+00 1.34012E-01 1.48553E+00 1.30598E-01 2.28026E+01 2.06079E+00 1.82338E-01 1.46619E+01 2.20278E+00 1.90921E-01 1.27303E+01
 1.64956E+00 1.26511E-01 1.57539E+00 1.23464E-01 2.35833E+01 2.18695E+00 1.72446E-01 1.51414E+01 2.62125E+00 2.03094E-01 1.59787E+01
 1.73771E+00 1.18823E-01 1.66299E+00 1.16043E-01 2.43602E+01 2.30992E+00 1.62114E-01 1.56195E+01 2.90691E+00 2.00846E-01 1.77306E+01
 1.82329E+00 1.11137E-01 1.74803E+00 1.08579E-01 2.51318E+01 2.42929E+00 1.51702E-01 1.60953E+01 3.10273E+00 1.91005E-01 1.86954E+01
 1.90590E+00 1.03569E-01 1.83014E+00 1.01211E-01 2.58968E+01 2.54457E+00 1.41418E-01 1.65682E+01 3.26007E+00 1.78803E-01 1.93743E+01
 1.98516E+00 9.61954E-02 1.90896E+00 9.40235E-02 2.66540E+01 2.65523E+00 1.31382E-01 1.70372E+01 3.40157E+00 1.66258E-01 1.99659E+01
 2.06070E+00 8.90704E-02 1.98412E+00 8.70742E-02 2.74019E+01 2.76077E+00 1.21677E-01 1.75017E+01 3.53408E+00 1.53988E-01 2.05305E+01
 2.13214E+00 8.22306E-02 2.05525E+00 8.03998E-02 2.81392E+01 2.86066E+00 1.12355E-01 1.79607E+01 3.65891E+00 1.42179E-01 2.10830E+01
 2.19922E+00 7.57085E-02 2.12209E+00 7.40330E-02 2.88647E+01 2.95456E+00 1.03462E-01 1.84135E+01 3.77609E+00 1.30913E-01 2.16260E+01
 3.37298E-01 8.08232E-02 3.23834E-01 8.35990E-02 1.01588E+01 4.50225E-01 1.18608E-01 6.79732E+00 3.37301E-01 8.08241E-02 1.45042E-03
 3.73853E-01 8.99613E-02 3.56220E-01 9.27190E-02 1.07601E+01 4.94176E-01 1.31425E-01 7.15980E+00 3.73858E-01 8.99626E-02 2.04956E-03
 4.16113E-01 9.71060E-02 3.94060E-01 9.95933E-02 1.13659E+01 5.45701E-01 1.40989E-01 7.52472E+00 4.16121E-01 9.71079E-02 2.95758E-03
 4.61096E-01 1.02887E-01 4.34547E-01 1.04820E-01 1.19764E+01 6.00919E-01 1.48127E-01 7.89249E+00 4.61108E-01 1.02890E-01 4.36816E-03
 5.09846E-01 1.07889E-01 4.78136E-01 1.08866E-01 1.25902E+01 6.60244E-01 1.53452E-01 8.26234E+00 5.09864E-01 1.07893E-01 6.61761E-03
 5.63413E-01 1.12627E-01 5.25762E-01 1.12145E-01 1.32055E+01 7.24951E-01 1.57507E-01 8.63345E+00 5.63443E-01 1.12634E-01 1.03074E-02
 6.21819E-01 1.17457E-01 5.77233E-01 1.14970E-01 1.38218E+01 7.94684E-01 1.60716E-01 9.00547E+00 6.21872E-01 1.17467E-01 1.65482E-02
 6.70068E-01 1.21264E-01 6.19528E-01 1.16942E-01 1.42993E+01 8.51888E-01 1.62790E-01 9.29392E+00 6.70149E-01 1.21279E-01 2.44120E-02
 6.83497E-01 1.22485E-01 6.31823E-01 1.17650E-01 1.44366E+01 8.68746E-01 1.63590E-01 9.37696E+00 6.83589E-01 1.22502E-01 2.74538E-02
 7.56356E-01 1.27831E-01 6.98641E-01 1.20632E-01 1.50913E+01 9.60399E-01 1.66881E-01 9.77327E+00 7.56536E-01 1.27862E-01 4.92972E-02
 8.34716E-01 1.32087E-01 7.71730E-01 1.23079E-01 1.57491E+01 1.06116E+00 1.69635E-01 1.01721E+01 8.35088E-01 1.32147E-01 9.25960E-02
 9.15669E-01 1.34823E-01 8.49193E-01 1.25235E-01 1.64095E+01 1.16876E+00 1.72446E-01 1.05731E+01 9.16512E-01 1.34948E-01 1.82397E-01
 9.97764E-01 1.35772E-01 9.30247E-01 1.26943E-01 1.70711E+01 1.28233E+00 1.75136E-01 1.09758E+01 9.99907E-01 1.36065E-01 3.76941E-01
 1.07997E+00 1.34759E-01 1.01207E+00 1.27516E-01 1.77328E+01 1.39725E+00 1.76545E-01 1.13792E+01 1.08632E+00 1.35559E-01 8.13065E-01
 1.16123E+00 1.31690E-01 1.09421E+00 1.26115E-01 1.83933E+01 1.51308E+00 1.75211E-01 1.17828E+01 1.18330E+00 1.34241E-01 1.79558E+00
 1.24143E+00 1.26858E-01 1.17446E+00 1.22561E-01 1.90513E+01 1.62594E+00 1.70700E-01 1.21859E+01 1.32344E+00 1.35457E-01 3.86202E+00
 1.31946E+00 1.20789E-01 1.25245E+00 1.17326E-01 1.97058E+01 1.73560E+00 1.63656E-01 1.25876E+01 1.58101E+00 1.45431E-01 7.36695E+00
 1.39544E+00 1.14014E-01 1.32827E+00 1.11061E-01 2.03554E+01 1.84214E+00 1.55042E-01 1.29875E+01 1.97073E+00 1.62405E-01 1.13599E+01
 1.46918E+00 1.06940E-01 1.40178E+00 1.04318E-01 2.09991E+01 1.94542E+00 1.45686E-01 1.33846E+01 2.33358E+00 1.71640E-01 1.42219E+01
 1.54039E+00 9.98205E-02 1.47272E+00 9.74416E-02 2.16357E+01 2.04506E+00 1.36110E-01 1.37785E+01 2.57556E+00 1.68687E-01 1.57411E+01
 1.60878E+00 9.28084E-02 1.54086E+00 9.06311E-02 2.22639E+01 2.14078E+00 1.26610E-01 1.41683E+01 2.73630E+00 1.59466E-01 1.65555E+01
 1.67406E+00 8.59928E-02 1.60593E+00 8.39964E-02 2.28828E+01 2.23219E+00 1.17350E-01 1.45533E+01 2.86202E+00 1.48423E-01 1.71131E+01
 1.73593E+00 7.94292E-02 1.66765E+00 7.76003E-02 2.34913E+01 2.31892E+00 1.08420E-01 1.49330E+01 2.97297E+00 1.37247E-01 1.75907E+01
 1.79415E+00 7.31542E-02 1.72578E+00 7.14820E-02 2.40882E+01 2.40062E+00 9.98761E-02 1.53067E+01 3.07535E+00 1.26441E-01 1.80421E+01
 1.84843E+00 6.71897E-02 1.78003E+00 6.56638E-02 2.46724E+01 2.47690E+00 9.17506E-02 1.56736E+01 3.17041E+00 1.16145E-01 1.84801E+01
 1.89862E+00 6.15540E-02 1.83026E+00 6.01643E-02 2.52430E+01 2.54755E+00 8.40696E-02 1.60332E+01 3.25829E+00 1.06411E-01 1.89074E+01
 3.28971E-01 8.31332E-02 3.15578E-01 8.60621E-02 9.35688E+00 4.38643E-01 1.22130E-01 6.16545E+00 3.28974E-01 8.31341E-02 1.33593E-03
 3.62494E-01 8.99994E-02 3.45378E-01 9.28278E-02 9.90378E+00 4.79128E-01 1.31605E-01 6.49210E+00 3.62499E-01 9.00008E-02 1.88644E-03
 4.01155E-01 9.50629E-02 3.80086E-01 9.75696E-02 1.04498E+01 5.26427E-01 1.38150E-01 6.81868E+00 4.01163E-01 9.50648E-02 2.71920E-03
 4.42206E-01 9.89326E-02 4.17099E-01 1.00868E-01 1.09957E+01 5.76933E-01 1.42570E-01 7.14569E+00 4.42218E-01 9.89353E-02 4.01048E-03
 4.86514E-01 1.02158E-01 4.56737E-01 1.03168E-01 1.15405E+01 6.30891E-01 1.45453E-01 7.47258E+00 4.86532E-01 1.02162E-01 6.06589E-03
 5.34878E-01 1.05205E-01 4.99673E-01 1.04847E-01 1.20828E+01 6.89196E-01 1.47292E-01 7.79867E+00 5.34908E-01 1.05212E-01 9.43106E-03
 5.87243E-01 1.08389E-01 5.45723E-01 1.06192E-01 1.26223E+01 7.51545E-01 1.48482E-01 8.12375E+00 5.87292E-01 1.08398E-01 1.51121E-02
 6.30190E-01 1.10943E-01 5.83265E-01 1.07087E-01 1.30380E+01 8.02275E-01 1.49110E-01 8.37464E+00 6.30266E-01 1.10957E-01 2.22587E-02
 6.42077E-01 1.11794E-01 5.94116E-01 1.07474E-01 1.31567E+01 8.17138E-01 1.49477E-01 8.44646E+00 6.42163E-01 1.11809E-01 2.50199E-02
 7.06231E-01 1.15436E-01 6.52762E-01 1.09006E-01 1.37212E+01 8.97504E-01 1.50827E-01 8.78826E+00 7.06398E-01 1.15464E-01 4.48215E-02
 7.74617E-01 1.18104E-01 7.16410E-01 1.10090E-01 1.42848E+01 9.85197E-01 1.51748E-01 9.13040E+00 7.74963E-01 1.18157E-01 8.39860E-02
 8.44644E-01 1.19434E-01 7.83405E-01 1.10947E-01 1.48470E+01 1.07825E+00 1.52774E-01 9.47262E+00 8.45422E-01 1.19544E-01 1.65028E-01
 9.14951E-01 1.19228E-01 8.52898E-01 1.11454E-01 1.54069E+01 1.17565E+00 1.53759E-01 9.81433E+00 9.16916E-01 1.19485E-01 3.40186E-01
 9.84653E-01 1.17368E-01 9.22404E-01 1.11025E-01 1.59632E+01 1.27331E+00 1.53699E-01 1.01549E+01 9.90438E-01 1.18065E-01 7.31898E-01
 1.05281E+00 1.13805E-01 9.91484E-01 1.08947E-01 1.65150E+01 1.37080E+00 1.51343E-01 1.04936E+01 1.07280E+00 1.16009E-01 1.61210E+00
 1.11938E+00 1.08820E-01 1.05826E+00 1.05093E-01 1.70612E+01 1.46477E+00 1.46355E-01 1.08300E+01 1.19326E+00 1.16193E-01 3.45811E+00
 1.18340E+00 1.02884E-01 1.12243E+00 9.98932E-02 1.76010E+01 1.55507E+00 1.39324E-01 1.11635E+01 1.41775E+00 1.23863E-01 6.57852E+00
 1.24503E+00 9.64579E-02 1.18411E+00 9.39202E-02 1.81332E+01 1.64181E+00 1.31098E-01 1.14933E+01 1.75777E+00 1.37375E-01 1.01165E+01
 1.30415E+00 8.98868E-02 1.24322E+00 8.76458E-02 1.86569E+01 1.72493E+00 1.22388E-01 1.18190E+01 2.07058E+00 1.44241E-01 1.26312E+01
 1.36053E+00 8.33811E-02 1.29957E+00 8.13588E-02 1.91713E+01 1.80416E+00 1.13631E-01 1.21400E+01 2.27377E+00 1.40875E-01 1.39433E+01
 1.41397E+00 7.70604E-02 1.35302E+00 7.52198E-02 1.96753E+01 1.87931E+00 1.05068E-01 1.24556E+01 2.40379E+00 1.32377E-01 1.46259E+01
 1.46428E+00 7.09907E-02 1.40337E+00 6.93124E-02 2.01681E+01 1.95012E+00 9.68230E-02 1.27653E+01 2.50214E+00 1.22501E-01 1.50784E+01
 1.51125E+00 6.52092E-02 1.45044E+00 6.36800E-02 2.06488E+01 2.01635E+00 8.89600E-02 1.30686E+01 2.58690E+00 1.12650E-01 1.54580E+01
 1.55473E+00 5.97374E-02 1.49408E+00 5.83465E-02 2.11167E+01 2.07777E+00 8.15130E-02 1.33649E+01 2.66364E+00 1.03227E-01 1.58125E+01
 1.59452E+00 5.45851E-02 1.53409E+00 5.33224E-02 2.15707E+01 2.13412E+00 7.44974E-02 1.36537E+01 2.73357E+00 9.43349E-02 1.61532E+01
 1.63056E+00 4.97592E-02 1.57041E+00 4.86151E-02 2.20102E+01 2.18529E+00 6.79235E-02 1.39345E+01 2.79691E+00 8.60017E-02 1.64826E+01
 3.21156E-01 8.47201E-02 3.07789E-01 8.77444E-02 8.62264E+00 4.27700E-01 1.24532E-01 5.59842E+00 3.21159E-01 8.47210E-02 1.23110E-03
 3.52167E-01 8.93786E-02 3.35411E-01 9.22317E-02 9.11718E+00 4.65250E-01 1.30776E-01 5.89203E+00 3.52172E-01 8.93800E-02 1.73661E-03
 3.87465E-01 9.24733E-02 3.67246E-01 9.49666E-02 9.60648E+00 5.08695E-01 1.34485E-01 6.18345E+00 3.87472E-01 9.24751E-02 2.49975E-03
 4.24823E-01 9.45766E-02 4.01024E-01 9.64942E-02 1.00916E+01 5.54829E-01 1.36414E-01 6.47328E+00 4.24834E-01 9.45792E-02 3.68071E-03
 4.64967E-01 9.61965E-02 4.36991E-01 9.72301E-02 1.05719E+01 6.03812E-01 1.37112E-01 6.76115E+00 4.64984E-01 9.62003E-02 5.55679E-03
 5.08466E-01 9.77454E-02 4.75581E-01 9.75089E-02 1.10465E+01 6.56204E-01 1.37020E-01 7.04651E+00 5.08494E-01 9.77511E-02 8.62217E-03
 5.55197E-01 9.94956E-02 5.16612E-01 9.75849E-02 1.15152E+01 7.11728E-01 1.36489E-01 7.32928E+00 5.55244E-01 9.95044E-02 1.37866E-02
 5.93182E-01 1.00973E-01 5.49681E-01 9.75728E-02 1.18742E+01 7.56355E-01 1.35905E-01 7.54643E+00 5.93254E-01 1.00986E-01 2.02718E-02
 6.03688E-01 1.01508E-01 5.59288E-01 9.76905E-02 1.19761E+01 7.69522E-01 1.35912E-01 7.60821E+00 6.03770E-01 1.01522E-01 2.27746E-02
 6.59836E-01 1.03714E-01 6.10450E-01 9.80200E-02 1.24585E+01 8.39563E-01 1.35660E-01 7.90135E+00 6.59992E-01 1.03739E-01 4.06966E-02
 7.19105E-01 1.05076E-01 6.65490E-01 9.80011E-02 1.29369E+01 9.15346E-01 1.35108E-01 8.19306E+00 7.19426E-01 1.05123E-01 7.60606E-02
 7.79209E-01 1.05285E-01 7.22990E-01 9.78248E-02 1.34108E+01 9.95207E-01 1.34713E-01 8.48313E+00 7.79927E-01 1.05382E-01 1.49063E-01
 8.38891E-01 1.04197E-01 7.82067E-01 9.73963E-02 1.38796E+01 1.07805E+00 1.34362E-01 8.77103E+00 8.40692E-01 1.04421E-01 3.06459E-01
 8.97415E-01 1.01741E-01 8.40567E-01 9.62199E-02 1.43421E+01 1.16030E+00 1.33195E-01 9.05621E+00 9.02686E-01 1.02345E-01 6.57554E-01
 9.53941E-01 9.78969E-02 8.98063E-01 9.36894E-02 1.47976E+01 1.24151E+00 1.30137E-01 9.33813E+00 9.72051E-01 9.97920E-02 1.44438E+00
 1.00851E+00 9.29284E-02 9.52978E-01 8.97155E-02 1.52454E+01 1.31886E+00 1.24928E-01 9.61631E+00 1.07504E+00 9.92221E-02 3.08970E+00
 1.06030E+00 8.72505E-02 1.00509E+00 8.46845E-02 1.56845E+01 1.39226E+00 1.18100E-01 9.89025E+00 1.27012E+00 1.05033E-01 5.86111E+00
 1.10950E+00 8.12592E-02 1.05452E+00 7.90929E-02 1.61143E+01 1.46185E+00 1.10390E-01 1.01594E+01 1.56604E+00 1.15714E-01 8.98786E+00
 1.15603E+00 7.52440E-02 1.10125E+00 7.33412E-02 1.65339E+01 1.52764E+00 1.02403E-01 1.04234E+01 1.83482E+00 1.20722E-01 1.11908E+01
 1.19977E+00 6.93747E-02 1.14517E+00 6.76670E-02 1.69426E+01 1.58947E+00 9.44984E-02 1.06816E+01 2.00435E+00 1.17188E-01 1.23192E+01
 1.24057E+00 6.37427E-02 1.18619E+00 6.21972E-02 1.73398E+01 1.64723E+00 8.68687E-02 1.09337E+01 2.10817E+00 1.09478E-01 1.28866E+01
 1.27833E+00 5.83941E-02 1.22421E+00 5.69925E-02 1.77247E+01 1.70078E+00 7.96051E-02 1.11791E+01 2.18350E+00 1.00745E-01 1.32487E+01
 1.31291E+00 5.33507E-02 1.25911E+00 5.20806E-02 1.80968E+01 1.74997E+00 7.27485E-02 1.14175E+01 2.24647E+00 9.21462E-02 1.35449E+01
 1.34424E+00 4.86220E-02 1.29080E+00 4.74729E-02 1.84554E+01 1.79469E+00 6.63156E-02 1.16484E+01 2.30209E+00 8.40037E-02 1.38173E+01
 1.37221E+00 4.42084E-02 1.31919E+00 4.31708E-02 1.87997E+01 1.83476E+00 6.03086E-02 1.18713E+01 2.35149E+00 7.63877E-02 1.40761E+01
 1.39680E+00 4.01081E-02 1.34426E+00 3.91729E-02 1.91294E+01 1.87019E+00 5.47260E-02 1.20860E+01 2.39500E+00 6.93089E-02 1.43235E+01
 3.14727E-01 8.54684E-02 3.01040E-01 8.85250E-02 7.94602E+00 4.18089E-01 1.25642E-01 5.08845E+00 3.14731E-01 8.54693E-02 1.13450E-03
 3.42937E-01 8.80252E-02 3.26418E-01 9.08535E-02 8.39072E+00 4.52695E-01 1.28829E-01 5.35173E+00 3.42942E-01 8.80265E-02 1.59824E-03
 3.75081E-01 8.92932E-02 3.55601E-01 9.17363E-02 8.82649E+00 4.92602E-01 1.29924E-01 5.61101E+00 3.75088E-01 8.92949E-02 2.29679E-03
 4.08941E-01 8.97921E-02 3.86345E-01 9.16682E-02 9.25468E+00 5.34645E-01 1.29612E-01 5.86699E+00 4.08952E-01 8.97946E-02 3.37546E-03
 4.45140E-01 8.99800E-02 4.18864E-01 9.10246E-02 9.67507E+00 5.78970E-01 1.28390E-01 6.11945E+00 4.45156E-01 8.99835E-02 5.08538E-03
 4.84057E-01 9.02170E-02 4.53400E-01 9.00968E-02 1.00870E+01 6.25864E-01 1.26642E-01 6.36801E+00 4.84084E-01 9.02223E-02 7.87327E-03
 5.25507E-01 9.07303E-02 4.89763E-01 8.91014E-02 1.04908E+01 6.75056E-01 1.24668E-01 6.61268E+00 5.25551E-01 9.07383E-02 1.25600E-02
 5.58944E-01 9.12905E-02 5.18854E-01 8.83362E-02 1.07980E+01 7.14308E-01 1.23087E-01 6.79953E+00 5.59012E-01 9.13020E-02 1.84344E-02
 5.68095E-01 9.15568E-02 5.27158E-01 8.82302E-02 1.08845E+01 7.25661E-01 1.22796E-01 6.85233E+00 5.68172E-01 9.15697E-02 2.06987E-02
 6.16857E-01 9.25563E-02 5.71451E-01 8.75742E-02 1.12926E+01 7.86241E-01 1.21243E-01 7.10207E+00 6.17003E-01 9.25788E-02 3.68879E-02
 6.67804E-01 9.28505E-02 6.18658E-01 8.66709E-02 1.16942E+01 8.51196E-01 1.19517E-01 7.34895E+00 6.68103E-01 9.28924E-02 6.87542E-02
 7.18951E-01 9.21782E-02 6.67601E-01 8.56853E-02 1.20891E+01 9.19176E-01 1.18012E-01 7.59282E+00 7.19614E-01 9.22632E-02 1.34371E-01
 7.69134E-01 9.04335E-02 7.17361E-01 8.45400E-02 1.24767E+01 9.88985E-01 1.16630E-01 7.83326E+00 7.70786E-01 9.06283E-02 2.75479E-01
 8.17773E-01 8.75827E-02 7.66120E-01 8.28211E-02 1.28561E+01 1.05759E+00 1.14644E-01 8.06976E+00 8.22577E-01 8.81027E-02 5.89406E-01
 8.64132E-01 8.36271E-02 8.13482E-01 8.00159E-02 1.32267E+01 1.12457E+00 1.11137E-01 8.30191E+00 8.80536E-01 8.52456E-02 1.29098E+00
 9.08316E-01 7.88058E-02 8.58140E-01 7.60619E-02 1.35880E+01 1.18755E+00 1.05908E-01 8.52932E+00 9.68221E-01 8.41414E-02 2.75356E+00
 9.49644E-01 7.34788E-02 8.99926E-01 7.12984E-02 1.39393E+01 1.24648E+00 9.94245E-02 8.75158E+00 1.13750E+00 8.84497E-02 5.20822E+00
 9.88312E-01 6.79813E-02 9.38984E-01 6.61504E-02 1.42801E+01 1.30155E+00 9.23188E-02 8.96830E+00 1.39480E+00 9.67957E-02 7.96341E+00
 1.02431E+00 6.25517E-02 9.75355E-01 6.09525E-02 1.46098E+01 1.35283E+00 8.50981E-02 9.17907E+00 1.62543E+00 1.00345E-01 9.88663E+00
 1.05756E+00 5.73242E-02 1.00897E+00 5.58974E-02 1.49279E+01 1.40024E+00 7.80556E-02 9.38352E+00 1.76636E+00 9.68185E-02 1.08523E+01
 1.08801E+00 5.23660E-02 1.03981E+00 5.10821E-02 1.52338E+01 1.44375E+00 7.13392E-02 9.58129E+00 1.84844E+00 8.99254E-02 1.13198E+01
 1.11558E+00 4.77062E-02 1.06782E+00 4.65487E-02 1.55271E+01 1.48331E+00 6.50127E-02 9.77205E+00 1.90502E+00 8.22939E-02 1.16046E+01
 1.14024E+00 4.33544E-02 1.09296E+00 4.23115E-02 1.58074E+01 1.51884E+00 5.90983E-02 9.95548E+00 1.95050E+00 7.48707E-02 1.18301E+01
 1.16195E+00 3.93105E-02 1.11520E+00 3.83723E-02 1.60742E+01 1.55031E+00 5.35991E-02 1.01313E+01 1.98937E+00 6.79076E-02 1.20335E+01
 1.18066E+00 3.55677E-02 1.13448E+00 3.47252E-02 1.63270E+01 1.57764E+00 4.85073E-02 1.02990E+01 2.02272E+00 6.14502E-02 1.22239E+01
 1.19641E+00 3.21179E-02 1.15086E+00 3.13626E-02 1.65655E+01 1.60091E+00 4.38123E-02 1.04585E+01 2.05089E+00 5.54955E-02 1.24032E+01
 3.09402E-01 8.51910E-02 2.95300E-01 8.82101E-02 7.31840E+00 4.09859E-01 1.25185E-01 4.62722E+00 3.09405E-01 8.51919E-02 1.04489E-03
 3.35087E-01 8.58333E-02 3.18704E-01 8.85823E-02 7.71577E+00 4.41900E-01 1.25605E-01 4.86289E+00 3.35091E-01 8.58346E-02 1.46967E-03
 3.64331E-01 8.54804E-02 3.45487E-01 8.78337E-02 8.10125E+00 4.78623E-01 1.24402E-01 5.09304E+00 3.64337E-01 8.54821E-02 2.10807E-03
 3.94959E-01 8.45890E-02 3.73466E-01 8.63976E-02 8.47645E+00 5.16956E-01 1.22175E-01 5.31845E+00 3.94969E-01 8.45914E-02 3.09161E-03
 4.27502E-01 8.35613E-02 4.02825E-01 8.46019E-02 8.84150E+00 5.57026E-01 1.19358E-01 5.53908E+00 4.27518E-01 8.35646E-02 4.64724E-03
 4.62204E-01 8.27074E-02 4.33669E-01 8.26941E-02 9.19613E+00 5.98927E-01 1.16274E-01 5.75466E+00 4.62229E-01 8.27123E-02 7.17788E-03
 4.98817E-01 8.22120E-02 4.65789E-01 8.08522E-02 9.54073E+00 6.42381E-01 1.13171E-01 5.96533E+00 4.98859E-01 8.22193E-02 1.14226E-02
 5.28101E-01 8.20337E-02 4.91272E-01 7.95038E-02 9.80106E+00 6.76766E-01 1.10829E-01 6.12523E+00 5.28165E-01 8.20441E-02 1.67325E-02
 5.36030E-01 8.20847E-02 4.98410E-01 7.92249E-02 9.87375E+00 6.86502E-01 1.10311E-01 6.17009E+00 5.36103E-01 8.20963E-02 1.87767E-02
 5.78129E-01 8.21281E-02 5.36552E-01 7.78163E-02 1.02153E+01 7.38627E-01 1.07778E-01 6.38145E+00 5.78267E-01 8.21481E-02 3.33689E-02
 6.21610E-01 8.16039E-02 5.76749E-01 7.62569E-02 1.05486E+01 7.93899E-01 1.05191E-01 6.58886E+00 6.21888E-01 8.16407E-02 6.20186E-02
 6.64809E-01 8.02907E-02 6.18140E-01 7.46905E-02 1.08735E+01 8.51411E-01 1.02892E-01 6.79223E+00 6.65422E-01 8.03648E-02 1.20859E-01
 7.06612E-01 7.81107E-02 6.59691E-01 7.30486E-02 1.11897E+01 9.09742E-01 1.00788E-01 6.99120E+00 7.08132E-01 7.82791E-02 2.47060E-01
 7.46606E-01 7.50536E-02 6.99937E-01 7.09834E-02 1.14964E+01 9.66429E-01 9.82617E-02 7.18538E+00 7.50995E-01 7.54993E-02 5.27059E-01
 7.84148E-01 7.11348E-02 7.38511E-01 6.80634E-02 1.17932E+01 1.02106E+00 9.45363E-02 7.37442E+00 7.99042E-01 7.25115E-02 1.15102E+00
 8.19403E-01 6.65670E-02 7.74350E-01 6.42454E-02 1.20798E+01 1.07168E+00 8.94532E-02 7.55806E+00 8.73463E-01 7.10736E-02 2.44779E+00
 8.51811E-01 6.16578E-02 8.07339E-01 5.98227E-02 1.23557E+01 1.11829E+00 8.34196E-02 7.73596E+00 1.02034E+00 7.42188E-02 4.61611E+00
 8.81584E-01 5.66871E-02 8.37638E-01 5.51546E-02 1.26205E+01 1.16109E+00 7.69709E-02 7.90782E+00 1.24421E+00 8.07112E-02 7.03715E+00
 9.08759E-01 5.18483E-02 8.65330E-01 5.05174E-02 1.28739E+01 1.20023E+00 7.05272E-02 8.07335E+00 1.44207E+00 8.31707E-02 8.71097E+00
 9.33313E-01 4.72449E-02 8.90398E-01 4.60645E-02 1.31154E+01 1.23567E+00 6.43231E-02 8.23226E+00 1.55881E+00 7.97910E-02 9.53381E+00
 9.55239E-01 4.29240E-02 9.12865E-01 4.18682E-02 1.33447E+01 1.26747E+00 5.84700E-02 8.38429E+00 1.62282E+00 7.37080E-02 9.91538E+00
 9.74529E-01 3.89014E-02 9.32732E-01 3.79551E-02 1.35616E+01 1.29562E+00 5.30094E-02 8.52920E+00 1.66408E+00 6.71032E-02 1.01352E+01
 9.91183E-01 3.51772E-02 9.50003E-01 3.43297E-02 1.37657E+01 1.32014E+00 4.79492E-02 8.66678E+00 1.69545E+00 6.07479E-02 1.03019E+01
 1.00522E+00 3.17445E-02 9.64695E-01 3.09864E-02 1.39569E+01 1.34105E+00 4.32823E-02 8.79680E+00 1.72096E+00 5.48372E-02 1.04484E+01
 1.01663E+00 2.85917E-02 9.76803E-01 2.79149E-02 1.41346E+01 1.35834E+00 3.89943E-02 8.91899E+00 1.74165E+00 4.93982E-02 1.05827E+01
 1.02551E+00 2.57063E-02 9.86407E-01 2.51032E-02 1.42990E+01 1.37213E+00 3.50686E-02 9.03322E+00 1.75787E+00 4.44184E-02 1.07066E+01
 3.05245E-01 8.38549E-02 2.90730E-01 8.67677E-02 6.73407E+00 4.03277E-01 1.23116E-01 4.20936E+00 3.05248E-01 8.38558E-02 9.61460E-04
 3.28675E-01 8.28181E-02 3.12408E-01 8.54344E-02 7.08642E+00 4.33092E-01 1.21128E-01 4.41991E+00 3.28680E-01 8.28193E-02 1.34980E-03
 3.55264E-01 8.10826E-02 3.37020E-01 8.33067E-02 7.42468E+00 4.66945E-01 1.17987E-01 4.62366E+00 3.55270E-01 8.10842E-02 1.93201E-03
 3.82901E-01 7.90343E-02 3.62468E-01 8.07483E-02 7.75064E+00 5.01895E-01 1.14196E-01 4.82148E+00 3.82911E-01 7.90365E-02 2.82689E-03
 4.12045E-01 7.70148E-02 3.88914E-01 7.80339E-02 8.06477E+00 5.38054E-01 1.10114E-01 5.01349E+00 4.12060E-01 7.70179E-02 4.23898E-03
 4.42843E-01 7.52846E-02 4.16374E-01 7.53671E-02 8.36707E+00 5.75396E-01 1.06007E-01 5.19957E+00 4.42868E-01 7.52891E-02 6.53076E-03
 4.75027E-01 7.39936E-02 4.44638E-01 7.28900E-02 8.65812E+00 6.13646E-01 1.02073E-01 5.37994E+00 4.75067E-01 7.40002E-02 1.03659E-02
 5.00536E-01 7.32444E-02 4.66856E-01 7.11172E-02 8.87629E+00 6.43634E-01 9.91899E-02 5.51591E+00 5.00597E-01 7.32537E-02 1.51537E-02
 5.07371E-01 7.31298E-02 4.72963E-01 7.07125E-02 8.93666E+00 6.51943E-01 9.85103E-02 5.55374E+00 5.07440E-01 7.31401E-02 1.69946E-02
 5.43491E-01 7.24500E-02 5.05623E-01 6.87658E-02 9.21893E+00 6.96550E-01 9.52906E-02 5.73125E+00 5.43620E-01 7.24676E-02 3.01142E-02
 5.80268E-01 7.13310E-02 5.39504E-01 6.67534E-02 9.49180E+00 7.43088E-01 9.21206E-02 5.90401E+00 5.80528E-01 7.13632E-02 5.58053E-02
 6.16484E-01 6.95835E-02 5.74322E-01 6.47965E-02 9.75527E+00 7.91513E-01 8.92891E-02 6.07195E+00 6.17054E-01 6.96478E-02 1.08429E-01
 6.50967E-01 6.71570E-02 6.08725E-01 6.28482E-02 1.00090E+01 8.39859E-01 8.67316E-02 6.23483E+00 6.52370E-01 6.73018E-02 2.20991E-01
 6.83475E-01 6.40516E-02 6.41608E-01 6.06057E-02 1.02527E+01 8.86239E-01 8.39072E-02 6.39233E+00 6.87499E-01 6.44322E-02 4.70036E-01
 7.13449E-01 6.02873E-02 6.72632E-01 5.77013E-02 1.04859E+01 9.30263E-01 8.01506E-02 6.54420E+00 7.27016E-01 6.14545E-02 1.02341E+00
 7.41118E-01 5.60505E-02 7.00976E-01 5.41068E-02 1.07085E+01 9.70376E-01 7.53409E-02 6.69025E+00 7.90065E-01 5.98461E-02 2.16986E+00
 7.66022E-01 5.16008E-02 7.26562E-01 5.00731E-02 1.09202E+01 1.00661E+00 6.98275E-02 6.83026E+00 9.17720E-01 6.21151E-02 4.07968E+00
 7.88388E-01 4.71688E-02 7.49566E-01 4.59003E-02 1.11208E+01 1.03920E+00 6.40588E-02 6.96399E+00 1.11294E+00 6.71627E-02 6.20073E+00
 8.08292E-01 4.29085E-02 7.70102E-01 4.18136E-02 1.13099E+01 1.06832E+00 5.83784E-02 7.09124E+00 1.28298E+00 6.88354E-02 7.65266E+00
 8.25752E-01 3.88982E-02 7.88194E-01 3.79329E-02 1.14875E+01 1.09400E+00 5.29710E-02 7.21182E+00 1.37953E+00 6.57002E-02 8.35057E+00
 8.40807E-01 3.51685E-02 8.03904E-01 3.43105E-02 1.16533E+01 1.11634E+00 4.79182E-02 7.32556E+00 1.42879E+00 6.03969E-02 8.65890E+00
 8.53486E-01 3.17252E-02 8.17269E-01 3.09609E-02 1.18071E+01 1.13539E+00 4.32441E-02 7.43231E+00 1.45776E+00 5.47316E-02 8.82445E+00
 8.63830E-01 2.85619E-02 8.28330E-01 2.78816E-02 1.19489E+01 1.15122E+00 3.89461E-02 7.53192E+00 1.47797E+00 4.93312E-02 8.94293E+00
 8.71891E-01 2.56669E-02 8.37139E-01 2.50622E-02 1.20785E+01 1.16389E+00 3.50105E-02 7.62428E+00 1.49307E+00 4.43462E-02 9.04309E+00
 8.77700E-01 2.30259E-02 8.43725E-01 2.24894E-02 1.21958E+01 1.17345E+00 3.14187E-02 7.70918E+00 1.50402E+00 3.97901E-02 9.13206E+00
 8.81358E-01 2.06240E-02 8.48187E-01 2.01488E-02 1.23006E+01 1.18003E+00 2.81509E-02 7.78660E+00 1.51118E+00 3.56447E-02 9.21147E+00
 3.01556E-01 8.14601E-02 2.86675E-01 8.42020E-02 6.20107E+00 3.97435E-01 1.19443E-01 3.84082E+00 3.01559E-01 8.14610E-02 8.85361E-04
 3.22893E-01 7.90292E-02 3.06765E-01 8.14642E-02 6.51236E+00 4.25210E-01 1.15477E-01 4.02887E+00 3.22898E-01 7.90304E-02 1.24045E-03
 3.46857E-01 7.61838E-02 3.29238E-01 7.82432E-02 6.80785E+00 4.56240E-01 1.10805E-01 4.20905E+00 3.46863E-01 7.61853E-02 1.77150E-03
 3.71463E-01 7.32351E-02 3.52135E-01 7.48294E-02 7.08952E+00 4.87787E-01 1.05827E-01 4.38231E+00 3.71473E-01 7.32371E-02 2.58576E-03
 3.97124E-01 7.04621E-02 3.75613E-01 7.14417E-02 7.35811E+00 5.19969E-01 1.00829E-01 4.54893E+00 3.97139E-01 7.04649E-02 3.86755E-03
 4.23932E-01 6.80775E-02 3.99644E-01 6.82404E-02 7.61390E+00 5.52702E-01 9.60169E-02 4.70890E+00 4.23955E-01 6.80815E-02 5.94289E-03
 4.51620E-01 6.61970E-02 4.24028E-01 6.53325E-02 7.85764E+00 5.85730E-01 9.15368E-02 4.86256E+00 4.51658E-01 6.62029E-02 9.40750E-03
 4.73348E-01 6.50322E-02 4.42996E-01 6.32833E-02 8.03874E+00 6.11351E-01 8.83185E-02 4.97749E+00 4.73406E-01 6.50404E-02 1.37238E-02
 4.79098E-01 6.47978E-02 4.48084E-01 6.27966E-02 8.08836E+00 6.18253E-01 8.75381E-02 5.00919E+00 4.79163E-01 6.48070E-02 1.53814E-02
 5.09309E-01 6.36107E-02 4.75315E-01 6.05113E-02 8.31904E+00 6.55408E-01 8.39064E-02 5.15719E+00 5.09431E-01 6.36262E-02 2.71746E-02
 5.39628E-01 6.21080E-02 5.03180E-01 5.82368E-02 8.53961E+00 6.93656E-01 8.04141E-02 5.29984E+00 5.39871E-01 6.21361E-02 5.02070E-02
 5.69002E-01 6.01169E-02 5.31420E-01 5.60625E-02 8.75017E+00 7.32933E-01 7.72870E-02 5.43714E+00 5.69529E-01 6.01725E-02 9.72575E-02
 5.96493E-01 5.76080E-02 5.58982E-01 5.39659E-02 8.95057E+00 7.71714E-01 7.44960E-02 5.56894E+00 5.97781E-01 5.77323E-02 1.97621E-01
 6.21925E-01 5.45892E-02 5.84907E-01 5.16915E-02 9.14055E+00 8.08358E-01 7.15814E-02 5.69499E+00 6.25595E-01 5.49138E-02 4.19050E-01
 6.44814E-01 5.10758E-02 6.08871E-01 4.89148E-02 9.31997E+00 8.42463E-01 6.79576E-02 5.81514E+00 6.57100E-01 5.20654E-02 9.09618E-01
 6.65440E-01 4.72261E-02 6.30256E-01 4.56127E-02 9.48878E+00 8.72822E-01 6.35230E-02 5.92928E+00 7.09463E-01 5.04262E-02 1.92271E+00
 6.83440E-01 4.32564E-02 6.49025E-01 4.19967E-02 9.64682E+00 8.99507E-01 5.85732E-02 6.03725E+00 8.18990E-01 5.20759E-02 3.60402E+00
 6.99054E-01 3.93551E-02 6.65373E-01 3.83159E-02 9.79398E+00 9.22773E-01 5.34815E-02 6.13892E+00 9.87233E-01 5.60474E-02 5.46117E+00
 7.12392E-01 3.56441E-02 6.79439E-01 3.47528E-02 9.93015E+00 9.42830E-01 4.85274E-02 6.23416E+00 1.13131E+00 5.71957E-02 6.71955E+00
 7.23513E-01 3.21811E-02 6.91289E-01 3.14003E-02 1.00553E+01 9.59770E-01 4.38555E-02 6.32287E+00 1.20934E+00 5.43707E-02 7.31014E+00
 7.32488E-01 2.89850E-02 7.01011E-01 2.82953E-02 1.01692E+01 9.73724E-01 3.95241E-02 6.40493E+00 1.24534E+00 4.97938E-02 7.55708E+00
 7.39380E-01 2.60545E-02 7.08674E-01 2.54439E-02 1.02721E+01 9.84793E-01 3.55450E-02 6.48028E+00 1.26349E+00 4.49646E-02 7.67821E+00
 7.44260E-01 2.33789E-02 7.14348E-01 2.28389E-02 1.03637E+01 9.93074E-01 3.19088E-02 6.54886E+00 1.27403E+00 4.03951E-02 7.75771E+00
 7.47204E-01 2.09443E-02 7.18109E-01 2.04674E-02 1.04442E+01 9.98674E-01 2.85981E-02 6.61061E+00 1.28020E+00 3.62021E-02 7.82082E+00
 7.48271E-01 1.87350E-02 7.20013E-01 1.83146E-02 1.05135E+01 1.00167E+00 2.55926E-02 6.66542E+00 1.28289E+00 3.23903E-02 7.87382E+00
 7.47575E-01 1.67355E-02 7.20171E-01 1.63656E-02 1.05716E+01 1.00222E+00 2.28713E-02 6.71333E+00 1.28248E+00 2.89389E-02 7.91821E+00
 2.99196E-01 7.81803E-02 2.84135E-01 8.07008E-02 5.70446E+00 3.93795E-01 1.14436E-01 3.50838E+00 2.99199E-01 7.81812E-02 8.14456E-04
 3.18612E-01 7.46546E-02 3.02747E-01 7.68720E-02 5.97670E+00 4.19659E-01 1.08937E-01 3.67551E+00 3.18616E-01 7.46556E-02 1.13842E-03
 3.40088E-01 7.09697E-02 3.23168E-01 7.28384E-02 6.23205E+00 4.47973E-01 1.03132E-01 3.83392E+00 3.40094E-01 7.09711E-02 1.62167E-03
 3.61810E-01 6.73634E-02 3.43628E-01 6.88183E-02 6.47260E+00 4.76261E-01 9.73217E-02 3.98466E+00 3.61819E-01 6.73653E-02 2.36075E-03
 3.84175E-01 6.40542E-02 3.64286E-01 6.49766E-02 6.69933E+00 5.04660E-01 9.17169E-02 4.12812E+00 3.84189E-01 6.40567E-02 3.52128E-03
 4.07262E-01 6.12105E-02 3.85120E-01 6.14338E-02 6.91274E+00 5.33097E-01 8.64691E-02 4.26444E+00 4.07285E-01 6.12141E-02 5.39561E-03
 4.30804E-01 5.89188E-02 4.05931E-01 5.82656E-02 7.11373E+00 5.61318E-01 8.16803E-02 4.39402E+00 4.30841E-01 5.89241E-02 8.51686E-03
 4.49090E-01 5.74622E-02 4.21964E-01 5.60557E-02 7.26156E+00 5.83006E-01 7.82860E-02 4.49008E+00 4.49145E-01 5.74695E-02 1.23970E-02
 4.53865E-01 5.71427E-02 4.26145E-01 5.55204E-02 7.30160E+00 5.88659E-01 7.74511E-02 4.51631E+00 4.53927E-01 5.71508E-02 1.38852E-02
 4.78849E-01 5.56058E-02 4.48620E-01 5.30436E-02 7.48652E+00 6.19306E-01 7.36104E-02 4.63807E+00 4.78964E-01 5.56194E-02 2.44551E-02
 5.03575E-01 5.38679E-02 4.71299E-01 5.06433E-02 7.66103E+00 6.50416E-01 6.99830E-02 4.75410E+00 5.03802E-01 5.38923E-02 4.50415E-02
 5.27145E-01 5.17679E-02 4.93963E-01 4.83794E-02 7.82533E+00 6.81938E-01 6.67372E-02 4.86446E+00 5.27635E-01 5.18159E-02 8.69780E-02
 5.48806E-01 4.92839E-02 5.15785E-01 4.62390E-02 7.97941E+00 7.12684E-01 6.38585E-02 4.96906E+00 5.49995E-01 4.93904E-02 1.76179E-01
 5.68480E-01 4.64292E-02 5.36023E-01 4.40146E-02 8.12316E+00 7.41356E-01 6.09706E-02 5.06776E+00 5.71844E-01 4.67057E-02 3.72409E-01
 5.85738E-01 4.32152E-02 5.54356E-01 4.14256E-02 8.25656E+00 7.67545E-01 5.75682E-02 5.16049E+00 5.96928E-01 4.40534E-02 8.05843E-01
 6.00891E-01 3.97703E-02 5.70319E-01 3.84450E-02 8.37967E+00 7.90300E-01 5.35539E-02 5.24720E+00 6.40746E-01 4.24681E-02 1.69804E+00
 6.13646E-01 3.62716E-02 5.83899E-01 3.52456E-02 8.49248E+00 8.09708E-01 4.91691E-02 5.32781E+00 7.35656E-01 4.36749E-02 3.17301E+00
 6.24249E-01 3.28712E-02 5.95292E-01 3.20317E-02 8.59496E+00 8.26030E-01 4.47210E-02 5.40226E+00 8.82203E-01 4.68290E-02 4.79322E+00
 6.32830E-01 2.96650E-02 6.04659E-01 2.89503E-02 8.68714E+00 8.39500E-01 4.04357E-02 5.47051E+00 1.00583E+00 4.76226E-02 5.87943E+00
 6.39470E-01 2.66949E-02 6.12083E-01 2.60733E-02 8.76904E+00 8.50238E-01 3.64258E-02 5.53249E+00 1.06983E+00 4.51249E-02 6.37634E+00
 6.44258E-01 2.39713E-02 6.17668E-01 2.34260E-02 8.84070E+00 8.58395E-01 3.27324E-02 5.58819E+00 1.09635E+00 4.12040E-02 6.57124E+00
 6.47276E-01 2.14881E-02 6.21499E-01 2.10089E-02 8.90218E+00 8.64091E-01 2.93588E-02 5.63760E+00 1.10713E+00 3.71068E-02 6.65581E+00
 6.48607E-01 1.92328E-02 6.23659E-01 1.88119E-02 8.95358E+00 8.67444E-01 2.62917E-02 5.68072E+00 1.11134E+00 3.32532E-02 6.70382E+00
 6.48338E-01 1.71901E-02 6.24233E-01 1.68211E-02 8.99499E+00 8.68573E-01 2.35122E-02 5.71756E+00 1.11188E+00 2.97341E-02 6.73737E+00
 6.46539E-01 1.53445E-02 6.23289E-01 1.50217E-02 9.02641E+00 8.67570E-01 2.09995E-02 5.74808E+00 1.10957E+00 2.65488E-02 6.76197E+00
 6.43321E-01 1.36806E-02 6.20935E-01 1.33987E-02 9.04805E+00 8.64590E-01 1.87330E-02 5.77236E+00 1.10476E+00 2.36757E-02 6.77900E+00
 2.98391E-01 7.42016E-02 2.83482E-01 7.64654E-02 5.23086E+00 3.92935E-01 1.08383E-01 3.20142E+00 2.98394E-01 7.42024E-02 7.46838E-04
 3.16090E-01 6.98654E-02 3.00728E-01 7.18428E-02 5.46559E+00 4.17012E-01 1.01774E-01 3.34882E+00 3.16094E-01 6.98664E-02 1.04107E-03
 3.35344E-01 6.55877E-02 3.19279E-01 6.72509E-02 5.68298E+00 4.42830E-01 9.51971E-02 3.48695E+00 3.35350E-01 6.55890E-02 1.47880E-03
 3.54521E-01 6.15378E-02 3.37558E-01 6.28416E-02 5.88518E+00 4.68190E-01 8.88601E-02 3.61687E+00 3.54530E-01 6.15395E-02 2.14650E-03
 3.74040E-01 5.78777E-02 3.55760E-01 5.87303E-02 6.07334E+00 4.93282E-01 8.29072E-02 3.73910E+00 3.74053E-01 5.78800E-02 3.19225E-03
 3.93985E-01 5.47363E-02 3.73874E-01 5.50021E-02 6.24811E+00 5.18056E-01 7.74413E-02 3.85388E+00 3.94007E-01 5.47396E-02 4.87685E-03
 4.14118E-01 5.21762E-02 3.91766E-01 5.17062E-02 6.41052E+00 5.42361E-01 7.25266E-02 3.96170E+00 4.14153E-01 5.21809E-02 7.67495E-03
 4.29578E-01 5.05306E-02 4.05366E-01 4.94267E-02 6.52854E+00 5.60776E-01 6.90800E-02 4.04080E+00 4.29631E-01 5.05371E-02 1.11456E-02
 4.33592E-01 5.01545E-02 4.08862E-01 4.88687E-02 6.56006E+00 5.65495E-01 6.82262E-02 4.06213E+00 4.33651E-01 5.01616E-02 1.24751E-02
 4.54458E-01 4.83910E-02 4.27655E-01 4.63101E-02 6.70446E+00 5.91130E-01 6.43255E-02 4.16051E+00 4.54567E-01 4.84029E-02 2.19005E-02
 4.74887E-01 4.65200E-02 4.46414E-01 4.38775E-02 6.83853E+00 6.16872E-01 6.06910E-02 4.25297E+00 4.75103E-01 4.65412E-02 4.02059E-02
 4.94117E-01 4.43942E-02 4.64937E-01 4.16060E-02 6.96256E+00 6.42649E-01 5.74415E-02 4.33962E+00 4.94579E-01 4.44355E-02 7.73886E-02
 5.11555E-01 4.19986E-02 4.82602E-01 3.94932E-02 7.07665E+00 6.67574E-01 5.45784E-02 4.42046E+00 5.12668E-01 4.20896E-02 1.56247E-01
 5.27185E-01 3.93446E-02 4.98816E-01 3.73649E-02 7.18080E+00 6.90596E-01 5.17860E-02 4.49542E+00 5.30318E-01 3.95794E-02 3.29211E-01
 5.40626E-01 3.64391E-02 5.13294E-01 3.49816E-02 7.27511E+00 7.11350E-01 4.86336E-02 4.56448E+00 5.50993E-01 3.71471E-02 7.10077E-01
 5.52226E-01 3.33862E-02 5.25711E-01 3.23174E-02 7.35974E+00 7.29119E-01 4.50354E-02 4.62768E+00 5.88990E-01 3.56547E-02 1.49147E+00
 5.61719E-01 3.03278E-02 5.36040E-01 2.95095E-02 7.43475E+00 7.43962E-01 4.11826E-02 4.68501E+00 6.73809E-01 3.65283E-02 2.77822E+00
 5.69342E-01 2.73848E-02 5.44469E-01 2.67224E-02 7.50023E+00 7.56122E-01 3.73229E-02 4.73647E+00 8.05447E-01 3.90332E-02 4.18364E+00
 5.75230E-01 2.46315E-02 5.51157E-01 2.40731E-02 7.55629E+00 7.65831E-01 3.36373E-02 4.78205E+00 9.15473E-01 3.95694E-02 5.11550E+00
 5.79468E-01 2.20975E-02 5.56191E-01 2.16164E-02 7.60302E+00 7.73213E-01 3.02122E-02 4.82179E+00 9.70821E-01 3.73832E-02 5.53020E+00
 5.82149E-01 1.97870E-02 5.59675E-01 1.93688E-02 7.64056E+00 7.78417E-01 2.70757E-02 4.85571E+00 9.92097E-01 3.40412E-02 5.68106E+00
 5.83355E-01 1.76913E-02 5.61693E-01 1.73270E-02 7.66904E+00 7.81564E-01 2.42253E-02 4.88385E+00 9.99267E-01 3.05786E-02 5.73582E+00
 5.83168E-01 1.57966E-02 5.62326E-01 1.54797E-02 7.68862E+00 7.82766E-01 2.16458E-02 4.90628E+00 1.00071E+00 2.73391E-02 5.75877E+00
 5.81670E-01 1.40879E-02 5.61655E-01 1.38127E-02 7.69948E+00 7.82138E-01 1.93177E-02 4.92306E+00 9.99059E-01 2.43937E-02 5.76913E+00
 5.78927E-01 1.25500E-02 5.59745E-01 1.23117E-02 7.70167E+00 7.79768E-01 1.72210E-02 4.93420E+00 9.95075E-01 2.17379E-02 5.77174E+00
 5.75039E-01 1.11684E-02 5.56691E-01 1.09625E-02 7.69548E+00 7.75792E-01 1.53363E-02 4.93984E+00 9.89060E-01 1.93508E-02 5.76784E+00
 2.98328E-01 6.97590E-02 2.83736E-01 7.17493E-02 4.79130E+00 3.93412E-01 1.01647E-01 2.92571E+00 2.98331E-01 6.97597E-02 6.84080E-04
 3.14406E-01 6.48693E-02 2.99641E-01 6.66005E-02 4.99300E+00 4.15711E-01 9.43084E-02 3.05582E+00 3.14410E-01 6.48702E-02 9.51051E-04
 3.31532E-01 6.02138E-02 3.16363E-01 6.16706E-02 5.17742E+00 4.39071E-01 8.72719E-02 3.17627E+00 3.31539E-01 6.02150E-02 1.34724E-03
 3.48235E-01 5.59018E-02 3.32503E-01 5.70541E-02 5.34666E+00 4.61551E-01 8.06645E-02 3.28818E+00 3.48244E-01 5.59033E-02 1.95009E-03
 3.65042E-01 5.20441E-02 3.48341E-01 5.28228E-02 5.50198E+00 4.83452E-01 7.45723E-02 3.39215E+00 3.65056E-01 5.20462E-02 2.89193E-03
 3.82035E-01 4.87355E-02 3.63886E-01 4.90316E-02 5.64415E+00 5.04759E-01 6.90577E-02 3.48852E+00 3.82056E-01 4.87383E-02 4.40544E-03
 3.98926E-01 4.60195E-02 3.78982E-01 4.57085E-02 5.77426E+00 5.25303E-01 6.41537E-02 3.57783E+00 3.98960E-01 4.60237E-02 6.91319E-03
 4.11717E-01 4.42625E-02 3.90282E-01 4.34257E-02 5.86750E+00 5.40625E-01 6.07436E-02 3.64256E+00 4.11768E-01 4.42681E-02 1.00170E-02
 4.15036E-01 4.38506E-02 3.93172E-01 4.28628E-02 5.89198E+00 5.44524E-01 5.98945E-02 3.65978E+00 4.15094E-01 4.38569E-02 1.12046E-02
 4.32048E-01 4.19556E-02 4.08501E-01 4.03021E-02 6.00307E+00 5.65438E-01 5.60403E-02 3.73852E+00 4.32153E-01 4.19659E-02 1.96094E-02
 4.48476E-01 4.00313E-02 4.23608E-01 3.79046E-02 6.10414E+00 5.86177E-01 5.24889E-02 3.81130E+00 4.48681E-01 4.00496E-02 3.58882E-02
 4.63655E-01 3.79390E-02 4.38276E-01 3.56826E-02 6.19555E+00 6.06607E-01 4.93149E-02 3.87827E+00 4.64090E-01 3.79745E-02 6.88637E-02
 4.77134E-01 3.56670E-02 4.52058E-01 3.36394E-02 6.27750E+00 6.26102E-01 4.65291E-02 3.93951E+00 4.78177E-01 3.57446E-02 1.38604E-01
 4.88957E-01 3.32269E-02 4.64509E-01 3.16343E-02 6.35009E+00 6.43850E-01 4.38755E-02 3.99500E+00 4.91876E-01 3.34257E-02 2.91132E-01
 4.98761E-01 3.06203E-02 4.75336E-01 2.94605E-02 6.41349E+00 6.59463E-01 4.09835E-02 4.04480E+00 5.08368E-01 3.12168E-02 6.26008E-01
 5.06956E-01 2.79297E-02 4.84355E-01 2.70914E-02 6.46792E+00 6.72459E-01 3.77747E-02 4.08900E+00 5.40855E-01 2.98323E-02 1.31087E+00
 5.13270E-01 2.52681E-02 4.91522E-01 2.46363E-02 6.51354E+00 6.82862E-01 3.44012E-02 4.12763E+00 6.16141E-01 3.04472E-02 2.43443E+00
 5.17947E-01 2.27307E-02 4.97024E-01 2.22269E-02 6.55048E+00 6.90912E-01 3.10621E-02 4.16075E+00 7.33670E-01 3.24245E-02 3.65488E+00
 5.21120E-01 2.03740E-02 5.01016E-01 1.99552E-02 6.57892E+00 6.96837E-01 2.79002E-02 4.18841E+00 8.30688E-01 3.27636E-02 4.45534E+00
 5.22883E-01 1.82182E-02 5.03589E-01 1.78621E-02 6.59903E+00 7.00764E-01 2.49808E-02 4.21068E+00 8.77542E-01 3.08565E-02 4.80170E+00
 5.23329E-01 1.62629E-02 5.04847E-01 1.59574E-02 6.61097E+00 7.02842E-01 2.23218E-02 4.22765E+00 8.93451E-01 2.80138E-02 4.91742E+00
 5.22542E-01 1.44978E-02 5.04875E-01 1.42354E-02 6.61495E+00 7.03192E-01 1.99168E-02 4.23939E+00 8.96722E-01 2.50926E-02 4.94940E+00
 5.20603E-01 1.29091E-02 5.03754E-01 1.26840E-02 6.61117E+00 7.01926E-01 1.77497E-02 4.24600E+00 8.94993E-01 2.23735E-02 4.95375E+00
 5.17594E-01 1.14821E-02 5.01561E-01 1.12897E-02 6.59985E+00 6.99155E-01 1.58014E-02 4.24760E+00 8.90672E-01 1.99116E-02 4.94721E+00
 5.13579E-01 1.02028E-02 4.98361E-01 1.00388E-02 6.58111E+00 6.94966E-01 1.40534E-02 4.24424E+00 8.84443E-01 1.77002E-02 4.93402E+00
 5.08651E-01 9.05753E-03 4.94243E-01 8.91839E-03 6.55525E+00 6.89483E-01 1.24874E-02 4.23608E+00 8.76583E-01 1.57196E-02 4.91528E+00
 2.98764E-01 6.51036E-02 2.84560E-01 6.68264E-02 4.38547E+00 3.94719E-01 9.46228E-02 2.67967E+00 2.98767E-01 6.51043E-02 6.26137E-04
 3.13180E-01 5.98777E-02 2.99030E-01 6.13759E-02 4.55843E+00 4.15086E-01 8.68731E-02 2.79444E+00 3.13184E-01 5.98785E-02 8.68275E-04
 3.28110E-01 5.50224E-02 3.13822E-01 5.62881E-02 4.71433E+00 4.35834E-01 7.96306E-02 2.89929E+00 3.28116E-01 5.50235E-02 1.22674E-03
 3.42373E-01 5.05979E-02 3.27798E-01 5.16109E-02 4.85523E+00 4.55375E-01 7.29575E-02 2.99537E+00 3.42382E-01 5.05993E-02 1.77085E-03
 3.56382E-01 4.66680E-02 3.41192E-01 4.73778E-02 4.98246E+00 4.73975E-01 6.68896E-02 3.08335E+00 3.56396E-01 4.66699E-02 2.61886E-03
 3.70429E-01 4.32980E-02 3.54157E-01 4.36189E-02 5.09692E+00 4.91794E-01 6.14561E-02 3.16366E+00 3.70450E-01 4.33005E-02 3.97831E-03
 3.84135E-01 4.05198E-02 3.66496E-01 4.03469E-02 5.19972E+00 5.08623E-01 5.66671E-02 3.23690E+00 3.84168E-01 4.05234E-02 6.22533E-03
 3.94323E-01 3.87162E-02 3.75554E-01 3.81123E-02 5.27211E+00 5.20929E-01 5.33609E-02 3.28920E+00 3.94372E-01 3.87211E-02 9.00059E-03
 3.96963E-01 3.82859E-02 3.77845E-01 3.75581E-02 5.29073E+00 5.24017E-01 5.25345E-02 3.30289E+00 3.97018E-01 3.82914E-02 1.00612E-02
 4.10248E-01 3.63344E-02 3.89821E-01 3.50558E-02 5.37409E+00 5.40359E-01 4.88061E-02 3.36480E+00 4.10348E-01 3.63434E-02 1.75548E-02
 4.22858E-01 3.44168E-02 4.01440E-01 3.27431E-02 5.44787E+00 5.56319E-01 4.54037E-02 3.42081E+00 4.23052E-01 3.44327E-02 3.20299E-02
 4.34227E-01 3.24043E-02 4.12484E-01 3.06148E-02 5.51249E+00 5.71725E-01 4.23668E-02 3.47110E+00 4.34637E-01 3.24348E-02 6.12718E-02
 4.44018E-01 3.02844E-02 4.22648E-01 2.86756E-02 5.56822E+00 5.86159E-01 3.97090E-02 3.51582E+00 4.44994E-01 3.03505E-02 1.22945E-01
 4.52322E-01 2.80656E-02 4.31613E-01 2.68110E-02 5.61524E+00 5.99017E-01 3.72219E-02 3.55502E+00 4.55035E-01 2.82342E-02 2.57449E-01
 4.58821E-01 2.57461E-02 4.39113E-01 2.48455E-02 5.65381E+00 6.09944E-01 3.45930E-02 3.58881E+00 4.67704E-01 2.62495E-02 5.51889E-01
 4.63894E-01 2.33896E-02 4.45029E-01 2.27521E-02 5.68418E+00 6.18585E-01 3.17497E-02 3.61731E+00 4.95070E-01 2.49884E-02 1.15217E+00
 4.67335E-01 2.10842E-02 4.49338E-01 2.06151E-02 5.70657E+00 6.24974E-01 2.88089E-02 3.64063E+00 5.61472E-01 2.54209E-02 2.13330E+00
 4.69362E-01 1.89042E-02 4.52204E-01 1.85387E-02 5.72119E+00 6.29324E-01 2.59287E-02 3.65885E+00 6.65835E-01 2.69955E-02 3.19321E+00
 4.70105E-01 1.68921E-02 4.53778E-01 1.65948E-02 5.72823E+00 6.31854E-01 2.32211E-02 3.67207E+00 7.50779E-01 2.72033E-02 3.88077E+00
 4.69657E-01 1.50611E-02 4.54151E-01 1.48133E-02 5.72791E+00 6.32689E-01 2.07350E-02 3.68040E+00 7.89837E-01 2.55508E-02 4.16961E+00
 4.68110E-01 1.34079E-02 4.53419E-01 1.31995E-02 5.72047E+00 6.31972E-01 1.84809E-02 3.68396E+00 8.00884E-01 2.31362E-02 4.25689E+00
 4.65546E-01 1.19216E-02 4.51668E-01 1.17464E-02 5.70611E+00 6.29818E-01 1.64502E-02 3.68287E+00 8.00655E-01 2.06717E-02 4.27128E+00
 4.62042E-01 1.05888E-02 4.48972E-01 1.04420E-02 5.68509E+00 6.26335E-01 1.46270E-02 3.67726E+00 7.96086E-01 1.83875E-02 4.26174E+00
 4.57676E-01 9.39582E-03 4.45407E-01 9.27358E-03 5.65764E+00 6.21627E-01 1.29933E-02 3.66726E+00 7.89357E-01 1.63268E-02 4.24284E+00
 4.52510E-01 8.32986E-03 4.41032E-01 8.22870E-03 5.62395E+00 6.15778E-01 1.15321E-02 3.65296E+00 7.81087E-01 1.44818E-02 4.21831E+00
 4.46626E-01 7.37859E-03 4.35929E-01 7.29551E-03 5.58432E+00 6.08898E-01 1.02268E-02 3.63456E+00 7.71527E-01 1.28341E-02 4.18915E+00
 2.99681E-01 6.04811E-02 2.86041E-01 6.19623E-02 4.00102E+00 3.97017E-01 8.76913E-02 2.45326E+00 2.99684E-01 6.04817E-02 5.71248E-04
 3.12503E-01 5.50803E-02 2.99075E-01 5.63753E-02 4.14888E+00 4.15424E-01 7.97642E-02 2.55437E+00 3.12507E-01 5.50811E-02 7.90265E-04
 3.25421E-01 5.01531E-02 3.12049E-01 5.12563E-02 4.28012E+00 4.33689E-01 7.24932E-02 2.64544E+00 3.25427E-01 5.01541E-02 1.11375E-03
 3.37643E-01 4.57141E-02 3.24128E-01 4.66130E-02 4.39675E+00 4.50619E-01 6.58864E-02 2.72760E+00 3.37652E-01 4.57153E-02 1.60363E-03
 3.49246E-01 4.17974E-02 3.35374E-01 4.24543E-02 4.50013E+00 4.66297E-01 5.99464E-02 2.80161E+00 3.49259E-01 4.17991E-02 2.36534E-03
 3.60497E-01 3.84403E-02 3.45943E-01 3.87880E-02 4.59122E+00 4.80898E-01 5.46734E-02 2.86796E+00 3.60518E-01 3.84425E-02 3.58359E-03
 3.71510E-01 3.56629E-02 3.55927E-01 3.56139E-02 4.67116E+00 4.94544E-01 5.00592E-02 2.92731E+00 3.71542E-01 3.56661E-02 5.59252E-03
 3.79482E-01 3.38565E-02 3.63074E-01 3.34575E-02 4.72620E+00 5.04280E-01 4.68937E-02 2.96893E+00 3.79530E-01 3.38609E-02 8.06862E-03
 3.81566E-01 3.34196E-02 3.64877E-01 3.29200E-02 4.73997E+00 5.06708E-01 4.60995E-02 2.97959E+00 3.81619E-01 3.34244E-02 9.01388E-03
 3.91771E-01 3.14629E-02 3.74117E-01 3.05109E-02 4.80048E+00 5.19334E-01 4.25397E-02 3.02714E+00 3.91867E-01 3.14707E-02 1.56811E-02
 4.01264E-01 2.95897E-02 3.82923E-01 2.83092E-02 4.85195E+00 5.31455E-01 3.93187E-02 3.06892E+00 4.01449E-01 2.96034E-02 2.85264E-02
 4.09560E-01 2.76799E-02 3.91073E-01 2.62963E-02 4.89482E+00 5.42860E-01 3.64491E-02 3.10517E+00 4.09949E-01 2.77060E-02 5.44068E-02
 4.16413E-01 2.57195E-02 3.98372E-01 2.44762E-02 4.92945E+00 5.53293E-01 3.39432E-02 3.13608E+00 4.17332E-01 2.57760E-02 1.08843E-01
 4.21948E-01 2.37141E-02 4.04605E-01 2.27556E-02 4.95609E+00 5.62322E-01 3.16323E-02 3.16175E+00 4.24493E-01 2.38572E-02 2.27235E-01
 4.25881E-01 2.16579E-02 4.09518E-01 2.09854E-02 4.97503E+00 5.69603E-01 2.92520E-02 3.18235E+00 4.34172E-01 2.20834E-02 4.85665E-01
 4.28561E-01 1.95993E-02 4.13055E-01 1.91389E-02 4.98658E+00 5.74903E-01 2.67365E-02 3.19804E+00 4.57527E-01 2.09453E-02 1.01091E+00
 4.29833E-01 1.76063E-02 4.15202E-01 1.72807E-02 4.99098E+00 5.78255E-01 2.41749E-02 3.20896E+00 5.16918E-01 2.12450E-02 1.86627E+00
 4.29886E-01 1.57359E-02 4.16102E-01 1.54921E-02 4.98849E+00 5.79843E-01 2.16911E-02 3.21524E+00 6.10890E-01 2.25041E-02 2.78531E+00
 4.28845E-01 1.40195E-02 4.15896E-01 1.38285E-02 4.97935E+00 5.79872E-01 1.93720E-02 3.21700E+00 6.86402E-01 2.26207E-02 3.37492E+00
 4.26797E-01 1.24649E-02 4.14668E-01 1.23116E-02 4.96379E+00 5.78458E-01 1.72533E-02 3.21439E+00 7.19505E-01 2.11925E-02 3.61510E+00
 4.23830E-01 1.10670E-02 4.12511E-01 1.09431E-02 4.94207E+00 5.75733E-01 1.53403E-02 3.20755E+00 7.26962E-01 1.91414E-02 3.67944E+00
 4.20021E-01 9.81501E-03 4.09501E-01 9.71532E-03 4.91444E+00 5.71806E-01 1.36230E-02 3.19663E+00 7.24235E-01 1.70607E-02 3.68048E+00
 4.15443E-01 8.69620E-03 4.05712E-01 8.61685E-03 4.88116E+00 5.66777E-01 1.20862E-02 3.18178E+00 7.17694E-01 1.51397E-02 3.66087E+00
 4.10166E-01 7.69807E-03 4.01209E-01 7.63590E-03 4.84249E+00 5.60741E-01 1.07134E-02 3.16317E+00 7.09331E-01 1.34123E-02 3.63331E+00
 4.04249E-01 6.80897E-03 3.96051E-01 6.76124E-03 4.79865E+00 5.53778E-01 9.48902E-03 3.14090E+00 6.99713E-01 1.18705E-02 3.60104E+00
 3.97764E-01 6.01785E-03 3.90308E-01 5.98222E-03 4.74994E+00 5.45985E-01 8.39822E-03 3.11518E+00 6.89066E-01 1.04975E-02 3.56496E+00
 3.00814E-01 5.60838E-02 2.87542E-01 5.73652E-02 3.65246E+00 3.99267E-01 8.11511E-02 2.25199E+00 3.00817E-01 5.60844E-02 5.21482E-04
 3.11876E-01 5.06170E-02 2.99014E-01 5.17510E-02 3.77946E+00 4.15555E-01 7.32006E-02 2.34128E+00 3.11880E-01 5.06178E-02 7.19898E-04
 3.22882E-01 4.56972E-02 3.10216E-01 4.66780E-02 3.89027E+00 4.31380E-01 6.60089E-02 2.42043E+00 3.22888E-01 4.56981E-02 1.01231E-03
 3.32864E-01 4.13058E-02 3.20285E-01 4.21252E-02 3.98682E+00 4.45572E-01 5.95457E-02 2.49060E+00 3.32873E-01 4.13070E-02 1.45411E-03
 3.42059E-01 3.74557E-02 3.29395E-01 3.80840E-02 4.07052E+00 4.58349E-01 5.37904E-02 2.55259E+00 3.42072E-01 3.74572E-02 2.13953E-03
 3.50597E-01 3.41622E-02 3.37636E-01 3.45456E-02 4.14238E+00 4.69824E-01 4.87216E-02 2.60697E+00 3.50617E-01 3.41643E-02 3.23326E-03
 3.58961E-01 3.14267E-02 3.45324E-01 3.14943E-02 4.20358E+00 4.80377E-01 4.43109E-02 2.65445E+00 3.58992E-01 3.14296E-02 5.03271E-03
 3.64766E-01 2.96480E-02 3.50621E-01 2.94323E-02 4.24444E+00 4.87632E-01 4.13035E-02 2.68696E+00 3.64812E-01 2.96518E-02 7.24616E-03
 3.66339E-01 2.92123E-02 3.51966E-01 2.89156E-02 4.25426E+00 4.89436E-01 4.05462E-02 2.69505E+00 3.66390E-01 2.92165E-02 8.09024E-03
 3.73581E-01 2.72856E-02 3.58569E-01 2.66186E-02 4.29627E+00 4.98477E-01 3.71753E-02 2.73049E+00 3.73673E-01 2.72924E-02 1.40341E-02
 3.80120E-01 2.54808E-02 3.64722E-01 2.45406E-02 4.32975E+00 5.06982E-01 3.41492E-02 2.76031E+00 3.80296E-01 2.54926E-02 2.54563E-02
 3.85525E-01 2.36868E-02 3.70165E-01 2.26538E-02 4.35521E+00 5.14650E-01 3.14607E-02 2.78482E+00 3.85893E-01 2.37093E-02 4.84093E-02
 3.89631E-01 2.18867E-02 3.74803E-01 2.09591E-02 4.37305E+00 5.21375E-01 2.91179E-02 2.80426E+00 3.90496E-01 2.19350E-02 9.65591E-02
 3.92591E-01 2.00819E-02 3.78508E-01 1.93797E-02 4.38358E+00 5.26867E-01 2.69831E-02 2.81879E+00 3.94974E-01 2.02039E-02 2.00993E-01
 3.94151E-01 1.82637E-02 3.81043E-01 1.77893E-02 4.38715E+00 5.30803E-01 2.48333E-02 2.82861E+00 4.01873E-01 1.86247E-02 4.28307E-01
 3.94628E-01 1.64677E-02 3.82397E-01 1.61617E-02 4.38409E+00 5.33042E-01 2.26089E-02 2.83393E+00 4.21477E-01 1.76056E-02 8.88902E-01
 3.93911E-01 1.47455E-02 3.82567E-01 1.45450E-02 4.37468E+00 5.33618E-01 2.03759E-02 2.83489E+00 4.74258E-01 1.78118E-02 1.63624E+00
 3.92164E-01 1.31403E-02 3.81675E-01 1.30024E-02 4.35919E+00 5.32690E-01 1.82306E-02 2.83168E+00 5.58426E-01 1.88280E-02 2.43486E+00
 3.89505E-01 1.16748E-02 3.79853E-01 1.15761E-02 4.33790E+00 5.30447E-01 1.62399E-02 2.82443E+00 6.25082E-01 1.88846E-02 2.94148E+00
 3.86016E-01 1.03531E-02 3.77180E-01 1.02813E-02 4.31106E+00 5.26999E-01 1.44295E-02 2.81333E+00 6.52654E-01 1.76515E-02 3.14121E+00
 3.81779E-01 9.16901E-03 3.73741E-01 9.11742E-03 4.27895E+00 5.22468E-01 1.28006E-02 2.79852E+00 6.56835E-01 1.59059E-02 3.18728E+00
 3.76866E-01 8.11195E-03 3.69608E-01 8.07648E-03 4.24184E+00 5.16954E-01 1.13431E-02 2.78019E+00 6.51865E-01 1.41443E-02 3.17830E+00
 3.71344E-01 7.17030E-03 3.64848E-01 7.14792E-03 4.20000E+00 5.10550E-01 1.00424E-02 2.75849E+00 6.43577E-01 1.25236E-02 3.15152E+00
 3.65277E-01 6.33270E-03 3.59522E-01 6.32097E-03 4.15370E+00 5.03343E-01 8.88364E-03 2.73360E+00 6.33787E-01 1.10704E-02 3.11800E+00
 3.58721E-01 5.58871E-03 3.53684E-01 5.58556E-03 4.10317E+00 4.95407E-01 7.85282E-03 2.70566E+00 6.23009E-01 9.77694E-03 3.08059E+00
 3.51738E-01 4.92851E-03 3.47395E-01 4.93218E-03 4.04871E+00 4.86829E-01 6.93668E-03 2.67487E+00 6.11445E-01 8.62808E-03 3.04010E+00
 3.01708E-01 5.20645E-02 2.88793E-01 5.32002E-02 3.32945E+00 4.01162E-01 7.52391E-02 2.06874E+00 3.01711E-01 5.20650E-02 4.75364E-04
 3.11135E-01 4.65908E-02 2.98782E-01 4.76144E-02 3.43910E+00 4.15421E-01 6.73419E-02 2.14770E+00 3.11139E-01 4.65915E-02 6.55069E-04
 3.20166E-01 4.17131E-02 3.08210E-01 4.26183E-02 3.53299E+00 4.28830E-01 6.02717E-02 2.21649E+00 3.20172E-01 4.17139E-02 9.19336E-04
 3.28057E-01 3.73972E-02 3.16411E-01 3.81762E-02 3.61295E+00 4.40480E-01 5.39774E-02 2.27625E+00 3.28066E-01 3.73982E-02 1.31775E-03
 3.35054E-01 3.36369E-02 3.23576E-01 3.42649E-02 3.68041E+00 4.50620E-01 4.84201E-02 2.32783E+00 3.35066E-01 3.36383E-02 1.93448E-03
 3.41305E-01 3.04299E-02 3.29820E-01 3.08629E-02 3.73646E+00 4.59396E-01 4.35622E-02 2.37189E+00 3.41324E-01 3.04317E-02 2.91643E-03
 3.47179E-01 2.77599E-02 3.35398E-01 2.79412E-02 3.78229E+00 4.67126E-01 3.93580E-02 2.40916E+00 3.47210E-01 2.77625E-02 4.52834E-03
 3.51114E-01 2.60262E-02 3.39096E-01 2.59773E-02 3.81157E+00 4.72236E-01 3.65088E-02 2.43388E+00 3.51159E-01 2.60296E-02 6.50717E-03
 3.52214E-01 2.55960E-02 3.40030E-01 2.54823E-02 3.81820E+00 4.73486E-01 3.57882E-02 2.43980E+00 3.52264E-01 2.55997E-02 7.26099E-03
 3.56919E-01 2.37192E-02 3.44417E-01 2.33020E-02 3.84521E+00 4.79533E-01 3.26068E-02 2.46493E+00 3.57007E-01 2.37252E-02 1.25607E-02
 3.60922E-01 2.19947E-02 3.48295E-01 2.13484E-02 3.86421E+00 4.84939E-01 2.97725E-02 2.48467E+00 3.61091E-01 2.20050E-02 2.27193E-02
 3.63892E-01 2.03193E-02 3.51478E-01 1.95879E-02 3.87574E+00 4.89497E-01 2.72645E-02 2.49936E+00 3.64241E-01 2.03388E-02 4.30802E-02
 3.65707E-01 1.86723E-02 3.53913E-01 1.80165E-02 3.88026E+00 4.93156E-01 2.50837E-02 2.50927E+00 3.66525E-01 1.87139E-02 8.56795E-02
 3.66543E-01 1.70511E-02 3.55540E-01 1.65702E-02 3.87813E+00 4.95745E-01 2.31167E-02 2.51462E+00 3.68783E-01 1.71555E-02 1.77824E-01
 3.66166E-01 1.54444E-02 3.56137E-01 1.51415E-02 3.86974E+00 4.96955E-01 2.11756E-02 2.51565E+00 3.73391E-01 1.57520E-02 3.77822E-01
 3.64865E-01 1.38771E-02 3.55728E-01 1.37050E-02 3.85544E+00 4.96721E-01 1.92055E-02 2.51258E+00 3.89875E-01 1.48433E-02 7.81834E-01
 3.62563E-01 1.23876E-02 3.54317E-01 1.22957E-02 3.83554E+00 4.95076E-01 1.72544E-02 2.50561E+00 4.37090E-01 1.49836E-02 1.43498E+00
 3.59400E-01 1.10083E-02 3.52008E-01 1.09620E-02 3.81034E+00 4.92153E-01 1.53964E-02 2.49491E+00 5.12985E-01 1.58110E-02 2.12912E+00
 3.55486E-01 9.75502E-03 3.48921E-01 9.73558E-03 3.78012E+00 4.88129E-01 1.36821E-02 2.48067E+00 5.72239E-01 1.58284E-02 2.56443E+00
 3.50896E-01 8.62903E-03 3.45131E-01 8.62673E-03 3.74516E+00 4.83103E-01 1.21294E-02 2.46306E+00 5.95293E-01 1.47632E-02 2.73019E+00
 3.45706E-01 7.62361E-03 3.40714E-01 7.63329E-03 3.70575E+00 4.77188E-01 1.07371E-02 2.44227E+00 5.96890E-01 1.32738E-02 2.76166E+00
 3.39981E-01 6.72882E-03 3.35737E-01 6.74734E-03 3.66216E+00 4.70474E-01 9.49469E-03 2.41847E+00 5.90221E-01 1.17775E-02 2.74528E+00
 3.33783E-01 5.93402E-03 3.30260E-01 5.95913E-03 3.61467E+00 4.63047E-01 8.38889E-03 2.39185E+00 5.80654E-01 1.04053E-02 2.71360E+00
 3.27169E-01 5.22897E-03 3.24340E-01 5.25894E-03 3.56355E+00 4.54987E-01 7.40617E-03 2.36258E+00 5.69850E-01 9.17820E-03 2.67626E+00
 3.20192E-01 4.60440E-03 3.18025E-01 4.63777E-03 3.50904E+00 4.46360E-01 6.53402E-03 2.33083E+00 5.58282E-01 8.08875E-03 2.63577E+00
 3.12905E-01 4.05158E-03 3.11372E-01 4.08716E-03 3.45145E+00 4.37245E-01 5.76063E-03 2.29677E+00 5.46128E-01 7.12346E-03 2.59283E+00
 3.01948E-01 4.85101E-02 2.89515E-01 4.95574E-02 3.03767E+00 4.02360E-01 7.00830E-02 1.90425E+00 3.01951E-01 4.85106E-02 4.33704E-04
 3.09689E-01 4.30459E-02 2.98008E-01 4.40120E-02 3.13295E+00 4.14589E-01 6.22547E-02 1.97419E+00 3.09693E-01 4.30465E-02 5.96755E-04
 3.16780E-01 3.82176E-02 3.05719E-01 3.90934E-02 3.21279E+00 4.25668E-01 5.53041E-02 2.03392E+00 3.16786E-01 3.82183E-02 8.36016E-04
 3.22669E-01 3.39797E-02 3.12149E-01 3.47561E-02 3.27898E+00 4.34916E-01 4.91673E-02 2.08460E+00 3.22677E-01 3.39806E-02 1.19594E-03
 3.27604E-01 3.03117E-02 3.17503E-01 3.09668E-02 3.33296E+00 4.42603E-01 4.37928E-02 2.12714E+00 3.27616E-01 3.03129E-02 1.75186E-03
 3.31748E-01 2.71961E-02 3.21912E-01 2.76933E-02 3.37590E+00 4.48904E-01 3.91297E-02 2.16224E+00 3.31767E-01 2.71978E-02 2.63500E-03
 3.35355E-01 2.46027E-02 3.25573E-01 2.48960E-02 3.40902E+00 4.54073E-01 3.51186E-02 2.19071E+00 3.35385E-01 2.46050E-02 4.08144E-03
 3.37721E-01 2.29211E-02 3.27901E-01 2.30255E-02 3.42874E+00 4.57331E-01 3.24166E-02 2.20872E+00 3.37764E-01 2.29241E-02 5.85360E-03
 3.38303E-01 2.24999E-02 3.28411E-01 2.25520E-02 3.43274E+00 4.58021E-01 3.17309E-02 2.21277E+00 3.38351E-01 2.25032E-02 6.52799E-03
 3.40753E-01 2.06835E-02 3.30828E-01 2.04842E-02 3.44749E+00 4.61407E-01 2.87275E-02 2.22914E+00 3.40838E-01 2.06888E-02 1.12616E-02
 3.42532E-01 1.90438E-02 3.32713E-01 1.86499E-02 3.45470E+00 4.64099E-01 2.60742E-02 2.24034E+00 3.42693E-01 1.90528E-02 2.03117E-02
 3.43388E-01 1.74843E-02 3.33938E-01 1.70102E-02 3.45497E+00 4.65962E-01 2.37381E-02 2.24676E+00 3.43720E-01 1.75012E-02 3.84036E-02
 3.43235E-01 1.59801E-02 3.34479E-01 1.55560E-02 3.44882E+00 4.66987E-01 2.17123E-02 2.24874E+00 3.44008E-01 1.60161E-02 7.61544E-02
 3.42267E-01 1.45245E-02 3.34336E-01 1.42324E-02 3.43666E+00 4.67099E-01 1.99014E-02 2.24652E+00 3.44376E-01 1.46143E-02 1.57586E-01
 3.40262E-01 1.31037E-02 3.33294E-01 1.29476E-02 3.41888E+00 4.66002E-01 1.81465E-02 2.24038E+00 3.47032E-01 1.33672E-02 3.33827E-01
 3.37485E-01 1.17342E-02 3.31408E-01 1.16767E-02 3.39589E+00 4.63688E-01 1.63971E-02 2.23055E+00 3.60822E-01 1.25589E-02 6.88745E-01
 3.33882E-01 1.04438E-02 3.28684E-01 1.04445E-02 3.36800E+00 4.60192E-01 1.46867E-02 2.21726E+00 4.03141E-01 1.26529E-02 1.26039E+00
 3.29576E-01 9.25598E-03 3.25209E-01 9.28743E-03 3.33552E+00 4.55624E-01 1.30713E-02 2.20070E+00 4.71735E-01 1.33327E-02 1.86450E+00
 3.24663E-01 8.18153E-03 3.21095E-01 8.22890E-03 3.29876E+00 4.50143E-01 1.15890E-02 2.18107E+00 5.24517E-01 1.33250E-02 2.23886E+00
 3.19213E-01 7.21964E-03 3.16408E-01 7.27544E-03 3.25801E+00 4.43843E-01 1.02515E-02 2.15856E+00 5.43715E-01 1.24033E-02 2.37616E+00
 3.13295E-01 6.36341E-03 3.11219E-01 6.42381E-03 3.21355E+00 4.36824E-01 9.05573E-03 2.13335E+00 5.43198E-01 1.11280E-02 2.39597E+00
 3.06968E-01 5.60356E-03 3.05586E-01 5.66635E-03 3.16566E+00 4.29169E-01 7.99155E-03 2.10564E+00 5.35203E-01 9.85230E-03 2.37419E+00
 3.00286E-01 4.93044E-03 2.99566E-01 4.99413E-03 3.11463E+00 4.20955E-01 7.04665E-03 2.07560E+00 5.24681E-01 8.68568E-03 2.33928E+00
 2.93303E-01 4.33489E-03 2.93209E-01 4.39837E-03 3.06071E+00 4.12254E-01 6.20886E-03 2.04343E+00 5.13156E-01 7.64513E-03 2.29967E+00
 2.86062E-01 3.80866E-03 2.86559E-01 3.87106E-03 3.00417E+00 4.03129E-01 5.46699E-03 2.00927E+00 5.01058E-01 6.72352E-03 2.25755E+00
 2.78614E-01 3.34403E-03 2.79665E-01 3.40469E-03 2.94527E+00 3.93646E-01 4.81055E-03 1.97333E+00 4.88546E-01 5.90883E-03 2.21356E+00
 3.01089E-01 4.54677E-02 2.89409E-01 4.64825E-02 2.77481E+00 4.02499E-01 6.57470E-02 1.75630E+00 3.01092E-01 4.54682E-02 3.96175E-04
 3.07179E-01 4.00039E-02 2.96471E-01 4.09618E-02 2.85833E+00 4.12798E-01 5.79625E-02 1.81838E+00 3.07184E-01 4.00045E-02 5.44445E-04
 3.12461E-01 3.52113E-02 3.02597E-01 3.60991E-02 2.92662E+00 4.21735E-01 5.10983E-02 1.87025E+00 3.12467E-01 3.52120E-02 7.61550E-04
 3.16517E-01 3.10370E-02 3.07418E-01 3.18435E-02 2.98145E+00 4.28804E-01 4.50833E-02 1.91305E+00 3.16525E-01 3.10379E-02 1.08742E-03
 3.19597E-01 2.74494E-02 3.11146E-01 2.81544E-02 3.02430E+00 4.34293E-01 3.98573E-02 1.94775E+00 3.19609E-01 2.74505E-02 1.58962E-03
 3.21875E-01 2.44185E-02 3.13928E-01 2.49908E-02 3.05641E+00 4.38397E-01 3.53583E-02 1.97512E+00 3.21894E-01 2.44199E-02 2.38563E-03
 3.23508E-01 2.19027E-02 3.15911E-01 2.23044E-02 3.07904E+00 4.41319E-01 3.15160E-02 1.99601E+00 3.23537E-01 2.19047E-02 3.68638E-03
 3.24509E-01 2.02730E-02 3.17042E-01 2.05171E-02 3.09089E+00 4.42958E-01 2.89427E-02 2.00827E+00 3.24550E-01 2.02757E-02 5.27682E-03
 3.24645E-01 1.98627E-02 3.17182E-01 2.00637E-02 3.09274E+00 4.43158E-01 2.82887E-02 2.01074E+00 3.24692E-01 1.98656E-02 5.88143E-03
 3.25165E-01 1.81102E-02 3.17905E-01 1.80990E-02 3.09748E+00 4.44251E-01 2.54452E-02 2.01967E+00 3.25247E-01 1.81148E-02 1.01182E-02
 3.25058E-01 1.65547E-02 3.18092E-01 1.63747E-02 3.09513E+00 4.44625E-01 2.29564E-02 2.02368E+00 3.25211E-01 1.65626E-02 1.81977E-02
 3.24140E-01 1.51045E-02 3.17663E-01 1.48469E-02 3.08635E+00 4.44210E-01 2.07786E-02 2.02322E+00 3.24456E-01 1.51193E-02 3.43064E-02
 3.22346E-01 1.37309E-02 3.16615E-01 1.35010E-02 3.07169E+00 4.43019E-01 1.88967E-02 2.01865E+00 3.23078E-01 1.37621E-02 6.78280E-02
 3.19895E-01 1.24223E-02 3.14998E-01 1.22885E-02 3.05162E+00 4.41063E-01 1.72282E-02 2.01025E+00 3.21884E-01 1.24999E-02 1.39936E-01
 3.16563E-01 1.11636E-02 3.12601E-01 1.11303E-02 3.02657E+00 4.38049E-01 1.56379E-02 1.99833E+00 3.22922E-01 1.13904E-02 2.95542E-01
 3.12596E-01 9.96377E-03 3.09500E-01 1.00020E-02 2.99695E+00 4.34018E-01 1.40787E-02 1.98315E+00 3.34429E-01 1.06714E-02 6.07919E-01
 3.07960E-01 8.84241E-03 3.05706E-01 8.92014E-03 2.96308E+00 4.29005E-01 1.25725E-02 1.96493E+00 3.72506E-01 1.07330E-02 1.10914E+00
 3.02758E-01 7.81612E-03 3.01292E-01 7.91170E-03 2.92531E+00 4.23097E-01 1.11613E-02 1.94389E+00 4.34740E-01 1.12964E-02 1.63578E+00
 2.97077E-01 6.89172E-03 2.96358E-01 6.99370E-03 2.88393E+00 4.16444E-01 9.87289E-03 1.92022E+00 4.81936E-01 1.12728E-02 1.95812E+00
 2.90981E-01 6.06697E-03 2.90964E-01 6.16977E-03 2.83923E+00 4.09128E-01 8.71466E-03 1.89414E+00 4.97888E-01 1.04728E-02 2.07164E+00
 2.84530E-01 5.33499E-03 2.85176E-01 5.43596E-03 2.79152E+00 4.01240E-01 7.68213E-03 1.86582E+00 4.95670E-01 9.37622E-03 2.08222E+00
 2.77778E-01 4.68716E-03 2.79046E-01 4.78494E-03 2.74105E+00 3.92857E-01 6.76550E-03 1.83547E+00 4.86668E-01 8.28344E-03 2.05663E+00
 2.70774E-01 4.11476E-03 2.72623E-01 4.20856E-03 2.68811E+00 3.84048E-01 5.95350E-03 1.80325E+00 4.75460E-01 7.28688E-03 2.01981E+00
 2.63564E-01 3.60960E-03 2.65955E-01 3.69890E-03 2.63297E+00 3.74878E-01 5.23514E-03 1.76936E+00 4.63449E-01 6.40020E-03 1.97912E+00
 2.56188E-01 3.16434E-03 2.59081E-01 3.24880E-03 2.57586E+00 3.65403E-01 4.60041E-03 1.73394E+00 4.51030E-01 5.61671E-03 1.93650E+00
 2.48688E-01 2.77214E-03 2.52043E-01 2.85158E-03 2.51705E+00 3.55683E-01 4.03996E-03 1.69720E+00 4.38342E-01 4.92569E-03 1.89250E+00
 2.98740E-01 4.28900E-02 2.88292E-01 4.39236E-02 2.53734E+00 4.01398E-01 6.21560E-02 1.62183E+00 2.98743E-01 4.28905E-02 3.62270E-04
 3.03283E-01 3.74024E-02 2.94014E-01 3.83949E-02 2.61079E+00 4.09892E-01 5.43663E-02 1.67687E+00 3.03287E-01 3.74030E-02 4.97296E-04
 3.06903E-01 3.26211E-02 2.98685E-01 3.35552E-02 2.66920E+00 4.16861E-01 4.75388E-02 1.72170E+00 3.06909E-01 3.26217E-02 6.94566E-04
 3.09300E-01 2.84883E-02 3.02043E-01 2.93506E-02 2.71429E+00 4.21948E-01 4.15992E-02 1.75749E+00 3.09309E-01 2.84891E-02 9.89986E-04
 3.10727E-01 2.49634E-02 3.04310E-01 2.57350E-02 2.74761E+00 4.25455E-01 3.64807E-02 1.78523E+00 3.10739E-01 2.49644E-02 1.44419E-03
 3.11364E-01 2.20050E-02 3.05643E-01 2.26594E-02 2.77046E+00 4.27596E-01 3.21114E-02 1.80577E+00 3.11382E-01 2.20063E-02 2.16244E-03
 3.11372E-01 1.95614E-02 3.06199E-01 2.00675E-02 2.78416E+00 4.28586E-01 2.84103E-02 1.81999E+00 3.11400E-01 1.95632E-02 3.33333E-03
 3.11105E-01 1.79823E-02 3.06228E-01 1.83531E-02 2.78932E+00 4.28738E-01 2.59480E-02 1.82724E+00 3.11145E-01 1.79847E-02 4.76199E-03
 3.10862E-01 1.75840E-02 3.06051E-01 1.79181E-02 2.78937E+00 4.28516E-01 2.53224E-02 1.82834E+00 3.10907E-01 1.75866E-02 5.30452E-03
 3.09737E-01 1.58957E-02 3.05303E-01 1.60464E-02 2.78571E+00 4.27608E-01 2.26208E-02 1.83084E+00 3.09815E-01 1.58998E-02 9.09983E-03
 3.08037E-01 1.44223E-02 3.04032E-01 1.44231E-02 2.77540E+00 4.25984E-01 2.02811E-02 1.82872E+00 3.08184E-01 1.44293E-02 1.63180E-02
 3.05636E-01 1.30748E-02 3.02198E-01 1.29986E-02 2.75916E+00 4.23620E-01 1.82488E-02 1.82243E+00 3.05937E-01 1.30878E-02 3.06699E-02
 3.02481E-01 1.18207E-02 2.99805E-01 1.17532E-02 2.73760E+00 4.20547E-01 1.65008E-02 1.81238E+00 3.03175E-01 1.18480E-02 6.04516E-02
 2.98821E-01 1.06442E-02 2.96956E-01 1.06420E-02 2.71120E+00 4.16849E-01 1.49633E-02 1.79890E+00 3.00698E-01 1.07115E-02 1.24329E-01
 2.94417E-01 9.52811E-03 2.93431E-01 9.59667E-03 2.68044E+00 4.12227E-01 1.35203E-02 1.78230E+00 3.00396E-01 9.72401E-03 2.61760E-01
 2.89504E-01 8.47587E-03 2.89329E-01 8.59294E-03 2.64572E+00 4.06768E-01 1.21274E-02 1.76285E+00 3.09956E-01 9.08512E-03 5.36744E-01
 2.84061E-01 7.50018E-03 2.84664E-01 7.64075E-03 2.60739E+00 4.00504E-01 1.07974E-02 1.74079E+00 3.44299E-01 9.12328E-03 9.76220E-01
 2.78173E-01 6.61223E-03 2.79492E-01 6.75955E-03 2.56579E+00 3.93504E-01 9.56093E-03 1.71635E+00 4.00896E-01 9.59279E-03 1.43522E+00
 2.71919E-01 5.81574E-03 2.73907E-01 5.96123E-03 2.52122E+00 3.85906E-01 8.43768E-03 1.68972E+00 4.43189E-01 9.55917E-03 1.71252E+00
 2.65357E-01 5.10746E-03 2.67963E-01 5.24722E-03 2.47398E+00 3.77784E-01 7.43150E-03 1.66112E+00 4.56377E-01 8.86385E-03 1.80587E+00
 2.58540E-01 4.48067E-03 2.61718E-01 4.61309E-03 2.42435E+00 3.69220E-01 6.53705E-03 1.63071E+00 4.52794E-01 7.91887E-03 1.80908E+00
 2.51516E-01 3.92743E-03 2.55220E-01 4.05193E-03 2.37259E+00 3.60284E-01 5.74496E-03 1.59871E+00 4.43050E-01 6.98064E-03 1.78090E+00
 2.44327E-01 3.43985E-03 2.48514E-01 3.55626E-03 2.31898E+00 3.51039E-01 5.04490E-03 1.56527E+00 4.31384E-01 6.12734E-03 1.74316E+00
 2.37013E-01 3.01062E-03 2.41641E-01 3.11897E-03 2.26377E+00 3.41541E-01 4.42695E-03 1.53058E+00 4.19089E-01 5.36995E-03 1.70229E+00
 2.29612E-01 2.63322E-03 2.34637E-01 2.73365E-03 2.20719E+00 3.31844E-01 3.88213E-03 1.49479E+00 4.06525E-01 4.70228E-03 1.66000E+00
 2.22157E-01 2.30159E-03 2.27539E-01 2.39435E-03 2.14949E+00 3.21999E-01 3.40210E-03 1.45808E+00 3.93817E-01 4.11477E-03 1.61679E+00
 2.94794E-01 4.07606E-02 2.86076E-01 4.18581E-02 2.32561E+00 3.98940E-01 5.92759E-02 1.50050E+00 2.94797E-01 4.07610E-02 3.32040E-04
 2.97964E-01 3.52195E-02 2.90605E-01 3.62822E-02 2.39054E+00 4.05826E-01 5.14222E-02 1.54930E+00 2.97969E-01 3.52200E-02 4.55343E-04
 3.00125E-01 3.04214E-02 2.93986E-01 3.14282E-02 2.44052E+00 4.11045E-01 4.45756E-02 1.58791E+00 3.00130E-01 3.04220E-02 6.35060E-04
 3.01072E-01 2.63053E-02 2.96048E-01 2.72413E-02 2.47729E+00 4.14368E-01 3.86613E-02 1.61749E+00 3.01080E-01 2.63060E-02 9.03542E-04
 3.01065E-01 2.28228E-02 2.97022E-01 2.36707E-02 2.50243E+00 4.16113E-01 3.36071E-02 1.63911E+00 3.01076E-01 2.28237E-02 1.31532E-03
 3.00288E-01 1.99221E-02 2.97081E-01 2.06598E-02 2.51733E+00 4.16513E-01 2.93314E-02 1.65366E+00 3.00306E-01 1.99233E-02 1.96487E-03
 2.98908E-01 1.75419E-02 2.96384E-01 1.81442E-02 2.52340E+00 4.15794E-01 2.57426E-02 1.66209E+00 2.98935E-01 1.75435E-02 3.02114E-03
 2.97567E-01 1.60103E-02 2.95451E-01 1.64920E-02 2.52288E+00 4.14637E-01 2.33734E-02 1.66500E+00 2.97606E-01 1.60124E-02 4.30712E-03
 2.97001E-01 1.56240E-02 2.94997E-01 1.60733E-02 2.52141E+00 4.14041E-01 2.27722E-02 1.66491E+00 2.97044E-01 1.56263E-02 4.79494E-03
 2.94498E-01 1.39978E-02 2.92979E-01 1.42840E-02 2.51068E+00 4.11388E-01 2.01942E-02 1.66194E+00 2.94573E-01 1.40015E-02 8.20143E-03
 2.91469E-01 1.26023E-02 2.90455E-01 1.27518E-02 2.49375E+00 4.08031E-01 1.79877E-02 1.65462E+00 2.91609E-01 1.26085E-02 1.46621E-02
 2.87840E-01 1.13500E-02 2.87420E-01 1.14216E-02 2.47139E+00 4.03990E-01 1.60875E-02 1.64348E+00 2.88126E-01 1.13613E-02 2.74713E-02
 2.83589E-01 1.02042E-02 2.83899E-01 1.02681E-02 2.44424E+00 3.99317E-01 1.44626E-02 1.62894E+00 2.84246E-01 1.02280E-02 5.39745E-02
 2.78928E-01 9.14496E-03 2.80002E-01 9.24883E-03 2.41284E+00 3.94128E-01 1.30446E-02 1.61135E+00 2.80700E-01 9.20354E-03 1.10650E-01
 2.73664E-01 8.15376E-03 2.75532E-01 8.30363E-03 2.37765E+00 3.88145E-01 1.17331E-02 1.59105E+00 2.79289E-01 8.32360E-03 2.32205E-01
 2.68003E-01 7.22907E-03 2.70599E-01 7.40831E-03 2.33910E+00 3.81486E-01 1.04853E-02 1.56831E+00 2.87173E-01 7.75552E-03 4.74598E-01
 2.61936E-01 6.37824E-03 2.65219E-01 6.56765E-03 2.29756E+00 3.74183E-01 9.30712E-03 1.54338E+00 3.18195E-01 7.77682E-03 8.60399E-01
 2.55529E-01 5.60819E-03 2.59432E-01 5.79510E-03 2.25334E+00 3.66282E-01 8.21985E-03 1.51648E+00 3.69734E-01 8.17004E-03 1.26082E+00
 2.48857E-01 4.92026E-03 2.53327E-01 5.09848E-03 2.20675E+00 3.57914E-01 7.23700E-03 1.48781E+00 4.07670E-01 8.13032E-03 1.49945E+00
 2.41969E-01 4.31054E-03 2.46953E-01 4.47758E-03 2.15807E+00 3.49147E-01 6.35968E-03 1.45756E+00 4.18474E-01 7.52450E-03 1.57587E+00
 2.34913E-01 3.77250E-03 2.40361E-01 3.92770E-03 2.10759E+00 3.40055E-01 5.58196E-03 1.42594E+00 4.13787E-01 6.70778E-03 1.57332E+00
 2.27730E-01 3.29887E-03 2.33595E-01 3.44230E-03 2.05556E+00 3.30699E-01 4.89496E-03 1.39310E+00 4.03501E-01 5.89981E-03 1.54352E+00
 2.20458E-01 2.88252E-03 2.26695E-01 3.01457E-03 2.00224E+00 3.21138E-01 4.28918E-03 1.35923E+00 3.91549E-01 5.16695E-03 1.50563E+00
 2.13132E-01 2.51691E-03 2.19696E-01 2.63809E-03 1.94784E+00 3.11421E-01 3.75566E-03 1.32449E+00 3.79118E-01 4.51806E-03 1.46527E+00
 2.05785E-01 2.19624E-03 2.12633E-01 2.30711E-03 1.89261E+00 3.01598E-01 3.28633E-03 1.28902E+00 3.66542E-01 3.94739E-03 1.42394E+00
 1.98446E-01 1.91515E-03 2.05537E-01 2.01630E-03 1.83676E+00 2.91713E-01 2.87371E-03 1.25298E+00 3.53929E-01 3.44640E-03 1.38207E+00
 2.89198E-01 3.90047E-02 2.82707E-01 4.02059E-02 2.13612E+00 3.95051E-01 5.69922E-02 1.39020E+00 2.89201E-01 3.90051E-02 3.04986E-04
 2.91206E-01 3.33835E-02 2.86205E-01 3.45454E-02 2.19350E+00 4.00538E-01 4.90178E-02 1.43333E+00 2.91210E-01 3.33840E-02 4.17811E-04
 2.92123E-01 2.85440E-02 2.88464E-01 2.96430E-02 2.23600E+00 4.04224E-01 4.21005E-02 1.46631E+00 2.92129E-01 2.85446E-02 5.81843E-04
 2.91855E-01 2.44232E-02 2.89405E-01 2.54441E-02 2.26540E+00 4.06008E-01 3.61666E-02 1.49032E+00 2.91863E-01 2.44239E-02 8.26260E-04
 2.90641E-01 2.09654E-02 2.89257E-01 2.18934E-02 2.28333E+00 4.06206E-01 3.11384E-02 1.50647E+00 2.90653E-01 2.09663E-02 1.20016E-03
 2.88681E-01 1.81093E-02 2.88208E-01 1.89270E-02 2.29127E+00 4.05078E-01 2.69252E-02 1.51572E+00 2.88698E-01 1.81105E-02 1.78842E-03
 2.86144E-01 1.57839E-02 2.86426E-01 1.64720E-02 2.29069E+00 4.02860E-01 2.34239E-02 1.51906E+00 2.86170E-01 1.57854E-02 2.74253E-03
 2.83913E-01 1.42965E-02 2.84662E-01 1.48728E-02 2.28526E+00 4.00558E-01 2.11326E-02 1.51819E+00 2.83950E-01 1.42984E-02 3.90146E-03
 2.83054E-01 1.39224E-02 2.83955E-01 1.44686E-02 2.28248E+00 3.99621E-01 2.05527E-02 1.51709E+00 2.83095E-01 1.39245E-02 4.34058E-03
 2.79445E-01 1.23556E-02 2.80865E-01 1.27525E-02 2.26575E+00 3.95474E-01 1.80829E-02 1.50942E+00 2.79517E-01 1.23589E-02 7.40135E-03
 2.75332E-01 1.10341E-02 2.77276E-01 1.13033E-02 2.24328E+00 3.90627E-01 1.59964E-02 1.49772E+00 2.75466E-01 1.10395E-02 1.31895E-02
 2.70710E-01 9.87004E-03 2.73228E-01 1.00597E-02 2.21587E+00 3.85154E-01 1.42174E-02 1.48254E+00 2.70983E-01 9.88007E-03 2.46312E-02
 2.65581E-01 8.82298E-03 2.68758E-01 8.99111E-03 2.18422E+00 3.79120E-01 1.27067E-02 1.46434E+00 2.66204E-01 8.84384E-03 4.82333E-02
 2.60132E-01 7.86885E-03 2.63994E-01 8.05581E-03 2.14888E+00 3.72681E-01 1.13987E-02 1.44348E+00 2.61805E-01 7.91996E-03 9.85478E-02
 2.54201E-01 6.98786E-03 2.58745E-01 7.20050E-03 2.11033E+00 3.65560E-01 1.02058E-02 1.42030E+00 2.59493E-01 7.13543E-03 2.06109E-01
 2.47975E-01 6.17439E-03 2.53141E-01 6.40069E-03 2.06901E+00 3.57917E-01 9.08640E-03 1.39509E+00 2.65949E-01 6.63032E-03 4.19842E-01
 2.41443E-01 5.43158E-03 2.47180E-01 5.65712E-03 2.02526E+00 3.49753E-01 8.04056E-03 1.36808E+00 2.94011E-01 6.63938E-03 7.58575E-01
 2.34669E-01 4.76295E-03 2.40909E-01 4.97843E-03 1.97941E+00 3.41126E-01 7.08240E-03 1.33951E+00 3.41002E-01 6.96971E-03 1.10786E+00
 2.27715E-01 4.16805E-03 2.34403E-01 4.36928E-03 1.93175E+00 3.32148E-01 6.22042E-03 1.30955E+00 3.75062E-01 6.92657E-03 1.31302E+00
 2.20625E-01 3.64249E-03 2.27708E-01 3.82820E-03 1.88255E+00 3.22884E-01 5.45369E-03 1.27841E+00 3.83819E-01 6.39802E-03 1.37515E+00
 2.13443E-01 3.18007E-03 2.20869E-01 3.35037E-03 1.83209E+00 3.13398E-01 4.77592E-03 1.24626E+00 3.78262E-01 5.69096E-03 1.36814E+00
 2.06204E-01 2.77408E-03 2.13925E-01 2.92964E-03 1.78059E+00 3.03748E-01 4.17870E-03 1.21326E+00 3.67617E-01 4.99397E-03 1.33752E+00
 1.98940E-01 2.41812E-03 2.06913E-01 2.55978E-03 1.72830E+00 2.93983E-01 3.65335E-03 1.17958E+00 3.55532E-01 4.36349E-03 1.30009E+00
 1.91683E-01 2.10632E-03 1.99863E-01 2.23500E-03 1.67542E+00 2.84150E-01 3.19172E-03 1.14537E+00 3.43103E-01 3.80663E-03 1.26079E+00
 1.84461E-01 1.83354E-03 1.92808E-01 1.95014E-03 1.62217E+00 2.74292E-01 2.78657E-03 1.11076E+00 3.30633E-01 3.31807E-03 1.22090E+00
 1.77297E-01 1.59501E-03 1.85772E-01 1.70043E-03 1.56873E+00 2.64448E-01 2.43118E-03 1.07590E+00 3.18219E-01 2.89018E-03 1.18082E+00
 2.82254E-01 3.75548E-02 2.78321E-01 3.88919E-02 1.96722E+00 3.89857E-01 5.51964E-02 1.28979E+00 2.82257E-01 3.75552E-02 2.80871E-04
 2.83291E-01 3.18315E-02 2.80929E-01 3.31146E-02 2.01762E+00 3.94123E-01 4.70521E-02 1.32770E+00 2.83295E-01 3.18320E-02 3.84310E-04
 2.83177E-01 2.69315E-02 2.82218E-01 2.81355E-02 2.05327E+00 3.96470E-01 4.00208E-02 1.35554E+00 2.83182E-01 2.69320E-02 5.34292E-04
 2.81847E-01 2.27889E-02 2.82155E-01 2.39001E-02 2.07593E+00 3.96863E-01 3.40299E-02 1.37451E+00 2.81855E-01 2.27895E-02 7.57155E-04
 2.79618E-01 1.93417E-02 2.81020E-01 2.03488E-02 2.08733E+00 3.95685E-01 2.89967E-02 1.38574E+00 2.79629E-01 1.93425E-02 1.09714E-03
 2.76659E-01 1.65199E-02 2.78993E-01 1.74106E-02 2.08902E+00 3.93189E-01 2.48209E-02 1.39027E+00 2.76675E-01 1.65209E-02 1.63055E-03
 2.73148E-01 1.42425E-02 2.76253E-01 1.50038E-02 2.08253E+00 3.89631E-01 2.13873E-02 1.38913E+00 2.73173E-01 1.42438E-02 2.49331E-03
 2.70171E-01 1.27963E-02 2.73759E-01 1.34503E-02 2.07279E+00 3.86308E-01 1.91619E-02 1.38497E+00 2.70206E-01 1.27981E-02 3.53873E-03
 2.69135E-01 1.24344E-02 2.72869E-01 1.30592E-02 2.06888E+00 3.85113E-01 1.86009E-02 1.38299E+00 2.69174E-01 1.24363E-02 3.93438E-03
 2.64543E-01 1.09245E-02 2.68805E-01 1.14090E-02 2.04698E+00 3.79599E-01 1.62271E-02 1.37132E+00 2.64612E-01 1.09275E-02 6.68674E-03
 2.59536E-01 9.67351E-03 2.64293E-01 1.00363E-02 2.01983E+00 3.73443E-01 1.42505E-02 1.35594E+00 2.59663E-01 9.67837E-03 1.18757E-02
 2.54103E-01 8.59191E-03 2.59372E-01 8.87301E-03 1.98827E+00 3.66717E-01 1.25837E-02 1.33744E+00 2.54361E-01 8.60076E-03 2.21014E-02
 2.48275E-01 7.63519E-03 2.54116E-01 7.88325E-03 1.95301E+00 3.59545E-01 1.11794E-02 1.31629E+00 2.48865E-01 7.65350E-03 4.31280E-02
 2.42194E-01 6.77582E-03 2.48605E-01 7.02546E-03 1.91462E+00 3.52013E-01 9.97380E-03 1.29289E+00 2.43771E-01 6.82046E-03 8.78070E-02
 2.35748E-01 5.99268E-03 2.42715E-01 6.25154E-03 1.87361E+00 3.43943E-01 8.88907E-03 1.26755E+00 2.40722E-01 6.12107E-03 1.82998E-01
 2.29092E-01 5.27683E-03 2.36553E-01 5.53665E-03 1.83037E+00 3.35466E-01 7.88421E-03 1.24057E+00 2.45928E-01 5.67219E-03 3.71455E-01
 2.22223E-01 4.62806E-03 2.30124E-01 4.87837E-03 1.78526E+00 3.26594E-01 6.95495E-03 1.21217E+00 2.71291E-01 5.67239E-03 6.68802E-01
 2.15196E-01 4.04723E-03 2.23471E-01 4.28149E-03 1.73859E+00 3.17381E-01 6.10957E-03 1.18258E+00 3.14102E-01 5.95035E-03 9.73327E-01
 2.08067E-01 3.53251E-03 2.16661E-01 3.74821E-03 1.69064E+00 3.07928E-01 5.35263E-03 1.15198E+00 3.44639E-01 5.90566E-03 1.14949E+00
 2.00874E-01 3.07929E-03 2.09735E-01 3.27615E-03 1.64166E+00 2.98289E-01 4.68167E-03 1.12054E+00 3.51605E-01 5.44424E-03 1.19959E+00
 1.93653E-01 2.68166E-03 2.02732E-01 2.86044E-03 1.59190E+00 2.88525E-01 4.09025E-03 1.08844E+00 3.45359E-01 4.83161E-03 1.18918E+00
 1.86437E-01 2.33351E-03 1.95687E-01 2.49536E-03 1.54158E+00 2.78685E-01 3.57045E-03 1.05582E+00 3.34502E-01 4.22987E-03 1.15838E+00
 1.79254E-01 2.02905E-03 1.88633E-01 2.17521E-03 1.49091E+00 2.68815E-01 3.11430E-03 1.02283E+00 3.22410E-01 3.68703E-03 1.12191E+00
 1.72128E-01 1.76304E-03 1.81597E-01 1.89475E-03 1.44008E+00 2.58955E-01 2.71442E-03 9.89603E-01 3.10094E-01 3.20877E-03 1.08406E+00
 1.65086E-01 1.53092E-03 1.74606E-01 1.64935E-03 1.38927E+00 2.49144E-01 2.36430E-03 9.56268E-01 2.97829E-01 2.79021E-03 1.04598E+00
 1.58145E-01 1.32845E-03 1.67682E-01 1.43473E-03 1.33866E+00 2.39415E-01 2.05790E-03 9.22941E-01 2.85701E-01 2.42452E-03 1.00799E+00
 2.74048E-01 3.63351E-02 2.72902E-01 3.78361E-02 1.81513E+00 3.83299E-01 5.37742E-02 1.19757E+00 2.74051E-01 3.63355E-02 2.59157E-04
 2.74322E-01 3.04981E-02 2.74776E-01 3.19197E-02 1.85904E+00 3.86543E-01 4.54248E-02 1.23065E+00 2.74326E-01 3.04985E-02 3.54105E-04
 2.73381E-01 2.55262E-02 2.75247E-01 2.68440E-02 1.88834E+00 3.87745E-01 3.82482E-02 1.25377E+00 2.73386E-01 2.55267E-02 4.91375E-04
 2.71217E-01 2.13527E-02 2.74340E-01 2.25556E-02 1.90482E+00 3.86948E-01 3.21743E-02 1.26815E+00 2.71225E-01 2.13533E-02 6.94746E-04
 2.68121E-01 1.79078E-02 2.72331E-01 1.89897E-02 1.91027E+00 3.84536E-01 2.71142E-02 1.27495E+00 2.68132E-01 1.79085E-02 1.00407E-03
 2.64344E-01 1.51134E-02 2.69454E-01 1.60684E-02 1.90635E+00 3.80834E-01 2.29580E-02 1.27529E+00 2.64360E-01 1.51144E-02 1.48797E-03
 2.60031E-01 1.28795E-02 2.65879E-01 1.37009E-02 1.89462E+00 3.76088E-01 1.95781E-02 1.27022E+00 2.60055E-01 1.28808E-02 2.26834E-03
 2.56441E-01 1.14728E-02 2.62749E-01 1.21878E-02 1.88112E+00 3.71862E-01 1.74100E-02 1.26321E+00 2.56475E-01 1.14744E-02 3.21151E-03
 2.55260E-01 1.11223E-02 2.61700E-01 1.18084E-02 1.87623E+00 3.70437E-01 1.68655E-02 1.26049E+00 2.55298E-01 1.11240E-02 3.56803E-03
 2.49868E-01 9.66840E-03 2.56799E-01 1.02192E-02 1.84994E+00 3.63732E-01 1.45793E-02 1.24543E+00 2.49934E-01 9.67103E-03 6.04309E-03
 2.44144E-01 8.48493E-03 2.51503E-01 8.91783E-03 1.81890E+00 3.56449E-01 1.27045E-02 1.22702E+00 2.44266E-01 8.48925E-03 1.06944E-02
 2.38067E-01 7.48071E-03 2.45848E-01 7.82996E-03 1.78399E+00 3.48658E-01 1.11430E-02 1.20585E+00 2.38312E-01 7.48853E-03 1.98307E-02
 2.31686E-01 6.60716E-03 2.39919E-01 6.91394E-03 1.74593E+00 3.40493E-01 9.83875E-03 1.18241E+00 2.32243E-01 6.62323E-03 3.85556E-02
 2.25118E-01 5.83380E-03 2.33790E-01 6.12834E-03 1.70531E+00 3.32043E-01 8.72944E-03 1.15709E+00 2.26604E-01 5.87280E-03 7.82095E-02
 2.18289E-01 5.13809E-03 2.27378E-01 5.42870E-03 1.66262E+00 3.23184E-01 7.74415E-03 1.13023E+00 2.22958E-01 5.24981E-03 1.62398E-01
 2.11325E-01 4.50848E-03 2.20769E-01 4.79001E-03 1.61824E+00 3.14027E-01 6.84261E-03 1.10209E+00 2.27076E-01 4.85138E-03 3.28437E-01
 2.04231E-01 3.94209E-03 2.13976E-01 4.20729E-03 1.57252E+00 3.04590E-01 6.01701E-03 1.07291E+00 2.49976E-01 4.84523E-03 5.89206E-01
 1.97054E-01 3.43773E-03 2.07038E-01 3.68234E-03 1.52575E+00 2.94925E-01 5.27102E-03 1.04287E+00 2.88937E-01 5.07919E-03 8.54382E-01
 1.89843E-01 2.99257E-03 2.00013E-01 3.21542E-03 1.47818E+00 2.85118E-01 4.60618E-03 1.01216E+00 3.16270E-01 5.03430E-03 1.00534E+00
 1.82630E-01 2.60189E-03 1.92938E-01 2.80352E-03 1.43005E+00 2.75222E-01 4.01891E-03 9.80939E-01 3.21675E-01 4.63160E-03 1.04529E+00
 1.75448E-01 2.26013E-03 1.85847E-01 2.44183E-03 1.38158E+00 2.65286E-01 3.50274E-03 9.49357E-01 3.14906E-01 4.10086E-03 1.03240E+00
 1.68323E-01 1.96170E-03 1.78773E-01 2.12501E-03 1.33297E+00 2.55357E-01 3.05025E-03 9.17551E-01 3.03966E-01 3.58142E-03 1.00196E+00
 1.61280E-01 1.70142E-03 1.71741E-01 1.84788E-03 1.28439E+00 2.45474E-01 2.65415E-03 8.85648E-01 2.91980E-01 3.11412E-03 9.66832E-01
 1.54340E-01 1.47460E-03 1.64776E-01 1.60570E-03 1.23602E+00 2.35671E-01 2.30776E-03 8.53766E-01 2.79874E-01 2.70346E-03 9.30774E-01
 1.47523E-01 1.27719E-03 1.57902E-01 1.39431E-03 1.18803E+00 2.25983E-01 2.00520E-03 8.22019E-01 2.67902E-01 2.34498E-03 8.94773E-01
 1.40846E-01 1.10544E-03 1.51137E-01 1.20990E-03 1.14054E+00 2.16437E-01 1.74106E-03 7.90505E-01 2.56136E-01 2.03255E-03 8.59108E-01
 2.64927E-01 3.52850E-02 2.66604E-01 3.69700E-02 1.67775E+00 3.75518E-01 5.26264E-02 1.11255E+00 2.64930E-01 3.52854E-02 2.39542E-04
 2.64589E-01 2.93292E-02 2.67859E-01 3.09006E-02 1.71540E+00 3.77890E-01 4.40487E-02 1.14108E+00 2.64593E-01 2.93297E-02 3.26745E-04
 2.62971E-01 2.42805E-02 2.67628E-01 2.57161E-02 1.73866E+00 3.78093E-01 3.67070E-02 1.15982E+00 2.62976E-01 2.42810E-02 4.52426E-04
 2.60119E-01 2.00718E-02 2.65986E-01 2.13647E-02 1.74934E+00 3.76247E-01 3.05340E-02 1.16998E+00 2.60126E-01 2.00724E-02 6.38039E-04
 2.56318E-01 1.66267E-02 2.63217E-01 1.77769E-02 1.74931E+00 3.72745E-01 2.54347E-02 1.17279E+00 2.56328E-01 1.66274E-02 9.19469E-04
 2.51850E-01 1.38566E-02 2.59585E-01 1.48656E-02 1.74029E+00 3.67957E-01 2.12873E-02 1.16939E+00 2.51865E-01 1.38575E-02 1.35836E-03
 2.46872E-01 1.16642E-02 2.55275E-01 1.25323E-02 1.72391E+00 3.62150E-01 1.79527E-02 1.16089E+00 2.46895E-01 1.16654E-02 2.06396E-03
 2.42776E-01 1.02962E-02 2.51587E-01 1.10565E-02 1.70712E+00 3.57121E-01 1.58366E-02 1.15143E+00 2.42809E-01 1.02976E-02 2.91445E-03
 2.41476E-01 9.95671E-03 2.50399E-01 1.06880E-02 1.70140E+00 3.55492E-01 1.53073E-02 1.14808E+00 2.41512E-01 9.95827E-03 3.23556E-03
 2.35433E-01 8.55846E-03 2.44772E-01 9.15662E-03 1.67140E+00 3.47739E-01 1.31032E-02 1.13020E+00 2.35496E-01 8.56081E-03 5.45986E-03
 2.29132E-01 7.44021E-03 2.38806E-01 7.92281E-03 1.63719E+00 3.39478E-01 1.13243E-02 1.10934E+00 2.29248E-01 7.44405E-03 9.62602E-03
 2.22546E-01 6.50912E-03 2.32531E-01 6.90637E-03 1.59966E+00 3.30773E-01 9.86256E-03 1.08608E+00 2.22778E-01 6.51601E-03 1.77818E-02
 2.15736E-01 5.71271E-03 2.26041E-01 6.06009E-03 1.55954E+00 3.21768E-01 8.65359E-03 1.06093E+00 2.16262E-01 5.72681E-03 3.44398E-02
 2.08804E-01 5.01785E-03 2.19407E-01 5.34215E-03 1.51742E+00 3.12554E-01 7.63528E-03 1.03428E+00 2.10200E-01 5.05190E-03 6.95936E-02
 2.01702E-01 4.40071E-03 2.12576E-01 4.71078E-03 1.47376E+00 3.03052E-01 6.74207E-03 1.00644E+00 2.06075E-01 4.49787E-03 1.43957E-01
 1.94533E-01 3.84772E-03 2.05621E-01 4.14095E-03 1.42893E+00 2.93354E-01 5.93440E-03 9.77689E-01 2.09238E-01 4.14491E-03 2.90041E-01
 1.87308E-01 3.35389E-03 1.98558E-01 3.62567E-03 1.38326E+00 2.83483E-01 5.20169E-03 9.48221E-01 2.29868E-01 4.13434E-03 5.18376E-01
 1.80068E-01 2.91648E-03 1.91422E-01 3.16440E-03 1.33700E+00 2.73489E-01 4.54398E-03 9.18226E-01 2.65250E-01 4.33114E-03 7.48868E-01
 1.72853E-01 2.53197E-03 1.84264E-01 2.75593E-03 1.29039E+00 2.63446E-01 3.96049E-03 8.87863E-01 2.89644E-01 4.28708E-03 8.77876E-01
 1.65693E-01 2.19562E-03 1.77116E-01 2.39681E-03 1.24364E+00 2.53399E-01 3.44686E-03 8.57278E-01 2.93687E-01 3.93603E-03 9.09325E-01
 1.58614E-01 1.90225E-03 1.70009E-01 2.08238E-03 1.19694E+00 2.43394E-01 2.99671E-03 8.26603E-01 2.86538E-01 3.47672E-03 8.94723E-01
 1.51639E-01 1.64679E-03 1.62969E-01 1.80769E-03 1.15046E+00 2.33470E-01 2.60313E-03 7.95959E-01 2.75631E-01 3.02877E-03 8.65062E-01
 1.44788E-01 1.42457E-03 1.56019E-01 1.56801E-03 1.10436E+00 2.23661E-01 2.25946E-03 7.65453E-01 2.63850E-01 2.62693E-03 8.31597E-01
 1.38079E-01 1.23144E-03 1.49180E-01 1.35909E-03 1.05877E+00 2.13995E-01 1.95967E-03 7.35186E-01 2.52044E-01 2.27472E-03 7.97576E-01
 1.31527E-01 1.06378E-03 1.42472E-01 1.17719E-03 1.01384E+00 2.04503E-01 1.69847E-03 7.05258E-01 2.40442E-01 1.96804E-03 7.63857E-01
 1.25146E-01 9.18306E-04 1.35909E-01 1.01889E-03 9.69672E-01 1.95205E-01 1.47100E-03 6.75744E-01 2.29105E-01 1.70144E-03 7.30673E-01
 2.55223E-01 3.43590E-02 2.59593E-01 3.62386E-02 1.55370E+00 3.66687E-01 5.16721E-02 1.03443E+00 2.55225E-01 3.43593E-02 2.21830E-04
 2.54408E-01 2.82880E-02 2.60331E-01 3.00125E-02 1.58534E+00 3.68315E-01 4.28583E-02 1.05869E+00 2.54412E-01 2.82884E-02 3.01970E-04
 2.52246E-01 2.31647E-02 2.59496E-01 2.47162E-02 1.60287E+00 3.67647E-01 3.53451E-02 1.07338E+00 2.52251E-01 2.31652E-02 4.17093E-04
 2.48828E-01 1.89220E-02 2.57213E-01 2.02991E-02 1.60816E+00 3.64868E-01 2.90677E-02 1.07971E+00 2.48835E-01 1.89226E-02 5.86547E-04
 2.44451E-01 1.54776E-02 2.53781E-01 1.66872E-02 1.60312E+00 3.60403E-01 2.39251E-02 1.07895E+00 2.44461E-01 1.54783E-02 8.42628E-04
 2.39391E-01 1.27326E-02 2.49477E-01 1.37844E-02 1.58954E+00 3.54638E-01 1.97832E-02 1.07228E+00 2.39406E-01 1.27334E-02 1.24070E-03
 2.33861E-01 1.05817E-02 2.44522E-01 1.14832E-02 1.56911E+00 3.47891E-01 1.64903E-02 1.06084E+00 2.33883E-01 1.05827E-02 1.87863E-03
 2.29348E-01 9.25220E-03 2.40349E-01 1.00432E-02 1.54952E+00 3.42152E-01 1.44233E-02 1.04933E+00 2.29379E-01 9.25351E-03 2.64539E-03
 2.27950E-01 8.92369E-03 2.39039E-01 9.68506E-03 1.54311E+00 3.40343E-01 1.39084E-02 1.04546E+00 2.27985E-01 8.92510E-03 2.93453E-03
 2.21374E-01 7.58085E-03 2.32788E-01 8.20948E-03 1.51009E+00 3.31677E-01 1.17830E-02 1.02531E+00 2.21434E-01 7.58296E-03 4.93292E-03
 2.14620E-01 6.52550E-03 2.26257E-01 7.04005E-03 1.47342E+00 3.22580E-01 1.00952E-02 1.00253E+00 2.14729E-01 6.52891E-03 8.66313E-03
 2.07638E-01 5.66325E-03 2.19468E-01 6.09124E-03 1.43399E+00 3.13106E-01 8.72809E-03 9.77741E-01 2.07857E-01 5.66934E-03 1.59402E-02
 2.00508E-01 4.93810E-03 2.12521E-01 5.31069E-03 1.39252E+00 3.03408E-01 7.60944E-03 9.51421E-01 2.01002E-01 4.95047E-03 3.07517E-02
 1.93315E-01 4.31456E-03 2.05487E-01 4.65584E-03 1.34957E+00 2.93579E-01 6.67670E-03 9.23959E-01 1.94624E-01 4.34428E-03 6.18971E-02
 1.86033E-01 3.76771E-03 1.98336E-01 4.08695E-03 1.30560E+00 2.83573E-01 5.86838E-03 8.95657E-01 1.90121E-01 3.85218E-03 1.27538E-01
 1.78749E-01 3.28245E-03 1.91129E-01 3.57912E-03 1.26095E+00 2.73467E-01 5.14571E-03 8.66756E-01 1.92449E-01 3.53997E-03 2.55969E-01
 1.71474E-01 2.85223E-03 1.83883E-01 3.12382E-03 1.21590E+00 2.63289E-01 4.49594E-03 8.37450E-01 2.10987E-01 3.52653E-03 4.55736E-01
 1.64244E-01 2.47316E-03 1.76630E-01 2.71870E-03 1.17069E+00 2.53083E-01 3.91637E-03 8.07903E-01 2.43050E-01 3.69209E-03 6.55880E-01
 1.57092E-01 2.14126E-03 1.69416E-01 2.36152E-03 1.12552E+00 2.42914E-01 3.40449E-03 7.78259E-01 2.64759E-01 3.64961E-03 7.65947E-01
 1.50045E-01 1.85187E-03 1.62265E-01 2.04854E-03 1.08058E+00 2.32820E-01 2.95542E-03 7.48646E-01 2.67621E-01 3.34381E-03 7.90362E-01
 1.43124E-01 1.60020E-03 1.55206E-01 1.77529E-03 1.03603E+00 2.22842E-01 2.56298E-03 7.19175E-01 2.60223E-01 2.94650E-03 7.74707E-01
 1.36347E-01 1.38165E-03 1.48260E-01 1.53721E-03 9.92003E-01 2.13010E-01 2.22076E-03 6.89949E-01 2.49451E-01 2.56039E-03 7.46178E-01
 1.29731E-01 1.19206E-03 1.41447E-01 1.33001E-03 9.48634E-01 2.03355E-01 1.92270E-03 6.61059E-01 2.37962E-01 2.21499E-03 7.14594E-01
 1.23287E-01 1.02771E-03 1.34782E-01 1.14984E-03 9.06033E-01 1.93899E-01 1.66335E-03 6.32586E-01 2.26530E-01 1.91304E-03 6.82771E-01
 1.17032E-01 8.85431E-04 1.28283E-01 9.93385E-04 8.64317E-01 1.84667E-01 1.43795E-03 6.04615E-01 2.15363E-01 1.65082E-03 6.51448E-01
 1.10970E-01 7.62297E-04 1.21959E-01 8.57573E-04 8.23561E-01 1.75676E-01 1.24215E-03 5.77201E-01 2.04510E-01 1.42344E-03 6.20814E-01
 2.44944E-01 3.34944E-02 2.51837E-01 3.55770E-02 1.43862E+00 3.56741E-01 5.08190E-02 9.60903E-01 2.44946E-01 3.34948E-02 2.05400E-04
 2.43736E-01 2.73146E-02 2.52117E-01 2.91942E-02 1.46428E+00 3.57702E-01 4.17668E-02 9.81043E-01 2.43739E-01 2.73150E-02 2.78913E-04
 2.41114E-01 2.21229E-02 2.50744E-01 2.37876E-02 1.47625E+00 3.56246E-01 3.40824E-02 9.91878E-01 2.41119E-01 2.21234E-02 3.84143E-04
 2.37212E-01 1.78518E-02 2.47882E-01 1.93072E-02 1.47639E+00 3.52618E-01 2.77027E-02 9.94641E-01 2.37219E-01 1.78524E-02 5.38486E-04
 2.32343E-01 1.44129E-02 2.43855E-01 1.56737E-02 1.46669E+00 3.47276E-01 2.25194E-02 9.90624E-01 2.32352E-01 1.44135E-02 7.70919E-04
 2.26777E-01 1.16976E-02 2.38945E-01 1.27818E-02 1.44900E+00 3.40622E-01 1.83859E-02 9.81057E-01 2.26791E-01 1.16984E-02 1.13100E-03
 2.20786E-01 9.59085E-03 2.33419E-01 1.05143E-02 1.42501E+00 3.33029E-01 1.51362E-02 9.67070E-01 2.20807E-01 9.59181E-03 1.70610E-03
 2.15924E-01 8.30179E-03 2.28817E-01 9.11084E-03 1.40305E+00 3.26657E-01 1.31192E-02 9.53838E-01 2.15954E-01 8.30298E-03 2.39534E-03
 2.14446E-01 7.98458E-03 2.27400E-01 8.76325E-03 1.39607E+00 3.24689E-01 1.26188E-02 9.49553E-01 2.14479E-01 7.98586E-03 2.65491E-03
 2.07442E-01 6.69883E-03 2.20613E-01 7.34397E-03 1.36064E+00 3.15228E-01 1.05723E-02 9.27589E-01 2.07499E-01 6.70071E-03 4.44475E-03
 2.00324E-01 5.70566E-03 2.13603E-01 6.23782E-03 1.32216E+00 3.05412E-01 8.97387E-03 9.03386E-01 2.00428E-01 5.70869E-03 7.77379E-03
 1.93043E-01 4.90985E-03 2.06390E-01 5.35477E-03 1.28147E+00 2.95294E-01 7.69896E-03 8.77535E-01 1.93249E-01 4.91521E-03 1.42450E-02
 1.85682E-01 4.25205E-03 1.99078E-01 4.63760E-03 1.23929E+00 2.85032E-01 6.66792E-03 8.50514E-01 1.86146E-01 4.26286E-03 2.73682E-02
 1.78318E-01 3.69478E-03 1.91737E-01 4.04287E-03 1.19616E+00 2.74718E-01 5.81739E-03 8.22694E-01 1.79541E-01 3.72063E-03 5.48618E-02
 1.70939E-01 3.21222E-03 1.84353E-01 3.53246E-03 1.15247E+00 2.64333E-01 5.08907E-03 7.94356E-01 1.74746E-01 3.28539E-03 1.12584E-01
 1.63618E-01 2.78821E-03 1.76977E-01 3.08173E-03 1.10856E+00 2.53941E-01 4.44511E-03 7.65718E-01 1.76332E-01 3.01053E-03 2.25055E-01
 1.56365E-01 2.41502E-03 1.69629E-01 2.68101E-03 1.06465E+00 2.43572E-01 3.87115E-03 7.36955E-01 1.92906E-01 2.99538E-03 3.99117E-01
 1.49211E-01 2.08792E-03 1.62336E-01 2.32659E-03 1.02097E+00 2.33264E-01 3.36239E-03 7.08210E-01 2.21828E-01 3.13414E-03 5.72152E-01
 1.42186E-01 1.80267E-03 1.55135E-01 2.01544E-03 9.77684E-01 2.23071E-01 2.91501E-03 6.79607E-01 2.41036E-01 3.09385E-03 6.65555E-01
 1.35308E-01 1.55478E-03 1.48048E-01 1.74372E-03 9.34940E-01 2.13028E-01 2.52387E-03 6.51253E-01 2.42867E-01 2.82858E-03 6.84079E-01
 1.28596E-01 1.33984E-03 1.41099E-01 1.50719E-03 8.92870E-01 2.03166E-01 2.18304E-03 6.23241E-01 2.35335E-01 2.48630E-03 6.67906E-01
 1.22063E-01 1.15371E-03 1.34304E-01 1.30164E-03 8.51588E-01 1.93511E-01 1.88662E-03 5.95655E-01 2.24793E-01 2.15486E-03 6.40804E-01
 1.15722E-01 9.92675E-04 1.27679E-01 1.12323E-03 8.11190E-01 1.84087E-01 1.62913E-03 5.68567E-01 2.13679E-01 1.85923E-03 6.11299E-01
 1.09580E-01 8.53471E-04 1.21236E-01 9.68503E-04 7.71761E-01 1.74912E-01 1.40565E-03 5.42040E-01 2.02695E-01 1.60147E-03 5.81820E-01
 1.03651E-01 7.33286E-04 1.14988E-01 8.34487E-04 7.33393E-01 1.66006E-01 1.21194E-03 5.16143E-01 1.92027E-01 1.37823E-03 5.52996E-01
 9.79349E-02 6.29560E-04 1.08941E-01 7.18461E-04 6.96133E-01 1.57377E-01 1.04411E-03 4.90914E-01 1.81716E-01 1.18517E-03 5.24978E-01
 2.34443E-01 3.26731E-02 2.43551E-01 3.49554E-02 1.33256E+00 3.45933E-01 5.00212E-02 8.92443E-01 2.34446E-01 3.26734E-02 1.90257E-04
 2.32881E-01 2.63942E-02 2.43408E-01 2.84230E-02 1.35237E+00 3.46273E-01 4.07391E-02 9.08625E-01 2.32884E-01 2.63946E-02 2.57596E-04
 2.29851E-01 2.11444E-02 2.41542E-01 2.29143E-02 1.35899E+00 3.44092E-01 3.28946E-02 9.15839E-01 2.29855E-01 2.11449E-02 3.53631E-04
 2.25523E-01 1.68544E-02 2.38154E-01 1.83788E-02 1.35432E+00 3.39686E-01 2.64236E-02 9.15323E-01 2.25529E-01 1.68549E-02 4.93962E-04
 2.20227E-01 1.34284E-02 2.33590E-01 1.47306E-02 1.34038E+00 3.33547E-01 2.12091E-02 9.08394E-01 2.20236E-01 1.34290E-02 7.04526E-04
 2.14249E-01 1.07493E-02 2.28153E-01 1.18555E-02 1.31907E+00 3.26109E-01 1.70918E-02 8.96309E-01 2.14262E-01 1.07500E-02 1.02958E-03
 2.07851E-01 8.69087E-03 2.22115E-01 9.62524E-03 1.29209E+00 3.17756E-01 1.38902E-02 8.80197E-01 2.07872E-01 8.69174E-03 1.54696E-03
 2.02704E-01 7.44430E-03 2.17144E-01 8.26000E-03 1.26822E+00 3.10832E-01 1.19253E-02 8.65580E-01 2.02732E-01 7.44538E-03 2.16515E-03
 2.01162E-01 7.13878E-03 2.15637E-01 7.92330E-03 1.26080E+00 3.08727E-01 1.14400E-02 8.60968E-01 2.01193E-01 7.13994E-03 2.39766E-03
 1.93834E-01 5.91132E-03 2.08410E-01 6.56101E-03 1.22361E+00 2.98604E-01 9.47309E-03 8.37656E-01 1.93888E-01 5.91301E-03 3.99711E-03
 1.86429E-01 4.97942E-03 2.01002E-01 5.51699E-03 1.18395E+00 2.88186E-01 7.96235E-03 8.12487E-01 1.86526E-01 4.98209E-03 6.96120E-03
 1.78936E-01 4.24702E-03 1.93457E-01 4.69727E-03 1.14265E+00 2.77557E-01 6.77646E-03 7.86031E-01 1.79129E-01 4.25172E-03 1.27019E-02
 1.71431E-01 3.65211E-03 1.85874E-01 4.04047E-03 1.10038E+00 2.66865E-01 5.82935E-03 7.58745E-01 1.71865E-01 3.66155E-03 2.43007E-02
 1.63978E-01 3.15565E-03 1.78318E-01 3.50225E-03 1.05763E+00 2.56199E-01 5.05664E-03 7.30979E-01 1.65117E-01 3.17808E-03 4.85095E-02
 1.56580E-01 2.73117E-03 1.70789E-01 3.04584E-03 1.01478E+00 2.45563E-01 4.40270E-03 7.02990E-01 1.60113E-01 2.79440E-03 9.91381E-02
 1.49292E-01 2.36184E-03 1.63329E-01 2.64703E-03 9.72095E-01 2.35007E-01 3.83070E-03 6.74968E-01 1.61051E-01 2.55329E-03 1.97371E-01
 1.42128E-01 2.03910E-03 1.55956E-01 2.29535E-03 9.29787E-01 2.24561E-01 3.32516E-03 6.47066E-01 1.75806E-01 2.53741E-03 3.48626E-01
 1.35112E-01 1.75771E-03 1.48695E-01 1.98612E-03 8.88029E-01 2.14258E-01 2.87974E-03 6.19407E-01 2.01796E-01 2.65349E-03 4.97794E-01
 1.28267E-01 1.51328E-03 1.41575E-01 1.71579E-03 8.46960E-01 2.04142E-01 2.48976E-03 5.92093E-01 2.18710E-01 2.61584E-03 5.76768E-01
 1.21607E-01 1.30157E-03 1.34615E-01 1.48051E-03 8.06699E-01 1.94240E-01 2.14993E-03 5.65211E-01 2.19662E-01 2.38640E-03 5.90475E-01
 1.15147E-01 1.11854E-03 1.27832E-01 1.27628E-03 7.67346E-01 1.84580E-01 1.85469E-03 5.38836E-01 2.12103E-01 2.09235E-03 5.74240E-01
 1.08897E-01 9.60497E-04 1.21239E-01 1.09929E-03 7.28983E-01 1.75179E-01 1.59860E-03 5.13031E-01 2.01877E-01 1.80862E-03 5.48774E-01
 1.02863E-01 8.24142E-04 1.14848E-01 9.46068E-04 6.91681E-01 1.66056E-01 1.37673E-03 4.87851E-01 1.91208E-01 1.55628E-03 5.21461E-01
 9.70508E-02 7.06593E-04 1.08666E-01 8.13541E-04 6.55496E-01 1.57223E-01 1.18468E-03 4.63342E-01 1.80733E-01 1.33687E-03 4.94386E-01
 9.14687E-02 6.05388E-04 1.02705E-01 6.99060E-04 6.20498E-01 1.48696E-01 1.01865E-03 4.39557E-01 1.70615E-01 1.14735E-03 4.68081E-01
 8.61158E-02 5.18285E-04 9.69649E-02 6.00212E-04 5.86708E-01 1.40477E-01 8.75180E-04 4.16519E-01 1.60885E-01 9.83901E-04 4.42659E-01
 2.23811E-01 3.18659E-02 2.34805E-01 3.43399E-02 1.23382E+00 3.34354E-01 4.92288E-02 8.28306E-01 2.23814E-01 3.18662E-02 1.76159E-04
 2.21905E-01 2.54994E-02 2.34244E-01 2.76676E-02 1.24782E+00 3.34078E-01 3.97300E-02 8.40642E-01 2.21909E-01 2.54998E-02 2.37682E-04
 2.18489E-01 2.02042E-02 2.31905E-01 2.20689E-02 1.24928E+00 3.31198E-01 3.17419E-02 8.44418E-01 2.18494E-01 2.02046E-02 3.25081E-04
 2.13770E-01 1.59071E-02 2.28025E-01 1.74902E-02 1.24011E+00 3.26063E-01 2.51966E-02 8.40879E-01 2.13776E-01 1.59076E-02 4.52306E-04
 2.08088E-01 1.25044E-02 2.22969E-01 1.38380E-02 1.22235E+00 3.19191E-01 1.99660E-02 8.31350E-01 2.08097E-01 1.25050E-02 6.42489E-04
 2.01750E-01 9.86931E-03 2.17062E-01 1.09879E-02 1.19792E+00 3.11050E-01 1.58765E-02 8.17100E-01 2.01763E-01 9.86995E-03 9.35022E-04
 1.95011E-01 7.86534E-03 2.10578E-01 8.80095E-03 1.16850E+00 3.02030E-01 1.27316E-02 7.99248E-01 1.95031E-01 7.86614E-03 1.39899E-03
 1.89632E-01 6.66420E-03 2.05293E-01 7.47680E-03 1.14317E+00 2.94634E-01 1.08228E-02 7.83554E-01 1.89659E-01 6.66517E-03 1.95166E-03
 1.88040E-01 6.37099E-03 2.03712E-01 7.15162E-03 1.13544E+00 2.92414E-01 1.03534E-02 7.78704E-01 1.88070E-01 6.37204E-03 2.15927E-03
 1.80467E-01 5.20363E-03 1.96126E-01 5.84803E-03 1.09710E+00 2.81744E-01 8.46853E-03 7.54466E-01 1.80517E-01 5.20513E-03 3.58386E-03
 1.72855E-01 4.33260E-03 1.88407E-01 4.86576E-03 1.05689E+00 2.70848E-01 7.04495E-03 7.28750E-01 1.72946E-01 4.33496E-03 6.21416E-03
 1.65233E-01 3.66109E-03 1.80619E-01 4.10743E-03 1.01558E+00 2.59835E-01 5.94558E-03 7.02097E-01 1.65413E-01 3.66520E-03 1.12894E-02
 1.57664E-01 3.12521E-03 1.72854E-01 3.50833E-03 9.73785E-01 2.48842E-01 5.07910E-03 6.74935E-01 1.58067E-01 3.13341E-03 2.15053E-02
 1.50199E-01 2.68477E-03 1.65171E-01 3.02338E-03 9.31958E-01 2.37954E-01 4.38023E-03 6.47584E-01 1.51255E-01 2.70416E-03 4.27464E-02
 1.42851E-01 2.31296E-03 1.57580E-01 2.61699E-03 8.90423E-01 2.27187E-01 3.79562E-03 6.20274E-01 1.46117E-01 2.36741E-03 8.69938E-02
 1.35665E-01 1.99263E-03 1.50115E-01 2.26556E-03 8.49402E-01 2.16584E-01 3.28962E-03 5.93167E-01 1.46496E-01 2.15693E-03 1.72480E-01
 1.28651E-01 1.71471E-03 1.42792E-01 1.95812E-03 8.09071E-01 2.06170E-01 2.84608E-03 5.66393E-01 1.59560E-01 2.14105E-03 3.03427E-01
 1.21828E-01 1.47366E-03 1.35631E-01 1.68934E-03 7.69565E-01 1.95972E-01 2.45758E-03 5.40051E-01 1.82806E-01 2.23790E-03 4.31524E-01
 1.15213E-01 1.26510E-03 1.28656E-01 1.45535E-03 7.30990E-01 1.86027E-01 2.11887E-03 5.14223E-01 1.97614E-01 2.20319E-03 4.97987E-01
 1.08817E-01 1.08506E-03 1.21879E-01 1.25237E-03 6.93433E-01 1.76353E-01 1.82471E-03 4.88975E-01 1.97825E-01 2.00557E-03 5.07784E-01
 1.02649E-01 9.29863E-04 1.15315E-01 1.07669E-03 6.56964E-01 1.66972E-01 1.56989E-03 4.64364E-01 1.90339E-01 1.75395E-03 4.91855E-01
 9.67140E-02 7.96234E-04 1.08971E-01 9.24860E-04 6.21639E-01 1.57896E-01 1.34946E-03 4.40435E-01 1.80505E-01 1.51202E-03 4.68181E-01
 9.10162E-02 6.81268E-04 1.02855E-01 7.93775E-04 5.87500E-01 1.49136E-01 1.15900E-03 4.17226E-01 1.70345E-01 1.29748E-03 4.43127E-01
 8.55573E-02 5.82436E-04 9.69705E-02 6.80697E-04 5.54581E-01 1.40700E-01 9.94574E-04 3.94767E-01 1.60431E-01 1.11145E-03 4.18475E-01
 8.03415E-02 4.97586E-04 9.13254E-02 5.83284E-04 5.22926E-01 1.32599E-01 8.52813E-04 3.73096E-01 1.50906E-01 9.51215E-04 3.94670E-01
 7.53652E-02 4.24766E-04 8.59180E-02 4.99402E-04 4.92537E-01 1.24831E-01 7.30651E-04 3.52220E-01 1.41794E-01 8.13402E-04 3.71796E-01
 2.13161E-01 3.10553E-02 2.25710E-01 3.37083E-02 1.14160E+00 3.22157E-01 4.84087E-02 7.68224E-01 2.13164E-01 3.10557E-02 1.62993E-04
 2.10886E-01 2.46125E-02 2.24709E-01 2.69073E-02 1.14986E+00 3.21235E-01 3.87092E-02 7.76801E-01 2.10890E-01 2.46129E-02 2.19022E-04
 2.07082E-01 1.92860E-02 2.21899E-01 2.12335E-02 1.14634E+00 3.17662E-01 3.05989E-02 7.77301E-01 2.07087E-01 1.92864E-02 2.98296E-04
 2.01986E-01 1.49960E-02 2.17549E-01 1.66270E-02 1.13298E+00 3.11831E-01 2.40009E-02 7.70967E-01 2.01992E-01 1.49964E-02 4.13234E-04
 1.95949E-01 1.16289E-02 2.12038E-01 1.29840E-02 1.11181E+00 3.04280E-01 1.87734E-02 7.59126E-01 1.95958E-01 1.16294E-02 5.84390E-04
 1.89298E-01 9.04722E-03 2.05712E-01 1.01693E-02 1.08475E+00 2.95509E-01 1.47267E-02 7.43042E-01 1.89310E-01 9.04781E-03 8.46690E-04
 1.82272E-01 7.10486E-03 1.98843E-01 8.03320E-03 1.05343E+00 2.85911E-01 1.16493E-02 7.23809E-01 1.82290E-01 7.10559E-03 1.26122E-03
 1.76714E-01 5.95249E-03 1.93299E-01 6.75373E-03 1.02707E+00 2.78121E-01 9.80180E-03 7.07328E-01 1.76739E-01 5.95337E-03 1.75345E-03
 1.75087E-01 5.67233E-03 1.91659E-01 6.44090E-03 1.01915E+00 2.75810E-01 9.34947E-03 7.02321E-01 1.75115E-01 5.67327E-03 1.93813E-03
 1.67340E-01 4.56715E-03 1.83796E-01 5.19825E-03 9.80264E-01 2.64708E-01 7.54978E-03 6.77547E-01 1.67388E-01 4.56848E-03 3.20220E-03
 1.59604E-01 3.75672E-03 1.75852E-01 4.27757E-03 9.40082E-01 2.53460E-01 6.21320E-03 6.51666E-01 1.59689E-01 3.75879E-03 5.52738E-03
 1.51928E-01 3.14367E-03 1.67908E-01 3.57878E-03 8.99314E-01 2.42187E-01 5.19796E-03 6.25182E-01 1.52096E-01 3.14726E-03 9.99703E-03
 1.44370E-01 2.66311E-03 1.60048E-01 3.03472E-03 8.58510E-01 2.31019E-01 4.40875E-03 5.98484E-01 1.44744E-01 2.67021E-03 1.89598E-02
 1.36967E-01 2.27420E-03 1.52322E-01 2.59982E-03 8.18073E-01 2.20032E-01 3.77970E-03 5.71861E-01 1.37943E-01 2.29090E-03 3.75238E-02
 1.29738E-01 1.95007E-03 1.44749E-01 2.23964E-03 7.78269E-01 2.09253E-01 3.25951E-03 5.45509E-01 1.32743E-01 1.99677E-03 7.60411E-02
 1.22716E-01 1.67356E-03 1.37354E-01 1.93134E-03 7.39277E-01 1.98713E-01 2.81390E-03 5.19564E-01 1.32648E-01 1.81400E-03 1.50137E-01
 1.15909E-01 1.43538E-03 1.30151E-01 1.66374E-03 7.01231E-01 1.88434E-01 2.42642E-03 4.94129E-01 1.44149E-01 1.79870E-03 2.63047E-01
 1.09330E-01 1.22986E-03 1.23154E-01 1.43110E-03 6.64231E-01 1.78436E-01 2.08897E-03 4.69282E-01 1.64838E-01 1.87929E-03 3.72591E-01
 1.02992E-01 1.05275E-03 1.16381E-01 1.22941E-03 6.28350E-01 1.68746E-01 1.79600E-03 4.45083E-01 1.77723E-01 1.84769E-03 4.28249E-01
 9.68993E-02 9.00356E-04 1.09840E-01 1.05502E-03 5.93646E-01 1.59378E-01 1.54241E-03 4.21580E-01 1.77324E-01 1.67827E-03 4.34918E-01
 9.10572E-02 7.69389E-04 1.03540E-01 9.04533E-04 5.60159E-01 1.50345E-01 1.32336E-03 3.98811E-01 1.70000E-01 1.46390E-03 4.19586E-01
 8.54671E-02 6.56943E-04 9.74858E-02 7.74833E-04 5.27920E-01 1.41655E-01 1.13442E-03 3.76806E-01 1.60625E-01 1.25853E-03 3.97800E-01
 8.01290E-02 5.60476E-04 9.16796E-02 6.63159E-04 4.96948E-01 1.33313E-01 9.71597E-04 3.55587E-01 1.51027E-01 1.07693E-03 3.75023E-01
 7.50415E-02 4.77781E-04 8.61228E-02 5.67088E-04 4.67254E-01 1.25320E-01 8.31414E-04 3.35168E-01 1.41718E-01 9.19909E-04 3.52768E-01
 7.02056E-02 4.06990E-04 8.08189E-02 4.84556E-04 4.38863E-01 1.17684E-01 7.10891E-04 3.15574E-01 1.32821E-01 7.85041E-04 3.31404E-01
 6.56146E-02 3.46411E-04 7.57632E-02 4.13686E-04 4.11755E-01 1.10398E-01 6.07320E-04 2.96800E-01 1.24352E-01 6.69372E-04 3.10988E-01
 2.02545E-01 3.02265E-02 2.16337E-01 3.30429E-02 1.05500E+00 3.09451E-01 4.75353E-02 7.11806E-01 2.02548E-01 3.02269E-02 1.50629E-04
 1.99850E-01 2.37175E-02 2.14852E-01 2.61248E-02 1.05760E+00 3.07825E-01 3.76517E-02 7.16690E-01 1.99853E-01 2.37179E-02 2.01449E-04
 1.95634E-01 1.83747E-02 2.11557E-01 2.03924E-02 1.04930E+00 3.03542E-01 2.94428E-02 7.14050E-01 1.95638E-01 1.83751E-02 2.73044E-04
 1.90161E-01 1.41075E-02 2.06747E-01 1.57753E-02 1.03206E+00 2.97030E-01 2.28173E-02 7.05128E-01 1.90167E-01 1.41080E-02 3.76423E-04
 1.83795E-01 1.07900E-02 2.00813E-01 1.21571E-02 1.00789E+00 2.88851E-01 1.76152E-02 6.91237E-01 1.83803E-01 1.07905E-02 5.29764E-04
 1.76866E-01 8.27252E-03 1.94113E-01 9.38983E-03 9.78670E-01 2.79518E-01 1.36289E-02 6.73624E-01 1.76878E-01 8.27307E-03 7.63889E-04
 1.69623E-01 6.39969E-03 1.86930E-01 7.31332E-03 9.45956E-01 2.69440E-01 1.06315E-02 6.53339E-01 1.69640E-01 6.40035E-03 1.13255E-03
 1.63919E-01 5.29998E-03 1.81173E-01 6.08285E-03 9.18991E-01 2.61324E-01 8.85146E-03 6.36334E-01 1.63943E-01 5.30077E-03 1.56894E-03
 1.62273E-01 5.03363E-03 1.79490E-01 5.78327E-03 9.11001E-01 2.58944E-01 8.41755E-03 6.31243E-01 1.62299E-01 5.03447E-03 1.73246E-03
 1.54427E-01 3.99302E-03 1.71429E-01 4.60431E-03 8.72110E-01 2.47526E-01 6.70708E-03 6.06283E-01 1.54471E-01 3.99420E-03 2.84890E-03
 1.46651E-01 3.24300E-03 1.63350E-01 3.74531E-03 8.32488E-01 2.36052E-01 5.45771E-03 5.80579E-01 1.46731E-01 3.24482E-03 4.89478E-03
 1.38997E-01 2.68626E-03 1.55333E-01 3.10443E-03 7.92760E-01 2.24640E-01 4.52451E-03 5.54584E-01 1.39153E-01 2.68937E-03 8.81261E-03
 1.31519E-01 2.25762E-03 1.47458E-01 2.61286E-03 7.53404E-01 2.13416E-01 3.80932E-03 5.28646E-01 1.31864E-01 2.26374E-03 1.66388E-02
 1.24249E-01 1.91611E-03 1.39772E-01 2.22493E-03 7.14758E-01 2.02451E-01 3.24617E-03 5.03016E-01 1.25145E-01 1.93043E-03 3.27860E-02
 1.17203E-01 1.63514E-03 1.32294E-01 1.90742E-03 6.77036E-01 1.91770E-01 2.78579E-03 4.77855E-01 1.19955E-01 1.67500E-03 6.61546E-02
 1.10405E-01 1.39782E-03 1.25040E-01 1.63839E-03 6.40367E-01 1.81397E-01 2.39542E-03 4.53271E-01 1.19466E-01 1.51729E-03 1.30069E-01
 1.03859E-01 1.19487E-03 1.18022E-01 1.40666E-03 6.04847E-01 1.71348E-01 2.05862E-03 4.29340E-01 1.29530E-01 1.50298E-03 2.26951E-01
 9.75719E-02 1.02065E-03 1.11247E-01 1.20633E-03 5.70541E-01 1.61637E-01 1.76697E-03 4.06121E-01 1.47842E-01 1.56980E-03 3.20164E-01
 9.15512E-02 8.71103E-04 1.04729E-01 1.03335E-03 5.37491E-01 1.52281E-01 1.51482E-03 3.83652E-01 1.58977E-01 1.54142E-03 3.66501E-01
 8.57979E-02 7.42851E-04 9.84707E-02 8.84281E-04 5.05726E-01 1.43289E-01 1.29728E-03 3.61965E-01 1.58089E-01 1.39698E-03 3.70701E-01
 8.03118E-02 6.32964E-04 9.24763E-02 7.56022E-04 4.75264E-01 1.34667E-01 1.10993E-03 3.41080E-01 1.51009E-01 1.21533E-03 3.56191E-01
 7.50911E-02 5.38891E-04 8.67465E-02 6.45791E-04 4.46109E-01 1.26416E-01 9.48782E-04 3.21012E-01 1.42151E-01 1.04192E-03 3.36342E-01
 7.01321E-02 4.58417E-04 8.12802E-02 5.51143E-04 4.18261E-01 1.18537E-01 8.10296E-04 3.01769E-01 1.33160E-01 8.89030E-04 3.15823E-01
 6.54301E-02 3.89630E-04 7.60751E-02 4.69946E-04 3.91711E-01 1.11026E-01 6.91395E-04 2.83352E-01 1.24489E-01 7.57215E-04 2.95907E-01
 6.09836E-02 3.30918E-04 7.11318E-02 4.00390E-04 3.66465E-01 1.03886E-01 5.89461E-04 2.65775E-01 1.16247E-01 6.44320E-04 2.76899E-01
 5.67832E-02 2.80823E-04 6.64427E-02 3.40833E-04 3.42489E-01 9.71061E-02 5.02112E-04 2.49021E-01 1.08438E-01 5.47775E-04 2.58831E-01
 1.92021E-01 2.93705E-02 2.06791E-01 3.23346E-02 9.73738E-01 2.96401E-01 4.65955E-02 6.58970E-01 1.92023E-01 2.93709E-02 1.39026E-04
 1.88834E-01 2.28046E-02 2.04759E-01 2.53099E-02 9.70722E-01 2.93983E-01 3.65432E-02 6.60208E-01 1.88836E-01 2.28050E-02 1.84900E-04
 1.84173E-01 1.74615E-02 2.00953E-01 1.95366E-02 9.57860E-01 2.88958E-01 2.82613E-02 6.54558E-01 1.84177E-01 1.74619E-02 2.49250E-04
 1.78322E-01 1.32342E-02 1.95686E-01 1.49279E-02 9.37064E-01 2.81774E-01 2.16356E-02 6.43242E-01 1.78328E-01 1.32346E-02 3.41776E-04
 1.71647E-01 9.98123E-03 1.89357E-01 1.13514E-02 9.10303E-01 2.73007E-01 1.64833E-02 6.27549E-01 1.71654E-01 9.98168E-03 4.78473E-04
 1.64480E-01 7.53964E-03 1.82332E-01 8.64474E-03 8.79399E-01 2.63181E-01 1.25765E-02 6.08691E-01 1.64491E-01 7.54015E-03 6.86405E-04
 1.57074E-01 5.74425E-03 1.74894E-01 6.63688E-03 8.45796E-01 2.52710E-01 9.67230E-03 5.87658E-01 1.57090E-01 5.74485E-03 1.01264E-03
 1.51287E-01 4.70135E-03 1.68985E-01 5.46003E-03 8.18614E-01 2.44355E-01 7.96648E-03 5.70371E-01 1.51309E-01 4.70206E-03 1.39757E-03
 1.49625E-01 4.44971E-03 1.67268E-01 5.17473E-03 8.10659E-01 2.41921E-01 7.55249E-03 5.65263E-01 1.49649E-01 4.45046E-03 1.54164E-03
 1.41753E-01 3.47596E-03 1.59089E-01 4.06225E-03 7.72269E-01 2.30302E-01 5.93535E-03 5.40432E-01 1.41794E-01 3.47700E-03 2.52275E-03
 1.34015E-01 2.78600E-03 1.50958E-01 3.26494E-03 7.33683E-01 2.18720E-01 4.77335E-03 5.15205E-01 1.34088E-01 2.78759E-03 4.31385E-03
 1.26459E-01 2.28335E-03 1.42953E-01 2.68022E-03 6.95431E-01 2.07293E-01 3.91989E-03 4.89978E-01 1.26603E-01 2.28604E-03 7.73072E-03
 1.19133E-01 1.90326E-03 1.35144E-01 2.23849E-03 6.57906E-01 1.96129E-01 3.27529E-03 4.65049E-01 1.19449E-01 1.90850E-03 1.45300E-02
 1.12063E-01 1.60517E-03 1.27576E-01 1.89444E-03 6.21384E-01 1.85296E-01 2.77400E-03 4.40628E-01 1.12883E-01 1.61738E-03 2.85039E-02
 1.05263E-01 1.36308E-03 1.20264E-01 1.61612E-03 5.86018E-01 1.74820E-01 2.36885E-03 4.16843E-01 1.07769E-01 1.39694E-03 5.72656E-02
 9.87438E-02 1.16064E-03 1.13217E-01 1.38265E-03 5.51893E-01 1.64710E-01 2.02874E-03 3.93769E-01 1.06967E-01 1.26175E-03 1.12117E-01
 9.25073E-02 9.88757E-04 1.06442E-01 1.18308E-03 5.19066E-01 1.54978E-01 1.73758E-03 3.71462E-01 1.15718E-01 1.24871E-03 1.94823E-01
 8.65550E-02 8.41977E-04 9.99423E-02 1.01149E-03 4.87570E-01 1.45631E-01 1.48685E-03 3.49957E-01 1.31836E-01 1.30393E-03 2.73725E-01
 8.08882E-02 7.16478E-04 9.37250E-02 8.63932E-04 4.57419E-01 1.36679E-01 1.27096E-03 3.29276E-01 1.41392E-01 1.27874E-03 3.12070E-01
 7.55038E-02 6.09206E-04 8.77893E-02 7.37195E-04 4.28618E-01 1.28122E-01 1.08534E-03 3.09433E-01 1.40130E-01 1.15634E-03 3.14363E-01
 7.03980E-02 5.17572E-04 8.21344E-02 6.28471E-04 4.01159E-01 1.19962E-01 9.25951E-04 2.90435E-01 1.33362E-01 1.00329E-03 3.00835E-01
 6.55651E-02 4.39354E-04 7.67575E-02 5.35296E-04 3.75030E-01 1.12194E-01 7.89238E-04 2.72281E-01 1.25068E-01 8.57694E-04 2.82929E-01
 6.09985E-02 3.72638E-04 7.16540E-02 4.55519E-04 3.50212E-01 1.04813E-01 6.72085E-04 2.54968E-01 1.16718E-01 7.29718E-04 2.64607E-01
 5.66907E-02 3.15778E-04 6.68184E-02 3.87273E-04 3.26678E-01 9.78128E-02 5.71786E-04 2.38487E-01 1.08711E-01 6.19699E-04 2.46939E-01
 5.26375E-02 2.67389E-04 6.22486E-02 3.28981E-04 3.04421E-01 9.11903E-02 4.86049E-04 2.22839E-01 1.01137E-01 5.25748E-04 2.30169E-01
 4.88273E-02 2.26225E-04 5.79344E-02 2.79214E-04 2.83393E-01 8.49320E-02 4.12793E-04 2.08000E-01 9.39968E-02 4.45638E-04 2.14312E-01
 1.81633E-01 2.84818E-02 1.97166E-01 3.15787E-02 8.97577E-01 2.83158E-01 4.55833E-02 6.09604E-01 1.81635E-01 2.84822E-02 1.28152E-04
 1.77874E-01 2.18671E-02 1.94513E-01 2.44569E-02 8.89041E-01 2.79848E-01 3.53759E-02 6.07239E-01 1.77876E-01 2.18675E-02 1.69342E-04
 1.72725E-01 1.65396E-02 1.90161E-01 1.86602E-02 8.71818E-01 2.74031E-01 2.70464E-02 5.98693E-01 1.72729E-01 1.65400E-02 2.26861E-04
 1.66484E-01 1.23699E-02 1.84434E-01 1.40795E-02 8.47784E-01 2.66174E-01 2.04488E-02 5.85166E-01 1.66489E-01 1.23703E-02 3.09213E-04
 1.59521E-01 9.19728E-03 1.77735E-01 1.05622E-02 8.18835E-01 2.56856E-01 1.53717E-02 5.67903E-01 1.59528E-01 9.19769E-03 4.30396E-04
 1.52160E-01 6.84376E-03 1.70429E-01 7.92998E-03 7.86689E-01 2.46604E-01 1.15643E-02 5.48060E-01 1.52170E-01 6.84423E-03 6.14041E-04
 1.44649E-01 5.13384E-03 1.62798E-01 6.00003E-03 7.52658E-01 2.35827E-01 8.76674E-03 5.26556E-01 1.44664E-01 5.13438E-03 9.01127E-04
 1.38831E-01 4.15159E-03 1.56790E-01 4.88131E-03 7.25614E-01 2.27307E-01 7.14170E-03 5.09203E-01 1.38852E-01 4.15223E-03 1.23880E-03
 1.37167E-01 3.91567E-03 1.55056E-01 4.61140E-03 7.17790E-01 2.24842E-01 6.74921E-03 5.04135E-01 1.37190E-01 3.91634E-03 1.36503E-03
 1.29346E-01 3.01088E-03 1.46838E-01 3.56806E-03 6.80351E-01 2.13135E-01 5.22937E-03 4.79711E-01 1.29384E-01 3.01180E-03 2.22249E-03
 1.21722E-01 2.38047E-03 1.38737E-01 2.83235E-03 6.43214E-01 2.01562E-01 4.15475E-03 4.55220E-01 1.21789E-01 2.38185E-03 3.78194E-03
 1.14339E-01 1.92960E-03 1.30823E-01 2.30189E-03 6.06803E-01 1.90233E-01 3.37856E-03 4.30994E-01 1.14470E-01 1.93191E-03 6.74556E-03
 1.07235E-01 1.59475E-03 1.23158E-01 1.90734E-03 5.71424E-01 1.79240E-01 2.80103E-03 4.07277E-01 1.07523E-01 1.59923E-03 1.26203E-02
 1.00430E-01 1.33627E-03 1.15779E-01 1.60407E-03 5.37281E-01 1.68646E-01 2.35753E-03 3.84237E-01 1.01175E-01 1.34663E-03 2.46470E-02
 9.39321E-02 1.12906E-03 1.08699E-01 1.36158E-03 5.04474E-01 1.58469E-01 2.00312E-03 3.61965E-01 9.62012E-02 1.15765E-03 4.93014E-02
 8.77425E-02 9.57509E-04 1.01918E-01 1.16018E-03 4.73041E-01 1.48709E-01 1.70857E-03 3.40510E-01 9.51625E-02 1.04260E-03 9.61157E-02
 8.18586E-02 8.12912E-04 9.54386E-02 9.89326E-04 4.43006E-01 1.39371E-01 1.45831E-03 3.19902E-01 1.02724E-01 1.03099E-03 1.66331E-01
 7.62769E-02 6.90069E-04 8.92600E-02 8.43217E-04 4.14372E-01 1.30456E-01 1.24400E-03 3.00159E-01 1.16829E-01 1.07645E-03 2.32746E-01
 7.09936E-02 5.85451E-04 8.33827E-02 7.18083E-04 3.87128E-01 1.21966E-01 1.06023E-03 2.81286E-01 1.24973E-01 1.05437E-03 2.64272E-01
 6.60019E-02 4.96324E-04 7.78023E-02 6.10962E-04 3.61256E-01 1.13895E-01 9.02755E-04 2.63282E-01 1.23440E-01 9.51300E-04 2.65130E-01
 6.12940E-02 4.20422E-04 7.25139E-02 5.19343E-04 3.36732E-01 1.06237E-01 7.67939E-04 2.46140E-01 1.17043E-01 8.23159E-04 2.52690E-01
 5.68614E-02 3.55824E-04 6.75112E-02 4.41052E-04 3.13526E-01 9.89858E-02 6.52638E-04 2.29850E-01 1.09349E-01 7.01675E-04 2.36691E-01
 5.26946E-02 3.00887E-04 6.27867E-02 3.74212E-04 2.91602E-01 9.21301E-02 5.54118E-04 2.14396E-01 1.01661E-01 5.95220E-04 2.20477E-01
 4.87838E-02 2.54203E-04 5.83321E-02 3.17199E-04 2.70924E-01 8.56592E-02 4.70016E-04 1.99761E-01 9.43306E-02 5.03971E-04 2.04938E-01
 4.51224E-02 2.14595E-04 5.41426E-02 2.68645E-04 2.51470E-01 7.95671E-02 3.98337E-04 1.85938E-01 8.74313E-02 4.26281E-04 1.90269E-01
 4.16973E-02 1.81003E-04 5.02060E-02 2.27316E-04 2.33185E-01 7.38369E-02 3.37275E-04 1.72895E-01 8.09577E-02 3.60233E-04 1.76470E-01
 1.71407E-01 2.75563E-02 1.87544E-01 3.07739E-02 8.26286E-01 2.69857E-01 4.44977E-02 5.63571E-01 1.71409E-01 2.75566E-02 1.17973E-04
 1.66996E-01 2.09005E-02 1.84189E-01 2.35627E-02 8.12351E-01 2.65542E-01 3.41462E-02 5.57648E-01 1.66999E-01 2.09009E-02 1.54734E-04
 1.61320E-01 1.56050E-02 1.79251E-01 1.77601E-02 7.90999E-01 2.58880E-01 2.57939E-02 5.46320E-01 1.61323E-01 1.56053E-02 2.05830E-04
 1.54685E-01 1.15112E-02 1.73060E-01 1.32272E-02 7.64052E-01 2.50344E-01 1.92528E-02 5.30752E-01 1.54689E-01 1.15116E-02 2.78674E-04
 1.47455E-01 8.43482E-03 1.66016E-01 9.78686E-03 7.33301E-01 2.40510E-01 1.42766E-02 5.12135E-01 1.47461E-01 8.43520E-03 3.85438E-04
 1.39946E-01 6.18137E-03 1.58476E-01 7.24260E-03 7.00334E-01 2.29896E-01 1.05882E-02 4.91551E-01 1.39955E-01 6.18179E-03 5.46638E-04
 1.32386E-01 4.56466E-03 1.50709E-01 5.39966E-03 6.66303E-01 2.18895E-01 7.91066E-03 4.69828E-01 1.32400E-01 4.56515E-03 7.97739E-04
 1.26589E-01 3.64662E-03 1.44656E-01 4.34337E-03 6.39720E-01 2.10286E-01 6.37272E-03 4.52603E-01 1.26608E-01 3.64719E-03 1.09216E-03
 1.24941E-01 3.42735E-03 1.42920E-01 4.08987E-03 6.32112E-01 2.07812E-01 6.00323E-03 4.47628E-01 1.24962E-01 3.42795E-03 1.20210E-03
 1.17244E-01 2.59319E-03 1.34740E-01 3.11805E-03 5.96009E-01 1.96125E-01 4.58428E-03 4.23849E-01 1.17278E-01 2.59399E-03 1.94698E-03
 1.09809E-01 2.02158E-03 1.26746E-01 2.44364E-03 5.60665E-01 1.84671E-01 3.59682E-03 4.00311E-01 1.09870E-01 2.02277E-03 3.29659E-03
 1.02671E-01 1.62011E-03 1.18999E-01 1.96549E-03 5.26389E-01 1.73548E-01 2.89528E-03 3.77277E-01 1.02790E-01 1.62209E-03 5.85169E-03
 9.58542E-02 1.32726E-03 1.11549E-01 1.61540E-03 4.93394E-01 1.62830E-01 2.38121E-03 3.54932E-01 9.61156E-02 1.33106E-03 1.08971E-02
 8.93737E-02 1.10474E-03 1.04426E-01 1.34985E-03 4.61815E-01 1.52570E-01 1.99141E-03 3.33401E-01 9.00462E-02 1.11347E-03 2.11861E-02
 8.32281E-02 9.28648E-04 9.76362E-02 1.13996E-03 4.31698E-01 1.42777E-01 1.68342E-03 3.12740E-01 8.52704E-02 9.52648E-04 4.21933E-02
 7.74116E-02 7.84340E-04 9.11735E-02 9.67374E-04 4.03040E-01 1.33443E-01 1.42997E-03 2.92969E-01 8.40658E-02 8.55504E-04 8.19090E-02
 7.19167E-02 6.63580E-04 8.50349E-02 8.22042E-04 3.75832E-01 1.24567E-01 1.21625E-03 2.74100E-01 9.05585E-02 8.45376E-04 1.41162E-01
 6.67348E-02 5.61520E-04 7.92151E-02 6.98433E-04 3.50053E-01 1.16140E-01 1.03423E-03 2.56131E-01 1.02827E-01 8.82647E-04 1.96726E-01
 6.18579E-02 4.74945E-04 7.37095E-02 5.92998E-04 3.25671E-01 1.08159E-01 8.78795E-04 2.39054E-01 1.09716E-01 8.63511E-04 2.22464E-01
 5.72754E-02 4.01436E-04 6.85098E-02 5.03043E-04 3.02649E-01 1.00613E-01 7.46043E-04 2.22854E-01 1.08004E-01 7.77337E-04 2.22275E-01
 5.29767E-02 3.39026E-04 6.36078E-02 4.26340E-04 2.80948E-01 9.34900E-02 6.32745E-04 2.07515E-01 1.02026E-01 6.70780E-04 2.10983E-01
 4.89505E-02 2.86069E-04 5.89940E-02 3.60989E-04 2.60524E-01 8.67785E-02 5.36133E-04 1.93015E-01 9.49549E-02 5.70111E-04 1.96825E-01
 4.51849E-02 2.41166E-04 5.46581E-02 3.05359E-04 2.41331E-01 8.04644E-02 4.53825E-04 1.79331E-01 8.79421E-02 4.82167E-04 1.82606E-01
 4.16682E-02 2.03123E-04 5.05896E-02 2.58049E-04 2.23322E-01 7.45334E-02 3.83770E-04 1.66437E-01 8.12906E-02 4.07011E-04 1.69060E-01
 3.83921E-02 1.70946E-04 4.67815E-02 2.17881E-04 2.06467E-01 6.89762E-02 3.24245E-04 1.54321E-01 7.50613E-02 3.43216E-04 1.56340E-01
 3.53421E-02 1.43738E-04 4.32199E-02 1.83793E-04 1.90703E-01 6.37732E-02 2.73692E-04 1.42944E-01 6.92440E-02 2.89146E-04 1.44434E-01
 1.61396E-01 2.65951E-02 1.78024E-01 2.99243E-02 7.59877E-01 2.56657E-01 4.33455E-02 5.20860E-01 1.61398E-01 2.65954E-02 1.08492E-04
 1.56256E-01 1.99055E-02 1.73887E-01 2.26299E-02 7.40693E-01 2.51223E-01 3.28583E-02 5.11432E-01 1.56258E-01 1.99059E-02 1.41085E-04
 1.50021E-01 1.46586E-02 1.68325E-01 1.68382E-02 7.15467E-01 2.43657E-01 2.45068E-02 4.97437E-01 1.50025E-01 1.46589E-02 1.86176E-04
 1.42995E-01 1.06588E-02 1.61668E-01 1.23723E-02 6.85939E-01 2.34438E-01 1.80497E-02 4.80000E-01 1.43000E-01 1.06591E-02 2.50183E-04
 1.35529E-01 7.69412E-03 1.54303E-01 9.02596E-03 6.53763E-01 2.24120E-01 1.31989E-02 4.60232E-01 1.35535E-01 7.69448E-03 3.43631E-04
 1.27921E-01 5.55187E-03 1.46574E-01 6.58252E-03 6.20362E-01 2.13207E-01 9.64842E-03 4.39127E-01 1.27929E-01 5.55226E-03 4.84217E-04
 1.20374E-01 4.03534E-03 1.38731E-01 4.83494E-03 5.86710E-01 2.02066E-01 7.10310E-03 4.17408E-01 1.20387E-01 4.03578E-03 7.02446E-04
 1.14650E-01 3.18438E-03 1.32684E-01 3.84480E-03 5.60866E-01 1.93440E-01 5.65783E-03 4.00480E-01 1.14667E-01 3.18488E-03 9.57536E-04
 1.13036E-01 2.98235E-03 1.30964E-01 3.60852E-03 5.53545E-01 1.90981E-01 5.31253E-03 3.95641E-01 1.13056E-01 2.98288E-03 1.05269E-03
 1.05532E-01 2.21986E-03 1.22892E-01 2.70999E-03 5.19100E-01 1.79414E-01 3.99727E-03 3.72709E-01 1.05564E-01 2.22056E-03 1.69575E-03
 9.83559E-02 1.70583E-03 1.15077E-01 2.09617E-03 4.85819E-01 1.68183E-01 3.09615E-03 3.50301E-01 9.84118E-02 1.70685E-03 2.85653E-03
 9.15267E-02 1.35115E-03 1.07568E-01 1.66811E-03 4.53895E-01 1.57364E-01 2.46631E-03 3.28605E-01 9.16346E-02 1.35282E-03 5.04586E-03
 8.50568E-02 1.09697E-03 1.00397E-01 1.35959E-03 4.23446E-01 1.47015E-01 2.01178E-03 3.07749E-01 8.52923E-02 1.10017E-03 9.35250E-03
 7.89507E-02 9.06840E-04 9.35880E-02 1.12867E-03 3.94541E-01 1.37172E-01 1.67155E-03 2.87812E-01 7.95543E-02 9.14156E-04 1.81007E-02
 7.31996E-02 7.58325E-04 8.71384E-02 9.48260E-04 3.67173E-01 1.27837E-01 1.40572E-03 2.68817E-01 7.50261E-02 7.78339E-04 3.58907E-02
 6.77909E-02 6.37837E-04 8.10369E-02 8.01358E-04 3.41305E-01 1.18993E-01 1.18909E-03 2.50759E-01 7.37206E-02 6.96969E-04 6.93783E-02
 6.27121E-02 5.37737E-04 7.52753E-02 6.78564E-04 3.16899E-01 1.10632E-01 1.00779E-03 2.33631E-01 7.92620E-02 6.88305E-04 1.19075E-01
 5.79505E-02 4.53576E-04 6.98434E-02 5.74685E-04 2.93912E-01 1.02739E-01 8.54209E-04 2.17415E-01 8.98688E-02 7.18720E-04 1.65274E-01
 5.34941E-02 3.82468E-04 6.47326E-02 4.86438E-04 2.72295E-01 9.53029E-02 7.23595E-04 2.02091E-01 9.56530E-02 7.02324E-04 1.86138E-01
 4.93294E-02 3.22292E-04 5.99310E-02 4.11403E-04 2.51998E-01 8.83086E-02 6.12427E-04 1.87634E-01 9.38441E-02 6.30792E-04 1.85219E-01
 4.54431E-02 2.71362E-04 5.54272E-02 3.47621E-04 2.32969E-01 8.17405E-02 5.17845E-04 1.74017E-01 8.83185E-02 5.42805E-04 1.75093E-01
 4.18217E-02 2.28276E-04 5.12092E-02 2.93441E-04 2.15155E-01 7.55822E-02 4.37436E-04 1.61213E-01 8.18816E-02 4.59972E-04 1.62681E-01
 3.84518E-02 1.91852E-04 4.72645E-02 2.47459E-04 1.98501E-01 6.98165E-02 3.69138E-04 1.49192E-01 7.55425E-02 3.87833E-04 1.50322E-01
 3.53201E-02 1.61087E-04 4.35806E-02 2.08471E-04 1.82954E-01 6.44262E-02 3.11185E-04 1.37921E-01 6.95617E-02 3.26371E-04 1.38615E-01
 3.24168E-02 1.35146E-04 4.01489E-02 1.75472E-04 1.68475E-01 5.93994E-02 2.62095E-04 1.27383E-01 6.39877E-02 2.74362E-04 1.27679E-01
 2.97267E-02 1.13280E-04 3.69539E-02 1.47554E-04 1.55001E-01 5.47147E-02 2.20535E-04 1.17535E-01 5.88065E-02 2.30417E-04 1.17493E-01
 1.51618E-01 2.55990E-02 1.68657E-01 2.90327E-02 6.98065E-01 2.43643E-01 4.21315E-02 4.81245E-01 1.51620E-01 2.55993E-02 9.96666E-05
 1.45680E-01 1.88821E-02 1.63659E-01 2.16596E-02 6.73807E-01 2.36974E-01 3.15141E-02 4.68373E-01 1.45682E-01 1.88824E-02 1.28345E-04
 1.38859E-01 1.36998E-02 1.57436E-01 1.58944E-02 6.44976E-01 2.28451E-01 2.31855E-02 4.51833E-01 1.38862E-01 1.37001E-02 1.67833E-04
 1.31450E-01 9.81179E-03 1.50309E-01 1.15142E-02 6.13180E-01 2.18537E-01 1.68388E-02 4.32680E-01 1.31455E-01 9.81211E-03 2.23646E-04
 1.23782E-01 6.97377E-03 1.42650E-01 8.27824E-03 5.79935E-01 2.07770E-01 1.21371E-02 4.11952E-01 1.23788E-01 6.97410E-03 3.04826E-04
 1.16127E-01 4.95309E-03 1.34778E-01 5.94773E-03 5.46458E-01 1.96619E-01 8.74211E-03 3.90527E-01 1.16135E-01 4.95344E-03 4.26532E-04
 1.08655E-01 3.54283E-03 1.26916E-01 4.30316E-03 5.13520E-01 1.85416E-01 6.34038E-03 3.69010E-01 1.08666E-01 3.54322E-03 6.14818E-04
 1.03055E-01 2.76126E-03 1.20924E-01 3.38243E-03 4.88649E-01 1.76841E-01 4.99272E-03 3.52522E-01 1.03071E-01 2.76170E-03 8.34245E-04
 1.01490E-01 2.57685E-03 1.19234E-01 3.16398E-03 4.81675E-01 1.74416E-01 4.67259E-03 3.47858E-01 1.01508E-01 2.57731E-03 9.16013E-04
 9.42472E-02 1.88655E-03 1.11339E-01 2.34011E-03 4.49144E-01 1.63067E-01 3.46324E-03 3.25939E-01 9.42759E-02 1.88716E-03 1.46723E-03
 8.73945E-02 1.42860E-03 1.03771E-01 1.78594E-03 4.18132E-01 1.52153E-01 2.64736E-03 3.04801E-01 8.74449E-02 1.42947E-03 2.45856E-03
 8.09321E-02 1.11805E-03 9.65599E-02 1.40572E-03 3.88710E-01 1.41728E-01 2.08620E-03 2.84554E-01 8.10290E-02 1.11946E-03 4.32127E-03
 7.48592E-02 8.99354E-04 8.97268E-02 1.13594E-03 3.60908E-01 1.31830E-01 1.68739E-03 2.65268E-01 7.50699E-02 9.02030E-04 7.97146E-03
 6.91697E-02 7.38297E-04 8.32811E-02 9.36725E-04 3.34728E-01 1.22479E-01 1.39273E-03 2.46977E-01 6.97078E-02 7.44381E-04 1.53575E-02
 6.38474E-02 6.14108E-04 7.72145E-02 7.82862E-04 3.10116E-01 1.13665E-01 1.16508E-03 2.29673E-01 6.54695E-02 6.30674E-04 3.03171E-02
 5.88730E-02 5.14364E-04 7.15100E-02 6.58788E-04 2.87005E-01 1.05365E-01 9.81349E-04 2.13329E-01 6.41200E-02 5.63126E-04 5.83550E-02
 5.42300E-02 4.32095E-04 6.61540E-02 5.55834E-04 2.65333E-01 9.75626E-02 8.28703E-04 1.97919E-01 6.88186E-02 5.55849E-04 9.97436E-02
 4.99016E-02 3.63286E-04 6.11323E-02 4.69204E-04 2.45039E-01 9.02375E-02 7.00104E-04 1.83414E-01 7.79277E-02 5.80525E-04 1.37881E-01
 4.58729E-02 3.05379E-04 5.64326E-02 3.95913E-04 2.26062E-01 8.33734E-02 5.91187E-04 1.69783E-01 8.27452E-02 5.66635E-04 1.54654E-01
 4.21278E-02 2.56542E-04 5.20399E-02 3.33809E-04 2.08340E-01 7.69500E-02 4.98808E-04 1.56992E-01 8.09077E-02 5.07744E-04 1.53259E-01
 3.86513E-02 2.15337E-04 4.79403E-02 2.81185E-04 1.91814E-01 7.09482E-02 4.20462E-04 1.45009E-01 7.58571E-02 4.35680E-04 1.44286E-01
 3.54281E-02 1.80585E-04 4.41197E-02 2.36621E-04 1.76423E-01 6.53484E-02 3.54062E-04 1.33798E-01 7.00559E-02 3.68075E-04 1.33512E-01
 3.24436E-02 1.51297E-04 4.05638E-02 1.98916E-04 1.62107E-01 6.01308E-02 2.97838E-04 1.23325E-01 6.43813E-02 3.09385E-04 1.22870E-01
 2.96835E-02 1.26635E-04 3.72588E-02 1.67045E-04 1.48810E-01 5.52759E-02 2.50278E-04 1.13556E-01 5.90550E-02 2.59537E-04 1.12846E-01
 2.71371E-02 1.05905E-04 3.41943E-02 1.40156E-04 1.36488E-01 5.07695E-02 2.10122E-04 1.04466E-01 5.41149E-02 2.17488E-04 1.03530E-01
 2.47888E-02 8.84877E-05 3.13544E-02 1.17479E-04 1.25076E-01 4.65890E-02 1.76233E-04 9.60125E-02 4.95442E-02 1.82072E-04 9.48948E-02
 1.42214E-01 2.45833E-02 1.59609E-01 2.81156E-02 6.41342E-01 2.31055E-01 4.08796E-02 4.45004E-01 1.42216E-01 2.45836E-02 9.15680E-05
 1.35437E-01 1.78466E-02 1.53690E-01 2.06681E-02 6.12273E-01 2.23060E-01 3.01367E-02 4.28796E-01 1.35439E-01 1.78469E-02 1.16624E-04
 1.28024E-01 1.27441E-02 1.46783E-01 1.49441E-02 5.80164E-01 2.13540E-01 2.18512E-02 4.09864E-01 1.28027E-01 1.27444E-02 1.50968E-04
 1.20255E-01 8.98311E-03 1.39196E-01 1.06657E-02 5.46473E-01 2.02942E-01 1.56383E-02 3.89188E-01 1.20259E-01 8.98340E-03 1.99316E-04
 1.12426E-01 6.28346E-03 1.31271E-01 7.55379E-03 5.12493E-01 1.91762E-01 1.11054E-02 3.67684E-01 1.12432E-01 6.28376E-03 2.69377E-04
 1.04776E-01 4.39167E-03 1.23301E-01 5.34551E-03 4.79249E-01 1.80433E-01 7.87978E-03 3.46119E-01 1.04783E-01 4.39199E-03 3.74073E-04
 9.74380E-02 3.09116E-03 1.15476E-01 3.80913E-03 4.47300E-01 1.69244E-01 5.62959E-03 3.24972E-01 9.74485E-02 3.09150E-03 5.35537E-04
 9.20081E-02 2.37957E-03 1.09583E-01 2.95946E-03 4.23583E-01 1.60782E-01 4.38226E-03 3.09042E-01 9.20224E-02 2.37996E-03 7.23163E-04
 9.05036E-02 2.21274E-03 1.07935E-01 2.75909E-03 4.16998E-01 1.58410E-01 4.08773E-03 3.04580E-01 9.05194E-02 2.21315E-03 7.93017E-04
 8.35798E-02 1.59349E-03 1.00277E-01 2.00962E-03 3.86553E-01 1.47362E-01 2.98428E-03 2.83794E-01 8.36056E-02 1.59401E-03 1.26277E-03
 7.71019E-02 1.18905E-03 9.30123E-02 1.51309E-03 3.57922E-01 1.36847E-01 2.25102E-03 2.64014E-01 7.71471E-02 1.18979E-03 2.10455E-03
 7.10502E-02 9.19367E-04 8.61507E-02 1.17779E-03 3.31060E-01 1.26890E-01 1.75456E-03 2.45276E-01 7.11368E-02 9.20552E-04 3.68043E-03
 6.54097E-02 7.32637E-04 7.96980E-02 9.43507E-04 3.05911E-01 1.17508E-01 1.40701E-03 2.27587E-01 6.55970E-02 7.34862E-04 6.75692E-03
 6.01639E-02 5.97207E-04 7.36527E-02 7.72802E-04 2.82417E-01 1.08703E-01 1.15354E-03 2.10944E-01 6.06405E-02 6.02235E-04 1.29582E-02
 5.52893E-02 4.94096E-04 6.79984E-02 6.42449E-04 2.60486E-01 1.00455E-01 9.59871E-04 1.95307E-01 5.67212E-02 5.07726E-04 2.54685E-02
 5.07612E-02 4.12095E-04 6.27127E-02 5.38326E-04 2.40022E-01 9.27343E-02 8.05034E-04 1.80631E-01 5.53759E-02 4.52066E-04 4.88153E-02
 4.65591E-02 3.44944E-04 5.77778E-02 4.52547E-04 2.20946E-01 8.55161E-02 6.77323E-04 1.66875E-01 5.93409E-02 4.46045E-04 8.30977E-02
 4.26636E-02 2.89069E-04 5.31759E-02 3.80753E-04 2.03183E-01 7.87762E-02 5.70308E-04 1.53999E-01 6.71225E-02 4.65975E-04 1.14410E-01
 3.90570E-02 2.42233E-04 4.88912E-02 3.20260E-04 1.86663E-01 7.24930E-02 4.80046E-04 1.41964E-01 7.11091E-02 4.54315E-04 1.27808E-01
 3.57219E-02 2.02866E-04 4.49067E-02 2.69179E-04 1.71318E-01 6.66429E-02 4.03757E-04 1.30731E-01 6.92991E-02 4.06148E-04 1.26138E-01
 3.26414E-02 1.69755E-04 4.12064E-02 2.26033E-04 1.57082E-01 6.12037E-02 3.39267E-04 1.20261E-01 6.47294E-02 3.47504E-04 1.18269E-01
 2.97996E-02 1.41916E-04 3.77745E-02 1.89610E-04 1.43890E-01 5.61532E-02 2.84782E-04 1.10516E-01 5.95477E-02 2.92682E-04 1.08993E-01
 2.71809E-02 1.18526E-04 3.45954E-02 1.58889E-04 1.31681E-01 5.14697E-02 2.38792E-04 1.01457E-01 5.45118E-02 2.45243E-04 9.99015E-02
 2.47707E-02 9.88917E-05 3.16543E-02 1.33003E-04 1.20396E-01 4.71319E-02 2.00012E-04 9.30475E-02 4.98088E-02 2.05076E-04 9.13847E-02
 2.25576E-02 8.24407E-05 2.89400E-02 1.11234E-04 1.09989E-01 4.31243E-02 1.67376E-04 8.52608E-02 4.54674E-02 1.71303E-04 8.35082E-02
 2.05260E-02 6.86618E-05 2.64359E-02 9.29346E-05 1.00396E-01 3.94233E-02 1.39923E-04 7.80542E-02 4.14688E-02 1.42947E-04 7.62423E-02
 1.33067E-01 2.35378E-02 1.50781E-01 2.71655E-02 5.88599E-01 2.18765E-01 3.95799E-02 4.11383E-01 1.33069E-01 2.35381E-02 8.40377E-05
 1.25411E-01 1.67885E-02 1.43877E-01 1.96458E-02 5.54932E-01 2.09343E-01 2.87128E-02 3.91908E-01 1.25413E-01 1.67887E-02 1.05702E-04
 1.17404E-01 1.17817E-02 1.36260E-01 1.39770E-02 5.19826E-01 1.98781E-01 2.04897E-02 3.70705E-01 1.17407E-01 1.17819E-02 1.35267E-04
 1.09301E-01 8.16361E-03 1.28219E-01 9.81718E-03 4.84555E-01 1.87498E-01 1.44340E-02 3.48659E-01 1.09305E-01 8.16387E-03 1.76732E-04
 1.01357E-01 5.61460E-03 1.20059E-01 6.84330E-03 4.50177E-01 1.75942E-01 1.00906E-02 3.26557E-01 1.01362E-01 5.61486E-03 2.36622E-04
 9.37651E-02 3.85926E-03 1.12035E-01 4.76694E-03 4.17462E-01 1.64495E-01 7.04865E-03 3.05022E-01 9.37716E-02 3.85954E-03 3.25846E-04
 8.66171E-02 2.67200E-03 1.04297E-01 3.34419E-03 3.86736E-01 1.53389E-01 4.95838E-03 2.84393E-01 8.66266E-02 2.67230E-03 4.63026E-04
 8.14000E-02 2.03122E-03 9.85473E-02 2.56755E-03 3.64328E-01 1.45101E-01 3.81459E-03 2.69124E-01 8.14129E-02 2.03155E-03 6.22002E-04
 7.99679E-02 1.88199E-03 9.69524E-02 2.38557E-03 3.58168E-01 1.42797E-01 3.54622E-03 2.64889E-01 7.99821E-02 1.88234E-03 6.81142E-04
 7.34171E-02 1.33289E-03 8.95885E-02 1.71065E-03 3.29954E-01 1.32132E-01 2.54928E-03 2.45343E-01 7.34402E-02 1.33333E-03 1.07788E-03
 6.73626E-02 9.79830E-04 8.26803E-02 1.27027E-03 3.03794E-01 1.22093E-01 1.89679E-03 2.27001E-01 6.74028E-02 9.80448E-04 1.78629E-03
 6.17612E-02 7.48277E-04 7.62154E-02 9.77537E-04 2.79532E-01 1.12674E-01 1.46186E-03 2.09820E-01 6.18378E-02 7.49262E-04 3.10763E-03
 5.65845E-02 5.90600E-04 7.01839E-02 7.76105E-04 2.57032E-01 1.03867E-01 1.16196E-03 1.93754E-01 5.67496E-02 5.92433E-04 5.67747E-03
 5.18059E-02 4.77961E-04 6.45726E-02 6.31296E-04 2.36183E-01 9.56600E-02 9.46086E-04 1.78757E-01 5.22245E-02 4.82076E-04 1.08376E-02
 4.73951E-02 3.93276E-04 5.93574E-02 5.21969E-04 2.16857E-01 8.80203E-02 7.82971E-04 1.64767E-01 4.86482E-02 4.04379E-04 2.12058E-02
 4.33229E-02 3.26591E-04 5.45110E-02 4.35459E-04 1.98937E-01 8.09108E-02 6.53777E-04 1.51718E-01 4.73462E-02 3.59027E-04 4.04712E-02
 3.95655E-02 2.72372E-04 5.00114E-02 3.64703E-04 1.82330E-01 7.43010E-02 5.47987E-04 1.39559E-01 5.06660E-02 3.54130E-04 6.86102E-02
 3.61014E-02 2.27491E-04 4.58379E-02 3.05799E-04 1.66953E-01 6.81624E-02 4.59819E-04 1.28241E-01 5.72581E-02 3.70078E-04 9.40802E-02
 3.29112E-02 1.90023E-04 4.19721E-02 2.56374E-04 1.52729E-01 6.24693E-02 3.85767E-04 1.17720E-01 6.05239E-02 3.60406E-04 1.04668E-01
 2.99762E-02 1.58638E-04 3.83953E-02 2.14787E-04 1.39586E-01 5.71954E-02 3.23404E-04 1.07952E-01 5.87861E-02 3.21422E-04 1.02873E-01
 2.72790E-02 1.32326E-04 3.50900E-02 1.79776E-04 1.27454E-01 5.23161E-02 2.70861E-04 9.88934E-02 5.47005E-02 2.74200E-04 9.60564E-02
 2.48030E-02 1.10272E-04 3.20392E-02 1.50316E-04 1.16269E-01 4.78073E-02 2.26615E-04 9.05047E-02 5.01234E-02 2.30215E-04 8.81587E-02
 2.25324E-02 9.18011E-05 2.92266E-02 1.25548E-04 1.05968E-01 4.36461E-02 1.89389E-04 8.27457E-02 4.57031E-02 1.92278E-04 8.04745E-02
 2.04524E-02 7.63456E-05 2.66367E-02 1.04746E-04 9.64930E-02 3.98101E-02 1.58104E-04 7.55783E-02 4.15957E-02 1.60261E-04 7.33151E-02
 1.85516E-02 6.34381E-05 2.42576E-02 8.73106E-05 8.77979E-02 3.62827E-02 1.31862E-04 6.89740E-02 3.78220E-02 1.33429E-04 6.67267E-02
 1.68147E-02 5.26624E-05 2.20728E-02 7.27032E-05 7.98209E-02 3.30399E-02 1.09863E-04 6.28908E-02 3.43622E-02 1.10975E-04 6.06779E-02
 1.24303E-01 2.24797E-02 1.42303E-01 2.61984E-02 5.40177E-01 2.06953E-01 3.82546E-02 3.80564E-01 1.24304E-01 2.24800E-02 7.71242E-05
 1.15758E-01 1.57262E-02 1.34375E-01 1.86098E-02 5.02233E-01 1.96039E-01 2.72661E-02 3.57956E-01 1.15760E-01 1.57265E-02 9.56640E-05
 1.07174E-01 1.08292E-02 1.26039E-01 1.30094E-02 4.64459E-01 1.84413E-01 1.91232E-02 3.34637E-01 1.07177E-01 1.08295E-02 1.20860E-04
 9.87754E-02 7.36707E-03 1.17561E-01 8.98211E-03 4.27941E-01 1.72461E-01 1.32451E-02 3.11393E-01 9.87786E-02 7.36731E-03 1.56084E-04
 9.07651E-02 4.97733E-03 1.09201E-01 6.15719E-03 3.93469E-01 1.60573E-01 9.10719E-03 2.88863E-01 9.07694E-02 4.97758E-03 2.06816E-04
 8.32859E-02 3.36263E-03 1.01168E-01 4.21938E-03 3.61545E-01 1.49067E-01 6.25932E-03 2.67517E-01 8.32918E-02 3.36288E-03 2.82202E-04
 7.63809E-02 2.28937E-03 9.35682E-02 2.91311E-03 3.32251E-01 1.38115E-01 4.33377E-03 2.47541E-01 7.63894E-02 2.28964E-03 3.97794E-04
 7.14143E-02 1.71844E-03 8.79989E-02 2.20980E-03 3.11258E-01 1.30054E-01 3.29440E-03 2.33010E-01 7.14258E-02 1.71873E-03 5.31399E-04
 7.00621E-02 1.58641E-03 8.64665E-02 2.04609E-03 3.05543E-01 1.27831E-01 3.05216E-03 2.29020E-01 7.00747E-02 1.58670E-03 5.81064E-04
 6.39269E-02 1.10497E-03 7.94441E-02 1.44429E-03 2.79622E-01 1.17619E-01 2.16010E-03 2.10779E-01 6.39474E-02 1.10534E-03 9.13459E-04
 5.83256E-02 8.00169E-04 7.29322E-02 1.05755E-03 2.55942E-01 1.08115E-01 1.58507E-03 1.93909E-01 5.83610E-02 8.00684E-04 1.50494E-03
 5.31984E-02 6.03497E-04 6.68984E-02 8.04429E-04 2.34242E-01 9.92859E-02 1.20766E-03 1.78293E-01 5.32657E-02 6.04308E-04 2.60418E-03
 4.85013E-02 4.71728E-04 6.13155E-02 6.32874E-04 2.14315E-01 9.10981E-02 9.51279E-04 1.63830E-01 4.86458E-02 4.73225E-04 4.73407E-03
 4.41983E-02 3.78979E-04 5.61585E-02 5.11176E-04 1.95999E-01 8.35215E-02 7.69131E-04 1.50439E-01 4.45630E-02 3.82318E-04 8.99434E-03
 4.02530E-02 3.10108E-04 5.13961E-02 4.20326E-04 1.79141E-01 7.65138E-02 6.33012E-04 1.38034E-01 4.13408E-02 3.19072E-04 1.75203E-02
 3.66324E-02 2.56398E-04 4.69965E-02 3.49101E-04 1.63607E-01 7.00307E-02 5.26190E-04 1.26537E-01 4.01120E-02 2.82483E-04 3.32941E-02
 3.33108E-02 2.13039E-04 4.29344E-02 2.91262E-04 1.49294E-01 6.40368E-02 4.39345E-04 1.15887E-01 4.28733E-02 2.78557E-04 5.62101E-02
 3.02649E-02 1.77332E-04 3.91868E-02 2.43367E-04 1.36114E-01 5.84999E-02 3.67357E-04 1.06029E-01 4.84165E-02 2.91211E-04 7.67637E-02
 2.74745E-02 1.47644E-04 3.57332E-02 2.03349E-04 1.23987E-01 5.33911E-02 3.07152E-04 9.69131E-02 5.10678E-02 2.83268E-04 8.50514E-02
 2.49203E-02 1.22862E-04 3.25538E-02 1.69799E-04 1.12838E-01 4.86823E-02 2.56637E-04 8.84938E-02 4.94356E-02 2.52007E-04 8.32459E-02
 2.25846E-02 1.02154E-04 2.96301E-02 1.41650E-04 1.02600E-01 4.43472E-02 2.14222E-04 8.07268E-02 4.58234E-02 2.14333E-04 7.74058E-02
 2.04509E-02 8.48525E-05 2.69445E-02 1.18042E-04 9.32076E-02 4.03608E-02 1.78624E-04 7.35699E-02 4.18220E-02 1.79372E-04 7.07470E-02
 1.85036E-02 7.04086E-05 2.44804E-02 9.82605E-05 8.46001E-02 3.66990E-02 1.48775E-04 6.69832E-02 3.79814E-02 1.49319E-04 6.43145E-02
 1.67281E-02 5.83618E-05 2.22219E-02 8.17024E-05 7.67203E-02 3.33394E-02 1.23774E-04 6.09283E-02 3.44304E-02 1.24041E-04 5.83530E-02
 1.51132E-02 4.83345E-05 2.01570E-02 6.78710E-05 6.95241E-02 3.02644E-02 1.02876E-04 5.53763E-02 3.11832E-02 1.02927E-04 5.28939E-02
 1.36442E-02 3.99909E-05 1.82693E-02 5.63228E-05 6.29530E-02 2.74506E-02 8.54175E-05 5.02868E-02 2.82196E-02 8.53176E-05 4.79055E-02
 1.15951E-01 2.14173E-02 1.34207E-01 2.52222E-02 4.95867E-01 1.95666E-01 3.69148E-02 3.52377E-01 1.15952E-01 2.14176E-02 7.07977E-05
 1.06525E-01 1.46687E-02 1.25229E-01 1.75683E-02 4.53957E-01 1.83211E-01 2.58076E-02 3.26770E-01 1.06526E-01 1.46690E-02 8.64685E-05
 9.74013E-02 9.89538E-03 1.16183E-01 1.20489E-02 4.13898E-01 1.70522E-01 1.77625E-02 3.01522E-01 9.74036E-02 9.89562E-03 1.07703E-04
 8.87494E-02 6.59968E-03 1.07289E-01 8.16643E-03 3.76448E-01 1.57924E-01 1.20798E-02 2.77248E-01 8.87523E-02 6.59990E-03 1.37303E-04
 8.07258E-02 4.37540E-03 9.87674E-02 5.49928E-03 3.42170E-01 1.45751E-01 8.16077E-03 2.54458E-01 8.07297E-02 4.37561E-03 1.79852E-04
 7.34099E-02 2.90316E-03 9.07700E-02 3.70456E-03 3.11255E-01 1.34246E-01 5.51433E-03 2.33438E-01 7.34152E-02 2.90338E-03 2.42948E-04
 6.67932E-02 1.94279E-03 8.33526E-02 2.51589E-03 2.83544E-01 1.23512E-01 3.75594E-03 2.14224E-01 6.68007E-02 1.94302E-03 3.39479E-04
 6.21081E-02 1.43971E-03 7.79980E-02 1.88518E-03 2.64041E-01 1.15727E-01 2.82047E-03 2.00498E-01 6.21183E-02 1.43996E-03 4.50789E-04
 6.08430E-02 1.32425E-03 7.65368E-02 1.73944E-03 2.58785E-01 1.13598E-01 2.60401E-03 1.96766E-01 6.08542E-02 1.32450E-03 4.92143E-04
 5.51547E-02 9.07078E-04 6.98954E-02 1.20842E-03 2.35182E-01 1.03896E-01 1.81397E-03 1.79874E-01 5.51728E-02 9.07389E-04 7.68290E-04
 5.00281E-02 6.47078E-04 6.38122E-02 8.72384E-04 2.13948E-01 9.49783E-02 1.31250E-03 1.64486E-01 5.00591E-02 6.47503E-04 1.25803E-03
 4.53870E-02 4.81958E-04 5.82339E-02 6.55810E-04 1.94728E-01 8.67775E-02 9.88370E-04 1.50413E-01 4.54456E-02 4.82619E-04 2.16492E-03
 4.11737E-02 3.73062E-04 5.31168E-02 5.11195E-04 1.77254E-01 7.92380E-02 7.71418E-04 1.37510E-01 4.12990E-02 3.74272E-04 3.91556E-03
 3.73437E-02 2.97509E-04 4.84251E-02 4.09952E-04 1.61327E-01 7.23126E-02 6.19272E-04 1.25663E-01 3.76588E-02 3.00192E-04 7.40381E-03
 3.38557E-02 2.42082E-04 4.41203E-02 3.35208E-04 1.46771E-01 6.59484E-02 5.06815E-04 1.14767E-01 3.47921E-02 2.49250E-04 1.43568E-02
 3.06742E-02 1.99267E-04 4.01670E-02 2.77143E-04 1.33442E-01 6.00956E-02 4.19360E-04 1.04732E-01 3.36577E-02 2.20040E-04 2.71645E-02
 2.77716E-02 1.64945E-04 3.65371E-02 2.30324E-04 1.21232E-01 5.47145E-02 3.48766E-04 9.54897E-02 3.59381E-02 2.16931E-04 4.56714E-02
 2.51243E-02 1.36827E-04 3.32061E-02 1.91761E-04 1.10049E-01 4.97702E-02 2.90564E-04 8.69826E-02 4.05619E-02 2.26871E-04 6.21165E-02
 2.27113E-02 1.13542E-04 3.01520E-02 1.59677E-04 9.98131E-02 4.52315E-02 2.42099E-04 7.91584E-02 4.26933E-02 2.20414E-04 6.85378E-02
 2.05137E-02 9.41747E-05 2.73544E-02 1.32879E-04 9.04513E-02 4.10693E-02 2.01586E-04 7.19694E-02 4.11898E-02 1.95592E-04 6.68014E-02
 1.85140E-02 7.80445E-05 2.47944E-02 1.10473E-04 8.18968E-02 3.72563E-02 1.67690E-04 6.53713E-02 3.80319E-02 1.65836E-04 6.18537E-02
 1.66960E-02 6.46123E-05 2.24543E-02 9.17457E-05 7.40877E-02 3.37669E-02 1.39341E-04 5.93221E-02 3.45710E-02 1.38327E-04 5.62960E-02
 1.50446E-02 5.34352E-05 2.03173E-02 7.61071E-05 6.69659E-02 3.05771E-02 1.15652E-04 5.37824E-02 3.12691E-02 1.14763E-04 5.09642E-02
 1.35460E-02 4.41439E-05 1.83679E-02 6.30620E-05 6.04774E-02 2.76642E-02 9.58788E-05 4.87150E-02 2.82311E-02 9.50088E-05 4.60489E-02
 1.21892E-02 3.64363E-05 1.65938E-02 5.22036E-05 5.45801E-02 2.50107E-02 7.94103E-05 4.40912E-02 2.54662E-02 7.85665E-05 4.15697E-02
 1.09607E-02 3.00446E-05 1.49795E-02 4.31694E-05 4.92204E-02 2.25938E-02 6.57007E-05 3.98729E-02 2.29543E-02 6.49006E-05 3.74960E-02
 1.08033E-01 2.03588E-02 1.26512E-01 2.42438E-02 4.55413E-01 1.84930E-01 3.55696E-02 3.26635E-01 1.08034E-01 2.03590E-02 6.50219E-05
 9.77508E-02 1.36250E-02 1.16475E-01 1.65291E-02 4.09889E-01 1.70910E-01 2.43482E-02 2.98189E-01 9.77525E-02 1.36252E-02 7.80745E-05
 8.81333E-02 8.98790E-03 1.06735E-01 1.11028E-02 3.67897E-01 1.57169E-01 1.64175E-02 2.71189E-01 8.81354E-02 8.98811E-03 9.57328E-05
 7.92898E-02 5.86778E-03 9.74651E-02 7.37631E-03 3.29882E-01 1.43971E-01 1.09466E-02 2.46086E-01 7.92924E-02 5.86798E-03 1.20319E-04
 7.13020E-02 3.81226E-03 8.88197E-02 4.87338E-03 2.96038E-01 1.31564E-01 7.25676E-03 2.23184E-01 7.13054E-02 3.81246E-03 1.55604E-04
 6.41973E-02 2.48204E-03 8.09014E-02 3.22421E-03 2.66324E-01 1.20120E-01 4.81632E-03 2.02621E-01 6.42020E-02 2.48223E-03 2.07877E-04
 5.79070E-02 1.63169E-03 7.37074E-02 2.15255E-03 2.40304E-01 1.09660E-01 3.22514E-03 1.84259E-01 5.79137E-02 1.63188E-03 2.87710E-04
 5.35264E-02 1.19349E-03 6.85958E-02 1.59273E-03 2.22331E-01 1.02194E-01 2.39165E-03 1.71381E-01 5.35354E-02 1.19370E-03 3.79579E-04
 5.23545E-02 1.09375E-03 6.72135E-02 1.46440E-03 2.17535E-01 1.00170E-01 2.20030E-03 1.67915E-01 5.23643E-02 1.09396E-03 4.13697E-04
 4.71317E-02 7.36720E-04 6.09830E-02 1.00103E-03 1.96228E-01 9.10257E-02 1.50826E-03 1.52392E-01 4.71474E-02 7.36978E-04 6.41039E-04
 4.24896E-02 5.17733E-04 5.53516E-02 7.12394E-04 1.77363E-01 8.27303E-02 1.07586E-03 1.38471E-01 4.25166E-02 5.18080E-04 1.04292E-03
 3.83360E-02 3.80815E-04 5.02443E-02 5.29185E-04 1.60506E-01 7.51855E-02 8.00613E-04 1.25903E-01 3.83866E-02 3.81349E-04 1.78449E-03
 3.46007E-02 2.91894E-04 4.56015E-02 4.08636E-04 1.45340E-01 6.83115E-02 6.19059E-04 1.14498E-01 3.47084E-02 2.92862E-04 3.21071E-03
 3.12319E-02 2.31058E-04 4.13770E-02 3.25334E-04 1.31634E-01 6.20454E-02 4.93370E-04 1.04117E-01 3.15017E-02 2.33191E-04 6.04159E-03
 2.81849E-02 1.86951E-04 3.75266E-02 2.64508E-04 1.19197E-01 5.63253E-02 4.01473E-04 9.46381E-02 2.89835E-02 1.92622E-04 1.16616E-02
 2.54223E-02 1.53195E-04 3.40117E-02 2.17678E-04 1.07880E-01 5.10963E-02 3.30643E-04 8.59639E-02 2.79570E-02 1.69561E-04 2.19685E-02
 2.29159E-02 1.26322E-04 3.08023E-02 1.80181E-04 9.75725E-02 4.63157E-02 2.73871E-04 7.80222E-02 2.98255E-02 1.67126E-04 3.67807E-02
 2.06420E-02 1.04419E-04 2.78727E-02 1.49462E-04 8.81826E-02 4.19465E-02 2.27318E-04 7.07526E-02 3.36485E-02 1.74842E-04 4.98181E-02
 1.85800E-02 8.63565E-05 2.52004E-02 1.24014E-04 7.96325E-02 3.79566E-02 1.88723E-04 6.41024E-02 3.53433E-02 1.69644E-04 5.47378E-02
 1.67114E-02 7.13864E-05 2.27649E-02 1.02840E-04 7.18524E-02 3.43160E-02 1.56585E-04 5.80241E-02 3.39829E-02 1.50145E-04 5.31244E-02
 1.50192E-02 5.89608E-05 2.05471E-02 8.51988E-05 6.47786E-02 3.09974E-02 1.29794E-04 5.24739E-02 3.12539E-02 1.26896E-04 4.89801E-02
 1.34881E-02 4.86481E-05 1.85297E-02 7.05064E-05 5.83528E-02 2.79753E-02 1.07466E-04 4.74113E-02 2.82935E-02 1.05487E-04 4.43898E-02
 1.21040E-02 4.00956E-05 1.66961E-02 5.82803E-05 5.25209E-02 2.52260E-02 8.88757E-05 4.27982E-02 2.54857E-02 8.72137E-05 4.00160E-02
 1.08537E-02 3.30102E-05 1.50314E-02 4.81181E-05 4.72330E-02 2.27273E-02 7.34146E-05 3.85992E-02 2.29151E-02 7.19488E-05 3.60047E-02
 9.72696E-03 2.71528E-05 1.35236E-02 3.96900E-05 4.24500E-02 2.04620E-02 6.05844E-05 3.47867E-02 2.05866E-02 5.92880E-05 3.23672E-02
 8.71144E-03 2.23122E-05 1.21579E-02 3.27033E-05 3.81234E-02 1.84083E-02 4.99427E-05 3.13254E-02 1.84808E-02 4.88024E-05 2.90746E-02
 1.00557E-01 1.93107E-02 1.19224E-01 2.32688E-02 4.18540E-01 1.74754E-01 3.42266E-02 3.03142E-01 1.00558E-01 1.93110E-02 5.97573E-05
 8.94721E-02 1.26043E-02 1.08144E-01 1.55004E-02 3.69811E-01 1.59177E-01 2.28986E-02 2.72052E-01 8.94736E-02 1.26045E-02 7.04407E-05
 7.94133E-02 8.11450E-03 9.77373E-02 1.01785E-02 3.26229E-01 1.44411E-01 1.50984E-02 2.43484E-01 7.94151E-02 8.11470E-03 8.48902E-05
 7.04375E-02 5.17651E-03 8.81315E-02 6.61725E-03 2.87960E-01 1.30663E-01 9.85345E-03 2.17732E-01 7.04399E-02 5.17669E-03 1.05028E-04
 6.25455E-02 3.29109E-03 7.94117E-02 4.28321E-03 2.54823E-01 1.18087E-01 6.40063E-03 1.94888E-01 6.25486E-02 3.29126E-03 1.33940E-04
 5.56924E-02 2.10010E-03 7.16126E-02 2.77987E-03 2.26450E-01 1.06760E-01 4.16777E-03 1.74891E-01 5.56966E-02 2.10026E-03 1.76755E-04
 4.97602E-02 1.35528E-03 6.46792E-02 1.82301E-03 2.02200E-01 9.66296E-02 2.74153E-03 1.57457E-01 4.97661E-02 1.35544E-03 2.42090E-04
 4.57003E-02 9.78142E-04 5.98344E-02 1.33148E-03 1.85765E-01 8.95182E-02 2.00680E-03 1.45459E-01 4.57081E-02 9.78317E-04 3.17153E-04
 4.46245E-02 8.93061E-04 5.85362E-02 1.21974E-03 1.81424E-01 8.76081E-02 1.83954E-03 1.42263E-01 4.46330E-02 8.93239E-04 3.45026E-04
 3.98757E-02 5.91464E-04 5.27388E-02 8.20193E-04 1.62353E-01 7.90569E-02 1.24041E-03 1.28104E-01 3.98893E-02 5.91675E-04 5.30377E-04
 3.57172E-02 4.09483E-04 4.75730E-02 5.75301E-04 1.45747E-01 7.14093E-02 8.72104E-04 1.15617E-01 3.57403E-02 4.09763E-04 8.57017E-04
 3.20422E-02 2.97445E-04 4.29430E-02 4.22218E-04 1.31109E-01 6.45353E-02 6.41216E-04 1.04495E-01 3.20855E-02 2.97872E-04 1.45768E-03
 2.87696E-02 2.25763E-04 3.87741E-02 3.22946E-04 1.18081E-01 5.83319E-02 4.91118E-04 9.45113E-02 2.88613E-02 2.26530E-04 2.60863E-03
 2.58422E-02 1.77384E-04 3.50109E-02 2.55228E-04 1.06411E-01 5.27220E-02 3.88532E-04 8.55042E-02 2.60710E-02 1.79061E-04 4.88433E-03
 2.32127E-02 1.42707E-04 3.16043E-02 2.06312E-04 9.58986E-02 4.76359E-02 3.14328E-04 7.73414E-02 2.38871E-02 1.47141E-04 9.38383E-03
 2.08430E-02 1.16406E-04 2.85134E-02 1.68982E-04 8.63932E-02 4.30150E-02 2.57635E-04 6.99202E-02 2.29750E-02 1.29149E-04 1.75992E-02
 1.87051E-02 9.56109E-05 2.57070E-02 1.39299E-04 7.77851E-02 3.88141E-02 2.12512E-04 6.31660E-02 2.44926E-02 1.27260E-04 2.93404E-02
 1.67756E-02 7.87492E-05 2.31589E-02 1.15112E-04 6.99860E-02 3.49956E-02 1.75713E-04 5.70180E-02 2.76230E-02 1.33168E-04 3.95742E-02
 1.50348E-02 6.49009E-05 2.08466E-02 9.51640E-05 6.29212E-02 3.15266E-02 1.45339E-04 5.14241E-02 2.89543E-02 1.29026E-04 4.32975E-02
 1.34650E-02 5.34657E-05 1.87498E-02 7.86296E-05 5.65251E-02 2.83775E-02 1.20148E-04 4.63382E-02 2.77438E-02 1.13883E-04 4.18400E-02
 1.20503E-02 4.40073E-05 1.68500E-02 6.49057E-05 5.07388E-02 2.55213E-02 9.92255E-05 4.17183E-02 2.54135E-02 9.59313E-05 3.84089E-02
 1.07764E-02 3.61842E-05 1.51301E-02 5.35172E-05 4.55083E-02 2.29331E-02 8.18538E-05 3.75257E-02 2.29102E-02 7.94673E-05 3.46589E-02
 9.63016E-03 2.97187E-05 1.35746E-02 4.40750E-05 4.07843E-02 2.05901E-02 6.74431E-05 3.37246E-02 2.05499E-02 6.54663E-05 3.11096E-02
 8.59958E-03 2.43809E-05 1.21691E-02 3.62555E-05 3.65215E-02 1.84709E-02 5.55027E-05 3.02820E-02 1.83997E-02 5.38128E-05 2.78714E-02
 7.67519E-03 1.99840E-05 1.09022E-02 2.97947E-05 3.26843E-02 1.65589E-02 4.56318E-05 2.71720E-02 1.64612E-02 4.41829E-05 2.49494E-02
 6.84581E-03 1.63633E-05 9.76004E-03 2.44588E-05 2.92295E-02 1.48338E-02 3.74756E-05 2.43622E-02 1.47163E-02 3.62365E-05 2.23169E-02
 9.35351E-02 1.82808E-02 1.12349E-01 2.23030E-02 3.85012E-01 1.65144E-01 3.28929E-02 2.81727E-01 9.35363E-02 1.82810E-02 5.49704E-05
 8.16976E-02 1.16132E-02 1.00245E-01 1.44881E-02 3.33420E-01 1.48022E-01 2.14671E-02 2.48164E-01 8.16990E-02 1.16134E-02 6.35090E-05
 7.12730E-02 7.28216E-03 8.92192E-02 9.28284E-03 2.88650E-01 1.32289E-01 1.38149E-02 2.18246E-01 7.12747E-02 7.28234E-03 7.51113E-05
 6.22247E-02 4.53031E-03 7.93232E-02 5.89427E-03 2.50408E-01 1.18051E-01 8.80760E-03 1.92021E-01 6.22269E-02 4.53047E-03 9.13321E-05
 5.44822E-02 2.81381E-03 7.05772E-02 3.73166E-03 2.18197E-01 1.05371E-01 5.59678E-03 1.69386E-01 5.44850E-02 2.81396E-03 1.14689E-04
 4.79225E-02 1.75755E-03 6.29411E-02 2.37269E-03 1.91308E-01 9.42235E-02 3.57060E-03 1.50066E-01 4.79262E-02 1.75769E-03 1.49325E-04
 4.23708E-02 1.11237E-03 5.62996E-02 1.52688E-03 1.68864E-01 8.44696E-02 2.30486E-03 1.33617E-01 4.23759E-02 1.11251E-03 2.02177E-04
 3.86411E-02 7.91834E-04 5.17407E-02 1.10021E-03 1.53953E-01 7.77434E-02 1.66450E-03 1.22518E-01 3.86479E-02 7.91978E-04 2.62841E-04
 3.76625E-02 7.20205E-04 5.05308E-02 1.00411E-03 1.50056E-01 7.59540E-02 1.52004E-03 1.19592E-01 3.76699E-02 7.20352E-04 2.85371E-04
 3.33870E-02 4.68902E-04 4.51810E-02 6.63927E-04 1.33129E-01 6.80224E-02 1.00785E-03 1.06779E-01 3.33987E-02 4.69073E-04 4.34913E-04
 2.97023E-02 3.19814E-04 4.04867E-02 4.58900E-04 1.18648E-01 6.10371E-02 6.98247E-04 9.56744E-02 2.97220E-02 3.20037E-04 6.97683E-04
 2.64876E-02 2.29426E-04 3.63317E-02 3.32696E-04 1.06065E-01 5.48365E-02 5.07148E-04 8.59243E-02 2.65243E-02 2.29762E-04 1.17927E-03
 2.36548E-02 1.72436E-04 3.26285E-02 2.52029E-04 9.49918E-02 4.92977E-02 3.84700E-04 7.72724E-02 2.37321E-02 1.73035E-04 2.09864E-03
 2.11421E-02 1.34477E-04 2.93134E-02 1.97702E-04 8.51633E-02 4.43307E-02 3.02075E-04 6.95392E-02 2.13341E-02 1.35778E-04 3.90940E-03
 1.89012E-02 1.07567E-04 2.63338E-02 1.58873E-04 7.63766E-02 3.98595E-02 2.42937E-04 6.25848E-02 1.94647E-02 1.10990E-04 7.47495E-03
 1.68940E-02 8.73364E-05 2.36469E-02 1.29497E-04 6.84825E-02 3.58227E-02 1.98147E-04 5.63043E-02 1.86681E-02 9.71304E-05 1.39558E-02
 1.50932E-02 7.14475E-05 2.12213E-02 1.06299E-04 6.13748E-02 3.21740E-02 1.62744E-04 5.06229E-02 1.98883E-02 9.56744E-05 2.31656E-02
 1.34765E-02 5.86298E-05 1.90309E-02 8.74986E-05 5.49701E-02 2.88755E-02 1.34030E-04 4.54807E-02 2.24239E-02 1.00127E-04 3.11124E-02
 1.20253E-02 4.81470E-05 1.70536E-02 7.20618E-05 4.91987E-02 2.58948E-02 1.10437E-04 4.08275E-02 2.34550E-02 9.68611E-05 3.38921E-02
 1.07230E-02 3.95233E-05 1.52697E-02 5.93182E-05 4.40002E-02 2.32029E-02 9.09484E-05 3.66194E-02 2.23951E-02 8.52471E-05 3.26070E-02
 9.55519E-03 3.24159E-05 1.36615E-02 4.87812E-05 3.93208E-02 2.07738E-02 7.48258E-05 3.28169E-02 2.04298E-02 7.15633E-05 2.98006E-02
 8.50858E-03 2.65582E-05 1.22129E-02 4.00703E-05 3.51119E-02 1.85837E-02 6.14904E-05 2.93840E-02 1.83386E-02 5.90666E-05 2.67724E-02
 7.57127E-03 2.17342E-05 1.09091E-02 3.28754E-05 3.13291E-02 1.66109E-02 5.04705E-05 2.62877E-02 1.63785E-02 4.84800E-05 2.39252E-02
 6.73247E-03 1.77659E-05 9.73673E-03 2.69398E-05 2.79322E-02 1.48353E-02 4.13748E-05 2.34975E-02 1.46017E-02 3.97016E-05 2.13411E-02
 5.98362E-03 1.45091E-05 8.68513E-03 2.20544E-05 2.48892E-02 1.32414E-02 3.38852E-05 2.09897E-02 1.30077E-02 3.24750E-05 1.90209E-02
 5.31483E-03 1.18370E-05 7.74167E-03 1.80353E-05 2.21627E-02 1.18101E-02 2.77208E-05 1.87354E-02 1.15795E-02 2.65343E-05 1.69406E-02
 8.69531E-02 1.72729E-02 1.05873E-01 2.13491E-02 3.54513E-01 1.56077E-01 3.15722E-02 2.62185E-01 8.69542E-02 1.72731E-02 5.06159E-05
 7.44399E-02 1.06587E-02 9.27888E-02 1.34985E-02 3.00470E-01 1.37462E-01 2.00623E-02 2.26363E-01 7.44412E-02 1.06589E-02 5.72328E-05
 6.37225E-02 6.49591E-03 8.11950E-02 8.42135E-03 2.54859E-01 1.20826E-01 1.25749E-02 1.95297E-01 6.37240E-02 6.49608E-03 6.63184E-05
 5.46697E-02 3.93267E-03 7.10655E-02 5.21182E-03 2.16939E-01 1.06172E-01 7.81569E-03 1.68787E-01 5.46717E-02 3.93282E-03 7.91248E-05
 4.71273E-02 2.38171E-03 6.23428E-02 3.22117E-03 1.85843E-01 9.34572E-02 4.84910E-03 1.46502E-01 4.71297E-02 2.38183E-03 9.76834E-05
 4.08957E-02 1.45393E-03 5.49108E-02 2.00331E-03 1.60542E-01 8.25497E-02 3.02616E-03 1.27959E-01 4.08989E-02 1.45405E-03 1.25311E-04
 3.57423E-02 9.01495E-04 4.85906E-02 1.26354E-03 1.39923E-01 7.32183E-02 1.91460E-03 1.12542E-01 3.57467E-02 9.01609E-04 1.67527E-04
 3.23456E-02 6.32567E-04 4.43317E-02 8.97634E-04 1.26498E-01 6.69013E-02 1.36315E-03 1.02346E-01 3.23513E-02 6.32685E-04 2.15968E-04
 3.14634E-02 5.73089E-04 4.32126E-02 8.16036E-04 1.23027E-01 6.52375E-02 1.23998E-03 9.96880E-02 3.14697E-02 5.73208E-04 2.33969E-04
 2.76517E-02 3.66684E-04 3.83176E-02 5.30297E-04 1.08134E-01 5.79419E-02 8.07983E-04 8.81860E-02 2.76616E-02 3.66821E-04 3.53259E-04
 2.44222E-02 2.46370E-04 3.40928E-02 3.61090E-04 9.56260E-02 5.16222E-02 5.51432E-04 7.84010E-02 2.44388E-02 2.46546E-04 5.62312E-04
 2.16429E-02 1.74552E-04 3.04033E-02 2.58562E-04 8.49197E-02 4.60875E-02 3.95569E-04 6.99387E-02 2.16736E-02 1.74813E-04 9.44190E-04
 1.92208E-02 1.29915E-04 2.71505E-02 1.93964E-04 7.56111E-02 4.11974E-02 2.97132E-04 6.25203E-02 1.92852E-02 1.30377E-04 1.67054E-03
 1.70913E-02 1.00563E-04 2.42644E-02 1.51007E-04 6.74273E-02 3.68509E-02 2.31547E-04 5.59541E-02 1.72505E-02 1.01558E-04 3.09552E-03
 1.52060E-02 7.99739E-05 2.16894E-02 1.20624E-04 6.01679E-02 3.29675E-02 1.85095E-04 5.00967E-02 1.56715E-02 8.25789E-05 5.88970E-03
 1.35278E-02 6.46270E-05 1.93823E-02 9.78329E-05 5.36887E-02 2.94838E-02 1.50213E-04 4.48432E-02 1.49868E-02 7.20468E-05 1.09451E-02
 1.20308E-02 5.26527E-05 1.73116E-02 7.99578E-05 4.78895E-02 2.63537E-02 1.22831E-04 4.01201E-02 1.59565E-02 7.09307E-05 1.80876E-02
 1.06938E-02 4.30423E-05 1.54521E-02 6.55495E-05 4.26925E-02 2.35399E-02 1.00744E-04 3.58700E-02 1.79854E-02 7.42253E-05 2.41863E-02
 9.49977E-03 3.52161E-05 1.37823E-02 5.37731E-05 3.80340E-02 2.10108E-02 8.26798E-05 3.20455E-02 1.87712E-02 7.16781E-05 2.62301E-02
 8.43361E-03 2.88026E-05 1.22837E-02 4.40915E-05 3.38596E-02 1.87389E-02 6.78215E-05 2.86056E-02 1.78576E-02 6.28922E-05 2.51215E-02
 7.48213E-03 2.35363E-05 1.09396E-02 3.61181E-05 3.01210E-02 1.66993E-02 5.55788E-05 2.55138E-02 1.62216E-02 5.26081E-05 2.28553E-02
 6.63352E-03 1.92119E-05 9.73499E-03 2.95524E-05 2.67752E-02 1.48699E-02 4.54928E-05 2.27373E-02 1.44972E-02 4.32580E-05 2.04398E-02
 5.87715E-03 1.56638E-05 8.65627E-03 2.41507E-05 2.37831E-02 1.32303E-02 3.71914E-05 2.02460E-02 1.28903E-02 3.53687E-05 1.81836E-02
 5.20348E-03 1.27559E-05 7.69110E-03 1.97119E-05 2.11093E-02 1.17621E-02 3.03669E-05 1.80127E-02 1.14411E-02 2.88524E-05 1.61469E-02
 4.60489E-03 1.03784E-05 6.82967E-03 1.60734E-05 1.87261E-02 1.04508E-02 2.47704E-05 1.60159E-02 1.01473E-02 2.35091E-05 1.43272E-02
 4.07278E-03 8.43514E-06 6.06060E-03 1.30920E-05 1.66010E-02 9.27909E-03 2.01828E-05 1.42300E-02 8.99371E-03 1.91339E-05 1.27037E-02
 8.08048E-02 1.62919E-02 9.97844E-02 2.04104E-02 3.26796E-01 1.47539E-01 3.02684E-02 2.44346E-01 8.08058E-02 1.62921E-02 4.66585E-05
 6.76977E-02 9.74606E-03 8.57731E-02 1.25367E-02 2.70691E-01 1.27492E-01 1.86911E-02 2.06476E-01 6.76990E-02 9.74624E-03 5.15606E-05
 5.67629E-02 5.75969E-03 7.36712E-02 7.59873E-03 2.24566E-01 1.10031E-01 1.13852E-02 1.74466E-01 5.67643E-02 5.75983E-03 5.84359E-05
 4.77772E-02 3.38581E-03 6.33728E-02 4.57342E-03 1.87254E-01 9.50503E-02 6.88315E-03 1.47862E-01 4.77789E-02 3.38594E-03 6.82976E-05
 4.04793E-02 1.99499E-03 5.47221E-02 2.75335E-03 1.57426E-01 8.23711E-02 4.16040E-03 1.26056E-01 4.04815E-02 1.99510E-03 8.27468E-05
 3.46033E-02 1.18810E-03 4.75325E-02 1.67178E-03 1.33783E-01 7.17612E-02 2.53496E-03 1.08371E-01 3.46061E-02 1.18820E-03 1.04424E-04
 2.98593E-02 7.20714E-04 4.15594E-02 1.03197E-03 1.14985E-01 6.28941E-02 1.56963E-03 9.40254E-02 2.98631E-02 7.20807E-04 1.37670E-04
 2.67935E-02 4.98141E-04 3.76109E-02 7.22187E-04 1.02994E-01 5.70059E-02 1.10082E-03 8.47308E-02 2.67984E-02 4.98236E-04 1.75842E-04
 2.60054E-02 4.49463E-04 3.65839E-02 6.53854E-04 9.99273E-02 5.54708E-02 9.97251E-04 8.23336E-02 2.60108E-02 4.49559E-04 1.90040E-04
 2.26409E-02 2.82493E-04 3.21442E-02 4.17324E-04 8.69384E-02 4.88185E-02 6.38164E-04 7.20959E-02 2.26492E-02 2.82601E-04 2.84018E-04
 1.98415E-02 1.86948E-04 2.83800E-02 2.79839E-04 7.62408E-02 4.31580E-02 4.28870E-04 6.35561E-02 1.98553E-02 1.87085E-04 4.48326E-04
 1.74673E-02 1.30815E-04 2.51400E-02 1.97875E-04 6.72295E-02 3.82725E-02 3.03780E-04 5.62892E-02 1.74927E-02 1.31015E-04 7.47516E-04
 1.54225E-02 9.64161E-05 2.23169E-02 1.46974E-04 5.94935E-02 3.40064E-02 2.25921E-04 5.00007E-02 1.54754E-02 9.67661E-05 1.31450E-03
 1.36414E-02 7.40755E-05 1.98355E-02 1.13548E-04 5.27605E-02 3.02504E-02 1.74697E-04 4.44920E-02 1.37718E-02 7.48252E-05 2.42240E-03
 1.20764E-02 5.85658E-05 1.76386E-02 9.01498E-05 4.68364E-02 2.69207E-02 1.38792E-04 3.96193E-02 1.24560E-02 6.05170E-05 4.58558E-03
 1.06923E-02 4.70998E-05 1.56834E-02 7.27451E-05 4.15849E-02 2.39539E-02 1.12057E-04 3.52800E-02 1.18767E-02 5.26314E-05 8.48082E-03
 9.46458E-03 3.82110E-05 1.39391E-02 5.91864E-05 3.69129E-02 2.13045E-02 9.12127E-05 3.14036E-02 1.26367E-02 5.17790E-05 1.39511E-02
 8.37410E-03 3.11135E-05 1.23815E-02 4.83169E-05 3.27494E-02 1.89364E-02 7.44922E-05 2.79361E-02 1.42378E-02 5.41650E-05 1.85709E-02
 7.40513E-03 2.53587E-05 1.09905E-02 3.94745E-05 2.90375E-02 1.68197E-02 6.08826E-05 2.48335E-02 1.48251E-02 5.22023E-05 2.00479E-02
 6.54428E-03 2.06614E-05 9.74872E-03 3.22361E-05 2.57286E-02 1.49284E-02 4.97366E-05 2.20584E-02 1.40501E-02 4.56560E-05 1.91112E-02
 5.77982E-03 1.68193E-05 8.64078E-03 2.62995E-05 2.27806E-02 1.32397E-02 4.05912E-05 1.95778E-02 1.27071E-02 3.80474E-05 1.73058E-02
 5.10133E-03 1.36763E-05 7.65298E-03 2.14310E-05 2.01557E-02 1.17329E-02 3.30882E-05 1.73622E-02 1.13046E-02 3.11624E-05 1.54045E-02
 4.49951E-03 1.11074E-05 6.77296E-03 1.74420E-05 1.78202E-02 1.03896E-02 2.69383E-05 1.53849E-02 1.00055E-02 2.53774E-05 1.36403E-02
 3.96606E-03 9.01022E-06 5.98958E-03 1.41777E-05 1.57437E-02 9.19283E-03 2.19038E-05 1.36218E-02 8.84002E-03 2.06185E-05 1.20563E-02
 3.49435E-03 7.30228E-06 5.29399E-03 1.15131E-05 1.39021E-02 8.12947E-03 1.77926E-05 1.20537E-02 7.80474E-03 1.67324E-05 1.06484E-02
 3.07702E-03 5.91176E-06 4.67611E-03 9.33880E-06 1.22682E-02 7.18428E-03 1.44368E-05 1.06586E-02 6.88617E-03 1.35633E-05 9.39853E-03
 7.50622E-02 1.53389E-02 9.40530E-02 1.94868E-02 3.01548E-01 1.39484E-01 2.89808E-02 2.28007E-01 7.50632E-02 1.53391E-02 4.30538E-05
 6.14432E-02 8.87678E-03 7.91732E-02 1.16041E-02 2.43739E-01 1.18081E-01 1.73557E-02 1.88292E-01 6.14444E-02 8.87694E-03 4.64268E-05
 5.03777E-02 5.07517E-03 6.66363E-02 6.81753E-03 1.97451E-01 9.98917E-02 1.02499E-02 1.55556E-01 5.03790E-02 5.07531E-03 5.13799E-05
 4.15194E-02 2.88934E-03 5.62297E-02 3.98012E-03 1.60967E-01 8.46691E-02 6.01201E-03 1.29027E-01 4.15209E-02 2.88945E-03 5.87099E-05
 3.45133E-02 1.65237E-03 4.77062E-02 2.32829E-03 1.32565E-01 7.21060E-02 3.53131E-03 1.07836E-01 3.45151E-02 1.65247E-03 6.96793E-05
 2.90145E-02 9.57923E-04 4.07950E-02 1.37707E-03 1.10626E-01 6.18500E-02 2.09598E-03 9.10832E-02 2.90169E-02 9.58004E-04 8.63489E-05
 2.46838E-02 5.67533E-04 3.51901E-02 8.30420E-04 9.36191E-02 5.34833E-02 1.26781E-03 7.78316E-02 2.46870E-02 5.67608E-04 1.12089E-04
 2.19426E-02 3.86026E-04 3.15596E-02 5.71861E-04 8.30025E-02 4.80398E-02 8.74891E-04 6.94294E-02 2.19467E-02 3.86101E-04 1.41710E-04
 2.12456E-02 3.46811E-04 3.06255E-02 5.15508E-04 8.03177E-02 4.66360E-02 7.89124E-04 6.72873E-02 2.12501E-02 3.46887E-04 1.52747E-04
 1.83068E-02 2.13968E-04 2.66366E-02 3.22860E-04 6.90955E-02 4.06271E-02 4.95458E-04 5.82589E-02 1.83136E-02 2.14051E-04 2.25728E-04
 1.59081E-02 1.39430E-04 2.33190E-02 2.13094E-04 6.00432E-02 3.56122E-02 3.27694E-04 5.08848E-02 1.59195E-02 1.39534E-04 3.53082E-04
 1.39058E-02 9.63529E-05 2.05083E-02 1.48754E-04 5.25468E-02 3.13520E-02 2.29125E-04 4.47177E-02 1.39266E-02 9.65036E-05 5.84275E-04
 1.22027E-02 7.03239E-05 1.80899E-02 1.09378E-04 4.61983E-02 2.76791E-02 1.68674E-04 3.94545E-02 1.22457E-02 7.05846E-05 1.02079E-03
 1.07340E-02 5.36238E-05 1.59857E-02 8.38432E-05 4.07318E-02 2.44782E-02 1.29404E-04 3.48948E-02 1.08393E-02 5.41782E-05 1.87029E-03
 9.45356E-03 4.21453E-05 1.41381E-02 6.61514E-05 3.59629E-02 2.16642E-02 1.02161E-04 3.08972E-02 9.75860E-03 4.35800E-05 3.52165E-03
 8.32868E-03 3.37272E-05 1.25051E-02 5.31003E-05 3.17655E-02 1.91744E-02 8.20445E-05 2.73637E-02 9.27605E-03 3.77748E-05 6.48067E-03
 7.33683E-03 2.72424E-05 1.10574E-02 4.30011E-05 2.80544E-02 1.69652E-02 6.64672E-05 2.42281E-02 9.86173E-03 3.71260E-05 1.06100E-02
 6.46064E-03 2.20911E-05 9.77225E-03 3.49499E-05 2.47665E-02 1.50024E-02 5.40416E-05 2.14404E-02 1.11047E-02 3.88102E-05 1.40572E-02
 5.68616E-03 1.79329E-05 8.63095E-03 2.84316E-05 2.18512E-02 1.32578E-02 4.39772E-05 1.89607E-02 1.15333E-02 3.73190E-05 1.51029E-02
 5.00161E-03 1.45530E-05 7.61766E-03 2.31196E-05 1.92665E-02 1.17078E-02 3.57719E-05 1.67554E-02 1.08867E-02 3.25264E-05 1.43275E-02
 4.39677E-03 1.17993E-05 6.71849E-03 1.87817E-05 1.69759E-02 1.03313E-02 2.90689E-05 1.47953E-02 9.80107E-03 2.69989E-05 1.29109E-02
 3.86264E-03 9.55588E-06 5.92112E-03 1.52396E-05 1.49470E-02 9.10989E-03 2.35935E-05 1.30543E-02 8.67800E-03 2.20221E-05 1.14367E-02
 3.39121E-03 7.72956E-06 5.21454E-03 1.23498E-05 1.31513E-02 8.02677E-03 1.91251E-05 1.15091E-02 7.64411E-03 1.78589E-05 1.00779E-02
 2.97539E-03 6.24459E-06 4.58887E-03 9.99523E-06 1.15630E-02 7.06707E-03 1.54831E-05 1.01389E-02 6.72147E-03 1.44488E-05 8.86456E-03
 2.60952E-03 5.04025E-06 4.03626E-03 8.08170E-06 1.01617E-02 6.21891E-03 1.25223E-05 8.92696E-03 5.90619E-03 1.16760E-05 7.79189E-03
 2.28740E-03 4.06377E-06 3.54796E-03 6.52713E-06 8.92480E-03 5.46900E-03 1.01162E-05 7.85460E-03 5.18649E-03 9.42448E-06 6.84453E-03
 6.97491E-02 1.44237E-02 8.87025E-02 1.85869E-02 2.78713E-01 1.31946E-01 2.77213E-02 2.13135E-01 6.97501E-02 1.44239E-02 3.97935E-05
 5.57186E-02 8.06169E-03 7.30366E-02 1.07127E-02 2.19601E-01 1.09295E-01 1.60731E-02 1.71815E-01 5.57196E-02 8.06184E-03 4.18291E-05
 4.46000E-02 4.44927E-03 6.01397E-02 6.08708E-03 1.73438E-01 9.04828E-02 9.18302E-03 1.38558E-01 4.46012E-02 4.44939E-03 4.51316E-05
 3.59284E-02 2.44715E-03 4.96917E-02 3.43845E-03 1.37987E-01 7.51150E-02 5.21248E-03 1.12271E-01 3.59297E-02 2.44724E-03 5.03287E-05
 2.92502E-02 1.35501E-03 4.13467E-02 1.94950E-03 1.11118E-01 6.27461E-02 2.96767E-03 9.18110E-02 2.92518E-02 1.35508E-03 5.84063E-05
 2.41412E-02 7.62950E-04 3.47449E-02 1.12049E-03 9.08909E-02 5.28946E-02 1.71174E-03 7.60430E-02 2.41433E-02 7.63016E-04 7.09450E-05
 2.02182E-02 4.40675E-04 2.95221E-02 6.58803E-04 7.56134E-02 4.50554E-02 1.00944E-03 6.38895E-02 2.02209E-02 4.40735E-04 9.05312E-05
 1.77878E-02 2.94665E-04 2.62100E-02 4.45914E-04 6.62855E-02 4.00625E-02 6.84620E-04 5.63536E-02 1.77913E-02 2.94723E-04 1.13170E-04
 1.71768E-02 2.63534E-04 2.53674E-02 4.00120E-04 6.39541E-02 3.87895E-02 6.14643E-04 5.44553E-02 1.71805E-02 2.63592E-04 1.21628E-04
 1.46340E-02 1.59476E-04 2.18163E-02 2.45661E-04 5.43438E-02 3.34122E-02 3.78256E-04 4.65659E-02 1.46397E-02 1.59540E-04 1.77537E-04
 1.26007E-02 1.02299E-04 1.89228E-02 1.59510E-04 4.67576E-02 2.90158E-02 2.46082E-04 4.02621E-02 1.26100E-02 1.02377E-04 2.74960E-04
 1.09317E-02 6.98118E-05 1.65128E-02 1.09899E-04 4.05884E-02 2.53449E-02 1.69800E-04 3.50871E-02 1.09484E-02 6.99232E-05 4.51317E-04
 9.53078E-03 5.04574E-05 1.44674E-02 7.99855E-05 3.54388E-02 2.22232E-02 1.23716E-04 3.07359E-02 9.56522E-03 5.06482E-05 7.83083E-04
 8.33538E-03 3.81863E-05 1.27069E-02 6.08285E-05 3.10548E-02 1.95325E-02 9.41565E-05 2.70103E-02 8.41925E-03 3.85891E-05 1.42608E-03
 7.30190E-03 2.98330E-05 1.11744E-02 4.76889E-05 2.72646E-02 1.71877E-02 7.38576E-05 2.37746E-02 7.54361E-03 3.08693E-05 2.67036E-03
 6.40022E-03 2.37541E-05 9.82994E-03 3.80747E-05 2.39532E-02 1.51285E-02 5.89923E-05 2.09369E-02 7.14715E-03 2.66629E-05 4.88862E-03
 5.60998E-03 1.91002E-05 8.64578E-03 3.06844E-05 2.10444E-02 1.33133E-02 4.75583E-05 1.84358E-02 7.59054E-03 2.61698E-05 7.96395E-03
 4.91580E-03 1.54224E-05 7.60085E-03 2.48255E-05 1.84825E-02 1.17104E-02 3.84892E-05 1.62263E-02 8.53978E-03 2.73273E-05 1.04999E-02
 4.30548E-03 1.24671E-05 6.67826E-03 2.01055E-05 1.62238E-02 1.02942E-02 3.11801E-05 1.42727E-02 8.84448E-03 2.62095E-05 1.12252E-02
 3.76885E-03 1.00752E-05 5.86378E-03 1.62767E-05 1.42323E-02 9.04313E-03 2.52491E-05 1.25456E-02 8.31350E-03 2.27594E-05 1.05955E-02
 3.29714E-03 8.13477E-06 5.14505E-03 1.31641E-05 1.24769E-02 7.93843E-03 2.04260E-05 1.10193E-02 7.44881E-03 1.88134E-05 9.49976E-03
 2.88270E-03 6.56042E-06 4.51122E-03 1.06339E-05 1.09306E-02 6.96361E-03 1.65042E-05 9.67146E-03 6.56280E-03 1.52794E-05 8.37265E-03
 2.51877E-03 5.28418E-06 3.95262E-03 8.57898E-06 9.56929E-03 6.10401E-03 1.33181E-05 8.48201E-03 5.75225E-03 1.23368E-05 7.34085E-03
 2.19939E-03 4.25086E-06 3.46069E-03 6.91215E-06 8.37164E-03 5.34657E-03 1.07330E-05 7.43318E-03 5.03291E-03 9.93720E-06 6.42475E-03
 1.91981E-03 3.41644E-06 3.02859E-03 5.56376E-06 7.32069E-03 4.68089E-03 8.64123E-06 6.51078E-03 4.40068E-03 7.99487E-06 5.61925E-03
 1.67489E-03 2.74279E-06 2.64883E-03 4.47331E-06 6.39792E-03 4.09554E-03 6.94916E-06 5.69916E-03 3.84550E-03 6.42469E-06 4.91164E-03
 6.47830E-02 1.35373E-02 8.36462E-02 1.77007E-02 2.57799E-01 1.24802E-01 2.64753E-02 1.99403E-01 6.47839E-02 1.35375E-02 3.68074E-05
 5.04219E-02 7.29103E-03 6.72617E-02 9.85235E-03 1.97691E-01 1.00992E-01 1.48292E-02 1.56671E-01 5.04229E-02 7.29117E-03 3.76557E-05
 3.93277E-02 3.87378E-03 5.40808E-02 5.39951E-03 1.51933E-01 8.16637E-02 8.17353E-03 1.23091E-01 3.93288E-02 3.87388E-03 3.95355E-05
 3.09023E-02 2.05216E-03 4.36610E-02 2.94194E-03 1.17717E-01 6.62525E-02 4.47565E-03 9.72144E-02 3.09035E-02 2.05224E-03 4.29352E-05
 2.45834E-02 1.09661E-03 3.55439E-02 1.61122E-03 9.24662E-02 5.41540E-02 2.46158E-03 7.75910E-02 2.45848E-02 1.09667E-03 4.86026E-05
 1.98770E-02 5.97918E-04 2.92854E-02 8.97100E-04 7.39681E-02 4.47625E-02 1.37539E-03 6.28681E-02 1.98787E-02 5.97970E-04 5.77360E-05
 1.63557E-02 3.35828E-04 2.44590E-02 5.12863E-04 6.03627E-02 3.74788E-02 7.88581E-04 5.18189E-02 1.63580E-02 3.35874E-04 7.22719E-05
 1.42230E-02 2.20411E-04 2.14666E-02 3.40616E-04 5.22480E-02 3.29437E-02 5.24733E-04 4.51277E-02 1.42258E-02 2.20456E-04 8.92035E-05
 1.36931E-02 1.96160E-04 2.07144E-02 3.04101E-04 5.02446E-02 3.18013E-02 4.68717E-04 4.34632E-02 1.36962E-02 1.96205E-04 9.55553E-05
 1.15189E-02 1.16277E-04 1.75890E-02 1.82751E-04 4.21077E-02 2.70443E-02 2.82290E-04 3.66493E-02 1.15234E-02 1.16324E-04 1.37564E-04
 9.81805E-03 7.33710E-05 1.50986E-02 1.16630E-04 3.58324E-02 2.32419E-02 1.80473E-04 3.13327E-02 9.82542E-03 7.34280E-05 2.10716E-04
 8.44733E-03 4.94293E-05 1.30630E-02 7.92672E-05 3.08280E-02 2.01262E-02 1.22824E-04 2.70548E-02 8.46056E-03 4.95097E-05 3.42795E-04
 7.31348E-03 3.53723E-05 1.13609E-02 5.70863E-05 2.67159E-02 1.75165E-02 8.85411E-05 2.35155E-02 7.34055E-03 3.55086E-05 5.90359E-04
 6.35691E-03 2.65650E-05 9.91330E-03 4.30608E-05 2.32580E-02 1.52939E-02 6.68318E-05 2.05236E-02 6.42245E-03 2.68505E-05 1.06813E-03
 5.53722E-03 2.06263E-05 8.66507E-03 3.35379E-05 2.02972E-02 1.33755E-02 5.20763E-05 1.79514E-02 5.72509E-03 2.13564E-05 1.98830E-03
 4.82731E-03 1.63373E-05 7.57848E-03 2.66266E-05 1.77307E-02 1.17042E-02 4.13593E-05 1.57142E-02 5.40478E-03 1.83757E-05 3.61992E-03
 4.20909E-03 1.30741E-05 6.62802E-03 2.13494E-05 1.54916E-02 1.02412E-02 3.31718E-05 1.37566E-02 5.73201E-03 1.80037E-05 5.86614E-03
 3.66921E-03 1.05088E-05 5.79466E-03 1.71896E-05 1.35318E-02 8.95757E-03 2.67153E-05 1.20387E-02 6.44051E-03 1.87704E-05 7.69405E-03
 3.19720E-03 8.45735E-06 5.06333E-03 1.38556E-05 1.18142E-02 7.83046E-03 2.15389E-05 1.05295E-02 6.64907E-03 1.79489E-05 8.18240E-03
 2.78444E-03 6.80449E-06 4.42152E-03 1.11644E-05 1.03086E-02 6.84075E-03 1.73591E-05 9.20332E-03 6.22156E-03 1.55237E-05 7.68244E-03
 2.42357E-03 5.46955E-06 3.85848E-03 8.98697E-06 8.98902E-03 5.97204E-03 1.39765E-05 8.03852E-03 5.54623E-03 1.27754E-05 6.85129E-03
 2.10821E-03 4.39130E-06 3.36482E-03 7.22536E-06 7.83319E-03 5.20998E-03 1.12392E-05 7.01604E-03 4.86102E-03 1.03281E-05 6.00628E-03
 1.83275E-03 3.52114E-06 2.93226E-03 5.80145E-06 6.82136E-03 4.54192E-03 9.02611E-06 6.11911E-03 4.23829E-03 8.30028E-06 5.23815E-03
 1.59230E-03 2.81977E-06 2.55352E-03 4.65201E-06 5.93616E-03 3.95667E-03 7.23917E-06 5.33290E-03 3.68882E-03 6.65455E-06 4.56020E-03
 1.38293E-03 2.25601E-06 2.22275E-03 3.72668E-06 5.16377E-03 3.44534E-03 5.80033E-06 4.64558E-03 3.20862E-03 5.32882E-06 3.96751E-03
 1.20048E-03 1.80295E-06 1.93370E-03 2.98198E-06 4.48936E-03 2.99830E-03 4.64211E-06 4.04435E-03 2.78927E-03 4.26217E-06 3.44976E-03
 6.01649E-02 1.26846E-02 7.88880E-02 1.68329E-02 2.38701E-01 1.18058E-01 2.52492E-02 1.86756E-01 6.01657E-02 1.26847E-02 3.40807E-05
 4.55680E-02 6.57100E-03 6.18709E-02 9.03092E-03 1.77943E-01 9.32078E-02 1.36356E-02 1.42834E-01 4.55689E-02 6.57113E-03 3.38941E-05
 3.45746E-02 3.35250E-03 4.84894E-02 4.76116E-03 1.32854E-01 7.34822E-02 7.23133E-03 1.09133E-01 3.45756E-02 3.35259E-03 3.45708E-05
 2.64428E-02 1.70524E-03 3.81634E-02 2.49403E-03 1.00020E-01 5.81268E-02 3.80736E-03 8.38151E-02 2.64438E-02 1.70531E-03 3.64808E-05
 2.05076E-02 8.76440E-04 3.03217E-02 1.31473E-03 7.64484E-02 4.63741E-02 2.01562E-03 6.51223E-02 2.05088E-02 8.76492E-04 4.01833E-05
 1.62066E-02 4.61224E-04 2.44337E-02 7.06660E-04 5.96590E-02 3.74904E-02 1.08713E-03 5.14838E-02 1.62080E-02 4.61265E-04 4.65671E-05
 1.30745E-02 2.51183E-04 2.00121E-02 3.91600E-04 4.76472E-02 3.07820E-02 6.04121E-04 4.15285E-02 1.30763E-02 2.51218E-04 5.70479E-05
 1.12214E-02 1.61522E-04 1.73353E-02 2.54698E-04 4.06563E-02 2.67043E-02 3.93627E-04 3.56486E-02 1.12237E-02 1.61556E-04 6.94132E-05
 1.07667E-02 1.42984E-04 1.66708E-02 2.26143E-04 3.89526E-02 2.56900E-02 3.49659E-04 3.42052E-02 1.07691E-02 1.43018E-04 7.40804E-05
 8.92872E-03 8.28891E-05 1.39522E-02 1.32782E-04 3.21407E-02 2.15319E-02 2.05711E-04 2.83904E-02 8.93232E-03 8.29234E-05 1.05003E-04
 7.52455E-03 5.14038E-05 1.18380E-02 8.31993E-05 2.70164E-02 1.82887E-02 1.29099E-04 2.39680E-02 7.53033E-03 5.14445E-05 1.58874E-04
 6.41519E-03 3.41722E-05 1.01450E-02 5.57483E-05 2.30155E-02 1.56857E-02 8.66071E-05 2.04861E-02 6.42547E-03 3.42287E-05 2.55929E-04
 5.51196E-03 2.42072E-05 8.75255E-03 3.97145E-05 1.97835E-02 1.35415E-02 6.17501E-05 1.76557E-02 5.53284E-03 2.43021E-05 4.37186E-04
 4.75933E-03 1.80380E-05 7.58356E-03 2.97067E-05 1.71017E-02 1.17391E-02 4.62158E-05 1.52961E-02 4.80955E-03 1.82352E-05 7.85461E-04
 4.12065E-03 1.39171E-05 6.58590E-03 2.29806E-05 1.48293E-02 1.01996E-02 3.57658E-05 1.32894E-02 4.26376E-03 1.44181E-05 1.45291E-03
 3.57184E-03 1.09631E-05 5.72472E-03 1.81385E-05 1.28761E-02 8.86967E-03 2.82381E-05 1.15595E-02 4.00919E-03 1.23542E-05 2.62968E-03
 3.09715E-03 8.72941E-06 4.97692E-03 1.44661E-05 1.11844E-02 7.71416E-03 2.25262E-05 1.00575E-02 4.24386E-03 1.20762E-05 4.23759E-03
 2.68515E-03 6.98298E-06 4.32564E-03 1.15882E-05 9.71341E-03 6.70724E-03 1.80486E-05 8.74847E-03 4.75971E-03 1.25634E-05 5.52743E-03
 2.32706E-03 5.59329E-06 3.75775E-03 9.29405E-06 8.43227E-03 5.82879E-03 1.44782E-05 7.60604E-03 4.89601E-03 1.19724E-05 5.84559E-03
 2.01571E-03 4.47898E-06 3.26247E-03 7.45158E-06 7.31602E-03 5.06231E-03 1.16101E-05 6.60869E-03 4.55877E-03 1.03098E-05 5.45759E-03
 1.74504E-03 3.58326E-06 2.83064E-03 5.96843E-06 6.34361E-03 4.39373E-03 9.30082E-06 5.73825E-03 4.04201E-03 8.44436E-06 4.83971E-03
 1.50983E-03 2.86320E-06 2.45434E-03 4.77452E-06 5.49689E-03 3.81086E-03 7.44155E-06 4.97896E-03 3.52302E-03 6.79347E-06 4.21891E-03
 1.30553E-03 2.28487E-06 2.12661E-03 3.81435E-06 4.76004E-03 3.30302E-03 5.94601E-06 4.31707E-03 3.05460E-03 5.43278E-06 3.65870E-03
 1.12819E-03 1.82096E-06 1.84138E-03 3.04319E-06 4.11921E-03 2.86085E-03 4.74463E-06 3.74049E-03 2.64381E-03 4.33401E-06 3.16733E-03
 9.74637E-04 1.44989E-06 1.59380E-03 2.42558E-06 3.56337E-03 2.47691E-03 3.78230E-06 3.23958E-03 2.28694E-03 3.45338E-06 2.74034E-03
 8.41577E-04 1.15312E-06 1.37874E-03 1.93108E-06 3.08087E-03 2.14327E-03 3.01165E-06 2.80411E-03 1.97711E-03 2.74840E-06 2.36953E-03
 5.58804E-02 1.18677E-02 7.44110E-02 1.59846E-02 2.21263E-01 1.11689E-01 2.40444E-02 1.75088E-01 5.58812E-02 1.18679E-02 3.15911E-05
 4.11327E-02 5.90177E-03 5.68456E-02 8.24971E-03 1.60151E-01 8.59169E-02 1.24944E-02 1.30183E-01 4.11335E-02 5.90189E-03 3.05052E-05
 3.03036E-02 2.88339E-03 4.33406E-02 4.17192E-03 1.15939E-01 6.59080E-02 6.35703E-03 9.65400E-02 3.03044E-02 2.88347E-03 3.01693E-05
 2.25072E-02 1.40340E-03 3.31731E-02 2.09351E-03 8.46144E-02 5.07080E-02 3.20659E-03 7.19179E-02 2.25081E-02 1.40346E-03 3.08618E-05
 1.69741E-02 6.91129E-04 2.56520E-02 1.05796E-03 6.27605E-02 3.93752E-02 1.62734E-03 5.42402E-02 1.69751E-02 6.91171E-04 3.29886E-05
 1.30754E-02 3.49667E-04 2.01572E-02 5.46676E-04 4.76406E-02 3.10410E-02 8.43733E-04 4.17115E-02 1.30766E-02 3.49699E-04 3.71861E-05
 1.03156E-02 1.83995E-04 1.61455E-02 2.92556E-04 3.71356E-02 2.49231E-02 4.52719E-04 3.28324E-02 1.03171E-02 1.84021E-04 4.44624E-05
 8.72290E-03 1.15661E-04 1.37773E-02 1.85889E-04 3.11773E-02 2.12978E-02 2.88132E-04 2.77246E-02 8.72471E-03 1.15685E-04 5.32298E-05
 8.33707E-03 1.01783E-04 1.31974E-02 1.64040E-04 2.97452E-02 2.04083E-02 2.54374E-04 2.64885E-02 8.33900E-03 1.01807E-04 5.65698E-05
 6.80252E-03 5.75819E-05 1.08636E-02 9.38899E-05 2.41139E-02 1.68224E-02 1.45850E-04 2.15936E-02 6.80532E-03 5.76061E-05 7.87797E-05
 5.65981E-03 3.50521E-05 9.09630E-03 5.76793E-05 1.99901E-02 1.40994E-02 8.97227E-05 1.79724E-02 5.66426E-03 3.50803E-05 1.17556E-04
 4.77640E-03 2.29789E-05 7.71269E-03 3.80736E-05 1.68436E-02 1.19634E-02 5.92855E-05 1.51883E-02 4.78422E-03 2.30175E-05 1.87302E-04
 4.06963E-03 1.61080E-05 6.59545E-03 2.68182E-05 1.43490E-02 1.02361E-02 4.17891E-05 1.29684E-02 4.08538E-03 1.61721E-05 3.17103E-04
 3.48870E-03 1.19063E-05 5.67087E-03 1.98867E-05 1.23091E-02 8.80511E-03 3.10027E-05 1.11457E-02 3.52631E-03 1.20385E-05 5.65385E-04
 3.00093E-03 9.12602E-06 4.89063E-03 1.52760E-05 1.06002E-02 7.59660E-03 2.38224E-05 9.61391E-03 3.10741E-03 9.45952E-06 1.03872E-03
 2.58534E-03 7.14776E-06 4.22325E-03 1.19837E-05 9.14471E-03 6.56228E-03 1.86926E-05 8.30600E-03 2.90874E-03 8.06827E-06 1.86818E-03
 2.22847E-03 5.66128E-06 3.64827E-03 9.50376E-06 7.89377E-03 5.67070E-03 1.48270E-05 7.17957E-03 3.07115E-03 7.86367E-06 2.99239E-03
 1.92077E-03 4.50553E-06 3.15106E-03 7.57203E-06 6.81364E-03 4.89938E-03 1.18152E-05 6.20518E-03 3.43582E-03 8.15812E-06 3.88017E-03
 1.65500E-03 3.59067E-06 2.72044E-03 6.04071E-06 5.87913E-03 4.23108E-03 9.42718E-06 5.36071E-03 3.51944E-03 7.74381E-06 4.07913E-03
 1.42532E-03 2.86083E-06 2.34735E-03 4.81757E-06 5.07013E-03 3.65186E-03 7.51940E-06 4.62849E-03 3.25953E-03 6.63678E-06 3.78556E-03
 1.22685E-03 2.27714E-06 2.02418E-03 3.83823E-06 4.36985E-03 3.14995E-03 5.99163E-06 3.99371E-03 2.87332E-03 5.40834E-06 3.33682E-03
 1.05540E-03 1.81029E-06 1.74438E-03 3.05411E-06 3.76393E-03 2.71523E-03 4.76820E-06 3.44367E-03 2.48958E-03 4.32836E-06 2.89135E-03
 9.07376E-04 1.43725E-06 1.50226E-03 2.42688E-06 3.23994E-03 2.33894E-03 3.78944E-06 2.96734E-03 2.14574E-03 3.44323E-06 2.49241E-03
 7.79639E-04 1.13955E-06 1.29288E-03 1.92584E-06 2.78707E-03 2.01343E-03 3.00745E-06 2.55512E-03 1.84616E-03 2.73232E-06 2.14479E-03
 6.69705E-04 9.02667E-07 1.11231E-03 1.52677E-06 2.39673E-03 1.73262E-03 2.38454E-06 2.19937E-03 1.58754E-03 2.16563E-06 1.84465E-03
 5.75002E-04 7.14208E-07 9.56446E-04 1.20898E-06 2.06000E-03 1.49017E-03 1.88842E-06 1.89210E-03 1.36440E-03 1.71441E-06 1.58562E-03
 5.18956E-02 1.10846E-02 7.01841E-02 1.51541E-02 2.05268E-01 1.05654E-01 2.28586E-02 1.64269E-01 5.18963E-02 1.10848E-02 2.93074E-05
 3.70814E-02 5.28167E-03 5.21581E-02 7.50856E-03 1.44089E-01 7.90834E-02 1.14062E-02 1.18586E-01 3.70821E-02 5.28177E-03 2.74458E-05
 2.64792E-02 2.46410E-03 3.86107E-02 3.63138E-03 1.00959E-01 5.89122E-02 5.55078E-03 8.51827E-02 2.64799E-02 2.46417E-03 2.62713E-05
 1.90538E-02 1.14338E-03 2.86647E-02 1.73879E-03 7.12473E-02 4.39668E-02 2.67173E-03 6.13862E-02 1.90545E-02 1.14343E-03 2.59863E-05
 1.39326E-02 5.37149E-04 2.15051E-02 8.38455E-04 5.11251E-02 3.31232E-02 1.29374E-03 4.47945E-02 1.39335E-02 5.37182E-04 2.68727E-05
 1.04291E-02 2.60077E-04 1.64222E-02 4.14474E-04 3.76221E-02 2.53743E-02 6.41610E-04 3.33884E-02 1.04301E-02 2.60101E-04 2.93661E-05
 8.02113E-03 1.31655E-04 1.28208E-02 2.13224E-04 2.85277E-02 1.98558E-02 3.30887E-04 2.55578E-02 8.02230E-03 1.31675E-04 3.41563E-05
 6.66850E-03 8.06730E-05 1.07519E-02 1.31955E-04 2.35111E-02 1.66738E-02 2.05077E-04 2.11784E-02 6.66990E-03 8.06903E-05 4.01412E-05
 6.34522E-03 7.05224E-05 1.02526E-02 1.15645E-04 2.23229E-02 1.59046E-02 1.79798E-04 2.01347E-02 6.34672E-03 7.05393E-05 4.24541E-05
 5.08147E-03 3.88244E-05 8.27914E-03 6.43294E-05 1.77338E-02 1.28594E-02 1.00170E-04 1.60781E-02 5.08361E-03 3.88411E-05 5.79365E-05
 4.16632E-03 2.31573E-05 6.82767E-03 3.86735E-05 1.44701E-02 1.06142E-02 6.02896E-05 1.31662E-02 4.16966E-03 2.31762E-05 8.50953E-05
 3.47565E-03 1.49559E-05 5.71960E-03 2.51215E-05 1.20422E-02 8.89715E-03 3.91958E-05 1.09853E-02 3.48146E-03 1.49814E-05 1.33912E-04
 2.93375E-03 1.03688E-05 4.84298E-03 1.74856E-05 1.01566E-02 7.53704E-03 2.72976E-05 9.28310E-03 2.94532E-03 1.04106E-05 2.24461E-04
 2.49504E-03 7.59962E-06 4.12910E-03 1.28489E-05 8.63956E-03 6.42841E-03 2.00665E-05 7.90874E-03 2.52247E-03 7.68508E-06 3.96861E-04
 2.13100E-03 5.78483E-06 3.53413E-03 9.79726E-06 7.38456E-03 5.50386E-03 1.53044E-05 6.76876E-03 2.20808E-03 5.99896E-06 7.23717E-04
 1.82372E-03 4.50328E-06 3.03028E-03 7.63620E-06 6.32622E-03 4.72050E-03 1.19307E-05 5.80546E-03 2.05624E-03 5.09062E-06 1.29274E-03
 1.56193E-03 3.54649E-06 2.59985E-03 6.01971E-06 5.42423E-03 4.05104E-03 9.40647E-06 4.98311E-03 2.16376E-03 4.94347E-06 2.05720E-03
 1.33781E-03 2.80693E-06 2.23049E-03 4.76846E-06 4.65126E-03 3.47635E-03 7.45217E-06 4.27734E-03 2.41260E-03 5.11043E-06 2.65049E-03
 1.14552E-03 2.22478E-06 1.91291E-03 3.78245E-06 3.98723E-03 2.98207E-03 5.91189E-06 3.67023E-03 2.45937E-03 4.82899E-06 2.76856E-03
 9.80431E-04 1.76291E-06 1.63969E-03 2.99942E-06 3.41633E-03 2.55671E-03 4.68853E-06 3.14762E-03 2.26439E-03 4.11708E-06 2.55276E-03
 8.38687E-04 1.39555E-06 1.40466E-03 2.37607E-06 2.92549E-03 2.19070E-03 3.71452E-06 2.69777E-03 1.98361E-03 3.33656E-06 2.23564E-03
 7.17030E-04 1.10334E-06 1.20257E-03 1.87984E-06 2.50365E-03 1.87590E-03 2.93905E-06 2.31071E-03 1.70774E-03 2.65530E-06 1.92470E-03
 6.12661E-04 8.71131E-07 1.02890E-03 1.48520E-06 2.14129E-03 1.60530E-03 2.32226E-06 1.97788E-03 1.46248E-03 2.10034E-06 1.64847E-03
 5.23170E-04 6.86850E-07 8.79732E-04 1.17177E-06 1.83020E-03 1.37282E-03 1.83235E-06 1.69185E-03 1.25026E-03 1.65720E-06 1.40946E-03
 4.46647E-04 5.41048E-07 7.51973E-04 9.23603E-07 1.56388E-03 1.17366E-03 1.44441E-06 1.44673E-03 1.06830E-03 1.30601E-06 1.20449E-03
 3.81145E-04 4.25701E-07 6.42446E-04 7.27136E-07 1.33566E-03 1.00288E-03 1.13725E-06 1.23648E-03 9.12345E-04 1.02800E-06 1.02879E-03
 4.81961E-02 1.03367E-02 6.61928E-02 1.43426E-02 1.90592E-01 9.99301E-02 2.16934E-02 1.54217E-01 4.81968E-02 1.03368E-02 2.72119E-05
 3.33899E-02 4.70983E-03 4.77908E-02 6.80819E-03 1.29594E-01 7.26850E-02 1.03724E-02 1.07951E-01 3.33905E-02 4.70993E-03 2.46848E-05
 2.30663E-02 2.09187E-03 3.42771E-02 3.13873E-03 8.77112E-02 5.24680E-02 4.81219E-03 7.49511E-02 2.30670E-02 2.09193E-03 2.28240E-05
 1.60376E-02 9.21523E-04 2.46102E-02 1.42769E-03 5.96836E-02 3.78702E-02 2.20030E-03 5.20929E-02 1.60383E-02 9.21562E-04 2.17687E-05
 1.13331E-02 4.10896E-04 1.78471E-02 6.53347E-04 4.12845E-02 2.75764E-02 1.01103E-03 3.66386E-02 1.13338E-02 4.10922E-04 2.17002E-05
 8.21318E-03 1.89345E-04 1.31911E-02 3.07169E-04 2.93358E-02 2.04443E-02 4.76795E-04 2.63596E-02 8.21395E-03 1.89363E-04 2.28983E-05
 6.13477E-03 9.17119E-05 9.99665E-03 1.51050E-04 2.15516E-02 1.55275E-02 2.34995E-04 1.95400E-02 6.13568E-03 9.17256E-05 2.58038E-05
 5.00035E-03 5.45786E-05 8.21507E-03 9.06975E-05 1.73853E-02 1.27759E-02 1.41289E-04 1.58421E-02 5.00143E-03 5.45905E-05 2.96825E-05
 4.73366E-03 4.73528E-05 7.79195E-03 7.88639E-05 1.64146E-02 1.21213E-02 1.22895E-04 1.49753E-02 4.73480E-03 4.73643E-05 3.12177E-05
 3.70917E-03 2.52749E-05 6.15222E-03 4.24728E-05 1.27368E-02 9.58130E-03 6.62724E-05 1.16741E-02 3.71076E-03 2.52859E-05 4.16115E-05
 2.98969E-03 1.47364E-05 4.98455E-03 2.49257E-05 1.02038E-02 7.76870E-03 3.89296E-05 9.38183E-03 2.99213E-03 1.47486E-05 6.00069E-05
 2.46110E-03 9.36326E-06 4.11796E-03 1.59107E-05 8.37179E-03 6.42143E-03 2.48663E-05 7.71412E-03 2.46528E-03 9.37942E-06 9.30977E-05
 2.05541E-03 6.41486E-06 3.44809E-03 1.09344E-05 6.98164E-03 5.37888E-03 1.70966E-05 6.44331E-03 2.06366E-03 6.44103E-06 1.54299E-04
 1.73259E-03 4.65952E-06 2.91235E-03 7.95792E-06 5.88337E-03 4.54449E-03 1.24461E-05 5.43635E-03 1.75195E-03 4.71249E-06 2.70270E-04
 1.46821E-03 3.52077E-06 2.47207E-03 6.02064E-06 4.98744E-03 3.85840E-03 9.41794E-06 4.61316E-03 1.52221E-03 3.65248E-06 4.88847E-04
 1.24738E-03 2.72290E-06 2.10331E-03 4.66042E-06 4.24019E-03 3.28354E-03 7.29109E-06 3.92548E-03 1.40905E-03 3.08175E-06 8.66666E-04
 1.06086E-03 2.13123E-06 1.79121E-03 3.65032E-06 3.60916E-03 2.79684E-03 5.71140E-06 3.34400E-03 1.47626E-03 2.97931E-06 1.36936E-03
 9.02419E-04 1.67672E-06 1.52560E-03 2.87361E-06 3.07279E-03 2.38254E-03 4.49652E-06 2.84921E-03 1.63891E-03 3.06647E-06 1.75199E-03
 7.67470E-04 1.32110E-06 1.29900E-03 2.26540E-06 2.61554E-03 2.02901E-03 3.54510E-06 2.42698E-03 1.66130E-03 2.88260E-06 1.81729E-03
 6.52427E-04 1.04063E-06 1.10553E-03 1.78540E-06 2.22533E-03 1.72710E-03 2.79417E-06 2.06632E-03 1.51966E-03 2.44351E-06 1.66393E-03
 5.54343E-04 8.18875E-07 9.40350E-04 1.40565E-06 1.89230E-03 1.46927E-03 2.20001E-06 1.75823E-03 1.32213E-03 1.96840E-06 1.44704E-03
 4.70743E-04 6.43540E-07 7.99364E-04 1.10521E-06 1.60816E-03 1.24917E-03 1.72991E-06 1.49516E-03 1.13039E-03 1.55695E-06 1.23708E-03
 3.99519E-04 5.05045E-07 6.79094E-04 8.67772E-07 1.36585E-03 1.06138E-03 1.35835E-06 1.27063E-03 9.61337E-04 1.22399E-06 1.05215E-03
 3.38872E-04 3.95799E-07 5.76554E-04 6.80374E-07 1.15932E-03 9.01237E-04 1.06508E-06 1.07912E-03 8.16147E-04 9.59790E-07 8.93347E-04
 2.87375E-04 3.09896E-07 4.89380E-04 5.32942E-07 9.83797E-04 7.65070E-04 8.34337E-07 9.16239E-04 6.92569E-04 7.51736E-07 7.58164E-04
 2.43598E-04 2.42351E-07 4.15191E-04 4.16959E-07 8.34463E-04 6.49168E-04 6.52801E-07 7.77564E-04 5.87410E-04 5.88058E-07 6.43113E-04
 4.47540E-02 9.62217E-03 6.24120E-02 1.35490E-02 1.77068E-01 9.44848E-02 2.05473E-02 1.44833E-01 4.47546E-02 9.62232E-03 2.52811E-05
 3.00283E-02 4.18434E-03 4.37209E-02 6.14839E-03 1.16493E-01 6.66925E-02 9.39350E-03 9.81786E-02 3.00289E-02 4.18442E-03 2.21893E-05
 2.00293E-02 1.76363E-03 3.03152E-02 2.69267E-03 7.60028E-02 4.65448E-02 4.14008E-03 6.57385E-02 2.00299E-02 1.76368E-03 1.97772E-05
 1.34173E-02 7.34202E-04 2.09814E-02 1.15774E-03 4.97121E-02 3.23835E-02 1.78925E-03 4.39190E-02 1.34178E-02 7.34233E-04 1.81318E-05
 9.12837E-03 3.08894E-04 1.46463E-02 4.99668E-04 3.30144E-02 2.26962E-02 7.75258E-04 2.96454E-02 9.12895E-03 3.08914E-04 1.73533E-05
 6.37566E-03 1.34558E-04 1.04269E-02 2.21856E-04 2.25446E-02 1.62046E-02 3.45208E-04 2.04854E-02 6.37627E-03 1.34571E-04 1.75974E-05
 4.60363E-03 6.19473E-05 7.63201E-03 1.03557E-04 1.59675E-02 1.18850E-02 1.61463E-04 1.46302E-02 4.60432E-03 6.19567E-05 1.91180E-05
 3.66591E-03 3.56332E-05 6.12328E-03 6.00374E-05 1.25616E-02 9.54607E-03 9.37153E-05 1.15621E-02 3.66671E-03 3.56411E-05 2.14469E-05
 3.44910E-03 3.06436E-05 5.77124E-03 5.17285E-05 1.17821E-02 8.99954E-03 8.07676E-05 1.08561E-02 3.44995E-03 3.06512E-05 2.24075E-05
 2.63417E-03 1.57810E-05 4.43681E-03 2.68361E-05 8.89291E-03 6.92531E-03 4.19456E-05 8.22658E-03 2.63532E-03 1.57879E-05 2.90534E-05
 2.08075E-03 8.96418E-06 3.52020E-03 1.53226E-05 6.97229E-03 5.49810E-03 2.39673E-05 6.46698E-03 2.08247E-03 8.97168E-06 4.10032E-05
 1.68634E-03 5.59218E-06 2.86134E-03 9.59220E-06 5.62645E-03 4.47094E-03 1.50114E-05 5.22790E-03 1.68924E-03 5.60192E-06 6.25693E-05
 1.39114E-03 3.78177E-06 2.36531E-03 6.50133E-06 4.63168E-03 3.69696E-03 1.01775E-05 4.30889E-03 1.39680E-03 3.79733E-06 1.02366E-04
 1.16087E-03 2.72020E-06 1.97678E-03 4.68278E-06 3.86196E-03 3.09037E-03 7.33208E-06 3.59609E-03 1.17402E-03 2.75139E-06 1.77419E-04
 9.75109E-04 2.03905E-06 1.66250E-03 3.51316E-06 3.24391E-03 2.59949E-03 5.50140E-06 3.02282E-03 1.01147E-03 2.11596E-06 3.17985E-04
 8.21757E-04 1.56578E-06 1.40252E-03 2.69932E-06 2.73477E-03 2.19332E-03 4.22732E-06 2.55000E-03 9.29713E-04 1.77379E-06 5.59074E-04
 6.93492E-04 1.21733E-06 1.18473E-03 2.09958E-06 2.30917E-03 1.85299E-03 3.28831E-06 2.15439E-03 9.68653E-04 1.70555E-06 8.76414E-04
 5.85467E-04 9.51445E-07 1.00107E-03 1.64166E-06 1.95066E-03 1.56593E-03 2.57128E-06 1.82088E-03 1.06947E-03 1.74609E-06 1.11270E-03
 4.94197E-04 7.44771E-07 8.45717E-04 1.28553E-06 1.64758E-03 1.32307E-03 2.01358E-06 1.53873E-03 1.07698E-03 1.63163E-06 1.14534E-03
 4.16993E-04 5.82833E-07 7.14164E-04 1.00636E-06 1.39103E-03 1.11739E-03 1.57639E-06 1.29975E-03 9.78016E-04 1.37425E-06 1.04066E-03
 3.51676E-04 4.55633E-07 6.02752E-04 7.86988E-07 1.17381E-03 9.43176E-04 1.23281E-06 1.09729E-03 8.44500E-04 1.09975E-06 8.98091E-04
 2.96428E-04 3.55719E-07 5.08425E-04 6.14608E-07 9.89952E-04 7.95656E-04 9.62822E-07 9.25811E-04 7.16548E-04 8.64073E-07 7.61919E-04
 2.49717E-04 2.77320E-07 4.28601E-04 4.79297E-07 8.34392E-04 6.70801E-04 7.50882E-07 7.80650E-04 6.04761E-04 6.74725E-07 6.43082E-04
 2.10244E-04 2.15889E-07 3.61088E-04 3.73235E-07 7.02849E-04 5.65189E-04 5.84745E-07 6.57837E-04 5.09530E-04 5.25513E-07 5.41863E-04
 1.76984E-04 1.67911E-07 3.04153E-04 2.90371E-07 5.91938E-04 4.76115E-04 4.54940E-07 5.54235E-04 4.29122E-04 4.08822E-07 4.56392E-04
 1.48925E-04 1.30440E-07 2.56084E-04 2.25632E-07 4.98313E-04 4.00901E-04 3.53524E-07 4.66739E-04 3.61232E-04 3.17648E-07 3.84221E-04
 4.15467E-02 8.93983E-03 5.88197E-02 1.27723E-02 1.64565E-01 8.92869E-02 1.94192E-02 1.36033E-01 4.15473E-02 8.93997E-03 2.34960E-05
 2.69628E-02 3.70199E-03 3.99195E-02 5.52734E-03 1.04613E-01 6.10669E-02 8.46739E-03 8.91652E-02 2.69634E-02 3.70207E-03 1.99265E-05
 1.73266E-02 1.47525E-03 2.66911E-02 2.29034E-03 6.56357E-02 4.10978E-02 3.53096E-03 5.74274E-02 1.73271E-02 1.47529E-03 1.70796E-05
 1.11452E-02 5.77246E-04 1.77402E-02 9.25451E-04 4.11179E-02 2.74568E-02 1.43393E-03 3.67364E-02 1.11457E-02 5.77271E-04 1.49971E-05
 7.26610E-03 2.27498E-04 1.18603E-02 3.73838E-04 2.60876E-02 1.84270E-02 5.81401E-04 2.36761E-02 7.26657E-03 2.27513E-04 1.37124E-05
 4.86347E-03 9.28906E-05 8.08373E-03 1.55380E-04 1.70181E-02 1.25933E-02 2.42284E-04 1.56171E-02 4.86395E-03 9.28998E-05 1.32836E-05
 3.37457E-03 4.02940E-05 5.67832E-03 6.82238E-05 1.15472E-02 8.86190E-03 1.06569E-04 1.06755E-02 3.37508E-03 4.03002E-05 1.38256E-05
 2.61314E-03 2.22619E-05 4.42648E-03 3.79436E-05 8.81669E-03 6.91485E-03 5.93264E-05 8.18371E-03 2.61372E-03 2.22669E-05 1.50531E-05
 2.44041E-03 1.89444E-05 4.14017E-03 3.23391E-05 8.20426E-03 6.46901E-03 5.05747E-05 7.62217E-03 2.44101E-03 1.89491E-05 1.56032E-05
 1.80633E-03 9.34810E-06 3.08139E-03 1.60496E-05 5.98903E-03 4.81846E-03 2.51203E-05 5.58239E-03 1.80713E-03 9.35225E-06 1.95664E-05
 1.39232E-03 5.14933E-06 2.38366E-03 8.87415E-06 4.57533E-03 3.72931E-03 1.38969E-05 4.27375E-03 1.39349E-03 5.15367E-06 2.69071E-05
 1.10746E-03 3.14480E-06 1.90028E-03 5.43265E-06 3.62001E-03 2.97401E-03 8.51039E-06 3.38594E-03 1.10939E-03 3.15032E-06 4.02569E-05
 9.00414E-04 2.09550E-06 1.54735E-03 3.62521E-06 2.93498E-03 2.42218E-03 5.68014E-06 2.74767E-03 9.04119E-04 2.10418E-06 6.48680E-05
 7.42592E-04 1.49094E-06 1.27750E-03 2.58145E-06 2.41748E-03 2.00006E-03 4.04521E-06 2.26463E-03 7.51099E-04 1.50814E-06 1.11064E-04
 6.17518E-04 1.10774E-06 1.06321E-03 1.91890E-06 2.00954E-03 1.66476E-03 3.00716E-06 1.88341E-03 6.40793E-04 1.14977E-06 1.97000E-04
 5.15660E-04 8.43937E-07 8.88446E-04 1.46239E-06 1.67820E-03 1.39125E-03 2.29186E-06 1.57352E-03 5.84121E-04 9.56697E-07 3.43129E-04
 4.31405E-04 6.51237E-07 7.43733E-04 1.12877E-06 1.40440E-03 1.16474E-03 1.76907E-06 1.31728E-03 6.04339E-04 9.13875E-07 5.33157E-04
 3.61131E-04 5.05285E-07 6.22929E-04 8.75990E-07 1.17607E-03 9.75630E-04 1.37295E-06 1.10348E-03 6.62648E-04 9.29569E-07 6.71092E-04
 3.02288E-04 3.92656E-07 5.21701E-04 6.80870E-07 9.84832E-04 8.17148E-04 1.06716E-06 9.24336E-04 6.62192E-04 8.62656E-07 6.84900E-04
 2.52946E-04 3.05046E-07 4.36760E-04 5.29056E-07 8.24402E-04 6.84150E-04 8.29240E-07 7.73989E-04 5.96420E-04 7.21345E-07 6.17011E-04
 2.11557E-04 2.36730E-07 3.65463E-04 4.10648E-07 6.89765E-04 5.72507E-04 6.43664E-07 6.47766E-04 5.10680E-04 5.73019E-07 5.27957E-04
 1.76845E-04 1.83463E-07 3.05634E-04 3.18302E-07 5.76797E-04 4.78814E-04 4.98931E-07 5.41820E-04 4.29650E-04 4.46880E-07 4.44108E-04
 1.47746E-04 1.41973E-07 2.55451E-04 2.46360E-07 4.82051E-04 4.00218E-04 3.86173E-07 4.52933E-04 3.59561E-04 3.46348E-07 3.71667E-04
 1.23364E-04 1.09704E-07 2.13379E-04 1.90396E-07 4.02629E-04 3.34323E-04 2.98454E-07 3.78398E-04 3.00388E-04 2.67731E-07 3.10521E-04
 1.02996E-04 8.46926E-08 1.78215E-04 1.47009E-07 3.36252E-04 2.79242E-04 2.30448E-07 3.16086E-04 2.50866E-04 2.06721E-07 2.59346E-04
 8.59570E-05 6.53040E-08 1.48785E-04 1.13370E-07 2.80705E-04 2.33140E-04 1.77720E-07 2.63926E-04 2.09415E-04 1.59413E-07 2.16509E-04
 3.85690E-02 8.29201E-03 5.54158E-02 1.20162E-02 1.53025E-01 8.43383E-02 1.83147E-02 1.27790E-01 3.85696E-02 8.29214E-03 2.18482E-05
 2.41854E-02 3.26343E-03 3.63901E-02 4.94830E-03 9.38920E-02 5.58177E-02 7.59967E-03 8.08901E-02 2.41859E-02 3.26350E-03 1.78844E-05
 1.49409E-02 1.22508E-03 2.34047E-02 1.93233E-03 5.65212E-02 3.61336E-02 2.98647E-03 4.99874E-02 1.49413E-02 1.22512E-03 1.47078E-05
 9.19480E-03 4.47914E-04 1.48786E-02 7.29211E-04 3.37814E-02 2.30861E-02 1.13250E-03 3.04936E-02 9.19521E-03 4.47934E-04 1.23213E-05
 5.71446E-03 1.64021E-04 9.47240E-03 2.73342E-04 2.03622E-02 1.47507E-02 4.25991E-04 1.86549E-02 5.71483E-03 1.64032E-04 1.07030E-05
 3.64132E-03 6.21491E-05 6.13697E-03 1.05242E-04 1.26008E-02 9.57990E-03 1.64396E-04 1.16607E-02 3.64168E-03 6.21552E-05 9.83570E-06
 2.40897E-03 2.51214E-05 4.10391E-03 4.29806E-05 8.12591E-03 6.41619E-03 6.72383E-05 7.56809E-03 2.40934E-03 2.51253E-05 9.72922E-06
 1.80326E-03 1.32226E-05 3.08936E-03 2.27431E-05 5.98517E-03 4.83388E-03 3.56059E-05 5.59293E-03 1.80366E-03 1.32256E-05 1.02187E-05
 1.66881E-03 1.11099E-05 2.86262E-03 1.91318E-05 5.51608E-03 4.47990E-03 2.99571E-05 5.15840E-03 1.66923E-03 1.11127E-05 1.04907E-05
 1.18878E-03 5.20611E-06 2.04781E-03 9.00156E-06 3.86668E-03 3.20666E-03 1.41029E-05 3.62496E-03 1.18931E-03 5.20844E-06 1.26326E-05
 8.89249E-04 2.76319E-06 1.53571E-03 4.78917E-06 2.86206E-03 2.40562E-03 7.50582E-06 2.68714E-03 8.90000E-04 2.76554E-06 1.68316E-05
 6.91222E-04 1.64537E-06 1.19565E-03 2.85575E-06 2.21073E-03 1.87337E-03 4.47656E-06 2.07760E-03 6.92436E-04 1.64827E-06 2.45850E-05
 5.52230E-04 1.07759E-06 9.56188E-04 1.87171E-06 1.76006E-03 1.49838E-03 2.93432E-06 1.65504E-03 5.54521E-04 1.08208E-06 3.89008E-05
 4.49162E-04 7.57166E-07 7.78241E-04 1.31564E-06 1.42911E-03 1.21964E-03 2.06267E-06 1.34436E-03 4.54347E-04 7.65933E-07 6.56576E-05
 3.69177E-04 5.56943E-07 6.39962E-04 9.67914E-07 1.17379E-03 1.00300E-03 1.51754E-06 1.10449E-03 3.83195E-04 5.78150E-07 1.15075E-04
 3.05071E-04 4.20555E-07 5.29036E-04 7.30968E-07 9.69790E-04 8.29196E-04 1.14606E-06 9.12748E-04 3.45867E-04 4.76937E-07 1.98306E-04
 2.52720E-04 3.21814E-07 4.38394E-04 5.59399E-07 8.03430E-04 6.87157E-04 8.77076E-07 7.56320E-04 3.54735E-04 4.52020E-07 3.05062E-04
 2.09536E-04 2.47647E-07 3.63588E-04 4.30514E-07 6.66261E-04 5.69925E-04 6.75007E-07 6.27303E-04 3.85659E-04 4.56240E-07 3.80274E-04
 1.73744E-04 1.90879E-07 3.01561E-04 3.31854E-07 5.52571E-04 4.72716E-04 5.20323E-07 5.20344E-04 3.81935E-04 4.20034E-07 3.84388E-04
 1.44023E-04 1.47081E-07 2.50037E-04 2.55726E-07 4.58147E-04 3.91963E-04 4.00964E-07 4.31491E-04 3.40796E-04 3.48370E-07 3.42987E-04
 1.19331E-04 1.13207E-07 2.07219E-04 1.96843E-07 3.79682E-04 3.24850E-04 3.08642E-07 3.57641E-04 2.89051E-04 2.74456E-07 2.90692E-04
 9.88216E-05 8.70114E-08 1.71640E-04 1.51304E-07 3.14488E-04 2.69083E-04 2.37241E-07 2.96270E-04 2.40886E-04 2.12264E-07 2.42203E-04
 8.17915E-05 6.67771E-08 1.42090E-04 1.16125E-07 2.60340E-04 2.22763E-04 1.82083E-07 2.45289E-04 1.99683E-04 1.63139E-07 2.00774E-04
 6.76578E-05 5.11703E-08 1.17558E-04 8.89898E-08 2.15390E-04 1.84308E-04 1.39536E-07 2.02961E-04 1.65245E-04 1.25051E-07 1.66155E-04
 5.59639E-05 3.91758E-08 9.72567E-05 6.81335E-08 1.78191E-04 1.52483E-04 1.06834E-07 1.67926E-04 1.36707E-04 9.57461E-08 1.37467E-04
 4.62747E-05 2.99560E-08 8.04312E-05 5.21007E-08 1.47362E-04 1.26106E-04 8.16946E-08 1.38886E-04 1.13051E-04 7.32152E-08 1.13686E-04
 3.57964E-02 7.67637E-03 5.21784E-02 1.12793E-02 1.42326E-01 7.96091E-02 1.72324E-02 1.20029E-01 3.57969E-02 7.67648E-03 2.03207E-05
 2.16606E-02 2.86448E-03 3.31009E-02 4.40825E-03 8.41679E-02 5.09014E-02 6.78656E-03 7.32544E-02 2.16611E-02 2.86455E-03 1.60321E-05
 1.28317E-02 1.00865E-03 2.04182E-02 1.61471E-03 4.84799E-02 3.16002E-02 2.50132E-03 4.33037E-02 1.28321E-02 1.00869E-03 1.26153E-05
 7.52254E-03 3.42193E-04 1.23555E-02 5.64875E-04 2.75165E-02 1.92142E-02 8.79101E-04 2.50680E-02 7.52287E-03 3.42208E-04 1.00363E-05
 4.42747E-03 1.15244E-04 7.43794E-03 1.94402E-04 1.56491E-02 1.16053E-02 3.03504E-04 1.44534E-02 4.42776E-03 1.15251E-04 8.22561E-06
 2.66182E-03 3.99864E-05 4.53829E-03 6.84003E-05 9.10253E-03 7.09612E-03 1.07002E-04 8.48166E-03 2.66208E-03 3.99904E-05 7.10507E-06
 1.66218E-03 1.48424E-05 2.85923E-03 2.55986E-05 5.52149E-03 4.47638E-03 4.00917E-05 5.17199E-03 1.66244E-03 1.48448E-05 6.61093E-06
 1.19305E-03 7.35919E-06 2.06108E-03 1.27408E-05 3.89058E-03 3.22876E-03 1.99650E-05 3.65353E-03 1.19332E-03 7.36086E-06 6.64255E-06
 1.09153E-03 6.08591E-06 1.88749E-03 1.05450E-05 3.54282E-03 2.95721E-03 1.65260E-05 3.32882E-03 1.09180E-03 6.08746E-06 6.73788E-06
 7.40313E-04 2.67205E-06 1.28401E-03 4.64142E-06 2.35931E-03 2.01257E-03 7.27651E-06 2.22071E-03 7.40644E-04 2.67325E-06 7.70801E-06
 5.33051E-04 1.35355E-06 9.25824E-04 2.35372E-06 1.67812E-03 1.45142E-03 3.69058E-06 1.58083E-03 5.33504E-04 1.35470E-06 9.86896E-06
 4.02442E-04 7.80764E-07 6.99649E-04 1.35844E-06 1.25771E-03 1.09699E-03 2.13017E-06 1.18546E-03 4.03153E-04 7.82144E-07 1.39867E-05
 3.14560E-04 5.00574E-07 5.47158E-04 8.71105E-07 9.79009E-04 8.57965E-04 1.36601E-06 9.23057E-04 3.15871E-04 5.02662E-07 2.16382E-05
 2.51557E-04 3.46466E-07 4.37703E-04 6.02932E-07 7.81250E-04 6.86366E-04 9.45481E-07 7.36735E-04 2.54474E-04 3.50485E-07 3.58936E-05
 2.03903E-04 2.51849E-07 3.54856E-04 4.38256E-07 6.32622E-04 5.56467E-04 6.87241E-07 5.96645E-04 2.11678E-04 2.61452E-07 6.20228E-05
 1.66439E-04 1.88218E-07 2.89697E-04 3.27513E-07 5.16186E-04 4.54296E-04 5.13580E-07 4.86871E-04 1.88788E-04 2.13484E-07 1.05558E-04
 1.36307E-04 1.42636E-07 2.37275E-04 2.48190E-07 4.22695E-04 3.72095E-04 3.89189E-07 3.98714E-04 1.91545E-04 2.00412E-07 1.60512E-04
 1.11772E-04 1.08728E-07 1.94581E-04 1.89186E-07 3.46617E-04 3.05146E-04 2.96665E-07 3.26969E-04 2.06067E-04 2.00403E-07 1.97860E-04
 9.16741E-05 8.30193E-08 1.59605E-04 1.44450E-07 2.84312E-04 2.50298E-04 2.26514E-07 2.68208E-04 2.01906E-04 1.82777E-07 1.97807E-04
 7.51731E-05 6.33695E-08 1.30884E-04 1.10259E-07 2.33156E-04 2.05259E-04 1.72897E-07 2.19958E-04 1.78215E-04 1.50165E-07 1.74575E-04
 6.16156E-05 4.83152E-08 1.07285E-04 8.40635E-08 1.91122E-04 1.68250E-04 1.31820E-07 1.80309E-04 1.49517E-04 1.17184E-07 1.46347E-04
 5.04773E-05 3.67837E-08 8.78945E-05 6.39984E-08 1.56585E-04 1.37842E-04 1.00355E-07 1.47729E-04 1.23251E-04 8.97663E-08 1.20610E-04
 4.13298E-05 2.79609E-08 7.19688E-05 4.86468E-08 1.28217E-04 1.12867E-04 7.62823E-08 1.20969E-04 1.01061E-04 6.83310E-08 9.88932E-05
 3.38210E-05 2.12211E-08 5.88950E-05 3.69196E-08 1.04929E-04 9.23641E-05 5.78929E-08 9.89990E-05 8.27248E-05 5.18738E-08 8.09529E-05
 2.76769E-05 1.60916E-08 4.81969E-05 2.79947E-08 8.58716E-05 7.55865E-05 4.38977E-08 8.10199E-05 6.77008E-05 3.93362E-08 6.62533E-05
 2.26415E-05 1.21868E-08 3.94288E-05 2.12007E-08 7.02519E-05 6.18358E-05 3.32441E-08 6.62835E-05 5.53847E-05 2.97902E-08 5.42026E-05
 3.32103E-02 7.09164E-03 4.90910E-02 1.05613E-02 1.32370E-01 7.50768E-02 1.61721E-02 1.12692E-01 3.32108E-02 7.09176E-03 1.88992E-05
 1.93667E-02 2.50295E-03 3.00374E-02 3.90678E-03 7.53421E-02 4.63007E-02 6.02812E-03 6.62058E-02 1.93671E-02 2.50301E-03 1.43510E-05
 1.09703E-02 8.22741E-04 1.77138E-02 1.33540E-03 4.13969E-02 2.74762E-02 2.07301E-03 3.73173E-02 1.09707E-02 8.22767E-04 1.07722E-05
 6.09606E-03 2.56900E-04 1.01463E-02 4.29330E-04 2.21937E-02 1.58096E-02 6.69367E-04 2.03830E-02 6.09634E-03 2.56912E-04 8.09483E-06
 3.36976E-03 7.85662E-05 5.72555E-03 1.33894E-04 1.18073E-02 8.94811E-03 2.09346E-04 1.09793E-02 3.36998E-03 7.85715E-05 6.20624E-06
 1.89070E-03 2.45511E-05 3.25240E-03 4.23222E-05 6.38268E-03 5.09194E-03 6.62789E-05 5.97875E-03 1.89089E-03 2.45536E-05 4.98207E-06
 1.09829E-03 8.19843E-06 1.90267E-03 1.42202E-05 3.58912E-03 2.98176E-03 2.22890E-05 3.37595E-03 1.09847E-03 8.19972E-06 4.29729E-06
 7.47326E-04 3.76857E-06 1.29814E-03 6.55090E-06 2.39148E-03 2.03514E-03 1.02711E-05 2.25298E-03 7.47496E-04 3.76943E-06 4.08309E-06
 6.73638E-04 3.05341E-06 1.17088E-03 5.31014E-06 2.14433E-03 1.83579E-03 8.32628E-06 2.02089E-03 6.73810E-04 3.05418E-06 4.07819E-06
 4.28363E-04 1.23172E-06 7.45864E-04 2.14421E-06 1.33585E-03 1.16971E-03 3.36258E-06 1.26024E-03 4.28556E-04 1.23227E-06 4.36430E-06
 2.93164E-04 5.86638E-07 5.10656E-04 1.02122E-06 9.01658E-04 8.00885E-04 1.60149E-06 8.50823E-04 2.93414E-04 5.87138E-07 5.30261E-06
 2.13050E-04 3.24570E-07 3.71180E-04 5.64891E-07 6.49769E-04 5.82155E-04 8.85842E-07 6.13205E-04 2.13428E-04 3.25144E-07 7.22597E-06
 1.61852E-04 2.02416E-07 2.82013E-04 3.52198E-07 4.91282E-04 4.42312E-04 5.52283E-07 4.63667E-04 1.62527E-04 2.03260E-07 1.08584E-05
 1.26687E-04 1.37441E-07 2.20744E-04 2.39084E-07 3.83573E-04 3.46218E-04 3.74896E-07 3.62016E-04 1.28158E-04 1.39035E-07 1.76229E-05
 1.00939E-04 9.84583E-08 1.75875E-04 1.71237E-07 3.05235E-04 2.75844E-04 2.68501E-07 2.88076E-04 1.04793E-04 1.02210E-07 2.99257E-05
 8.11802E-05 7.26719E-08 1.41441E-04 1.26370E-07 2.45346E-04 2.21836E-04 1.98145E-07 2.31548E-04 9.20930E-05 8.24198E-08 5.01730E-05
 6.55825E-05 5.44420E-08 1.14259E-04 9.46595E-08 1.98159E-04 1.79202E-04 1.48421E-07 1.87009E-04 9.21848E-05 7.64757E-08 7.52500E-05
 5.30775E-05 4.10399E-08 9.24664E-05 7.13504E-08 1.60361E-04 1.45022E-04 1.11872E-07 1.51332E-04 9.78914E-05 7.56109E-08 9.15419E-05
 4.29768E-05 3.09916E-08 7.48651E-05 5.38764E-08 1.29840E-04 1.17415E-04 8.44734E-08 1.22525E-04 9.46866E-05 6.81944E-08 9.03369E-05
 3.47933E-05 2.33962E-08 6.06053E-05 4.06692E-08 1.05115E-04 9.50499E-05 6.37650E-08 9.91890E-05 8.25090E-05 5.54072E-08 7.87063E-05
 2.81568E-05 1.76414E-08 4.90416E-05 3.06634E-08 8.50640E-05 7.69133E-05 4.80764E-08 8.02652E-05 6.83395E-05 4.27590E-08 6.51367E-05
 2.27746E-05 1.32822E-08 3.96641E-05 2.30845E-08 6.88030E-05 6.22057E-05 3.61932E-08 6.49186E-05 5.56158E-05 3.23906E-08 5.29961E-05
 1.84111E-05 9.98409E-09 3.20621E-05 1.73510E-08 5.56197E-05 5.02827E-05 2.72036E-08 5.24773E-05 4.50215E-05 2.43809E-08 4.28993E-05
 1.48752E-05 7.49285E-09 2.59023E-05 1.30205E-08 4.49370E-05 4.06220E-05 2.04138E-08 4.23961E-05 3.63833E-05 1.83015E-08 3.46689E-05
 1.20196E-05 5.61848E-09 2.09280E-05 9.76253E-09 3.63094E-05 3.28204E-05 1.53057E-08 3.42546E-05 2.93984E-05 1.37232E-08 2.80139E-05
 9.70923E-06 4.20769E-09 1.69038E-05 7.31057E-09 2.93294E-05 2.65092E-05 1.14614E-08 2.76683E-05 2.37464E-05 1.02768E-08 2.26286E-05
 3.07987E-02 6.53760E-03 4.61471E-02 9.86381E-03 1.23098E-01 7.07346E-02 1.51367E-02 1.05750E-01 3.07992E-02 6.53770E-03 1.75755E-05
 1.72841E-02 2.17661E-03 2.71859E-02 3.44316E-03 6.73270E-02 4.19983E-02 5.32393E-03 5.96963E-02 1.72844E-02 2.17666E-03 1.28243E-05
 9.33236E-03 6.64319E-04 1.52717E-02 1.09193E-03 3.51675E-02 2.37360E-02 1.69825E-03 3.19650E-02 9.33266E-03 6.64340E-04 9.15120E-06
 4.88481E-03 1.89041E-04 8.22631E-03 3.19368E-04 1.76949E-02 1.28400E-02 4.98711E-04 1.63668E-02 4.88503E-03 1.89050E-04 6.45396E-06
 2.51067E-03 5.16894E-05 4.30583E-03 8.88265E-05 8.71528E-03 6.73829E-03 1.39046E-04 8.14913E-03 2.51084E-03 5.16929E-05 4.58101E-06
 1.29422E-03 1.42179E-05 2.24162E-03 2.46507E-05 4.31005E-03 3.51285E-03 3.86356E-05 4.05357E-03 1.29435E-03 1.42193E-05 3.36426E-06
 6.86130E-04 4.15405E-06 1.19382E-03 7.22875E-06 2.20324E-03 1.87204E-03 1.13356E-05 2.07767E-03 6.86238E-04 4.15471E-06 2.63797E-06
 4.35120E-04 1.72887E-06 7.57871E-04 3.01030E-06 1.36474E-03 1.18859E-03 4.72093E-06 1.28775E-03 4.35219E-04 1.72926E-06 2.33009E-06
 3.84439E-04 1.36292E-06 6.69789E-04 2.37333E-06 1.19872E-03 1.05049E-03 3.72204E-06 1.13128E-03 3.84537E-04 1.36327E-06 2.27978E-06
 2.23779E-04 4.89581E-07 3.90063E-04 8.52229E-07 6.82021E-04 6.11811E-04 1.33647E-06 6.43826E-04 2.23880E-04 4.89801E-07 2.22821E-06
 1.42596E-04 2.13869E-07 2.48450E-04 3.71939E-07 4.27981E-04 3.89670E-04 5.83199E-07 4.03915E-04 1.42718E-04 2.14051E-07 2.51694E-06
 9.83490E-05 1.11546E-07 1.71251E-04 1.93824E-07 2.92376E-04 2.68567E-04 3.03879E-07 2.75836E-04 9.85230E-05 1.11743E-07 3.25146E-06
 7.18300E-05 6.68840E-08 1.25040E-04 1.16150E-07 2.12400E-04 1.96090E-04 1.82086E-07 2.00353E-04 7.21296E-05 6.71622E-08 4.69451E-06
 5.46217E-05 4.42346E-08 9.50630E-05 7.67846E-08 1.61052E-04 1.49074E-04 1.20366E-07 1.51897E-04 5.52553E-05 4.47462E-08 7.39934E-06
 4.25573E-05 3.10851E-08 7.40519E-05 5.39427E-08 1.25297E-04 1.16122E-04 8.45563E-08 1.18161E-04 4.41800E-05 3.22669E-08 1.22842E-05
 3.35905E-05 2.25865E-08 5.84393E-05 3.91863E-08 9.88278E-05 9.16374E-05 6.14234E-08 9.31902E-05 3.80987E-05 2.56084E-08 2.02097E-05
 2.66809E-05 1.66836E-08 4.64108E-05 2.89404E-08 7.84724E-05 7.27741E-05 4.53622E-08 7.39891E-05 3.74843E-05 2.34180E-08 2.97982E-05
 2.12487E-05 1.24085E-08 3.69559E-05 2.15216E-08 6.24849E-05 5.79472E-05 3.37332E-08 5.89098E-05 3.91555E-05 2.28330E-08 3.56671E-05
 1.69362E-05 9.24727E-09 2.94512E-05 1.60368E-08 4.97985E-05 4.61788E-05 2.51358E-08 4.69451E-05 3.72737E-05 2.03176E-08 3.46447E-05
 1.34987E-05 6.88971E-09 2.34700E-05 1.19469E-08 3.96880E-05 3.67997E-05 1.87251E-08 3.74107E-05 3.19727E-05 1.62902E-08 2.97142E-05
 1.07550E-05 5.12716E-09 1.86968E-05 8.88964E-09 3.16189E-05 2.93149E-05 1.39330E-08 2.98020E-05 2.60706E-05 1.24066E-08 2.42094E-05
 8.56470E-06 3.80976E-09 1.48868E-05 6.60476E-09 2.51778E-05 2.33407E-05 1.03517E-08 2.37289E-05 2.08876E-05 9.27511E-09 1.93914E-05
 6.81673E-06 2.82632E-09 1.18468E-05 4.89931E-09 2.00378E-05 1.85739E-05 7.67860E-09 1.88831E-05 1.66465E-05 6.89012E-09 1.54535E-05
 5.42245E-06 2.09339E-09 9.42224E-06 3.62842E-09 1.59382E-05 1.47723E-05 5.68667E-09 1.50183E-05 1.32441E-05 5.10443E-09 1.22949E-05
 4.31421E-06 1.54941E-09 7.49540E-06 2.68528E-09 1.26798E-05 1.17511E-05 4.20847E-09 1.19470E-05 1.05367E-05 3.77794E-09 9.78175E-06
 3.43163E-06 1.14544E-09 5.96112E-06 1.98496E-09 1.00850E-05 9.34552E-06 3.11087E-09 9.50136E-06 8.38036E-06 2.79277E-09 7.78004E-06
 2.85489E-02 6.01354E-03 4.33366E-02 9.18736E-03 1.14444E-01 6.65691E-02 1.41274E-02 9.91638E-02 2.85493E-02 6.01363E-03 1.63399E-05
 1.53937E-02 1.88315E-03 2.45342E-02 3.01662E-03 6.00440E-02 3.79796E-02 4.67347E-03 5.36852E-02 1.53941E-02 1.88319E-03 1.14371E-05
 7.89386E-03 5.30403E-04 1.30750E-02 8.81794E-04 2.97001E-02 2.03586E-02 1.37375E-03 2.71963E-02 7.89411E-03 5.30420E-04 7.72849E-06
 3.86344E-03 1.35957E-04 6.57131E-03 2.31798E-04 1.39172E-02 1.02715E-02 3.62441E-04 1.29494E-02 3.86362E-03 1.35964E-04 5.07610E-06
 1.82278E-03 3.25867E-05 3.14835E-03 5.63510E-05 6.26322E-03 4.93186E-03 8.82879E-05 5.88090E-03 1.82290E-03 3.25889E-05 3.29213E-06
 8.45743E-04 7.65303E-06 1.47114E-03 1.33145E-05 2.77547E-03 2.30681E-03 2.08783E-05 2.61686E-03 8.45829E-04 7.65382E-06 2.16642E-06
 3.97573E-04 1.87704E-06 6.92951E-04 3.26955E-06 1.25304E-03 1.08688E-03 5.12779E-06 1.18283E-03 3.97636E-04 1.87733E-06 1.50029E-06
 2.28497E-04 6.80897E-07 3.98208E-04 1.18523E-06 7.01853E-04 6.24571E-04 1.85868E-06 6.62474E-04 2.28549E-04 6.81052E-07 1.19831E-06
 1.96541E-04 5.16786E-07 3.42374E-04 8.99163E-07 5.99660E-04 5.36966E-04 1.40998E-06 5.65876E-04 1.96592E-04 5.16917E-07 1.14046E-06
 1.00549E-04 1.56631E-07 1.74997E-04 2.72086E-07 2.99156E-04 2.74424E-04 4.26562E-07 2.82153E-04 1.00594E-04 1.56701E-07 9.77360E-07
 5.75225E-05 5.98712E-08 9.99943E-05 1.03830E-07 1.68292E-04 1.56781E-04 1.62742E-07 1.58617E-04 5.75715E-05 5.99220E-08 9.89717E-07
 3.66387E-05 2.84431E-08 6.36199E-05 4.92651E-08 1.06078E-04 9.97341E-05 7.72037E-08 9.99144E-05 3.67034E-05 2.84931E-08 1.17967E-06
 2.52785E-05 1.60122E-08 4.38619E-05 2.77117E-08 7.27501E-05 6.87534E-05 4.34222E-08 6.84939E-05 2.53836E-05 1.60786E-08 1.60793E-06
 1.84230E-05 1.01635E-08 3.19522E-05 1.75805E-08 5.28503E-05 5.00818E-05 2.75454E-08 4.97452E-05 1.86359E-05 1.02806E-08 2.42812E-06
 1.39081E-05 6.94662E-09 2.41139E-05 1.20121E-08 3.98328E-05 3.77944E-05 1.88199E-08 3.74855E-05 1.44363E-05 7.20968E-09 3.90513E-06
 1.07027E-05 4.94381E-09 1.85517E-05 8.54696E-09 3.06277E-05 2.90756E-05 1.33905E-08 2.88186E-05 1.21332E-05 5.60267E-09 6.26282E-06
 8.31454E-06 3.58904E-09 1.44092E-05 6.20381E-09 2.37842E-05 2.25824E-05 9.71925E-09 2.23765E-05 1.16672E-05 5.03203E-09 9.03057E-06
 6.48614E-06 2.62762E-09 1.12384E-05 4.54140E-09 1.85500E-05 1.76126E-05 7.11471E-09 1.74502E-05 1.19290E-05 4.82637E-09 1.05869E-05
 5.06731E-06 1.92899E-09 8.77841E-06 3.33360E-09 1.44902E-05 1.37570E-05 5.22246E-09 1.36297E-05 1.11262E-05 4.22914E-09 1.00790E-05
 3.95996E-06 1.41633E-09 6.85887E-06 2.44743E-09 1.13225E-05 1.07486E-05 3.83412E-09 1.06490E-05 9.35608E-06 3.34121E-09 8.47547E-06
 3.09397E-06 1.03901E-09 5.35801E-06 1.79528E-09 8.84560E-06 8.39637E-06 2.81244E-09 8.31858E-06 7.48081E-06 2.50845E-09 6.77139E-06
 2.41647E-06 7.61293E-10 4.18405E-06 1.31535E-09 6.90801E-06 6.55653E-06 2.06058E-09 6.49580E-06 5.87814E-06 1.84924E-09 5.31934E-06
 1.88655E-06 5.57115E-10 3.26597E-06 9.62532E-10 5.39263E-06 5.11777E-06 1.50786E-09 5.07037E-06 4.59509E-06 1.35515E-09 4.15804E-06
 1.47224E-06 4.07216E-10 2.54833E-06 7.03531E-10 4.20799E-06 3.99314E-06 1.10211E-09 3.95616E-06 3.58659E-06 9.90792E-10 3.24545E-06
 1.14952E-06 2.97616E-10 1.98943E-06 5.14174E-10 3.28532E-06 3.11730E-06 8.05476E-10 3.08844E-06 2.80026E-06 7.24154E-10 2.53393E-06
 8.97568E-07 2.17389E-10 1.55317E-06 3.75575E-10 2.56503E-06 2.43366E-06 5.88355E-10 2.41113E-06 2.18630E-06 5.28956E-10 1.97838E-06
 2.64483E-02 5.51866E-03 4.06515E-02 8.53285E-03 1.06352E-01 6.25709E-02 1.31463E-02 9.29053E-02 2.64488E-02 5.51875E-03 1.51846E-05
 1.36789E-02 1.62036E-03 2.20708E-02 2.62620E-03 5.34248E-02 3.42306E-02 4.07587E-03 4.81361E-02 1.36793E-02 1.62039E-03 1.01763E-05
 6.63378E-03 4.18220E-04 1.11071E-02 7.02363E-04 2.49126E-02 1.73219E-02 1.09583E-03 2.29623E-02 6.63399E-03 4.18234E-04 6.48271E-06
 3.00956E-03 9.52359E-05 5.16089E-03 1.63584E-04 1.07745E-02 8.07626E-03 2.56053E-04 1.00740E-02 3.00970E-03 9.52404E-05 3.92986E-06
 1.28164E-03 1.95012E-05 2.22441E-03 3.38641E-05 4.35510E-03 3.48688E-03 5.30877E-05 4.10088E-03 1.28173E-03 1.95025E-05 2.28917E-06
 5.19959E-04 3.74611E-06 9.06140E-04 6.52578E-06 1.67972E-03 1.42124E-03 1.02348E-05 1.58546E-03 5.20012E-04 3.74649E-06 1.31112E-06
 2.07342E-04 7.23301E-07 3.61156E-04 1.25854E-06 6.40750E-04 5.66417E-04 1.97353E-06 6.04621E-04 2.07375E-04 7.23415E-07 7.67178E-07
 1.03095E-04 2.14194E-07 1.79333E-04 3.72006E-07 3.09794E-04 2.81203E-04 5.83195E-07 2.92097E-04 1.03118E-04 2.14242E-07 5.28925E-07
 8.49377E-05 1.53145E-07 1.47660E-04 2.65801E-07 2.53401E-04 2.31519E-04 4.16657E-07 2.38842E-04 8.49593E-05 1.53184E-07 4.81930E-07
 3.55360E-05 3.51120E-08 6.16069E-05 6.07689E-08 1.03109E-04 9.65570E-05 9.52209E-08 9.70278E-05 3.55519E-05 3.51277E-08 3.36864E-07
 1.69524E-05 1.04632E-08 2.93272E-05 1.80753E-08 4.82938E-05 4.59510E-05 2.83155E-08 4.53889E-05 1.69667E-05 1.04720E-08 2.84013E-07
 9.43741E-06 4.07660E-09 1.63051E-05 7.03625E-09 2.65868E-05 2.55428E-05 1.10211E-08 2.49684E-05 9.45397E-06 4.08375E-09 2.95665E-07
 6.03308E-06 1.99248E-09 1.04190E-05 3.43795E-09 1.68925E-05 1.63210E-05 5.38474E-09 1.58603E-05 6.05803E-06 2.00072E-09 3.73356E-07
 4.07648E-06 1.15321E-09 7.03571E-06 1.98954E-09 1.13741E-05 1.10202E-05 3.11609E-09 1.06753E-05 4.12334E-06 1.16646E-09 5.22556E-07
 2.92075E-06 7.48703E-10 5.03928E-06 1.29165E-09 8.13513E-06 7.89277E-06 2.02302E-09 7.63376E-06 3.03109E-06 7.76983E-10 7.97521E-07
 2.16464E-06 5.18394E-10 3.73412E-06 8.94333E-10 6.02426E-06 5.84842E-06 1.40073E-09 5.65243E-06 2.45242E-06 5.87319E-10 1.23176E-06
 1.63301E-06 3.70657E-10 2.81686E-06 6.39476E-10 4.54319E-06 4.41176E-06 1.00157E-09 4.26263E-06 2.28804E-06 5.19362E-10 1.72477E-06
 1.24268E-06 2.68842E-10 2.14357E-06 4.63846E-10 3.45688E-06 3.35727E-06 7.26499E-10 3.24342E-06 2.28024E-06 4.93365E-10 1.97257E-06
 9.49585E-07 1.96082E-10 1.63809E-06 3.38337E-10 2.64156E-06 2.56560E-06 5.29927E-10 2.47853E-06 2.07958E-06 4.29483E-10 1.83702E-06
 7.27219E-07 1.43265E-10 1.25463E-06 2.47231E-10 2.02310E-06 1.96504E-06 3.87237E-10 1.89836E-06 1.71377E-06 3.37676E-10 1.51409E-06
 5.57775E-07 1.04709E-10 9.62439E-07 1.80723E-10 1.55186E-06 1.50744E-06 2.83072E-10 1.45631E-06 1.34539E-06 2.52609E-10 1.18775E-06
 4.28421E-07 7.65248E-11 7.39382E-07 1.32104E-10 1.19212E-06 1.15810E-06 2.06924E-10 1.11885E-06 1.03989E-06 1.85778E-10 9.17810E-07
 3.29574E-07 5.59241E-11 5.68927E-07 9.65635E-11 9.17221E-07 8.91148E-07 1.51259E-10 8.60968E-07 8.01219E-07 1.35979E-10 7.07126E-07
 2.53980E-07 4.08738E-11 4.38562E-07 7.05956E-11 7.06978E-07 6.86977E-07 1.10587E-10 6.63735E-07 6.17739E-07 9.94302E-11 5.45195E-07
 1.96312E-07 2.99126E-11 3.39100E-07 5.16801E-11 5.46577E-07 5.31203E-07 8.09595E-11 5.13251E-07 4.77610E-07 7.27846E-11 4.21527E-07
 1.52137E-07 2.19109E-11 2.62899E-07 3.78689E-11 4.23696E-07 4.11856E-07 5.93265E-11 3.97955E-07 3.70237E-07 5.33274E-11 3.26769E-07
 2.44862E-02 5.05220E-03 3.80865E-02 7.90140E-03 9.87780E-02 5.87346E-02 1.21956E-02 8.69550E-02 2.44866E-02 5.05228E-03 1.41032E-05
 1.21235E-02 1.38596E-03 1.97843E-02 2.27066E-03 4.74056E-02 3.07372E-02 3.52980E-03 4.30145E-02 1.21237E-02 1.38599E-03 9.02974E-06
 5.53405E-03 3.25208E-04 9.35258E-03 5.50941E-04 2.07346E-02 1.46053E-02 8.60670E-04 1.92187E-02 5.53423E-03 3.25219E-04 5.39551E-06
 2.30129E-03 6.46538E-05 3.97192E-03 1.11706E-04 8.18318E-03 6.22134E-03 1.74994E-04 7.68035E-03 2.30139E-03 6.46569E-05 2.98470E-06
 8.64614E-04 1.09286E-05 1.50537E-03 1.90268E-05 2.90378E-03 2.36080E-03 2.98385E-05 2.73934E-03 8.64673E-04 1.09294E-05 1.52631E-06
 2.94215E-04 1.61320E-06 5.12599E-04 2.80847E-06 9.34778E-04 8.03957E-04 4.40432E-06 8.82193E-04 2.94245E-04 1.61336E-06 7.29651E-07
 9.24218E-05 2.19750E-07 1.60584E-04 3.81338E-07 2.79844E-04 2.51762E-04 5.97755E-07 2.63682E-04 9.24363E-05 2.19784E-07 3.35060E-07
 3.65007E-05 4.64365E-08 6.32258E-05 8.03414E-08 1.07191E-04 9.90825E-05 1.25884E-07 1.00819E-04 3.65090E-05 4.64470E-08 1.83011E-07
 2.79870E-05 2.97220E-08 4.84349E-05 5.13837E-08 8.15534E-05 7.58937E-05 8.05024E-08 7.66649E-05 2.79941E-05 2.97296E-08 1.55102E-07
 7.99438E-06 3.49461E-09 1.37767E-05 6.03119E-09 2.26035E-05 2.15741E-05 9.44675E-09 2.11956E-05 7.99794E-06 3.49617E-09 7.38467E-08
 2.11904E-06 3.73086E-10 3.62763E-06 6.54262E-10 5.85989E-06 5.67551E-06 1.02707E-09 5.47346E-06 2.12081E-06 3.73406E-10 3.44615E-08
 5.40403E-07 4.45422E-11 9.15513E-07 8.86172E-11 1.46822E-06 1.43020E-06 1.41394E-10 1.36288E-06 5.41333E-07 4.46326E-11 1.63274E-08
 1.20683E-07 2.75072E-11 1.99672E-07 5.69499E-11 3.20872E-07 3.10850E-07 9.12928E-11 2.93610E-07 1.21160E-07 2.76446E-11 7.09132E-09
 1.03198E-08 3.48217E-11 1.34572E-08 6.71595E-11 2.35510E-08 2.01175E-08 1.06751E-10 1.82980E-08 1.04074E-08 3.52723E-11 1.08082E-09
 0.00000E+00 3.79127E-11 0.00000E+00 7.05873E-11 0.00000E+00 0.00000E+00 1.11700E-10 0.00000E+00 0.00000E+00 3.94689E-11 0.00000E+00
 0.00000E+00 3.68008E-11 0.00000E+00 6.72493E-11 0.00000E+00 0.00000E+00 1.06158E-10 0.00000E+00 0.00000E+00 4.20166E-11 0.00000E+00
 0.00000E+00 3.33987E-11 0.00000E+00 6.03342E-11 0.00000E+00 0.00000E+00 9.50967E-11 0.00000E+00 0.00000E+00 4.75077E-11 0.00000E+00
 0.00000E+00 2.90258E-11 0.00000E+00 5.20219E-11 0.00000E+00 0.00000E+00 8.19081E-11 0.00000E+00 0.00000E+00 5.43286E-11 0.00000E+00
 0.00000E+00 2.44577E-11 0.00000E+00 4.35788E-11 0.00000E+00 0.00000E+00 6.85601E-11 0.00000E+00 0.00000E+00 5.46452E-11 0.00000E+00
 0.00000E+00 2.01249E-11 0.00000E+00 3.56943E-11 0.00000E+00 0.00000E+00 5.61208E-11 0.00000E+00 0.00000E+00 4.82933E-11 0.00000E+00
 0.00000E+00 1.62432E-11 0.00000E+00 2.87016E-11 0.00000E+00 0.00000E+00 4.51032E-11 0.00000E+00 0.00000E+00 3.98040E-11 0.00000E+00
 0.00000E+00 1.28976E-11 0.00000E+00 2.27174E-11 0.00000E+00 0.00000E+00 3.56837E-11 0.00000E+00 0.00000E+00 3.17348E-11 0.00000E+00
 0.00000E+00 1.00951E-11 0.00000E+00 1.77315E-11 0.00000E+00 0.00000E+00 2.78413E-11 0.00000E+00 0.00000E+00 2.48280E-11 0.00000E+00
 0.00000E+00 7.79950E-12 0.00000E+00 1.36648E-11 0.00000E+00 0.00000E+00 2.14485E-11 0.00000E+00 0.00000E+00 1.91552E-11 0.00000E+00
 0.00000E+00 5.95632E-12 0.00000E+00 1.04113E-11 0.00000E+00 0.00000E+00 1.63364E-11 0.00000E+00 0.00000E+00 1.46064E-11 0.00000E+00
 0.00000E+00 4.49820E-12 0.00000E+00 7.84518E-12 0.00000E+00 0.00000E+00 1.23061E-11 0.00000E+00 0.00000E+00 1.10144E-11 0.00000E+00
 2.26547E-02 4.61380E-03 3.56352E-02 7.29388E-03 9.16785E-02 5.50517E-02 1.12769E-02 8.12870E-02 2.26551E-02 4.61388E-03 1.30895E-05
 1.07142E-02 1.17798E-03 1.76677E-02 1.94910E-03 4.19383E-02 2.74914E-02 3.03439E-03 3.82979E-02 1.07145E-02 1.17801E-03 7.98833E-06
 4.57473E-03 2.48835E-04 7.79591E-03 4.24828E-04 1.70974E-02 1.21889E-02 6.64394E-04 1.59263E-02 4.57488E-03 2.48843E-04 4.44904E-06
 1.72173E-03 4.23160E-05 2.98510E-03 7.34076E-05 6.07600E-03 4.67861E-03 1.15063E-04 5.71781E-03 1.72182E-03 4.23179E-05 2.21614E-06
 5.53247E-04 5.63504E-06 9.64521E-04 9.81938E-06 1.83501E-03 1.51288E-03 1.54010E-05 1.73243E-03 5.53285E-04 5.63542E-06 9.64537E-07
 1.47462E-04 5.77934E-07 2.56534E-04 1.00432E-06 4.60622E-04 4.02262E-04 1.57461E-06 4.34333E-04 1.47477E-04 5.77993E-07 3.59543E-07
 3.19132E-05 4.43920E-08 5.52136E-05 7.67447E-08 9.46146E-05 8.65120E-05 1.20235E-07 8.89280E-05 3.19182E-05 4.43990E-08 1.13283E-07
 7.79487E-06 3.99117E-09 1.34092E-05 6.88951E-09 2.23440E-05 2.09935E-05 1.07914E-08 2.09306E-05 7.79662E-06 3.99208E-09 3.81489E-08
 4.68711E-06 1.61595E-09 8.04091E-06 2.79993E-09 1.33111E-05 1.25839E-05 4.38801E-09 1.24488E-05 4.68829E-06 1.61636E-09 2.53156E-08
 0.00000E+00 0.00000E+00 0.00000E+00 0.00000E+00 0.00000E+00 0.00000E+00 0.00000E+00 0.00000E+00 0.00000E+00 0.00000E+00 0.00000E+00
 0.00000E+00 2.91314E-11 0.00000E+00 6.06743E-11 0.00000E+00 0.00000E+00 9.73297E-11 0.00000E+00 0.00000E+00 2.91611E-11 0.00000E+00
 1.24187E-07 2.33695E-11 2.36359E-07 4.31485E-11 3.55921E-07 3.75074E-07 6.82057E-11 3.52977E-07 1.24428E-07 2.34134E-11 3.95844E-09
 1.40881E-07 7.22902E-12 2.55762E-07 1.30655E-11 3.88728E-07 4.03390E-07 2.05948E-11 3.75614E-07 1.41495E-07 7.26038E-12 8.59238E-09
 8.73787E-08 1.56133E-12 1.56636E-07 2.79567E-12 2.38270E-07 2.46628E-07 4.40121E-12 2.28589E-07 8.84247E-08 1.58000E-12 1.09482E-08
 4.22339E-08 2.65056E-13 7.52252E-08 4.71948E-13 1.14485E-07 1.18342E-07 7.42420E-13 1.09433E-07 4.38859E-08 2.75419E-13 1.12262E-08
 1.74544E-08 3.67430E-14 3.09580E-08 6.51628E-14 4.71461E-08 4.86742E-08 1.02452E-13 4.49566E-08 1.98477E-08 4.17806E-14 9.64402E-09
 6.37730E-09 4.20101E-15 1.12750E-08 7.42714E-15 1.71838E-08 1.77195E-08 1.16723E-14 1.63557E-08 9.00712E-09 5.93334E-15 6.52815E-09
 2.08262E-09 3.94965E-16 3.67243E-09 6.96464E-16 5.60132E-09 5.76942E-09 1.09415E-15 5.32334E-09 3.86522E-09 7.33028E-16 3.19908E-09
 6.08273E-10 3.02292E-17 1.07020E-09 5.31854E-17 1.63350E-09 1.68078E-09 8.35289E-17 1.55041E-09 1.34842E-09 6.70118E-17 1.13705E-09
 1.58175E-10 1.85692E-18 2.77741E-10 3.26058E-18 4.24213E-10 4.36079E-10 5.11942E-18 4.02174E-10 3.77073E-10 4.42671E-18 3.17766E-10
 3.63530E-11 8.99991E-20 6.37178E-11 1.57746E-19 9.73808E-11 1.00018E-10 2.47615E-19 9.22251E-11 8.86036E-11 2.19356E-19 7.45925E-11
 7.31753E-12 3.37563E-21 1.28045E-11 5.90682E-21 1.95806E-11 2.00947E-11 9.26981E-21 1.85260E-11 1.79260E-11 8.26939E-21 1.50858E-11
 1.27667E-12 9.58929E-23 2.23049E-12 1.67536E-22 3.41269E-12 3.49964E-12 2.62864E-22 3.22596E-12 3.12868E-12 2.35000E-22 2.63264E-12
 1.90828E-13 2.01500E-24 3.32900E-13 3.51517E-24 5.09606E-13 5.22212E-13 5.51416E-24 4.81304E-13 4.67318E-13 4.93453E-24 3.93199E-13
 2.41399E-14 3.05358E-26 4.20516E-14 5.31933E-26 6.44051E-14 6.59520E-14 8.34262E-26 6.07772E-14 5.90621E-14 7.47109E-26 4.96919E-14
 2.54750E-15 3.24310E-28 4.43144E-15 5.64146E-28 6.79042E-15 6.94872E-15 8.84609E-28 6.40262E-15 6.22700E-15 7.92731E-28 5.23881E-15
---
