PdfType: error
Format: lhagrid1
---
1.00000E-06 1.28121E-06 1.64152E-06 2.10317E-06 2.69463E-06 3.45242E-06 4.42329E-06 5.66715E-06 7.26076E-06 9.30241E-06 1.19180E-05 1.52689E-05 1.95617E-05 2.50609E-05 3.21053E-05 4.11287E-05 5.26863E-05 6.74889E-05 8.64459E-05 1.10720E-04 1.41800E-04 1.81585E-04 2.32503E-04 2.97652E-04 3.80981E-04 4.87518E-04 6.26039E-04 8.00452E-04 1.02297E-03 1.30657E-03 1.66759E-03 2.12729E-03 2.71054E-03 3.44865E-03 4.37927E-03 5.54908E-03 7.01192E-03 8.83064E-03 1.10763E-02 1.38266E-02 1.71641E-02 2.11717E-02 2.59364E-02 3.15062E-02 3.79623E-02 4.53425E-02 5.36750E-02 6.29705E-02 7.32221E-02 8.44039E-02 9.64793E-02 1.09332E-01 1.23067E-01 1.37507E-01 1.52639E-01 1.68416E-01 1.84794E-01 2.01731E-01 2.19016E-01 2.36948E-01 2.55242E-01 2.73927E-01 2.92954E-01 3.12340E-01 3.32036E-01 3.52019E-01 3.72282E-01 3.92772E-01 4.13533E-01 4.34326E-01 4.55495E-01 4.76836E-01 4.98342E-01 5.20006E-01 5.41818E-01 5.63773E-01 5.85861E-01 6.08077E-01 6.30459E-01 6.52800E-01 6.75387E-01 6.98063E-01 7.20830E-01 7.43683E-01 7.66623E-01 7.89636E-01 8.12791E-01 8.35940E-01 8.59175E-01 8.82485E-01 9.05866E-01 9.29311E-01 9.52817E-01 9.76387E-01 1.00000E+00
1.30000E+00 1.50159E+00 1.75516E+00 2.07810E+00 2.49495E+00 3.04086E+00 3.76715E+00 4.50000E+00 4.75000E+00 6.23113E+00 8.37423E+00 1.15549E+01 1.64076E+01 2.40380E+01 3.64361E+01 5.73145E+01 9.38707E+01 1.60654E+02 2.88438E+02 5.45587E+02 1.09231E+03 2.32646E+03 5.30043E+03 1.29956E+04 3.45140E+04 1.00000E+05
900 901 902 903 904 905 906 907 908 909 910
 1.17983E+00 9.61518E-02 1.13602E+00 9.26488E-02 2.77142E+02 1.58071E+00 1.28942E-01 2.81986E+02 1.17984E+00 9.61528E-02 3.95695E-02
 1.28543E+00 1.30289E-01 1.22882E+00 1.28518E-01 3.02391E+02 1.70633E+00 1.80038E-01 3.05692E+02 1.28545E+00 1.30291E-01 5.75990E-02
 1.46793E+00 1.86699E-01 1.39205E+00 1.86578E-01 3.28977E+02 1.92850E+00 2.62308E-01 3.30356E+02 1.46795E+00 1.86702E-01 8.56060E-02
 1.73342E+00 2.67367E-01 1.63149E+00 2.68167E-01 3.57064E+02 2.25527E+00 3.77383E-01 3.56106E+02 1.73346E+00 2.67374E-01 1.30234E-01
 2.09761E+00 3.75660E-01 1.96126E+00 3.75156E-01 3.86778E+02 2.70585E+00 5.27327E-01 3.83031E+02 2.09769E+00 3.75675E-01 2.03303E-01
 2.58832E+00 5.19005E-01 2.40580E+00 5.12629E-01 4.18335E+02 3.31334E+00 7.18395E-01 4.11281E+02 2.58846E+00 5.19035E-01 3.26537E-01
 3.23199E+00 7.03896E-01 2.98915E+00 6.83981E-01 4.51834E+02 4.11064E+00 9.54181E-01 4.40926E+02 3.23226E+00 7.03958E-01 5.40990E-01
 3.84401E+00 8.76175E-01 3.54426E+00 8.39113E-01 4.79035E+02 4.86952E+00 1.16579E+00 4.64787E+02 3.84448E+00 8.76285E-01 8.17884E-01
 4.04372E+00 9.35023E-01 3.73640E+00 8.92583E-01 4.87389E+02 5.13681E+00 1.23893E+00 4.72043E+02 4.04426E+00 9.35153E-01 9.26945E-01
 5.18503E+00 1.23841E+00 4.82496E+00 1.16505E+00 5.28443E+02 6.64739E+00 1.61027E+00 5.07520E+02 5.18627E+00 1.23871E+00 1.72647E+00
 6.62597E+00 1.60020E+00 6.20229E+00 1.49162E+00 5.72558E+02 8.55987E+00 2.05606E+00 5.45224E+02 6.62896E+00 1.60092E+00 3.36721E+00
 8.38538E+00 2.01732E+00 7.89951E+00 1.88133E+00 6.19951E+02 1.09227E+01 2.59359E+00 5.85304E+02 8.39323E+00 2.01919E+00 6.89436E+00
 1.04988E+01 2.48119E+00 9.97148E+00 2.33521E+00 6.70826E+02 1.38203E+01 3.22802E+00 6.27896E+02 1.05218E+01 2.48657E+00 1.48264E+01
 1.30042E+01 2.97909E+00 1.24367E+01 2.84051E+00 7.25460E+02 1.72715E+01 3.94135E+00 6.73185E+02 1.30824E+01 2.99695E+00 3.33270E+01
 1.59370E+01 3.49212E+00 1.53467E+01 3.36944E+00 7.84060E+02 2.13547E+01 4.69116E+00 7.21308E+02 1.62477E+01 3.56038E+00 7.68447E+01
 1.93414E+01 4.00500E+00 1.87069E+01 3.89658E+00 8.46816E+02 2.60627E+01 5.43780E+00 7.72388E+02 2.06542E+01 4.27882E+00 1.73016E+02
 2.32495E+01 4.51055E+00 2.25610E+01 4.41011E+00 9.13966E+02 3.14615E+01 6.16294E+00 8.26580E+02 2.79868E+01 5.43828E+00 3.46378E+02
 2.77210E+01 5.00630E+00 2.69659E+01 4.90737E+00 9.85751E+02 3.76300E+01 6.86272E+00 8.84043E+02 3.94662E+01 7.14789E+00 5.60784E+02
 3.28135E+01 5.49144E+00 3.19789E+01 5.38954E+00 1.06242E+03 4.46486E+01 7.53960E+00 9.44942E+02 5.26427E+01 8.83940E+00 7.35707E+02
 3.85835E+01 5.96421E+00 3.76551E+01 5.85688E+00 1.14424E+03 5.25945E+01 8.19465E+00 1.00944E+03 6.51946E+01 1.01099E+01 8.51910E+02
 4.50894E+01 6.42178E+00 4.40538E+01 6.30793E+00 1.23148E+03 6.15510E+01 8.82642E+00 1.07772E+03 7.74944E+01 1.10682E+01 9.36918E+02
 5.23886E+01 6.86041E+00 5.12319E+01 6.73982E+00 1.32441E+03 7.15982E+01 9.43114E+00 1.14995E+03 9.04782E+01 1.18772E+01 1.01288E+03
 6.05378E+01 7.27609E+00 5.92455E+01 7.14892E+00 1.42331E+03 8.28147E+01 1.00039E+01 1.22633E+03 1.04699E+02 1.26103E+01 1.08928E+03
 6.95923E+01 7.66490E+00 6.81490E+01 7.53151E+00 1.52848E+03 9.52767E+01 1.05395E+01 1.30702E+03 1.20423E+02 1.32874E+01 1.16936E+03
 7.96245E+01 8.02460E+00 7.80136E+01 7.88545E+00 1.64033E+03 1.09084E+02 1.10350E+01 1.39232E+03 1.37825E+02 1.39119E+01 1.25423E+03
 9.06774E+01 8.35111E+00 8.88818E+01 8.20674E+00 1.75913E+03 1.24296E+02 1.14848E+01 1.48237E+03 1.56995E+02 1.44784E+01 1.34429E+03
 1.16869E+00 9.49150E-02 1.12529E+00 9.14642E-02 2.35343E+02 1.56578E+00 1.27296E-01 2.38184E+02 1.16871E+00 9.49160E-02 3.36015E-02
 1.27507E+00 1.29350E-01 1.21879E+00 1.27625E-01 2.56762E+02 1.69235E+00 1.78801E-01 2.57895E+02 1.27509E+00 1.29352E-01 4.89077E-02
 1.45686E+00 1.85625E-01 1.38138E+00 1.85538E-01 2.79241E+02 1.91365E+00 2.60858E-01 2.78367E+02 1.45689E+00 1.85629E-01 7.26638E-02
 1.71979E+00 2.65580E-01 1.61848E+00 2.66407E-01 3.02922E+02 2.23721E+00 3.74918E-01 2.99712E+02 1.71984E+00 2.65587E-01 1.10487E-01
 2.07921E+00 3.72418E-01 1.94386E+00 3.71968E-01 3.27912E+02 2.68178E+00 5.22865E-01 3.22003E+02 2.07929E+00 3.72432E-01 1.72361E-01
 2.56228E+00 5.13311E-01 2.38134E+00 5.07101E-01 3.54392E+02 3.27957E+00 7.10685E-01 3.45365E+02 2.56242E+00 5.13341E-01 2.76626E-01
 3.19490E+00 6.94534E-01 2.95435E+00 6.75040E-01 3.82446E+02 4.06259E+00 9.41771E-01 3.69858E+02 3.19517E+00 6.94595E-01 4.57909E-01
 3.79593E+00 8.63101E-01 3.49902E+00 8.26782E-01 4.05191E+02 4.80700E+00 1.14873E+00 3.89556E+02 3.79639E+00 8.63208E-01 6.91804E-01
 3.99188E+00 9.20614E-01 3.68753E+00 8.79021E-01 4.12178E+02 5.06923E+00 1.22018E+00 3.95550E+02 3.99242E+00 9.20742E-01 7.83902E-01
 5.11264E+00 1.21689E+00 4.75635E+00 1.14495E+00 4.46480E+02 6.55235E+00 1.58255E+00 4.24841E+02 5.11386E+00 1.21718E+00 1.45869E+00
 6.52723E+00 1.56958E+00 6.10818E+00 1.46306E+00 4.83277E+02 8.42930E+00 2.01668E+00 4.55941E+02 6.53018E+00 1.57029E+00 2.84213E+00
 8.25401E+00 1.97554E+00 7.77354E+00 1.84208E+00 5.22746E+02 1.07476E+01 2.53937E+00 4.88973E+02 8.26173E+00 1.97737E+00 5.81328E+00
 1.03280E+01 2.42628E+00 9.80659E+00 2.28304E+00 5.65053E+02 1.35908E+01 3.15570E+00 5.24045E+02 1.03506E+01 2.43155E+00 1.24883E+01
 1.27864E+01 2.90932E+00 1.22255E+01 2.77343E+00 6.10422E+02 1.69770E+01 3.84804E+00 5.61309E+02 1.28633E+01 2.92675E+00 2.80407E+01
 1.56642E+01 3.40610E+00 1.50810E+01 3.28596E+00 6.59023E+02 2.09838E+01 4.57474E+00 6.00875E+02 1.59696E+01 3.47267E+00 6.45825E+01
 1.90050E+01 3.90172E+00 1.83785E+01 3.79573E+00 7.11008E+02 2.56039E+01 5.29693E+00 6.42842E+02 2.02947E+01 4.16846E+00 1.45235E+02
 2.28402E+01 4.38922E+00 2.21607E+01 4.29123E+00 7.66569E+02 3.09021E+01 5.99671E+00 6.87334E+02 2.74933E+01 5.29193E+00 2.90402E+02
 2.72286E+01 4.86629E+00 2.64838E+01 4.76994E+00 8.25902E+02 3.69561E+01 6.67047E+00 7.34480E+02 3.87634E+01 6.94788E+00 4.69588E+02
 3.22269E+01 5.33223E+00 3.14040E+01 5.23316E+00 8.89209E+02 4.38448E+01 7.32078E+00 7.84411E+02 5.16991E+01 8.58303E+00 6.15369E+02
 3.78904E+01 5.78549E+00 3.69757E+01 5.68126E+00 9.56700E+02 5.16443E+01 7.94889E+00 8.37263E+02 6.40208E+01 9.80688E+00 7.11814E+02
 4.42768E+01 6.22338E+00 4.32568E+01 6.11295E+00 1.02859E+03 6.04362E+01 8.55355E+00 8.93174E+02 7.60949E+01 1.07261E+01 7.82054E+02
 5.14422E+01 6.64241E+00 5.03033E+01 6.52555E+00 1.10510E+03 7.02993E+01 9.13127E+00 9.52286E+02 8.88408E+01 1.14997E+01 8.44627E+02
 5.94422E+01 7.03875E+00 5.81702E+01 6.91564E+00 1.18646E+03 8.13104E+01 9.67740E+00 1.01475E+03 1.02802E+02 1.21989E+01 9.07468E+02
 6.83310E+01 7.40870E+00 6.69108E+01 7.27969E+00 1.27290E+03 9.35445E+01 1.01871E+01 1.08070E+03 1.18237E+02 1.28432E+01 9.73258E+02
 7.81792E+01 7.75019E+00 7.65947E+01 7.61572E+00 1.36476E+03 1.07099E+02 1.06575E+01 1.15038E+03 1.35321E+02 1.34361E+01 1.04294E+03
 8.90291E+01 8.05935E+00 8.72632E+01 7.91995E+00 1.46224E+03 1.22031E+02 1.10834E+01 1.22390E+03 1.54138E+02 1.39725E+01 1.11680E+03
 1.15538E+00 9.34131E-02 1.11246E+00 9.00258E-02 2.01974E+02 1.54792E+00 1.25298E-01 2.03182E+02 1.15540E+00 9.34140E-02 2.88371E-02
 1.26261E+00 1.28209E-01 1.20674E+00 1.26540E-01 2.20355E+02 1.67555E+00 1.77297E-01 2.19750E+02 1.26262E+00 1.28210E-01 4.19730E-02
 1.44359E+00 1.84322E-01 1.36859E+00 1.84277E-01 2.39585E+02 1.89585E+00 2.59100E-01 2.36930E+02 1.44362E+00 1.84326E-01 6.23445E-02
 1.70366E+00 2.63426E-01 1.60307E+00 2.64284E-01 2.59785E+02 2.21582E+00 3.71944E-01 2.54816E+02 1.70371E+00 2.63433E-01 9.47531E-02
 2.05773E+00 3.68533E-01 1.92354E+00 3.68142E-01 2.81049E+02 2.65364E+00 5.17507E-01 2.73473E+02 2.05781E+00 3.68547E-01 1.47728E-01
 2.53225E+00 5.06517E-01 2.35313E+00 5.00491E-01 3.03531E+02 3.24059E+00 7.01461E-01 2.93005E+02 2.53239E+00 5.06547E-01 2.36925E-01
 3.15245E+00 6.83389E-01 2.91456E+00 6.64380E-01 3.27302E+02 4.00765E+00 9.26965E-01 3.13461E+02 3.15272E+00 6.83449E-01 3.91883E-01
 3.74107E+00 8.47554E-01 3.44750E+00 8.12102E-01 3.46544E+02 4.73583E+00 1.12842E+00 3.29900E+02 3.74152E+00 8.47660E-01 5.91671E-01
 3.93276E+00 9.03485E-01 3.63192E+00 8.62884E-01 3.52455E+02 4.99237E+00 1.19786E+00 3.34905E+02 3.93329E+00 9.03610E-01 6.70317E-01
 5.03010E+00 1.19132E+00 4.67828E+00 1.12107E+00 3.81449E+02 6.44428E+00 1.54961E+00 3.59349E+02 5.03130E+00 1.19161E+00 1.24622E+00
 6.41445E+00 1.53322E+00 6.00092E+00 1.42916E+00 4.12497E+02 8.28057E+00 1.96994E+00 3.85277E+02 6.41735E+00 1.53391E+00 2.42586E+00
 8.10354E+00 1.92592E+00 7.62954E+00 1.79552E+00 4.45745E+02 1.05476E+01 2.47506E+00 4.12789E+02 8.11112E+00 1.92770E+00 4.95691E+00
 1.01317E+01 2.36108E+00 9.61740E+00 2.22115E+00 4.81330E+02 1.33275E+01 3.06994E+00 4.41976E+02 1.01539E+01 2.36621E+00 1.06376E+01
 1.25353E+01 2.82647E+00 1.19823E+01 2.69382E+00 5.19434E+02 1.66380E+01 3.73735E+00 4.72960E+02 1.26107E+01 2.84340E+00 2.38596E+01
 1.53486E+01 3.30398E+00 1.47739E+01 3.18690E+00 5.60197E+02 2.05552E+01 4.43660E+00 5.05831E+02 1.56478E+01 3.36854E+00 5.48910E+01
 1.86144E+01 3.77915E+00 1.79973E+01 3.67608E+00 6.03742E+02 2.50715E+01 5.12979E+00 5.40668E+02 1.98773E+01 4.03747E+00 1.23294E+02
 2.23632E+01 4.24528E+00 2.16944E+01 4.15022E+00 6.50225E+02 3.02505E+01 5.79954E+00 5.77573E+02 2.69182E+01 5.11832E+00 2.46222E+02
 2.66528E+01 4.70026E+00 2.59202E+01 4.60699E+00 6.99805E+02 3.61681E+01 6.44251E+00 6.16649E+02 3.79417E+01 6.71072E+00 3.97655E+02
 3.15382E+01 5.14355E+00 3.07294E+01 5.04782E+00 7.52647E+02 4.29015E+01 7.06144E+00 6.58002E+02 5.05916E+01 8.27919E+00 5.20503E+02
 3.70739E+01 5.57377E+00 3.61753E+01 5.47322E+00 8.08920E+02 5.05249E+01 7.65777E+00 7.01743E+02 6.26380E+01 9.44788E+00 6.01433E+02
 4.33159E+01 5.98847E+00 4.23144E+01 5.88209E+00 8.68797E+02 5.91182E+01 8.23047E+00 7.47982E+02 7.44402E+01 1.03212E+01 6.60097E+02
 5.03190E+01 6.38439E+00 4.92014E+01 6.27196E+00 9.32459E+02 6.87579E+01 8.77637E+00 7.96834E+02 8.68977E+01 1.10529E+01 7.12191E+02
 5.81373E+01 6.75796E+00 5.68896E+01 6.63965E+00 1.00009E+03 7.95191E+01 9.29116E+00 8.48417E+02 1.00542E+02 1.17122E+01 7.64415E+02
 6.68235E+01 7.10574E+00 6.54311E+01 6.98190E+00 1.07187E+03 9.14744E+01 9.77030E+00 9.02849E+02 1.15626E+02 1.23179E+01 8.19029E+02
 7.64463E+01 7.42579E+00 7.48933E+01 7.29686E+00 1.14808E+03 1.04718E+02 1.02112E+01 9.60310E+02 1.32318E+02 1.28736E+01 8.76813E+02
 8.70465E+01 7.71456E+00 8.53163E+01 7.58104E+00 1.22889E+03 1.19307E+02 1.06091E+01 1.02090E+03 1.50702E+02 1.33747E+01 9.38017E+02
 1.13958E+00 9.16127E-02 1.09723E+00 8.83019E-02 1.75168E+02 1.52672E+00 1.22903E-01 1.75028E+02 1.13959E+00 9.16136E-02 2.50099E-02
 1.24772E+00 1.26839E-01 1.19235E+00 1.25240E-01 1.91127E+02 1.65551E+00 1.75494E-01 1.89116E+02 1.24774E+00 1.26840E-01 3.64056E-02
 1.42782E+00 1.82762E-01 1.35339E+00 1.82766E-01 2.07771E+02 1.87470E+00 2.56995E-01 2.03702E+02 1.42785E+00 1.82766E-01 5.40658E-02
 1.68474E+00 2.60866E-01 1.58498E+00 2.61757E-01 2.25209E+02 2.19070E+00 3.68404E-01 2.18868E+02 1.68479E+00 2.60873E-01 8.21420E-02
 2.03292E+00 3.63946E-01 1.90003E+00 3.63615E-01 2.43523E+02 2.62108E+00 5.11165E-01 2.34668E+02 2.03300E+00 3.63960E-01 1.28003E-01
 2.49799E+00 4.98535E-01 2.32092E+00 4.92708E-01 2.62844E+02 3.19607E+00 6.90592E-01 2.51191E+02 2.49813E+00 4.98564E-01 2.05166E-01
 3.10442E+00 6.70335E-01 2.86956E+00 6.51867E-01 2.83233E+02 3.94552E+00 9.09576E-01 2.68478E+02 3.10468E+00 6.70394E-01 3.39119E-01
 3.67921E+00 8.29371E-01 3.38953E+00 7.94905E-01 2.99714E+02 4.65579E+00 1.10461E+00 2.82361E+02 3.67965E+00 8.29474E-01 5.11715E-01
 3.86616E+00 8.83458E-01 3.56938E+00 8.43991E-01 3.04777E+02 4.90598E+00 1.17173E+00 2.86589E+02 3.86668E+00 8.83581E-01 5.79638E-01
 4.93710E+00 1.16145E+00 4.59053E+00 1.09317E+00 3.29585E+02 6.32289E+00 1.51113E+00 3.07227E+02 4.93827E+00 1.16173E+00 1.07677E+00
 6.28712E+00 1.49077E+00 5.88010E+00 1.38961E+00 3.56103E+02 8.11317E+00 1.91544E+00 3.29096E+02 6.28996E+00 1.49144E+00 2.09419E+00
 7.93315E+00 1.86802E+00 7.46682E+00 1.74124E+00 3.84455E+02 1.03217E+01 2.40013E+00 3.52280E+02 7.94057E+00 1.86974E+00 4.27526E+00
 9.90857E+00 2.28500E+00 9.40275E+00 2.14901E+00 4.14751E+02 1.30288E+01 2.97000E+00 3.76851E+02 9.93026E+00 2.28996E+00 9.16588E+00
 1.22489E+01 2.72980E+00 1.17051E+01 2.60102E+00 4.47145E+02 1.62518E+01 3.60833E+00 4.02912E+02 1.23225E+01 2.74615E+00 2.05378E+01
 1.49872E+01 3.18487E+00 1.44224E+01 3.07141E+00 4.81750E+02 2.00647E+01 4.27559E+00 4.30534E+02 1.52793E+01 3.24709E+00 4.71982E+01
 1.81653E+01 3.63626E+00 1.75593E+01 3.53662E+00 5.18667E+02 2.44598E+01 4.93500E+00 4.59785E+02 1.93975E+01 3.88477E+00 1.05893E+02
 2.18126E+01 4.07758E+00 2.11564E+01 3.98594E+00 5.58023E+02 2.94987E+01 5.56985E+00 4.90745E+02 2.62545E+01 4.91604E+00 2.11212E+02
 2.59853E+01 4.50694E+00 2.52670E+01 4.41727E+00 5.99949E+02 3.52552E+01 6.17710E+00 5.23499E+02 3.69893E+01 6.43458E+00 3.40697E+02
 3.07369E+01 4.92399E+00 2.99445E+01 4.83217E+00 6.44580E+02 4.18041E+01 6.75969E+00 5.58134E+02 4.93029E+01 7.92564E+00 4.45443E+02
 3.61200E+01 5.32758E+00 3.52403E+01 5.23130E+00 6.92053E+02 4.92175E+01 7.31923E+00 5.94738E+02 6.10226E+01 9.03042E+00 5.14154E+02
 4.21888E+01 5.71548E+00 4.12092E+01 5.61380E+00 7.42511E+02 5.75724E+01 7.85501E+00 6.33401E+02 7.24993E+01 9.85051E+00 5.63725E+02
 4.89964E+01 6.08471E+00 4.79039E+01 5.97742E+00 7.96097E+02 6.69432E+01 8.36418E+00 6.74217E+02 8.46097E+01 1.05340E+01 6.07597E+02
 5.65949E+01 6.43202E+00 5.53762E+01 6.31929E+00 8.52961E+02 7.74020E+01 8.84281E+00 7.17280E+02 9.78702E+01 1.11472E+01 6.51498E+02
 6.50353E+01 6.75423E+00 6.36759E+01 6.63641E+00 9.13256E+02 8.90189E+01 9.28678E+00 7.62687E+02 1.12527E+02 1.17085E+01 6.97350E+02
 7.43833E+01 7.04962E+00 7.28680E+01 6.92711E+00 9.77203E+02 1.01885E+02 9.69376E+00 8.10581E+02 1.28743E+02 1.22214E+01 7.45811E+02
 8.46782E+01 7.31494E+00 8.29909E+01 7.18822E+00 1.04493E+03 1.16053E+02 1.00593E+01 8.61041E+02 1.46598E+02 1.26818E+01 7.97089E+02
 1.12090E+00 8.94878E-02 1.07923E+00 8.62677E-02 1.53565E+02 1.50167E+00 1.20077E-01 1.52306E+02 1.12091E+00 8.94887E-02 2.19255E-02
 1.22998E+00 1.25219E-01 1.17521E+00 1.23703E-01 1.67580E+02 1.63163E+00 1.73365E-01 1.64432E+02 1.23000E+00 1.25221E-01 3.19204E-02
 1.40904E+00 1.80920E-01 1.33529E+00 1.80984E-01 1.82157E+02 1.84951E+00 2.54511E-01 1.76968E+02 1.40906E+00 1.80923E-01 4.74007E-02
 1.66244E+00 2.57866E-01 1.56365E+00 2.58795E-01 1.97394E+02 2.16107E+00 3.64253E-01 1.89986E+02 1.66249E+00 2.57873E-01 7.19969E-02
 2.00412E+00 3.58616E-01 1.87271E+00 3.58345E-01 2.13363E+02 2.58323E+00 5.03777E-01 2.03535E+02 2.00420E+00 3.58630E-01 1.12150E-01
 2.45880E+00 4.89318E-01 2.28401E+00 4.83696E-01 2.30176E+02 3.14505E+00 6.77998E-01 2.17687E+02 2.45893E+00 4.89346E-01 1.79667E-01
 3.05004E+00 6.55323E-01 2.81860E+00 6.37440E-01 2.47887E+02 3.87518E+00 8.89513E-01 2.32481E+02 3.05030E+00 6.55381E-01 2.96797E-01
 3.60954E+00 8.08500E-01 3.32432E+00 7.75130E-01 2.62182E+02 4.56580E+00 1.07722E+00 2.44351E+02 3.60997E+00 8.08601E-01 4.47634E-01
 3.79124E+00 8.60483E-01 3.49914E+00 8.22279E-01 2.66573E+02 4.80901E+00 1.14168E+00 2.47967E+02 3.79175E+00 8.60603E-01 5.06978E-01
 4.83267E+00 1.12724E+00 4.49219E+00 1.06119E+00 2.88067E+02 6.18693E+00 1.46701E+00 2.65609E+02 4.83382E+00 1.12752E+00 9.41125E-01
 6.14405E+00 1.44219E+00 5.74465E+00 1.34437E+00 3.11005E+02 7.92562E+00 1.85311E+00 2.84283E+02 6.14683E+00 1.44284E+00 1.82896E+00
 7.74129E+00 1.80178E+00 7.28397E+00 1.67924E+00 3.35489E+02 1.00680E+01 2.31456E+00 3.04061E+02 7.74852E+00 1.80345E+00 3.73068E+00
 9.65659E+00 2.19801E+00 9.16069E+00 2.06664E+00 3.61612E+02 1.26923E+01 2.85593E+00 3.25002E+02 9.67772E+00 2.20278E+00 7.99126E+00
 1.19242E+01 2.61931E+00 1.13914E+01 2.49506E+00 3.89501E+02 1.58148E+01 3.46105E+00 3.47191E+02 1.19959E+01 2.63499E+00 1.78890E+01
 1.45761E+01 3.04879E+00 1.40229E+01 2.93954E+00 4.19251E+02 1.95074E+01 4.09178E+00 3.70688E+02 1.48600E+01 3.10833E+00 4.10695E+01
 1.76524E+01 3.47310E+00 1.70593E+01 3.37744E+00 4.50945E+02 2.37618E+01 4.71270E+00 3.95547E+02 1.88494E+01 3.71042E+00 9.20415E+01
 2.11814E+01 3.88625E+00 2.05397E+01 3.79855E+00 4.84687E+02 2.86372E+01 5.30786E+00 4.21835E+02 2.54936E+01 4.68527E+00 1.83369E+02
 2.52170E+01 4.28658E+00 2.45154E+01 4.20102E+00 5.20587E+02 3.42046E+01 5.87460E+00 4.49622E+02 3.58932E+01 6.11982E+00 2.95436E+02
 2.98107E+01 4.67394E+00 2.90376E+01 4.58657E+00 5.58754E+02 4.05361E+01 6.41604E+00 4.78977E+02 4.78137E+01 7.52300E+00 3.85840E+02
 3.50129E+01 5.04742E+00 3.41555E+01 4.95603E+00 5.99302E+02 4.77006E+01 6.93402E+00 5.09974E+02 5.91481E+01 8.55539E+00 4.44896E+02
 4.08756E+01 5.40508E+00 3.99217E+01 5.30876E+00 6.42347E+02 5.57719E+01 7.42813E+00 5.42687E+02 7.02383E+01 9.31540E+00 4.87300E+02
 4.74495E+01 5.74425E+00 4.63867E+01 5.64281E+00 6.88007E+02 6.48210E+01 7.89589E+00 5.77189E+02 8.19339E+01 9.94442E+00 5.24701E+02
 5.47842E+01 6.06199E+00 5.35996E+01 5.95559E+00 7.36404E+02 7.49168E+01 8.33382E+00 6.13560E+02 9.47344E+01 1.05057E+01 5.62054E+02
 6.29282E+01 6.35546E+00 6.16079E+01 6.24445E+00 7.87663E+02 8.61260E+01 8.73823E+00 6.51876E+02 1.08877E+02 1.10170E+01 6.01016E+02
 7.19440E+01 6.62314E+00 7.04734E+01 6.50791E+00 8.41964E+02 9.85348E+01 9.10708E+00 6.92255E+02 1.24517E+02 1.14819E+01 6.42146E+02
 8.18687E+01 6.86215E+00 8.02324E+01 6.74316E+00 8.99412E+02 1.12194E+02 9.43644E+00 7.34760E+02 1.41730E+02 1.18967E+01 6.85620E+02
 1.09874E+00 8.70175E-02 1.05788E+00 8.39034E-02 1.36034E+02 1.47195E+00 1.16793E-01 1.33835E+02 1.09875E+00 8.70184E-02 1.94224E-02
 1.20878E+00 1.23332E-01 1.15473E+00 1.21914E-01 1.48473E+02 1.60312E+00 1.70886E-01 1.44396E+02 1.20880E+00 1.23333E-01 2.82809E-02
 1.38663E+00 1.78770E-01 1.31371E+00 1.78905E-01 1.61383E+02 1.81948E+00 2.51616E-01 1.55302E+02 1.38666E+00 1.78774E-01 4.19949E-02
 1.63614E+00 2.54388E-01 1.53848E+00 2.55360E-01 1.74851E+02 2.12611E+00 3.59439E-01 1.66615E+02 1.63618E+00 2.54395E-01 6.37746E-02
 1.97063E+00 3.52488E-01 1.84092E+00 3.52277E-01 1.88940E+02 2.53917E+00 4.95268E-01 1.78377E+02 1.97070E+00 3.52502E-01 9.93126E-02
 2.41379E+00 4.78793E-01 2.24160E+00 4.73383E-01 2.03749E+02 3.08639E+00 6.63577E-01 1.90653E+02 2.41392E+00 4.78821E-01 1.59038E-01
 2.98816E+00 6.38264E-01 2.76061E+00 6.21007E-01 2.19322E+02 3.79511E+00 8.66644E-01 2.03473E+02 2.98841E+00 6.38320E-01 2.62595E-01
 3.53059E+00 7.84842E-01 3.25049E+00 7.52663E-01 2.31876E+02 4.46393E+00 1.04609E+00 2.13752E+02 3.53102E+00 7.84940E-01 3.95891E-01
 3.70643E+00 8.34456E-01 3.41969E+00 7.97633E-01 2.35731E+02 4.69932E+00 1.10755E+00 2.16884E+02 3.70692E+00 8.34572E-01 4.48321E-01
 4.71461E+00 1.08857E+00 4.38111E+00 1.02500E+00 2.54586E+02 6.03339E+00 1.41708E+00 2.32153E+02 4.71573E+00 1.08883E+00 8.31735E-01
 5.98214E+00 1.38735E+00 5.59158E+00 1.29332E+00 2.74674E+02 7.71374E+00 1.78277E+00 2.48300E+02 5.98484E+00 1.38798E+00 1.61529E+00
 7.52368E+00 1.72710E+00 7.07690E+00 1.60940E+00 2.96084E+02 9.78088E+00 2.21820E+00 2.65383E+02 7.53071E+00 1.72870E+00 3.29243E+00
 9.36995E+00 2.09999E+00 8.88570E+00 1.97394E+00 3.18892E+02 1.23100E+01 2.72760E+00 2.83455E+02 9.39045E+00 2.10454E+00 7.04698E+00
 1.15537E+01 2.49489E+00 1.10336E+01 2.37585E+00 3.43208E+02 1.53166E+01 3.29543E+00 3.02585E+02 1.16231E+01 2.50982E+00 1.57618E+01
 1.41052E+01 2.89566E+00 1.35656E+01 2.79126E+00 3.69108E+02 1.88695E+01 3.88512E+00 3.22823E+02 1.43798E+01 2.95219E+00 3.61526E+01
 1.70628E+01 3.28967E+00 1.64849E+01 3.19855E+00 3.96663E+02 2.29597E+01 4.46288E+00 3.44214E+02 1.82194E+01 3.51441E+00 8.09403E+01
 2.04531E+01 3.67134E+00 1.98285E+01 3.58812E+00 4.25959E+02 2.76436E+01 5.01366E+00 3.66812E+02 2.46157E+01 4.42609E+00 1.61075E+02
 2.43274E+01 4.03932E+00 2.36453E+01 3.95841E+00 4.57087E+02 3.29887E+01 5.53523E+00 3.90677E+02 3.46240E+01 5.76666E+00 2.59228E+02
 2.87345E+01 4.39367E+00 2.79839E+01 4.31130E+00 4.90139E+02 3.90631E+01 6.03088E+00 4.15865E+02 4.60833E+01 7.07170E+00 3.38199E+02
 3.37221E+01 4.73373E+00 3.28908E+01 4.64781E+00 5.25208E+02 4.59322E+01 6.50271E+00 4.42436E+02 5.69626E+01 8.02349E+00 3.89581E+02
 3.93394E+01 5.05785E+00 3.84157E+01 4.96753E+00 5.62390E+02 5.36657E+01 6.95060E+00 4.70451E+02 6.75933E+01 8.71680E+00 4.26305E+02
 4.56339E+01 5.36373E+00 4.46061E+01 5.26883E+00 6.01782E+02 6.23306E+01 7.37252E+00 4.99972E+02 7.87935E+01 9.28551E+00 4.58587E+02
 5.26525E+01 5.64878E+00 5.15082E+01 5.54947E+00 6.43485E+02 7.19914E+01 7.76546E+00 5.31061E+02 9.10427E+01 9.78946E+00 4.90764E+02
 6.04404E+01 5.91053E+00 5.91664E+01 5.80713E+00 6.87601E+02 8.27105E+01 8.12620E+00 5.63782E+02 1.04567E+02 1.02456E+01 5.24280E+02
 6.90561E+01 6.14767E+00 6.76386E+01 6.04056E+00 7.34280E+02 9.45688E+01 8.45302E+00 5.98232E+02 1.19513E+02 1.06575E+01 5.59617E+02
 7.85339E+01 6.35773E+00 7.69582E+01 6.24734E+00 7.83604E+02 1.07613E+02 8.74253E+00 6.34461E+02 1.35951E+02 1.10220E+01 5.96923E+02
 1.07281E+00 8.42165E-02 1.03289E+00 8.12237E-02 1.21679E+02 1.43717E+00 1.13071E-01 1.18680E+02 1.07282E+00 8.42174E-02 1.73730E-02
 1.18377E+00 1.21187E-01 1.13059E+00 1.19882E-01 1.32829E+02 1.56951E+00 1.68073E-01 1.27985E+02 1.18379E+00 1.21189E-01 2.53011E-02
 1.36024E+00 1.76322E-01 1.28831E+00 1.76539E-01 1.44381E+02 1.78414E+00 2.48320E-01 1.37584E+02 1.36027E+00 1.76325E-01 3.75707E-02
 1.60549E+00 2.50450E-01 1.50915E+00 2.51469E-01 1.56413E+02 2.08537E+00 3.53987E-01 1.47533E+02 1.60553E+00 2.50457E-01 5.70496E-02
 1.93220E+00 3.45615E-01 1.80441E+00 3.45462E-01 1.68982E+02 2.48857E+00 4.85706E-01 1.57869E+02 1.93227E+00 3.45629E-01 8.88217E-02
 2.36291E+00 4.67092E-01 2.19361E+00 4.61887E-01 1.82172E+02 3.02003E+00 6.47492E-01 1.68646E+02 2.36304E+00 4.67119E-01 1.42196E-01
 2.91902E+00 6.19421E-01 2.69579E+00 6.02802E-01 1.96023E+02 3.70561E+00 8.41289E-01 1.79891E+02 2.91927E+00 6.19476E-01 2.34700E-01
 3.44290E+00 7.58799E-01 3.16854E+00 7.27867E-01 2.07178E+02 4.35089E+00 1.01170E+00 1.88903E+02 3.44331E+00 7.58894E-01 3.53722E-01
 3.61234E+00 8.05831E-01 3.33162E+00 7.70460E-01 2.10601E+02 4.57778E+00 1.06990E+00 1.91647E+02 3.61283E+00 8.05943E-01 4.00526E-01
 4.58392E+00 1.04615E+00 4.25827E+00 9.85262E-01 2.27332E+02 5.86366E+00 1.36222E+00 2.05022E+02 4.58501E+00 1.04641E+00 7.42694E-01
 5.80288E+00 1.32734E+00 5.42233E+00 1.23747E+00 2.45132E+02 7.47957E+00 1.70581E+00 2.19153E+02 5.80549E+00 1.32794E+00 1.44155E+00
 7.28229E+00 1.64552E+00 6.84757E+00 1.53320E+00 2.64075E+02 9.46300E+00 2.11310E+00 2.34090E+02 7.28908E+00 1.64704E+00 2.93646E+00
 9.05103E+00 1.99305E+00 8.58018E+00 1.87295E+00 2.84228E+02 1.18855E+01 2.58786E+00 2.49875E+02 9.07083E+00 1.99737E+00 6.28076E+00
 1.11400E+01 2.35928E+00 1.06346E+01 2.24609E+00 3.05682E+02 1.47612E+01 3.11519E+00 2.66569E+02 1.12068E+01 2.37339E+00 1.40375E+01
 1.35773E+01 2.72894E+00 1.30534E+01 2.62995E+00 3.28502E+02 1.81553E+01 3.66035E+00 2.84212E+02 1.38416E+01 2.78220E+00 3.21711E+01
 1.63993E+01 3.09020E+00 1.58388E+01 3.00412E+00 3.52747E+02 2.20579E+01 4.19140E+00 3.02842E+02 1.75105E+01 3.30128E+00 7.19602E+01
 1.96302E+01 3.43799E+00 1.90252E+01 3.35967E+00 3.78492E+02 2.65216E+01 4.69431E+00 3.22505E+02 2.36238E+01 4.14466E+00 1.43059E+02
 2.33181E+01 3.77123E+00 2.26586E+01 3.69539E+00 4.05810E+02 3.16098E+01 5.16732E+00 3.43248E+02 3.31845E+01 5.38377E+00 2.29997E+02
 2.75087E+01 4.09023E+00 2.67841E+01 4.01329E+00 4.34778E+02 3.73860E+01 5.61391E+00 3.65122E+02 4.41128E+01 6.58311E+00 2.99772E+02
 3.22463E+01 4.39458E+00 3.14451E+01 4.31459E+00 4.65476E+02 4.39108E+01 6.03641E+00 3.88173E+02 5.44641E+01 7.44845E+00 3.45001E+02
 3.75763E+01 4.68297E+00 3.66876E+01 4.59913E+00 4.97981E+02 5.12491E+01 6.43504E+00 4.12453E+02 6.45581E+01 8.07051E+00 3.77185E+02
 4.35429E+01 4.95343E+00 4.25555E+01 4.86559E+00 5.32377E+02 5.94626E+01 6.80820E+00 4.38013E+02 7.51768E+01 8.57502E+00 4.05384E+02
 5.01889E+01 5.20377E+00 4.90913E+01 5.11210E+00 5.68745E+02 6.86108E+01 7.15336E+00 4.64904E+02 8.67765E+01 9.01807E+00 4.33435E+02
 5.75558E+01 5.43190E+00 5.63358E+01 5.33670E+00 6.07170E+02 7.87508E+01 7.46783E+00 4.93178E+02 9.95701E+01 9.41577E+00 4.62612E+02
 6.56974E+01 5.63676E+00 6.43418E+01 5.53838E+00 6.47776E+02 8.99567E+01 7.75022E+00 5.22915E+02 1.13694E+02 9.77161E+00 4.93336E+02
 7.46444E+01 5.81629E+00 7.31396E+01 5.71513E+00 6.90631E+02 1.02271E+02 7.99770E+00 5.54156E+02 1.29211E+02 1.00832E+01 5.25732E+02
 1.04256E+00 8.11211E-02 1.00374E+00 7.82636E-02 1.09830E+02 1.39661E+00 1.08961E-01 1.06144E+02 1.04257E+00 8.11219E-02 1.56812E-02
 1.15446E+00 1.18811E-01 1.10230E+00 1.17632E-01 1.19911E+02 1.53012E+00 1.64958E-01 1.14428E+02 1.15447E+00 1.18812E-01 2.28406E-02
 1.32938E+00 1.73590E-01 1.25860E+00 1.73902E-01 1.30342E+02 1.74281E+00 2.44647E-01 1.22967E+02 1.32940E+00 1.73593E-01 3.39175E-02
 1.56997E+00 2.46069E-01 1.47516E+00 2.47143E-01 1.41193E+02 2.03817E+00 3.47924E-01 1.31812E+02 1.57001E+00 2.46076E-01 5.14982E-02
 1.88823E+00 3.38037E-01 1.76263E+00 3.37941E-01 1.52514E+02 2.43066E+00 4.75153E-01 1.40993E+02 1.88830E+00 3.38051E-01 8.01658E-02
 2.30543E+00 4.54313E-01 2.13940E+00 4.49310E-01 1.64379E+02 2.94503E+00 6.29884E-01 1.50559E+02 2.30556E+00 4.54339E-01 1.28308E-01
 2.84169E+00 5.99004E-01 2.62330E+00 5.83028E-01 1.76825E+02 3.60554E+00 8.13729E-01 1.60533E+02 2.84192E+00 5.99056E-01 2.11713E-01
 3.34533E+00 7.30704E-01 3.07743E+00 7.01052E-01 1.86838E+02 4.22524E+00 9.74477E-01 1.68521E+02 3.34573E+00 7.30796E-01 3.18994E-01
 3.50779E+00 7.74988E-01 3.23380E+00 7.41109E-01 1.89908E+02 4.44279E+00 1.02919E+00 1.70952E+02 3.50826E+00 7.75096E-01 3.61172E-01
 4.43900E+00 1.00064E+00 4.12206E+00 9.42540E-01 2.04909E+02 5.67544E+00 1.30321E+00 1.82798E+02 4.44006E+00 1.00088E+00 6.69433E-01
 5.60414E+00 1.26315E+00 5.23478E+00 1.17769E+00 2.20845E+02 7.22011E+00 1.62344E+00 1.95302E+02 5.60666E+00 1.26372E+00 1.29872E+00
 7.01439E+00 1.55848E+00 6.59328E+00 1.45197E+00 2.37783E+02 9.11063E+00 2.00109E+00 2.08506E+02 7.02093E+00 1.55992E+00 2.64405E+00
 8.69636E+00 1.87920E+00 8.24073E+00 1.76557E+00 2.55778E+02 1.14140E+01 2.43934E+00 2.22448E+02 8.71537E+00 1.88327E+00 5.65191E+00
 1.06786E+01 2.21516E+00 1.01901E+01 2.10835E+00 2.74910E+02 1.41426E+01 2.92394E+00 2.37177E+02 1.07426E+01 2.22841E+00 1.26236E+01
 1.29869E+01 2.55206E+00 1.24808E+01 2.45895E+00 2.95233E+02 1.73570E+01 3.42214E+00 2.52729E+02 1.32395E+01 2.60186E+00 2.89093E+01
 1.56547E+01 2.87896E+00 1.51140E+01 2.79830E+00 3.16798E+02 2.10464E+01 3.90406E+00 2.69136E+02 1.67149E+01 3.07557E+00 6.46099E+01
 1.87036E+01 3.19133E+00 1.81212E+01 3.11825E+00 3.39667E+02 2.52589E+01 4.35684E+00 2.86434E+02 2.25072E+01 3.84720E+00 1.28327E+02
 2.21781E+01 3.48839E+00 2.15443E+01 3.41793E+00 3.63903E+02 3.00528E+01 4.77922E+00 3.04666E+02 3.15585E+01 4.97982E+00 2.06114E+02
 2.61197E+01 3.77070E+00 2.54249E+01 3.69951E+00 3.89571E+02 3.54860E+01 5.17488E+00 3.23872E+02 4.18801E+01 6.06862E+00 2.68404E+02
 3.05688E+01 4.03810E+00 2.98021E+01 3.96436E+00 4.16737E+02 4.16137E+01 5.54632E+00 3.44091E+02 5.16244E+01 6.84403E+00 3.08639E+02
 3.55664E+01 4.28961E+00 3.47179E+01 4.21259E+00 4.45467E+02 4.84947E+01 5.89411E+00 3.65367E+02 6.10981E+01 7.39240E+00 3.37150E+02
 4.11524E+01 4.52363E+00 4.02116E+01 4.44320E+00 4.75829E+02 5.61845E+01 6.21708E+00 3.87741E+02 7.10425E+01 7.83078E+00 3.62052E+02
 4.73651E+01 4.73836E+00 4.63214E+01 4.65468E+00 5.07893E+02 6.47365E+01 6.51322E+00 4.11257E+02 8.18868E+01 8.21132E+00 3.86775E+02
 5.42415E+01 4.93209E+00 5.30836E+01 4.84544E+00 5.41728E+02 7.42015E+01 6.78033E+00 4.35956E+02 9.38288E+01 8.54920E+00 4.12454E+02
 6.18294E+01 5.10400E+00 6.05453E+01 5.01473E+00 5.77439E+02 8.46456E+01 7.01737E+00 4.61906E+02 1.06992E+02 8.84787E+00 4.39460E+02
 7.01556E+01 5.25246E+00 6.87328E+01 5.16094E+00 6.15081E+02 9.61055E+01 7.22210E+00 4.89139E+02 1.21433E+02 9.10559E+00 4.67900E+02
 1.00774E+00 7.78158E-02 9.70183E-01 7.51052E-02 9.99383E+01 1.34990E+00 1.04575E-01 9.56544E+01 1.00775E+00 7.78166E-02 1.42688E-02
 1.12056E+00 1.16260E-01 1.06959E+00 1.15220E-01 1.09116E+02 1.48457E+00 1.61619E-01 1.03094E+02 1.12058E+00 1.16262E-01 2.07843E-02
 1.29375E+00 1.70621E-01 1.22433E+00 1.71036E-01 1.18603E+02 1.69512E+00 2.40657E-01 1.10758E+02 1.29378E+00 1.70624E-01 3.08627E-02
 1.52928E+00 2.41308E-01 1.43625E+00 2.42443E-01 1.28462E+02 1.98413E+00 3.41338E-01 1.18692E+02 1.52932E+00 2.41314E-01 4.68548E-02
 1.83842E+00 3.29876E-01 1.71534E+00 3.29839E-01 1.38739E+02 2.36511E+00 4.63783E-01 1.26922E+02 1.83849E+00 3.29889E-01 7.29251E-02
 2.24111E+00 4.40703E-01 2.07875E+00 4.35898E-01 1.49498E+02 2.86116E+00 6.11100E-01 1.35491E+02 2.24123E+00 4.40729E-01 1.16692E-01
 2.75602E+00 5.77475E-01 2.54306E+00 5.62133E-01 1.60772E+02 3.49476E+00 7.84590E-01 1.44420E+02 2.75625E+00 5.77525E-01 1.92492E-01
 3.23787E+00 7.01256E-01 2.97720E+00 6.72879E-01 1.69835E+02 4.08706E+00 9.35348E-01 1.51566E+02 3.23826E+00 7.01343E-01 2.89964E-01
 3.39282E+00 7.42713E-01 3.12631E+00 7.10324E-01 1.72612E+02 4.29450E+00 9.86473E-01 1.53740E+02 3.39328E+00 7.42816E-01 3.28277E-01
 4.28011E+00 9.53283E-01 3.97267E+00 8.98010E-01 1.86173E+02 5.46900E+00 1.24167E+00 1.64329E+02 4.28113E+00 9.53514E-01 6.08221E-01
 5.38646E+00 1.19667E+00 5.02933E+00 1.11574E+00 2.00563E+02 6.93588E+00 1.53804E+00 1.75495E+02 5.38889E+00 1.19721E+00 1.17943E+00
 6.72095E+00 1.46869E+00 6.31486E+00 1.36821E+00 2.15838E+02 8.72484E+00 1.88562E+00 1.87277E+02 6.72722E+00 1.47005E+00 2.39999E+00
 8.30744E+00 1.76213E+00 7.86875E+00 1.65530E+00 2.32047E+02 1.08974E+01 2.28688E+00 1.99706E+02 8.32559E+00 1.76595E+00 5.12737E+00
 1.01717E+01 2.06738E+00 9.70203E+00 1.96729E+00 2.49258E+02 1.34635E+01 2.72815E+00 2.12824E+02 1.02327E+01 2.07974E+00 1.14450E+01
 1.23366E+01 2.37115E+00 1.18507E+01 2.28421E+00 2.67520E+02 1.64785E+01 3.17879E+00 2.26662E+02 1.25765E+01 2.41741E+00 2.61923E+01
 1.48324E+01 2.66347E+00 1.43142E+01 2.58846E+00 2.86873E+02 1.99302E+01 3.61114E+00 2.41246E+02 1.58365E+01 2.84532E+00 5.84922E+01
 1.76777E+01 2.94036E+00 1.71206E+01 2.87269E+00 3.07371E+02 2.38616E+01 4.01361E+00 2.56608E+02 2.12710E+01 3.54456E+00 1.16075E+02
 2.09125E+01 3.20137E+00 2.03077E+01 3.13641E+00 3.29068E+02 2.83249E+01 4.38546E+00 2.72784E+02 2.97537E+01 4.56992E+00 1.86270E+02
 2.45737E+01 3.44727E+00 2.39123E+01 3.38192E+00 3.52019E+02 3.33719E+01 4.73053E+00 2.89806E+02 3.93951E+01 5.54788E+00 2.42360E+02
 2.86969E+01 3.67817E+00 2.79691E+01 3.61075E+00 3.76279E+02 3.90511E+01 5.05151E+00 3.07709E+02 4.84560E+01 6.23377E+00 2.78470E+02
 3.33182E+01 3.89337E+00 3.25149E+01 3.82323E+00 4.01905E+02 4.54143E+01 5.34924E+00 3.26527E+02 5.72283E+01 6.70934E+00 3.03956E+02
 3.84724E+01 4.09165E+00 3.75842E+01 4.01867E+00 4.28954E+02 5.25100E+01 5.62299E+00 3.46297E+02 6.64078E+01 7.08278E+00 3.26149E+02
 4.41927E+01 4.27158E+00 4.32099E+01 4.19593E+00 4.57484E+02 6.03844E+01 5.87121E+00 3.67054E+02 7.63937E+01 7.40222E+00 3.48140E+02
 5.05107E+01 4.43182E+00 4.94231E+01 4.35376E+00 4.87553E+02 6.90812E+01 6.09223E+00 3.88833E+02 8.73664E+01 7.68186E+00 3.70950E+02
 5.74676E+01 4.57181E+00 5.62645E+01 4.49165E+00 5.19250E+02 7.86571E+01 6.28532E+00 4.11689E+02 9.94351E+01 7.92511E+00 3.94907E+02
 6.50856E+01 4.69029E+00 6.37558E+01 4.60838E+00 5.52618E+02 8.91425E+01 6.44879E+00 4.35651E+02 1.12648E+02 8.13085E+00 4.20105E+02
 9.68291E-01 7.44149E-02 9.32174E-01 7.18587E-02 9.15493E+01 1.29700E+00 1.00069E-01 8.67402E+01 9.68301E-01 7.44157E-02 1.30711E-02
 1.08212E+00 1.13618E-01 1.03249E+00 1.12723E-01 9.99441E+01 1.43291E+00 1.58162E-01 9.34646E+01 1.08214E+00 1.13619E-01 1.90372E-02
 1.25347E+00 1.67480E-01 1.18556E+00 1.68004E-01 1.08616E+02 1.64118E+00 2.36436E-01 1.00389E+02 1.25349E+00 1.67483E-01 2.82637E-02
 1.48357E+00 2.36239E-01 1.39255E+00 2.37441E-01 1.17621E+02 1.92344E+00 3.34330E-01 1.07552E+02 1.48361E+00 2.36246E-01 4.29006E-02
 1.78294E+00 3.21244E-01 1.66270E+00 3.21274E-01 1.27001E+02 2.29217E+00 4.51764E-01 1.14980E+02 1.78300E+00 3.21257E-01 6.67552E-02
 2.17010E+00 4.26463E-01 2.01189E+00 4.21862E-01 1.36813E+02 2.76872E+00 5.91441E-01 1.22709E+02 2.17021E+00 4.26487E-01 1.06790E-01
 2.66221E+00 5.55189E-01 2.45533E+00 5.40485E-01 1.47085E+02 3.37373E+00 7.54393E-01 1.30757E+02 2.66243E+00 5.55238E-01 1.76105E-01
 3.12078E+00 6.70986E-01 2.86819E+00 6.43884E-01 1.55337E+02 3.93684E+00 8.95062E-01 1.37195E+02 3.12116E+00 6.71070E-01 2.65211E-01
 3.26768E+00 7.09605E-01 3.00949E+00 6.78702E-01 1.57864E+02 4.13341E+00 9.42574E-01 1.39152E+02 3.26812E+00 7.09704E-01 3.00228E-01
 4.10763E+00 9.05073E-01 3.81052E+00 8.52606E-01 1.70197E+02 5.24493E+00 1.17889E+00 1.48682E+02 4.10861E+00 9.05291E-01 5.56027E-01
 5.15050E+00 1.12940E+00 4.80649E+00 1.05298E+00 1.83270E+02 6.62753E+00 1.45152E+00 1.58724E+02 5.15282E+00 1.12991E+00 1.07773E+00
 6.40311E+00 1.37832E+00 6.01319E+00 1.28391E+00 1.97132E+02 8.30682E+00 1.76938E+00 1.69310E+02 6.40908E+00 1.37959E+00 2.19197E+00
 7.88621E+00 1.64486E+00 7.46591E+00 1.54492E+00 2.11826E+02 1.03380E+01 2.13429E+00 1.80467E+02 7.90343E+00 1.64842E+00 4.68042E+00
 9.62228E+00 1.91995E+00 9.17328E+00 1.82669E+00 2.27409E+02 1.27278E+01 2.53305E+00 1.92233E+02 9.67994E+00 1.93143E+00 1.04412E+01
 1.16311E+01 2.19134E+00 1.11672E+01 2.11066E+00 2.43924E+02 1.55259E+01 2.93714E+00 2.04632E+02 1.18571E+01 2.23409E+00 2.38793E+01
 1.39391E+01 2.45004E+00 1.34455E+01 2.38071E+00 2.61406E+02 1.87181E+01 3.32119E+00 2.17688E+02 1.48822E+01 2.61730E+00 5.32871E+01
 1.65616E+01 2.69265E+00 1.60323E+01 2.63039E+00 2.79901E+02 2.23420E+01 3.67496E+00 2.31427E+02 1.99260E+01 3.24588E+00 1.05658E+02
 1.95335E+01 2.91905E+00 1.89606E+01 2.85954E+00 2.99454E+02 2.64430E+01 3.99823E+00 2.45879E+02 2.77874E+01 4.16676E+00 1.69409E+02
 2.28868E+01 3.13020E+00 2.22623E+01 3.07059E+00 3.20113E+02 3.10658E+01 4.29495E+00 2.61073E+02 3.66842E+01 5.03739E+00 2.20244E+02
 2.66518E+01 3.32641E+00 2.59669E+01 3.26519E+00 3.41925E+02 3.62520E+01 4.56798E+00 2.77036E+02 4.49947E+01 5.63740E+00 2.52868E+02
 3.08591E+01 3.50731E+00 3.01056E+01 3.44389E+00 3.64938E+02 4.20454E+01 4.81840E+00 2.93800E+02 5.29956E+01 6.04383E+00 2.75804E+02
 3.55378E+01 3.67198E+00 3.47074E+01 3.60626E+00 3.89199E+02 4.84869E+01 5.04585E+00 3.11392E+02 6.13331E+01 6.35611E+00 2.95717E+02
 4.07154E+01 3.81936E+00 3.97996E+01 3.75149E+00 4.14757E+02 5.56147E+01 5.24925E+00 3.29842E+02 7.03730E+01 6.61836E+00 3.15412E+02
 4.64178E+01 3.94844E+00 4.54077E+01 3.87869E+00 4.41662E+02 6.34644E+01 5.42737E+00 3.49181E+02 8.02771E+01 6.84379E+00 3.35811E+02
 5.26789E+01 4.05888E+00 5.15651E+01 3.98752E+00 4.69988E+02 7.20830E+01 5.57979E+00 3.69455E+02 9.11390E+01 7.03578E+00 3.57209E+02
 5.95157E+01 4.14981E+00 5.82884E+01 4.07715E+00 4.99771E+02 8.14936E+01 5.70533E+00 3.90685E+02 1.02997E+02 7.19372E+00 3.79689E+02
 9.25006E-01 7.10817E-02 8.90464E-01 6.86819E-02 8.43020E+01 1.23895E+00 9.56617E-02 7.90268E+01 9.25015E-01 7.10825E-02 1.20363E-02
 1.03991E+00 1.10989E-01 9.91737E-01 1.10240E-01 9.19982E+01 1.37616E+00 1.54727E-01 8.51274E+01 1.03993E+00 1.10991E-01 1.75237E-02
 1.20931E+00 1.64248E-01 1.14305E+00 1.64881E-01 9.99447E+01 1.58205E+00 2.32086E-01 9.14066E+01 1.20933E+00 1.64251E-01 2.60074E-02
 1.43366E+00 2.30967E-01 1.34484E+00 2.32236E-01 1.08193E+02 1.85720E+00 3.27037E-01 9.79004E+01 1.43370E+00 2.30974E-01 3.94619E-02
 1.72270E+00 3.12327E-01 1.60559E+00 3.12426E-01 1.16780E+02 2.21307E+00 4.39349E-01 1.04631E+02 1.72276E+00 3.12339E-01 6.13827E-02
 2.09348E+00 4.11929E-01 1.93987E+00 4.07538E-01 1.25756E+02 2.66920E+00 5.71379E-01 1.11630E+02 2.09359E+00 4.11953E-01 9.81592E-02
 2.56164E+00 5.32727E-01 2.36148E+00 5.18658E-01 1.35145E+02 3.24432E+00 7.23944E-01 1.18914E+02 2.56186E+00 5.32774E-01 1.61809E-01
 2.99582E+00 6.40737E-01 2.75211E+00 6.14889E-01 1.42684E+02 3.77701E+00 8.54770E-01 1.24738E+02 2.99618E+00 6.40817E-01 2.43607E-01
 3.13429E+00 6.76606E-01 2.88521E+00 6.47159E-01 1.44991E+02 3.96211E+00 8.98776E-01 1.26507E+02 3.13471E+00 6.76700E-01 2.75745E-01
 3.92441E+00 8.57495E-01 3.63835E+00 8.07757E-01 1.56246E+02 5.00705E+00 1.11687E+00 1.35119E+02 3.92535E+00 8.57702E-01 5.10446E-01
 4.90050E+00 1.06357E+00 4.57034E+00 9.91528E-01 1.68164E+02 6.30075E+00 1.36678E+00 1.44187E+02 4.90271E+00 1.06404E+00 9.88889E-01
 6.06703E+00 1.29052E+00 5.69407E+00 1.20199E+00 1.80787E+02 7.86456E+00 1.65644E+00 1.53738E+02 6.07268E+00 1.29171E+00 2.01020E+00
 7.44157E+00 1.53166E+00 7.04067E+00 1.43842E+00 1.94154E+02 9.74741E+00 1.98709E+00 1.63795E+02 7.45781E+00 1.53498E+00 4.28984E+00
 9.04303E+00 1.77847E+00 8.61589E+00 1.69186E+00 2.08315E+02 1.19524E+01 2.34599E+00 1.74391E+02 9.09718E+00 1.78910E+00 9.56399E+00
 1.08877E+01 2.01970E+00 1.04473E+01 1.94509E+00 2.23305E+02 1.45225E+01 2.70663E+00 1.85548E+02 1.10992E+01 2.05909E+00 2.18583E+01
 1.29982E+01 2.24732E+00 1.25308E+01 2.18347E+00 2.39156E+02 1.74420E+01 3.04593E+00 1.97283E+02 1.38770E+01 2.40071E+00 4.87404E+01
 1.53862E+01 2.45849E+00 1.48866E+01 2.40139E+00 2.55905E+02 2.07423E+01 3.35492E+00 2.09622E+02 1.85098E+01 2.96354E+00 9.65619E+01
 1.80815E+01 2.65339E+00 1.75426E+01 2.59905E+00 2.73593E+02 2.44620E+01 3.63391E+00 2.22587E+02 2.57171E+01 3.78741E+00 1.54693E+02
 2.11107E+01 2.83314E+00 2.05255E+01 2.77895E+00 2.92260E+02 2.86386E+01 3.88693E+00 2.36204E+02 3.38302E+01 4.55915E+00 2.00950E+02
 2.44988E+01 2.99826E+00 2.38595E+01 2.94285E+00 3.11945E+02 3.33060E+01 4.11692E+00 2.50497E+02 4.13513E+01 5.08105E+00 2.30540E+02
 2.82708E+01 3.14860E+00 2.75702E+01 3.09144E+00 3.32689E+02 3.85004E+01 4.32519E+00 2.65490E+02 4.85410E+01 5.42549E+00 2.51263E+02
 3.24498E+01 3.28355E+00 3.16807E+01 3.22457E+00 3.54533E+02 4.42543E+01 4.51170E+00 2.81208E+02 5.59934E+01 5.68354E+00 2.69199E+02
 3.70575E+01 3.40234E+00 3.62126E+01 3.34168E+00 3.77517E+02 5.05979E+01 4.67573E+00 2.97676E+02 6.40400E+01 5.89553E+00 2.86905E+02
 4.21138E+01 3.50427E+00 4.11856E+01 3.44217E+00 4.01684E+02 5.75588E+01 4.81648E+00 3.14918E+02 7.28225E+01 6.07374E+00 3.05220E+02
 4.76454E+01 3.58919E+00 4.66257E+01 3.52589E+00 4.27095E+02 6.51735E+01 4.93376E+00 3.32974E+02 8.24190E+01 6.22142E+00 3.24407E+02
 5.36638E+01 3.65653E+00 5.25445E+01 3.59232E+00 4.53781E+02 7.34582E+01 5.02682E+00 3.51860E+02 9.28579E+01 6.33844E+00 3.44539E+02
 8.79726E-01 6.79540E-02 8.46827E-01 6.57079E-02 7.79113E+01 1.17822E+00 9.15384E-02 7.22210E+01 8.79735E-01 6.79546E-02 1.11239E-02
 9.95754E-01 1.08455E-01 9.49085E-01 1.07845E-01 8.49661E+01 1.31676E+00 1.51413E-01 7.77600E+01 9.95767E-01 1.08456E-01 1.61842E-02
 1.16306E+00 1.60974E-01 1.09853E+00 1.61709E-01 9.22487E+01 1.52009E+00 2.27664E-01 8.34596E+01 1.16308E+00 1.60977E-01 2.40047E-02
 1.38132E+00 2.25532E-01 1.29483E+00 2.26863E-01 9.98058E+01 1.78775E+00 3.19506E-01 8.93521E+01 1.38136E+00 2.25538E-01 3.64027E-02
 1.65947E+00 3.03184E-01 1.54572E+00 3.03354E-01 1.07669E+02 2.13017E+00 4.26621E-01 9.54568E+01 1.65954E+00 3.03195E-01 5.65938E-02
 2.01315E+00 3.97217E-01 1.86447E+00 3.93043E-01 1.15883E+02 2.56507E+00 5.51080E-01 1.01801E+02 2.01326E+00 3.97240E-01 9.04532E-02
 2.45645E+00 5.10287E-01 2.26351E+00 4.96861E-01 1.24470E+02 3.10930E+00 6.93539E-01 1.08400E+02 2.45666E+00 5.10332E-01 1.49028E-01
 2.86546E+00 6.10790E-01 2.63127E+00 5.86191E-01 1.31362E+02 3.61072E+00 8.14891E-01 1.13674E+02 2.86580E+00 6.10867E-01 2.24275E-01
 2.99523E+00 6.44027E-01 2.75590E+00 6.16025E-01 1.33468E+02 3.78401E+00 8.55547E-01 1.15275E+02 2.99564E+00 6.44117E-01 2.53831E-01
 3.73414E+00 8.11046E-01 3.45970E+00 7.63970E-01 1.43745E+02 4.76027E+00 1.05631E+00 1.23066E+02 3.73503E+00 8.11242E-01 4.69606E-01
 4.64199E+00 9.99931E-01 4.32617E+00 9.32115E-01 1.54617E+02 5.96288E+00 1.28485E+00 1.31262E+02 4.64408E+00 1.00038E+00 9.09220E-01
 5.72103E+00 1.20641E+00 5.36548E+00 1.12352E+00 1.66120E+02 7.40915E+00 1.54825E+00 1.39887E+02 5.72636E+00 1.20752E+00 1.84708E+00
 6.98574E+00 1.42408E+00 6.60465E+00 1.33721E+00 1.78288E+02 9.14185E+00 1.84720E+00 1.48961E+02 7.00097E+00 1.42716E+00 3.93916E+00
 8.45159E+00 1.64499E+00 8.04679E+00 1.56468E+00 1.91163E+02 1.11607E+01 2.16955E+00 1.58513E+02 8.50216E+00 1.65482E+00 8.77606E+00
 1.01316E+01 1.85885E+00 9.71518E+00 1.78997E+00 2.04778E+02 1.35022E+01 2.49069E+00 1.68560E+02 1.03282E+01 1.89510E+00 2.00426E+01
 1.20444E+01 2.05853E+00 1.16039E+01 1.99982E+00 2.19157E+02 1.61489E+01 2.78965E+00 1.79118E+02 1.28580E+01 2.19902E+00 4.46550E+01
 1.41985E+01 2.24170E+00 1.37293E+01 2.18940E+00 2.34335E+02 1.91265E+01 3.05867E+00 1.90207E+02 1.70788E+01 2.70215E+00 8.83891E+01
 1.66188E+01 2.40879E+00 1.61146E+01 2.35923E+00 2.50345E+02 2.24672E+01 3.29851E+00 2.01849E+02 2.36318E+01 3.43815E+00 1.41472E+02
 1.93269E+01 2.56107E+00 1.87815E+01 2.51186E+00 2.67221E+02 2.62016E+01 3.51326E+00 2.14062E+02 3.09642E+01 4.12115E+00 1.83619E+02
 2.23428E+01 2.69922E+00 2.17495E+01 2.64911E+00 2.84996E+02 3.03567E+01 3.70591E+00 2.26868E+02 3.77031E+01 4.57408E+00 2.10487E+02
 2.56860E+01 2.82328E+00 2.50386E+01 2.77181E+00 3.03706E+02 3.49610E+01 3.87792E+00 2.40288E+02 4.40929E+01 4.86472E+00 2.29224E+02
 2.93744E+01 2.93290E+00 2.86669E+01 2.88001E+00 3.23384E+02 4.00399E+01 4.02952E+00 2.54341E+02 5.06761E+01 5.07640E+00 2.45391E+02
 3.34243E+01 3.02755E+00 3.26504E+01 2.97337E+00 3.44065E+02 4.56160E+01 4.16032E+00 2.69049E+02 5.77502E+01 5.24592E+00 2.61318E+02
 3.78501E+01 3.10679E+00 3.70035E+01 3.05154E+00 3.65783E+02 5.17093E+01 4.26982E+00 2.84431E+02 6.54382E+01 5.38463E+00 2.77769E+02
 4.26717E+01 3.17061E+00 4.17457E+01 3.11452E+00 3.88591E+02 5.83472E+01 4.35806E+00 3.00521E+02 7.38034E+01 5.49570E+00 2.94983E+02
 4.78963E+01 3.21870E+00 4.68840E+01 3.16202E+00 4.12514E+02 6.55395E+01 4.42462E+00 3.17333E+02 8.28654E+01 5.57933E+00 3.13022E+02
 8.37600E-01 6.50767E-02 8.06222E-01 6.29809E-02 7.20567E+01 1.12170E+00 8.77611E-02 6.59872E+01 8.37608E-01 6.50773E-02 1.02880E-02
 9.54515E-01 1.05998E-01 9.09227E-01 1.05521E-01 7.85074E+01 1.26124E+00 1.48194E-01 7.10075E+01 9.54528E-01 1.06000E-01 1.49540E-02
 1.11950E+00 1.57609E-01 1.05658E+00 1.58435E-01 8.51656E+01 1.46172E+00 2.23094E-01 7.61719E+01 1.11952E+00 1.57612E-01 2.21616E-02
 1.33151E+00 2.19881E-01 1.24724E+00 2.21265E-01 9.20732E+01 1.72169E+00 3.11655E-01 8.15094E+01 1.33154E+00 2.19887E-01 3.35823E-02
 1.59879E+00 2.93774E-01 1.48830E+00 2.94013E-01 9.92576E+01 2.05067E+00 4.13512E-01 8.70366E+01 1.59885E+00 2.93786E-01 5.21725E-02
 1.93567E+00 3.82306E-01 1.79183E+00 3.78355E-01 1.06758E+02 2.46476E+00 5.30511E-01 9.27778E+01 1.93577E+00 3.82328E-01 8.33305E-02
 2.35491E+00 4.87890E-01 2.16902E+00 4.75110E-01 1.14593E+02 2.97912E+00 6.63199E-01 9.87448E+01 2.35511E+00 4.87933E-01 1.37202E-01
 2.73975E+00 5.81207E-01 2.51485E+00 5.57844E-01 1.20878E+02 3.45055E+00 7.75503E-01 1.03512E+02 2.74008E+00 5.81280E-01 2.06377E-01
 2.86124E+00 6.11943E-01 2.63142E+00 5.85367E-01 1.22799E+02 3.61258E+00 8.12981E-01 1.04958E+02 2.86163E+00 6.12029E-01 2.33538E-01
 3.55149E+00 7.65852E-01 3.28840E+00 7.21370E-01 1.32161E+02 4.52371E+00 9.97398E-01 1.11992E+02 3.55234E+00 7.66037E-01 4.31760E-01
 4.39502E+00 9.38644E-01 4.09312E+00 8.74891E-01 1.42056E+02 5.64048E+00 1.20593E+00 1.19386E+02 4.39700E+00 9.39067E-01 8.35348E-01
 5.39239E+00 1.12614E+00 5.05370E+00 1.04863E+00 1.52514E+02 6.97717E+00 1.44499E+00 1.27159E+02 5.39741E+00 1.12718E+00 1.69577E+00
 6.55538E+00 1.32229E+00 6.19342E+00 1.24147E+00 1.63564E+02 8.57090E+00 1.71489E+00 1.35330E+02 6.56966E+00 1.32515E+00 3.61376E+00
 7.89653E+00 1.51965E+00 7.51315E+00 1.44527E+00 1.75244E+02 1.04184E+01 2.00392E+00 1.43922E+02 7.94374E+00 1.52873E+00 8.04478E+00
 9.42618E+00 1.70885E+00 9.03269E+00 1.64533E+00 1.87579E+02 1.25513E+01 2.28936E+00 1.52950E+02 9.60894E+00 1.74217E+00 1.83573E+01
 1.11598E+01 1.88360E+00 1.07449E+01 1.82967E+00 2.00593E+02 1.49506E+01 2.55222E+00 1.62427E+02 1.19132E+01 2.01213E+00 4.08635E+01
 1.31035E+01 2.04203E+00 1.26629E+01 1.99418E+00 2.14314E+02 1.76379E+01 2.78585E+00 1.72371E+02 1.57597E+01 2.46141E+00 8.08066E+01
 1.52779E+01 2.18479E+00 1.48061E+01 2.13962E+00 2.28769E+02 2.06397E+01 2.99139E+00 1.82799E+02 2.17205E+01 3.11830E+00 1.29210E+02
 1.77007E+01 2.31324E+00 1.71923E+01 2.26859E+00 2.43988E+02 2.39810E+01 3.17292E+00 1.93728E+02 2.83518E+01 3.72220E+00 1.67551E+02
 2.03877E+01 2.42821E+00 1.98369E+01 2.38293E+00 2.60000E+02 2.76835E+01 3.33346E+00 2.05175E+02 3.43955E+01 4.11464E+00 1.91901E+02
 2.33544E+01 2.52990E+00 2.27559E+01 2.48357E+00 2.76832E+02 3.17697E+01 3.47459E+00 2.17157E+02 4.00813E+01 4.35901E+00 2.08806E+02
 2.66145E+01 2.61814E+00 2.59630E+01 2.57073E+00 2.94514E+02 3.62592E+01 3.59673E+00 2.29690E+02 4.59049E+01 4.53141E+00 2.23342E+02
 3.01799E+01 2.69263E+00 2.94703E+01 2.64426E+00 3.13074E+02 4.11688E+01 3.69976E+00 2.42793E+02 5.21344E+01 4.66542E+00 2.37633E+02
 3.40613E+01 2.75314E+00 3.32881E+01 2.70400E+00 3.32541E+02 4.65129E+01 3.78346E+00 2.56481E+02 5.88771E+01 4.77152E+00 2.52372E+02
 3.82731E+01 2.79975E+00 3.74308E+01 2.75005E+00 3.52959E+02 5.23118E+01 3.84801E+00 2.70782E+02 6.61847E+01 4.85273E+00 2.67775E+02
 4.28193E+01 2.83238E+00 4.19022E+01 2.78234E+00 3.74348E+02 5.85707E+01 3.89327E+00 2.85707E+02 7.40704E+01 4.90953E+00 2.83895E+02
 7.96661E-01 6.24427E-02 7.66754E-01 6.04948E-02 6.67653E+01 1.06677E+00 8.43217E-02 6.03636E+01 7.96669E-01 6.24434E-02 9.53251E-03
 9.14183E-01 1.03564E-01 8.70223E-01 1.03209E-01 7.26554E+01 1.20690E+00 1.44990E-01 6.49119E+01 9.14195E-01 1.03566E-01 1.38393E-02
 1.07655E+00 1.54083E-01 1.01520E+00 1.54985E-01 7.87353E+01 1.40414E+00 2.18274E-01 6.95899E+01 1.07657E+00 1.54086E-01 2.04883E-02
 1.28201E+00 2.13957E-01 1.19996E+00 2.15380E-01 8.50423E+01 1.65606E+00 3.03395E-01 7.44232E+01 1.28205E+00 2.13963E-01 3.10179E-02
 1.53814E+00 2.84080E-01 1.43096E+00 2.84378E-01 9.16001E+01 1.97130E+00 3.99987E-01 7.94263E+01 1.53819E+00 2.84091E-01 4.81474E-02
 1.85801E+00 3.67228E-01 1.71914E+00 3.63502E-01 9.84426E+01 2.36445E+00 5.09712E-01 8.46200E+01 1.85811E+00 3.67250E-01 7.68397E-02
 2.25317E+00 4.65612E-01 2.07456E+00 4.53488E-01 1.05586E+02 2.84908E+00 6.33046E-01 9.00146E+01 2.25336E+00 4.65653E-01 1.26417E-01
 2.61404E+00 5.52106E-01 2.39870E+00 5.29981E-01 1.11314E+02 3.29087E+00 7.36795E-01 9.43223E+01 2.61435E+00 5.52175E-01 1.90046E-01
 2.72738E+00 5.80489E-01 2.50733E+00 5.55335E-01 1.13062E+02 3.44183E+00 7.71293E-01 9.56279E+01 2.72774E+00 5.80570E-01 2.15021E-01
 3.36976E+00 7.22148E-01 3.11821E+00 6.80198E-01 1.21586E+02 4.28881E+00 9.40470E-01 1.01977E+02 3.37056E+00 7.22323E-01 3.97208E-01
 4.15038E+00 8.80079E-01 3.86244E+00 8.20222E-01 1.30584E+02 5.32143E+00 1.13054E+00 1.08645E+02 4.15224E+00 8.80475E-01 7.67882E-01
 5.06821E+00 1.05020E+00 4.74617E+00 9.77760E-01 1.40085E+02 6.55108E+00 1.34727E+00 1.15649E+02 5.07292E+00 1.05117E+00 1.55755E+00
 6.13280E+00 1.22685E+00 5.78971E+00 1.15167E+00 1.50113E+02 8.01041E+00 1.59076E+00 1.23003E+02 6.14615E+00 1.22950E+00 3.31648E+00
 7.35389E+00 1.40310E+00 6.99167E+00 1.33424E+00 1.60700E+02 9.69325E+00 1.84990E+00 1.30728E+02 7.39782E+00 1.41148E+00 7.37677E+00
 8.73932E+00 1.57043E+00 8.36849E+00 1.51187E+00 1.71870E+02 1.16260E+01 2.10359E+00 1.38838E+02 8.90862E+00 1.60104E+00 1.68181E+01
 1.03017E+01 1.72327E+00 9.91188E+00 1.67375E+00 1.83640E+02 1.37889E+01 2.33465E+00 1.47342E+02 1.09965E+01 1.84084E+00 3.74020E+01
 1.20447E+01 1.86017E+00 1.16323E+01 1.81640E+00 1.96035E+02 1.61994E+01 2.53742E+00 1.56255E+02 1.44844E+01 2.24216E+00 7.38871E+01
 1.39855E+01 1.98197E+00 1.35455E+01 1.94081E+00 2.09078E+02 1.88793E+01 2.71336E+00 1.65592E+02 1.98787E+01 2.82873E+00 1.18027E+02
 1.61381E+01 2.09011E+00 1.56659E+01 2.04957E+00 2.22794E+02 2.18484E+01 2.86653E+00 1.75367E+02 2.58421E+01 3.36302E+00 1.52904E+02
 1.85147E+01 2.18550E+00 1.80052E+01 2.14455E+00 2.37207E+02 2.51236E+01 2.99993E+00 1.85593E+02 3.12273E+01 3.70320E+00 1.74968E+02
 2.11270E+01 2.26847E+00 2.05757E+01 2.22675E+00 2.52341E+02 2.87222E+01 3.11522E+00 1.96286E+02 3.62494E+01 3.90841E+00 1.90214E+02
 2.39850E+01 2.33903E+00 2.33876E+01 2.29650E+00 2.68219E+02 3.26585E+01 3.21298E+00 2.07458E+02 4.13600E+01 4.04817E+00 2.03275E+02
 2.70972E+01 2.39703E+00 2.64493E+01 2.35381E+00 2.84865E+02 3.69444E+01 3.29330E+00 2.19124E+02 4.67991E+01 4.15309E+00 2.16090E+02
 3.04706E+01 2.44240E+00 2.97677E+01 2.39865E+00 3.02302E+02 4.15896E+01 3.35616E+00 2.31297E+02 5.26599E+01 4.23283E+00 2.29288E+02
 3.41152E+01 2.47533E+00 3.33528E+01 2.43124E+00 3.20568E+02 4.66080E+01 3.40185E+00 2.44000E+02 5.89836E+01 4.29028E+00 2.43060E+02
 3.80322E+01 2.49587E+00 3.72056E+01 2.45163E+00 3.39679E+02 5.20011E+01 3.43047E+00 2.57242E+02 6.57782E+01 4.32610E+00 2.57456E+02
 7.56780E-01 6.01320E-02 7.28299E-01 5.83275E-02 6.19517E+01 1.01324E+00 8.13288E-02 5.52655E+01 7.56788E-01 6.01326E-02 8.84523E-03
 8.74815E-01 1.01174E-01 8.32143E-01 1.00929E-01 6.73115E+01 1.15385E+00 1.41826E-01 5.93746E+01 8.74827E-01 1.01176E-01 1.28214E-02
 1.03435E+00 1.50387E-01 9.74558E-01 1.51350E-01 7.28455E+01 1.34758E+00 2.13186E-01 6.36003E+01 1.03437E+00 1.50390E-01 1.89557E-02
 1.23299E+00 2.07737E-01 1.15318E+00 2.09183E-01 7.85860E+01 1.59112E+00 2.94689E-01 6.79653E+01 1.23302E+00 2.07743E-01 2.86631E-02
 1.47768E+00 2.74069E-01 1.37387E+00 2.74414E-01 8.45535E+01 1.89231E+00 3.85994E-01 7.24817E+01 1.47773E+00 2.74079E-01 4.44436E-02
 1.78037E+00 3.51945E-01 1.64657E+00 3.48437E-01 9.07769E+01 2.26433E+00 4.88611E-01 7.71673E+01 1.78047E+00 3.51965E-01 7.08562E-02
 2.15144E+00 4.43388E-01 1.98026E+00 4.31917E-01 9.72702E+01 2.71931E+00 6.02963E-01 8.20309E+01 2.15162E+00 4.43427E-01 1.16461E-01
 2.48854E+00 5.23358E-01 2.28295E+00 5.02467E-01 1.02474E+02 3.13183E+00 6.98578E-01 8.59126E+01 2.48884E+00 5.23424E-01 1.74954E-01
 2.59384E+00 5.49507E-01 2.38379E+00 5.25771E-01 1.04061E+02 3.27193E+00 7.30262E-01 8.70883E+01 2.59419E+00 5.49583E-01 1.97903E-01
 3.18953E+00 6.79607E-01 2.94980E+00 6.40167E-01 1.11798E+02 4.05651E+00 8.85137E-01 9.28039E+01 3.19029E+00 6.79772E-01 3.65232E-01
 3.90959E+00 8.23691E-01 3.63583E+00 7.67643E-01 1.19957E+02 5.00819E+00 1.05806E+00 9.87999E+01 3.91134E+00 8.24061E-01 7.05390E-01
 4.75178E+00 9.77809E-01 4.44643E+00 9.10252E-01 1.28563E+02 6.13596E+00 1.25420E+00 1.05092E+02 4.75619E+00 9.78712E-01 1.42943E+00
 5.72371E+00 1.13664E+00 5.39916E+00 1.06680E+00 1.37637E+02 7.46831E+00 1.47346E+00 1.11692E+02 5.73615E+00 1.13910E+00 3.04077E+00
 6.83311E+00 1.29381E+00 6.49142E+00 1.23009E+00 1.47206E+02 8.99765E+00 1.70540E+00 1.18618E+02 6.87389E+00 1.30154E+00 6.75695E+00
 8.08587E+00 1.44158E+00 7.73692E+00 1.38760E+00 1.57289E+02 1.07462E+01 1.93060E+00 1.25881E+02 8.24236E+00 1.46968E+00 1.53896E+01
 9.49221E+00 1.57504E+00 9.12656E+00 1.52957E+00 1.67901E+02 1.26939E+01 2.13346E+00 1.33488E+02 1.01319E+01 1.68248E+00 3.41893E+01
 1.10542E+01 1.69308E+00 1.06686E+01 1.65305E+00 1.79064E+02 1.48546E+01 2.30915E+00 1.41453E+02 1.32914E+01 2.04071E+00 6.74660E+01
 1.27861E+01 1.79669E+00 1.23762E+01 1.75919E+00 1.90797E+02 1.72465E+01 2.45937E+00 1.49787E+02 1.81698E+01 2.56418E+00 1.07651E+02
 1.46991E+01 1.88734E+00 1.42609E+01 1.85056E+00 2.03120E+02 1.98857E+01 2.58812E+00 1.58501E+02 2.35316E+01 3.03662E+00 1.39318E+02
 1.68028E+01 1.96603E+00 1.63318E+01 1.92903E+00 2.16053E+02 2.27852E+01 2.69837E+00 1.67608E+02 2.83323E+01 3.33118E+00 1.59265E+02
 1.91060E+01 2.03321E+00 1.85984E+01 1.99565E+00 2.29616E+02 2.59584E+01 2.79184E+00 1.77119E+02 3.27735E+01 3.50291E+00 1.72977E+02
 2.16161E+01 2.08899E+00 2.10682E+01 2.05085E+00 2.43829E+02 2.94159E+01 2.86924E+00 1.87045E+02 3.72661E+01 3.61529E+00 1.84678E+02
 2.43390E+01 2.13339E+00 2.37470E+01 2.09477E+00 2.58710E+02 3.31660E+01 2.93081E+00 1.97398E+02 4.20260E+01 3.69617E+00 1.96133E+02
 2.72790E+01 2.16645E+00 2.66395E+01 2.12749E+00 2.74279E+02 3.72150E+01 2.97670E+00 2.08187E+02 4.71344E+01 3.75444E+00 2.07911E+02
 3.04432E+01 2.18842E+00 2.97522E+01 2.14930E+00 2.90566E+02 4.15723E+01 3.00729E+00 2.19433E+02 5.26249E+01 3.79286E+00 2.20186E+02
 3.38308E+01 2.19947E+00 3.30846E+01 2.16035E+00 3.07584E+02 4.62371E+01 3.02284E+00 2.31141E+02 5.85015E+01 3.81223E+00 2.33000E+02
 7.26029E-01 5.80417E-02 6.98626E-01 5.63813E-02 5.73973E+01 9.71923E-01 7.86470E-02 5.04694E+01 7.26036E-01 5.80423E-02 8.19497E-03
 8.43670E-01 9.87213E-02 8.02015E-01 9.85780E-02 6.22536E+01 1.11187E+00 1.38559E-01 5.41675E+01 8.43681E-01 9.87227E-02 1.18579E-02
 9.99731E-01 1.46432E-01 9.41267E-01 1.47443E-01 6.72687E+01 1.30128E+00 2.07710E-01 5.79703E+01 9.99749E-01 1.46435E-01 1.75045E-02
 1.19138E+00 2.01158E-01 1.11357E+00 2.02611E-01 7.24711E+01 1.53618E+00 2.85450E-01 6.18972E+01 1.19141E+00 2.01164E-01 2.64327E-02
 1.42518E+00 2.63700E-01 1.32440E+00 2.64076E-01 7.78780E+01 1.82390E+00 3.71468E-01 6.59588E+01 1.42523E+00 2.63710E-01 4.09347E-02
 1.71217E+00 3.36420E-01 1.58290E+00 3.33112E-01 8.35139E+01 2.17652E+00 4.67138E-01 7.01699E+01 1.71227E+00 3.36439E-01 6.51869E-02
 2.06191E+00 4.21164E-01 1.89729E+00 4.10322E-01 8.93909E+01 2.60513E+00 5.72838E-01 7.45380E+01 2.06208E+00 4.21201E-01 1.07027E-01
 2.37832E+00 4.94892E-01 2.18124E+00 4.75197E-01 9.40985E+01 2.99205E+00 6.60688E-01 7.80223E+01 2.37860E+00 4.94954E-01 1.60654E-01
 2.47677E+00 5.18914E-01 2.27547E+00 4.96552E-01 9.55339E+01 3.12294E+00 6.89701E-01 7.90769E+01 2.47710E+00 5.18986E-01 1.81685E-01
 3.03288E+00 6.38043E-01 2.80367E+00 6.01037E-01 1.02526E+02 3.85504E+00 8.31042E-01 8.42015E+01 3.03360E+00 6.38197E-01 3.34940E-01
 3.70231E+00 7.69054E-01 3.44136E+00 7.16704E-01 1.09893E+02 4.73961E+00 9.87841E-01 8.95723E+01 3.70397E+00 7.69400E-01 6.46204E-01
 4.48216E+00 9.08156E-01 4.19195E+00 8.45331E-01 1.17655E+02 5.78390E+00 1.16472E+00 9.52026E+01 4.48632E+00 9.08995E-01 1.30813E+00
 5.37873E+00 1.05039E+00 5.07099E+00 9.85713E-01 1.25830E+02 7.01326E+00 1.36141E+00 1.01103E+02 5.39042E+00 1.05266E+00 2.77986E+00
 6.39838E+00 1.18989E+00 6.07507E+00 1.13111E+00 1.34442E+02 8.41920E+00 1.56811E+00 1.07287E+02 6.43655E+00 1.19699E+00 6.17078E+00
 7.54584E+00 1.31966E+00 7.21611E+00 1.27006E+00 1.43506E+02 1.00212E+01 1.76697E+00 1.13764E+02 7.69178E+00 1.34537E+00 1.40396E+01
 8.82989E+00 1.43540E+00 8.48509E+00 1.39378E+00 1.53036E+02 1.17998E+01 1.94398E+00 1.20542E+02 9.42452E+00 1.53330E+00 3.11556E+01
 1.02517E+01 1.53633E+00 9.88889E+00 1.49982E+00 1.63047E+02 1.37669E+01 2.09504E+00 1.27630E+02 1.23251E+01 1.85173E+00 6.14087E+01
 1.18234E+01 1.62353E+00 1.14388E+01 1.58947E+00 1.73557E+02 1.59380E+01 2.22203E+00 1.35038E+02 1.67987E+01 2.31697E+00 9.78737E+01
 1.35546E+01 1.69853E+00 1.31445E+01 1.66526E+00 1.84583E+02 1.83267E+01 2.32889E+00 1.42775E+02 2.16946E+01 2.73270E+00 1.26528E+02
 1.54530E+01 1.76237E+00 1.50135E+01 1.72903E+00 1.96140E+02 2.09436E+01 2.41854E+00 1.50851E+02 2.60507E+01 2.98594E+00 1.44496E+02
 1.75259E+01 1.81557E+00 1.70536E+01 1.78188E+00 2.08246E+02 2.37998E+01 2.49272E+00 1.59276E+02 3.00569E+01 3.12781E+00 1.56780E+02
 1.97790E+01 1.85839E+00 1.92707E+01 1.82430E+00 2.20914E+02 2.69036E+01 2.55223E+00 1.68057E+02 3.40925E+01 3.21605E+00 1.67220E+02
 2.22167E+01 1.89094E+00 2.16693E+01 1.85655E+00 2.34162E+02 3.02614E+01 2.59746E+00 1.77205E+02 3.83548E+01 3.27596E+00 1.77415E+02
 2.48422E+01 1.91336E+00 2.42524E+01 1.87881E+00 2.48004E+02 3.38775E+01 2.62870E+00 1.86727E+02 4.29171E+01 3.31571E+00 1.87883E+02
 2.76607E+01 1.92598E+00 2.70253E+01 1.89141E+00 2.62465E+02 3.77591E+01 2.64641E+00 1.96639E+02 4.78079E+01 3.33788E+00 1.98776E+02
 3.06708E+01 1.92904E+00 2.99865E+01 1.89461E+00 2.77555E+02 4.19043E+01 2.65095E+00 2.06945E+02 5.30297E+01 3.34339E+00 2.10133E+02
 6.91302E-01 5.61729E-02 6.65121E-01 5.46581E-02 5.33322E+01 9.25275E-01 7.62796E-02 4.62253E+01 6.91309E-01 5.61735E-02 7.61457E-03
 8.08249E-01 9.62120E-02 7.67812E-01 9.61659E-02 5.77246E+01 1.06424E+00 1.35204E-01 4.95536E+01 8.08260E-01 9.62133E-02 1.09953E-02
 9.60373E-01 1.42247E-01 9.03510E-01 1.43297E-01 6.22634E+01 1.24880E+00 2.01895E-01 5.29761E+01 9.60391E-01 1.42250E-01 1.62020E-02
 1.14439E+00 1.94280E-01 1.06893E+00 1.95729E-01 6.69734E+01 1.47432E+00 2.75773E-01 5.65101E+01 1.14442E+00 1.94286E-01 2.44275E-02
 1.36640E+00 2.53070E-01 1.26914E+00 2.53466E-01 7.18689E+01 1.74754E+00 3.56557E-01 6.01640E+01 1.36645E+00 2.53080E-01 3.77761E-02
 1.63651E+00 3.20787E-01 1.51242E+00 3.17667E-01 7.69705E+01 2.07941E+00 4.45494E-01 6.39505E+01 1.63660E+00 3.20806E-01 6.00794E-02
 1.96336E+00 3.99113E-01 1.80621E+00 3.88882E-01 8.22884E+01 2.47991E+00 5.42923E-01 6.78758E+01 1.96352E+00 3.99148E-01 9.85228E-02
 2.25764E+00 4.66901E-01 2.07024E+00 4.48373E-01 8.65471E+01 2.83965E+00 6.23414E-01 7.10056E+01 2.25791E+00 4.66960E-01 1.47761E-01
 2.34873E+00 4.88908E-01 2.15736E+00 4.67888E-01 8.78449E+01 2.96064E+00 6.49905E-01 7.19521E+01 2.34905E+00 4.88976E-01 1.67061E-01
 2.86239E+00 5.97687E-01 2.64490E+00 5.63047E-01 9.41654E+01 3.63625E+00 7.78524E-01 7.65502E+01 2.86307E+00 5.97831E-01 3.07625E-01
 3.47767E+00 7.16475E-01 3.23070E+00 6.67692E-01 1.00819E+02 4.44872E+00 9.20282E-01 8.13647E+01 3.47923E+00 7.16797E-01 5.92840E-01
 4.19086E+00 8.41644E-01 3.91696E+00 7.83352E-01 1.07823E+02 5.40344E+00 1.07929E+00 8.64069E+01 4.19475E+00 8.42421E-01 1.19880E+00
 5.00686E+00 9.68576E-01 4.71708E+00 9.08812E-01 1.15193E+02 6.52246E+00 1.25515E+00 9.16853E+01 5.01773E+00 9.70670E-01 2.54479E+00
 5.93047E+00 1.09190E+00 5.62678E+00 1.03780E+00 1.22948E+02 7.79633E+00 1.43868E+00 9.72121E+01 5.96582E+00 1.09842E+00 5.64292E+00
 6.96507E+00 1.20533E+00 6.65602E+00 1.15985E+00 1.31102E+02 9.24153E+00 1.61358E+00 1.02995E+02 7.09966E+00 1.22881E+00 1.28247E+01
 8.11769E+00 1.30512E+00 7.79542E+00 1.26710E+00 1.39665E+02 1.08386E+01 1.76723E+00 1.09039E+02 8.66390E+00 1.39412E+00 2.84279E+01
 9.38831E+00 1.39076E+00 9.05027E+00 1.35754E+00 1.48652E+02 1.25971E+01 1.89623E+00 1.15352E+02 1.12856E+01 1.67623E+00 5.59676E+01
 1.07870E+01 1.46343E+00 1.04298E+01 1.43256E+00 1.58076E+02 1.45296E+01 2.00262E+00 1.21944E+02 1.53227E+01 2.08839E+00 8.90993E+01
 1.23212E+01 1.52467E+00 1.19416E+01 1.49464E+00 1.67950E+02 1.66469E+01 2.09022E+00 1.28820E+02 1.97152E+01 2.45285E+00 1.15061E+02
 1.39967E+01 1.57555E+00 1.35914E+01 1.54559E+00 1.78288E+02 1.89569E+01 2.16190E+00 1.35990E+02 2.35893E+01 2.66929E+00 1.31266E+02
 1.58188E+01 1.61669E+00 1.53849E+01 1.58654E+00 1.89103E+02 2.14679E+01 2.21939E+00 1.43459E+02 2.71221E+01 2.78505E+00 1.42283E+02
 1.77913E+01 1.64841E+00 1.73261E+01 1.61803E+00 2.00408E+02 2.41856E+01 2.26359E+00 1.51236E+02 3.06589E+01 2.85254E+00 1.51608E+02
 1.99169E+01 1.67093E+00 1.94178E+01 1.64040E+00 2.12214E+02 2.71139E+01 2.29500E+00 1.59328E+02 3.43767E+01 2.89468E+00 1.60694E+02
 2.21971E+01 1.68447E+00 2.16614E+01 1.65392E+00 2.24534E+02 3.02548E+01 2.31400E+00 1.67740E+02 3.83393E+01 2.91893E+00 1.70006E+02
 2.46350E+01 1.68940E+00 2.40600E+01 1.65895E+00 2.37388E+02 3.36126E+01 2.32110E+00 1.76486E+02 4.25698E+01 2.92775E+00 1.79684E+02
 2.72280E+01 1.68604E+00 2.66112E+01 1.65581E+00 2.50782E+02 3.71840E+01 2.31678E+00 1.85568E+02 4.70685E+01 2.92209E+00 1.89760E+02
 6.61630E-01 5.45411E-02 6.36473E-01 5.31745E-02 4.95225E+01 8.85384E-01 7.42498E-02 4.22929E+01 6.61637E-01 5.45417E-02 7.07062E-03
 7.76727E-01 9.36989E-02 7.37452E-01 9.37476E-02 5.34793E+01 1.02200E+00 1.31840E-01 4.52797E+01 7.76738E-01 9.37002E-02 1.01866E-02
 9.24009E-01 1.37924E-01 8.68790E-01 1.39009E-01 5.75718E+01 1.20060E+00 1.95878E-01 4.83517E+01 9.24026E-01 1.37927E-01 1.49812E-02
 1.09991E+00 1.87234E-01 1.02689E+00 1.88673E-01 6.18213E+01 1.41614E+00 2.65847E-01 5.15235E+01 1.09994E+00 1.87239E-01 2.25483E-02
 1.31015E+00 2.42340E-01 1.21648E+00 2.42747E-01 6.62394E+01 1.67485E+00 3.41489E-01 5.48024E+01 1.31020E+00 2.42350E-01 3.48171E-02
 1.56405E+00 3.05230E-01 1.44512E+00 3.02286E-01 7.08434E+01 1.98674E+00 4.23932E-01 5.81986E+01 1.56413E+00 3.05248E-01 5.52968E-02
 1.86944E+00 3.77428E-01 1.71955E+00 3.67783E-01 7.56415E+01 2.36082E+00 5.13477E-01 6.17174E+01 1.86959E+00 3.77462E-01 9.05645E-02
 2.14325E+00 4.39582E-01 1.96512E+00 4.22173E-01 7.94836E+01 2.69536E+00 5.87000E-01 6.45217E+01 2.14351E+00 4.39637E-01 1.35701E-01
 2.22765E+00 4.59686E-01 2.04578E+00 4.39952E-01 8.06537E+01 2.80737E+00 6.11115E-01 6.53692E+01 2.22795E+00 4.59750E-01 1.53385E-01
 2.70280E+00 5.58721E-01 2.49655E+00 5.26352E-01 8.63516E+01 3.43193E+00 7.27792E-01 6.94848E+01 2.70344E+00 5.58856E-01 2.82097E-01
 3.26943E+00 6.66072E-01 3.03585E+00 6.20703E-01 9.23449E+01 4.17985E+00 8.55510E-01 7.37900E+01 3.27089E+00 6.66372E-01 5.43008E-01
 3.92326E+00 7.78289E-01 3.66495E+00 7.24327E-01 9.86491E+01 5.05502E+00 9.97946E-01 7.82947E+01 3.92690E+00 7.79008E-01 1.09679E+00
 4.66803E+00 8.91095E-01 4.39537E+00 8.36009E-01 1.05276E+02 6.07662E+00 1.15456E+00 8.30056E+01 4.67816E+00 8.93022E-01 2.32567E+00
 5.50733E+00 9.99592E-01 5.22224E+00 9.49932E-01 1.12244E+02 7.23457E+00 1.31681E+00 8.79330E+01 5.54013E+00 1.00556E+00 5.15139E+00
 6.44343E+00 1.09815E+00 6.15380E+00 1.05656E+00 1.19562E+02 8.54274E+00 1.46982E+00 9.30828E+01 6.56786E+00 1.11954E+00 1.16947E+01
 7.48203E+00 1.18354E+00 7.18071E+00 1.14891E+00 1.27240E+02 9.98226E+00 1.60232E+00 9.84598E+01 7.98510E+00 1.26424E+00 2.58937E+01
 8.62223E+00 1.25551E+00 8.30698E+00 1.22536E+00 1.35288E+02 1.15606E+01 1.71154E+00 1.04070E+02 1.03634E+01 1.51317E+00 5.09184E+01
 9.87232E+00 1.31530E+00 9.54016E+00 1.28740E+00 1.43719E+02 1.32882E+01 1.79963E+00 1.09921E+02 1.40205E+01 1.87691E+00 8.09673E+01
 1.12381E+01 1.36445E+00 1.08862E+01 1.33742E+00 1.52542E+02 1.51734E+01 1.87030E+00 1.16018E+02 1.79777E+01 2.19498E+00 1.04445E+02
 1.27238E+01 1.40407E+00 1.23493E+01 1.37722E+00 1.61768E+02 1.72221E+01 1.92633E+00 1.22366E+02 2.14387E+01 2.37863E+00 1.19033E+02
 1.43332E+01 1.43482E+00 1.39337E+01 1.40791E+00 1.71409E+02 1.94404E+01 1.96946E+00 1.28973E+02 2.45691E+01 2.47160E+00 1.28893E+02
 1.60688E+01 1.45709E+00 1.56419E+01 1.43010E+00 1.81472E+02 2.18319E+01 2.00063E+00 1.35843E+02 2.76842E+01 2.52133E+00 1.37203E+02
 1.79317E+01 1.47118E+00 1.74753E+01 1.44417E+00 1.91969E+02 2.43987E+01 2.02041E+00 1.42982E+02 3.09436E+01 2.54852E+00 1.45280E+02
 1.99225E+01 1.47738E+00 1.94343E+01 1.45046E+00 2.02908E+02 2.71412E+01 2.02928E+00 1.50395E+02 3.44035E+01 2.55996E+00 1.53546E+02
 2.20424E+01 1.47608E+00 2.15203E+01 1.44935E+00 2.14306E+02 3.00616E+01 2.02780E+00 1.58092E+02 3.80826E+01 2.55795E+00 1.62123E+02
 2.42886E+01 1.46765E+00 2.37304E+01 1.44123E+00 2.26166E+02 3.31555E+01 2.01649E+00 1.66075E+02 4.19796E+01 2.54350E+00 1.71041E+02
 6.32881E-01 5.31615E-02 6.08712E-01 5.19464E-02 4.59978E+01 8.46723E-01 7.25807E-02 3.87090E+01 6.32888E-01 5.31620E-02 6.56738E-03
 7.45499E-01 9.12467E-02 7.07454E-01 9.13910E-02 4.95518E+01 9.80283E-01 1.28563E-01 4.13850E+01 7.45509E-01 9.12480E-02 9.43852E-03
 8.87368E-01 1.33580E-01 8.33945E-01 1.34699E-01 5.32327E+01 1.15229E+00 1.89830E-01 4.41382E+01 8.87384E-01 1.33583E-01 1.38521E-02
 1.05472E+00 1.80185E-01 9.84356E-01 1.81613E-01 5.70586E+01 1.35733E+00 2.55915E-01 4.69812E+01 1.05475E+00 1.80190E-01 2.08112E-02
 1.25294E+00 2.31727E-01 1.16310E+00 2.32140E-01 6.10387E+01 1.60124E+00 3.26577E-01 4.99198E+01 1.25299E+00 2.31736E-01 3.20834E-02
 1.49058E+00 2.90015E-01 1.37707E+00 2.87233E-01 6.51870E+01 1.89311E+00 4.02828E-01 5.29622E+01 1.49066E+00 2.90031E-01 5.08817E-02
 1.77475E+00 3.56426E-01 1.63237E+00 3.47333E-01 6.95105E+01 2.24109E+00 4.84933E-01 5.61129E+01 1.77490E+00 3.56457E-01 8.32237E-02
 2.02849E+00 4.13286E-01 1.85986E+00 3.96940E-01 7.29724E+01 2.55098E+00 5.51925E-01 5.86229E+01 2.02873E+00 4.13338E-01 1.24585E-01
 2.10635E+00 4.31610E-01 1.93423E+00 4.13099E-01 7.40261E+01 2.65422E+00 5.73821E-01 5.93808E+01 2.10664E+00 4.31670E-01 1.40781E-01
 2.54405E+00 5.21558E-01 2.34922E+00 4.91346E-01 7.91569E+01 3.22910E+00 6.79389E-01 6.30603E+01 2.54465E+00 5.21684E-01 2.58592E-01
 3.06367E+00 6.18311E-01 2.84358E+00 5.76180E-01 8.45502E+01 3.91462E+00 7.94139E-01 6.69060E+01 3.06504E+00 6.18589E-01 4.97170E-01
 3.66050E+00 7.18606E-01 3.41776E+00 6.68733E-01 9.02190E+01 4.71338E+00 9.21331E-01 7.09260E+01 3.66389E+00 7.19270E-01 1.00305E+00
 4.33723E+00 8.18501E-01 4.08159E+00 7.67816E-01 9.61735E+01 5.64189E+00 1.06035E+00 7.51260E+01 4.34663E+00 8.20270E-01 2.12453E+00
 5.09636E+00 9.13544E-01 4.82967E+00 8.68043E-01 1.02428E+02 6.68957E+00 1.20325E+00 7.95143E+01 5.12669E+00 9.18998E-01 4.70066E+00
 5.93921E+00 9.98717E-01 5.66875E+00 9.60763E-01 1.08991E+02 7.86800E+00 1.33650E+00 8.40957E+01 6.05381E+00 1.01817E+00 1.06596E+01
 6.87024E+00 1.07128E+00 6.58953E+00 1.03979E+00 1.15869E+02 9.15883E+00 1.45009E+00 8.88741E+01 7.33183E+00 1.14431E+00 2.35750E+01
 7.88783E+00 1.13118E+00 7.59492E+00 1.10388E+00 1.23071E+02 1.05679E+01 1.54180E+00 9.38544E+01 9.47954E+00 1.36329E+00 4.63044E+01
 8.99869E+00 1.17971E+00 8.69095E+00 1.15455E+00 1.30606E+02 1.21034E+01 1.61387E+00 9.90418E+01 1.27771E+01 1.68336E+00 7.35448E+01
 1.02072E+01 1.21842E+00 9.88218E+00 1.19415E+00 1.38484E+02 1.37719E+01 1.66989E+00 1.04441E+02 1.63244E+01 1.95996E+00 9.47663E+01
 1.15162E+01 1.24841E+00 1.11715E+01 1.22441E+00 1.46711E+02 1.55772E+01 1.71254E+00 1.10057E+02 1.93988E+01 2.11482E+00 1.07890E+02
 1.29282E+01 1.27039E+00 1.25617E+01 1.24643E+00 1.55297E+02 1.75237E+01 1.74352E+00 1.15894E+02 2.21550E+01 2.18824E+00 1.16709E+02
 1.44444E+01 1.28480E+00 1.40542E+01 1.26087E+00 1.64248E+02 1.96134E+01 1.76383E+00 1.21956E+02 2.48796E+01 2.22308E+00 1.24109E+02
 1.60651E+01 1.29199E+00 1.56493E+01 1.26814E+00 1.73572E+02 2.18466E+01 1.77409E+00 1.28248E+02 2.77160E+01 2.23798E+00 1.31282E+02
 1.77895E+01 1.29230E+00 1.73465E+01 1.26863E+00 1.83275E+02 2.42227E+01 1.77484E+00 1.34772E+02 3.07135E+01 2.23914E+00 1.38611E+02
 1.96180E+01 1.28613E+00 1.91459E+01 1.26273E+00 1.93371E+02 2.67418E+01 1.76665E+00 1.41538E+02 3.38869E+01 2.22868E+00 1.46205E+02
 2.15470E+01 1.27390E+00 2.10440E+01 1.25085E+00 2.03861E+02 2.93991E+01 1.75009E+00 1.48545E+02 3.72338E+01 2.20762E+00 1.54088E+02
 6.05835E-01 5.20523E-02 5.82587E-01 5.09930E-02 4.27033E+01 8.10339E-01 7.12993E-02 3.54200E+01 6.05841E-01 5.20528E-02 6.09700E-03
 7.15079E-01 8.89501E-02 6.78346E-01 8.91942E-02 4.58859E+01 9.39853E-01 1.25512E-01 3.78127E+01 7.15088E-01 8.89514E-02 8.74024E-03
 8.50875E-01 1.29369E-01 7.99429E-01 1.30527E-01 4.91882E+01 1.10451E+00 1.83980E-01 4.02755E+01 8.50891E-01 1.29372E-01 1.27996E-02
 1.00936E+00 1.73339E-01 9.41874E-01 1.74760E-01 5.26254E+01 1.29869E+00 2.46276E-01 4.28193E+01 1.00939E+00 1.73344E-01 1.91943E-02
 1.19560E+00 2.21478E-01 1.10980E+00 2.21897E-01 5.62045E+01 1.52785E+00 3.12176E-01 4.54485E+01 1.19564E+00 2.21487E-01 2.95424E-02
 1.41740E+00 2.75427E-01 1.30951E+00 2.72795E-01 5.99365E+01 1.80024E+00 3.82583E-01 4.81697E+01 1.41748E+00 2.75443E-01 4.67833E-02
 1.68121E+00 3.36425E-01 1.54645E+00 3.27849E-01 6.38268E+01 2.12318E+00 4.57733E-01 5.09866E+01 1.68135E+00 3.36455E-01 7.64186E-02
 1.91585E+00 3.88359E-01 1.75674E+00 3.73008E-01 6.69423E+01 2.40960E+00 5.18651E-01 5.32299E+01 1.91607E+00 3.88408E-01 1.14289E-01
 1.98753E+00 4.05031E-01 1.82514E+00 3.87665E-01 6.78900E+01 2.50454E+00 5.38493E-01 5.39066E+01 1.98780E+00 4.05088E-01 1.29111E-01
 2.38990E+00 4.86577E-01 2.20637E+00 4.58383E-01 7.25043E+01 3.03255E+00 6.33808E-01 5.71914E+01 2.39047E+00 4.86694E-01 2.36859E-01
 2.86545E+00 5.73604E-01 2.65863E+00 5.34505E-01 7.73519E+01 3.65962E+00 7.36692E-01 6.06215E+01 2.86673E+00 5.73862E-01 4.54840E-01
 3.40910E+00 6.63027E-01 3.18158E+00 6.16974E-01 8.24438E+01 4.38707E+00 8.50006E-01 6.42038E+01 3.41225E+00 6.63639E-01 9.16594E-01
 4.02265E+00 7.51229E-01 3.78356E+00 7.04640E-01 8.77881E+01 5.22912E+00 9.73072E-01 6.79429E+01 4.03137E+00 7.52853E-01 1.93924E+00
 4.70765E+00 8.34186E-01 4.45878E+00 7.92542E-01 9.33964E+01 6.17484E+00 1.09856E+00 7.18456E+01 4.73566E+00 8.39166E-01 4.28598E+00
 5.46460E+00 9.07448E-01 5.21264E+00 8.72850E-01 9.92755E+01 7.23369E+00 1.21416E+00 7.59157E+01 5.56997E+00 9.25120E-01 9.70852E+00
 6.29689E+00 9.68706E-01 6.03598E+00 9.40109E-01 1.05431E+02 8.38801E+00 1.31103E+00 8.01561E+01 6.71965E+00 1.03473E+00 2.14471E+01
 7.20235E+00 1.01809E+00 6.93078E+00 9.93389E-01 1.11869E+02 9.64215E+00 1.38743E+00 8.45707E+01 8.65465E+00 1.22696E+00 4.20754E+01
 8.18629E+00 1.05694E+00 7.90177E+00 1.03426E+00 1.18597E+02 1.10026E+01 1.44567E+00 8.91636E+01 1.16211E+01 1.50809E+00 6.67502E+01
 9.25188E+00 1.08676E+00 8.95232E+00 1.06498E+00 1.25623E+02 1.24740E+01 1.48921E+00 9.39385E+01 1.47927E+01 1.74807E+00 8.59166E+01
 1.04009E+01 1.10868E+00 1.00842E+01 1.08723E+00 1.32951E+02 1.40591E+01 1.52062E+00 9.88988E+01 1.75153E+01 1.87799E+00 9.77124E+01
 1.16348E+01 1.12340E+00 1.12992E+01 1.10209E+00 1.40587E+02 1.57603E+01 1.54156E+00 1.04048E+02 1.99332E+01 1.93493E+00 1.05592E+02
 1.29538E+01 1.13142E+00 1.25977E+01 1.11022E+00 1.48539E+02 1.75785E+01 1.55304E+00 1.09389E+02 2.23064E+01 1.95757E+00 1.12173E+02
 1.43573E+01 1.13311E+00 1.39793E+01 1.11208E+00 1.56809E+02 1.95128E+01 1.55572E+00 1.14925E+02 2.47637E+01 1.96266E+00 1.18535E+02
 1.58440E+01 1.12886E+00 1.54427E+01 1.10807E+00 1.65405E+02 2.15615E+01 1.55017E+00 1.20659E+02 2.73482E+01 1.95584E+00 1.25024E+02
 1.74131E+01 1.11906E+00 1.69870E+01 1.09859E+00 1.74334E+02 2.37236E+01 1.53696E+00 1.26596E+02 3.00717E+01 1.93907E+00 1.31737E+02
 1.90609E+01 1.10415E+00 1.86086E+01 1.08407E+00 1.83598E+02 2.59940E+01 1.51669E+00 1.32737E+02 3.29309E+01 1.91334E+00 1.38696E+02
 5.80323E-01 5.12278E-02 5.57936E-01 5.03298E-02 3.96259E+01 7.76004E-01 7.04282E-02 3.24140E+01 5.80328E-01 5.12283E-02 5.65763E-03
 6.85484E-01 8.68845E-02 6.50127E-01 8.72349E-02 4.24700E+01 9.00698E-01 1.22797E-01 3.45481E+01 6.85493E-01 8.68857E-02 8.08960E-03
 8.14700E-01 1.25393E-01 7.65376E-01 1.26599E-01 4.54278E+01 1.05743E+00 1.78474E-01 3.67462E+01 8.14715E-01 1.25395E-01 1.18211E-02
 9.64105E-01 1.66788E-01 8.99675E-01 1.68211E-01 4.85113E+01 1.24052E+00 2.37069E-01 3.90174E+01 9.64129E-01 1.66792E-01 1.76937E-02
 1.13847E+00 2.11651E-01 1.05690E+00 2.12083E-01 5.17255E+01 1.45506E+00 2.98382E-01 4.13648E+01 1.13852E+00 2.11659E-01 2.71882E-02
 1.34494E+00 2.61473E-01 1.24275E+00 2.58988E-01 5.50789E+01 1.70855E+00 3.63225E-01 4.37938E+01 1.34501E+00 2.61488E-01 4.29917E-02
 1.58926E+00 3.17360E-01 1.46212E+00 3.09275E-01 5.85754E+01 2.00751E+00 4.31802E-01 4.63072E+01 1.58940E+00 3.17388E-01 7.01312E-02
 1.80577E+00 3.64663E-01 1.65607E+00 3.50254E-01 6.13760E+01 2.27164E+00 4.87016E-01 4.83081E+01 1.80599E+00 3.64709E-01 1.04786E-01
 1.87163E+00 3.79789E-01 1.71885E+00 3.63505E-01 6.22273E+01 2.35874E+00 5.04934E-01 4.89112E+01 1.87188E+00 3.79842E-01 1.18341E-01
 2.24075E+00 4.53482E-01 2.06828E+00 4.27191E-01 6.63722E+01 2.84258E+00 5.90673E-01 5.18379E+01 2.24128E+00 4.53592E-01 2.16825E-01
 2.67517E+00 5.31478E-01 2.48127E+00 4.95230E-01 7.07239E+01 3.41515E+00 6.82552E-01 5.48913E+01 2.67637E+00 5.31717E-01 4.15864E-01
 3.16951E+00 6.10891E-01 2.95674E+00 5.68429E-01 7.52917E+01 4.07653E+00 7.83114E-01 5.80773E+01 3.17245E+00 6.11455E-01 8.37068E-01
 3.72481E+00 6.88401E-01 3.50166E+00 6.45651E-01 8.00820E+01 4.83880E+00 8.91588E-01 6.13995E+01 3.73288E+00 6.89889E-01 1.76897E+00
 4.34185E+00 7.60394E-01 4.11003E+00 7.22346E-01 8.51042E+01 5.69094E+00 1.00122E+00 6.48635E+01 4.36766E+00 7.64933E-01 3.90526E+00
 5.02047E+00 8.22952E-01 4.78614E+00 7.91466E-01 9.03634E+01 6.64070E+00 1.10091E+00 6.84722E+01 5.11721E+00 8.38976E-01 8.83610E+00
 5.76322E+00 8.74157E-01 5.52108E+00 8.48232E-01 9.58635E+01 7.67115E+00 1.18285E+00 7.22276E+01 6.14986E+00 9.33730E-01 1.94970E+01
 6.56749E+00 9.14301E-01 6.31606E+00 8.91993E-01 1.01610E+02 8.78545E+00 1.24576E+00 7.61330E+01 7.89079E+00 1.10185E+00 3.82037E+01
 7.43749E+00 9.44735E-01 7.17477E+00 9.24343E-01 1.07608E+02 9.98860E+00 1.29198E+00 8.01912E+01 1.05558E+01 1.34793E+00 6.05352E+01
 8.37539E+00 9.66954E-01 8.09959E+00 9.47449E-01 1.13862E+02 1.12840E+01 1.32481E+00 8.44051E+01 1.33877E+01 1.55526E+00 7.78287E+01
 9.38219E+00 9.82046E-01 9.09149E+00 9.62924E-01 1.20377E+02 1.26731E+01 1.34671E+00 8.87772E+01 1.57953E+01 1.66338E+00 8.84186E+01
 1.04584E+01 9.90744E-01 1.01514E+01 9.71826E-01 1.27158E+02 1.41572E+01 1.35931E+00 9.33100E+01 1.79128E+01 1.70633E+00 9.54475E+01
 1.16036E+01 9.93552E-01 1.12790E+01 9.74819E-01 1.34207E+02 1.57361E+01 1.36359E+00 9.80056E+01 1.99761E+01 1.71892E+00 1.01289E+02
 1.28167E+01 9.90877E-01 1.24733E+01 9.72372E-01 1.41529E+02 1.74083E+01 1.36023E+00 1.02866E+02 2.21008E+01 1.71619E+00 1.06922E+02
 1.40958E+01 9.83111E-01 1.37325E+01 9.64896E-01 1.49126E+02 1.91713E+01 1.34983E+00 1.07893E+02 2.43248E+01 1.70322E+00 1.12655E+02
 1.54396E+01 9.70660E-01 1.50552E+01 9.52799E-01 1.57007E+02 2.10232E+01 1.33296E+00 1.13091E+02 2.66574E+01 1.68182E+00 1.18576E+02
 1.68442E+01 9.53943E-01 1.64377E+01 9.36494E-01 1.65169E+02 2.29588E+01 1.31019E+00 1.18460E+02 2.90947E+01 1.65297E+00 1.24705E+02
 5.56608E-01 5.06929E-02 5.35018E-01 4.99631E-02 3.67127E+01 7.44083E-01 6.99766E-02 2.96372E+01 5.56614E-01 5.06934E-02 5.24170E-03
 6.57075E-01 8.51121E-02 6.23122E-01 8.55765E-02 3.92518E+01 8.63259E-01 1.20509E-01 3.15377E+01 6.57084E-01 8.51133E-02 7.47659E-03
 7.79416E-01 1.21754E-01 7.32289E-01 1.23016E-01 4.18991E+01 1.01174E+00 1.73458E-01 3.34968E+01 7.79430E-01 1.21757E-01 1.09028E-02
 9.19781E-01 1.60665E-01 8.58493E-01 1.62102E-01 4.46640E+01 1.18381E+00 2.28484E-01 3.55218E+01 9.19804E-01 1.60670E-01 1.62905E-02
 1.08267E+00 2.02396E-01 1.00536E+00 2.02853E-01 4.75497E+01 1.38423E+00 2.85413E-01 3.76151E+01 1.08271E+00 2.02404E-01 2.49932E-02
 1.27459E+00 2.48319E-01 1.17808E+00 2.45982E-01 5.05621E+01 1.61978E+00 3.44993E-01 3.97807E+01 1.27466E+00 2.48333E-01 3.94661E-02
 1.50066E+00 2.99431E-01 1.38096E+00 2.91810E-01 5.37038E+01 1.89623E+00 4.07420E-01 4.20206E+01 1.50079E+00 2.99457E-01 6.42984E-02
 1.70025E+00 3.42435E-01 1.55966E+00 3.28905E-01 5.62206E+01 2.13954E+00 4.57330E-01 4.38034E+01 1.70046E+00 3.42478E-01 9.59840E-02
 1.76069E+00 3.56129E-01 1.61720E+00 3.40854E-01 5.69850E+01 2.21934E+00 4.73467E-01 4.43403E+01 1.76093E+00 3.56179E-01 1.08372E-01
 2.09893E+00 4.22575E-01 1.93707E+00 3.98049E-01 6.07063E+01 2.66213E+00 5.50367E-01 4.69446E+01 2.09942E+00 4.22677E-01 1.98315E-01
 2.49525E+00 4.92280E-01 2.31364E+00 4.58663E-01 6.46109E+01 3.18412E+00 6.32136E-01 4.96595E+01 2.49637E+00 4.92501E-01 3.79916E-01
 2.94416E+00 5.62581E-01 2.74542E+00 5.23436E-01 6.87062E+01 3.78473E+00 7.21111E-01 5.24897E+01 2.94688E+00 5.63101E-01 7.63844E-01
 3.44590E+00 6.30444E-01 3.23791E+00 5.91247E-01 7.29973E+01 4.47370E+00 8.16442E-01 5.54380E+01 3.45336E+00 6.31807E-01 1.61244E+00
 4.00061E+00 6.92621E-01 3.78497E+00 6.57896E-01 7.74915E+01 5.24004E+00 9.11862E-01 5.85089E+01 4.02437E+00 6.96754E-01 3.55576E+00
 4.60762E+00 7.45688E-01 4.38999E+00 7.17069E-01 8.21927E+01 6.09001E+00 9.97394E-01 6.17046E+01 4.69635E+00 7.60205E-01 8.03634E+00
 5.26873E+00 7.88084E-01 5.04432E+00 7.64607E-01 8.71034E+01 7.00751E+00 1.06620E+00 6.50266E+01 5.62194E+00 8.41782E-01 1.77119E+01
 5.98104E+00 8.20236E-01 5.74856E+00 8.00111E-01 9.22277E+01 7.99468E+00 1.11740E+00 6.84772E+01 7.18526E+00 9.88457E-01 3.46640E+01
 6.74778E+00 8.43504E-01 6.50550E+00 8.25181E-01 9.75692E+01 9.05531E+00 1.15333E+00 7.20585E+01 9.57478E+00 1.20343E+00 5.48608E+01
 7.57035E+00 8.59340E-01 7.31674E+00 8.41889E-01 1.03131E+02 1.01917E+01 1.17716E+00 7.57726E+01 1.20975E+01 1.38208E+00 7.04530E+01
 8.44904E+00 8.68808E-01 8.18257E+00 8.51775E-01 1.08918E+02 1.14043E+01 1.19122E+00 7.96213E+01 1.42201E+01 1.47147E+00 7.99525E+01
 9.38376E+00 8.72636E-01 9.10325E+00 8.55860E-01 1.14930E+02 1.26935E+01 1.19706E+00 8.36061E+01 1.60675E+01 1.50281E+00 8.62165E+01
 1.03736E+01 8.71337E-01 1.00780E+01 8.54797E-01 1.21172E+02 1.40584E+01 1.19566E+00 8.77285E+01 1.78535E+01 1.50738E+00 9.13960E+01
 1.14169E+01 8.65327E-01 1.11053E+01 8.49059E-01 1.27644E+02 1.54968E+01 1.18769E+00 9.19897E+01 1.96817E+01 1.49864E+00 9.63748E+01
 1.25116E+01 8.55003E-01 1.21831E+01 8.39058E-01 1.34350E+02 1.70060E+01 1.17375E+00 9.63907E+01 2.15854E+01 1.48118E+00 1.01433E+02
 1.36559E+01 8.40757E-01 1.33096E+01 8.25187E-01 1.41293E+02 1.85832E+01 1.15439E+00 1.00935E+02 2.35718E+01 1.45665E+00 1.06648E+02
 1.48460E+01 8.23000E-01 1.44812E+01 8.07852E-01 1.48473E+02 2.02235E+01 1.13018E+00 1.05621E+02 2.56371E+01 1.42598E+00 1.12036E+02
 5.34542E-01 5.04618E-02 5.13694E-01 4.99085E-02 3.39500E+01 7.14381E-01 6.99671E-02 2.70696E+01 5.34547E-01 5.04623E-02 4.84725E-03
 6.29981E-01 8.36656E-02 5.97416E-01 8.42516E-02 3.62183E+01 8.27642E-01 1.18692E-01 2.87607E+01 6.29990E-01 8.36668E-02 6.89878E-03
 7.45414E-01 1.18490E-01 7.00476E-01 1.19816E-01 3.85893E+01 9.67845E-01 1.68982E-01 3.05053E+01 7.45427E-01 1.18493E-01 1.00416E-02
 8.76992E-01 1.55003E-01 8.18818E-01 1.56461E-01 4.10700E+01 1.12921E+00 2.20559E-01 3.23093E+01 8.77014E-01 1.55007E-01 1.49796E-02
 1.02890E+00 1.93738E-01 9.55799E-01 1.94227E-01 4.36618E+01 1.31614E+00 2.73295E-01 3.41744E+01 1.02894E+00 1.93746E-01 2.29497E-02
 1.20705E+00 2.35955E-01 1.11610E+00 2.33773E-01 4.63688E+01 1.53474E+00 3.27884E-01 3.61035E+01 1.20712E+00 2.35968E-01 3.61929E-02
 1.41601E+00 2.82576E-01 1.30354E+00 2.75413E-01 4.91923E+01 1.79011E+00 3.84538E-01 3.80981E+01 1.41613E+00 2.82601E-01 5.88968E-02
 1.59983E+00 3.21580E-01 1.46800E+00 3.08895E-01 5.14543E+01 2.01400E+00 4.29516E-01 3.96851E+01 1.60002E+00 3.21620E-01 8.78465E-02
 1.65524E+00 3.33952E-01 1.52067E+00 3.19641E-01 5.21406E+01 2.08701E+00 4.44007E-01 4.01625E+01 1.65547E+00 3.33999E-01 9.91584E-02
 1.96479E+00 3.93736E-01 1.81304E+00 3.70865E-01 5.54808E+01 2.49158E+00 5.12773E-01 4.24776E+01 1.96525E+00 3.93832E-01 1.81244E-01
 2.32574E+00 4.55877E-01 2.15576E+00 4.24700E-01 5.89831E+01 2.96654E+00 5.85309E-01 4.48890E+01 2.32678E+00 4.56082E-01 3.46822E-01
 2.73251E+00 5.17909E-01 2.54694E+00 4.81803E-01 6.26534E+01 3.51065E+00 6.63726E-01 4.74006E+01 2.73504E+00 5.18387E-01 6.96543E-01
 3.18483E+00 5.77111E-01 2.99111E+00 5.41158E-01 6.64955E+01 4.13211E+00 7.47247E-01 5.00144E+01 3.19173E+00 5.78358E-01 1.46878E+00
 3.68216E+00 6.30573E-01 3.48180E+00 5.98888E-01 7.05149E+01 4.81955E+00 8.30047E-01 5.27341E+01 3.70402E+00 6.34336E-01 3.23548E+00
 4.22336E+00 6.75302E-01 4.02149E+00 6.49304E-01 7.47144E+01 5.57785E+00 9.03105E-01 5.55613E+01 4.30463E+00 6.88447E-01 7.30443E+00
 4.80965E+00 7.10054E-01 4.60194E+00 6.88809E-01 7.90957E+01 6.39181E+00 9.60464E-01 5.84968E+01 5.13183E+00 7.58427E-01 1.60803E+01
 5.43791E+00 7.35375E-01 5.22324E+00 7.17229E-01 8.36614E+01 7.26281E+00 1.00161E+00 6.15423E+01 6.53191E+00 8.86165E-01 3.14332E+01
 6.11058E+00 7.52617E-01 5.88748E+00 7.36161E-01 8.84140E+01 8.19359E+00 1.02887E+00 6.46993E+01 8.66860E+00 1.07370E+00 4.96880E+01
 6.82841E+00 7.63185E-01 6.59556E+00 7.47576E-01 9.33557E+01 9.18554E+00 1.04525E+00 6.79692E+01 1.09086E+01 1.22734E+00 6.37373E+01
 7.59117E+00 7.68106E-01 7.34729E+00 7.52938E-01 9.84884E+01 1.02384E+01 1.05295E+00 7.13531E+01 1.27723E+01 1.30082E+00 7.22523E+01
 8.39826E+00 7.68095E-01 8.14240E+00 7.53220E-01 1.03814E+02 1.13518E+01 1.05346E+00 7.48518E+01 1.43756E+01 1.32268E+00 7.78293E+01
 9.24838E+00 7.63658E-01 8.97973E+00 7.49058E-01 1.09333E+02 1.25244E+01 1.04771E+00 7.84663E+01 1.59122E+01 1.32100E+00 8.24160E+01
 1.01397E+01 7.55214E-01 9.85752E+00 7.40916E-01 1.15047E+02 1.37535E+01 1.03638E+00 8.21972E+01 1.74748E+01 1.30784E+00 8.68112E+01
 1.10699E+01 7.43150E-01 1.07735E+01 7.29195E-01 1.20956E+02 1.50361E+01 1.02003E+00 8.60446E+01 1.90927E+01 1.28732E+00 9.12669E+01
 1.20369E+01 7.27840E-01 1.17257E+01 7.14269E-01 1.27064E+02 1.63693E+01 9.99187E-01 9.00109E+01 2.07716E+01 1.26093E+00 9.58523E+01
 1.30371E+01 7.09675E-01 1.27105E+01 6.96525E-01 1.33369E+02 1.77482E+01 9.74397E-01 9.40947E+01 2.25075E+01 1.22955E+00 1.00581E+02
 5.11806E-01 5.06114E-02 4.91733E-01 5.02417E-02 3.13770E+01 6.83796E-01 7.05055E-02 2.47397E+01 5.11811E-01 5.06119E-02 4.47989E-03
 6.02329E-01 8.26067E-02 5.71175E-01 8.33189E-02 3.34078E+01 7.91282E-01 1.17429E-01 2.62424E+01 6.02337E-01 8.26079E-02 6.36345E-03
 7.10937E-01 1.15655E-01 6.68205E-01 1.17047E-01 3.55346E+01 9.23309E-01 1.65114E-01 2.77936E+01 7.10950E-01 1.15658E-01 9.24670E-03
 8.33793E-01 1.49857E-01 7.78757E-01 1.51337E-01 3.77626E+01 1.07407E+00 2.13363E-01 2.93982E+01 8.33814E-01 1.49862E-01 1.37733E-02
 9.74793E-01 1.85738E-01 9.05940E-01 1.86258E-01 4.00919E+01 1.24765E+00 2.62102E-01 3.10571E+01 9.74828E-01 1.85745E-01 2.10732E-02
 1.13928E+00 2.24464E-01 1.05396E+00 2.22431E-01 4.25249E+01 1.44951E+00 3.11993E-01 3.27725E+01 1.13935E+00 2.24477E-01 3.31927E-02
 1.33128E+00 2.66885E-01 1.22616E+00 2.60163E-01 4.50624E+01 1.68410E+00 3.63264E-01 3.45455E+01 1.33139E+00 2.66909E-01 5.39521E-02
 1.49958E+00 3.02169E-01 1.37668E+00 2.90298E-01 4.70948E+01 1.88898E+00 4.03675E-01 3.59558E+01 1.49976E+00 3.02207E-01 8.04035E-02
 1.55005E+00 3.13322E-01 1.42456E+00 2.99938E-01 4.77106E+01 1.95532E+00 4.16655E-01 3.63795E+01 1.55026E+00 3.13366E-01 9.07335E-02
 1.83156E+00 3.67006E-01 1.69001E+00 3.45709E-01 5.07070E+01 2.32246E+00 4.78000E-01 3.84340E+01 1.83200E+00 3.67095E-01 1.65648E-01
 2.15826E+00 4.22314E-01 1.99981E+00 3.93421E-01 5.38459E+01 2.75165E+00 5.42197E-01 4.05719E+01 2.15922E+00 4.22503E-01 3.16613E-01
 2.52447E+00 4.76961E-01 2.35176E+00 4.43656E-01 5.71321E+01 3.24111E+00 6.11154E-01 4.27967E+01 2.52680E+00 4.77401E-01 6.35153E-01
 2.92953E+00 5.28495E-01 2.74956E+00 4.95477E-01 6.05682E+01 3.79770E+00 6.84129E-01 4.51098E+01 2.93587E+00 5.29637E-01 1.33783E+00
 3.37244E+00 5.74352E-01 3.18673E+00 5.45383E-01 6.41584E+01 4.41023E+00 7.55847E-01 4.75140E+01 3.39245E+00 5.77778E-01 2.94368E+00
 3.85170E+00 6.11918E-01 3.66494E+00 5.88252E-01 6.79046E+01 5.08226E+00 8.18145E-01 5.00103E+01 3.92575E+00 6.23827E-01 6.63798E+00
 4.36797E+00 6.40207E-01 4.17628E+00 6.20945E-01 7.18073E+01 5.79939E+00 8.65793E-01 5.25992E+01 4.66030E+00 6.83813E-01 1.45956E+01
 4.91808E+00 6.59851E-01 4.72048E+00 6.43462E-01 7.58685E+01 6.56236E+00 8.98550E-01 5.52819E+01 5.90660E+00 7.95127E-01 2.84951E+01
 5.50384E+00 6.72186E-01 5.29904E+00 6.57381E-01 8.00895E+01 7.37314E+00 9.18726E-01 5.80593E+01 7.80576E+00 9.58901E-01 4.49868E+01
 6.12551E+00 6.78559E-01 5.91241E+00 6.64576E-01 8.44715E+01 8.23247E+00 9.29155E-01 6.09321E+01 9.78244E+00 1.09117E+00 5.76374E+01
 6.78250E+00 6.79960E-01 6.56004E+00 6.66429E-01 8.90153E+01 9.13955E+00 9.31932E-01 6.39009E+01 1.14077E+01 1.15145E+00 6.52620E+01
 7.47390E+00 6.77077E-01 7.24131E+00 6.63864E-01 9.37217E+01 1.00936E+01 9.28448E-01 6.69662E+01 1.27888E+01 1.16585E+00 7.02194E+01
 8.19819E+00 6.70405E-01 7.95484E+00 6.57490E-01 9.85908E+01 1.10929E+01 9.19598E-01 7.01281E+01 1.41004E+01 1.15960E+00 7.42728E+01
 8.95343E+00 6.60351E-01 8.69876E+00 6.47754E-01 1.03623E+02 1.21346E+01 9.06029E-01 7.33867E+01 1.54252E+01 1.14348E+00 7.81436E+01
 9.73727E+00 6.47285E-01 9.47079E+00 6.35040E-01 1.08817E+02 1.32157E+01 8.88285E-01 7.67420E+01 1.67888E+01 1.12117E+00 8.20588E+01
 1.05475E+01 6.31559E-01 1.02687E+01 6.19697E-01 1.14176E+02 1.43330E+01 8.66857E-01 8.01951E+01 1.81957E+01 1.09405E+00 8.60798E+01
 1.13808E+01 6.13536E-01 1.10894E+01 6.02085E-01 1.19696E+02 1.54821E+01 8.42250E-01 8.37445E+01 1.96422E+01 1.06290E+00 9.02186E+01
 4.93062E-01 5.11286E-02 4.73622E-01 5.09522E-02 2.89054E+01 6.58571E-01 7.15783E-02 2.25413E+01 4.93067E-01 5.11292E-02 4.12699E-03
 5.79022E-01 8.18791E-02 5.49075E-01 8.27229E-02 3.07207E+01 7.60665E-01 1.16641E-01 2.38698E+01 5.79030E-01 8.18803E-02 5.85161E-03
 6.81588E-01 1.13139E-01 6.40736E-01 1.14599E-01 3.26245E+01 8.85400E-01 1.61696E-01 2.52420E+01 6.81600E-01 1.13141E-01 8.48944E-03
 7.96918E-01 1.45054E-01 7.44522E-01 1.46552E-01 3.46206E+01 1.02694E+00 2.06643E-01 2.66621E+01 7.96939E-01 1.45058E-01 1.26273E-02
 9.28646E-01 1.78147E-01 8.63322E-01 1.78691E-01 3.67082E+01 1.18906E+00 2.51470E-01 2.81305E+01 9.28680E-01 1.78154E-01 1.92947E-02
 1.08164E+00 2.13505E-01 1.00095E+00 2.11605E-01 3.88884E+01 1.37673E+00 2.96821E-01 2.96485E+01 1.08169E+00 2.13517E-01 3.03542E-02
 1.25945E+00 2.51918E-01 1.16033E+00 2.45605E-01 4.11614E+01 1.59382E+00 3.42949E-01 3.12170E+01 1.25956E+00 2.51940E-01 4.92814E-02
 1.41479E+00 2.83678E-01 1.29915E+00 2.72567E-01 4.29813E+01 1.78274E+00 3.79034E-01 3.24642E+01 1.41496E+00 2.83713E-01 7.33805E-02
 1.46116E+00 2.93679E-01 1.34309E+00 2.81165E-01 4.35318E+01 1.84359E+00 3.90589E-01 3.28385E+01 1.46135E+00 2.93720E-01 8.27863E-02
 1.71951E+00 3.41614E-01 1.58647E+00 3.21810E-01 4.62097E+01 2.18010E+00 4.44964E-01 3.46527E+01 1.71992E+00 3.41697E-01 1.50956E-01
 2.01813E+00 3.90528E-01 1.86948E+00 3.63813E-01 4.90119E+01 2.57212E+00 5.01394E-01 3.65392E+01 2.01903E+00 3.90704E-01 2.88187E-01
 2.35145E+00 4.38335E-01 2.18974E+00 4.07699E-01 5.19423E+01 3.01748E+00 5.61610E-01 3.85004E+01 2.35362E+00 4.38739E-01 5.77449E-01
 2.71852E+00 4.82841E-01 2.55027E+00 4.52611E-01 5.50025E+01 3.52192E+00 6.24917E-01 4.05376E+01 2.72440E+00 4.83884E-01 1.21486E+00
 3.11816E+00 5.21782E-01 2.94475E+00 4.95367E-01 5.81957E+01 4.07466E+00 6.86491E-01 4.26527E+01 3.13664E+00 5.24894E-01 2.66996E+00
 3.54878E+00 5.52910E-01 3.37456E+00 5.31412E-01 6.15227E+01 4.67872E+00 7.39046E-01 4.48463E+01 3.61696E+00 5.63668E-01 6.01348E+00
 4.01081E+00 5.75474E-01 3.83227E+00 5.58042E-01 6.49835E+01 5.32067E+00 7.78041E-01 4.71186E+01 4.27903E+00 6.14661E-01 1.32058E+01
 4.50115E+00 5.90166E-01 4.31744E+00 5.75394E-01 6.85790E+01 6.00092E+00 8.03453E-01 4.94701E+01 5.40512E+00 7.11125E-01 2.57476E+01
 5.02124E+00 5.98287E-01 4.83124E+00 5.85000E-01 7.23098E+01 6.72099E+00 8.17526E-01 5.19013E+01 7.11960E+00 8.53422E-01 4.05952E+01
 5.57115E+00 6.01127E-01 5.37391E+00 5.88632E-01 7.61762E+01 7.48129E+00 8.22936E-01 5.44125E+01 8.89445E+00 9.66569E-01 5.19449E+01
 6.15016E+00 5.99627E-01 5.94476E+00 5.87590E-01 8.01782E+01 8.28087E+00 8.21645E-01 5.70038E+01 1.03408E+01 1.01532E+00 5.87448E+01
 6.75729E+00 5.94447E-01 6.54309E+00 5.82746E-01 8.43156E+01 9.11886E+00 8.14961E-01 5.96751E+01 1.15590E+01 1.02348E+00 6.31310E+01
 7.39104E+00 5.86065E-01 7.16753E+00 5.74677E-01 8.85880E+01 9.99336E+00 8.03735E-01 6.24262E+01 1.27083E+01 1.01362E+00 6.66944E+01
 8.04956E+00 5.74868E-01 7.81629E+00 5.63809E-01 9.29944E+01 1.09019E+01 7.88577E-01 6.52568E+01 1.38640E+01 9.95365E-01 7.00846E+01
 8.73068E+00 5.61209E-01 8.48725E+00 5.50503E-01 9.75339E+01 1.18415E+01 7.70001E-01 6.81663E+01 1.50491E+01 9.71994E-01 7.35050E+01
 9.43228E+00 5.45410E-01 9.17834E+00 5.35081E-01 1.02207E+02 1.28092E+01 7.48461E-01 7.11552E+01 1.62675E+01 9.44736E-01 7.70101E+01
 1.01515E+01 5.27807E-01 9.88672E+00 5.17877E-01 1.07011E+02 1.38012E+01 7.24420E-01 7.42219E+01 1.75160E+01 9.14310E-01 8.06101E+01
 4.75228E-01 5.19679E-02 4.56402E-01 5.19982E-02 2.65958E+01 6.34590E-01 7.31278E-02 2.05223E+01 4.75233E-01 5.19684E-02 3.79723E-03
 5.56737E-01 8.14044E-02 5.27953E-01 8.23881E-02 2.82229E+01 7.31409E-01 1.16223E-01 2.16972E+01 5.56745E-01 8.14055E-02 5.37582E-03
 6.53463E-01 1.10841E-01 6.14419E-01 1.12373E-01 2.99311E+01 8.49083E-01 1.58595E-01 2.29119E+01 6.53475E-01 1.10844E-01 7.78857E-03
 7.61527E-01 1.40475E-01 7.11674E-01 1.41996E-01 3.17234E+01 9.81720E-01 2.00244E-01 2.41698E+01 7.61546E-01 1.40479E-01 1.15706E-02
 8.84298E-01 1.70838E-01 8.22380E-01 1.71405E-01 3.35981E+01 1.13279E+00 2.41234E-01 2.54708E+01 8.84330E-01 1.70845E-01 1.76599E-02
 1.02617E+00 2.02942E-01 9.49959E-01 2.01169E-01 3.55557E+01 1.30674E+00 2.82194E-01 2.68159E+01 1.02622E+00 2.02954E-01 2.77528E-02
 1.19026E+00 2.37524E-01 1.09697E+00 2.31602E-01 3.75955E+01 1.50695E+00 3.23408E-01 2.82053E+01 1.19036E+00 2.37545E-01 4.50120E-02
 1.33306E+00 2.65939E-01 1.22450E+00 2.55557E-01 3.92281E+01 1.68046E+00 3.55393E-01 2.93100E+01 1.33322E+00 2.65972E-01 6.69726E-02
 1.37548E+00 2.74854E-01 1.26463E+00 2.63173E-01 3.97210E+01 1.73602E+00 3.65606E-01 2.96411E+01 1.37566E+00 2.74892E-01 7.55389E-02
 1.61149E+00 3.17393E-01 1.48668E+00 2.99008E-01 4.21177E+01 2.04293E+00 4.13442E-01 3.12454E+01 1.61187E+00 3.17470E-01 1.37588E-01
 1.88296E+00 3.60358E-01 1.74378E+00 3.35701E-01 4.46231E+01 2.39898E+00 4.62649E-01 3.29123E+01 1.88380E+00 3.60520E-01 2.62379E-01
 2.18441E+00 4.01842E-01 2.03334E+00 3.73722E-01 4.72399E+01 2.80161E+00 5.14791E-01 3.46438E+01 2.18643E+00 4.02213E-01 5.25165E-01
 2.51464E+00 4.39897E-01 2.35774E+00 4.12287E-01 4.99691E+01 3.25554E+00 5.69214E-01 3.64407E+01 2.52008E+00 4.40847E-01 1.10366E+00
 2.87226E+00 4.72549E-01 2.71089E+00 4.48538E-01 5.28127E+01 3.75041E+00 6.21558E-01 3.83042E+01 2.88928E+00 4.75367E-01 2.42287E+00
 3.25557E+00 4.97881E-01 3.09367E+00 4.78425E-01 5.57709E+01 4.28845E+00 6.65318E-01 4.02346E+01 3.31806E+00 5.07566E-01 5.45070E+00
 3.66470E+00 5.15348E-01 3.49912E+00 4.99637E-01 5.88432E+01 4.85715E+00 6.96571E-01 4.22317E+01 3.90956E+00 5.50432E-01 1.19554E+01
 4.09663E+00 5.25693E-01 3.92664E+00 5.12434E-01 6.20296E+01 5.45662E+00 7.15498E-01 4.42957E+01 4.91863E+00 6.33413E-01 2.32799E+01
 4.55246E+00 5.30181E-01 4.37707E+00 5.18305E-01 6.53299E+01 6.08794E+00 7.24281E-01 4.64266E+01 6.45320E+00 7.56216E-01 3.66572E+01
 5.03200E+00 5.30032E-01 4.85042E+00 5.18915E-01 6.87439E+01 6.75117E+00 7.25428E-01 4.86242E+01 8.03101E+00 8.52175E-01 4.68478E+01
 5.53440E+00 5.26137E-01 5.34586E+00 5.15478E-01 7.22707E+01 7.44518E+00 7.20769E-01 5.08882E+01 9.30220E+00 8.90795E-01 5.29170E+01
 6.05858E+00 5.19123E-01 5.86258E+00 5.08809E-01 7.59095E+01 8.16890E+00 7.11524E-01 5.32183E+01 1.03601E+01 8.93699E-01 5.68004E+01
 6.60305E+00 5.09442E-01 6.39917E+00 4.99451E-01 7.96592E+01 8.92043E+00 6.98488E-01 5.56138E+01 1.13495E+01 8.81013E-01 5.99344E+01
 7.16599E+00 4.97461E-01 6.95391E+00 4.87802E-01 8.35184E+01 9.69733E+00 6.82235E-01 5.80740E+01 1.23380E+01 8.61254E-01 6.29041E+01
 7.74537E+00 4.83509E-01 7.52479E+00 4.74200E-01 8.74854E+01 1.04968E+01 6.63242E-01 6.05981E+01 1.33463E+01 8.37342E-01 6.58922E+01
 8.33917E+00 4.67881E-01 8.10983E+00 4.58939E-01 9.15599E+01 1.13161E+01 6.41922E-01 6.31859E+01 1.43777E+01 8.10366E-01 6.89470E+01
 8.94480E+00 4.50881E-01 8.70650E+00 4.42320E-01 9.57387E+01 1.21517E+01 6.18699E-01 6.58357E+01 1.54292E+01 7.80979E-01 7.20771E+01
 4.58568E-01 5.32100E-02 4.40330E-01 5.34627E-02 2.44063E+01 6.12215E-01 7.52718E-02 1.86280E+01 4.58573E-01 5.32105E-02 3.48463E-03
 5.35900E-01 8.12183E-02 5.08219E-01 8.23522E-02 2.58621E+01 7.04080E-01 1.16230E-01 1.96630E+01 5.35907E-01 8.12194E-02 4.92615E-03
 6.27017E-01 1.08764E-01 5.89685E-01 1.10375E-01 2.73921E+01 8.14955E-01 1.55815E-01 2.07345E+01 6.27029E-01 1.08766E-01 7.12786E-03
 7.28049E-01 1.36097E-01 6.80609E-01 1.37644E-01 2.89982E+01 9.38957E-01 1.94134E-01 2.18450E+01 7.28067E-01 1.36101E-01 1.05766E-02
 8.42152E-01 1.63759E-01 7.83467E-01 1.64351E-01 3.06785E+01 1.07931E+00 2.31324E-01 2.29943E+01 8.42183E-01 1.63766E-01 1.61253E-02
 9.73302E-01 1.92697E-01 9.01350E-01 1.91046E-01 3.24324E+01 1.24001E+00 2.68006E-01 2.41826E+01 9.73355E-01 1.92708E-01 2.53149E-02
 1.12423E+00 2.23596E-01 1.03647E+00 2.18049E-01 3.42592E+01 1.42399E+00 3.04492E-01 2.54101E+01 1.12433E+00 2.23616E-01 4.10175E-02
 1.25505E+00 2.48820E-01 1.15320E+00 2.39135E-01 3.57205E+01 1.58276E+00 3.32567E-01 2.63858E+01 1.25520E+00 2.48851E-01 6.09840E-02
 1.29372E+00 2.56705E-01 1.18972E+00 2.45819E-01 3.61607E+01 1.63329E+00 3.41508E-01 2.66777E+01 1.29389E+00 2.56741E-01 6.87680E-02
 1.50853E+00 2.94143E-01 1.39158E+00 2.77115E-01 3.83003E+01 1.91221E+00 3.83175E-01 2.80922E+01 1.50889E+00 2.94215E-01 1.25117E-01
 1.75446E+00 3.31532E-01 1.62433E+00 3.08841E-01 4.05341E+01 2.23446E+00 4.25628E-01 2.95607E+01 1.75524E+00 3.31681E-01 2.38335E-01
 2.02613E+00 3.67148E-01 1.88525E+00 3.41424E-01 4.28643E+01 2.59725E+00 4.70290E-01 3.10848E+01 2.02801E+00 3.67487E-01 4.76515E-01
 2.32218E+00 3.99277E-01 2.17614E+00 3.74157E-01 4.52909E+01 3.00432E+00 5.16547E-01 3.26647E+01 2.32719E+00 4.00139E-01 1.00031E+00
 2.64106E+00 4.26215E-01 2.49114E+00 4.04476E-01 4.78151E+01 3.44577E+00 5.60466E-01 3.43012E+01 2.65670E+00 4.28756E-01 2.19348E+00
 2.98102E+00 4.46350E-01 2.83082E+00 4.28812E-01 5.04365E+01 3.92329E+00 5.96286E-01 3.59942E+01 3.03819E+00 4.55030E-01 4.92881E+00
 3.34201E+00 4.59321E-01 3.18869E+00 4.45218E-01 5.31539E+01 4.42531E+00 6.20663E-01 3.77433E+01 3.56511E+00 4.90582E-01 1.07971E+01
 3.72112E+00 4.65906E-01 3.56405E+00 4.54053E-01 5.59667E+01 4.95170E+00 6.33944E-01 3.95481E+01 4.46707E+00 5.61348E-01 2.09964E+01
 4.11913E+00 4.67322E-01 3.95748E+00 4.56753E-01 5.88743E+01 5.50317E+00 6.38230E-01 4.14082E+01 5.83733E+00 6.66503E-01 3.30169E+01
 4.53569E+00 4.64717E-01 4.36879E+00 4.54871E-01 6.18755E+01 6.07952E+00 6.35858E-01 4.33234E+01 7.23639E+00 7.47085E-01 4.21404E+01
 4.96988E+00 4.58927E-01 4.79709E+00 4.49533E-01 6.49691E+01 6.67952E+00 6.28523E-01 4.52928E+01 8.35025E+00 7.76917E-01 4.75393E+01
 5.42056E+00 4.50539E-01 5.24147E+00 4.41494E-01 6.81537E+01 7.30199E+00 6.17353E-01 4.73157E+01 9.26566E+00 7.75541E-01 5.09634E+01
 5.88627E+00 4.39978E-01 5.70058E+00 4.31258E-01 7.14275E+01 7.94503E+00 6.03084E-01 4.93914E+01 1.01138E+01 7.60799E-01 5.37064E+01
 6.36528E+00 4.27584E-01 6.17274E+00 4.19194E-01 7.47889E+01 8.60634E+00 5.86247E-01 5.15187E+01 1.09555E+01 7.40193E-01 5.62938E+01
 6.85569E+00 4.13659E-01 6.65609E+00 4.05611E-01 7.82356E+01 9.28332E+00 5.67278E-01 5.36965E+01 1.18092E+01 7.16297E-01 5.88893E+01
 7.35560E+00 3.98469E-01 7.14878E+00 3.90774E-01 8.17665E+01 9.97335E+00 5.46549E-01 5.59243E+01 1.26777E+01 6.90071E-01 6.15356E+01
 7.86274E+00 3.82285E-01 7.64856E+00 3.74951E-01 8.53785E+01 1.06733E+01 5.24437E-01 5.82003E+01 1.35583E+01 6.62092E-01 6.42401E+01
 4.42688E-01 5.48056E-02 4.25037E-01 5.52902E-02 2.24148E+01 5.90936E-01 7.79298E-02 1.69185E+01 4.42693E-01 5.48062E-02 3.20029E-03
 5.15642E-01 8.13295E-02 4.89106E-01 8.26208E-02 2.37213E+01 6.77641E-01 1.16668E-01 1.78328E+01 5.15649E-01 8.13307E-02 4.51838E-03
 6.01065E-01 1.06990E-01 5.65502E-01 1.08686E-01 2.50962E+01 7.81624E-01 1.53474E-01 1.87809E+01 6.01076E-01 1.06992E-01 6.53044E-03
 6.95138E-01 1.32090E-01 6.50168E-01 1.33668E-01 2.65405E+01 8.97094E-01 1.88556E-01 1.97647E+01 6.95155E-01 1.32094E-01 9.68019E-03
 8.00820E-01 1.57183E-01 7.45404E-01 1.57801E-01 2.80518E+01 1.02703E+00 2.22124E-01 2.07835E+01 8.00849E-01 1.57189E-01 1.47446E-02
 9.21704E-01 1.83155E-01 8.54001E-01 1.81618E-01 2.96288E+01 1.17505E+00 2.54794E-01 2.18371E+01 9.21754E-01 1.83166E-01 2.31265E-02
 1.06016E+00 2.10650E-01 9.77851E-01 2.05449E-01 3.12702E+01 1.34364E+00 2.86907E-01 2.29253E+01 1.06025E+00 2.10669E-01 3.74388E-02
 1.17969E+00 2.32951E-01 1.08442E+00 2.23907E-01 3.25823E+01 1.48854E+00 3.11399E-01 2.37901E+01 1.17983E+00 2.32980E-01 5.56262E-02
 1.21484E+00 2.39897E-01 1.11755E+00 2.29744E-01 3.29766E+01 1.53436E+00 3.19183E-01 2.40483E+01 1.21500E+00 2.39931E-01 6.27126E-02
 1.40979E+00 2.72710E-01 1.30048E+00 2.56929E-01 3.48921E+01 1.78701E+00 3.55266E-01 2.52994E+01 1.41013E+00 2.72776E-01 1.13983E-01
 1.63187E+00 3.05085E-01 1.51048E+00 2.84197E-01 3.68891E+01 2.07770E+00 3.91662E-01 2.65970E+01 1.63260E+00 3.05223E-01 2.16901E-01
 1.87587E+00 3.35477E-01 1.74476E+00 3.11944E-01 3.89691E+01 2.40343E+00 4.29671E-01 2.79423E+01 1.87760E+00 3.35786E-01 4.33206E-01
 2.14024E+00 3.62384E-01 2.00462E+00 3.39534E-01 4.11314E+01 2.76710E+00 4.68726E-01 2.93351E+01 2.14486E+00 3.63166E-01 9.08414E-01
 2.42336E+00 3.84344E-01 2.28440E+00 3.64669E-01 4.33764E+01 3.15924E+00 5.05279E-01 3.07758E+01 2.43770E+00 3.86635E-01 1.98975E+00
 2.72341E+00 4.00017E-01 2.58439E+00 3.84215E-01 4.57031E+01 3.58104E+00 5.34239E-01 3.22639E+01 2.77560E+00 4.07794E-01 4.46576E+00
 3.04020E+00 4.09197E-01 2.89857E+00 3.96543E-01 4.81100E+01 4.02183E+00 5.52771E-01 3.37987E+01 3.24297E+00 4.37039E-01 9.77044E+00
 3.37092E+00 4.12684E-01 3.22616E+00 4.02092E-01 5.05960E+01 4.48127E+00 5.61361E-01 3.53795E+01 4.04603E+00 4.97199E-01 1.89743E+01
 3.71613E+00 4.11639E-01 3.56752E+00 4.02237E-01 5.31597E+01 4.95979E+00 5.62017E-01 3.70058E+01 5.26471E+00 5.87036E-01 2.97961E+01
 4.07533E+00 4.07139E-01 3.92232E+00 3.98421E-01 5.57996E+01 5.45701E+00 5.56912E-01 3.86768E+01 6.49954E+00 6.54451E-01 3.79787E+01
 4.44756E+00 3.99962E-01 4.28961E+00 3.91684E-01 5.85142E+01 5.97160E+00 5.47606E-01 4.03916E+01 7.46972E+00 6.77014E-01 4.27884E+01
 4.83167E+00 3.90651E-01 4.66849E+00 3.82720E-01 6.13015E+01 6.50235E+00 5.35134E-01 4.21492E+01 8.25575E+00 6.72371E-01 4.58100E+01
 5.22625E+00 3.79600E-01 5.05760E+00 3.71992E-01 6.41594E+01 7.04741E+00 5.20172E-01 4.39486E+01 8.97618E+00 6.56315E-01 4.82111E+01
 5.62968E+00 3.67121E-01 5.45540E+00 3.59836E-01 6.70859E+01 7.60462E+00 5.03203E-01 4.57885E+01 9.68569E+00 6.35450E-01 5.04648E+01
 6.04023E+00 3.53488E-01 5.86018E+00 3.46533E-01 7.00786E+01 8.17161E+00 4.84622E-01 4.76677E+01 1.04006E+01 6.12031E-01 5.27180E+01
 6.45613E+00 3.38936E-01 6.27022E+00 3.32316E-01 7.31358E+01 8.74594E+00 4.64759E-01 4.95852E+01 1.11233E+01 5.86901E-01 5.50084E+01
 6.87541E+00 3.23703E-01 6.68357E+00 3.17423E-01 7.62543E+01 9.32491E+00 4.43946E-01 5.15394E+01 1.18515E+01 5.60566E-01 5.73427E+01
 4.27844E-01 5.67744E-02 4.10784E-01 5.75043E-02 2.05659E+01 5.71118E-01 8.11366E-02 1.53401E+01 4.27848E-01 5.67750E-02 2.93632E-03
 4.96288E-01 8.17420E-02 4.70921E-01 8.32003E-02 2.17416E+01 6.52515E-01 1.17546E-01 1.61500E+01 4.96294E-01 8.17432E-02 4.14129E-03
 5.76028E-01 1.05491E-01 5.42249E-01 1.07281E-01 2.29804E+01 7.49608E-01 1.51533E-01 1.69912E+01 5.76038E-01 1.05493E-01 5.97988E-03
 6.63320E-01 1.28380E-01 6.20816E-01 1.29996E-01 2.42827E+01 8.56760E-01 1.83408E-01 1.78651E+01 6.63337E-01 1.28383E-01 8.85666E-03
 7.60920E-01 1.50972E-01 7.08732E-01 1.51622E-01 2.56451E+01 9.76693E-01 2.13449E-01 1.87705E+01 7.60948E-01 1.50978E-01 1.34796E-02
 8.72059E-01 1.74104E-01 8.08512E-01 1.72683E-01 2.70659E+01 1.11267E+00 2.42273E-01 1.97067E+01 8.72107E-01 1.74114E-01 2.11261E-02
 9.98757E-01 1.98379E-01 9.21742E-01 1.93512E-01 2.85431E+01 1.26676E+00 2.70250E-01 2.06732E+01 9.98841E-01 1.98396E-01 3.41737E-02
 1.10771E+00 2.17940E-01 1.01877E+00 2.09509E-01 2.97229E+01 1.39865E+00 2.91386E-01 2.14409E+01 1.10785E+00 2.17967E-01 5.07444E-02
 1.13957E+00 2.24013E-01 1.04873E+00 2.14557E-01 3.00764E+01 1.44006E+00 2.98094E-01 2.16697E+01 1.13973E+00 2.24044E-01 5.71971E-02
 1.31603E+00 2.52543E-01 1.21402E+00 2.37938E-01 3.17924E+01 1.66822E+00 3.29009E-01 2.27773E+01 1.31634E+00 2.52604E-01 1.03857E-01
 1.51597E+00 2.80326E-01 1.40290E+00 2.61125E-01 3.35783E+01 1.92960E+00 3.59863E-01 2.39247E+01 1.51665E+00 2.80452E-01 1.97433E-01
 1.73439E+00 3.05978E-01 1.61256E+00 2.84484E-01 3.54347E+01 2.22107E+00 3.91835E-01 2.51125E+01 1.73599E+00 3.06260E-01 3.93911E-01
 1.96965E+00 3.28201E-01 1.84387E+00 3.07453E-01 3.73606E+01 2.54482E+00 4.24416E-01 2.63404E+01 1.97390E+00 3.28910E-01 8.25112E-01
 2.22003E+00 3.45759E-01 2.09142E+00 3.27988E-01 3.93556E+01 2.89182E+00 4.54425E-01 2.76082E+01 2.23315E+00 3.47819E-01 1.80521E+00
 2.48371E+00 3.57546E-01 2.35523E+00 3.43341E-01 4.14181E+01 3.26282E+00 4.77371E-01 2.89151E+01 2.53127E+00 3.64495E-01 4.04662E+00
 2.76040E+00 3.63493E-01 2.62977E+00 3.52165E-01 4.35465E+01 3.64805E+00 4.90876E-01 3.02604E+01 2.94433E+00 3.88217E-01 8.84170E+00
 3.04744E+00 3.64406E-01 2.91422E+00 3.54964E-01 4.57391E+01 4.04703E+00 4.95531E-01 3.16430E+01 3.65714E+00 4.39010E-01 1.71463E+01
 3.34518E+00 3.61388E-01 3.20876E+00 3.53044E-01 4.79942E+01 4.45999E+00 4.93249E-01 3.30623E+01 4.73773E+00 5.15324E-01 2.68863E+01
 3.65307E+00 3.55439E-01 3.51301E+00 3.47740E-01 5.03101E+01 4.88640E+00 4.86036E-01 3.45172E+01 5.82383E+00 5.71278E-01 3.42210E+01
 3.97013E+00 3.47279E-01 3.82599E+00 3.40005E-01 5.26847E+01 5.32494E+00 4.75321E-01 3.60067E+01 6.66507E+00 5.87760E-01 3.85006E+01
 4.29526E+00 3.37404E-01 4.14680E+00 3.30471E-01 5.51159E+01 5.77441E+00 4.62044E-01 3.75296E+01 7.33606E+00 5.80647E-01 4.11612E+01
 4.62712E+00 3.26176E-01 4.47420E+00 3.19557E-01 5.76016E+01 6.23306E+00 4.46818E-01 3.90847E+01 7.94379E+00 5.63871E-01 4.32563E+01
 4.96424E+00 3.13875E-01 4.80674E+00 3.07568E-01 6.01393E+01 6.69893E+00 4.30080E-01 4.06708E+01 8.53723E+00 5.43212E-01 4.52118E+01
 5.30506E+00 3.00744E-01 5.14292E+00 2.94752E-01 6.27265E+01 7.16987E+00 4.12178E-01 4.22864E+01 9.13097E+00 5.20640E-01 4.71594E+01
 5.64798E+00 2.86989E-01 5.48116E+00 2.81313E-01 6.53613E+01 7.64370E+00 3.93401E-01 4.39304E+01 9.72698E+00 4.96883E-01 4.91329E+01
 5.99133E+00 2.72815E-01 5.81981E+00 2.67456E-01 6.80405E+01 8.11809E+00 3.74036E-01 4.56012E+01 1.03235E+01 4.72380E-01 5.11377E+01
 4.13667E-01 5.91135E-02 3.97200E-01 6.01005E-02 1.88543E+01 5.52244E-01 8.48851E-02 1.38905E+01 4.13671E-01 5.91142E-02 2.69193E-03
 4.77526E-01 8.24547E-02 4.53344E-01 8.40876E-02 1.99182E+01 6.28250E-01 1.18860E-01 1.46115E+01 4.77533E-01 8.24559E-02 3.79397E-03
 5.51640E-01 1.04268E-01 5.19648E-01 1.06156E-01 2.10399E+01 7.18509E-01 1.49989E-01 1.53612E+01 5.51650E-01 1.04270E-01 5.47492E-03
 6.32357E-01 1.24965E-01 5.92296E-01 1.26625E-01 2.22186E+01 8.17588E-01 1.78684E-01 1.61404E+01 6.32373E-01 1.24969E-01 8.10383E-03
 7.22223E-01 1.45129E-01 6.73200E-01 1.45814E-01 2.34507E+01 9.27936E-01 2.05294E-01 1.69475E+01 7.22249E-01 1.45135E-01 1.23262E-02
 8.24113E-01 1.65547E-01 7.64609E-01 1.64238E-01 2.47337E+01 1.05248E+00 2.30442E-01 1.77815E+01 8.24158E-01 1.65557E-01 1.93057E-02
 9.39719E-01 1.86787E-01 8.67815E-01 1.82239E-01 2.60654E+01 1.19288E+00 2.54520E-01 1.86415E+01 9.39797E-01 1.86803E-01 3.12072E-02
 1.03873E+00 2.03791E-01 9.55882E-01 1.95941E-01 2.71272E+01 1.31254E+00 2.72529E-01 1.93239E+01 1.03886E+00 2.03817E-01 4.63129E-02
 1.06752E+00 2.09055E-01 9.82881E-01 2.00259E-01 2.74443E+01 1.34982E+00 2.78241E-01 1.95268E+01 1.06766E+00 2.09085E-01 5.21915E-02
 1.22667E+00 2.33639E-01 1.13166E+00 2.20139E-01 2.89820E+01 1.55508E+00 3.04403E-01 2.05080E+01 1.22696E+00 2.33696E-01 9.46752E-02
 1.40604E+00 2.57243E-01 1.30092E+00 2.39621E-01 3.05784E+01 1.78923E+00 3.30227E-01 2.15227E+01 1.40667E+00 2.57359E-01 1.79793E-01
 1.60080E+00 2.78636E-01 1.48778E+00 2.59039E-01 3.22338E+01 2.04897E+00 3.56779E-01 2.25711E+01 1.60228E+00 2.78893E-01 3.58323E-01
 1.80924E+00 2.96703E-01 1.69277E+00 2.77896E-01 3.39466E+01 2.33590E+00 3.83595E-01 2.36526E+01 1.81314E+00 2.97343E-01 7.49693E-01
 2.02962E+00 3.10411E-01 1.91076E+00 2.94387E-01 3.57160E+01 2.64151E+00 4.07843E-01 2.47668E+01 2.04161E+00 3.12260E-01 1.63818E+00
 2.26017E+00 3.18868E-01 2.14160E+00 3.06119E-01 3.75401E+01 2.96622E+00 4.25588E-01 2.59128E+01 2.30341E+00 3.25064E-01 3.66732E+00
 2.50050E+00 3.22113E-01 2.38020E+00 3.11990E-01 3.94170E+01 3.30105E+00 4.34843E-01 2.70894E+01 2.66694E+00 3.44016E-01 8.00148E+00
 2.74812E+00 3.20947E-01 2.62572E+00 3.12546E-01 4.13447E+01 3.64549E+00 4.36280E-01 2.82958E+01 3.29735E+00 3.86632E-01 1.54931E+01
 3.00326E+00 3.16408E-01 2.87825E+00 3.09018E-01 4.33214E+01 3.99958E+00 4.31704E-01 2.95310E+01 4.25209E+00 4.51139E-01 2.42556E+01
 3.26534E+00 3.09421E-01 3.13734E+00 3.02634E-01 4.53451E+01 4.36276E+00 4.22958E-01 3.07938E+01 5.20351E+00 4.97249E-01 3.08246E+01
 3.53340E+00 3.00640E-01 3.40208E+00 2.94261E-01 4.74136E+01 4.73375E+00 4.11339E-01 3.20831E+01 5.92918E+00 5.08753E-01 3.46264E+01
 3.80641E+00 2.90520E-01 3.67160E+00 2.84470E-01 4.95246E+01 5.11140E+00 3.97698E-01 3.33976E+01 6.49812E+00 4.99889E-01 3.69622E+01
 4.08315E+00 2.79383E-01 3.94474E+00 2.73636E-01 5.16759E+01 5.49411E+00 3.82580E-01 3.47362E+01 7.00667E+00 4.82906E-01 3.87825E+01
 4.36231E+00 2.67478E-01 4.22025E+00 2.62030E-01 5.38651E+01 5.88013E+00 3.66374E-01 3.60975E+01 7.49863E+00 4.62846E-01 4.04708E+01
 4.64251E+00 2.55018E-01 4.49679E+00 2.49867E-01 5.60896E+01 6.26757E+00 3.49385E-01 3.74800E+01 7.98700E+00 4.41415E-01 4.21454E+01
 4.92235E+00 2.42179E-01 4.77296E+00 2.37323E-01 5.83473E+01 6.65451E+00 3.31858E-01 3.88827E+01 8.47354E+00 4.19238E-01 4.38360E+01
 5.20042E+00 2.29134E-01 5.04739E+00 2.24570E-01 6.06352E+01 7.03900E+00 3.14037E-01 4.03038E+01 8.95677E+00 3.96687E-01 4.55476E+01
 4.01050E-01 6.17887E-02 3.85125E-01 6.30426E-02 1.72548E+01 5.35470E-01 8.91237E-02 1.25489E+01 4.01054E-01 6.17894E-02 2.46357E-03
 4.60344E-01 8.34195E-02 4.37282E-01 8.52322E-02 1.82246E+01 6.06092E-01 1.20538E-01 1.31949E+01 4.60350E-01 8.34207E-02 3.47136E-03
 5.29077E-01 1.03258E-01 4.98768E-01 1.05249E-01 1.92457E+01 6.89790E-01 1.48752E-01 1.38667E+01 5.29087E-01 1.03260E-01 5.00805E-03
 6.03676E-01 1.21773E-01 5.65898E-01 1.23480E-01 2.03171E+01 7.81338E-01 1.74279E-01 1.45643E+01 6.03691E-01 1.21777E-01 7.41029E-03
 6.86466E-01 1.39566E-01 6.40368E-01 1.40290E-01 2.14347E+01 8.82883E-01 1.97541E-01 1.52861E+01 6.86491E-01 1.39571E-01 1.12665E-02
 7.79996E-01 1.57389E-01 7.24184E-01 1.56190E-01 2.25955E+01 9.97041E-01 2.19167E-01 1.60307E+01 7.80038E-01 1.57398E-01 1.76367E-02
 8.85609E-01 1.75775E-01 8.18337E-01 1.71530E-01 2.37972E+01 1.12507E+00 2.39576E-01 1.67971E+01 8.85683E-01 1.75791E-01 2.84914E-02
 9.75675E-01 1.90399E-01 8.98324E-01 1.83094E-01 2.47532E+01 1.23370E+00 2.54672E-01 1.74043E+01 9.75792E-01 1.90423E-01 4.22596E-02
 1.00171E+00 1.94915E-01 9.22675E-01 1.86739E-01 2.50375E+01 1.26730E+00 2.59465E-01 1.75842E+01 1.00184E+00 1.94943E-01 4.76142E-02
 1.14538E+00 2.15871E-01 1.05672E+00 2.03403E-01 2.64143E+01 1.45211E+00 2.81263E-01 1.84534E+01 1.14565E+00 2.15923E-01 8.62870E-02
 1.30641E+00 2.35677E-01 1.20851E+00 2.19522E-01 2.78395E+01 1.66203E+00 3.02524E-01 1.93501E+01 1.30699E+00 2.35783E-01 1.63687E-01
 1.48016E+00 2.53256E-01 1.37518E+00 2.35422E-01 2.93127E+01 1.89371E+00 3.24241E-01 2.02744E+01 1.48152E+00 2.53490E-01 3.25846E-01
 1.66483E+00 2.67650E-01 1.55687E+00 2.50644E-01 3.08322E+01 2.14805E+00 3.45961E-01 2.12254E+01 1.66842E+00 2.68228E-01 6.80895E-01
 1.85875E+00 2.78009E-01 1.74879E+00 2.63599E-01 3.23968E+01 2.41715E+00 3.65166E-01 2.22025E+01 1.86973E+00 2.79665E-01 1.48586E+00
 2.06020E+00 2.83631E-01 1.95066E+00 2.72219E-01 3.40044E+01 2.70116E+00 3.78430E-01 2.32046E+01 2.09958E+00 2.89140E-01 3.32154E+00
 2.26875E+00 2.84641E-01 2.15783E+00 2.75619E-01 3.56529E+01 2.99195E+00 3.84120E-01 2.42307E+01 2.41962E+00 3.03990E-01 7.23580E+00
 2.48211E+00 2.81827E-01 2.36951E+00 2.74370E-01 3.73405E+01 3.28895E+00 3.82960E-01 2.52797E+01 2.97764E+00 3.39485E-01 1.39872E+01
 2.70041E+00 2.76158E-01 2.58570E+00 2.69626E-01 3.90649E+01 3.59214E+00 3.76643E-01 2.63505E+01 3.82205E+00 3.93705E-01 2.18607E+01
 2.92308E+00 2.68478E-01 2.80595E+00 2.62509E-01 4.08243E+01 3.90093E+00 3.66849E-01 2.74420E+01 4.65611E+00 4.31390E-01 2.77345E+01
 3.14921E+00 2.59381E-01 3.02941E+00 2.53799E-01 4.26163E+01 4.21412E+00 3.54748E-01 2.85530E+01 5.28204E+00 4.38863E-01 3.11033E+01
 3.37787E+00 2.49272E-01 3.25528E+00 2.44006E-01 4.44387E+01 4.53065E+00 3.41098E-01 2.96823E+01 5.76379E+00 4.28845E-01 3.31458E+01
 3.60797E+00 2.38438E-01 3.48253E+00 2.33461E-01 4.62893E+01 4.84911E+00 3.26382E-01 3.08286E+01 6.18832E+00 4.12066E-01 3.47190E+01
 3.83836E+00 2.27095E-01 3.71005E+00 2.22401E-01 4.81657E+01 5.16795E+00 3.10937E-01 3.19906E+01 6.59488E+00 3.92902E-01 3.61677E+01
 4.06787E+00 2.15426E-01 3.93671E+00 2.11009E-01 5.00654E+01 5.48557E+00 2.95024E-01 3.31669E+01 6.99513E+00 3.72822E-01 3.75978E+01
 4.29528E+00 2.03576E-01 4.16130E+00 1.99432E-01 5.19863E+01 5.80030E+00 2.78849E-01 3.43564E+01 7.39067E+00 3.52354E-01 3.90360E+01
 4.51945E+00 1.91691E-01 4.38269E+00 1.87814E-01 5.39256E+01 6.11055E+00 2.62615E-01 3.55574E+01 7.78039E+00 3.31809E-01 4.04866E+01
 3.89373E-01 6.47542E-02 3.73951E-01 6.62822E-02 1.57629E+01 5.19951E-01 9.37835E-02 1.13135E+01 3.89377E-01 6.47549E-02 2.25056E-03
 4.44350E-01 8.45719E-02 4.22333E-01 8.65669E-02 1.66551E+01 5.85470E-01 1.22484E-01 1.18975E+01 4.44356E-01 8.45731E-02 3.17241E-03
 5.08050E-01 1.02391E-01 4.79300E-01 1.04484E-01 1.75911E+01 6.63008E-01 1.47716E-01 1.25034E+01 5.08059E-01 1.02393E-01 4.57749E-03
 5.76950E-01 1.18732E-01 5.41287E-01 1.20487E-01 1.85696E+01 7.47537E-01 1.70089E-01 1.31312E+01 5.76965E-01 1.18735E-01 6.77291E-03
 6.53150E-01 1.34212E-01 6.09762E-01 1.34979E-01 1.95864E+01 8.40881E-01 1.90090E-01 1.37789E+01 6.53174E-01 1.34217E-01 1.02950E-02
 7.38912E-01 1.49552E-01 6.86526E-01 1.48470E-01 2.06386E+01 9.45393E-01 2.08356E-01 1.44453E+01 7.38952E-01 1.49561E-01 1.61092E-02
 8.35287E-01 1.65267E-01 7.72295E-01 1.61319E-01 2.17236E+01 1.06196E+00 2.25333E-01 1.51292E+01 8.35357E-01 1.65281E-01 2.60088E-02
 9.17092E-01 1.77697E-01 8.44811E-01 1.70916E-01 2.25841E+01 1.16039E+00 2.37748E-01 1.56697E+01 9.17202E-01 1.77720E-01 3.85565E-02
 9.40593E-01 1.81531E-01 8.66729E-01 1.73946E-01 2.28388E+01 1.19060E+00 2.41702E-01 1.58292E+01 9.40720E-01 1.81557E-01 4.34329E-02
 1.07000E+00 1.99196E-01 9.87182E-01 1.87694E-01 2.40700E+01 1.35656E+00 2.59542E-01 1.65988E+01 1.07025E+00 1.99244E-01 7.86288E-02
 1.21411E+00 2.15597E-01 1.12287E+00 2.00798E-01 2.53398E+01 1.54415E+00 2.76713E-01 1.73904E+01 1.21465E+00 2.15694E-01 1.48989E-01
 1.36857E+00 2.29802E-01 1.27104E+00 2.13582E-01 2.66474E+01 1.75010E+00 2.94147E-01 1.82039E+01 1.36983E+00 2.30014E-01 2.96215E-01
 1.53155E+00 2.41013E-01 1.43150E+00 2.25655E-01 2.79912E+01 1.97477E+00 3.11451E-01 1.90382E+01 1.53485E+00 2.41533E-01 6.18138E-01
 1.70139E+00 2.48526E-01 1.59971E+00 2.35592E-01 2.93696E+01 2.21068E+00 3.26346E-01 1.98927E+01 1.71143E+00 2.50006E-01 1.34694E+00
 1.87644E+00 2.51798E-01 1.77531E+00 2.41605E-01 3.07805E+01 2.45780E+00 3.35846E-01 2.07663E+01 1.91228E+00 2.56687E-01 3.00630E+00
 2.05632E+00 2.51027E-01 1.95413E+00 2.43001E-01 3.22219E+01 2.70885E+00 3.38634E-01 2.16579E+01 2.19292E+00 2.68084E-01 6.53805E+00
 2.23891E+00 2.46974E-01 2.13542E+00 2.40367E-01 3.36917E+01 2.96326E+00 3.35470E-01 2.25664E+01 2.68538E+00 2.97483E-01 1.26158E+01
 2.42429E+00 2.40538E-01 2.31914E+00 2.34776E-01 3.51881E+01 3.22097E+00 3.27931E-01 2.34907E+01 3.43005E+00 3.42884E-01 1.96810E+01
 2.61191E+00 2.32484E-01 2.50486E+00 2.27243E-01 3.67089E+01 3.48139E+00 3.17536E-01 2.44297E+01 4.15859E+00 3.73498E-01 2.49238E+01
 2.80096E+00 2.23343E-01 2.69181E+00 2.18465E-01 3.82519E+01 3.74347E+00 3.05333E-01 2.53823E+01 4.69563E+00 3.77825E-01 2.79009E+01
 2.99060E+00 2.13472E-01 2.87928E+00 2.08893E-01 3.98151E+01 4.00625E+00 2.91987E-01 2.63472E+01 5.10041E+00 3.67191E-01 2.96794E+01
 3.17990E+00 2.03120E-01 3.06638E+00 1.98815E-01 4.13963E+01 4.26850E+00 2.77920E-01 2.73232E+01 5.45133E+00 3.50968E-01 3.10311E+01
 3.36786E+00 1.92472E-01 3.25216E+00 1.88430E-01 4.29932E+01 4.52890E+00 2.63419E-01 2.83092E+01 5.78357E+00 3.32941E-01 3.22657E+01
 3.55352E+00 1.81680E-01 3.43567E+00 1.77896E-01 4.46036E+01 4.78612E+00 2.48704E-01 2.93037E+01 6.10757E+00 3.14365E-01 3.34782E+01
 3.73584E+00 1.70865E-01 3.61590E+00 1.67331E-01 4.62253E+01 5.03875E+00 2.33943E-01 3.03057E+01 6.42487E+00 2.95684E-01 3.46923E+01
 3.91392E+00 1.60142E-01 3.79195E+00 1.56850E-01 4.78558E+01 5.28553E+00 2.19298E-01 3.13136E+01 6.73463E+00 2.77149E-01 3.59118E+01
 3.76724E-01 6.79418E-02 3.61862E-01 6.97454E-02 1.44013E+01 5.03164E-01 9.87582E-02 1.02069E+01 3.76728E-01 6.79426E-02 2.05616E-03
 4.27438E-01 8.58401E-02 4.06523E-01 8.80150E-02 1.52292E+01 5.63659E-01 1.24589E-01 1.07388E+01 4.27444E-01 8.58413E-02 2.90082E-03
 4.86138E-01 1.01600E-01 4.59010E-01 1.03794E-01 1.60927E+01 6.35097E-01 1.46784E-01 1.12883E+01 4.86146E-01 1.01602E-01 4.18758E-03
 5.49367E-01 1.15791E-01 5.15896E-01 1.17594E-01 1.69903E+01 7.12669E-01 1.66039E-01 1.18555E+01 5.49381E-01 1.15794E-01 6.19688E-03
 6.18982E-01 1.29038E-01 5.78405E-01 1.29850E-01 1.79182E+01 7.97858E-01 1.82895E-01 1.24384E+01 6.19005E-01 1.29044E-01 9.41815E-03
 6.96961E-01 1.42029E-01 6.48143E-01 1.41066E-01 1.88734E+01 8.92780E-01 1.97990E-01 1.30358E+01 6.96999E-01 1.42038E-01 1.47314E-02
 7.84091E-01 1.55251E-01 7.25573E-01 1.51603E-01 1.98538E+01 9.97963E-01 2.11784E-01 1.36466E+01 7.84157E-01 1.55265E-01 2.37701E-02
 8.57693E-01 1.65666E-01 7.90702E-01 1.59400E-01 2.06283E+01 1.08632E+00 2.21751E-01 1.41279E+01 8.57796E-01 1.65686E-01 3.52174E-02
 8.78686E-01 1.68880E-01 8.10202E-01 1.61874E-01 2.08564E+01 1.11317E+00 2.24947E-01 1.42693E+01 8.78804E-01 1.68904E-01 3.96627E-02
 9.93983E-01 1.83588E-01 9.17170E-01 1.73011E-01 2.19564E+01 1.26041E+00 2.39248E-01 1.49504E+01 9.94218E-01 1.83632E-01 7.17239E-02
 1.12147E+00 1.96989E-01 1.03694E+00 1.83461E-01 2.30859E+01 1.42588E+00 2.52818E-01 1.56485E+01 1.12197E+00 1.97077E-01 1.35736E-01
 1.25704E+00 2.08269E-01 1.16689E+00 1.93532E-01 2.42441E+01 1.60646E+00 2.66518E-01 1.63632E+01 1.25820E+00 2.08461E-01 2.69495E-01
 1.39894E+00 2.16769E-01 1.30668E+00 2.02898E-01 2.54292E+01 1.80223E+00 2.80018E-01 1.70938E+01 1.40195E+00 2.17237E-01 5.61546E-01
 1.54554E+00 2.21929E-01 1.45203E+00 2.10315E-01 2.66396E+01 2.00613E+00 2.91307E-01 1.78392E+01 1.55465E+00 2.23250E-01 1.22168E+00
 1.69528E+00 2.23326E-01 1.60245E+00 2.14220E-01 2.78734E+01 2.21790E+00 2.97753E-01 1.85986E+01 1.72762E+00 2.27661E-01 2.72209E+00
 1.84778E+00 2.21205E-01 1.75422E+00 2.14065E-01 2.91286E+01 2.43103E+00 2.98284E-01 1.93707E+01 1.97037E+00 2.36230E-01 5.90919E+00
 2.00115E+00 2.16294E-01 1.90666E+00 2.10439E-01 3.04032E+01 2.64503E+00 2.93674E-01 2.01547E+01 2.39970E+00 2.60510E-01 1.13804E+01
 2.15546E+00 2.09417E-01 2.05974E+00 2.04332E-01 3.16954E+01 2.85980E+00 2.85381E-01 2.09494E+01 3.04848E+00 2.98484E-01 1.77188E+01
 2.31021E+00 2.01265E-01 2.21307E+00 1.96660E-01 3.30032E+01 3.07487E+00 2.74776E-01 2.17538E+01 3.67632E+00 3.23291E-01 2.23951E+01
 2.46470E+00 1.92307E-01 2.36599E+00 1.88042E-01 3.43245E+01 3.28929E+00 2.62787E-01 2.25668E+01 4.12953E+00 3.25263E-01 2.50218E+01
 2.61820E+00 1.82854E-01 2.51788E+00 1.78869E-01 3.56574E+01 3.50227E+00 2.49996E-01 2.33872E+01 4.46264E+00 3.14467E-01 2.65651E+01
 2.76993E+00 1.73118E-01 2.66802E+00 1.69390E-01 3.69999E+01 3.71277E+00 2.36764E-01 2.42139E+01 4.74568E+00 2.99073E-01 2.77204E+01
 2.91909E+00 1.63255E-01 2.81562E+00 1.59771E-01 3.83500E+01 3.91971E+00 2.23333E-01 2.50459E+01 5.00990E+00 2.82349E-01 2.87660E+01
 3.06489E+00 1.53389E-01 2.95990E+00 1.50142E-01 3.97055E+01 4.12203E+00 2.09882E-01 2.58818E+01 5.26461E+00 2.65363E-01 2.97870E+01
 3.20649E+00 1.43615E-01 3.10006E+00 1.40596E-01 4.10645E+01 4.31856E+00 1.96546E-01 2.67205E+01 5.51122E+00 2.48482E-01 3.08044E+01
 3.34321E+00 1.34025E-01 3.23543E+00 1.31224E-01 4.24247E+01 4.50839E+00 1.83452E-01 2.75609E+01 5.74924E+00 2.31906E-01 3.18217E+01
 3.65301E-01 7.13063E-02 3.50932E-01 7.33801E-02 1.31606E+01 4.87983E-01 1.03972E-01 9.20456E+00 3.65305E-01 7.13071E-02 1.87901E-03
 4.12062E-01 8.71612E-02 3.92141E-01 8.95072E-02 1.39301E+01 5.43814E-01 1.26752E-01 9.68932E+00 4.12067E-01 8.71625E-02 2.65336E-03
 4.66148E-01 1.00809E-01 4.40487E-01 1.03095E-01 1.47261E+01 6.09610E-01 1.45835E-01 1.01874E+01 4.66156E-01 1.00811E-01 3.83195E-03
 5.24189E-01 1.12854E-01 4.92695E-01 1.14698E-01 1.55475E+01 6.80799E-01 1.61984E-01 1.06987E+01 5.24203E-01 1.12857E-01 5.67067E-03
 5.87818E-01 1.23926E-01 5.49760E-01 1.24779E-01 1.63913E+01 7.58540E-01 1.75781E-01 1.12216E+01 5.87840E-01 1.23931E-01 8.61557E-03
 6.58777E-01 1.34675E-01 6.13150E-01 1.33828E-01 1.72546E+01 8.44792E-01 1.87857E-01 1.17550E+01 6.58813E-01 1.34683E-01 1.34678E-02
 7.37600E-01 1.45561E-01 6.83078E-01 1.42205E-01 1.81355E+01 9.39731E-01 1.98680E-01 1.22979E+01 7.37662E-01 1.45574E-01 2.17128E-02
 8.03850E-01 1.54102E-01 7.41590E-01 1.48337E-01 1.88283E+01 1.01906E+00 2.06386E-01 1.27241E+01 8.03946E-01 1.54121E-01 3.21442E-02
 8.22615E-01 1.56745E-01 7.58956E-01 1.50301E-01 1.90312E+01 1.04295E+00 2.08889E-01 1.28488E+01 8.22726E-01 1.56767E-01 3.61916E-02
 9.25474E-01 1.68744E-01 8.54099E-01 1.59062E-01 2.00071E+01 1.17379E+00 2.19975E-01 1.34479E+01 9.25693E-01 1.68784E-01 6.53558E-02
 1.03851E+00 1.79448E-01 9.60085E-01 1.67137E-01 2.10041E+01 1.32013E+00 2.30328E-01 1.40594E+01 1.03898E+00 1.79528E-01 1.23495E-01
 1.15792E+00 1.88154E-01 1.07444E+00 1.74819E-01 2.20216E+01 1.47902E+00 2.40739E-01 1.46829E+01 1.15899E+00 1.88327E-01 2.44786E-01
 1.28198E+00 1.94318E-01 1.19668E+00 1.81830E-01 2.30577E+01 1.65020E+00 2.50920E-01 1.53177E+01 1.28474E+00 1.94737E-01 5.09163E-01
 1.40922E+00 1.97499E-01 1.32292E+00 1.87090E-01 2.41109E+01 1.82732E+00 2.59108E-01 1.59628E+01 1.41752E+00 1.98674E-01 1.10566E+00
 1.53823E+00 1.97384E-01 1.45268E+00 1.89259E-01 2.51793E+01 2.01007E+00 2.63028E-01 1.66172E+01 1.56754E+00 2.01214E-01 2.45873E+00
 1.66865E+00 1.94244E-01 1.58262E+00 1.87900E-01 2.62612E+01 2.19260E+00 2.61796E-01 1.72801E+01 1.77923E+00 2.07432E-01 5.32642E+00
 1.79883E+00 1.88761E-01 1.71214E+00 1.83581E-01 2.73548E+01 2.37447E+00 2.56166E-01 1.79503E+01 2.15662E+00 2.27331E-01 1.02357E+01
 1.92884E+00 1.81686E-01 1.84123E+00 1.77207E-01 2.84583E+01 2.55565E+00 2.47470E-01 1.86270E+01 2.72689E+00 2.58921E-01 1.59015E+01
 2.05826E+00 1.73632E-01 1.96960E+00 1.69595E-01 2.95699E+01 2.73574E+00 2.36935E-01 1.93091E+01 3.27372E+00 2.78854E-01 2.00544E+01
 2.18650E+00 1.65012E-01 2.09667E+00 1.61291E-01 3.06878E+01 2.91398E+00 2.25380E-01 1.99957E+01 3.66141E+00 2.79044E-01 2.23583E+01
 2.31298E+00 1.56095E-01 2.22197E+00 1.52635E-01 3.18103E+01 3.08971E+00 2.13308E-01 2.06857E+01 3.94019E+00 2.68394E-01 2.36861E+01
 2.43706E+00 1.47057E-01 2.34488E+00 1.43835E-01 3.29354E+01 3.26211E+00 2.01024E-01 2.13780E+01 4.17303E+00 2.54000E-01 2.46624E+01
 2.55809E+00 1.38027E-01 2.46479E+00 1.35030E-01 3.40615E+01 3.43029E+00 1.88728E-01 2.20717E+01 4.38788E+00 2.38668E-01 2.55365E+01
 2.67544E+00 1.29101E-01 2.58109E+00 1.26319E-01 3.51866E+01 3.59342E+00 1.76562E-01 2.27657E+01 4.59311E+00 2.23299E-01 2.63844E+01
 2.78846E+00 1.20353E-01 2.69312E+00 1.17778E-01 3.63089E+01 3.75058E+00 1.64630E-01 2.34590E+01 4.79011E+00 2.08192E-01 2.72248E+01
 2.89664E+00 1.11852E-01 2.80040E+00 1.09474E-01 3.74267E+01 3.90108E+00 1.53028E-01 2.41504E+01 4.97859E+00 1.93502E-01 2.80609E+01
 3.56102E-01 7.46443E-02 3.42107E-01 7.69774E-02 1.20366E+01 4.75717E-01 1.09129E-01 8.29563E+00 3.56106E-01 7.46451E-02 1.71853E-03
 3.99421E-01 8.83463E-02 3.80317E-01 9.08522E-02 1.27489E+01 5.27499E-01 1.28705E-01 8.73681E+00 3.99426E-01 8.83476E-02 2.42837E-03
 4.49552E-01 9.98427E-02 4.25114E-01 1.02212E-01 1.34793E+01 5.88458E-01 1.44627E-01 9.18711E+00 4.49560E-01 9.98446E-02 3.50753E-03
 5.03222E-01 1.09761E-01 4.73370E-01 1.11644E-01 1.42272E+01 6.54250E-01 1.57704E-01 9.64661E+00 5.03235E-01 1.09764E-01 5.18911E-03
 5.61839E-01 1.18727E-01 5.25834E-01 1.19623E-01 1.49900E+01 7.25678E-01 1.68546E-01 1.01141E+01 5.61860E-01 1.18731E-01 7.87903E-03
 6.26991E-01 1.27348E-01 5.83968E-01 1.26619E-01 1.57653E+01 8.04749E-01 1.77765E-01 1.05883E+01 6.27025E-01 1.27355E-01 1.23054E-02
 6.98947E-01 1.36052E-01 6.47662E-01 1.32984E-01 1.65518E+01 8.91165E-01 1.85825E-01 1.10688E+01 6.99006E-01 1.36064E-01 1.98167E-02
 7.59127E-01 1.42867E-01 7.00687E-01 1.37589E-01 1.71672E+01 9.63000E-01 1.91458E-01 1.14444E+01 7.59219E-01 1.42885E-01 2.93083E-02
 7.76091E-01 1.44988E-01 7.16339E-01 1.39089E-01 1.73464E+01 9.84509E-01 1.93331E-01 1.15537E+01 7.76195E-01 1.45008E-01 3.29876E-02
 8.68817E-01 1.54526E-01 8.01924E-01 1.45698E-01 1.82059E+01 1.10213E+00 2.01509E-01 1.20779E+01 8.69022E-01 1.54563E-01 5.94718E-02
 9.70082E-01 1.62805E-01 8.96765E-01 1.51647E-01 1.90794E+01 1.23304E+00 2.08985E-01 1.26106E+01 9.70514E-01 1.62878E-01 1.12178E-01
 1.07637E+00 1.69223E-01 9.98560E-01 1.57210E-01 1.99661E+01 1.37447E+00 2.16483E-01 1.31514E+01 1.07736E+00 1.69379E-01 2.21936E-01
 1.18607E+00 1.73346E-01 1.10672E+00 1.62160E-01 2.08646E+01 1.52597E+00 2.23759E-01 1.36995E+01 1.18862E+00 1.73719E-01 4.60723E-01
 1.29786E+00 1.74835E-01 1.21772E+00 1.65563E-01 2.17732E+01 1.68175E+00 2.29272E-01 1.42541E+01 1.30549E+00 1.75875E-01 9.98407E-01
 1.41042E+00 1.73467E-01 1.33106E+00 1.66263E-01 2.26903E+01 1.84143E+00 2.31044E-01 1.48143E+01 1.43727E+00 1.76831E-01 2.21546E+00
 1.52351E+00 1.69532E-01 1.44385E+00 1.63931E-01 2.36144E+01 1.99990E+00 2.28375E-01 1.53793E+01 1.62438E+00 1.81036E-01 4.78864E+00
 1.63567E+00 1.63663E-01 1.55555E+00 1.59109E-01 2.45438E+01 2.15680E+00 2.21993E-01 1.59481E+01 1.96067E+00 1.97088E-01 9.18084E+00
 1.74698E+00 1.56537E-01 1.66621E+00 1.52617E-01 2.54769E+01 2.31214E+00 2.13106E-01 1.65198E+01 2.46901E+00 2.23048E-01 1.42291E+01
 1.85710E+00 1.48695E-01 1.77556E+00 1.45179E-01 2.64122E+01 2.46561E+00 2.02802E-01 1.70936E+01 2.95258E+00 2.38759E-01 1.79035E+01
 1.96557E+00 1.40494E-01 1.88316E+00 1.37270E-01 2.73480E+01 2.61659E+00 1.91792E-01 1.76685E+01 3.28997E+00 2.37533E-01 1.99145E+01
 2.07189E+00 1.32161E-01 1.98862E+00 1.29179E-01 2.82828E+01 2.76454E+00 1.80507E-01 1.82436E+01 3.52786E+00 2.27193E-01 2.10488E+01
 2.17555E+00 1.23842E-01 2.09145E+00 1.21078E-01 2.92149E+01 2.90882E+00 1.69200E-01 1.88180E+01 3.72354E+00 2.13855E-01 2.18659E+01
 2.27605E+00 1.15637E-01 2.19116E+00 1.13079E-01 3.01429E+01 3.04873E+00 1.58029E-01 1.93908E+01 3.90233E+00 1.99908E-01 2.25884E+01
 2.37289E+00 1.07621E-01 2.28728E+00 1.05258E-01 3.10651E+01 3.18362E+00 1.47107E-01 1.99611E+01 4.07189E+00 1.86105E-01 2.32839E+01
 2.46556E+00 9.98470E-02 2.37930E+00 9.76698E-02 3.19799E+01 3.31276E+00 1.36507E-01 2.05279E+01 4.23359E+00 1.72682E-01 2.39691E+01
 2.55369E+00 9.23654E-02 2.46686E+00 9.03637E-02 3.28858E+01 3.43565E+00 1.26301E-01 2.10903E+01 4.38729E+00 1.59755E-01 2.46468E+01
 3.45880E-01 7.78426E-02 3.32253E-01 8.04130E-02 1.10476E+01 4.62001E-01 1.14050E-01 7.50288E+00 3.45884E-01 7.78435E-02 1.57733E-03
 3.85698E-01 8.93103E-02 3.67434E-01 9.19565E-02 1.17047E+01 5.09704E-01 1.30311E-01 7.90371E+00 3.85703E-01 8.93116E-02 2.22947E-03
 4.31743E-01 9.86424E-02 4.08603E-01 1.01082E-01 1.23723E+01 5.65736E-01 1.43063E-01 8.31002E+00 4.31751E-01 9.86443E-02 3.21946E-03
 4.80878E-01 1.06476E-01 4.52792E-01 1.08391E-01 1.30505E+01 6.25987E-01 1.53141E-01 8.72207E+00 4.80890E-01 1.06479E-01 4.75990E-03
 5.34318E-01 1.13421E-01 5.00581E-01 1.14360E-01 1.37371E+01 6.91032E-01 1.61162E-01 9.13886E+00 5.34338E-01 1.13426E-01 7.22049E-03
 5.93400E-01 1.20043E-01 5.53215E-01 1.19436E-01 1.44304E+01 7.62587E-01 1.67711E-01 9.55942E+00 5.93433E-01 1.20050E-01 1.12634E-02
 6.58236E-01 1.26733E-01 6.10484E-01 1.23954E-01 1.51291E+01 8.40233E-01 1.73237E-01 9.98326E+00 6.58291E-01 1.26744E-01 1.81133E-02
 7.12141E-01 1.31973E-01 6.57867E-01 1.27175E-01 1.56732E+01 9.04375E-01 1.76997E-01 1.03133E+01 7.12227E-01 1.31990E-01 2.67576E-02
 7.27232E-01 1.33621E-01 6.71735E-01 1.28257E-01 1.58306E+01 9.23410E-01 1.78303E-01 1.04088E+01 7.27330E-01 1.33640E-01 3.01049E-02
 8.09454E-01 1.40946E-01 7.47376E-01 1.32943E-01 1.65837E+01 1.02726E+00 1.83888E-01 1.08659E+01 8.09645E-01 1.40980E-01 5.41725E-02
 8.98592E-01 1.47083E-01 8.30686E-01 1.37023E-01 1.73448E+01 1.14219E+00 1.88840E-01 1.13282E+01 8.98993E-01 1.47149E-01 1.01978E-01
 9.91435E-01 1.51520E-01 9.19553E-01 1.40753E-01 1.81131E+01 1.26563E+00 1.93817E-01 1.17954E+01 9.92347E-01 1.51660E-01 2.01336E-01
 1.08644E+00 1.53914E-01 1.01328E+00 1.43945E-01 1.88875E+01 1.39694E+00 1.98608E-01 1.22667E+01 1.08878E+00 1.54246E-01 4.17056E-01
 1.18244E+00 1.54014E-01 1.10870E+00 1.45793E-01 1.96663E+01 1.53089E+00 2.01873E-01 1.27414E+01 1.18939E+00 1.54930E-01 9.01756E-01
 1.27824E+00 1.51671E-01 1.20535E+00 1.45313E-01 2.04483E+01 1.66711E+00 2.01908E-01 1.32187E+01 1.30255E+00 1.54611E-01 1.99637E+00
 1.37367E+00 1.47180E-01 1.30066E+00 1.42259E-01 2.12319E+01 1.80109E+00 1.98160E-01 1.36977E+01 1.46451E+00 1.57163E-01 4.30475E+00
 1.46744E+00 1.41124E-01 1.39420E+00 1.37140E-01 2.20159E+01 1.93254E+00 1.91319E-01 1.41777E+01 1.75866E+00 1.69930E-01 8.23278E+00
 1.55966E+00 1.34104E-01 1.48603E+00 1.30691E-01 2.27987E+01 2.06151E+00 1.82468E-01 1.46580E+01 2.20344E+00 1.91053E-01 1.27280E+01
 1.65007E+00 1.26593E-01 1.57596E+00 1.23548E-01 2.35790E+01 2.18778E+00 1.72565E-01 1.51376E+01 2.62212E+00 2.03230E-01 1.59757E+01
 1.73827E+00 1.18897E-01 1.66362E+00 1.16119E-01 2.43555E+01 2.31084E+00 1.62220E-01 1.56157E+01 2.90795E+00 2.00974E-01 1.77272E+01
 1.82391E+00 1.11202E-01 1.74873E+00 1.08646E-01 2.51268E+01 2.43031E+00 1.51797E-01 1.60917E+01 3.10388E+00 1.91119E-01 1.86916E+01
 1.90657E+00 1.03626E-01 1.83090E+00 1.01269E-01 2.58914E+01 2.54566E+00 1.41500E-01 1.65646E+01 3.26133E+00 1.78903E-01 1.93702E+01
 1.98587E+00 9.62438E-02 1.90976E+00 9.40739E-02 2.66482E+01 2.65639E+00 1.31454E-01 1.70338E+01 3.40290E+00 1.66344E-01 1.99616E+01
 2.06145E+00 8.91116E-02 1.98497E+00 8.71173E-02 2.73958E+01 2.76199E+00 1.21739E-01 1.74984E+01 3.53547E+00 1.54062E-01 2.05260E+01
 2.13291E+00 8.22652E-02 2.05612E+00 8.04363E-02 2.81328E+01 2.86193E+00 1.12408E-01 1.79575E+01 3.66036E+00 1.42242E-01 2.10783E+01
 2.20000E+00 7.57371E-02 2.12299E+00 7.40636E-02 2.88579E+01 2.95587E+00 1.03506E-01 1.84105E+01 3.77757E+00 1.30965E-01 2.16210E+01
 3.37030E-01 8.07242E-02 3.23614E-01 8.34993E-02 1.01596E+01 4.49934E-01 1.18468E-01 6.79413E+00 3.37033E-01 8.07250E-02 1.45054E-03
 3.73577E-01 8.99101E-02 3.55984E-01 9.26693E-02 1.07608E+01 4.93859E-01 1.31356E-01 7.15657E+00 3.73582E-01 8.99114E-02 2.04968E-03
 4.15834E-01 9.70932E-02 3.93817E-01 9.95832E-02 1.13663E+01 5.45372E-01 1.40975E-01 7.52146E+00 4.15842E-01 9.70951E-02 2.95768E-03
 4.60822E-01 1.02905E-01 4.34305E-01 1.04841E-01 1.19765E+01 6.00590E-01 1.48158E-01 7.88920E+00 4.60834E-01 1.02908E-01 4.36821E-03
 5.09585E-01 1.07932E-01 4.77904E-01 1.08912E-01 1.25900E+01 6.59929E-01 1.53518E-01 8.25903E+00 5.09604E-01 1.07936E-01 6.61752E-03
 5.63174E-01 1.12691E-01 5.25551E-01 1.12210E-01 1.32051E+01 7.24664E-01 1.57598E-01 8.63012E+00 5.63205E-01 1.12698E-01 1.03070E-02
 6.21612E-01 1.17537E-01 5.77052E-01 1.15049E-01 1.38211E+01 7.94439E-01 1.60827E-01 9.00214E+00 6.21664E-01 1.17547E-01 1.65473E-02
 6.69891E-01 1.21354E-01 6.19375E-01 1.17030E-01 1.42982E+01 8.51683E-01 1.62913E-01 9.29059E+00 6.69971E-01 1.21369E-01 2.44102E-02
 6.83328E-01 1.22578E-01 6.31681E-01 1.17740E-01 1.44354E+01 8.68555E-01 1.63716E-01 9.37364E+00 6.83420E-01 1.22595E-01 2.74517E-02
 7.56240E-01 1.27935E-01 6.98553E-01 1.20731E-01 1.50898E+01 9.60286E-01 1.67020E-01 9.76996E+00 7.56419E-01 1.27966E-01 4.92924E-02
 8.34660E-01 1.32198E-01 7.71707E-01 1.23185E-01 1.57473E+01 1.06114E+00 1.69781E-01 1.01688E+01 8.35032E-01 1.32258E-01 9.25853E-02
 9.15679E-01 1.34938E-01 8.49240E-01 1.25346E-01 1.64073E+01 1.16884E+00 1.72599E-01 1.05699E+01 9.16522E-01 1.35063E-01 1.82373E-01
 9.97844E-01 1.35888E-01 9.30370E-01 1.27056E-01 1.70686E+01 1.28252E+00 1.75293E-01 1.09725E+01 9.99987E-01 1.36181E-01 3.76885E-01
 1.08012E+00 1.34871E-01 1.01227E+00 1.27627E-01 1.77299E+01 1.39754E+00 1.76701E-01 1.13760E+01 1.08647E+00 1.35673E-01 8.12931E-01
 1.16144E+00 1.31797E-01 1.09449E+00 1.26222E-01 1.83900E+01 1.51349E+00 1.75362E-01 1.17797E+01 1.18352E+00 1.34350E-01 1.79526E+00
 1.24171E+00 1.26957E-01 1.17481E+00 1.22662E-01 1.90477E+01 1.62645E+00 1.70843E-01 1.21828E+01 1.32375E+00 1.35564E-01 3.86128E+00
 1.31980E+00 1.20880E-01 1.25287E+00 1.17418E-01 1.97018E+01 1.73621E+00 1.63787E-01 1.25846E+01 1.58144E+00 1.45541E-01 7.36544E+00
 1.39584E+00 1.14095E-01 1.32875E+00 1.11145E-01 2.03511E+01 1.84285E+00 1.55160E-01 1.29845E+01 1.97136E+00 1.62522E-01 1.13574E+01
 1.46964E+00 1.07011E-01 1.40233E+00 1.04392E-01 2.09944E+01 1.94622E+00 1.45791E-01 1.33818E+01 2.33438E+00 1.71758E-01 1.42187E+01
 1.54090E+00 9.98826E-02 1.47332E+00 9.75063E-02 2.16307E+01 2.04594E+00 1.36202E-01 1.37757E+01 2.57650E+00 1.68796E-01 1.57375E+01
 1.60933E+00 9.28616E-02 1.54150E+00 9.06871E-02 2.22586E+01 2.14172E+00 1.26690E-01 1.41655E+01 2.73733E+00 1.59561E-01 1.65516E+01
 1.67463E+00 8.60379E-02 1.60661E+00 8.40443E-02 2.28772E+01 2.23319E+00 1.17418E-01 1.45507E+01 2.86312E+00 1.48505E-01 1.71090E+01
 1.73653E+00 7.94669E-02 1.66836E+00 7.76408E-02 2.34854E+01 2.31997E+00 1.08478E-01 1.49305E+01 2.97413E+00 1.37315E-01 1.75864E+01
 1.79477E+00 7.31853E-02 1.72652E+00 7.15158E-02 2.40820E+01 2.40171E+00 9.99247E-02 1.53043E+01 3.07654E+00 1.26498E-01 1.80375E+01
 1.84905E+00 6.72149E-02 1.78079E+00 6.56917E-02 2.46660E+01 2.47802E+00 9.17909E-02 1.56713E+01 3.17163E+00 1.16192E-01 1.84754E+01
 1.89924E+00 6.15740E-02 1.83103E+00 6.01870E-02 2.52363E+01 2.54868E+00 8.41026E-02 1.60310E+01 3.25952E+00 1.06449E-01 1.89026E+01
 3.28655E-01 8.30905E-02 3.15326E-01 8.60258E-02 9.35743E+00 4.38314E-01 1.22082E-01 6.16302E+00 3.28658E-01 8.30914E-02 1.33601E-03
 3.62172E-01 8.99967E-02 3.45114E-01 9.28328E-02 9.90404E+00 4.78779E-01 1.31615E-01 6.48962E+00 3.62177E-01 8.99980E-02 1.88649E-03
 4.00837E-01 9.50910E-02 3.79820E-01 9.76058E-02 1.04498E+01 5.26073E-01 1.38204E-01 6.81615E+00 4.00844E-01 9.50929E-02 2.71919E-03
 4.41900E-01 9.89846E-02 4.16841E-01 1.00927E-01 1.09954E+01 5.76588E-01 1.42657E-01 7.14313E+00 4.41911E-01 9.89873E-02 4.01034E-03
 4.86228E-01 1.02229E-01 4.56496E-01 1.03245E-01 1.15398E+01 6.30569E-01 1.45563E-01 7.47000E+00 4.86246E-01 1.02233E-01 6.06552E-03
 5.34622E-01 1.05291E-01 4.99459E-01 1.04937E-01 1.20818E+01 6.88912E-01 1.47420E-01 7.79608E+00 5.34651E-01 1.05297E-01 9.43026E-03
 5.87023E-01 1.08486E-01 5.45545E-01 1.06290E-01 1.26210E+01 7.51310E-01 1.48622E-01 8.12115E+00 5.87073E-01 1.08495E-01 1.51104E-02
 6.30004E-01 1.11046E-01 5.83119E-01 1.07190E-01 1.30364E+01 8.02084E-01 1.49255E-01 8.37204E+00 6.30080E-01 1.11060E-01 2.22559E-02
 6.41900E-01 1.11899E-01 5.93980E-01 1.07579E-01 1.31550E+01 8.16962E-01 1.49624E-01 8.44386E+00 6.41987E-01 1.11915E-01 2.50167E-02
 7.06109E-01 1.15548E-01 6.52683E-01 1.09114E-01 1.37191E+01 8.97409E-01 1.50979E-01 8.78568E+00 7.06276E-01 1.15576E-01 4.48148E-02
 7.74556E-01 1.18218E-01 7.16396E-01 1.10200E-01 1.42824E+01 9.85195E-01 1.51903E-01 9.12783E+00 7.74902E-01 1.18271E-01 8.39717E-02
 8.44648E-01 1.19549E-01 7.83462E-01 1.11058E-01 1.48442E+01 1.07835E+00 1.52929E-01 9.47008E+00 8.45425E-01 1.19659E-01 1.64997E-01
 9.15020E-01 1.19340E-01 8.53027E-01 1.11564E-01 1.54037E+01 1.17586E+00 1.53913E-01 9.81182E+00 9.16985E-01 1.19597E-01 3.40117E-01
 9.84785E-01 1.17475E-01 9.22604E-01 1.11131E-01 1.59597E+01 1.27362E+00 1.53849E-01 1.01524E+01 9.90571E-01 1.18173E-01 7.31740E-01
 1.05300E+00 1.13904E-01 9.91753E-01 1.09047E-01 1.65112E+01 1.37121E+00 1.51484E-01 1.04912E+01 1.07300E+00 1.16110E-01 1.61173E+00
 1.11962E+00 1.08910E-01 1.05859E+00 1.05185E-01 1.70571E+01 1.46527E+00 1.46485E-01 1.08277E+01 1.19353E+00 1.16289E-01 3.45728E+00
 1.18370E+00 1.02963E-01 1.12283E+00 9.99755E-02 1.75965E+01 1.55566E+00 1.39441E-01 1.11612E+01 1.41814E+00 1.23959E-01 6.57688E+00
 1.24538E+00 9.65267E-02 1.18455E+00 9.39925E-02 1.81285E+01 1.64247E+00 1.31201E-01 1.14911E+01 1.75832E+00 1.37476E-01 1.01139E+01
 1.30453E+00 8.99458E-02 1.24372E+00 8.77085E-02 1.86519E+01 1.72566E+00 1.22477E-01 1.18169E+01 2.07129E+00 1.44339E-01 1.26279E+01
 1.36094E+00 8.34309E-02 1.30011E+00 8.14124E-02 1.91660E+01 1.80495E+00 1.13708E-01 1.21379E+01 2.27458E+00 1.40964E-01 1.39396E+01
 1.41441E+00 7.71019E-02 1.35359E+00 7.52651E-02 1.96698E+01 1.88015E+00 1.05133E-01 1.24536E+01 2.40467E+00 1.32453E-01 1.46219E+01
 1.46473E+00 7.10247E-02 1.40396E+00 6.93500E-02 2.01623E+01 1.95101E+00 9.68774E-02 1.27634E+01 2.50306E+00 1.22564E-01 1.50742E+01
 1.51171E+00 6.52366E-02 1.45106E+00 6.37110E-02 2.06428E+01 2.01727E+00 8.90049E-02 1.30668E+01 2.58785E+00 1.12701E-01 1.54537E+01
 1.55519E+00 5.97589E-02 1.49470E+00 5.83716E-02 2.11105E+01 2.07871E+00 8.15496E-02 1.33632E+01 2.66460E+00 1.03268E-01 1.58080E+01
 1.59498E+00 5.46016E-02 1.53472E+00 5.33424E-02 2.15643E+01 2.13506E+00 7.45268E-02 1.36521E+01 2.73453E+00 9.43671E-02 1.61487E+01
 1.63100E+00 4.97714E-02 1.57104E+00 4.86307E-02 2.20037E+01 2.18624E+00 6.79467E-02 1.39330E+01 2.79786E+00 8.60262E-02 1.64780E+01
 3.20776E-01 8.47316E-02 3.07493E-01 8.77701E-02 8.62277E+00 4.27316E-01 1.24574E-01 5.59656E+00 3.20779E-01 8.47326E-02 1.23112E-03
 3.51786E-01 8.94201E-02 3.35107E-01 9.22877E-02 9.11696E+00 4.64851E-01 1.30861E-01 5.89011E+00 3.51791E-01 8.94214E-02 1.73657E-03
 3.87092E-01 9.25365E-02 3.66946E-01 9.50439E-02 9.60590E+00 5.08301E-01 1.34599E-01 6.18148E+00 3.87099E-01 9.25383E-02 2.49960E-03
 4.24467E-01 9.46558E-02 4.00738E-01 9.65862E-02 1.00907E+01 5.54453E-01 1.36548E-01 6.47127E+00 4.24478E-01 9.46584E-02 3.68037E-03
 4.64638E-01 9.62874E-02 4.36729E-01 9.73319E-02 1.05706E+01 6.03469E-01 1.37259E-01 6.75912E+00 4.64655E-01 9.62912E-02 5.55610E-03
 5.08173E-01 9.78451E-02 4.75352E-01 9.76167E-02 1.10449E+01 6.55906E-01 1.37175E-01 7.04446E+00 5.08201E-01 9.78508E-02 8.62088E-03
 5.54946E-01 9.96016E-02 5.16423E-01 9.76959E-02 1.15133E+01 7.11486E-01 1.36647E-01 7.32722E+00 5.54993E-01 9.96104E-02 1.37842E-02
 5.92966E-01 1.01083E-01 5.49526E-01 9.76848E-02 1.18720E+01 7.56160E-01 1.36064E-01 7.54438E+00 5.93038E-01 1.01095E-01 2.02680E-02
 6.03483E-01 1.01618E-01 5.59144E-01 9.78027E-02 1.19737E+01 7.69342E-01 1.36070E-01 7.60615E+00 6.03565E-01 1.01633E-01 2.27702E-02
 6.59686E-01 1.03826E-01 6.10363E-01 9.81320E-02 1.24558E+01 8.39465E-01 1.35818E-01 7.89931E+00 6.59842E-01 1.03852E-01 4.06879E-02
 7.19015E-01 1.05188E-01 6.65468E-01 9.81113E-02 1.29339E+01 9.15341E-01 1.35262E-01 8.19104E+00 7.19336E-01 1.05235E-01 7.60430E-02
 7.79180E-01 1.05394E-01 7.23036E-01 9.79321E-02 1.34075E+01 9.95300E-01 1.34863E-01 8.48114E+00 7.79897E-01 1.05491E-01 1.49026E-01
 8.38920E-01 1.04300E-01 7.82182E-01 9.74995E-02 1.38760E+01 1.07824E+00 1.34507E-01 8.76908E+00 8.40722E-01 1.04525E-01 3.06379E-01
 8.97499E-01 1.01836E-01 8.40746E-01 9.63173E-02 1.43382E+01 1.16058E+00 1.33333E-01 9.05429E+00 9.02772E-01 1.02441E-01 6.57374E-01
 9.54075E-01 9.79832E-02 8.98303E-01 9.37791E-02 1.47934E+01 1.24189E+00 1.30264E-01 9.33626E+00 9.72190E-01 9.98801E-02 1.44397E+00
 1.00869E+00 9.30043E-02 9.53273E-01 8.97958E-02 1.52409E+01 1.31932E+00 1.25043E-01 9.61450E+00 1.07524E+00 9.93038E-02 3.08880E+00
 1.06052E+00 8.73159E-02 1.00543E+00 8.47548E-02 1.56798E+01 1.39279E+00 1.18201E-01 9.88850E+00 1.27042E+00 1.05114E-01 5.85937E+00
 1.10975E+00 8.13144E-02 1.05490E+00 7.91532E-02 1.61093E+01 1.46244E+00 1.10477E-01 1.01578E+01 1.56648E+00 1.15796E-01 8.98515E+00
 1.15631E+00 7.52898E-02 1.10167E+00 7.33920E-02 1.65287E+01 1.52829E+00 1.02476E-01 1.04218E+01 1.83538E+00 1.20801E-01 1.11874E+01
 1.20006E+00 6.94119E-02 1.14562E+00 6.77093E-02 1.69372E+01 1.59016E+00 9.45597E-02 1.06801E+01 2.00499E+00 1.17257E-01 1.23154E+01
 1.24087E+00 6.37724E-02 1.18666E+00 6.22318E-02 1.73342E+01 1.64796E+00 8.69193E-02 1.09322E+01 2.10885E+00 1.09534E-01 1.28826E+01
 1.27863E+00 5.84172E-02 1.22469E+00 5.70204E-02 1.77190E+01 1.70153E+00 7.96462E-02 1.11778E+01 2.18420E+00 1.00790E-01 1.32446E+01
 1.31321E+00 5.33682E-02 1.25960E+00 5.21028E-02 1.80909E+01 1.75074E+00 7.27813E-02 1.14162E+01 2.24718E+00 9.21812E-02 1.35407E+01
 1.34453E+00 4.86346E-02 1.29130E+00 4.74901E-02 1.84494E+01 1.79546E+00 6.63413E-02 1.16472E+01 2.30279E+00 8.40300E-02 1.38130E+01
 1.37248E+00 4.42170E-02 1.31968E+00 4.31837E-02 1.87936E+01 1.83552E+00 6.03284E-02 1.18703E+01 2.35218E+00 7.64068E-02 1.40718E+01
 1.39706E+00 4.01134E-02 1.34474E+00 3.91823E-02 1.91232E+01 1.87095E+00 5.47407E-02 1.20850E+01 2.39565E+00 6.93220E-02 1.43191E+01
 3.14272E-01 8.55280E-02 3.00687E-01 8.86072E-02 7.94566E+00 4.17632E-01 1.25766E-01 5.08701E+00 3.14275E-01 8.55289E-02 1.13445E-03
 3.42482E-01 8.81036E-02 3.26061E-01 9.09539E-02 8.38995E+00 4.52230E-01 1.28979E-01 5.35022E+00 3.42486E-01 8.81049E-02 1.59809E-03
 3.74639E-01 8.93835E-02 3.55254E-01 9.18474E-02 8.82533E+00 4.92151E-01 1.30088E-01 5.60945E+00 3.74645E-01 8.93853E-02 2.29648E-03
 4.08521E-01 8.98900E-02 3.86019E-01 9.17848E-02 9.25314E+00 5.34223E-01 1.29783E-01 5.86539E+00 4.08531E-01 8.98925E-02 3.37490E-03
 4.44751E-01 9.00827E-02 4.18569E-01 9.11433E-02 9.67316E+00 5.78590E-01 1.28563E-01 6.11783E+00 4.44768E-01 9.00862E-02 5.08438E-03
 4.83709E-01 9.03227E-02 4.53142E-01 9.02153E-02 1.00848E+01 6.25536E-01 1.26814E-01 6.36637E+00 4.83735E-01 9.03280E-02 7.87151E-03
 5.25203E-01 9.08376E-02 4.89548E-01 8.92178E-02 1.04882E+01 6.74789E-01 1.24835E-01 6.61103E+00 5.25247E-01 9.08457E-02 1.25569E-02
 5.58677E-01 9.13983E-02 5.18676E-01 8.84503E-02 1.07951E+01 7.14091E-01 1.23250E-01 6.79789E+00 5.58745E-01 9.14098E-02 1.84296E-02
 5.67839E-01 9.16646E-02 5.26990E-01 8.83436E-02 1.08816E+01 7.25459E-01 1.22958E-01 6.85069E+00 5.67916E-01 9.16775E-02 2.06932E-02
 6.16654E-01 9.26629E-02 5.71340E-01 8.76836E-02 1.12894E+01 7.86120E-01 1.21398E-01 7.10044E+00 6.16801E-01 9.26854E-02 3.68774E-02
 6.67658E-01 9.29536E-02 6.18609E-01 8.67751E-02 1.16907E+01 8.51164E-01 1.19664E-01 7.34734E+00 6.67957E-01 9.29955E-02 6.87336E-02
 7.18861E-01 9.22757E-02 6.67616E-01 8.57841E-02 1.20853E+01 9.19239E-01 1.18151E-01 7.59125E+00 7.19523E-01 9.23608E-02 1.34329E-01
 7.69094E-01 9.05237E-02 7.17439E-01 8.46325E-02 1.24726E+01 9.89140E-01 1.16761E-01 7.83172E+00 7.70747E-01 9.07187E-02 2.75389E-01
 8.17779E-01 8.76638E-02 7.66256E-01 8.29064E-02 1.28518E+01 1.05783E+00 1.14765E-01 8.06827E+00 8.22585E-01 8.81844E-02 5.89209E-01
 8.64178E-01 8.36982E-02 8.13670E-01 8.00925E-02 1.32222E+01 1.12489E+00 1.11247E-01 8.30047E+00 8.80586E-01 8.53183E-02 1.29054E+00
 9.08394E-01 7.88664E-02 8.58373E-01 7.61288E-02 1.35832E+01 1.18793E+00 1.06004E-01 8.52794E+00 9.68319E-01 8.42069E-02 2.75261E+00
 9.49749E-01 7.35291E-02 9.00198E-01 7.13554E-02 1.39344E+01 1.24692E+00 9.95072E-02 8.75027E+00 1.13767E+00 8.85124E-02 5.20642E+00
 9.88435E-01 6.80220E-02 9.39287E-01 6.61979E-02 1.42750E+01 1.30204E+00 9.23881E-02 8.96705E+00 1.39508E+00 9.68580E-02 7.96065E+00
 1.02445E+00 6.25838E-02 9.75682E-01 6.09913E-02 1.46046E+01 1.35336E+00 8.51552E-02 9.17789E+00 1.62580E+00 1.00403E-01 9.88321E+00
 1.05770E+00 5.73489E-02 1.00931E+00 5.59285E-02 1.49225E+01 1.40080E+00 7.81018E-02 9.38242E+00 1.76679E+00 9.68664E-02 1.08486E+01
 1.08814E+00 5.23843E-02 1.04016E+00 5.11066E-02 1.52284E+01 1.44433E+00 7.13759E-02 9.58028E+00 1.84888E+00 8.99630E-02 1.13159E+01
 1.11571E+00 4.77191E-02 1.06818E+00 4.65674E-02 1.55216E+01 1.48390E+00 6.50413E-02 9.77113E+00 1.90546E+00 8.23219E-02 1.16006E+01
 1.14035E+00 4.33628E-02 1.09332E+00 4.23255E-02 1.58018E+01 1.51943E+00 5.91201E-02 9.95465E+00 1.95093E+00 7.48906E-02 1.18261E+01
 1.16204E+00 3.93151E-02 1.11555E+00 3.83822E-02 1.60685E+01 1.55089E+00 5.36152E-02 1.01305E+01 1.98978E+00 6.79207E-02 1.20295E+01
 1.18073E+00 3.55694E-02 1.13482E+00 3.47319E-02 1.63213E+01 1.57822E+00 4.85187E-02 1.02984E+01 2.02310E+00 6.14579E-02 1.22199E+01
 1.19646E+00 3.21172E-02 1.15118E+00 3.13667E-02 1.65598E+01 1.60147E+00 4.38199E-02 1.04580E+01 2.05123E+00 5.54987E-02 1.23992E+01
 3.08858E-01 8.52883E-02 2.94877E-01 8.83389E-02 7.31751E+00 4.09312E-01 1.25378E-01 4.62609E+00 3.08861E-01 8.52892E-02 1.04476E-03
 3.34543E-01 8.59377E-02 3.18282E-01 8.87165E-02 7.71444E+00 4.41352E-01 1.25805E-01 4.86170E+00 3.34547E-01 8.59390E-02 1.46942E-03
 3.63803E-01 8.55870E-02 3.45082E-01 8.79680E-02 8.09952E+00 4.78100E-01 1.24601E-01 5.09179E+00 3.63809E-01 8.55887E-02 2.10762E-03
 3.94457E-01 8.46952E-02 3.73088E-01 8.65289E-02 8.47433E+00 5.16471E-01 1.22369E-01 5.31716E+00 3.94467E-01 8.46976E-02 3.09084E-03
 4.27035E-01 8.36658E-02 4.02482E-01 8.47282E-02 8.83903E+00 5.56591E-01 1.19544E-01 5.53776E+00 4.27051E-01 8.36692E-02 4.64594E-03
 4.61778E-01 8.28098E-02 4.33368E-01 8.28145E-02 9.19333E+00 5.98551E-01 1.16450E-01 5.75332E+00 4.61804E-01 8.28147E-02 7.17569E-03
 4.98437E-01 8.23120E-02 4.65534E-01 8.09662E-02 9.53762E+00 6.42070E-01 1.13337E-01 5.96399E+00 4.98480E-01 8.23193E-02 1.14189E-02
 5.27759E-01 8.21317E-02 4.91054E-01 7.96127E-02 9.79773E+00 6.76507E-01 1.10987E-01 6.12390E+00 5.27823E-01 8.21421E-02 1.67268E-02
 5.35697E-01 8.21821E-02 4.98203E-01 7.93324E-02 9.87036E+00 6.86258E-01 1.10466E-01 6.16875E+00 5.35770E-01 8.21936E-02 1.87702E-02
 5.77847E-01 8.22217E-02 5.36399E-01 7.79168E-02 1.02116E+01 7.38462E-01 1.07922E-01 6.38013E+00 5.77985E-01 8.22417E-02 3.33570E-02
 6.21379E-01 8.16919E-02 5.76655E-01 7.63499E-02 1.05447E+01 7.93819E-01 1.05323E-01 6.58758E+00 6.21658E-01 8.17288E-02 6.19957E-02
 6.64627E-01 8.03717E-02 6.18105E-01 7.47762E-02 1.08694E+01 8.51418E-01 1.03014E-01 6.79098E+00 6.65240E-01 8.04460E-02 1.20813E-01
 7.06472E-01 7.81834E-02 6.59713E-01 7.31269E-02 1.11853E+01 9.09833E-01 1.00900E-01 6.98999E+00 7.07992E-01 7.83519E-02 2.46965E-01
 7.46502E-01 7.51170E-02 7.00009E-01 7.10537E-02 1.14918E+01 9.66596E-01 9.83633E-02 7.18422E+00 7.50893E-01 7.55632E-02 5.26853E-01
 7.84073E-01 7.11884E-02 7.38626E-01 6.81250E-02 1.17885E+01 1.02130E+00 9.46260E-02 7.37332E+00 7.98970E-01 7.25664E-02 1.15057E+00
 8.19351E-01 6.66107E-02 7.74502E-01 6.42976E-02 1.20750E+01 1.07197E+00 8.95299E-02 7.55702E+00 8.73424E-01 7.11212E-02 2.44682E+00
 8.51773E-01 6.16922E-02 8.07518E-01 5.98658E-02 1.23508E+01 1.11862E+00 8.34835E-02 7.73499E+00 1.02035E+00 7.42627E-02 4.61431E+00
 8.81553E-01 5.67132E-02 8.37839E-01 5.51891E-02 1.26155E+01 1.16146E+00 7.70227E-02 7.90692E+00 1.24429E+00 8.07534E-02 7.03444E+00
 9.08729E-01 5.18671E-02 8.65545E-01 5.05444E-02 1.28688E+01 1.20062E+00 7.05683E-02 8.07252E+00 1.44221E+00 8.32077E-02 8.70765E+00
 9.33278E-01 4.72576E-02 8.90620E-01 4.60850E-02 1.31102E+01 1.23608E+00 6.43550E-02 8.23151E+00 1.55898E+00 7.98197E-02 9.53023E+00
 9.55194E-01 4.29317E-02 9.13090E-01 4.18833E-02 1.33395E+01 1.26789E+00 5.84941E-02 8.38363E+00 1.62300E+00 7.37282E-02 9.91170E+00
 9.74467E-01 3.89049E-02 9.32954E-01 3.79657E-02 1.35563E+01 1.29604E+00 5.30270E-02 8.52863E+00 1.66424E+00 6.71159E-02 1.01314E+01
 9.91100E-01 3.51775E-02 9.50215E-01 3.43365E-02 1.37605E+01 1.32056E+00 4.79614E-02 8.66629E+00 1.69558E+00 6.07545E-02 1.02982E+01
 1.00511E+00 3.17421E-02 9.64895E-01 3.09904E-02 1.39517E+01 1.34145E+00 4.32902E-02 8.79641E+00 1.72106E+00 5.48390E-02 1.04447E+01
 1.01650E+00 2.85874E-02 9.76986E-01 2.79166E-02 1.41295E+01 1.35872E+00 3.89988E-02 8.91869E+00 1.74171E+00 4.93963E-02 1.05791E+01
 1.02534E+00 2.57007E-02 9.86569E-01 2.51030E-02 1.42939E+01 1.37248E+00 3.50705E-02 9.03302E+00 1.75789E+00 4.44136E-02 1.07030E+01
 3.04602E-01 8.39761E-02 2.90228E-01 8.69299E-02 6.73264E+00 4.02624E-01 1.23360E-01 4.20847E+00 3.04605E-01 8.39771E-02 9.61255E-04
 3.28032E-01 8.29355E-02 3.11912E-01 8.55900E-02 7.08455E+00 4.32449E-01 1.21362E-01 4.41894E+00 3.28036E-01 8.29367E-02 1.34944E-03
 3.54637E-01 8.11936E-02 3.36546E-01 8.34528E-02 7.42241E+00 4.66337E-01 1.18206E-01 4.62263E+00 3.54644E-01 8.11952E-02 1.93142E-03
 3.82302E-01 7.91380E-02 3.62026E-01 8.08837E-02 7.74801E+00 5.01334E-01 1.14398E-01 4.82041E+00 3.82312E-01 7.91402E-02 2.82593E-03
 4.11481E-01 7.71114E-02 3.88512E-01 7.81585E-02 8.06181E+00 5.37550E-01 1.10300E-01 5.01240E+00 4.11496E-01 7.71144E-02 4.23742E-03
 4.42321E-01 7.53749E-02 4.16017E-01 7.54812E-02 8.36381E+00 5.74957E-01 1.06177E-01 5.19847E+00 4.42345E-01 7.53794E-02 6.52822E-03
 4.74549E-01 7.40786E-02 4.44329E-01 7.29944E-02 8.65460E+00 6.13274E-01 1.02227E-01 5.37883E+00 4.74589E-01 7.40852E-02 1.03617E-02
 5.00093E-01 7.33255E-02 4.66584E-01 7.12145E-02 8.87259E+00 6.43316E-01 9.93330E-02 5.51481E+00 5.00153E-01 7.33348E-02 1.51473E-02
 5.06936E-01 7.32099E-02 4.72700E-01 7.08079E-02 8.93291E+00 6.51639E-01 9.86504E-02 5.55265E+00 5.07005E-01 7.32203E-02 1.69875E-02
 5.43102E-01 7.25247E-02 5.05413E-01 6.88523E-02 9.21497E+00 6.96322E-01 9.54168E-02 5.73018E+00 5.43232E-01 7.25423E-02 3.01012E-02
 5.79924E-01 7.13992E-02 5.39347E-01 6.68311E-02 9.48765E+00 7.42939E-01 9.22334E-02 5.90297E+00 5.80184E-01 7.14315E-02 5.57809E-02
 6.16180E-01 6.96441E-02 5.74218E-01 6.48659E-02 9.75096E+00 7.91444E-01 8.93900E-02 6.07096E+00 6.16750E-01 6.97085E-02 1.08381E-01
 6.50697E-01 6.72094E-02 6.08671E-01 6.29098E-02 1.00046E+01 8.39864E-01 8.68217E-02 6.23389E+00 6.52100E-01 6.73544E-02 2.20893E-01
 6.83231E-01 6.40953E-02 6.41596E-01 6.06595E-02 1.02481E+01 8.86311E-01 8.39866E-02 6.39144E+00 6.87256E-01 6.44763E-02 4.69828E-01
 7.13225E-01 6.03222E-02 6.72656E-01 5.77469E-02 1.04812E+01 9.30391E-01 8.02189E-02 6.54337E+00 7.26794E-01 6.14903E-02 1.02296E+00
 7.40906E-01 5.60768E-02 7.01028E-01 5.41441E-02 1.07038E+01 9.70548E-01 7.53975E-02 6.68950E+00 7.89861E-01 5.98753E-02 2.16891E+00
 7.65815E-01 5.16194E-02 7.26633E-01 5.01025E-02 1.09154E+01 1.00682E+00 6.98729E-02 6.82957E+00 9.17542E-01 6.21405E-02 4.07794E+00
 7.88180E-01 4.71806E-02 7.49651E-01 4.59225E-02 1.11160E+01 1.03943E+00 6.40939E-02 6.96337E+00 1.11280E+00 6.71854E-02 6.19814E+00
 8.08076E-01 4.29148E-02 7.70193E-01 4.18297E-02 1.13051E+01 1.06856E+00 5.84047E-02 7.09070E+00 1.28287E+00 6.88533E-02 7.64955E+00
 8.25524E-01 3.88999E-02 7.88287E-01 3.79439E-02 1.14827E+01 1.09425E+00 5.29900E-02 7.21137E+00 1.37943E+00 6.57114E-02 8.34724E+00
 8.40562E-01 3.51667E-02 8.03993E-01 3.43173E-02 1.16485E+01 1.11659E+00 4.79312E-02 7.32519E+00 1.42867E+00 6.04018E-02 8.65552E+00
 8.53220E-01 3.17207E-02 8.17349E-01 3.09645E-02 1.18024E+01 1.13564E+00 4.32522E-02 7.43202E+00 1.45762E+00 5.47313E-02 8.82109E+00
 8.63539E-01 2.85553E-02 8.28397E-01 2.78826E-02 1.19442E+01 1.15145E+00 3.89504E-02 7.53172E+00 1.47780E+00 4.93268E-02 8.93961E+00
 8.71573E-01 2.56589E-02 8.37190E-01 2.50613E-02 1.20739E+01 1.16410E+00 3.50119E-02 7.62417E+00 1.49286E+00 4.43388E-02 9.03984E+00
 8.77352E-01 2.30170E-02 8.43756E-01 2.24870E-02 1.21912E+01 1.17364E+00 3.14179E-02 7.70916E+00 1.50377E+00 3.97807E-02 9.12887E+00
 8.80978E-01 2.06145E-02 8.48197E-01 2.01454E-02 1.22962E+01 1.18019E+00 2.81485E-02 7.78667E+00 1.51088E+00 3.56339E-02 9.20836E+00
 3.00800E-01 8.15895E-02 2.86084E-01 8.43819E-02 6.19925E+00 3.96667E-01 1.19716E-01 3.84012E+00 3.00803E-01 8.15904E-02 8.85100E-04
 3.22139E-01 7.91456E-02 3.06189E-01 8.16271E-02 6.51010E+00 4.24466E-01 1.15724E-01 4.02809E+00 3.22143E-01 7.91468E-02 1.24002E-03
 3.46121E-01 7.62868E-02 3.28691E-01 7.83888E-02 6.80521E+00 4.55544E-01 1.11026E-01 4.20821E+00 3.46127E-01 7.62883E-02 1.77082E-03
 3.70755E-01 7.33255E-02 3.51627E-01 7.49584E-02 7.08654E+00 4.87149E-01 1.06023E-01 4.38144E+00 3.70764E-01 7.33276E-02 2.58467E-03
 3.96451E-01 7.05416E-02 3.75150E-01 7.15555E-02 7.35484E+00 5.19397E-01 1.01003E-01 4.54803E+00 3.96465E-01 7.05444E-02 3.86582E-03
 4.23299E-01 6.81479E-02 3.99228E-01 6.83407E-02 7.61037E+00 5.52199E-01 9.61694E-02 4.70799E+00 4.23322E-01 6.81519E-02 5.94013E-03
 4.51028E-01 6.62603E-02 4.23660E-01 6.54211E-02 7.85390E+00 5.85298E-01 9.16711E-02 4.86166E+00 4.51067E-01 6.62662E-02 9.40302E-03
 4.72788E-01 6.50908E-02 4.42665E-01 6.33638E-02 8.03485E+00 6.10972E-01 8.84401E-02 4.97660E+00 4.72845E-01 6.50991E-02 1.37171E-02
 4.78545E-01 6.48552E-02 4.47762E-01 6.28750E-02 8.08443E+00 6.17888E-01 8.76563E-02 5.00831E+00 4.78610E-01 6.48644E-02 1.53739E-02
 5.08797E-01 6.36621E-02 4.75042E-01 6.05800E-02 8.31496E+00 6.55116E-01 8.40095E-02 5.15634E+00 5.08918E-01 6.36777E-02 2.71613E-02
 5.39153E-01 6.21529E-02 5.02956E-01 5.82962E-02 8.53540E+00 6.93435E-01 8.05032E-02 5.29903E+00 5.39396E-01 6.21811E-02 5.01822E-02
 5.68558E-01 6.01548E-02 5.31242E-01 5.61136E-02 8.74585E+00 7.32784E-01 7.73640E-02 5.43638E+00 5.69085E-01 6.02105E-02 9.72096E-02
 5.96074E-01 5.76386E-02 5.58845E-01 5.40096E-02 8.94618E+00 7.71630E-01 7.45624E-02 5.56823E+00 5.97362E-01 5.77631E-02 1.97524E-01
 6.21524E-01 5.46125E-02 5.84806E-01 5.17282E-02 9.13611E+00 8.08329E-01 7.16380E-02 5.69434E+00 6.25193E-01 5.49374E-02 4.18847E-01
 6.44423E-01 5.10920E-02 6.08797E-01 4.89445E-02 9.31551E+00 8.42479E-01 6.80045E-02 5.81456E+00 6.56708E-01 5.20822E-02 9.09185E-01
 6.65053E-01 4.72356E-02 6.30202E-01 4.56355E-02 9.48430E+00 8.72873E-01 6.35601E-02 5.92876E+00 7.09077E-01 5.04376E-02 1.92182E+00
 6.83049E-01 4.32602E-02 6.48984E-01 4.20133E-02 9.64235E+00 8.99581E-01 5.86012E-02 6.03681E+00 8.18608E-01 5.20838E-02 3.60239E+00
 6.98655E-01 3.93540E-02 6.65337E-01 3.83270E-02 9.78953E+00 9.22861E-01 5.35016E-02 6.13856E+00 9.86857E-01 5.60525E-02 5.45880E+00
 7.11980E-01 3.56393E-02 6.79404E-01 3.47593E-02 9.92575E+00 9.42925E-01 4.85409E-02 6.23388E+00 1.13094E+00 5.71968E-02 6.71672E+00
 7.23083E-01 3.21735E-02 6.91250E-01 3.14032E-02 1.00509E+01 9.59863E-01 4.38636E-02 6.32266E+00 1.20895E+00 5.43670E-02 7.30716E+00
 7.32037E-01 2.89754E-02 7.00963E-01 2.82954E-02 1.01650E+01 9.73810E-01 3.95280E-02 6.40481E+00 1.24493E+00 4.97861E-02 7.55409E+00
 7.38906E-01 2.60435E-02 7.08614E-01 2.54420E-02 1.02679E+01 9.84866E-01 3.55457E-02 6.48024E+00 1.26305E+00 4.49538E-02 7.67528E+00
 7.43759E-01 2.33671E-02 7.14272E-01 2.28354E-02 1.03597E+01 9.93130E-01 3.19071E-02 6.54890E+00 1.27355E+00 4.03823E-02 7.75485E+00
 7.46677E-01 2.09321E-02 7.18016E-01 2.04629E-02 1.04403E+01 9.98709E-01 2.85947E-02 6.61074E+00 1.27968E+00 3.61880E-02 7.81805E+00
 7.47716E-01 1.87227E-02 7.19901E-01 1.83094E-02 1.05097E+01 1.00168E+00 2.55880E-02 6.66563E+00 1.28234E+00 3.23756E-02 7.87115E+00
 7.46991E-01 1.67235E-02 7.20038E-01 1.63601E-02 1.05679E+01 1.00220E+00 2.28660E-02 6.71362E+00 1.28189E+00 2.89239E-02 7.91564E+00
 2.98321E-01 7.83017E-02 2.83456E-01 8.08824E-02 5.70232E+00 3.92915E-01 1.14714E-01 3.50785E+00 2.98324E-01 7.83025E-02 8.14151E-04
 3.17739E-01 7.47565E-02 3.02091E-01 7.70289E-02 5.97415E+00 4.18820E-01 1.09178E-01 3.67489E+00 3.17744E-01 7.47575E-02 1.13794E-03
 3.39234E-01 7.10537E-02 3.22551E-01 7.29726E-02 6.22914E+00 4.47195E-01 1.03340E-01 3.83325E+00 3.39240E-01 7.10551E-02 1.62092E-03
 3.60982E-01 6.74318E-02 3.43054E-01 6.89321E-02 6.46939E+00 4.75550E-01 9.74990E-02 3.98396E+00 3.60991E-01 6.74337E-02 2.35958E-03
 3.83378E-01 6.41096E-02 3.63759E-01 6.50727E-02 6.69587E+00 5.04021E-01 9.18676E-02 4.12739E+00 3.83393E-01 6.41122E-02 3.51946E-03
 4.06502E-01 6.12558E-02 3.84642E-01 6.15150E-02 6.90907E+00 5.32531E-01 8.65969E-02 4.26371E+00 4.06524E-01 6.12594E-02 5.39275E-03
 4.30080E-01 5.89565E-02 4.05500E-01 5.83344E-02 7.10991E+00 5.60824E-01 8.17889E-02 4.39330E+00 4.30117E-01 5.89618E-02 8.51228E-03
 4.48392E-01 5.74952E-02 4.21569E-01 5.61163E-02 7.25763E+00 5.82564E-01 7.83817E-02 4.48938E+00 4.48447E-01 5.75025E-02 1.23903E-02
 4.53174E-01 5.71745E-02 4.25758E-01 5.55789E-02 7.29764E+00 5.88230E-01 7.75435E-02 4.51561E+00 4.53236E-01 5.71826E-02 1.38777E-02
 4.78191E-01 5.56321E-02 4.48278E-01 5.30926E-02 7.48247E+00 6.18945E-01 7.36879E-02 4.63741E+00 4.78306E-01 5.56457E-02 2.44419E-02
 5.02946E-01 5.38887E-02 4.70999E-01 5.06836E-02 7.65691E+00 6.50119E-01 7.00471E-02 4.75348E+00 5.03173E-01 5.39132E-02 4.50173E-02
 5.26539E-01 5.17830E-02 4.93702E-01 4.84122E-02 7.82117E+00 6.81703E-01 6.67900E-02 4.86390E+00 5.27029E-01 5.18310E-02 8.69319E-02
 5.48217E-01 4.92933E-02 5.15558E-01 4.62653E-02 7.97524E+00 7.12504E-01 6.39019E-02 4.96856E+00 5.49405E-01 4.93999E-02 1.76087E-01
 5.67900E-01 4.64333E-02 5.35824E-01 4.40351E-02 8.11899E+00 7.41221E-01 6.10058E-02 5.06733E+00 5.71264E-01 4.67099E-02 3.72219E-01
 5.85161E-01 4.32142E-02 5.54177E-01 4.14407E-02 8.25242E+00 7.67445E-01 5.75955E-02 5.16012E+00 5.96349E-01 4.40527E-02 8.05442E-01
 6.00312E-01 3.97649E-02 5.70154E-01 3.84550E-02 8.37558E+00 7.90225E-01 5.35738E-02 5.24690E+00 6.40162E-01 4.24636E-02 1.69722E+00
 6.13059E-01 3.62625E-02 5.83740E-01 3.52510E-02 8.48845E+00 8.09649E-01 4.91823E-02 5.32759E+00 7.35057E-01 4.36677E-02 3.17155E+00
 6.23650E-01 3.28594E-02 5.95136E-01 3.20334E-02 8.59101E+00 8.25978E-01 4.47285E-02 5.40212E+00 8.81583E-01 4.68193E-02 4.79111E+00
 6.32215E-01 2.96512E-02 6.04499E-01 2.89490E-02 8.68328E+00 8.39449E-01 4.04387E-02 5.47043E+00 1.00518E+00 4.76100E-02 5.87697E+00
 6.38837E-01 2.66800E-02 6.11916E-01 2.60699E-02 8.76528E+00 8.50181E-01 3.64253E-02 5.53250E+00 1.06916E+00 4.51096E-02 6.37377E+00
 6.43605E-01 2.39557E-02 6.17491E-01 2.34210E-02 8.83706E+00 8.58327E-01 3.27294E-02 5.58828E+00 1.09566E+00 4.11867E-02 6.56871E+00
 6.46601E-01 2.14724E-02 6.21310E-01 2.10029E-02 8.89867E+00 8.64010E-01 2.93540E-02 5.63776E+00 1.10641E+00 3.70885E-02 6.65336E+00
 6.47910E-01 1.92173E-02 6.23455E-01 1.88053E-02 8.95021E+00 8.67346E-01 2.62858E-02 5.68096E+00 1.11058E+00 3.32345E-02 6.70148E+00
 6.47618E-01 1.71751E-02 6.24014E-01 1.68143E-02 8.99177E+00 8.68455E-01 2.35056E-02 5.71788E+00 1.11109E+00 2.97155E-02 6.73513E+00
 6.45797E-01 1.53302E-02 6.23053E-01 1.50148E-02 9.02334E+00 8.67431E-01 2.09926E-02 5.74847E+00 1.10875E+00 2.65308E-02 6.75985E+00
 6.42558E-01 1.36672E-02 6.20682E-01 1.33920E-02 9.04515E+00 8.64429E-01 1.87261E-02 5.77283E+00 1.10390E+00 2.36584E-02 6.77699E+00
 2.97394E-01 7.43004E-02 2.82724E-01 7.66339E-02 5.22847E+00 3.91960E-01 1.08646E-01 3.20103E+00 2.97397E-01 7.43012E-02 7.46497E-04
 3.15094E-01 6.99415E-02 3.00002E-01 7.19821E-02 5.46282E+00 4.16094E-01 1.01993E-01 3.34836E+00 3.15098E-01 6.99425E-02 1.04054E-03
 3.34363E-01 6.56444E-02 3.18596E-01 6.73647E-02 5.67990E+00 4.41983E-01 9.53789E-02 3.48643E+00 3.34369E-01 6.56457E-02 1.47800E-03
 3.53560E-01 6.15782E-02 3.36920E-01 6.29337E-02 5.88185E+00 4.67416E-01 8.90092E-02 3.61631E+00 3.53569E-01 6.15799E-02 2.14529E-03
 3.73103E-01 5.79051E-02 3.55168E-01 5.88041E-02 6.06981E+00 4.92582E-01 8.30287E-02 3.73852E+00 3.73117E-01 5.79074E-02 3.19039E-03
 3.93077E-01 5.47540E-02 3.73329E-01 5.50611E-02 6.24443E+00 5.17428E-01 7.75400E-02 3.85331E+00 3.93099E-01 5.47572E-02 4.87398E-03
 4.13238E-01 5.21869E-02 3.91266E-01 5.17533E-02 6.40673E+00 5.41803E-01 7.26068E-02 3.96114E+00 4.13273E-01 5.21916E-02 7.67041E-03
 4.28719E-01 5.05374E-02 4.04898E-01 4.94663E-02 6.52469E+00 5.60267E-01 6.91482E-02 4.04026E+00 4.28772E-01 5.05439E-02 1.11390E-02
 4.32738E-01 5.01604E-02 4.08402E-01 4.89064E-02 6.55620E+00 5.64999E-01 6.82913E-02 4.06161E+00 4.32798E-01 5.01675E-02 1.24677E-02
 4.53629E-01 4.83928E-02 4.27234E-01 4.63394E-02 6.70057E+00 5.90695E-01 6.43773E-02 4.16003E+00 4.53738E-01 4.84046E-02 2.18878E-02
 4.74079E-01 4.65179E-02 4.46029E-01 4.38995E-02 6.83464E+00 6.16492E-01 6.07312E-02 4.25254E+00 4.74295E-01 4.65391E-02 4.01830E-02
 4.93326E-01 4.43883E-02 4.64585E-01 4.16218E-02 6.95869E+00 6.42321E-01 5.74721E-02 4.33925E+00 4.93787E-01 4.44296E-02 7.73456E-02
 5.10773E-01 4.19891E-02 4.82277E-01 3.95040E-02 7.07282E+00 6.67291E-01 5.46012E-02 4.42015E+00 5.11886E-01 4.20802E-02 1.56163E-01
 5.26409E-01 3.93319E-02 4.98513E-01 3.73714E-02 7.17703E+00 6.90350E-01 5.18024E-02 4.49518E+00 5.29540E-01 3.95667E-02 3.29039E-01
 5.39849E-01 3.64236E-02 5.13007E-01 3.49843E-02 7.27143E+00 7.11132E-01 4.86444E-02 4.56431E+00 5.50212E-01 3.71317E-02 7.09720E-01
 5.51445E-01 3.33686E-02 5.25433E-01 3.23168E-02 7.35615E+00 7.28920E-01 4.50411E-02 4.62758E+00 5.88196E-01 3.56373E-02 1.49076E+00
 5.60929E-01 3.03086E-02 5.35766E-01 2.95061E-02 7.43127E+00 7.43774E-01 4.11838E-02 4.68499E+00 6.72988E-01 3.65092E-02 2.77696E+00
 5.68542E-01 2.73648E-02 5.44196E-01 2.67169E-02 7.49687E+00 7.55938E-01 3.73207E-02 4.73651E+00 8.04584E-01 3.90123E-02 4.18186E+00
 5.74417E-01 2.46111E-02 5.50881E-01 2.40661E-02 7.55306E+00 7.65646E-01 3.36325E-02 4.78217E+00 9.14571E-01 3.95468E-02 5.11345E+00
 5.78642E-01 2.20774E-02 5.55909E-01 2.16084E-02 7.59993E+00 7.73023E-01 3.02056E-02 4.82198E+00 9.69891E-01 3.73596E-02 5.52811E+00
 5.81309E-01 1.97675E-02 5.59385E-01 1.93603E-02 7.63762E+00 7.78219E-01 2.70680E-02 4.85597E+00 9.91145E-01 3.40175E-02 5.67903E+00
 5.82501E-01 1.76727E-02 5.61394E-01 1.73184E-02 7.66626E+00 7.81355E-01 2.42171E-02 4.88419E+00 9.98293E-01 3.05554E-02 5.73389E+00
 5.82299E-01 1.57790E-02 5.62017E-01 1.54712E-02 7.68600E+00 7.82544E-01 2.16373E-02 4.90669E+00 9.99710E-01 2.73169E-02 5.75695E+00
 5.80788E-01 1.40715E-02 5.61335E-01 1.38045E-02 7.69702E+00 7.81902E-01 1.93093E-02 4.92354E+00 9.98044E-01 2.43727E-02 5.76744E+00
 5.78034E-01 1.25348E-02 5.59414E-01 1.23040E-02 7.69939E+00 7.79518E-01 1.72130E-02 4.93475E+00 9.94040E-01 2.17184E-02 5.77018E+00
 5.74136E-01 1.11545E-02 5.56350E-01 1.09553E-02 7.69337E+00 7.75527E-01 1.53288E-02 4.94046E+00 9.88007E-01 1.93328E-02 5.76640E+00
 2.97198E-01 6.98243E-02 2.82912E-01 7.18931E-02 4.78882E+00 3.92371E-01 1.01879E-01 2.92549E+00 2.97201E-01 6.98250E-02 6.83726E-04
 3.13275E-01 6.49121E-02 2.98857E-01 6.67137E-02 4.99019E+00 4.14741E-01 9.44943E-02 3.05551E+00 3.13279E-01 6.49130E-02 9.50516E-04
 3.30411E-01 6.02383E-02 3.15625E-01 6.17584E-02 5.17435E+00 4.38178E-01 8.74193E-02 3.17590E+00 3.30417E-01 6.02394E-02 1.34644E-03
 3.47128E-01 5.59116E-02 3.31811E-01 5.71208E-02 5.34339E+00 4.60735E-01 8.07800E-02 3.28778E+00 3.47137E-01 5.59131E-02 1.94889E-03
 3.63953E-01 5.20426E-02 3.47693E-01 5.28725E-02 5.49855E+00 4.82710E-01 7.46617E-02 3.39173E+00 3.63967E-01 5.20447E-02 2.89013E-03
 3.80967E-01 4.87260E-02 3.63283E-01 4.90680E-02 5.64063E+00 5.04088E-01 6.91262E-02 3.48811E+00 3.80988E-01 4.87288E-02 4.40269E-03
 3.97880E-01 4.60048E-02 3.78420E-01 4.57345E-02 5.77068E+00 5.24696E-01 6.42057E-02 3.57744E+00 3.97914E-01 4.60090E-02 6.90891E-03
 4.10687E-01 4.42452E-02 3.89749E-01 4.34454E-02 5.86390E+00 5.40064E-01 6.07853E-02 3.64219E+00 4.10738E-01 4.42508E-02 1.00109E-02
 4.14011E-01 4.38328E-02 3.92646E-01 4.28809E-02 5.88839E+00 5.43975E-01 5.99337E-02 3.65942E+00 4.14068E-01 4.38391E-02 1.11978E-02
 4.31042E-01 4.19355E-02 4.08010E-01 4.03136E-02 5.99950E+00 5.64943E-01 5.60685E-02 3.73821E+00 4.31146E-01 4.19459E-02 1.95977E-02
 4.47486E-01 4.00094E-02 4.23148E-01 3.79106E-02 6.10061E+00 5.85731E-01 5.25080E-02 3.81104E+00 4.47690E-01 4.00277E-02 3.58675E-02
 4.62677E-01 3.79155E-02 4.37842E-01 3.56840E-02 6.19209E+00 6.06204E-01 4.93265E-02 3.87808E+00 4.63112E-01 3.79510E-02 6.88253E-02
 4.76164E-01 3.56421E-02 4.51646E-01 3.36373E-02 6.27414E+00 6.25736E-01 4.65349E-02 3.93938E+00 4.77206E-01 3.57197E-02 1.38530E-01
 4.87991E-01 3.32011E-02 4.64115E-01 3.16296E-02 6.34683E+00 6.43513E-01 4.38769E-02 3.99494E+00 4.90907E-01 3.33999E-02 2.90984E-01
 4.97795E-01 3.05939E-02 4.74954E-01 2.94536E-02 6.41035E+00 6.59147E-01 4.09814E-02 4.04481E+00 5.07397E-01 3.11903E-02 6.25705E-01
 5.05988E-01 2.79032E-02 4.83981E-01 2.70829E-02 6.46491E+00 6.72158E-01 3.77696E-02 4.08908E+00 5.39869E-01 2.98054E-02 1.31028E+00
 5.12297E-01 2.52418E-02 4.91151E-01 2.46265E-02 6.51067E+00 6.82569E-01 3.43937E-02 4.12778E+00 6.15120E-01 3.04197E-02 2.43339E+00
 5.16968E-01 2.27052E-02 4.96653E-01 2.22164E-02 6.54776E+00 6.90622E-01 3.10530E-02 4.16097E+00 7.32595E-01 3.23961E-02 3.65344E+00
 5.20136E-01 2.03496E-02 5.00644E-01 1.99444E-02 6.57636E+00 6.96547E-01 2.78902E-02 4.18870E+00 8.29567E-01 3.27346E-02 4.45372E+00
 5.21893E-01 1.81952E-02 5.03214E-01 1.78514E-02 6.59662E+00 7.00470E-01 2.49704E-02 4.21104E+00 8.76395E-01 3.08281E-02 4.80008E+00
 5.22333E-01 1.62414E-02 5.04467E-01 1.59470E-02 6.60873E+00 7.02543E-01 2.23114E-02 4.22807E+00 8.92288E-01 2.79867E-02 4.91588E+00
 5.21541E-01 1.44779E-02 5.04490E-01 1.42255E-02 6.61288E+00 7.02886E-01 1.99067E-02 4.23988E+00 8.95549E-01 2.50672E-02 4.94798E+00
 5.19598E-01 1.28909E-02 5.03363E-01 1.26748E-02 6.60927E+00 7.01612E-01 1.77401E-02 4.24655E+00 8.93812E-01 2.23500E-02 4.95245E+00
 5.16587E-01 1.14655E-02 5.01166E-01 1.12811E-02 6.59812E+00 6.98831E-01 1.57925E-02 4.24821E+00 8.89485E-01 1.98901E-02 4.94604E+00
 5.12573E-01 1.01877E-02 4.97961E-01 1.00310E-02 6.57955E+00 6.94634E-01 1.40452E-02 4.24491E+00 8.83251E-01 1.76807E-02 4.93297E+00
 5.07646E-01 9.04401E-03 4.93839E-01 8.91132E-03 6.55387E+00 6.89144E-01 1.24799E-02 4.23680E+00 8.75389E-01 1.57019E-02 4.91437E+00
 2.97483E-01 6.51295E-02 2.83690E-01 6.69377E-02 4.38310E+00 3.93652E-01 9.48119E-02 2.67962E+00 2.97486E-01 6.51302E-02 6.25799E-04
 3.11898E-01 5.98839E-02 2.98206E-01 6.14581E-02 4.55577E+00 4.14102E-01 8.70177E-02 2.79431E+00 3.11902E-01 5.98847E-02 8.67767E-04
 3.26837E-01 5.50136E-02 3.13047E-01 5.63472E-02 4.71144E+00 4.34933E-01 7.97394E-02 2.89910E+00 3.26843E-01 5.50147E-02 1.22599E-03
 3.41111E-01 5.05778E-02 3.27068E-01 5.16514E-02 4.85218E+00 4.54552E-01 7.30376E-02 2.99515E+00 3.41120E-01 5.05792E-02 1.76973E-03
 3.55134E-01 4.66397E-02 3.40505E-01 4.74038E-02 4.97931E+00 4.73223E-01 6.69470E-02 3.08311E+00 3.55148E-01 4.66416E-02 2.61720E-03
 3.69198E-01 4.32644E-02 3.53511E-01 4.36339E-02 5.09371E+00 4.91108E-01 6.14957E-02 3.16342E+00 3.69219E-01 4.32669E-02 3.97580E-03
 3.82922E-01 4.04833E-02 3.65886E-01 4.03538E-02 5.19650E+00 5.07996E-01 5.66934E-02 3.23668E+00 3.82955E-01 4.04870E-02 6.22148E-03
 3.93124E-01 3.86788E-02 3.74971E-01 3.81146E-02 5.26891E+00 5.20344E-01 5.33792E-02 3.28901E+00 3.93173E-01 3.86838E-02 8.99512E-03
 3.95767E-01 3.82484E-02 3.77268E-01 3.75592E-02 5.28753E+00 5.23442E-01 5.25507E-02 3.30271E+00 3.95822E-01 3.82539E-02 1.00552E-02
 4.09070E-01 3.62968E-02 3.89275E-01 3.50524E-02 5.37096E+00 5.39832E-01 4.88142E-02 3.36467E+00 4.09169E-01 3.63058E-02 1.75446E-02
 4.21695E-01 3.43796E-02 4.00920E-01 3.27361E-02 5.44482E+00 5.55834E-01 4.54053E-02 3.42072E+00 4.21889E-01 3.43955E-02 3.20120E-02
 4.33077E-01 3.23676E-02 4.11986E-01 3.06050E-02 5.50955E+00 5.71274E-01 4.23632E-02 3.47108E+00 4.33486E-01 3.23980E-02 6.12391E-02
 4.42877E-01 3.02484E-02 4.22169E-01 2.86639E-02 5.56540E+00 5.85738E-01 3.97017E-02 3.51587E+00 4.43851E-01 3.03145E-02 1.22883E-01
 4.51187E-01 2.80307E-02 4.31148E-01 2.67981E-02 5.61256E+00 5.98619E-01 3.72122E-02 3.55513E+00 4.53898E-01 2.81992E-02 2.57327E-01
 4.57692E-01 2.57125E-02 4.38658E-01 2.48320E-02 5.65127E+00 6.09562E-01 3.45817E-02 3.58899E+00 4.66567E-01 2.62156E-02 5.51645E-01
 4.62768E-01 2.33575E-02 4.44582E-01 2.27383E-02 5.68180E+00 6.18214E-01 3.17372E-02 3.61756E+00 4.93923E-01 2.49556E-02 1.15170E+00
 4.66212E-01 2.10540E-02 4.48895E-01 2.06014E-02 5.70435E+00 6.24610E-01 2.87958E-02 3.64094E+00 5.60289E-01 2.53886E-02 2.13250E+00
 4.68241E-01 1.88760E-02 4.51764E-01 1.85253E-02 5.71913E+00 6.28963E-01 2.59155E-02 3.65922E+00 6.64595E-01 2.69630E-02 3.19213E+00
 4.68988E-01 1.68661E-02 4.53339E-01 1.65820E-02 5.72634E+00 6.31493E-01 2.32082E-02 3.67251E+00 7.49494E-01 2.71713E-02 3.87958E+00
 4.68544E-01 1.50372E-02 4.53711E-01 1.48013E-02 5.72619E+00 6.32327E-01 2.07227E-02 3.68090E+00 7.88532E-01 2.55205E-02 4.16847E+00
 4.67002E-01 1.33861E-02 4.52979E-01 1.31885E-02 5.71891E+00 6.31607E-01 1.84694E-02 3.68452E+00 7.99575E-01 2.31082E-02 4.25585E+00
 4.64444E-01 1.19019E-02 4.51227E-01 1.17363E-02 5.70472E+00 6.29450E-01 1.64396E-02 3.68348E+00 7.99349E-01 2.06462E-02 4.27035E+00
 4.60949E-01 1.05711E-02 4.48531E-01 1.04328E-02 5.68387E+00 6.25964E-01 1.46173E-02 3.67792E+00 7.94786E-01 1.83646E-02 4.26093E+00
 4.56593E-01 9.38006E-03 4.44966E-01 9.26535E-03 5.65659E+00 6.21253E-01 1.29846E-02 3.66797E+00 7.88065E-01 1.63063E-02 4.24215E+00
 4.51439E-01 8.31584E-03 4.40593E-01 8.22137E-03 5.62306E+00 6.15401E-01 1.15243E-02 3.65372E+00 7.79807E-01 1.44635E-02 4.21774E+00
 4.45568E-01 7.36616E-03 4.35492E-01 7.28902E-03 5.58359E+00 6.08521E-01 1.02199E-02 3.63536E+00 7.70260E-01 1.28180E-02 4.18870E+00
 2.98240E-01 6.04664E-02 2.85150E-01 6.20379E-02 3.99887E+00 3.95973E-01 8.78319E-02 2.45340E+00 2.98243E-01 6.04671E-02 5.70940E-04
 3.11062E-01 5.50511E-02 2.98232E-01 5.64256E-02 4.14647E+00 4.14467E-01 7.98652E-02 2.55442E+00 3.11066E-01 5.50519E-02 7.89806E-04
 3.23988E-01 5.01137E-02 3.11255E-01 5.12872E-02 4.27753E+00 4.32815E-01 7.25634E-02 2.64543E+00 3.23994E-01 5.01147E-02 1.11308E-03
 3.36220E-01 4.56678E-02 3.23376E-01 4.66292E-02 4.39404E+00 4.49817E-01 6.59328E-02 2.72755E+00 3.36229E-01 4.56691E-02 1.60264E-03
 3.47836E-01 4.17469E-02 3.34662E-01 4.24593E-02 4.49735E+00 4.65561E-01 5.99746E-02 2.80154E+00 3.47849E-01 4.17486E-02 2.36388E-03
 3.59103E-01 3.83877E-02 3.45266E-01 3.87849E-02 4.58843E+00 4.80219E-01 5.46880E-02 2.86789E+00 3.59123E-01 3.83900E-02 3.58141E-03
 3.70133E-01 3.56101E-02 3.55283E-01 3.56053E-02 4.66840E+00 4.93918E-01 5.00639E-02 2.92726E+00 3.70165E-01 3.56133E-02 5.58921E-03
 3.78120E-01 3.38046E-02 3.62453E-01 3.34459E-02 4.72348E+00 5.03690E-01 4.68927E-02 2.96891E+00 3.78167E-01 3.38089E-02 8.06397E-03
 3.80207E-01 3.33680E-02 3.64262E-01 3.29077E-02 4.73726E+00 5.06127E-01 4.60972E-02 2.97957E+00 3.80260E-01 3.33728E-02 9.00873E-03
 3.90432E-01 3.14132E-02 3.73529E-01 3.04961E-02 4.79786E+00 5.18794E-01 4.25322E-02 3.02718E+00 3.90528E-01 3.14211E-02 1.56726E-02
 3.99945E-01 2.95424E-02 3.82359E-01 2.82927E-02 4.84944E+00 5.30949E-01 3.93074E-02 3.06901E+00 4.00129E-01 2.95560E-02 2.85117E-02
 4.08257E-01 2.76349E-02 3.90528E-01 2.62787E-02 4.89245E+00 5.42381E-01 3.64348E-02 3.10532E+00 4.08646E-01 2.76610E-02 5.43805E-02
 4.15125E-01 2.56770E-02 3.97844E-01 2.44581E-02 4.92723E+00 5.52838E-01 3.39271E-02 3.13628E+00 4.16044E-01 2.57334E-02 1.08794E-01
 4.20676E-01 2.36743E-02 4.04090E-01 2.27377E-02 4.95402E+00 5.61886E-01 3.16154E-02 3.16202E+00 4.23218E-01 2.38173E-02 2.27141E-01
 4.24623E-01 2.16208E-02 4.09013E-01 2.09679E-02 4.97312E+00 5.69181E-01 2.92350E-02 3.18268E+00 4.32906E-01 2.20460E-02 4.85481E-01
 4.27317E-01 1.95651E-02 4.12559E-01 1.91223E-02 4.98483E+00 5.74491E-01 2.67198E-02 3.19843E+00 4.56259E-01 2.09102E-02 1.01057E+00
 4.28602E-01 1.75750E-02 4.14713E-01 1.72650E-02 4.98941E+00 5.77850E-01 2.41589E-02 3.20941E+00 5.15621E-01 2.12111E-02 1.86571E+00
 4.28669E-01 1.57074E-02 4.15618E-01 1.54776E-02 4.98708E+00 5.79443E-01 2.16760E-02 3.21574E+00 6.09541E-01 2.24708E-02 2.78458E+00
 4.27643E-01 1.39938E-02 4.15417E-01 1.38153E-02 4.97810E+00 5.79474E-01 1.93581E-02 3.21756E+00 6.85015E-01 2.25887E-02 3.37416E+00
 4.25612E-01 1.24419E-02 4.14194E-01 1.22996E-02 4.96271E+00 5.78062E-01 1.72406E-02 3.21500E+00 7.18110E-01 2.11628E-02 3.61440E+00
 4.22663E-01 1.10465E-02 4.12041E-01 1.09324E-02 4.94115E+00 5.75339E-01 1.53289E-02 3.20821E+00 7.25578E-01 1.91147E-02 3.67884E+00
 4.18873E-01 9.79677E-03 4.09037E-01 9.70574E-03 4.91368E+00 5.71414E-01 1.36129E-02 3.19733E+00 7.22869E-01 1.70369E-02 3.68000E+00
 4.14316E-01 8.68008E-03 4.05253E-01 8.60839E-03 4.88055E+00 5.66387E-01 1.20772E-02 3.18253E+00 7.16349E-01 1.51187E-02 3.66050E+00
 4.09061E-01 7.68388E-03 4.00757E-01 7.62847E-03 4.84204E+00 5.60354E-01 1.07055E-02 3.16395E+00 7.08010E-01 1.33938E-02 3.63305E+00
 4.03168E-01 6.79652E-03 3.95606E-01 6.75476E-03 4.79834E+00 5.53393E-01 9.48216E-03 3.14172E+00 6.98418E-01 1.18543E-02 3.60088E+00
 3.96709E-01 6.00697E-03 3.89871E-01 5.97658E-03 4.74977E+00 5.45605E-01 8.39228E-03 3.11603E+00 6.87798E-01 1.04833E-02 3.56490E+00
 2.99219E-01 5.60321E-02 2.86656E-01 5.74058E-02 3.65067E+00 3.98292E-01 8.12433E-02 2.25234E+00 2.99222E-01 5.60327E-02 5.21226E-04
 3.10288E-01 5.05569E-02 2.98178E-01 5.17715E-02 3.77744E+00 4.14665E-01 7.32600E-02 2.34153E+00 3.10292E-01 5.05577E-02 7.19514E-04
 3.21307E-01 4.56326E-02 3.09425E-01 4.66838E-02 3.88810E+00 4.30566E-01 6.60439E-02 2.42061E+00 3.21313E-01 4.56335E-02 1.01174E-03
 3.31304E-01 4.12393E-02 3.19533E-01 4.21206E-02 3.98456E+00 4.44823E-01 5.95627E-02 2.49074E+00 3.31312E-01 4.12404E-02 1.45329E-03
 3.40515E-01 3.73891E-02 3.28678E-01 3.80719E-02 4.06821E+00 4.57657E-01 5.37942E-02 2.55270E+00 3.40528E-01 3.73906E-02 2.13832E-03
 3.49073E-01 3.40968E-02 3.36951E-01 3.45285E-02 4.14008E+00 4.69181E-01 4.87160E-02 2.60708E+00 3.49092E-01 3.40989E-02 3.23147E-03
 3.57458E-01 3.13637E-02 3.44667E-01 3.14742E-02 4.20133E+00 4.79776E-01 4.42990E-02 2.65457E+00 3.57489E-01 3.13665E-02 5.03002E-03
 3.63280E-01 2.95873E-02 3.49985E-01 2.94108E-02 4.24224E+00 4.87060E-01 4.12882E-02 2.68710E+00 3.63326E-01 2.95912E-02 7.24241E-03
 3.64858E-01 2.91524E-02 3.51335E-01 2.88940E-02 4.25209E+00 4.88872E-01 4.05302E-02 2.69520E+00 3.64909E-01 2.91566E-02 8.08611E-03
 3.72127E-01 2.72294E-02 3.57962E-01 2.65963E-02 4.29421E+00 4.97946E-01 3.71568E-02 2.73068E+00 3.72218E-01 2.72362E-02 1.40274E-02
 3.78691E-01 2.54285E-02 3.64135E-01 2.45182E-02 4.32782E+00 5.06478E-01 3.41292E-02 2.76055E+00 3.78867E-01 2.54403E-02 2.54449E-02
 3.84121E-01 2.36384E-02 3.69596E-01 2.26317E-02 4.35342E+00 5.14168E-01 3.14398E-02 2.78511E+00 3.84489E-01 2.36608E-02 4.83894E-02
 3.88251E-01 2.18420E-02 3.74249E-01 2.09377E-02 4.37142E+00 5.20911E-01 2.90967E-02 2.80461E+00 3.89116E-01 2.18903E-02 9.65232E-02
 3.91236E-01 2.00409E-02 3.77967E-01 1.93594E-02 4.38211E+00 5.26417E-01 2.69623E-02 2.81920E+00 3.93616E-01 2.01628E-02 2.00926E-01
 3.92820E-01 1.82265E-02 3.80514E-01 1.77703E-02 4.38584E+00 5.30365E-01 2.48136E-02 2.82907E+00 4.00534E-01 1.85871E-02 4.28181E-01
 3.93322E-01 1.64341E-02 3.81878E-01 1.61442E-02 4.38294E+00 5.32613E-01 2.25905E-02 2.83444E+00 4.20145E-01 1.75710E-02 8.88676E-01
 3.92629E-01 1.47153E-02 3.82057E-01 1.45292E-02 4.37369E+00 5.33196E-01 2.03590E-02 2.83545E+00 4.72908E-01 1.77790E-02 1.63590E+00
 3.90908E-01 1.31135E-02 3.81174E-01 1.29882E-02 4.35836E+00 5.32274E-01 1.82154E-02 2.83228E+00 5.57032E-01 1.87963E-02 2.43444E+00
 3.88276E-01 1.16511E-02 3.79361E-01 1.15635E-02 4.33722E+00 5.30035E-01 1.62264E-02 2.82508E+00 6.23661E-01 1.88547E-02 2.94109E+00
 3.84815E-01 1.03322E-02 3.76697E-01 1.02702E-02 4.31054E+00 5.26593E-01 1.44175E-02 2.81402E+00 6.51238E-01 1.76244E-02 3.14091E+00
 3.80607E-01 9.15065E-03 3.73267E-01 9.10766E-03 4.27858E+00 5.22066E-01 1.27902E-02 2.79925E+00 6.55442E-01 1.58820E-02 3.18707E+00
 3.75724E-01 8.09591E-03 3.69144E-01 8.06799E-03 4.24161E+00 5.16558E-01 1.13340E-02 2.78094E+00 6.50504E-01 1.41233E-02 3.17819E+00
 3.70234E-01 7.15633E-03 3.64393E-01 7.14057E-03 4.19991E+00 5.10160E-01 1.00346E-02 2.75928E+00 6.42250E-01 1.25053E-02 3.15151E+00
 3.64199E-01 6.32057E-03 3.59078E-01 6.31463E-03 4.15374E+00 5.02960E-01 8.87693E-03 2.73442E+00 6.32496E-01 1.10546E-02 3.11808E+00
 3.57676E-01 5.57821E-03 3.53251E-01 5.58011E-03 4.10333E+00 4.95031E-01 7.84710E-03 2.70650E+00 6.21756E-01 9.76331E-03 3.08076E+00
 3.50728E-01 4.91944E-03 3.46974E-01 4.92752E-03 4.04899E+00 4.86462E-01 6.93182E-03 2.67574E+00 6.10231E-01 8.61635E-03 3.04036E+00
 2.99979E-01 5.19824E-02 2.87942E-01 5.32100E-02 3.32810E+00 4.00299E-01 7.52879E-02 2.06931E+00 2.99983E-01 5.19829E-02 4.75171E-04
 3.09423E-01 4.65069E-02 2.97976E-01 4.76096E-02 3.43756E+00 4.14633E-01 6.73654E-02 2.14816E+00 3.09428E-01 4.65075E-02 6.54775E-04
 3.18476E-01 4.16303E-02 3.07444E-01 4.26039E-02 3.53130E+00 4.28105E-01 6.02774E-02 2.21686E+00 3.18482E-01 4.16311E-02 9.18898E-04
 3.26390E-01 3.73172E-02 3.15680E-01 3.81555E-02 3.61119E+00 4.39808E-01 5.39708E-02 2.27656E+00 3.26399E-01 3.73183E-02 1.31711E-03
 3.33412E-01 3.35607E-02 3.22875E-01 3.42404E-02 3.67862E+00 4.49992E-01 4.84053E-02 2.32811E+00 3.33424E-01 3.35621E-02 1.93354E-03
 3.39690E-01 3.03580E-02 3.29145E-01 3.08363E-02 3.73469E+00 4.58806E-01 4.35420E-02 2.37216E+00 3.39709E-01 3.03598E-02 2.91505E-03
 3.45593E-01 2.76926E-02 3.34747E-01 2.79138E-02 3.78059E+00 4.66568E-01 3.93347E-02 2.40944E+00 3.45623E-01 2.76951E-02 4.52629E-03
 3.49552E-01 2.59626E-02 3.38463E-01 2.59500E-02 3.80993E+00 4.71701E-01 3.64843E-02 2.43417E+00 3.49596E-01 2.59659E-02 6.50437E-03
 3.50659E-01 2.55334E-02 3.39402E-01 2.54551E-02 3.81658E+00 4.72956E-01 3.57635E-02 2.44010E+00 3.50708E-01 2.55371E-02 7.25791E-03
 3.55398E-01 2.36616E-02 3.43810E-01 2.32757E-02 3.84371E+00 4.79029E-01 3.25817E-02 2.46527E+00 3.55487E-01 2.36676E-02 1.25558E-02
 3.59437E-01 2.19420E-02 3.47708E-01 2.13233E-02 3.86284E+00 4.84456E-01 2.97478E-02 2.48505E+00 3.59605E-01 2.19523E-02 2.27113E-02
 3.62442E-01 2.02714E-02 3.50908E-01 1.95642E-02 3.87452E+00 4.89030E-01 2.72405E-02 2.49978E+00 3.62790E-01 2.02908E-02 4.30667E-02
 3.64292E-01 1.86289E-02 3.53358E-01 1.79943E-02 3.87919E+00 4.92703E-01 2.50606E-02 2.50974E+00 3.65108E-01 1.86705E-02 8.56561E-02
 3.65163E-01 1.70121E-02 3.54999E-01 1.65497E-02 3.87722E+00 4.95303E-01 2.30949E-02 2.51514E+00 3.67400E-01 1.71164E-02 1.77782E-01
 3.64821E-01 1.54095E-02 3.55609E-01 1.51228E-02 3.86898E+00 4.96524E-01 2.11555E-02 2.51621E+00 3.72038E-01 1.57168E-02 3.77749E-01
 3.63556E-01 1.38462E-02 3.55213E-01 1.36883E-02 3.85483E+00 4.96298E-01 1.91874E-02 2.51319E+00 3.88542E-01 1.48115E-02 7.81717E-01
 3.61290E-01 1.23604E-02 3.53814E-01 1.22809E-02 3.83508E+00 4.94661E-01 1.72383E-02 2.50625E+00 4.35749E-01 1.49539E-02 1.43483E+00
 3.58164E-01 1.09845E-02 3.51516E-01 1.09490E-02 3.81003E+00 4.91746E-01 1.53823E-02 2.49559E+00 5.11615E-01 1.57827E-02 2.12898E+00
 3.54287E-01 9.73427E-03 3.48442E-01 9.72432E-03 3.77994E+00 4.87729E-01 1.36699E-02 2.48138E+00 5.70854E-01 1.58021E-02 2.56436E+00
 3.49736E-01 8.61103E-03 3.44664E-01 8.61701E-03 3.74512E+00 4.82711E-01 1.21189E-02 2.46380E+00 5.93925E-01 1.47398E-02 2.73022E+00
 3.44584E-01 7.60805E-03 3.40260E-01 7.62495E-03 3.70583E+00 4.76803E-01 1.07281E-02 2.44304E+00 5.95557E-01 1.32534E-02 2.76177E+00
 3.38898E-01 6.71541E-03 3.35296E-01 6.74021E-03 3.66236E+00 4.70098E-01 9.48707E-03 2.41927E+00 5.88930E-01 1.17599E-02 2.74549E+00
 3.32740E-01 5.92248E-03 3.29833E-01 5.95307E-03 3.61499E+00 4.62681E-01 8.38245E-03 2.39266E+00 5.79407E-01 1.03902E-02 2.71389E+00
 3.26167E-01 5.21909E-03 3.23926E-01 5.25380E-03 3.56398E+00 4.54630E-01 7.40075E-03 2.36342E+00 5.68648E-01 9.16536E-03 2.67663E+00
 3.19229E-01 4.59594E-03 3.17626E-01 4.63342E-03 3.50957E+00 4.46014E-01 6.52948E-03 2.33167E+00 5.57126E-01 8.07781E-03 2.63620E+00
 3.11983E-01 4.04436E-03 3.10988E-01 4.08350E-03 3.45207E+00 4.36910E-01 5.75685E-03 2.29763E+00 5.45019E-01 7.11417E-03 2.59333E+00
 3.00153E-01 4.84060E-02 2.88726E-01 4.95426E-02 3.03683E+00 4.01635E-01 7.00964E-02 1.90504E+00 3.00156E-01 4.84065E-02 4.33585E-04
 3.07920E-01 4.29461E-02 2.97257E-01 4.39881E-02 3.13192E+00 4.13921E-01 6.22499E-02 1.97485E+00 3.07925E-01 4.29468E-02 5.96558E-04
 3.15042E-01 3.81240E-02 3.05001E-01 3.90644E-02 3.21163E+00 4.25047E-01 5.52878E-02 2.03448E+00 3.15048E-01 3.81247E-02 8.35714E-04
 3.20963E-01 3.38931E-02 3.11459E-01 3.47245E-02 3.27774E+00 4.34333E-01 4.91439E-02 2.08509E+00 3.20971E-01 3.38940E-02 1.19549E-03
 3.25931E-01 3.02321E-02 3.16837E-01 3.09345E-02 3.33170E+00 4.42052E-01 4.37654E-02 2.12758E+00 3.25943E-01 3.02333E-02 1.75120E-03
 3.30111E-01 2.71233E-02 3.21269E-01 2.76613E-02 3.37467E+00 4.48378E-01 3.91004E-02 2.16267E+00 3.30129E-01 2.71249E-02 2.63404E-03
 3.33755E-01 2.45362E-02 3.24950E-01 2.48651E-02 3.40785E+00 4.53569E-01 3.50889E-02 2.19113E+00 3.33784E-01 2.45384E-02 4.08004E-03
 3.36151E-01 2.28592E-02 3.27293E-01 2.29958E-02 3.42763E+00 4.56843E-01 3.23872E-02 2.20915E+00 3.36194E-01 2.28622E-02 5.85171E-03
 3.36742E-01 2.24391E-02 3.27807E-01 2.25227E-02 3.43166E+00 4.57537E-01 3.17016E-02 2.21320E+00 3.36789E-01 2.24424E-02 6.52593E-03
 3.39235E-01 2.06285E-02 3.30244E-01 2.04568E-02 3.44652E+00 4.60941E-01 2.86996E-02 2.22959E+00 3.39320E-01 2.06338E-02 1.12584E-02
 3.41058E-01 1.89943E-02 3.32147E-01 1.86247E-02 3.45386E+00 4.63648E-01 2.60480E-02 2.24083E+00 3.41218E-01 1.90033E-02 2.03068E-02
 3.41958E-01 1.74399E-02 3.33388E-01 1.69871E-02 3.45427E+00 4.65523E-01 2.37137E-02 2.24729E+00 3.42290E-01 1.74568E-02 3.83958E-02
 3.41849E-01 1.59407E-02 3.33944E-01 1.55349E-02 3.44826E+00 4.66559E-01 2.16896E-02 2.24930E+00 3.42622E-01 1.59766E-02 7.61421E-02
 3.40926E-01 1.44895E-02 3.33816E-01 1.42133E-02 3.43624E+00 4.66680E-01 1.98806E-02 2.24713E+00 3.43032E-01 1.45792E-02 1.57568E-01
 3.38965E-01 1.30730E-02 3.32789E-01 1.29305E-02 3.41861E+00 4.65592E-01 1.81278E-02 2.24102E+00 3.45728E-01 1.33361E-02 3.33801E-01
 3.36233E-01 1.17074E-02 3.30917E-01 1.16618E-02 3.39575E+00 4.63287E-01 1.63806E-02 2.23122E+00 3.59546E-01 1.25312E-02 6.88721E-01
 3.32675E-01 1.04206E-02 3.28207E-01 1.04316E-02 3.36799E+00 4.59800E-01 1.46724E-02 2.21796E+00 4.01869E-01 1.26275E-02 1.26040E+00
 3.28413E-01 9.23594E-03 3.24747E-01 9.27632E-03 3.33564E+00 4.55241E-01 1.30591E-02 2.20143E+00 4.70445E-01 1.33087E-02 1.86459E+00
 3.23545E-01 8.16432E-03 3.20648E-01 8.21943E-03 3.29900E+00 4.49769E-01 1.15786E-02 2.18182E+00 5.23224E-01 1.33031E-02 2.23905E+00
 3.18141E-01 7.20492E-03 3.15976E-01 7.26743E-03 3.25835E+00 4.43479E-01 1.02428E-02 2.15933E+00 5.42449E-01 1.23841E-02 2.37645E+00
 3.12267E-01 6.35086E-03 3.10802E-01 6.41706E-03 3.21400E+00 4.36470E-01 9.04844E-03 2.13414E+00 5.41975E-01 1.11116E-02 2.39634E+00
 3.05985E-01 5.59289E-03 3.05185E-01 5.66068E-03 3.16621E+00 4.28826E-01 7.98548E-03 2.10644E+00 5.34030E-01 9.83832E-03 2.37463E+00
 2.99348E-01 4.92139E-03 2.99181E-01 4.98938E-03 3.11526E+00 4.20624E-01 7.04162E-03 2.07641E+00 5.23558E-01 8.67388E-03 2.33979E+00
 2.92408E-01 4.32723E-03 2.92840E-01 4.39441E-03 3.06143E+00 4.11935E-01 6.20471E-03 2.04425E+00 5.12084E-01 7.63520E-03 2.30023E+00
 2.85212E-01 3.80219E-03 2.86206E-01 3.86777E-03 3.00497E+00 4.02822E-01 5.46358E-03 2.01010E+00 5.00037E-01 6.71518E-03 2.25817E+00
 2.77806E-01 3.33857E-03 2.79329E-01 3.40196E-03 2.94614E+00 3.93353E-01 4.80775E-03 1.97415E+00 4.87576E-01 5.90185E-03 2.21423E+00
 2.99297E-01 4.53506E-02 2.88707E-01 4.64507E-02 2.77450E+00 4.01926E-01 6.57347E-02 1.75729E+00 2.99300E-01 4.53511E-02 3.96130E-04
 3.05422E-01 3.98962E-02 2.95796E-01 4.09253E-02 2.85782E+00 4.12261E-01 5.79382E-02 1.81923E+00 3.05426E-01 3.98968E-02 5.44349E-04
 3.10741E-01 3.51138E-02 3.01946E-01 3.60611E-02 2.92598E+00 4.21226E-01 5.10674E-02 1.87098E+00 3.10747E-01 3.51145E-02 7.61384E-04
 3.14837E-01 3.09498E-02 3.06787E-01 3.18060E-02 2.98073E+00 4.28317E-01 4.50495E-02 1.91370E+00 3.14845E-01 3.09506E-02 1.08716E-03
 3.17958E-01 2.73717E-02 3.10533E-01 2.81185E-02 3.02356E+00 4.33822E-01 3.98228E-02 1.94834E+00 3.17971E-01 2.73728E-02 1.58923E-03
 3.20279E-01 2.43491E-02 3.13332E-01 2.49571E-02 3.05568E+00 4.37940E-01 3.53246E-02 1.97568E+00 3.20298E-01 2.43506E-02 2.38506E-03
 3.21957E-01 2.18407E-02 3.15332E-01 2.22732E-02 3.07837E+00 4.40875E-01 3.14838E-02 1.99655E+00 3.21986E-01 2.18427E-02 3.68557E-03
 3.22993E-01 2.02161E-02 3.16475E-01 2.04878E-02 3.09027E+00 4.42523E-01 2.89121E-02 2.00881E+00 3.23034E-01 2.02188E-02 5.27577E-03
 3.23139E-01 1.98072E-02 3.16620E-01 2.00350E-02 3.09215E+00 4.42726E-01 2.82585E-02 2.01128E+00 3.23185E-01 1.98101E-02 5.88030E-03
 3.23709E-01 1.80607E-02 3.17360E-01 1.80728E-02 3.09699E+00 4.43831E-01 2.54174E-02 2.02022E+00 3.23791E-01 1.80653E-02 1.01166E-02
 3.23653E-01 1.65108E-02 3.17563E-01 1.63512E-02 3.09475E+00 4.44216E-01 2.29312E-02 2.02426E+00 3.23807E-01 1.65187E-02 1.81955E-02
 3.22786E-01 1.50658E-02 3.17151E-01 1.48259E-02 3.08610E+00 4.43809E-01 2.07558E-02 2.02382E+00 3.23102E-01 1.50805E-02 3.43037E-02
 3.21044E-01 1.36968E-02 3.16118E-01 1.34823E-02 3.07157E+00 4.42627E-01 1.88761E-02 2.01928E+00 3.21775E-01 1.37280E-02 6.78254E-02
 3.18644E-01 1.23926E-02 3.14517E-01 1.22718E-02 3.05163E+00 4.40680E-01 1.72097E-02 2.01091E+00 3.20630E-01 1.24701E-02 1.39936E-01
 3.15362E-01 1.11378E-02 3.12135E-01 1.11156E-02 3.02670E+00 4.37674E-01 1.56216E-02 1.99902E+00 3.21715E-01 1.13644E-02 2.95555E-01
 3.11446E-01 9.94163E-03 3.09050E-01 9.98940E-03 2.99719E+00 4.33653E-01 1.40646E-02 1.98386E+00 3.33258E-01 1.06486E-02 6.07971E-01
 3.06861E-01 8.82350E-03 3.05273E-01 8.90942E-03 2.96343E+00 4.28648E-01 1.25605E-02 1.96566E+00 3.71348E-01 1.07122E-02 1.10928E+00
 3.01708E-01 7.80006E-03 3.00874E-01 7.90267E-03 2.92576E+00 4.22751E-01 1.11513E-02 1.94463E+00 4.33576E-01 1.12771E-02 1.63605E+00
 2.96076E-01 6.87814E-03 2.95957E-01 6.98614E-03 2.88448E+00 4.16108E-01 9.86457E-03 1.92098E+00 4.80779E-01 1.12554E-02 1.95852E+00
 2.90029E-01 6.05552E-03 2.90580E-01 6.16350E-03 2.83987E+00 4.08804E-01 8.70781E-03 1.89491E+00 4.96764E-01 1.04578E-02 2.07213E+00
 2.83626E-01 5.32536E-03 2.84808E-01 5.43077E-03 2.79223E+00 4.00928E-01 7.67651E-03 1.86660E+00 4.94594E-01 9.36357E-03 2.08277E+00
 2.76921E-01 4.67909E-03 2.78695E-01 4.78066E-03 2.74184E+00 3.92558E-01 6.76092E-03 1.83625E+00 4.85644E-01 8.27287E-03 2.05724E+00
 2.69963E-01 4.10801E-03 2.72290E-01 4.20504E-03 2.68897E+00 3.83761E-01 5.94979E-03 1.80404E+00 4.74490E-01 7.27810E-03 2.02047E+00
 2.62798E-01 3.60396E-03 2.65638E-01 3.69601E-03 2.63389E+00 3.74604E-01 5.23214E-03 1.77014E+00 4.62532E-01 6.39292E-03 1.97983E+00
 2.55467E-01 3.15964E-03 2.58781E-01 3.24645E-03 2.57683E+00 3.65143E-01 4.59799E-03 1.73473E+00 4.50163E-01 5.61069E-03 1.93724E+00
 2.48009E-01 2.76823E-03 2.51761E-01 2.84967E-03 2.51807E+00 3.55437E-01 4.03802E-03 1.69798E+00 4.37526E-01 4.92073E-03 1.89328E+00
 2.97031E-01 4.27682E-02 2.87695E-01 4.38819E-02 2.53754E+00 4.00981E-01 6.21278E-02 1.62301E+00 2.97034E-01 4.27687E-02 3.62299E-04
 3.01612E-01 3.72939E-02 2.93432E-01 3.83519E-02 2.61080E+00 4.09488E-01 5.43308E-02 1.67789E+00 3.01616E-01 3.72945E-02 4.97296E-04
 3.05274E-01 3.25257E-02 2.98116E-01 3.35133E-02 2.66906E+00 4.16464E-01 4.75003E-02 1.72259E+00 3.05280E-01 3.25263E-02 6.94529E-04
 3.07715E-01 2.84052E-02 3.01486E-01 2.93113E-02 2.71407E+00 4.21556E-01 4.15607E-02 1.75827E+00 3.07723E-01 2.84060E-02 9.89903E-04
 3.09188E-01 2.48913E-02 3.03764E-01 2.56991E-02 2.74735E+00 4.25066E-01 3.64439E-02 1.78594E+00 3.09200E-01 2.48923E-02 1.44405E-03
 3.09873E-01 2.19422E-02 3.05110E-01 2.26269E-02 2.77020E+00 4.27211E-01 3.20772E-02 1.80643E+00 3.09890E-01 2.19436E-02 2.16224E-03
 3.09929E-01 1.95066E-02 3.05679E-01 2.00382E-02 2.78394E+00 4.28205E-01 2.83789E-02 1.82063E+00 3.09957E-01 1.95084E-02 3.33307E-03
 3.09702E-01 1.79328E-02 3.05718E-01 1.83262E-02 2.78915E+00 4.28362E-01 2.59188E-02 1.82788E+00 3.09741E-01 1.79351E-02 4.76170E-03
 3.09470E-01 1.75357E-02 3.05544E-01 1.78918E-02 2.78922E+00 4.28140E-01 2.52938E-02 1.82897E+00 3.09514E-01 1.75383E-02 5.30423E-03
 3.08399E-01 1.58534E-02 3.04812E-01 1.60231E-02 2.78564E+00 4.27239E-01 2.25952E-02 1.83148E+00 3.08477E-01 1.58575E-02 9.09960E-03
 3.06754E-01 1.43853E-02 3.03556E-01 1.44026E-02 2.77543E+00 4.25622E-01 2.02585E-02 1.82936E+00 3.06901E-01 1.43923E-02 1.63182E-02
 3.04408E-01 1.30427E-02 3.01738E-01 1.29807E-02 2.75930E+00 4.23265E-01 1.82289E-02 1.82309E+00 3.04709E-01 1.30556E-02 3.06714E-02
 3.01309E-01 1.17929E-02 2.99361E-01 1.17374E-02 2.73784E+00 4.20199E-01 1.64832E-02 1.81306E+00 3.02002E-01 1.18201E-02 6.04571E-02
 2.97703E-01 1.06202E-02 2.96528E-01 1.06283E-02 2.71155E+00 4.16509E-01 1.49478E-02 1.79960E+00 2.99578E-01 1.06874E-02 1.24345E-01
 2.93353E-01 9.50764E-03 2.93019E-01 9.58481E-03 2.68089E+00 4.11896E-01 1.35069E-02 1.78301E+00 2.99326E-01 9.70333E-03 2.61804E-01
 2.88493E-01 8.45853E-03 2.88934E-01 8.58289E-03 2.64626E+00 4.06446E-01 1.21160E-02 1.76358E+00 3.08926E-01 9.06719E-03 5.36857E-01
 2.83102E-01 7.48561E-03 2.84285E-01 7.63235E-03 2.60802E+00 4.00193E-01 1.07880E-02 1.74153E+00 3.43289E-01 9.10724E-03 9.76463E-01
 2.77265E-01 6.60004E-03 2.79130E-01 6.75262E-03 2.56650E+00 3.93204E-01 9.55317E-03 1.71710E+00 3.99888E-01 9.57812E-03 1.43563E+00
 2.71062E-01 5.80559E-03 2.73562E-01 5.95554E-03 2.52201E+00 3.85617E-01 8.43138E-03 1.69048E+00 4.42196E-01 9.54617E-03 1.71307E+00
 2.64549E-01 5.09904E-03 2.67636E-01 5.24258E-03 2.47483E+00 3.77508E-01 7.42643E-03 1.66187E+00 4.55422E-01 8.85282E-03 1.80650E+00
 2.57779E-01 4.47371E-03 2.61409E-01 4.60934E-03 2.42526E+00 3.68957E-01 6.53299E-03 1.63147E+00 4.51888E-01 7.90973E-03 1.80977E+00
 2.50801E-01 3.92168E-03 2.54928E-01 4.04890E-03 2.37356E+00 3.60034E-01 5.74173E-03 1.59946E+00 4.42196E-01 6.97314E-03 1.78163E+00
 2.43656E-01 3.43513E-03 2.48239E-01 3.55382E-03 2.31999E+00 3.50802E-01 5.04234E-03 1.56602E+00 4.30582E-01 6.12121E-03 1.74392E+00
 2.36386E-01 3.00675E-03 2.41382E-01 3.11702E-03 2.26482E+00 3.41317E-01 4.42493E-03 1.53132E+00 4.18337E-01 5.36497E-03 1.70308E+00
 2.29026E-01 2.63005E-03 2.34394E-01 2.73210E-03 2.20828E+00 3.31633E-01 3.88055E-03 1.49553E+00 4.05823E-01 4.69824E-03 1.66082E+00
 2.21612E-01 2.29901E-03 2.27312E-01 2.39311E-03 2.15061E+00 3.21802E-01 3.40087E-03 1.45880E+00 3.93162E-01 4.11150E-03 1.61762E+00
 2.93228E-01 4.06414E-02 2.85594E-01 4.18131E-02 2.32629E+00 3.98675E-01 5.92410E-02 1.50184E+00 2.93231E-01 4.06419E-02 3.32138E-04
 2.96437E-01 3.51160E-02 2.90125E-01 3.62380E-02 2.39101E+00 4.05550E-01 5.13827E-02 1.55046E+00 2.96441E-01 3.51165E-02 4.55432E-04
 2.98638E-01 3.03326E-02 2.93507E-01 3.13868E-02 2.44083E+00 4.10755E-01 4.45354E-02 1.58891E+00 2.98643E-01 3.03332E-02 6.35141E-04
 2.99630E-01 2.62298E-02 2.95572E-01 2.72037E-02 2.47749E+00 4.14068E-01 3.86228E-02 1.61838E+00 2.99639E-01 2.62305E-02 9.03617E-04
 2.99671E-01 2.27589E-02 2.96553E-01 2.36372E-02 2.50258E+00 4.15804E-01 3.35716E-02 1.63991E+00 2.99682E-01 2.27598E-02 1.31540E-03
 2.98944E-01 1.98679E-02 2.96618E-01 2.06304E-02 2.51748E+00 4.16199E-01 2.92995E-02 1.65441E+00 2.98961E-01 1.98691E-02 1.96498E-03
 2.97614E-01 1.74955E-02 2.95931E-01 1.81184E-02 2.52356E+00 4.15477E-01 2.57141E-02 1.66280E+00 2.97641E-01 1.74972E-02 3.02134E-03
 2.96313E-01 1.59690E-02 2.95006E-01 1.64687E-02 2.52308E+00 4.14319E-01 2.33475E-02 1.66569E+00 2.96351E-01 1.59711E-02 4.30747E-03
 2.95758E-01 1.55840E-02 2.94554E-01 1.60506E-02 2.52162E+00 4.13724E-01 2.27470E-02 1.66561E+00 2.95801E-01 1.55864E-02 4.79534E-03
 2.93311E-01 1.39634E-02 2.92549E-01 1.42643E-02 2.51096E+00 4.11073E-01 2.01722E-02 1.66262E+00 2.93386E-01 1.39670E-02 8.20234E-03
 2.90338E-01 1.25727E-02 2.90040E-01 1.27348E-02 2.49411E+00 4.07721E-01 1.79686E-02 1.65531E+00 2.90478E-01 1.25788E-02 1.46642E-02
 2.86765E-01 1.13246E-02 2.87020E-01 1.14070E-02 2.47184E+00 4.03685E-01 1.60712E-02 1.64417E+00 2.87051E-01 1.13359E-02 2.74763E-02
 2.82570E-01 1.01825E-02 2.83515E-01 1.02556E-02 2.44477E+00 3.99019E-01 1.44485E-02 1.62964E+00 2.83227E-01 1.02063E-02 5.39863E-02
 2.77964E-01 9.12660E-03 2.79633E-01 9.23808E-03 2.41345E+00 3.93837E-01 1.30324E-02 1.61206E+00 2.79734E-01 9.18512E-03 1.10678E-01
 2.72754E-01 8.13832E-03 2.75180E-01 8.29452E-03 2.37834E+00 3.87863E-01 1.17227E-02 1.59177E+00 2.78373E-01 8.30800E-03 2.32273E-01
 2.67146E-01 7.21621E-03 2.70264E-01 7.40073E-03 2.33987E+00 3.81213E-01 1.04767E-02 1.56904E+00 2.86299E-01 7.74220E-03 4.74755E-01
 2.61129E-01 6.36762E-03 2.64901E-01 6.56145E-03 2.29839E+00 3.73921E-01 9.30008E-03 1.54411E+00 3.17346E-01 7.76510E-03 8.60714E-01
 2.54773E-01 5.59947E-03 2.59131E-01 5.79008E-03 2.25423E+00 3.66032E-01 8.21421E-03 1.51720E+00 3.68894E-01 8.15951E-03 1.26133E+00
 2.48149E-01 4.91313E-03 2.53043E-01 5.09445E-03 2.20769E+00 3.57676E-01 7.23253E-03 1.48853E+00 4.06850E-01 8.12117E-03 1.50009E+00
 2.41308E-01 4.30474E-03 2.46686E-01 4.47438E-03 2.15906E+00 3.48921E-01 6.35617E-03 1.45829E+00 4.17692E-01 7.51689E-03 1.57659E+00
 2.34296E-01 3.76780E-03 2.40111E-01 3.92517E-03 2.10862E+00 3.39842E-01 5.57923E-03 1.42665E+00 4.13053E-01 6.70161E-03 1.57409E+00
 2.27156E-01 3.29507E-03 2.33361E-01 3.44031E-03 2.05663E+00 3.30499E-01 4.89285E-03 1.39381E+00 4.02817E-01 5.89487E-03 1.54432E+00
 2.19926E-01 2.87947E-03 2.26476E-01 3.01302E-03 2.00333E+00 3.20950E-01 4.28757E-03 1.35993E+00 3.90912E-01 5.16302E-03 1.50644E+00
 2.12640E-01 2.51447E-03 2.19493E-01 2.63689E-03 1.94896E+00 3.11247E-01 3.75444E-03 1.32517E+00 3.78529E-01 4.51495E-03 1.46610E+00
 2.05331E-01 2.19429E-03 2.12446E-01 2.30619E-03 1.89374E+00 3.01436E-01 3.28541E-03 1.28969E+00 3.65997E-01 3.94494E-03 1.42478E+00
 1.98027E-01 1.91361E-03 2.05364E-01 2.01560E-03 1.83791E+00 2.91563E-01 2.87304E-03 1.25364E+00 3.53426E-01 3.44448E-03 1.38293E+00
 2.87826E-01 3.88943E-02 2.82345E-01 4.01632E-02 2.13723E+00 3.94927E-01 5.69581E-02 1.39166E+00 2.87829E-01 3.88947E-02 3.05144E-04
 2.89866E-01 3.32895E-02 2.85831E-01 3.45043E-02 2.19438E+00 4.00379E-01 4.89803E-02 1.43459E+00 2.89870E-01 3.32900E-02 4.17978E-04
 2.90820E-01 2.84650E-02 2.88080E-01 2.96053E-02 2.23671E+00 4.04035E-01 4.20632E-02 1.46741E+00 2.90826E-01 2.84656E-02 5.82025E-04
 2.90594E-01 2.43575E-02 2.89016E-01 2.54105E-02 2.26598E+00 4.05794E-01 3.61316E-02 1.49130E+00 2.90602E-01 2.43582E-02 8.26472E-04
 2.89426E-01 2.09111E-02 2.88868E-01 2.18642E-02 2.28384E+00 4.05973E-01 3.11069E-02 1.50735E+00 2.89438E-01 2.09120E-02 1.20043E-03
 2.87514E-01 1.80644E-02 2.87821E-01 1.89019E-02 2.29175E+00 4.04832E-01 2.68974E-02 1.51653E+00 2.87531E-01 1.80655E-02 1.78880E-03
 2.85027E-01 1.57465E-02 2.86045E-01 1.64505E-02 2.29117E+00 4.02605E-01 2.33997E-02 1.51982E+00 2.85053E-01 1.57480E-02 2.74311E-03
 2.82834E-01 1.42637E-02 2.84287E-01 1.48537E-02 2.28577E+00 4.00299E-01 2.11109E-02 1.51893E+00 2.82871E-01 1.42657E-02 3.90232E-03
 2.81987E-01 1.38908E-02 2.83583E-01 1.44501E-02 2.28299E+00 3.99362E-01 2.05318E-02 1.51782E+00 2.82028E-01 1.38929E-02 4.34156E-03
 2.78432E-01 1.23289E-02 2.80504E-01 1.27368E-02 2.26631E+00 3.95214E-01 1.80649E-02 1.51014E+00 2.78504E-01 1.23322E-02 7.40318E-03
 2.74373E-01 1.10115E-02 2.76928E-01 1.12900E-02 2.24390E+00 3.90370E-01 1.59813E-02 1.49843E+00 2.74507E-01 1.10170E-02 1.31931E-02
 2.69806E-01 9.85104E-03 2.72894E-01 1.00485E-02 2.21656E+00 3.84901E-01 1.42047E-02 1.48325E+00 2.70078E-01 9.86106E-03 2.46388E-02
 2.64730E-01 8.80705E-03 2.68439E-01 8.98170E-03 2.18497E+00 3.78873E-01 1.26960E-02 1.46504E+00 2.65353E-01 8.82789E-03 4.82498E-02
 2.59334E-01 7.85559E-03 2.63690E-01 8.04789E-03 2.14969E+00 3.72442E-01 1.13896E-02 1.44419E+00 2.61005E-01 7.90665E-03 9.85852E-02
 2.53454E-01 6.97691E-03 2.58457E-01 7.19393E-03 2.11120E+00 3.65330E-01 1.01983E-02 1.42101E+00 2.58741E-01 7.12436E-03 2.06195E-01
 2.47278E-01 6.16545E-03 2.52869E-01 6.39533E-03 2.06993E+00 3.57697E-01 9.08023E-03 1.39579E+00 2.65239E-01 6.62106E-03 4.20030E-01
 2.40794E-01 5.42436E-03 2.46924E-01 5.65284E-03 2.02623E+00 3.49543E-01 8.03565E-03 1.36879E+00 2.93326E-01 6.63141E-03 7.58939E-01
 2.34065E-01 4.75717E-03 2.40669E-01 4.97506E-03 1.98041E+00 3.40927E-01 7.07858E-03 1.34020E+00 3.40332E-01 6.96271E-03 1.10842E+00
 2.27155E-01 4.16344E-03 2.34179E-01 4.36666E-03 1.93279E+00 3.31961E-01 6.21750E-03 1.31024E+00 3.74415E-01 6.92064E-03 1.31373E+00
 2.20109E-01 3.63885E-03 2.27499E-01 3.82619E-03 1.88362E+00 3.22709E-01 5.45148E-03 1.27909E+00 3.83210E-01 6.39324E-03 1.37593E+00
 2.12966E-01 3.17720E-03 2.20676E-01 3.34884E-03 1.83318E+00 3.13235E-01 4.77427E-03 1.24692E+00 3.77695E-01 5.68721E-03 1.36895E+00
 2.05766E-01 2.77185E-03 2.13747E-01 2.92849E-03 1.78170E+00 3.03597E-01 4.17749E-03 1.21392E+00 3.67095E-01 4.99109E-03 1.33834E+00
 1.98539E-01 2.41639E-03 2.06749E-01 2.55893E-03 1.72942E+00 2.93843E-01 3.65248E-03 1.18022E+00 3.55053E-01 4.36129E-03 1.30093E+00
 1.91316E-01 2.10500E-03 1.99714E-01 2.23438E-03 1.67655E+00 2.84022E-01 3.19111E-03 1.14599E+00 3.42664E-01 3.80497E-03 1.26163E+00
 1.84126E-01 1.83254E-03 1.92671E-01 1.94970E-03 1.62330E+00 2.74175E-01 2.78615E-03 1.11137E+00 3.30233E-01 3.31684E-03 1.22174E+00
 1.76993E-01 1.59427E-03 1.85648E-01 1.70012E-03 1.56987E+00 2.64342E-01 2.43091E-03 1.07649E+00 3.17856E-01 2.88929E-03 1.18166E+00
 2.81093E-01 3.74573E-02 2.78075E-01 3.88557E-02 1.96868E+00 3.89860E-01 5.51688E-02 1.29135E+00 2.81096E-01 3.74578E-02 2.81080E-04
 2.82156E-01 3.17499E-02 2.80658E-01 3.30797E-02 2.01883E+00 3.94071E-01 4.70208E-02 1.32905E+00 2.82160E-01 3.17504E-02 3.84541E-04
 2.82073E-01 2.68643E-02 2.81928E-01 2.81036E-02 2.05429E+00 3.96372E-01 3.99894E-02 1.35671E+00 2.82078E-01 2.68648E-02 5.34557E-04
 2.80780E-01 2.27342E-02 2.81852E-01 2.38720E-02 2.07681E+00 3.96728E-01 3.40006E-02 1.37554E+00 2.80788E-01 2.27348E-02 7.57477E-04
 2.78593E-01 1.92976E-02 2.80710E-01 2.03248E-02 2.08812E+00 3.95522E-01 2.89706E-02 1.38666E+00 2.78604E-01 1.92984E-02 1.09755E-03
 2.75678E-01 1.64843E-02 2.78682E-01 1.73904E-02 2.08977E+00 3.93007E-01 2.47983E-02 1.39112E+00 2.75695E-01 1.64853E-02 1.63114E-03
 2.72214E-01 1.42136E-02 2.75945E-01 1.49869E-02 2.08326E+00 3.89436E-01 2.13680E-02 1.38992E+00 2.72239E-01 1.42150E-02 2.49419E-03
 2.69273E-01 1.27716E-02 2.73455E-01 1.34355E-02 2.07353E+00 3.86107E-01 1.91450E-02 1.38572E+00 2.69309E-01 1.27734E-02 3.53999E-03
 2.68248E-01 1.24106E-02 2.72567E-01 1.30450E-02 2.06962E+00 3.84910E-01 1.85845E-02 1.38374E+00 2.68288E-01 1.24126E-02 3.93580E-03
 2.63706E-01 1.09050E-02 2.68512E-01 1.13972E-02 2.04776E+00 3.79394E-01 1.62134E-02 1.37204E+00 2.63775E-01 1.09079E-02 6.68927E-03
 2.58750E-01 9.65735E-03 2.64012E-01 1.00265E-02 2.02065E+00 3.73239E-01 1.42391E-02 1.35665E+00 2.58878E-01 9.66221E-03 1.18805E-02
 2.53368E-01 8.57859E-03 2.59103E-01 8.86497E-03 1.98913E+00 3.66517E-01 1.25744E-02 1.33814E+00 2.53626E-01 8.58744E-03 2.21109E-02
 2.47591E-01 7.62427E-03 2.53861E-01 7.87666E-03 1.95391E+00 3.59351E-01 1.11717E-02 1.31699E+00 2.48180E-01 7.64257E-03 4.31480E-02
 2.41557E-01 6.76695E-03 2.48365E-01 7.02005E-03 1.91557E+00 3.51826E-01 9.96750E-03 1.29357E+00 2.43134E-01 6.81155E-03 8.78504E-02
 2.35158E-01 5.98554E-03 2.42489E-01 6.24715E-03 1.87459E+00 3.43764E-01 8.88395E-03 1.26823E+00 2.40129E-01 6.11385E-03 1.83094E-01
 2.28547E-01 5.27118E-03 2.36342E-01 5.53318E-03 1.83139E+00 3.35296E-01 7.88016E-03 1.24124E+00 2.45374E-01 5.66632E-03 3.71662E-01
 2.21721E-01 4.62364E-03 2.29928E-01 4.87568E-03 1.78631E+00 3.26434E-01 6.95185E-03 1.21283E+00 2.70763E-01 5.66749E-03 6.69194E-01
 2.14736E-01 4.04382E-03 2.23289E-01 4.27947E-03 1.73966E+00 3.17232E-01 6.10725E-03 1.18323E+00 3.13591E-01 5.94621E-03 9.73923E-01
 2.07645E-01 3.52992E-03 2.16494E-01 3.74672E-03 1.69173E+00 3.07789E-01 5.35095E-03 1.15262E+00 3.44152E-01 5.90231E-03 1.15023E+00
 2.00489E-01 3.07735E-03 2.09581E-01 3.27507E-03 1.64276E+00 2.98161E-01 4.68048E-03 1.12117E+00 3.51153E-01 5.44168E-03 1.20038E+00
 1.93303E-01 2.68023E-03 2.02592E-01 2.85969E-03 1.59301E+00 2.88408E-01 4.08944E-03 1.08905E+00 3.44945E-01 4.82975E-03 1.18999E+00
 1.86120E-01 2.33248E-03 1.95560E-01 2.49485E-03 1.54270E+00 2.78579E-01 3.56992E-03 1.05641E+00 3.34126E-01 4.22855E-03 1.15920E+00
 1.78967E-01 2.02832E-03 1.88518E-01 2.17488E-03 1.49202E+00 2.68719E-01 3.11398E-03 1.02341E+00 3.22070E-01 3.68613E-03 1.12273E+00
 1.71871E-01 1.76256E-03 1.81494E-01 1.89455E-03 1.44118E+00 2.58869E-01 2.71426E-03 9.90163E-01 3.09788E-01 3.20819E-03 1.08488E+00
 1.64855E-01 1.53062E-03 1.74514E-01 1.64925E-03 1.39037E+00 2.49068E-01 2.36425E-03 9.56810E-01 2.97556E-01 2.78988E-03 1.04679E+00
 1.57940E-01 1.32829E-03 1.67600E-01 1.43471E-03 1.33975E+00 2.39347E-01 2.05793E-03 9.23465E-01 2.85457E-01 2.42437E-03 1.00879E+00
 2.73110E-01 3.62537E-02 2.72764E-01 3.78090E-02 1.81687E+00 3.83411E-01 5.37569E-02 1.19919E+00 2.73113E-01 3.62541E-02 2.59405E-04
 2.73401E-01 3.04308E-02 2.74602E-01 3.18928E-02 1.86052E+00 3.86584E-01 4.54023E-02 1.23204E+00 2.73405E-01 3.04313E-02 3.54386E-04
 2.72483E-01 2.54717E-02 2.75046E-01 2.68192E-02 1.88961E+00 3.87727E-01 3.82245E-02 1.25498E+00 2.72489E-01 2.54722E-02 4.91705E-04
 2.70350E-01 2.13094E-02 2.74120E-01 2.25338E-02 1.90594E+00 3.86884E-01 3.21518E-02 1.26921E+00 2.70358E-01 2.13100E-02 6.95154E-04
 2.67290E-01 1.78736E-02 2.72099E-01 1.89713E-02 1.91128E+00 3.84437E-01 2.70942E-02 1.27590E+00 2.67301E-01 1.78744E-02 1.00461E-03
 2.63552E-01 1.50867E-02 2.69216E-01 1.60531E-02 1.90730E+00 3.80711E-01 2.29408E-02 1.27615E+00 2.63568E-01 1.50877E-02 1.48871E-03
 2.59281E-01 1.28586E-02 2.65641E-01 1.36884E-02 1.89554E+00 3.75949E-01 1.95637E-02 1.27101E+00 2.59305E-01 1.28598E-02 2.26945E-03
 2.55724E-01 1.14553E-02 2.62514E-01 1.21771E-02 1.88204E+00 3.71715E-01 1.73976E-02 1.26397E+00 2.55758E-01 1.14569E-02 3.21307E-03
 2.54552E-01 1.11056E-02 2.61466E-01 1.17982E-02 1.87715E+00 3.70289E-01 1.68536E-02 1.26124E+00 2.54590E-01 1.11073E-02 3.56977E-03
 2.49207E-01 9.65514E-03 2.56572E-01 1.02109E-02 1.85086E+00 3.63579E-01 1.45696E-02 1.24615E+00 2.49273E-01 9.65776E-03 6.04610E-03
 2.43528E-01 8.47428E-03 2.51286E-01 8.91114E-03 1.81985E+00 3.56297E-01 1.26966E-02 1.22771E+00 2.43649E-01 8.47859E-03 1.07000E-02
 2.37496E-01 7.47220E-03 2.45643E-01 7.82465E-03 1.78496E+00 3.48509E-01 1.11367E-02 1.20653E+00 2.37741E-01 7.48001E-03 1.98415E-02
 2.31159E-01 6.60041E-03 2.39726E-01 6.90973E-03 1.74693E+00 3.40349E-01 9.83380E-03 1.18307E+00 2.31716E-01 6.61648E-03 3.85777E-02
 2.24634E-01 5.82852E-03 2.33610E-01 6.12501E-03 1.70634E+00 3.31905E-01 8.72549E-03 1.15774E+00 2.26119E-01 5.86750E-03 7.82566E-02
 2.17846E-01 5.13402E-03 2.27210E-01 5.42611E-03 1.66367E+00 3.23054E-01 7.74106E-03 1.13087E+00 2.22512E-01 5.24570E-03 1.62501E-01
 2.10922E-01 4.50543E-03 2.20615E-01 4.78805E-03 1.61931E+00 3.13905E-01 6.84027E-03 1.10272E+00 2.26665E-01 4.84821E-03 3.28654E-01
 2.03865E-01 3.93986E-03 2.13835E-01 4.20587E-03 1.57361E+00 3.04477E-01 6.01533E-03 1.07352E+00 2.49591E-01 4.84274E-03 5.89609E-01
 1.96723E-01 3.43615E-03 2.06909E-01 3.68136E-03 1.52684E+00 2.94821E-01 5.26987E-03 1.04347E+00 2.88571E-01 5.07725E-03 8.54987E-01
 1.89544E-01 2.99151E-03 1.99897E-01 3.21479E-03 1.47928E+00 2.85025E-01 4.60545E-03 1.01274E+00 3.15927E-01 5.03291E-03 1.00607E+00
 1.82362E-01 2.60122E-03 1.92833E-01 2.80314E-03 1.43115E+00 2.75137E-01 4.01849E-03 9.81505E-01 3.21363E-01 4.63071E-03 1.04608E+00
 1.75209E-01 2.25975E-03 1.85754E-01 2.44164E-03 1.38267E+00 2.65211E-01 3.50255E-03 9.49906E-01 3.14626E-01 4.10038E-03 1.03320E+00
 1.68111E-01 1.96154E-03 1.78690E-01 2.12496E-03 1.33405E+00 2.55291E-01 3.05021E-03 9.18083E-01 3.03717E-01 3.58124E-03 1.00275E+00
 1.61093E-01 1.70142E-03 1.71668E-01 1.84792E-03 1.28547E+00 2.45416E-01 2.65422E-03 8.86162E-01 2.91760E-01 3.11415E-03 9.67623E-01
 1.54175E-01 1.47471E-03 1.64713E-01 1.60581E-03 1.23708E+00 2.35621E-01 2.30790E-03 8.54261E-01 2.79682E-01 2.70365E-03 9.31554E-01
 1.47380E-01 1.27738E-03 1.57847E-01 1.39446E-03 1.18907E+00 2.25941E-01 2.00539E-03 8.22495E-01 2.67735E-01 2.34527E-03 8.95541E-01
 1.40722E-01 1.10568E-03 1.51090E-01 1.21007E-03 1.14156E+00 2.16402E-01 1.74127E-03 7.90962E-01 2.55992E-01 2.03290E-03 8.59862E-01
 2.64204E-01 3.52212E-02 2.66563E-01 3.69535E-02 1.67969E+00 3.75720E-01 5.26212E-02 1.11419E+00 2.64207E-01 3.52216E-02 2.39819E-04
 2.63875E-01 2.92771E-02 2.67773E-01 3.08825E-02 1.71707E+00 3.78008E-01 4.40363E-02 1.14249E+00 2.63878E-01 2.92775E-02 3.27062E-04
 2.62273E-01 2.42389E-02 2.67507E-01 2.56987E-02 1.74011E+00 3.78143E-01 3.66918E-02 1.16104E+00 2.62278E-01 2.42394E-02 4.52803E-04
 2.59445E-01 2.00394E-02 2.65841E-01 2.13492E-02 1.75063E+00 3.76243E-01 3.05187E-02 1.17104E+00 2.59452E-01 2.00400E-02 6.38508E-04
 2.55673E-01 1.66020E-02 2.63055E-01 1.77638E-02 1.75048E+00 3.72702E-01 2.54208E-02 1.17373E+00 2.55683E-01 1.66027E-02 9.20084E-04
 2.51239E-01 1.38380E-02 2.59416E-01 1.48550E-02 1.74138E+00 3.67887E-01 2.12754E-02 1.17024E+00 2.51254E-01 1.38389E-02 1.35921E-03
 2.46296E-01 1.16502E-02 2.55103E-01 1.25238E-02 1.72496E+00 3.62063E-01 1.79429E-02 1.16167E+00 2.46319E-01 1.16514E-02 2.06522E-03
 2.42229E-01 1.02849E-02 2.51417E-01 1.10495E-02 1.70816E+00 3.57024E-01 1.58282E-02 1.15217E+00 2.42262E-01 1.02863E-02 2.91622E-03
 2.40937E-01 9.94609E-03 2.50229E-01 1.06813E-02 1.70243E+00 3.55393E-01 1.52993E-02 1.14882E+00 2.40974E-01 9.94765E-03 3.23751E-03
 2.34934E-01 8.55042E-03 2.44608E-01 9.15138E-03 1.67242E+00 3.47635E-01 1.30969E-02 1.13090E+00 2.34997E-01 8.55278E-03 5.46320E-03
 2.28672E-01 7.43409E-03 2.38650E-01 7.91876E-03 1.63822E+00 3.39373E-01 1.13194E-02 1.11000E+00 2.28788E-01 7.43792E-03 9.63207E-03
 2.22125E-01 6.50448E-03 2.32384E-01 6.90330E-03 1.60070E+00 3.30670E-01 9.85884E-03 1.08672E+00 2.22357E-01 6.51138E-03 1.77934E-02
 2.15353E-01 5.70928E-03 2.25904E-01 6.05781E-03 1.56060E+00 3.21670E-01 8.65082E-03 1.06155E+00 2.15879E-01 5.72338E-03 3.44631E-02
 2.08457E-01 5.01539E-03 2.19282E-01 5.34047E-03 1.51848E+00 3.12461E-01 7.63321E-03 1.03489E+00 2.09853E-01 5.04943E-03 6.96425E-02
 2.01390E-01 4.39902E-03 2.12462E-01 4.70958E-03 1.47483E+00 3.02966E-01 6.74057E-03 1.00704E+00 2.05761E-01 4.49616E-03 1.44062E-01
 1.94254E-01 3.84665E-03 2.05518E-01 4.14016E-03 1.43001E+00 2.93275E-01 5.93339E-03 9.78266E-01 2.08954E-01 4.14379E-03 2.90260E-01
 1.87060E-01 3.35330E-03 1.98466E-01 3.62521E-03 1.38434E+00 2.83413E-01 5.20108E-03 9.48782E-01 2.29607E-01 4.13366E-03 5.18777E-01
 1.79848E-01 2.91626E-03 1.91340E-01 3.16419E-03 1.33807E+00 2.73426E-01 4.54369E-03 9.18769E-01 2.65009E-01 4.33083E-03 7.49463E-01
 1.72659E-01 2.53202E-03 1.84192E-01 2.75591E-03 1.29146E+00 2.63391E-01 3.96045E-03 8.88388E-01 2.89425E-01 4.28710E-03 8.78592E-01
 1.65524E-01 2.19586E-03 1.77054E-01 2.39693E-03 1.24470E+00 2.53352E-01 3.44698E-03 8.57785E-01 2.93493E-01 3.93633E-03 9.10085E-01
 1.58468E-01 1.90261E-03 1.69955E-01 2.08259E-03 1.19799E+00 2.43355E-01 2.99694E-03 8.27092E-01 2.86370E-01 3.47720E-03 8.95489E-01
 1.51514E-01 1.64723E-03 1.62924E-01 1.80795E-03 1.15149E+00 2.33438E-01 2.60342E-03 7.96428E-01 2.75487E-01 3.02938E-03 8.65821E-01
 1.44682E-01 1.42506E-03 1.55982E-01 1.56830E-03 1.10537E+00 2.23634E-01 2.25979E-03 7.65904E-01 2.63729E-01 2.62760E-03 8.32342E-01
 1.37990E-01 1.23194E-03 1.49150E-01 1.35939E-03 1.05976E+00 2.13975E-01 1.96002E-03 7.35618E-01 2.51944E-01 2.27541E-03 7.98305E-01
 1.31455E-01 1.06429E-03 1.42448E-01 1.17749E-03 1.01481E+00 2.04488E-01 1.69881E-03 7.05671E-01 2.40360E-01 1.96873E-03 7.64570E-01
 1.25087E-01 9.18801E-04 1.35891E-01 1.01918E-03 9.70620E-01 1.95195E-01 1.47133E-03 6.76139E-01 2.29041E-01 1.70211E-03 7.31368E-01
 2.54698E-01 3.43130E-02 2.59633E-01 3.62329E-02 1.55576E+00 3.66958E-01 5.16795E-02 1.03605E+00 2.54700E-01 3.43133E-02 2.22124E-04
 2.53884E-01 2.82506E-02 2.60319E-01 3.00032E-02 1.58712E+00 3.68494E-01 4.28560E-02 1.06009E+00 2.53888E-01 2.82510E-02 3.02310E-04
 2.51731E-01 2.31354E-02 2.59445E-01 2.47060E-02 1.60444E+00 3.67752E-01 3.53381E-02 1.07458E+00 2.51736E-01 2.31359E-02 4.17499E-04
 2.48330E-01 1.88998E-02 2.57133E-01 2.02896E-02 1.60955E+00 3.64916E-01 2.90592E-02 1.08075E+00 2.48337E-01 1.89004E-02 5.87054E-04
 2.43975E-01 1.54613E-02 2.53683E-01 1.66792E-02 1.60438E+00 3.60409E-01 2.39169E-02 1.07986E+00 2.43985E-01 1.54620E-02 8.43294E-04
 2.38942E-01 1.27209E-02 2.49368E-01 1.37779E-02 1.59073E+00 3.54614E-01 1.97760E-02 1.07311E+00 2.38957E-01 1.27217E-02 1.24162E-03
 2.33442E-01 1.05735E-02 2.44409E-01 1.14782E-02 1.57024E+00 3.47848E-01 1.64844E-02 1.06159E+00 2.33464E-01 1.05745E-02 1.87998E-03
 2.28953E-01 9.24602E-03 2.40235E-01 1.00392E-02 1.55063E+00 3.42099E-01 1.44185E-02 1.05004E+00 2.28984E-01 9.24733E-03 2.64728E-03
 2.27562E-01 8.91799E-03 2.38926E-01 9.68129E-03 1.54420E+00 3.40289E-01 1.39039E-02 1.04616E+00 2.27597E-01 8.91940E-03 2.93662E-03
 2.21019E-01 7.57698E-03 2.32678E-01 8.20673E-03 1.51116E+00 3.31616E-01 1.17796E-02 1.02596E+00 2.21079E-01 7.57909E-03 4.93644E-03
 2.14297E-01 6.52289E-03 2.26154E-01 7.03808E-03 1.47449E+00 3.22518E-01 1.00927E-02 1.00316E+00 2.14407E-01 6.52630E-03 8.66942E-03
 2.07348E-01 5.66160E-03 2.19372E-01 6.08992E-03 1.43506E+00 3.13045E-01 8.72636E-03 9.78343E-01 2.07567E-01 5.66768E-03 1.59521E-02
 2.00249E-01 4.93716E-03 2.12434E-01 5.30987E-03 1.39359E+00 3.03351E-01 7.60833E-03 9.52002E-01 2.00744E-01 4.94954E-03 3.07753E-02
 1.93086E-01 4.31418E-03 2.05409E-01 4.65539E-03 1.35064E+00 2.93526E-01 6.67604E-03 9.24520E-01 1.94395E-01 4.34390E-03 6.19461E-02
 1.85832E-01 3.76774E-03 1.98267E-01 4.08677E-03 1.30667E+00 2.83526E-01 5.86805E-03 8.96200E-01 1.89919E-01 3.85220E-03 1.27642E-01
 1.78575E-01 3.28279E-03 1.91069E-01 3.57916E-03 1.26201E+00 2.73426E-01 5.14564E-03 8.67280E-01 1.92272E-01 3.54032E-03 2.56183E-01
 1.71324E-01 2.85280E-03 1.83831E-01 3.12403E-03 1.21695E+00 2.63255E-01 4.49609E-03 8.37955E-01 2.10831E-01 3.52712E-03 4.56126E-01
 1.64116E-01 2.47388E-03 1.76587E-01 2.71903E-03 1.17173E+00 2.53055E-01 3.91668E-03 8.08390E-01 2.42913E-01 3.69291E-03 6.56453E-01
 1.56985E-01 2.14206E-03 1.69380E-01 2.36192E-03 1.12655E+00 2.42892E-01 3.40491E-03 7.78727E-01 2.64641E-01 3.65060E-03 7.66630E-01
 1.49957E-01 1.85272E-03 1.62237E-01 2.04898E-03 1.08159E+00 2.32804E-01 2.95589E-03 7.49095E-01 2.67524E-01 3.34490E-03 7.91082E-01
 1.43053E-01 1.60105E-03 1.55185E-01 1.77575E-03 1.03702E+00 2.22831E-01 2.56348E-03 7.19605E-01 2.60145E-01 2.94761E-03 7.75427E-01
 1.36291E-01 1.38248E-03 1.48245E-01 1.53766E-03 9.92970E-01 2.13005E-01 2.22125E-03 6.90360E-01 2.49391E-01 2.56148E-03 7.46886E-01
 1.29689E-01 1.19285E-03 1.41437E-01 1.33044E-03 9.49578E-01 2.03354E-01 1.92318E-03 6.61451E-01 2.37918E-01 2.21604E-03 7.15285E-01
 1.23258E-01 1.02846E-03 1.34777E-01 1.15025E-03 9.06952E-01 1.93902E-01 1.66380E-03 6.32959E-01 2.26502E-01 1.91403E-03 6.83444E-01
 1.17013E-01 8.86127E-04 1.28282E-01 9.93767E-04 8.65210E-01 1.84674E-01 1.43836E-03 6.04969E-01 2.15347E-01 1.65174E-03 6.52102E-01
 1.10961E-01 7.62939E-04 1.21963E-01 8.57923E-04 8.24427E-01 1.75686E-01 1.24253E-03 5.77538E-01 2.04506E-01 1.42429E-03 6.21447E-01
 2.44598E-01 3.34659E-02 2.51943E-01 3.55817E-02 1.44074E+00 3.57063E-01 5.08383E-02 9.62482E-01 2.44600E-01 3.34663E-02 2.05702E-04
 2.43384E-01 2.72913E-02 2.52169E-01 2.91933E-02 1.46613E+00 3.57928E-01 4.17739E-02 9.82393E-01 2.43387E-01 2.72918E-02 2.79263E-04
 2.40764E-01 2.21050E-02 2.50752E-01 2.37841E-02 1.47787E+00 3.56395E-01 3.40831E-02 9.93036E-01 2.40769E-01 2.21055E-02 3.84564E-04
 2.36872E-01 1.78388E-02 2.47859E-01 1.93031E-02 1.47784E+00 3.52708E-01 2.77004E-02 9.95643E-01 2.36879E-01 1.78394E-02 5.39014E-04
 2.32019E-01 1.44039E-02 2.43811E-01 1.56700E-02 1.46801E+00 3.47322E-01 2.25162E-02 9.91503E-01 2.32029E-01 1.44045E-02 7.71612E-04
 2.26475E-01 1.16919E-02 2.38889E-01 1.27789E-02 1.45023E+00 3.40638E-01 1.83828E-02 9.81842E-01 2.26489E-01 1.16926E-02 1.13195E-03
 2.20506E-01 9.58745E-03 2.33357E-01 1.05122E-02 1.42618E+00 3.33025E-01 1.51337E-02 9.67783E-01 2.20527E-01 9.58841E-03 1.70750E-03
 2.15663E-01 8.29972E-03 2.28753E-01 9.10931E-03 1.40419E+00 3.26643E-01 1.31172E-02 9.54508E-01 2.15693E-01 8.30091E-03 2.39727E-03
 2.14191E-01 7.98281E-03 2.27337E-01 8.76186E-03 1.39719E+00 3.24673E-01 1.26170E-02 9.50212E-01 2.14224E-01 7.98409E-03 2.65705E-03
 2.07213E-01 6.69819E-03 2.20552E-01 7.34318E-03 1.36174E+00 3.15206E-01 1.05711E-02 9.28204E-01 2.07270E-01 6.70008E-03 4.44833E-03
 2.00122E-01 5.70574E-03 2.13546E-01 6.23747E-03 1.32324E+00 3.05387E-01 8.97321E-03 9.03968E-01 2.00225E-01 5.70877E-03 7.78014E-03
 1.92866E-01 4.91041E-03 2.06338E-01 5.35476E-03 1.28254E+00 2.95270E-01 7.69873E-03 8.78089E-01 1.93072E-01 4.91576E-03 1.42568E-02
 1.85530E-01 4.25293E-03 1.99034E-01 4.63786E-03 1.24035E+00 2.85011E-01 6.66805E-03 8.51045E-01 1.85994E-01 4.26375E-03 2.73915E-02
 1.78188E-01 3.69589E-03 1.91699E-01 4.04330E-03 1.19720E+00 2.74700E-01 5.81773E-03 8.23203E-01 1.79412E-01 3.72174E-03 5.49098E-02
 1.70832E-01 3.21346E-03 1.84322E-01 3.53300E-03 1.15351E+00 2.64319E-01 5.08956E-03 7.94846E-01 1.74638E-01 3.28664E-03 1.12685E-01
 1.63530E-01 2.78953E-03 1.76953E-01 3.08234E-03 1.10958E+00 2.53932E-01 4.44570E-03 7.66188E-01 1.76243E-01 3.01188E-03 2.25261E-01
 1.56296E-01 2.41636E-03 1.69612E-01 2.68166E-03 1.06566E+00 2.43568E-01 3.87181E-03 7.37405E-01 1.92836E-01 2.99683E-03 3.99490E-01
 1.49159E-01 2.08925E-03 1.62324E-01 2.32726E-03 1.02196E+00 2.33264E-01 3.36308E-03 7.08640E-01 2.21775E-01 3.13569E-03 5.72695E-01
 1.42148E-01 1.80395E-03 1.55129E-01 2.01611E-03 9.78650E-01 2.23076E-01 2.91571E-03 6.80018E-01 2.41000E-01 3.09546E-03 6.66197E-01
 1.35284E-01 1.55600E-03 1.48048E-01 1.74436E-03 9.35883E-01 2.13036E-01 2.52455E-03 6.51644E-01 2.42847E-01 2.83015E-03 6.84751E-01
 1.28583E-01 1.34098E-03 1.41103E-01 1.50779E-03 8.93789E-01 2.03178E-01 2.18368E-03 6.23614E-01 2.35328E-01 2.48778E-03 6.68574E-01
 1.22061E-01 1.15476E-03 1.34312E-01 1.30220E-03 8.52481E-01 1.93527E-01 1.88722E-03 5.96009E-01 2.24799E-01 2.15624E-03 6.41456E-01
 1.15729E-01 9.93639E-04 1.27691E-01 1.12374E-03 8.12056E-01 1.84106E-01 1.62968E-03 5.68903E-01 2.13696E-01 1.86049E-03 6.11932E-01
 1.09595E-01 8.54347E-04 1.21250E-01 9.68967E-04 7.72599E-01 1.74933E-01 1.40615E-03 5.42358E-01 2.02722E-01 1.60262E-03 5.82432E-01
 1.03672E-01 7.34077E-04 1.15005E-01 8.34904E-04 7.34203E-01 1.66029E-01 1.21239E-03 5.16444E-01 1.92062E-01 1.37927E-03 5.53588E-01
 9.79626E-02 6.30270E-04 1.08961E-01 7.18834E-04 6.96915E-01 1.57402E-01 1.04451E-03 4.91198E-01 1.81757E-01 1.18610E-03 5.25548E-01
 2.34249E-01 3.26606E-02 2.43708E-01 3.49692E-02 1.33467E+00 3.46287E-01 5.00506E-02 8.93948E-01 2.34252E-01 3.26609E-02 1.90558E-04
 2.32676E-01 2.63838E-02 2.43508E-01 2.84293E-02 1.35421E+00 3.46530E-01 4.07543E-02 9.09908E-01 2.32679E-01 2.63842E-02 2.57947E-04
 2.29642E-01 2.11367E-02 2.41598E-01 2.29166E-02 1.36062E+00 3.44272E-01 3.29017E-02 9.16936E-01 2.29647E-01 2.11371E-02 3.54054E-04
 2.25319E-01 1.68493E-02 2.38178E-01 1.83793E-02 1.35578E+00 3.39807E-01 2.64264E-02 9.16270E-01 2.25326E-01 1.68498E-02 4.94493E-04
 2.20034E-01 1.34257E-02 2.33592E-01 1.47305E-02 1.34170E+00 3.33625E-01 2.12101E-02 9.09222E-01 2.20043E-01 1.34262E-02 7.05225E-04
 2.14070E-01 1.07484E-02 2.28142E-01 1.18555E-02 1.32030E+00 3.26158E-01 1.70920E-02 8.97044E-01 2.14083E-01 1.07491E-02 1.03055E-03
 2.07690E-01 8.69123E-03 2.22097E-01 9.62540E-03 1.29326E+00 3.17785E-01 1.38904E-02 8.80862E-01 2.07710E-01 8.69210E-03 1.54836E-03
 2.02556E-01 7.44536E-03 2.17123E-01 8.26037E-03 1.26935E+00 3.10851E-01 1.19256E-02 8.66201E-01 2.02585E-01 7.44644E-03 2.16708E-03
 2.01019E-01 7.14000E-03 2.15616E-01 7.92372E-03 1.26192E+00 3.08745E-01 1.14403E-02 8.61579E-01 2.01050E-01 7.14116E-03 2.39980E-03
 1.93711E-01 5.91306E-03 2.08390E-01 6.56166E-03 1.22470E+00 2.98614E-01 9.47359E-03 8.38222E-01 1.93764E-01 5.91475E-03 4.00066E-03
 1.86325E-01 4.98140E-03 2.00984E-01 5.51780E-03 1.18501E+00 2.88193E-01 7.96304E-03 8.13019E-01 1.86423E-01 4.98408E-03 6.96745E-03
 1.78851E-01 4.24911E-03 1.93443E-01 4.69818E-03 1.14370E+00 2.77564E-01 6.77730E-03 7.86534E-01 1.79045E-01 4.25381E-03 1.27135E-02
 1.71365E-01 3.65423E-03 1.85865E-01 4.04146E-03 1.10140E+00 2.66873E-01 5.83030E-03 7.59224E-01 1.71799E-01 3.66367E-03 2.43234E-02
 1.63929E-01 3.15774E-03 1.78313E-01 3.50326E-03 1.05864E+00 2.56210E-01 5.05765E-03 7.31436E-01 1.65068E-01 3.18017E-03 4.85557E-02
 1.56546E-01 2.73319E-03 1.70789E-01 3.04684E-03 1.01577E+00 2.45576E-01 4.40371E-03 7.03425E-01 1.60080E-01 2.79644E-03 9.92344E-02
 1.49273E-01 2.36376E-03 1.63334E-01 2.64800E-03 9.73064E-01 2.35024E-01 3.83169E-03 6.75384E-01 1.61033E-01 2.55527E-03 1.97567E-01
 1.42122E-01 2.04092E-03 1.55966E-01 2.29627E-03 9.30734E-01 2.24581E-01 3.32612E-03 6.47462E-01 1.75802E-01 2.53937E-03 3.48976E-01
 1.35117E-01 1.75940E-03 1.48708E-01 1.98699E-03 8.88952E-01 2.14280E-01 2.88065E-03 6.19784E-01 2.01808E-01 2.65547E-03 4.98300E-01
 1.28281E-01 1.51483E-03 1.41592E-01 1.71660E-03 8.47858E-01 2.04167E-01 2.49060E-03 5.92450E-01 2.18736E-01 2.61777E-03 5.77363E-01
 1.21631E-01 1.30299E-03 1.34635E-01 1.48124E-03 8.07571E-01 1.94268E-01 2.15071E-03 5.65550E-01 2.19699E-01 2.38822E-03 5.91094E-01
 1.15178E-01 1.11983E-03 1.27855E-01 1.27694E-03 7.68190E-01 1.84609E-01 1.85539E-03 5.39156E-01 2.12150E-01 2.09401E-03 5.74852E-01
 1.08934E-01 9.61651E-04 1.21265E-01 1.09989E-03 7.29799E-01 1.75211E-01 1.59923E-03 5.13333E-01 2.01931E-01 1.81012E-03 5.49368E-01
 1.02905E-01 8.25175E-04 1.14875E-01 9.46603E-04 6.92467E-01 1.66089E-01 1.37730E-03 4.88136E-01 1.91268E-01 1.55762E-03 5.22035E-01
 9.70978E-02 7.07514E-04 1.08695E-01 8.14015E-04 6.56254E-01 1.57257E-01 1.18517E-03 4.63611E-01 1.80798E-01 1.33806E-03 4.94938E-01
 9.15191E-02 6.06206E-04 1.02734E-01 6.99479E-04 6.21226E-01 1.48729E-01 1.01908E-03 4.39809E-01 1.70684E-01 1.14840E-03 4.68611E-01
 8.61689E-02 5.19009E-04 9.69954E-02 6.00579E-04 5.87407E-01 1.40512E-01 8.75561E-04 4.16755E-01 1.60957E-01 9.84833E-04 4.43167E-01
 2.23741E-01 3.18674E-02 2.34997E-01 3.43612E-02 1.23586E+00 3.34723E-01 4.92661E-02 8.29712E-01 2.23744E-01 3.18678E-02 1.76451E-04
 2.21821E-01 2.55000E-02 2.34380E-01 2.76797E-02 1.24962E+00 3.34352E-01 3.97515E-02 8.41838E-01 2.21824E-01 2.55004E-02 2.38024E-04
 2.18398E-01 2.02050E-02 2.31997E-01 2.20758E-02 1.25087E+00 3.31398E-01 3.17540E-02 8.45439E-01 2.18402E-01 2.02054E-02 3.25495E-04
 2.13678E-01 1.59086E-02 2.28086E-01 1.74944E-02 1.24154E+00 3.26207E-01 2.52034E-02 8.41758E-01 2.13684E-01 1.59090E-02 4.52827E-04
 2.08001E-01 1.25067E-02 2.23008E-01 1.38408E-02 1.22365E+00 3.19294E-01 1.99701E-02 8.32116E-01 2.08010E-01 1.25072E-02 6.43176E-04
 2.01673E-01 9.87211E-03 2.17087E-01 1.09900E-02 1.19914E+00 3.11124E-01 1.58792E-02 8.17778E-01 2.01686E-01 9.87276E-03 9.35971E-04
 1.94946E-01 7.86854E-03 2.10596E-01 8.80281E-03 1.16965E+00 3.02085E-01 1.27337E-02 7.99858E-01 1.94965E-01 7.86934E-03 1.40037E-03
 1.89576E-01 6.66755E-03 2.05307E-01 7.47856E-03 1.14428E+00 2.94680E-01 1.08247E-02 7.84122E-01 1.89603E-01 6.66853E-03 1.95355E-03
 1.87988E-01 6.37437E-03 2.03725E-01 7.15336E-03 1.13653E+00 2.92458E-01 1.03553E-02 7.79262E-01 1.88017E-01 6.37542E-03 2.16136E-03
 1.80428E-01 5.20702E-03 1.96139E-01 5.84969E-03 1.09816E+00 2.81780E-01 8.47021E-03 7.54981E-01 1.80478E-01 5.20852E-03 3.58732E-03
 1.72830E-01 4.33587E-03 1.88420E-01 4.86734E-03 1.05792E+00 2.70881E-01 7.04654E-03 7.29230E-01 1.72922E-01 4.33823E-03 6.22021E-03
 1.65221E-01 3.66417E-03 1.80635E-01 4.10894E-03 1.01658E+00 2.59867E-01 5.94710E-03 7.02549E-01 1.65402E-01 3.66829E-03 1.13006E-02
 1.57665E-01 3.12810E-03 1.72873E-01 3.50977E-03 9.74764E-01 2.48874E-01 5.08057E-03 6.75362E-01 1.58069E-01 3.13630E-03 2.15269E-02
 1.50212E-01 2.68745E-03 1.65192E-01 3.02473E-03 9.32915E-01 2.37987E-01 4.38163E-03 6.47989E-01 1.51269E-01 2.70685E-03 4.27902E-02
 1.42875E-01 2.31543E-03 1.57604E-01 2.61824E-03 8.91355E-01 2.27222E-01 3.79693E-03 6.20657E-01 1.46141E-01 2.36990E-03 8.70845E-02
 1.35698E-01 1.99488E-03 1.50142E-01 2.26671E-03 8.50309E-01 2.16621E-01 3.29082E-03 5.93531E-01 1.46531E-01 2.15925E-03 1.72663E-01
 1.28692E-01 1.71677E-03 1.42822E-01 1.95917E-03 8.09952E-01 2.06208E-01 2.84718E-03 5.66737E-01 1.59606E-01 2.14327E-03 3.03753E-01
 1.21875E-01 1.47552E-03 1.35663E-01 1.69029E-03 7.70418E-01 1.96012E-01 2.45857E-03 5.40376E-01 1.82866E-01 2.24008E-03 4.31992E-01
 1.15266E-01 1.26677E-03 1.28690E-01 1.45620E-03 7.31815E-01 1.86067E-01 2.11976E-03 5.14529E-01 1.97685E-01 2.20526E-03 4.98533E-01
 1.08875E-01 1.08654E-03 1.21915E-01 1.25313E-03 6.94230E-01 1.76395E-01 1.82551E-03 4.89264E-01 1.97904E-01 2.00747E-03 5.08349E-01
 1.02711E-01 9.31185E-04 1.15351E-01 1.07736E-03 6.57732E-01 1.67013E-01 1.57059E-03 4.64635E-01 1.90423E-01 1.75565E-03 4.92410E-01
 9.67788E-02 7.97405E-04 1.09008E-01 9.25455E-04 6.22376E-01 1.57937E-01 1.35008E-03 4.40690E-01 1.80592E-01 1.51353E-03 4.68717E-01
 9.10831E-02 6.82302E-04 1.02892E-01 7.94297E-04 5.88208E-01 1.49178E-01 1.15954E-03 4.17465E-01 1.70434E-01 1.29880E-03 4.43642E-01
 8.56256E-02 5.83346E-04 9.70083E-02 6.81153E-04 5.55259E-01 1.40742E-01 9.95043E-04 3.94990E-01 1.60522E-01 1.11262E-03 4.18968E-01
 8.04106E-02 4.98385E-04 9.13630E-02 5.83681E-04 5.23575E-01 1.32640E-01 8.53219E-04 3.73305E-01 1.50998E-01 9.52236E-04 3.95141E-01
 7.54345E-02 4.25466E-04 8.59552E-02 4.99747E-04 4.93156E-01 1.24871E-01 7.31002E-04 3.52415E-01 1.41885E-01 8.14293E-04 3.72245E-01
 2.13187E-01 3.10686E-02 2.25921E-01 3.37351E-02 1.14354E+00 3.22524E-01 4.84516E-02 7.69511E-01 2.13190E-01 3.10689E-02 1.63270E-04
 2.10896E-01 2.46222E-02 2.24867E-01 2.69240E-02 1.15157E+00 3.21514E-01 3.87353E-02 7.77895E-01 2.10899E-01 2.46226E-02 2.19348E-04
 2.07082E-01 1.92937E-02 2.22017E-01 2.12440E-02 1.14787E+00 3.17873E-01 3.06147E-02 7.78234E-01 2.07086E-01 1.92941E-02 2.98692E-04
 2.01982E-01 1.50027E-02 2.17637E-01 1.66339E-02 1.13436E+00 3.11989E-01 2.40107E-02 7.71769E-01 2.01988E-01 1.50032E-02 4.13735E-04
 1.95947E-01 1.16350E-02 2.12104E-01 1.29889E-02 1.11307E+00 3.04401E-01 1.87798E-02 7.59823E-01 1.95955E-01 1.16355E-02 5.85052E-04
 1.89300E-01 9.05285E-03 2.05765E-01 1.01730E-02 1.08593E+00 2.95603E-01 1.47312E-02 7.43657E-01 1.89312E-01 9.05345E-03 8.47606E-04
 1.82282E-01 7.11010E-03 1.98888E-01 8.03625E-03 1.05453E+00 2.85987E-01 1.16528E-02 7.24361E-01 1.82300E-01 7.11083E-03 1.26255E-03
 1.76729E-01 5.95744E-03 1.93340E-01 6.75644E-03 1.02814E+00 2.78189E-01 9.80476E-03 7.07841E-01 1.76755E-01 5.95832E-03 1.75527E-03
 1.75105E-01 5.67720E-03 1.91700E-01 6.44352E-03 1.02021E+00 2.75875E-01 9.35231E-03 7.02823E-01 1.75133E-01 5.67814E-03 1.94014E-03
 1.67367E-01 4.57161E-03 1.83834E-01 5.20056E-03 9.81280E-01 2.64766E-01 7.55221E-03 6.78008E-01 1.67415E-01 4.57295E-03 3.20551E-03
 1.59640E-01 3.76077E-03 1.75890E-01 4.27963E-03 9.41063E-01 2.53513E-01 6.21534E-03 6.52095E-01 1.59725E-01 3.76284E-03 5.53315E-03
 1.51973E-01 3.14733E-03 1.67946E-01 3.58063E-03 9.00265E-01 2.42238E-01 5.19987E-03 6.25582E-01 1.52141E-01 3.15092E-03 1.00076E-02
 1.44423E-01 2.66641E-03 1.60087E-01 3.03640E-03 8.59434E-01 2.31070E-01 4.41049E-03 5.98860E-01 1.44797E-01 2.67352E-03 1.89801E-02
 1.37027E-01 2.27717E-03 1.52363E-01 2.60133E-03 8.18969E-01 2.20083E-01 3.78128E-03 5.72215E-01 1.38003E-01 2.29389E-03 3.75648E-02
 1.29804E-01 1.95274E-03 1.44792E-01 2.24100E-03 7.79138E-01 2.09304E-01 3.26093E-03 5.45843E-01 1.32810E-01 1.99946E-03 7.61256E-02
 1.22786E-01 1.67595E-03 1.37398E-01 1.93256E-03 7.40117E-01 1.98764E-01 2.81517E-03 5.19879E-01 1.32721E-01 1.81646E-03 1.50306E-01
 1.15984E-01 1.43751E-03 1.30196E-01 1.66483E-03 7.02043E-01 1.88485E-01 2.42755E-03 4.94425E-01 1.44232E-01 1.80101E-03 2.63346E-01
 1.09408E-01 1.23175E-03 1.23199E-01 1.43206E-03 6.65013E-01 1.78487E-01 2.08996E-03 4.69559E-01 1.64933E-01 1.88149E-03 3.73018E-01
 1.03072E-01 1.05442E-03 1.16426E-01 1.23026E-03 6.29102E-01 1.68797E-01 1.79687E-03 4.45343E-01 1.77826E-01 1.84976E-03 4.28745E-01
 9.69810E-02 9.01828E-04 1.09886E-01 1.05576E-03 5.94368E-01 1.59428E-01 1.54317E-03 4.21824E-01 1.77431E-01 1.68014E-03 4.35428E-01
 9.11396E-02 7.70682E-04 1.03585E-01 9.05178E-04 5.60851E-01 1.50395E-01 1.32403E-03 3.99039E-01 1.70109E-01 1.46555E-03 4.20085E-01
 8.55498E-02 6.58076E-04 9.75304E-02 7.75395E-04 5.28582E-01 1.41704E-01 1.13499E-03 3.77019E-01 1.60734E-01 1.25997E-03 3.98279E-01
 8.02114E-02 5.61466E-04 9.17235E-02 6.63646E-04 4.97580E-01 1.33360E-01 9.72090E-04 3.55785E-01 1.51135E-01 1.07819E-03 3.75481E-01
 7.51230E-02 4.78644E-04 8.61658E-02 5.67509E-04 4.67857E-01 1.25366E-01 8.31837E-04 3.35352E-01 1.41824E-01 9.21005E-04 3.53204E-01
 7.02858E-02 4.07742E-04 8.08608E-02 4.84919E-04 4.39436E-01 1.17728E-01 7.11255E-04 3.15745E-01 1.32926E-01 7.85992E-04 3.31819E-01
 6.56933E-02 3.47064E-04 7.58039E-02 4.13999E-04 4.12300E-01 1.10441E-01 6.07631E-04 2.96959E-01 1.24454E-01 6.70196E-04 3.11383E-01
 2.02640E-01 3.02488E-02 2.16555E-01 3.30732E-02 1.05680E+00 3.09804E-01 4.75811E-02 7.12960E-01 2.02642E-01 3.02491E-02 1.50885E-04
 1.99928E-01 2.37343E-02 2.15023E-01 2.61444E-02 1.05920E+00 3.08099E-01 3.76804E-02 7.17671E-01 1.99932E-01 2.37347E-02 2.01752E-04
 1.95702E-01 1.83879E-02 2.11691E-01 2.04053E-02 1.05073E+00 3.03754E-01 2.94610E-02 7.14887E-01 1.95706E-01 1.83883E-02 2.73416E-04
 1.90224E-01 1.41182E-02 2.06853E-01 1.57841E-02 1.03335E+00 2.97196E-01 2.28290E-02 7.05847E-01 1.90229E-01 1.41186E-02 3.76896E-04
 1.83857E-01 1.07990E-02 2.00900E-01 1.21635E-02 1.00908E+00 2.88982E-01 1.76231E-02 6.91862E-01 1.83865E-01 1.07994E-02 5.30392E-04
 1.76929E-01 8.28016E-03 1.94187E-01 9.39463E-03 9.79785E-01 2.79626E-01 1.36346E-02 6.74174E-01 1.76941E-01 8.28071E-03 7.64759E-04
 1.69690E-01 6.40631E-03 1.86995E-01 7.31714E-03 9.47009E-01 2.69531E-01 1.06358E-02 6.53831E-01 1.69707E-01 6.40698E-03 1.13381E-03
 1.63989E-01 5.30595E-03 1.81234E-01 6.08614E-03 9.20006E-01 2.61407E-01 8.85506E-03 6.36790E-01 1.64013E-01 5.30674E-03 1.57067E-03
 1.62344E-01 5.03943E-03 1.79550E-01 5.78643E-03 9.12005E-01 2.59025E-01 8.42099E-03 6.31690E-01 1.62370E-01 5.04028E-03 1.73437E-03
 1.54503E-01 3.99810E-03 1.71486E-01 4.60698E-03 8.73071E-01 2.47600E-01 6.70992E-03 6.06691E-01 1.54547E-01 3.99928E-03 2.85204E-03
 1.46732E-01 3.24745E-03 1.63406E-01 3.74761E-03 8.33412E-01 2.36121E-01 5.46012E-03 5.80956E-01 1.46811E-01 3.24927E-03 4.90021E-03
 1.39082E-01 2.69018E-03 1.55388E-01 3.10643E-03 7.93652E-01 2.24706E-01 4.52658E-03 5.54935E-01 1.39238E-01 2.69329E-03 8.82252E-03
 1.31608E-01 2.26107E-03 1.47513E-01 2.61461E-03 7.54265E-01 2.13481E-01 3.81114E-03 5.28974E-01 1.31953E-01 2.26719E-03 1.66578E-02
 1.24341E-01 1.91916E-03 1.39827E-01 2.22648E-03 7.15589E-01 2.02514E-01 3.24778E-03 5.03322E-01 1.25238E-01 1.93349E-03 3.28240E-02
 1.17298E-01 1.63783E-03 1.32349E-01 1.90879E-03 6.77837E-01 1.91832E-01 2.78721E-03 4.78142E-01 1.20050E-01 1.67772E-03 6.62325E-02
 1.10501E-01 1.40019E-03 1.25095E-01 1.63959E-03 6.41138E-01 1.81458E-01 2.39666E-03 4.53539E-01 1.19566E-01 1.51973E-03 1.30224E-01
 1.03956E-01 1.19695E-03 1.18076E-01 1.40771E-03 6.05587E-01 1.71408E-01 2.05970E-03 4.29591E-01 1.29636E-01 1.50524E-03 2.27224E-01
 9.76695E-02 1.02248E-03 1.11301E-01 1.20724E-03 5.71250E-01 1.61695E-01 1.76791E-03 4.06355E-01 1.47958E-01 1.57194E-03 3.20551E-01
 9.16484E-02 8.72705E-04 1.04781E-01 1.03414E-03 5.38170E-01 1.52338E-01 1.51562E-03 3.83870E-01 1.59100E-01 1.54339E-03 3.66948E-01
 8.58941E-02 7.44250E-04 9.85220E-02 8.84969E-04 5.06375E-01 1.43344E-01 1.29798E-03 3.62168E-01 1.58214E-01 1.39874E-03 3.71159E-01
 8.04066E-02 6.34182E-04 9.25263E-02 7.56615E-04 4.75882E-01 1.34720E-01 1.11053E-03 3.41269E-01 1.51132E-01 1.21687E-03 3.56636E-01
 7.51841E-02 5.39949E-04 8.67949E-02 6.46302E-04 4.46698E-01 1.26467E-01 9.49292E-04 3.21187E-01 1.42272E-01 1.04325E-03 3.36768E-01
 7.02229E-02 4.59335E-04 8.13271E-02 5.51582E-04 4.18821E-01 1.18586E-01 8.10731E-04 3.01931E-01 1.33277E-01 8.90186E-04 3.16228E-01
 6.55184E-02 3.90426E-04 7.61203E-02 4.70323E-04 3.92242E-01 1.11073E-01 6.91765E-04 2.83502E-01 1.24603E-01 7.58213E-04 2.96291E-01
 6.10692E-02 3.31606E-04 7.11752E-02 4.00713E-04 3.66968E-01 1.03931E-01 5.89775E-04 2.65914E-01 1.16357E-01 6.45181E-04 2.77262E-01
 5.68658E-02 2.81416E-04 6.64843E-02 3.41109E-04 3.42965E-01 9.71489E-02 5.02379E-04 2.49149E-01 1.08544E-01 5.48515E-04 2.59174E-01
 1.92160E-01 2.93992E-02 2.07004E-01 3.23665E-02 9.75367E-01 2.96729E-01 4.66417E-02 6.59980E-01 1.92162E-01 2.93995E-02 1.39259E-04
 1.88958E-01 2.28264E-02 2.04931E-01 2.53311E-02 9.72182E-01 2.94243E-01 3.65728E-02 6.61069E-01 1.88961E-01 2.28268E-02 1.85178E-04
 1.84288E-01 1.74785E-02 2.01093E-01 1.95510E-02 9.59180E-01 2.89164E-01 2.82806E-02 6.55293E-01 1.84292E-01 1.74789E-02 2.49594E-04
 1.78432E-01 1.32477E-02 1.95803E-01 1.49379E-02 9.38271E-01 2.81941E-01 2.16484E-02 6.43874E-01 1.78437E-01 1.32481E-02 3.42217E-04
 1.71753E-01 9.99214E-03 1.89457E-01 1.13586E-02 9.11420E-01 2.73144E-01 1.64921E-02 6.28099E-01 1.71761E-01 9.99259E-03 4.79060E-04
 1.64587E-01 7.54860E-03 1.82419E-01 8.65018E-03 8.80446E-01 2.63298E-01 1.25828E-02 6.09175E-01 1.64597E-01 7.54911E-03 6.87221E-04
 1.57181E-01 5.75171E-03 1.74974E-01 6.64112E-03 8.46785E-01 2.52812E-01 9.67704E-03 5.88091E-01 1.57197E-01 5.75232E-03 1.01382E-03
 1.51396E-01 4.70789E-03 1.69060E-01 5.46361E-03 8.19566E-01 2.44449E-01 7.97039E-03 5.70772E-01 1.51418E-01 4.70860E-03 1.39920E-03
 1.49733E-01 4.45601E-03 1.67343E-01 5.17815E-03 8.11601E-01 2.42013E-01 7.55620E-03 5.65655E-01 1.49758E-01 4.45677E-03 1.54343E-03
 1.41863E-01 3.48131E-03 1.59160E-01 4.06506E-03 7.73169E-01 2.30387E-01 5.93833E-03 5.40789E-01 1.41904E-01 3.48236E-03 2.52569E-03
 1.34127E-01 2.79059E-03 1.51027E-01 3.26729E-03 7.34545E-01 2.18800E-01 4.77581E-03 5.15533E-01 1.34200E-01 2.79217E-03 4.31892E-03
 1.26573E-01 2.28730E-03 1.43020E-01 2.68222E-03 6.96259E-01 2.07369E-01 3.92196E-03 4.90282E-01 1.26716E-01 2.28999E-03 7.73993E-03
 1.19247E-01 1.90668E-03 1.35210E-01 2.24021E-03 6.58702E-01 1.96202E-01 3.27706E-03 4.65331E-01 1.19563E-01 1.91193E-03 1.45476E-02
 1.12178E-01 1.60816E-03 1.27640E-01 1.89593E-03 6.22148E-01 1.85367E-01 2.77554E-03 4.40890E-01 1.12997E-01 1.62038E-03 2.85389E-02
 1.05377E-01 1.36569E-03 1.20326E-01 1.61742E-03 5.86751E-01 1.74888E-01 2.37018E-03 4.17086E-01 1.07884E-01 1.39956E-03 5.73368E-02
 9.88567E-02 1.16291E-03 1.13278E-01 1.38377E-03 5.52594E-01 1.64776E-01 2.02989E-03 3.93996E-01 1.07084E-01 1.26408E-03 1.12258E-01
 9.26186E-02 9.90735E-04 1.06501E-01 1.18405E-03 5.19736E-01 1.55042E-01 1.73856E-03 3.71673E-01 1.15839E-01 1.25084E-03 1.95069E-01
 8.66643E-02 8.43696E-04 1.00000E-01 1.01233E-03 4.88209E-01 1.45692E-01 1.48769E-03 3.50152E-01 1.31965E-01 1.30592E-03 2.74073E-01
 8.09950E-02 7.17970E-04 9.37808E-02 8.64652E-04 4.58028E-01 1.36738E-01 1.27168E-03 3.29457E-01 1.41526E-01 1.28056E-03 3.12469E-01
 7.56078E-02 6.10498E-04 8.78432E-02 7.37812E-04 4.29196E-01 1.28179E-01 1.08595E-03 3.09601E-01 1.40264E-01 1.15795E-03 3.14771E-01
 7.04989E-02 5.18690E-04 8.21862E-02 6.29000E-04 4.01708E-01 1.20016E-01 9.26470E-04 2.90589E-01 1.33493E-01 1.00469E-03 3.01230E-01
 6.56627E-02 4.40319E-04 7.68070E-02 5.35748E-04 3.75551E-01 1.12245E-01 7.89678E-04 2.72424E-01 1.25194E-01 8.58899E-04 2.83304E-01
 6.10925E-02 3.73470E-04 7.17013E-02 4.55904E-04 3.50704E-01 1.04862E-01 6.72457E-04 2.55099E-01 1.16839E-01 7.30754E-04 2.64963E-01
 5.67811E-02 3.16494E-04 6.68636E-02 3.87601E-04 3.27143E-01 9.78591E-02 5.72100E-04 2.38607E-01 1.08826E-01 6.20589E-04 2.47274E-01
 5.27241E-02 2.68005E-04 6.22915E-02 3.29260E-04 3.04859E-01 9.12340E-02 4.86313E-04 2.22950E-01 1.01248E-01 5.26510E-04 2.30485E-01
 4.89101E-02 2.26754E-04 5.79751E-02 2.79451E-04 2.83806E-01 8.49732E-02 4.13016E-04 2.08102E-01 9.41021E-02 4.46290E-04 2.14610E-01
 1.81796E-01 2.85143E-02 1.97365E-01 3.16104E-02 8.99022E-01 2.83451E-01 4.56275E-02 6.10464E-01 1.81798E-01 2.85147E-02 1.28358E-04
 1.78026E-01 2.18921E-02 1.94679E-01 2.44784E-02 8.90352E-01 2.80086E-01 3.54049E-02 6.07975E-01 1.78029E-01 2.18925E-02 1.69592E-04
 1.72870E-01 1.65591E-02 1.90300E-01 1.86751E-02 8.73017E-01 2.74226E-01 2.70657E-02 5.99325E-01 1.72874E-01 1.65594E-02 2.27173E-04
 1.66624E-01 1.23852E-02 1.84554E-01 1.40901E-02 8.48891E-01 2.66336E-01 2.04618E-02 5.85712E-01 1.66629E-01 1.23856E-02 3.09617E-04
 1.59658E-01 9.20941E-03 1.77842E-01 1.05699E-02 8.19868E-01 2.56994E-01 1.53808E-02 5.68379E-01 1.59665E-01 9.20983E-03 4.30938E-04
 1.52296E-01 6.85349E-03 1.70525E-01 7.93569E-03 7.87660E-01 2.46724E-01 1.15708E-02 5.48480E-01 1.52306E-01 6.85395E-03 6.14799E-04
 1.44784E-01 5.14172E-03 1.62886E-01 6.00442E-03 7.53578E-01 2.35934E-01 8.77158E-03 5.26931E-01 1.44799E-01 5.14226E-03 9.02228E-04
 1.38966E-01 4.15836E-03 1.56875E-01 4.88496E-03 7.26499E-01 2.27407E-01 7.14564E-03 5.09550E-01 1.38986E-01 4.15900E-03 1.24031E-03
 1.37302E-01 3.92216E-03 1.55139E-01 4.61487E-03 7.18667E-01 2.24940E-01 6.75294E-03 5.04475E-01 1.37324E-01 3.92284E-03 1.36670E-03
 1.29480E-01 3.01625E-03 1.46917E-01 3.57084E-03 6.81186E-01 2.13226E-01 5.23230E-03 4.80019E-01 1.29517E-01 3.01717E-03 2.22522E-03
 1.21855E-01 2.38498E-03 1.38813E-01 2.83463E-03 6.44012E-01 2.01648E-01 4.15712E-03 4.55502E-01 1.21922E-01 2.38636E-03 3.78663E-03
 1.14471E-01 1.93343E-03 1.30897E-01 2.30380E-03 6.07566E-01 1.90314E-01 3.38051E-03 4.31254E-01 1.14602E-01 1.93574E-03 6.75404E-03
 1.07365E-01 1.59803E-03 1.23229E-01 1.90896E-03 5.72154E-01 1.79318E-01 2.80267E-03 4.07517E-01 1.07653E-01 1.60251E-03 1.26364E-02
 1.00558E-01 1.33909E-03 1.15848E-01 1.60545E-03 5.37979E-01 1.68720E-01 2.35892E-03 3.84458E-01 1.01303E-01 1.34946E-03 2.46789E-02
 9.40572E-02 1.13149E-03 1.08765E-01 1.36277E-03 5.05139E-01 1.58540E-01 2.00431E-03 3.62170E-01 9.63274E-02 1.16011E-03 4.93661E-02
 8.78645E-02 9.59618E-04 1.01982E-01 1.16120E-03 4.73675E-01 1.48777E-01 1.70958E-03 3.40699E-01 9.52882E-02 1.04477E-03 9.62428E-02
 8.19772E-02 8.14734E-04 9.55002E-02 9.90198E-04 4.43609E-01 1.39436E-01 1.45918E-03 3.20077E-01 1.02853E-01 1.03295E-03 1.66552E-01
 7.63918E-02 6.91642E-04 8.93191E-02 8.43962E-04 4.14943E-01 1.30518E-01 1.24474E-03 3.00320E-01 1.16964E-01 1.07826E-03 2.33056E-01
 7.11045E-02 5.86807E-04 8.34392E-02 7.18718E-04 3.87669E-01 1.22024E-01 1.06085E-03 2.81434E-01 1.25110E-01 1.05601E-03 2.64627E-01
 6.61086E-02 4.97492E-04 7.78562E-02 6.11503E-04 3.61769E-01 1.13950E-01 9.03276E-04 2.63418E-01 1.23575E-01 9.52740E-04 2.65489E-01
 6.13964E-02 4.21426E-04 7.25652E-02 5.19802E-04 3.37216E-01 1.06290E-01 7.68378E-04 2.46265E-01 1.17174E-01 8.24401E-04 2.53037E-01
 5.69594E-02 3.56686E-04 6.75598E-02 4.41442E-04 3.13982E-01 9.90354E-02 6.53007E-04 2.29964E-01 1.09474E-01 7.02740E-04 2.37019E-01
 5.27882E-02 3.01626E-04 6.28327E-02 3.74543E-04 2.92032E-01 9.21766E-02 5.54428E-04 2.14501E-01 1.01780E-01 5.96130E-04 2.20787E-01
 4.88729E-02 2.54837E-04 5.83755E-02 3.17479E-04 2.71328E-01 8.57028E-02 4.70275E-04 1.99857E-01 9.44437E-02 5.04748E-04 2.05229E-01
 4.52071E-02 2.15138E-04 5.41835E-02 2.68883E-04 2.51850E-01 7.96079E-02 3.98554E-04 1.86025E-01 8.75384E-02 4.26943E-04 1.90542E-01
 4.17776E-02 1.81466E-04 5.02444E-02 2.27517E-04 2.33541E-01 7.38750E-02 3.37457E-04 1.72974E-01 8.10589E-02 3.60797E-04 1.76726E-01
 1.71578E-01 2.75904E-02 1.87721E-01 3.08037E-02 8.27538E-01 2.70108E-01 4.45379E-02 5.64279E-01 1.71580E-01 2.75907E-02 1.18152E-04
 1.67161E-01 2.09272E-02 1.84342E-01 2.35835E-02 8.13507E-01 2.65752E-01 3.41732E-02 5.58259E-01 1.67164E-01 2.09275E-02 1.54954E-04
 1.61481E-01 1.56258E-02 1.79384E-01 1.77748E-02 7.92073E-01 2.59057E-01 2.58123E-02 5.46848E-01 1.61484E-01 1.56261E-02 2.06110E-04
 1.54843E-01 1.15275E-02 1.73179E-01 1.32378E-02 7.65055E-01 2.50496E-01 1.92654E-02 5.31212E-01 1.54848E-01 1.15279E-02 2.79039E-04
 1.47611E-01 8.44757E-03 1.66124E-01 9.79454E-03 7.34245E-01 2.40643E-01 1.42854E-02 5.12539E-01 1.47618E-01 8.44796E-03 3.85934E-04
 1.40101E-01 6.19141E-03 1.58576E-01 7.24831E-03 7.01226E-01 2.30015E-01 1.05946E-02 4.91909E-01 1.40110E-01 6.19184E-03 5.47335E-04
 1.32539E-01 4.57264E-03 1.50802E-01 5.40399E-03 6.67151E-01 2.19004E-01 7.91535E-03 4.70148E-01 1.32553E-01 4.57313E-03 7.98754E-04
 1.26741E-01 3.65336E-03 1.44745E-01 4.34693E-03 6.40537E-01 2.10388E-01 6.37650E-03 4.52899E-01 1.26760E-01 3.65393E-03 1.09355E-03
 1.25092E-01 3.43379E-03 1.43009E-01 4.09324E-03 6.32921E-01 2.07913E-01 6.00680E-03 4.47918E-01 1.25113E-01 3.43439E-03 1.20364E-03
 1.17392E-01 2.59841E-03 1.34824E-01 3.12070E-03 5.96778E-01 1.96219E-01 4.58703E-03 4.24112E-01 1.17427E-01 2.59921E-03 1.94949E-03
 1.09955E-01 2.02589E-03 1.26826E-01 2.44577E-03 5.61397E-01 1.84759E-01 3.59900E-03 4.00551E-01 1.10016E-01 2.02708E-03 3.30089E-03
 1.02813E-01 1.62372E-03 1.19076E-01 1.96725E-03 5.27086E-01 1.73631E-01 2.89705E-03 3.77496E-01 1.02932E-01 1.62569E-03 5.85944E-03
 9.59929E-02 1.33031E-03 1.11623E-01 1.61687E-03 4.94058E-01 1.62909E-01 2.38266E-03 3.55133E-01 9.62544E-02 1.33411E-03 1.09118E-02
 8.95084E-02 1.10734E-03 1.04497E-01 1.35108E-03 4.62447E-01 1.52644E-01 1.99264E-03 3.33585E-01 9.01813E-02 1.11608E-03 2.12149E-02
 8.33584E-02 9.30878E-04 9.77037E-02 1.14101E-03 4.32297E-01 1.42848E-01 1.68445E-03 3.12909E-01 8.54019E-02 9.54895E-04 4.22515E-02
 7.75373E-02 7.86255E-04 9.12379E-02 9.68271E-04 4.03608E-01 1.33511E-01 1.43084E-03 2.93125E-01 8.41951E-02 8.57467E-04 8.20229E-02
 7.20376E-02 6.65224E-04 8.50963E-02 8.22804E-04 3.76370E-01 1.24630E-01 1.21699E-03 2.74243E-01 9.06894E-02 8.47137E-04 1.41359E-01
 6.68508E-02 5.62930E-04 7.92733E-02 6.99079E-04 3.50561E-01 1.16200E-01 1.03485E-03 2.56262E-01 1.02962E-01 8.84258E-04 1.97001E-01
 6.19688E-02 4.76155E-04 7.37646E-02 5.93544E-04 3.26149E-01 1.08215E-01 8.79311E-04 2.39173E-01 1.09852E-01 8.64958E-04 2.22777E-01
 5.73812E-02 4.02472E-04 6.85619E-02 5.03505E-04 3.03100E-01 1.00665E-01 7.46475E-04 2.22963E-01 1.08137E-01 7.78599E-04 2.22591E-01
 5.30774E-02 3.39912E-04 6.36569E-02 4.26731E-04 2.81372E-01 9.35394E-02 6.33105E-04 2.07614E-01 1.02154E-01 6.71863E-04 2.11286E-01
 4.90460E-02 2.86827E-04 5.90401E-02 3.61319E-04 2.60922E-01 8.68246E-02 5.36434E-04 1.93105E-01 9.50757E-02 5.71035E-04 1.97111E-01
 4.52754E-02 2.41813E-04 5.47014E-02 3.05638E-04 2.41704E-01 8.05074E-02 4.54075E-04 1.79412E-01 8.80561E-02 4.82953E-04 1.82874E-01
 4.17537E-02 2.03675E-04 5.06302E-02 2.58283E-04 2.23671E-01 7.45734E-02 3.83979E-04 1.66512E-01 8.13981E-02 4.07679E-04 1.69311E-01
 3.84728E-02 1.71416E-04 4.68194E-02 2.18078E-04 2.06793E-01 6.90132E-02 3.24419E-04 1.54388E-01 7.51624E-02 3.43783E-04 1.56574E-01
 3.54180E-02 1.44139E-04 4.32553E-02 1.83959E-04 1.91008E-01 6.38076E-02 2.73837E-04 1.43005E-01 6.93388E-02 2.89626E-04 1.44652E-01
 1.61562E-01 2.66290E-02 1.78173E-01 2.99508E-02 7.60935E-01 2.56861E-01 4.33799E-02 5.21418E-01 1.61564E-01 2.66294E-02 1.08643E-04
 1.56423E-01 1.99325E-02 1.74021E-01 2.26491E-02 7.41693E-01 2.51399E-01 3.28822E-02 5.11921E-01 1.56426E-01 1.99328E-02 1.41276E-04
 1.50189E-01 1.46798E-02 1.68447E-01 1.68520E-02 7.16414E-01 2.43813E-01 2.45235E-02 4.97866E-01 1.50193E-01 1.46802E-02 1.86422E-04
 1.43163E-01 1.06754E-02 1.61781E-01 1.23824E-02 6.86838E-01 2.34576E-01 1.80614E-02 4.80378E-01 1.43167E-01 1.06757E-02 2.50511E-04
 1.35696E-01 7.70703E-03 1.54408E-01 9.03336E-03 6.54618E-01 2.24245E-01 1.32072E-02 4.60567E-01 1.35702E-01 7.70739E-03 3.44080E-04
 1.28087E-01 5.56191E-03 1.46674E-01 6.58800E-03 6.21176E-01 2.13322E-01 9.65440E-03 4.39426E-01 1.28095E-01 5.56229E-03 4.84852E-04
 1.20538E-01 4.04319E-03 1.38826E-01 4.83906E-03 5.87486E-01 2.02172E-01 7.10748E-03 4.17677E-01 1.20550E-01 4.04362E-03 7.03375E-04
 1.14811E-01 3.19092E-03 1.32775E-01 3.84815E-03 5.61614E-01 1.93540E-01 5.66133E-03 4.00728E-01 1.14829E-01 3.19142E-03 9.58813E-04
 1.13197E-01 2.98856E-03 1.31054E-01 3.61168E-03 5.54285E-01 1.91080E-01 5.31581E-03 3.95885E-01 1.13216E-01 2.98909E-03 1.05410E-03
 1.05689E-01 2.22481E-03 1.22977E-01 2.71243E-03 5.19803E-01 1.79507E-01 3.99976E-03 3.72929E-01 1.05720E-01 2.22551E-03 1.69805E-03
 9.85083E-02 1.70984E-03 1.15159E-01 2.09810E-03 4.86487E-01 1.68270E-01 3.09809E-03 3.50501E-01 9.85642E-02 1.71086E-03 2.86046E-03
 9.16742E-02 1.35446E-03 1.07645E-01 1.66968E-03 4.54528E-01 1.57445E-01 2.46785E-03 3.28788E-01 9.17821E-02 1.35614E-03 5.05289E-03
 8.51991E-02 1.09975E-03 1.00471E-01 1.36088E-03 4.24046E-01 1.47092E-01 2.01304E-03 3.07915E-01 8.54347E-02 1.10295E-03 9.36574E-03
 7.90875E-02 9.09190E-04 9.36578E-02 1.12975E-03 3.95109E-01 1.37245E-01 1.67259E-03 2.87964E-01 7.96915E-02 9.16512E-04 1.81267E-02
 7.33308E-02 7.60326E-04 8.72046E-02 9.49173E-04 3.67710E-01 1.27905E-01 1.40659E-03 2.68955E-01 7.51585E-02 7.80354E-04 3.59428E-02
 6.79163E-02 6.39544E-04 8.10995E-02 8.02129E-04 3.41811E-01 1.19058E-01 1.18982E-03 2.50885E-01 7.38495E-02 6.98716E-04 6.94798E-02
 6.28317E-02 5.39194E-04 7.53344E-02 6.79214E-04 3.17376E-01 1.10692E-01 1.00839E-03 2.33745E-01 7.93911E-02 6.89859E-04 1.19250E-01
 5.80643E-02 4.54820E-04 6.98990E-02 5.75233E-04 2.94360E-01 1.02795E-01 8.54714E-04 2.17519E-01 9.00007E-02 7.20130E-04 1.65516E-01
 5.36020E-02 3.83530E-04 6.47848E-02 4.86899E-04 2.72715E-01 9.53551E-02 7.24014E-04 2.02185E-01 9.57848E-02 7.03580E-04 1.86412E-01
 4.94316E-02 3.23198E-04 5.99799E-02 4.11791E-04 2.52392E-01 8.83572E-02 6.12775E-04 1.87719E-01 9.39716E-02 6.31881E-04 1.85494E-01
 4.55396E-02 2.72133E-04 5.54730E-02 3.47947E-04 2.33338E-01 8.17856E-02 5.18134E-04 1.74095E-01 8.84395E-02 5.43735E-04 1.75355E-01
 4.19127E-02 2.28932E-04 5.12519E-02 2.93715E-04 2.15499E-01 7.56239E-02 4.37675E-04 1.61283E-01 8.19954E-02 4.60761E-04 1.62927E-01
 3.85374E-02 1.92410E-04 4.73043E-02 2.47689E-04 1.98822E-01 6.98551E-02 3.69336E-04 1.49254E-01 7.56494E-02 3.88502E-04 1.50552E-01
 3.54005E-02 1.61561E-04 4.36177E-02 2.08664E-04 1.83253E-01 6.44618E-02 3.11349E-04 1.37978E-01 6.96617E-02 3.26937E-04 1.38829E-01
 3.24922E-02 1.35548E-04 4.01832E-02 1.75634E-04 1.68754E-01 5.94322E-02 2.62231E-04 1.27433E-01 6.40811E-02 2.74840E-04 1.27878E-01
 2.97972E-02 1.13621E-04 3.69858E-02 1.47690E-04 1.55260E-01 5.47448E-02 2.20647E-04 1.17580E-01 5.88936E-02 2.30821E-04 1.17678E-01
 1.51772E-01 2.56312E-02 1.68775E-01 2.90548E-02 6.98932E-01 2.43797E-01 4.21588E-02 4.81659E-01 1.51773E-01 2.56316E-02 9.97905E-05
 1.45841E-01 1.89084E-02 1.63772E-01 2.16763E-02 6.74655E-01 2.37115E-01 3.15340E-02 4.68745E-01 1.45844E-01 1.89087E-02 1.28506E-04
 1.39026E-01 1.37208E-02 1.57544E-01 1.59070E-02 6.45800E-01 2.28581E-01 2.31999E-02 4.52167E-01 1.39029E-01 1.37212E-02 1.68047E-04
 1.31621E-01 9.82825E-03 1.50414E-01 1.15235E-02 6.13977E-01 2.18659E-01 1.68492E-02 4.32980E-01 1.31625E-01 9.82856E-03 2.23937E-04
 1.23954E-01 6.98649E-03 1.42750E-01 8.28514E-03 5.80702E-01 2.07884E-01 1.21446E-02 4.12223E-01 1.23960E-01 6.98682E-03 3.05229E-04
 1.16298E-01 4.96287E-03 1.34874E-01 5.95284E-03 5.47194E-01 1.96726E-01 8.74752E-03 3.90771E-01 1.16306E-01 4.96322E-03 4.27107E-04
 1.08823E-01 3.55037E-03 1.27008E-01 4.30697E-03 5.14224E-01 1.85517E-01 6.34433E-03 3.69231E-01 1.08835E-01 3.55076E-03 6.15662E-04
 1.03221E-01 2.76746E-03 1.21013E-01 3.38549E-03 4.89328E-01 1.76937E-01 4.99584E-03 3.52727E-01 1.03237E-01 2.76790E-03 8.35405E-04
 1.01655E-01 2.58273E-03 1.19322E-01 3.16687E-03 4.82347E-01 1.74511E-01 4.67551E-03 3.48059E-01 1.01673E-01 2.58319E-03 9.17292E-04
 9.44070E-02 1.89115E-03 1.11423E-01 2.34230E-03 4.49782E-01 1.63156E-01 3.46542E-03 3.26120E-01 9.44357E-02 1.89176E-03 1.46931E-03
 8.75487E-02 1.43228E-03 1.03851E-01 1.78765E-03 4.18737E-01 1.52236E-01 2.64902E-03 3.04965E-01 8.75992E-02 1.43315E-03 2.46211E-03
 8.10803E-02 1.12105E-03 9.66352E-02 1.40710E-03 3.89281E-01 1.41806E-01 2.08751E-03 2.84703E-01 8.11773E-02 1.12247E-03 4.32762E-03
 7.50011E-02 9.01842E-04 8.97979E-02 1.13706E-03 3.61447E-01 1.31903E-01 1.68844E-03 2.65403E-01 7.52119E-02 9.04520E-04 7.98334E-03
 6.93051E-02 7.40385E-04 8.33482E-02 9.37649E-04 3.35235E-01 1.22547E-01 1.39359E-03 2.47100E-01 6.98435E-02 7.46473E-04 1.53807E-02
 6.39761E-02 6.15873E-04 7.72776E-02 7.83635E-04 3.10593E-01 1.13729E-01 1.16579E-03 2.29784E-01 6.55994E-02 6.32451E-04 3.03634E-02
 5.89952E-02 5.15861E-04 7.15692E-02 6.59436E-04 2.87452E-01 1.05425E-01 9.81937E-04 2.13429E-01 6.42455E-02 5.64657E-04 5.84445E-02
 5.43456E-02 4.33368E-04 6.62094E-02 5.56377E-04 2.65752E-01 9.76177E-02 8.29190E-04 1.98010E-01 6.89430E-02 5.57200E-04 9.98968E-02
 5.00108E-02 3.64367E-04 6.11841E-02 4.69660E-04 2.45431E-01 9.02885E-02 7.00506E-04 1.83496E-01 7.80534E-02 5.81739E-04 1.38093E-01
 4.59758E-02 3.06298E-04 5.64809E-02 3.96295E-04 2.26428E-01 8.34206E-02 5.91519E-04 1.69856E-01 8.28698E-02 5.67708E-04 1.54892E-01
 4.22246E-02 2.57322E-04 5.20848E-02 3.34129E-04 2.08682E-01 7.69935E-02 4.99082E-04 1.57058E-01 8.10272E-02 5.08669E-04 1.53497E-01
 3.87421E-02 2.15999E-04 4.79821E-02 2.81452E-04 1.92132E-01 7.09883E-02 4.20687E-04 1.45067E-01 7.59697E-02 4.36466E-04 1.44512E-01
 3.55132E-02 1.81146E-04 4.41584E-02 2.36844E-04 1.76718E-01 6.53852E-02 3.54248E-04 1.33850E-01 7.01611E-02 3.68739E-04 1.33723E-01
 3.25232E-02 1.51772E-04 4.05997E-02 1.99102E-04 1.62382E-01 6.01645E-02 2.97991E-04 1.23372E-01 6.44794E-02 3.09946E-04 1.23066E-01
 2.97578E-02 1.27037E-04 3.72919E-02 1.67201E-04 1.49065E-01 5.53068E-02 2.50404E-04 1.13598E-01 5.91463E-02 2.60009E-04 1.13028E-01
 2.72063E-02 1.06245E-04 3.42249E-02 1.40286E-04 1.36724E-01 5.07978E-02 2.10225E-04 1.04503E-01 5.41997E-02 2.17886E-04 1.03698E-01
 2.48532E-02 8.87745E-05 3.13825E-02 1.17588E-04 1.25294E-01 4.66148E-02 1.76318E-04 9.60454E-02 4.96228E-02 1.82406E-04 9.50505E-02
 1.42350E-01 2.46129E-02 1.59694E-01 2.81327E-02 6.42030E-01 2.31157E-01 4.08988E-02 4.45282E-01 1.42352E-01 2.46132E-02 9.16663E-05
 1.35588E-01 1.78716E-02 1.53780E-01 2.06820E-02 6.12978E-01 2.23163E-01 3.01520E-02 4.29059E-01 1.35590E-01 1.78719E-02 1.16758E-04
 1.28186E-01 1.27644E-02 1.46875E-01 1.49550E-02 5.80873E-01 2.13644E-01 2.18630E-02 4.10112E-01 1.28189E-01 1.27647E-02 1.51152E-04
 1.20424E-01 8.99907E-03 1.39290E-01 1.06741E-02 5.47173E-01 2.03045E-01 1.56471E-02 3.89418E-01 1.20428E-01 8.99936E-03 1.99571E-04
 1.12598E-01 6.29575E-03 1.31364E-01 7.56005E-03 5.13177E-01 1.91862E-01 1.11119E-02 3.67895E-01 1.12603E-01 6.29605E-03 2.69736E-04
 1.04947E-01 4.40103E-03 1.23392E-01 5.35016E-03 4.79910E-01 1.80530E-01 7.88451E-03 3.46313E-01 1.04954E-01 4.40135E-03 3.74590E-04
 9.76069E-02 3.09828E-03 1.15564E-01 3.81257E-03 4.47936E-01 1.69337E-01 5.63303E-03 3.25150E-01 9.76174E-02 3.09863E-03 5.36298E-04
 9.21739E-02 2.38536E-03 1.09669E-01 2.96221E-03 4.24196E-01 1.60872E-01 4.38496E-03 3.09208E-01 9.21882E-02 2.38575E-03 7.24211E-04
 9.06684E-02 2.21821E-03 1.08019E-01 2.76167E-03 4.17605E-01 1.58498E-01 4.09026E-03 3.04742E-01 9.06841E-02 2.21862E-03 7.94172E-04
 8.37389E-02 1.59770E-03 1.00357E-01 2.01155E-03 3.87129E-01 1.47445E-01 2.98613E-03 2.83941E-01 8.37648E-02 1.59822E-03 1.26465E-03
 7.72546E-02 1.19237E-03 9.30883E-02 1.51458E-03 3.58465E-01 1.36925E-01 2.25242E-03 2.64147E-01 7.72998E-02 1.19311E-03 2.10774E-03
 7.11959E-02 9.22042E-04 8.62223E-02 1.17897E-03 3.31571E-01 1.26963E-01 1.75563E-03 2.45395E-01 7.12825E-02 9.23228E-04 3.68611E-03
 6.55482E-02 7.34833E-04 7.97653E-02 9.44452E-04 3.06391E-01 1.17575E-01 1.40786E-03 2.27695E-01 6.57356E-02 7.37060E-04 6.76751E-03
 6.02951E-02 5.99035E-04 7.37157E-02 7.73576E-04 2.82867E-01 1.08765E-01 1.15423E-03 2.11041E-01 6.07721E-02 6.04068E-04 1.29788E-02
 5.54132E-02 4.95632E-04 6.80572E-02 6.43092E-04 2.60907E-01 1.00513E-01 9.60434E-04 1.95394E-01 5.68461E-02 5.09272E-04 2.55094E-02
 5.08780E-02 4.13392E-04 6.27675E-02 5.38861E-04 2.40415E-01 9.27877E-02 8.05497E-04 1.80709E-01 5.54956E-02 4.53389E-04 4.88939E-02
 4.66689E-02 3.46041E-04 5.78288E-02 4.52994E-04 2.21312E-01 8.55653E-02 6.77704E-04 1.66944E-01 5.94585E-02 4.47204E-04 8.32314E-02
 4.27666E-02 2.89997E-04 5.32232E-02 3.81125E-04 2.03524E-01 7.88214E-02 5.70620E-04 1.54061E-01 6.72402E-02 4.67007E-04 1.14593E-01
 3.91535E-02 2.43018E-04 4.89350E-02 3.20571E-04 1.86980E-01 7.25345E-02 4.80302E-04 1.42020E-01 7.12247E-02 4.55221E-04 1.28014E-01
 3.58120E-02 2.03530E-04 4.49472E-02 2.69438E-04 1.71612E-01 6.66809E-02 4.03967E-04 1.30780E-01 6.94091E-02 4.06924E-04 1.26343E-01
 3.27255E-02 1.70317E-04 4.12437E-02 2.26249E-04 1.57354E-01 6.12384E-02 3.39438E-04 1.20305E-01 6.48324E-02 3.48160E-04 1.18462E-01
 2.98779E-02 1.42390E-04 3.78089E-02 1.89790E-04 1.44142E-01 5.61848E-02 2.84922E-04 1.10554E-01 5.96435E-02 2.93235E-04 1.09173E-01
 2.72538E-02 1.18926E-04 3.46271E-02 1.59038E-04 1.31914E-01 5.14985E-02 2.38906E-04 1.01491E-01 5.46006E-02 2.45707E-04 1.00068E-01
 2.48383E-02 9.92286E-05 3.16834E-02 1.33128E-04 1.20611E-01 4.71581E-02 2.00106E-04 9.30775E-02 4.98909E-02 2.05466E-04 9.15381E-02
 2.26203E-02 8.27244E-05 2.89666E-02 1.11337E-04 1.10187E-01 4.31480E-02 1.67453E-04 8.52871E-02 4.55432E-02 1.71630E-04 8.36496E-02
 2.05840E-02 6.89004E-05 2.64603E-02 9.30205E-05 1.00579E-01 3.94448E-02 1.39986E-04 7.80773E-02 4.15388E-02 1.43221E-04 7.63725E-02
 1.33182E-01 2.35641E-02 1.50833E-01 2.71769E-02 5.89120E-01 2.18813E-01 3.95902E-02 4.11533E-01 1.33184E-01 2.35644E-02 8.41121E-05
 1.25549E-01 1.68118E-02 1.43942E-01 1.96564E-02 5.55504E-01 2.09407E-01 2.87230E-02 3.92071E-01 1.25551E-01 1.68120E-02 1.05811E-04
 1.17558E-01 1.18009E-02 1.36336E-01 1.39861E-02 5.20426E-01 1.98857E-01 2.04986E-02 3.70872E-01 1.17561E-01 1.18012E-02 1.35423E-04
 1.09465E-01 8.17884E-03 1.28300E-01 9.82441E-03 4.85164E-01 1.87581E-01 1.44412E-02 3.48824E-01 1.09469E-01 8.17910E-03 1.76955E-04
 1.01526E-01 5.62628E-03 1.20143E-01 6.84883E-03 4.50782E-01 1.76028E-01 1.00960E-02 3.26716E-01 1.01530E-01 5.62655E-03 2.36940E-04
 9.39339E-02 3.86808E-03 1.12119E-01 4.77106E-03 4.18052E-01 1.64580E-01 7.05266E-03 3.05172E-01 9.39405E-02 3.86836E-03 3.26307E-04
 8.67834E-02 2.67862E-03 1.04379E-01 3.34723E-03 3.87305E-01 1.53473E-01 4.96130E-03 2.84532E-01 8.67929E-02 2.67893E-03 4.63708E-04
 8.15629E-02 2.03654E-03 9.86272E-02 2.56996E-03 3.64878E-01 1.45182E-01 3.81687E-03 2.69254E-01 8.15758E-02 2.03688E-03 6.22941E-04
 8.01297E-02 1.88700E-03 9.70315E-02 2.38782E-03 3.58713E-01 1.42876E-01 3.54834E-03 2.65017E-01 8.01438E-02 1.88735E-03 6.82176E-04
 7.35726E-02 1.33669E-03 8.96639E-02 1.71232E-03 3.30469E-01 1.32208E-01 2.55081E-03 2.45459E-01 7.35957E-02 1.33713E-03 1.07956E-03
 6.75109E-02 9.82779E-04 8.27514E-02 1.27154E-03 3.04278E-01 1.22164E-01 1.89793E-03 2.27106E-01 6.75511E-02 9.83398E-04 1.78914E-03
 6.19018E-02 7.50625E-04 7.62821E-02 9.78520E-04 2.79986E-01 1.12740E-01 1.46273E-03 2.09914E-01 6.19784E-02 7.51611E-04 3.11268E-03
 5.67172E-02 5.92509E-04 7.02462E-02 7.76888E-04 2.57456E-01 1.03928E-01 1.16263E-03 1.93838E-01 5.68825E-02 5.94343E-04 5.68683E-03
 5.19308E-02 4.79538E-04 6.46305E-02 6.31932E-04 2.36578E-01 9.57159E-02 9.46622E-04 1.78832E-01 5.23498E-02 4.83656E-04 1.08557E-02
 4.75124E-02 3.94593E-04 5.94111E-02 5.22492E-04 2.17225E-01 8.80716E-02 7.83405E-04 1.64834E-01 4.87663E-02 4.05704E-04 2.12415E-02
 4.34327E-02 3.27698E-04 5.45606E-02 4.35893E-04 1.99279E-01 8.09577E-02 6.54131E-04 1.51777E-01 4.74586E-02 3.60154E-04 4.05396E-02
 3.96681E-02 2.73304E-04 5.00572E-02 3.65064E-04 1.82648E-01 7.43439E-02 5.48275E-04 1.39611E-01 5.07754E-02 3.55109E-04 6.87259E-02
 3.61971E-02 2.28277E-04 4.58802E-02 3.06098E-04 1.67247E-01 6.82015E-02 4.60054E-04 1.28287E-01 5.73665E-02 3.70942E-04 9.42383E-02
 3.30002E-02 1.90685E-04 4.20110E-02 2.56622E-04 1.53001E-01 6.25049E-02 3.85958E-04 1.17761E-01 6.06294E-02 3.61159E-04 1.04844E-01
 3.00589E-02 1.59196E-04 3.84310E-02 2.14993E-04 1.39836E-01 5.72277E-02 3.23559E-04 1.07987E-01 5.88858E-02 3.22063E-04 1.03047E-01
 2.73557E-02 1.32795E-04 3.51227E-02 1.79947E-04 1.27685E-01 5.23454E-02 2.70987E-04 9.89246E-02 5.47933E-02 2.74740E-04 9.62201E-02
 2.48740E-02 1.10667E-04 3.20692E-02 1.50457E-04 1.16482E-01 4.78339E-02 2.26718E-04 9.05319E-02 5.02092E-02 2.30668E-04 8.83102E-02
 2.25981E-02 9.21329E-05 2.92540E-02 1.25665E-04 1.06164E-01 4.36700E-02 1.89473E-04 8.27694E-02 4.57822E-02 1.92657E-04 8.06139E-02
 2.05131E-02 7.66241E-05 2.66617E-02 1.04843E-04 9.66731E-02 3.98317E-02 1.58171E-04 7.55989E-02 4.16684E-02 1.60578E-04 7.34431E-02
 1.86075E-02 6.36717E-05 2.42804E-02 8.73910E-05 8.79633E-02 3.63021E-02 1.31917E-04 6.89917E-02 3.78888E-02 1.33694E-04 6.68442E-02
 1.68662E-02 5.28581E-05 2.20936E-02 7.27698E-05 7.99724E-02 3.30574E-02 1.09908E-04 6.29060E-02 3.44235E-02 1.11196E-04 6.07855E-02
 1.24397E-01 2.25025E-02 1.42322E-01 2.62038E-02 5.40547E-01 2.06950E-01 3.82558E-02 3.80599E-01 1.24399E-01 2.25027E-02 7.71770E-05
 1.15882E-01 1.57476E-02 1.34417E-01 1.86172E-02 5.02685E-01 1.96067E-01 2.72712E-02 3.58028E-01 1.15884E-01 1.57478E-02 9.57501E-05
 1.07319E-01 1.08472E-02 1.26097E-01 1.30165E-02 4.64961E-01 1.84462E-01 1.91291E-02 3.34732E-01 1.07321E-01 1.08475E-02 1.20990E-04
 9.89325E-02 7.38141E-03 1.17629E-01 8.98817E-03 4.28468E-01 1.72523E-01 1.32505E-02 3.11500E-01 9.89357E-02 7.38165E-03 1.56276E-04
 9.09280E-02 4.98830E-03 1.09275E-01 6.16195E-03 3.94001E-01 1.60642E-01 9.11151E-03 2.88975E-01 9.09323E-02 4.98854E-03 2.07095E-04
 8.34497E-02 3.37083E-03 1.01244E-01 4.22296E-03 3.62069E-01 1.49140E-01 6.26258E-03 2.67627E-01 8.34557E-02 3.37108E-03 2.82610E-04
 7.65421E-02 2.29545E-03 9.36432E-02 2.91574E-03 3.32758E-01 1.38188E-01 4.33616E-03 2.47645E-01 7.65506E-02 2.29572E-03 3.98401E-04
 7.15719E-02 1.72328E-03 8.80722E-02 2.21187E-03 3.11747E-01 1.30126E-01 3.29626E-03 2.33110E-01 7.15834E-02 1.72357E-03 5.32234E-04
 7.02183E-02 1.59094E-03 8.65393E-02 2.04803E-03 3.06027E-01 1.27902E-01 3.05389E-03 2.29118E-01 7.02310E-02 1.59124E-03 5.81984E-04
 6.40764E-02 1.10835E-03 7.95134E-02 1.44570E-03 2.80079E-01 1.17686E-01 2.16133E-03 2.10869E-01 6.40969E-02 1.10872E-03 9.14951E-04
 5.84673E-02 8.02756E-04 7.29974E-02 1.05860E-03 2.56370E-01 1.08178E-01 1.58597E-03 1.93990E-01 5.85028E-02 8.03271E-04 1.50746E-03
 5.33320E-02 6.05531E-04 6.69593E-02 8.05238E-04 2.34642E-01 9.93437E-02 1.20833E-03 1.78364E-01 5.33994E-02 6.06343E-04 2.60863E-03
 4.86267E-02 4.73366E-04 6.13719E-02 6.33510E-04 2.14687E-01 9.11512E-02 9.51793E-04 1.63893E-01 4.87712E-02 4.74863E-04 4.74227E-03
 4.43155E-02 3.80322E-04 5.62107E-02 5.11689E-04 1.96344E-01 8.35701E-02 7.69535E-04 1.50495E-01 4.46805E-02 3.83663E-04 9.01010E-03
 4.03622E-02 3.11222E-04 5.14442E-02 4.20745E-04 1.79460E-01 7.65581E-02 6.33335E-04 1.38084E-01 4.14508E-02 3.20193E-04 1.75513E-02
 3.67341E-02 2.57330E-04 4.70407E-02 3.49446E-04 1.63902E-01 7.00709E-02 5.26451E-04 1.26580E-01 4.02159E-02 2.83431E-04 3.33530E-02
 3.34052E-02 2.13820E-04 4.29750E-02 2.91547E-04 1.49567E-01 6.40732E-02 4.39556E-04 1.15924E-01 4.29736E-02 2.79374E-04 5.63092E-02
 3.03525E-02 1.77989E-04 3.92239E-02 2.43603E-04 1.36365E-01 5.85328E-02 3.67528E-04 1.06061E-01 4.85148E-02 2.91924E-04 7.68984E-02
 2.75555E-02 1.48195E-04 3.57672E-02 2.03544E-04 1.24218E-01 5.34209E-02 3.07290E-04 9.69415E-02 5.11627E-02 2.83885E-04 8.52005E-02
 2.49951E-02 1.23324E-04 3.25848E-02 1.69960E-04 1.13050E-01 4.87091E-02 2.56748E-04 8.85184E-02 4.95246E-02 2.52529E-04 8.33925E-02
 2.26537E-02 1.02541E-04 2.96583E-02 1.41783E-04 1.02795E-01 4.43713E-02 2.14311E-04 8.07479E-02 4.59057E-02 2.14771E-04 7.75431E-02
 2.05145E-02 8.51773E-05 2.69702E-02 1.18152E-04 9.33861E-02 4.03824E-02 1.78696E-04 7.35880E-02 4.18977E-02 1.79738E-04 7.08735E-02
 1.85621E-02 7.06805E-05 2.45037E-02 9.83509E-05 8.47635E-02 3.67184E-02 1.48833E-04 6.69986E-02 3.80508E-02 1.49625E-04 6.44303E-02
 1.67819E-02 5.85891E-05 2.22431E-02 8.17769E-05 7.68696E-02 3.33567E-02 1.23821E-04 6.09414E-02 3.44938E-02 1.24295E-04 5.84589E-02
 1.51625E-02 4.85243E-05 2.01762E-02 6.79324E-05 6.96605E-02 3.02799E-02 1.02914E-04 5.53873E-02 3.12412E-02 1.03139E-04 5.29905E-02
 1.36894E-02 4.01494E-05 1.82867E-02 5.63734E-05 6.30775E-02 2.74644E-02 8.54475E-05 5.02960E-02 2.82725E-02 8.54936E-05 4.79936E-02
 1.16025E-01 2.14364E-02 1.34194E-01 2.52217E-02 4.96102E-01 1.95615E-01 3.69068E-02 3.52308E-01 1.16026E-01 2.14367E-02 7.08314E-05
 1.06635E-01 1.46880E-02 1.25247E-01 1.75723E-02 4.54303E-01 1.83203E-01 2.58076E-02 3.26762E-01 1.06637E-01 1.46882E-02 8.65344E-05
 9.75360E-02 9.91210E-03 1.16224E-01 1.20541E-02 4.14313E-01 1.70544E-01 1.77655E-02 3.01554E-01 9.75383E-02 9.91233E-03 1.07811E-04
 8.88985E-02 6.61304E-03 1.07345E-01 8.17131E-03 3.76900E-01 1.57966E-01 1.20834E-02 2.77306E-01 8.89014E-02 6.61326E-03 1.37467E-04
 8.08817E-02 4.38557E-03 9.88309E-02 5.50327E-03 3.42634E-01 1.45805E-01 8.16401E-03 2.54528E-01 8.08856E-02 4.38578E-03 1.80096E-04
 7.35669E-02 2.91069E-03 9.08370E-02 3.70760E-03 3.11717E-01 1.34306E-01 5.51688E-03 2.33514E-01 7.35722E-02 2.91091E-03 2.43308E-04
 6.69474E-02 1.94830E-03 8.34199E-02 2.51812E-03 2.83991E-01 1.23573E-01 3.75783E-03 2.14299E-01 6.69549E-02 1.94853E-03 3.40015E-04
 6.22583E-02 1.44405E-03 7.80641E-02 1.88692E-03 2.64474E-01 1.15788E-01 2.82194E-03 2.00570E-01 6.22685E-02 1.44430E-03 4.51527E-04
 6.09919E-02 1.32830E-03 7.66025E-02 1.74106E-03 2.59212E-01 1.13659E-01 2.60537E-03 1.96837E-01 6.10031E-02 1.32856E-03 4.92955E-04
 5.52964E-02 9.10049E-04 6.99580E-02 1.20959E-03 2.35585E-01 1.03954E-01 1.81493E-03 1.79940E-01 5.53144E-02 9.10360E-04 7.69605E-04
 5.01616E-02 6.49317E-04 6.38709E-02 8.73245E-04 2.14324E-01 9.50322E-02 1.31318E-03 1.64545E-01 5.01927E-02 6.49742E-04 1.26024E-03
 4.55121E-02 4.83696E-04 5.82884E-02 6.56462E-04 1.95077E-01 8.68273E-02 9.88873E-04 1.50466E-01 4.55707E-02 4.84358E-04 2.16880E-03
 4.12903E-02 3.74448E-04 5.31671E-02 5.11703E-04 1.77577E-01 7.92834E-02 7.71797E-04 1.37557E-01 4.14157E-02 3.75659E-04 3.92268E-03
 3.74521E-02 2.98637E-04 4.84713E-02 4.10357E-04 1.61625E-01 7.23538E-02 6.19566E-04 1.25704E-01 3.77674E-02 3.01322E-04 7.41743E-03
 3.39562E-02 2.43013E-04 4.41626E-02 3.35536E-04 1.47046E-01 6.59857E-02 5.07048E-04 1.14802E-01 3.48932E-02 2.50186E-04 1.43834E-02
 3.07671E-02 2.00041E-04 4.02056E-02 2.77412E-04 1.33695E-01 6.01292E-02 4.19546E-04 1.04762E-01 3.37525E-02 2.20826E-04 2.72149E-02
 2.78574E-02 1.65591E-04 3.65723E-02 2.30545E-04 1.21464E-01 5.47447E-02 3.48915E-04 9.55155E-02 3.60287E-02 2.17603E-04 4.57556E-02
 2.52033E-02 1.37367E-04 3.32380E-02 1.91943E-04 1.10261E-01 4.97972E-02 2.90683E-04 8.70046E-02 4.06498E-02 2.27452E-04 6.22302E-02
 2.27840E-02 1.13994E-04 3.01810E-02 1.59827E-04 1.00007E-01 4.52558E-02 2.42194E-04 7.91770E-02 4.27773E-02 2.20912E-04 6.86630E-02
 2.05805E-02 9.45528E-05 2.73808E-02 1.33002E-04 9.06288E-02 4.10909E-02 2.01662E-04 7.19851E-02 4.12681E-02 1.96012E-04 6.69238E-02
 1.85753E-02 7.83603E-05 2.48183E-02 1.10574E-04 8.20590E-02 3.72756E-02 1.67751E-04 6.53844E-02 3.81039E-02 1.66187E-04 6.19678E-02
 1.67521E-02 6.48759E-05 2.24759E-02 9.18289E-05 7.42356E-02 3.37841E-02 1.39389E-04 5.93330E-02 3.46368E-02 1.38619E-04 5.64005E-02
 1.50960E-02 5.36550E-05 2.03368E-02 7.61754E-05 6.71006E-02 3.05923E-02 1.15690E-04 5.37914E-02 3.13290E-02 1.15005E-04 5.10595E-02
 1.35929E-02 4.43269E-05 1.83855E-02 6.31181E-05 6.05999E-02 2.76777E-02 9.59093E-05 4.87223E-02 2.82857E-02 9.52099E-05 4.61355E-02
 1.22320E-02 3.65885E-05 1.66097E-02 5.22496E-05 5.46915E-02 2.50227E-02 7.94345E-05 4.40971E-02 2.55158E-02 7.87332E-05 4.16484E-02
 1.09998E-02 3.01711E-05 1.49938E-02 4.32071E-05 4.93215E-02 2.26044E-02 6.57199E-05 3.98776E-02 2.29993E-02 6.50387E-05 3.75674E-02
 1.08088E-01 2.03744E-02 1.26470E-01 2.42376E-02 4.55533E-01 1.84834E-01 3.55527E-02 3.26475E-01 1.08090E-01 2.03746E-02 6.50391E-05
 9.78481E-02 1.36422E-02 1.16473E-01 1.65300E-02 4.10143E-01 1.70869E-01 2.43432E-02 2.98112E-01 9.78498E-02 1.36424E-02 7.81230E-05
 8.82580E-02 9.00328E-03 1.06761E-01 1.11062E-02 3.68236E-01 1.57167E-01 1.64178E-02 2.71168E-01 8.82601E-02 9.00349E-03 9.58209E-05
 7.94303E-02 5.88013E-03 9.75081E-02 7.38008E-03 3.30266E-01 1.43994E-01 1.09486E-02 2.46100E-01 7.94330E-02 5.88033E-03 1.20459E-04
 7.14497E-02 3.82161E-03 8.88729E-02 4.87662E-03 2.96441E-01 1.31603E-01 7.25900E-03 2.23219E-01 7.14532E-02 3.82180E-03 1.55816E-04
 6.43460E-02 2.48888E-03 8.09595E-02 3.22672E-03 2.66727E-01 1.20167E-01 4.81821E-03 2.02666E-01 6.43508E-02 2.48907E-03 2.08192E-04
 5.80527E-02 1.63662E-03 7.37667E-02 2.15440E-03 2.40697E-01 1.09711E-01 3.22658E-03 1.84308E-01 5.80594E-02 1.63682E-03 2.88180E-04
 5.36678E-02 1.19733E-03 6.86544E-02 1.59418E-03 2.22709E-01 1.02245E-01 2.39277E-03 1.71431E-01 5.36768E-02 1.19753E-03 3.80225E-04
 5.24946E-02 1.09732E-03 6.72716E-02 1.46574E-03 2.17909E-01 1.00221E-01 2.20133E-03 1.67964E-01 5.25044E-02 1.09754E-03 4.14409E-04
 4.72641E-02 7.39297E-04 6.10385E-02 1.00199E-03 1.96580E-01 9.10743E-02 1.50898E-03 1.52438E-01 4.72799E-02 7.39555E-04 6.42187E-04
 4.26137E-02 5.19646E-04 5.54034E-02 7.13085E-04 1.77689E-01 8.27757E-02 1.07637E-03 1.38512E-01 4.26407E-02 5.19994E-04 1.04483E-03
 3.84515E-02 3.82281E-04 5.02922E-02 5.29701E-04 1.60808E-01 7.52272E-02 8.00976E-04 1.25940E-01 3.85022E-02 3.82816E-04 1.78784E-03
 3.47077E-02 2.93051E-04 4.56455E-02 4.09033E-04 1.45618E-01 6.83493E-02 6.19328E-04 1.14530E-01 3.48155E-02 2.94021E-04 3.21683E-03
 3.13307E-02 2.31993E-04 4.14171E-02 3.25648E-04 1.31889E-01 6.20794E-02 4.93574E-04 1.04144E-01 3.16008E-02 2.34127E-04 6.05323E-03
 2.82759E-02 1.87717E-04 3.75631E-02 2.64761E-04 1.19431E-01 5.63558E-02 4.01632E-04 9.46612E-02 2.90751E-02 1.93392E-04 1.16842E-02
 2.55060E-02 1.53829E-04 3.40448E-02 2.17883E-04 1.08094E-01 5.11236E-02 3.30769E-04 8.59833E-02 2.80422E-02 1.70204E-04 2.20111E-02
 2.29927E-02 1.26849E-04 3.08322E-02 1.80349E-04 9.77672E-02 4.63400E-02 2.73970E-04 7.80384E-02 2.99063E-02 1.67671E-04 3.68514E-02
 2.07124E-02 1.04859E-04 2.78997E-02 1.49600E-04 8.83602E-02 4.19681E-02 2.27397E-04 7.07660E-02 3.37260E-02 1.75309E-04 4.99130E-02
 1.86444E-02 8.67226E-05 2.52249E-02 1.24127E-04 7.97942E-02 3.79757E-02 1.88785E-04 6.41133E-02 3.54167E-02 1.70041E-04 5.48418E-02
 1.67702E-02 7.16913E-05 2.27869E-02 1.02932E-04 7.19994E-02 3.43329E-02 1.56634E-04 5.80329E-02 3.40508E-02 1.50477E-04 5.32255E-02
 1.50729E-02 5.92145E-05 2.05670E-02 8.52743E-05 6.49121E-02 3.10124E-02 1.29832E-04 5.24809E-02 3.13160E-02 1.27173E-04 4.90738E-02
 1.35371E-02 4.88590E-05 1.85475E-02 7.05682E-05 5.84740E-02 2.79885E-02 1.07496E-04 4.74168E-02 2.83499E-02 1.05716E-04 4.44752E-02
 1.21485E-02 4.02707E-05 1.67121E-02 5.83309E-05 5.26307E-02 2.52376E-02 8.88994E-05 4.28024E-02 2.55368E-02 8.74032E-05 4.00934E-02
 1.08941E-02 3.31554E-05 1.50457E-02 4.81594E-05 4.73324E-02 2.27375E-02 7.34330E-05 3.86023E-02 2.29614E-02 7.21053E-05 3.60748E-02
 9.76371E-03 2.72731E-05 1.35364E-02 3.97237E-05 4.25399E-02 2.04709E-02 6.05988E-05 3.47888E-02 2.06284E-02 5.94173E-05 3.24305E-02
 8.74476E-03 2.24119E-05 1.21694E-02 3.27308E-05 3.82046E-02 1.84161E-02 4.99539E-05 3.13268E-02 1.85186E-02 4.89090E-05 2.91317E-02
 1.00597E-01 1.93231E-02 1.19157E-01 2.32573E-02 4.18563E-01 1.74619E-01 3.42013E-02 3.02906E-01 1.00598E-01 1.93234E-02 5.97607E-05
 8.95579E-02 1.26196E-02 1.08123E-01 1.54984E-02 3.69988E-01 1.59106E-01 2.28892E-02 2.71917E-01 8.95594E-02 1.26199E-02 7.04744E-05
 7.95284E-02 8.12858E-03 9.77482E-02 1.01803E-02 3.26502E-01 1.44386E-01 1.50962E-02 2.43418E-01 7.95303E-02 8.12878E-03 8.49612E-05
 7.05693E-02 5.18784E-03 8.81630E-02 6.61998E-03 2.88285E-01 1.30670E-01 9.85402E-03 2.17711E-01 7.05717E-02 5.18802E-03 1.05147E-04
 6.26844E-02 3.29959E-03 7.94551E-02 4.28577E-03 2.55171E-01 1.18112E-01 6.40196E-03 1.94894E-01 6.26875E-02 3.29976E-03 1.34123E-04
 5.58320E-02 2.10624E-03 7.16620E-02 2.78191E-03 2.26801E-01 1.06795E-01 4.16907E-03 1.74912E-01 5.58362E-02 2.10640E-03 1.77028E-04
 4.98963E-02 1.35964E-03 6.47304E-02 1.82451E-03 2.02541E-01 9.66693E-02 2.74256E-03 1.57485E-01 4.99021E-02 1.35981E-03 2.42498E-04
 4.58318E-02 9.81495E-04 5.98852E-02 1.33264E-03 1.86094E-01 8.95590E-02 2.00761E-03 1.45489E-01 4.58396E-02 9.81669E-04 3.17714E-04
 4.47545E-02 8.96172E-04 5.85867E-02 1.22082E-03 1.81749E-01 8.76489E-02 1.84029E-03 1.42293E-01 4.47631E-02 8.96350E-04 3.45643E-04
 3.99979E-02 5.93670E-04 5.27870E-02 8.20952E-04 1.62656E-01 7.90964E-02 1.24093E-03 1.28134E-01 4.00115E-02 5.93882E-04 5.31369E-04
 3.58309E-02 4.11095E-04 4.76179E-02 5.75843E-04 1.46027E-01 7.14463E-02 8.72459E-04 1.15644E-01 3.58541E-02 4.11376E-04 8.58668E-04
 3.21474E-02 2.98665E-04 4.29844E-02 4.22618E-04 1.31367E-01 6.45692E-02 6.41466E-04 1.04518E-01 3.21907E-02 2.99092E-04 1.46055E-03
 2.88665E-02 2.26716E-04 3.88119E-02 3.23250E-04 1.18317E-01 5.83624E-02 4.91298E-04 9.45313E-02 2.89582E-02 2.27483E-04 2.61384E-03
 2.59311E-02 1.78147E-04 3.50451E-02 2.55466E-04 1.06626E-01 5.27492E-02 3.88666E-04 8.55209E-02 2.61600E-02 1.79825E-04 4.89417E-03
 2.32940E-02 1.43329E-04 3.16352E-02 2.06502E-04 9.60948E-02 4.76601E-02 3.14430E-04 7.73550E-02 2.39689E-02 1.47766E-04 9.40283E-03
 2.09173E-02 1.16919E-04 2.85412E-02 1.69136E-04 8.65716E-02 4.30364E-02 2.57714E-04 6.99311E-02 2.30506E-02 1.29667E-04 1.76348E-02
 1.87729E-02 9.60352E-05 2.57320E-02 1.39424E-04 7.79470E-02 3.88330E-02 2.12574E-04 6.31746E-02 2.45636E-02 1.27695E-04 2.93991E-02
 1.68374E-02 7.91011E-05 2.31814E-02 1.15214E-04 7.01328E-02 3.50122E-02 1.75761E-04 5.70246E-02 2.76904E-02 1.33537E-04 3.96525E-02
 1.50910E-02 6.51929E-05 2.08668E-02 9.52469E-05 6.30541E-02 3.15412E-02 1.45376E-04 5.14291E-02 2.90175E-02 1.29337E-04 4.33828E-02
 1.35161E-02 5.37080E-05 1.87678E-02 7.86972E-05 5.66454E-02 2.83903E-02 1.20176E-04 4.63418E-02 2.78018E-02 1.14142E-04 4.19224E-02
 1.20967E-02 4.42080E-05 1.68661E-02 6.49608E-05 5.08474E-02 2.55325E-02 9.92474E-05 4.17207E-02 2.54661E-02 9.61457E-05 3.84849E-02
 1.08184E-02 3.63504E-05 1.51445E-02 5.35620E-05 4.56064E-02 2.29429E-02 8.18706E-05 3.75271E-02 2.29578E-02 7.96442E-05 3.47278E-02
 9.66820E-03 2.98562E-05 1.35875E-02 4.41115E-05 4.08727E-02 2.05985E-02 6.74559E-05 3.37253E-02 2.05928E-02 6.56120E-05 3.11717E-02
 8.63397E-03 2.44945E-05 1.21805E-02 3.62852E-05 3.66011E-02 1.84782E-02 5.55124E-05 3.02820E-02 1.84383E-02 5.39327E-05 2.79273E-02
 7.70625E-03 2.00777E-05 1.09123E-02 2.98188E-05 3.27559E-02 1.65653E-02 4.56392E-05 2.71715E-02 1.64960E-02 4.42815E-05 2.49997E-02
 6.87384E-03 1.64405E-05 9.76909E-03 2.44783E-05 2.92939E-02 1.48393E-02 3.74811E-05 2.43613E-02 1.47475E-02 3.63175E-05 2.23621E-02
 9.35624E-02 1.82905E-02 1.12260E-01 2.22867E-02 3.84957E-01 1.64973E-01 3.28601E-02 2.81426E-01 9.35636E-02 1.82907E-02 5.49625E-05
 8.17734E-02 1.16269E-02 1.00208E-01 1.44835E-02 3.33533E-01 1.47926E-01 2.14537E-02 2.47981E-01 8.17749E-02 1.16271E-02 6.35306E-05
 7.13793E-02 7.29502E-03 8.92174E-02 9.28313E-03 2.88867E-01 1.32245E-01 1.38105E-02 2.18143E-01 7.13811E-02 7.29520E-03 7.51679E-05
 6.23476E-02 4.54064E-03 7.93443E-02 5.89608E-03 2.50682E-01 1.18042E-01 8.80691E-03 1.91971E-01 6.23498E-02 4.54080E-03 9.14321E-05
 5.46118E-02 2.82147E-03 7.06115E-02 3.73360E-03 2.18495E-01 1.05383E-01 5.59733E-03 1.69368E-01 5.46146E-02 2.82162E-03 1.14846E-04
 4.80521E-02 1.76300E-03 6.29821E-02 2.37429E-03 1.91611E-01 9.42474E-02 3.57139E-03 1.50067E-01 4.80558E-02 1.76314E-03 1.49561E-04
 4.24964E-02 1.11619E-03 5.63430E-02 1.52807E-03 1.69158E-01 8.44993E-02 2.30554E-03 1.33627E-01 4.25015E-02 1.11633E-03 2.02529E-04
 3.87619E-02 7.94724E-04 5.17840E-02 1.10114E-03 1.54236E-01 7.77748E-02 1.66504E-03 1.22532E-01 3.87687E-02 7.94868E-04 2.63324E-04
 3.77818E-02 7.22876E-04 5.05739E-02 1.00496E-03 1.50335E-01 7.59856E-02 1.52055E-03 1.19607E-01 3.77892E-02 7.23023E-04 2.85901E-04
 3.34983E-02 4.70763E-04 4.52221E-02 6.64519E-04 1.33389E-01 6.80534E-02 1.00820E-03 1.06795E-01 3.35100E-02 4.70935E-04 4.35760E-04
 2.98051E-02 3.21153E-04 4.05249E-02 4.59316E-04 1.18887E-01 6.10662E-02 6.98481E-04 9.56892E-02 2.98249E-02 3.21377E-04 6.99085E-04
 2.65821E-02 2.30425E-04 3.63667E-02 3.32999E-04 1.06283E-01 5.48630E-02 5.07307E-04 8.59371E-02 2.66187E-02 2.30762E-04 1.18169E-03
 2.37411E-02 1.73209E-04 3.26602E-02 2.52256E-04 9.51902E-02 4.93215E-02 3.84812E-04 7.72830E-02 2.38185E-02 1.73808E-04 2.10301E-03
 2.12209E-02 1.35091E-04 2.93420E-02 1.97878E-04 8.53432E-02 4.43517E-02 3.02156E-04 6.95474E-02 2.14130E-02 1.36393E-04 3.91762E-03
 1.89728E-02 1.08065E-04 2.63594E-02 1.59013E-04 7.65395E-02 3.98781E-02 2.42997E-04 6.25910E-02 1.95367E-02 1.11489E-04 7.49071E-03
 1.69590E-02 8.77440E-05 2.36699E-02 1.29609E-04 6.86297E-02 3.58389E-02 1.98192E-04 5.63088E-02 1.87341E-02 9.75414E-05 1.39851E-02
 1.51522E-02 7.17833E-05 2.12418E-02 1.06390E-04 6.15077E-02 3.21881E-02 1.62778E-04 5.06258E-02 1.99497E-02 9.60171E-05 2.32137E-02
 1.35300E-02 5.89072E-05 1.90492E-02 8.75719E-05 5.50900E-02 2.88878E-02 1.34055E-04 4.54823E-02 2.24815E-02 1.00415E-04 3.11762E-02
 1.20737E-02 4.83762E-05 1.70699E-02 7.21212E-05 4.93066E-02 2.59054E-02 1.10456E-04 4.08281E-02 2.35085E-02 9.71010E-05 3.39611E-02
 1.07668E-02 3.97127E-05 1.52842E-02 5.93664E-05 4.40973E-02 2.32121E-02 9.09624E-05 3.66192E-02 2.24438E-02 8.54455E-05 3.26733E-02
 9.59465E-03 3.25722E-05 1.36743E-02 4.88203E-05 3.94081E-02 2.07817E-02 7.48361E-05 3.28160E-02 2.04738E-02 7.17266E-05 2.98615E-02
 8.54414E-03 2.66870E-05 1.22243E-02 4.01019E-05 3.51902E-02 1.85905E-02 6.14979E-05 2.93826E-02 1.83782E-02 5.92008E-05 2.68273E-02
 7.60328E-03 2.18403E-05 1.09192E-02 3.29010E-05 3.13993E-02 1.66167E-02 5.04758E-05 2.62859E-02 1.64139E-02 4.85901E-05 2.39744E-02
 6.76126E-03 1.78532E-05 9.74567E-03 2.69604E-05 2.79951E-02 1.48404E-02 4.13786E-05 2.34955E-02 1.46335E-02 3.97918E-05 2.13851E-02
 6.00950E-03 1.45808E-05 8.69304E-03 2.20711E-05 2.49455E-02 1.32456E-02 3.38878E-05 2.09874E-02 1.30361E-02 3.25488E-05 1.90603E-02
 5.33806E-03 1.18958E-05 7.74865E-03 1.80488E-05 2.22130E-02 1.18137E-02 2.77224E-05 1.87330E-02 1.16049E-02 2.65947E-05 1.69758E-02
 8.69705E-02 1.72804E-02 1.05765E-01 2.13286E-02 3.54396E-01 1.55878E-01 3.15327E-02 2.61831E-01 8.69716E-02 1.72806E-02 5.05992E-05
 7.45077E-02 1.06710E-02 9.27376E-02 1.34918E-02 3.00533E-01 1.37344E-01 2.00455E-02 2.26142E-01 7.45090E-02 1.06712E-02 5.72448E-05
 6.38208E-02 6.50763E-03 8.11825E-02 8.42038E-03 2.55030E-01 1.20766E-01 1.25687E-02 1.95166E-01 6.38224E-02 6.50780E-03 6.63630E-05
 5.47840E-02 3.94202E-03 7.10773E-02 5.21285E-03 2.17169E-01 1.06150E-01 7.81396E-03 1.68715E-01 5.47859E-02 3.94216E-03 7.92087E-05
 4.72472E-02 2.38854E-03 6.23688E-02 3.22257E-03 1.86098E-01 9.34580E-02 4.84901E-03 1.46466E-01 4.72497E-02 2.38867E-03 9.78174E-05
 4.10149E-02 1.45872E-03 5.49440E-02 2.00454E-03 1.60801E-01 8.25637E-02 3.02653E-03 1.27944E-01 4.10181E-02 1.45883E-03 1.25513E-04
 3.58568E-02 9.04779E-04 4.86265E-02 1.26447E-03 1.40174E-01 7.32389E-02 1.91500E-03 1.12539E-01 3.58612E-02 9.04894E-04 1.67828E-04
 3.24550E-02 6.35022E-04 4.43678E-02 8.98345E-04 1.26738E-01 6.69241E-02 1.36348E-03 1.02348E-01 3.24608E-02 6.35139E-04 2.16379E-04
 3.15713E-02 5.75349E-04 4.32486E-02 8.16693E-04 1.23264E-01 6.52606E-02 1.24030E-03 9.96908E-02 3.15776E-02 5.75468E-04 2.34420E-04
 2.77517E-02 3.68230E-04 3.83519E-02 5.30747E-04 1.08353E-01 5.79652E-02 8.08197E-04 8.81912E-02 2.77615E-02 3.68367E-04 3.53974E-04
 2.45138E-02 2.47464E-04 3.41246E-02 3.61401E-04 9.58264E-02 5.16442E-02 5.51572E-04 7.84064E-02 2.45305E-02 2.47640E-04 5.63490E-04
 2.17265E-02 1.75358E-04 3.04322E-02 2.58785E-04 8.51016E-02 4.61075E-02 3.95660E-04 6.99431E-02 2.17572E-02 1.75620E-04 9.46210E-04
 1.92967E-02 1.30532E-04 2.71766E-02 1.94129E-04 7.57755E-02 4.12151E-02 2.97193E-04 6.25234E-02 1.93611E-02 1.30993E-04 1.67416E-03
 1.71601E-02 1.01048E-04 2.42877E-02 1.51133E-04 6.75755E-02 3.68664E-02 2.31589E-04 5.59560E-02 1.73194E-02 1.02044E-04 3.10228E-03
 1.52682E-02 8.03649E-05 2.17102E-02 1.20723E-04 6.03013E-02 3.29809E-02 1.85124E-04 5.00974E-02 1.57339E-02 8.29709E-05 5.90261E-03
 1.35840E-02 6.49456E-05 1.94007E-02 9.79122E-05 5.38086E-02 2.94954E-02 1.50233E-04 4.48428E-02 1.50437E-02 7.23674E-05 1.09690E-02
 1.20814E-02 5.29141E-05 1.73280E-02 8.00215E-05 4.79970E-02 2.63637E-02 1.22845E-04 4.01189E-02 1.60089E-02 7.11956E-05 1.81265E-02
 1.07394E-02 4.32573E-05 1.54666E-02 6.56008E-05 4.27889E-02 2.35485E-02 1.00753E-04 3.58681E-02 1.80340E-02 7.44450E-05 2.42374E-02
 9.54076E-03 3.53929E-05 1.37951E-02 5.38144E-05 3.81203E-02 2.10181E-02 8.26863E-05 3.20430E-02 1.88158E-02 7.18596E-05 2.62851E-02
 8.47044E-03 2.89480E-05 1.22950E-02 4.41248E-05 3.39368E-02 1.87451E-02 6.78256E-05 2.86027E-02 1.78979E-02 6.30413E-05 2.51741E-02
 7.51518E-03 2.36558E-05 1.09496E-02 3.61449E-05 3.01900E-02 1.67046E-02 5.55812E-05 2.55107E-02 1.62578E-02 5.27302E-05 2.29032E-02
 6.66315E-03 1.93101E-05 9.74378E-03 2.95740E-05 2.68368E-02 1.48744E-02 4.54941E-05 2.27340E-02 1.45295E-02 4.33578E-05 2.04828E-02
 5.90368E-03 1.57443E-05 8.66401E-03 2.41680E-05 2.38380E-02 1.32341E-02 3.71917E-05 2.02427E-02 1.29191E-02 3.54503E-05 1.82220E-02
 5.22721E-03 1.28218E-05 7.69790E-03 1.97259E-05 2.11583E-02 1.17653E-02 3.03667E-05 1.80094E-02 1.14667E-02 2.89189E-05 1.61810E-02
 4.62610E-03 1.04323E-05 6.83564E-03 1.60846E-05 1.87697E-02 1.04534E-02 2.47699E-05 1.60126E-02 1.01701E-02 2.35633E-05 1.43576E-02
 4.09172E-03 8.47918E-06 6.06584E-03 1.31010E-05 1.66398E-02 9.28125E-03 2.01820E-05 1.42268E-02 9.01399E-03 1.91780E-05 1.27307E-02
 8.08154E-02 1.62976E-02 9.96617E-02 2.03864E-02 3.26633E-01 1.47315E-01 3.02232E-02 2.43952E-01 8.08164E-02 1.62979E-02 4.66352E-05
 6.77592E-02 9.75717E-03 8.57110E-02 1.25281E-02 2.70714E-01 1.27358E-01 1.86716E-02 2.06226E-01 6.77604E-02 9.75735E-03 5.15650E-05
 5.68541E-02 5.77037E-03 7.36497E-02 7.59674E-03 2.24700E-01 1.09958E-01 1.13776E-02 1.74313E-01 5.68556E-02 5.77052E-03 5.84707E-05
 4.78830E-02 3.39423E-03 6.33768E-02 4.57378E-03 1.87446E-01 9.50171E-02 6.88059E-03 1.47773E-01 4.78847E-02 3.39435E-03 6.83677E-05
 4.05895E-02 2.00103E-03 5.47407E-02 2.75429E-03 1.57642E-01 8.23624E-02 4.15979E-03 1.26006E-01 4.05917E-02 2.00114E-03 8.28604E-05
 3.47118E-02 1.19224E-03 4.75586E-02 1.67268E-03 1.34003E-01 7.17665E-02 2.53499E-03 1.08345E-01 3.47146E-02 1.19234E-03 1.04596E-04
 2.99626E-02 7.23501E-04 4.15884E-02 1.03266E-03 1.15197E-01 6.29066E-02 1.56981E-03 9.40119E-02 2.99663E-02 7.23595E-04 1.37924E-04
 2.68915E-02 5.00194E-04 3.76403E-02 7.22718E-04 1.03197E-01 5.70210E-02 1.10099E-03 8.47230E-02 2.68964E-02 5.00288E-04 1.76187E-04
 2.61018E-02 4.51345E-04 3.66132E-02 6.54345E-04 1.00126E-01 5.54864E-02 9.97410E-04 8.23270E-02 2.61071E-02 4.51441E-04 1.90418E-04
 2.27293E-02 2.83757E-04 3.21722E-02 4.17655E-04 8.71211E-02 4.88348E-02 6.38276E-04 7.20928E-02 2.27376E-02 2.83865E-04 2.84614E-04
 1.99219E-02 1.87827E-04 2.84058E-02 2.80066E-04 7.64066E-02 4.31736E-02 4.28940E-04 6.35543E-02 1.99357E-02 1.87964E-04 4.49300E-04
 1.75400E-02 1.31453E-04 2.51634E-02 1.98035E-04 6.73789E-02 3.82866E-02 3.03821E-04 5.62874E-02 1.75655E-02 1.31654E-04 7.49175E-04
 1.54881E-02 9.68989E-05 2.23379E-02 1.47090E-04 5.96277E-02 3.40188E-02 2.25945E-04 4.99984E-02 1.55411E-02 9.72491E-05 1.31745E-03
 1.37005E-02 7.44528E-05 1.98541E-02 1.13636E-04 5.28807E-02 3.02612E-02 1.74711E-04 4.44892E-02 1.38310E-02 7.52028E-05 2.42788E-03
 1.21295E-02 5.88675E-05 1.76551E-02 9.02182E-05 4.69439E-02 2.69299E-02 1.38799E-04 3.96159E-02 1.25092E-02 6.08192E-05 4.59597E-03
 1.07399E-02 4.73443E-05 1.56979E-02 7.27993E-05 4.16809E-02 2.39616E-02 1.12060E-04 3.52761E-02 1.19248E-02 5.28768E-05 8.49990E-03
 9.50725E-03 3.84106E-05 1.39519E-02 5.92295E-05 3.69985E-02 2.13110E-02 9.12138E-05 3.13994E-02 1.26806E-02 5.19799E-05 1.39820E-02
 8.41229E-03 3.12769E-05 1.23928E-02 4.83515E-05 3.28257E-02 1.89419E-02 7.44917E-05 2.79317E-02 1.42780E-02 5.43296E-05 1.86112E-02
 7.43928E-03 2.54925E-05 1.10004E-02 3.95021E-05 2.91054E-02 1.68243E-02 6.08810E-05 2.48290E-02 1.48616E-02 5.23369E-05 2.00910E-02
 6.57479E-03 2.07711E-05 9.75735E-03 3.22582E-05 2.57890E-02 1.49322E-02 4.97344E-05 2.20539E-02 1.40828E-02 4.57657E-05 1.91522E-02
 5.80704E-03 1.69089E-05 8.64833E-03 2.63172E-05 2.28342E-02 1.32428E-02 4.05887E-05 1.95734E-02 1.27362E-02 3.81368E-05 1.73429E-02
 5.12559E-03 1.37496E-05 7.65958E-03 2.14451E-05 2.02033E-02 1.17355E-02 3.30856E-05 1.73579E-02 1.13305E-02 3.12351E-05 1.54376E-02
 4.52112E-03 1.11673E-05 6.77873E-03 1.74533E-05 1.78624E-02 1.03916E-02 2.69358E-05 1.53807E-02 1.00285E-02 2.54365E-05 1.36697E-02
 3.98528E-03 9.05898E-06 5.99461E-03 1.41867E-05 1.57811E-02 9.19451E-03 2.19013E-05 1.36178E-02 8.86033E-03 2.06665E-05 1.20823E-02
 3.51144E-03 7.34198E-06 5.29838E-03 1.15202E-05 1.39352E-02 8.13081E-03 1.77903E-05 1.20498E-02 7.82272E-03 1.67713E-05 1.06714E-02
 3.09219E-03 5.94406E-06 4.67994E-03 9.34452E-06 1.22975E-02 7.18533E-03 1.44348E-05 1.06550E-02 6.90206E-03 1.35948E-05 9.41884E-03
 7.50686E-02 1.53435E-02 9.39192E-02 1.94600E-02 3.01352E-01 1.39242E-01 2.89311E-02 2.27583E-01 7.50696E-02 1.53438E-02 4.30258E-05
 6.14999E-02 8.88694E-03 7.91029E-02 1.15942E-02 2.43733E-01 1.17933E-01 1.73341E-02 1.88021E-01 6.15010E-02 8.88711E-03 4.64257E-05
 5.04626E-02 5.08492E-03 6.66078E-02 6.81475E-03 1.97555E-01 9.98086E-02 1.02413E-02 1.55389E-01 5.04639E-02 5.08505E-03 5.14070E-05
 4.16170E-02 2.89687E-03 5.62272E-02 3.97996E-03 1.61127E-01 8.46273E-02 6.00886E-03 1.28927E-01 4.16185E-02 2.89698E-03 5.87683E-05
 3.46138E-02 1.65766E-03 4.77184E-02 2.32886E-03 1.32747E-01 7.20895E-02 3.53032E-03 1.07777E-01 3.46156E-02 1.65775E-03 6.97750E-05
 2.91122E-02 9.61460E-04 4.08147E-02 1.37769E-03 1.10811E-01 6.18479E-02 2.09575E-03 9.10481E-02 2.91146E-02 9.61541E-04 8.64932E-05
 2.47757E-02 5.69860E-04 3.52128E-02 8.30916E-04 9.37963E-02 5.34890E-02 1.26781E-03 7.78105E-02 2.47789E-02 5.69936E-04 1.12301E-04
 2.20290E-02 3.87712E-04 3.15828E-02 5.72244E-04 8.31702E-02 4.80484E-02 8.74932E-04 6.94147E-02 2.20332E-02 3.87787E-04 1.41996E-04
 2.13305E-02 3.48350E-04 3.06487E-02 5.15861E-04 8.04826E-02 4.66452E-02 7.89168E-04 6.72740E-02 2.13349E-02 3.48426E-04 1.53061E-04
 1.83838E-02 2.14980E-04 2.66588E-02 3.23096E-04 6.92455E-02 4.06374E-02 4.95494E-04 5.82498E-02 1.83906E-02 2.15064E-04 2.26218E-04
 1.59775E-02 1.40122E-04 2.33394E-02 2.13252E-04 6.01782E-02 3.56222E-02 3.27713E-04 5.08777E-02 1.59889E-02 1.40227E-04 3.53875E-04
 1.39681E-02 9.68485E-05 2.05267E-02 1.48863E-04 5.26676E-02 3.13611E-02 2.29132E-04 4.47113E-02 1.39889E-02 9.69992E-05 5.85615E-04
 1.22584E-02 7.06944E-05 1.81062E-02 1.09456E-04 4.63059E-02 2.76870E-02 1.68673E-04 3.94484E-02 1.23015E-02 7.09553E-05 1.02316E-03
 1.07838E-02 5.39109E-05 1.60001E-02 8.39019E-05 4.08275E-02 2.44850E-02 1.29400E-04 3.48887E-02 1.08892E-02 5.44655E-05 1.87466E-03
 9.49804E-03 4.23732E-05 1.41507E-02 6.61965E-05 3.60480E-02 2.16698E-02 1.02154E-04 3.08911E-02 9.80323E-03 4.38083E-05 3.52987E-03
 8.36834E-03 3.39109E-05 1.25161E-02 5.31356E-05 3.18409E-02 1.91791E-02 8.20377E-05 2.73577E-02 9.31606E-03 3.79588E-05 6.49565E-03
 7.37216E-03 2.73917E-05 1.10671E-02 4.30291E-05 2.81213E-02 1.69690E-02 6.64604E-05 2.42222E-02 9.89781E-03 3.72751E-05 1.06341E-02
 6.49207E-03 2.22127E-05 9.78065E-03 3.49721E-05 2.48257E-02 1.50054E-02 5.40350E-05 2.14346E-02 1.11373E-02 3.89307E-05 1.40884E-02
 5.71409E-03 1.80321E-05 8.63826E-03 2.84492E-05 2.19036E-02 1.32603E-02 4.39709E-05 1.89551E-02 1.15626E-02 3.74164E-05 1.51360E-02
 5.02642E-03 1.46338E-05 7.62402E-03 2.31336E-05 1.93128E-02 1.17097E-02 3.57662E-05 1.67500E-02 1.09127E-02 3.26052E-05 1.43589E-02
 4.41878E-03 1.18651E-05 6.72401E-03 1.87928E-05 1.70168E-02 1.03328E-02 2.90637E-05 1.47902E-02 9.82408E-03 2.70627E-05 1.29391E-02
 3.88214E-03 9.60941E-06 5.92592E-03 1.52484E-05 1.49831E-02 9.11102E-03 2.35889E-05 1.30495E-02 8.69831E-03 2.20738E-05 1.14617E-02
 3.40847E-03 7.77305E-06 5.21869E-03 1.23568E-05 1.31831E-02 8.02761E-03 1.91211E-05 1.15046E-02 7.66200E-03 1.79007E-05 1.00999E-02
 2.99066E-03 6.27987E-06 4.59246E-03 1.00007E-05 1.15910E-02 7.06767E-03 1.54795E-05 1.01347E-02 6.73723E-03 1.44826E-05 8.88395E-03
 2.62302E-03 5.06884E-06 4.03937E-03 8.08605E-06 1.01864E-02 6.21932E-03 1.25192E-05 8.92302E-03 5.92005E-03 1.17033E-05 7.80893E-03
 2.29932E-03 4.08692E-06 3.55064E-03 6.53056E-06 8.94650E-03 5.46926E-03 1.01135E-05 7.85095E-03 5.19868E-03 9.44647E-06 6.85951E-03
 6.97539E-02 1.44277E-02 8.85611E-02 1.85580E-02 2.78498E-01 1.31692E-01 2.76681E-02 2.12690E-01 6.97549E-02 1.44279E-02 3.97628E-05
 5.57720E-02 8.07112E-03 7.29605E-02 1.07018E-02 2.19575E-01 1.09139E-01 1.60500E-02 1.71532E-01 5.57730E-02 8.07128E-03 4.18241E-05
 4.46793E-02 4.45816E-03 6.01061E-02 6.08374E-03 1.73519E-01 9.03926E-02 9.17366E-03 1.38382E-01 4.46804E-02 4.45828E-03 4.51526E-05
 3.60182E-02 2.45385E-03 4.96839E-02 3.43790E-03 1.38121E-01 7.50670E-02 5.20893E-03 1.12164E-01 3.60195E-02 2.45394E-03 5.03772E-05
 2.93412E-02 1.35958E-03 4.13535E-02 1.94977E-03 1.11270E-01 6.27236E-02 2.96642E-03 9.17455E-02 2.93428E-02 1.35965E-03 5.84865E-05
 2.42283E-02 7.65929E-04 3.47591E-02 1.12090E-03 9.10448E-02 5.28867E-02 1.71133E-03 7.60024E-02 2.42303E-02 7.65995E-04 7.10651E-05
 2.02989E-02 4.42587E-04 2.95392E-02 6.59142E-04 7.57595E-02 4.50554E-02 1.00932E-03 6.38634E-02 2.03016E-02 4.42647E-04 9.07062E-05
 1.78630E-02 2.96025E-04 2.62278E-02 4.46178E-04 6.64228E-02 4.00657E-02 6.84573E-04 5.63343E-02 1.78664E-02 2.96084E-04 1.13404E-04
 1.72504E-02 2.64770E-04 2.53852E-02 4.00363E-04 6.40887E-02 3.87933E-02 6.14606E-04 5.44374E-02 1.72541E-02 2.64828E-04 1.21884E-04
 1.47001E-02 1.60272E-04 2.18334E-02 2.45821E-04 5.44651E-02 3.34175E-02 3.78240E-04 4.65529E-02 1.47057E-02 1.60336E-04 1.77933E-04
 1.26597E-02 1.02833E-04 1.89384E-02 1.59616E-04 4.68657E-02 2.90213E-02 2.46068E-04 4.02515E-02 1.26689E-02 1.02911E-04 2.75595E-04
 1.09841E-02 7.01888E-05 1.65268E-02 1.09970E-04 4.06843E-02 2.53499E-02 1.69784E-04 3.50778E-02 1.10008E-02 7.03002E-05 4.52382E-04
 9.57734E-03 5.07361E-05 1.44797E-02 8.00362E-05 3.55237E-02 2.22275E-02 1.23701E-04 3.07274E-02 9.61180E-03 5.09270E-05 7.84951E-04
 8.37670E-03 3.84003E-05 1.27177E-02 6.08657E-05 3.11298E-02 1.95360E-02 9.41416E-05 2.70023E-02 8.46061E-03 3.88032E-05 1.42949E-03
 7.33853E-03 3.00018E-05 1.11838E-02 4.77172E-05 2.73308E-02 1.71905E-02 7.38438E-05 2.37670E-02 7.58033E-03 3.10381E-05 2.67675E-03
 6.43267E-03 2.38893E-05 9.83808E-03 3.80966E-05 2.40115E-02 1.51307E-02 5.89799E-05 2.09297E-02 7.17980E-03 2.67979E-05 4.90017E-03
 5.63870E-03 1.92094E-05 8.65282E-03 3.07015E-05 2.10957E-02 1.33150E-02 4.75473E-05 1.84290E-02 7.61966E-03 2.62781E-05 7.98237E-03
 4.94119E-03 1.55109E-05 7.60694E-03 2.48389E-05 1.85276E-02 1.17116E-02 3.84795E-05 1.62198E-02 8.56575E-03 2.74136E-05 1.05236E-02
 4.32791E-03 1.25390E-05 6.68351E-03 2.01160E-05 1.62635E-02 1.02951E-02 3.11717E-05 1.42667E-02 8.86750E-03 2.62784E-05 1.12502E-02
 3.78864E-03 1.01335E-05 5.86830E-03 1.62850E-05 1.42672E-02 9.04367E-03 2.52418E-05 1.25399E-02 8.33377E-03 2.28147E-05 1.06189E-02
 3.31460E-03 8.18202E-06 5.14894E-03 1.31707E-05 1.25076E-02 7.93873E-03 2.04197E-05 1.10141E-02 7.46662E-03 1.88579E-05 9.52075E-03
 2.89808E-03 6.59866E-06 4.51456E-03 1.06391E-05 1.09575E-02 6.96373E-03 1.64988E-05 9.66661E-03 6.57841E-03 1.53153E-05 8.39114E-03
 2.53231E-03 5.31509E-06 3.95549E-03 8.58300E-06 9.59282E-03 6.10399E-03 1.33135E-05 8.47754E-03 5.76592E-03 1.23657E-05 7.35705E-03
 2.21129E-03 4.27582E-06 3.46315E-03 6.91530E-06 8.39223E-03 5.34644E-03 1.07291E-05 7.42908E-03 5.04487E-03 9.96039E-06 6.43891E-03
 1.93026E-03 3.43657E-06 3.03070E-03 5.56622E-06 7.33870E-03 4.68068E-03 8.63795E-06 6.50703E-03 4.41114E-03 8.01349E-06 5.63163E-03
 1.68407E-03 2.75900E-06 2.65063E-03 4.47522E-06 6.41367E-03 4.09527E-03 6.94640E-06 5.69574E-03 3.85464E-03 6.43964E-06 4.92246E-03
 6.47883E-02 1.35411E-02 8.35004E-02 1.76704E-02 2.57574E-01 1.24539E-01 2.64197E-02 1.98946E-01 6.47892E-02 1.35413E-02 3.67753E-05
 5.04732E-02 7.29991E-03 6.71821E-02 9.84086E-03 1.97652E-01 1.00831E-01 1.48053E-02 1.56381E-01 5.04741E-02 7.30005E-03 3.76483E-05
 3.94019E-02 3.88190E-03 5.40437E-02 5.39581E-03 1.51995E-01 8.15691E-02 8.16382E-03 1.22911E-01 3.94030E-02 3.88200E-03 3.95518E-05
 3.09845E-02 2.05808E-03 4.36493E-02 2.94110E-03 1.17827E-01 6.62002E-02 4.47190E-03 9.71038E-02 3.09857E-02 2.05816E-03 4.29755E-05
 2.46650E-02 1.10052E-03 3.55463E-02 1.61127E-03 9.25931E-02 5.41271E-02 2.46018E-03 7.75225E-02 2.46664E-02 1.10058E-03 4.86693E-05
 1.99536E-02 6.00384E-04 2.92948E-02 8.97338E-04 7.40947E-02 4.47502E-02 1.37488E-03 6.28246E-02 1.99553E-02 6.00437E-04 5.78348E-05
 1.64255E-02 3.37366E-04 2.44714E-02 5.13080E-04 6.04814E-02 3.74744E-02 7.88382E-04 5.17899E-02 1.64278E-02 3.37413E-04 7.24140E-05
 1.42873E-02 2.21484E-04 2.14797E-02 3.40787E-04 5.23583E-02 3.29426E-02 5.24630E-04 4.51057E-02 1.42901E-02 2.21529E-04 8.93919E-05
 1.37558E-02 1.97130E-04 2.07275E-02 3.04258E-04 5.03525E-02 3.18008E-02 4.68629E-04 4.34427E-02 1.37589E-02 1.97174E-04 9.57605E-05
 1.15744E-02 1.16887E-04 1.76016E-02 1.82854E-04 4.22038E-02 2.70457E-02 2.82242E-04 3.66339E-02 1.15789E-02 1.16935E-04 1.37877E-04
 9.86706E-03 7.37730E-05 1.51101E-02 1.16696E-04 3.59171E-02 2.32438E-02 1.80439E-04 3.13202E-02 9.87444E-03 7.38300E-05 2.11214E-04
 8.49052E-03 4.97086E-05 1.30732E-02 7.93113E-05 3.09025E-02 2.01280E-02 1.22797E-04 2.70439E-02 8.50376E-03 4.97889E-05 3.43622E-04
 7.35152E-03 3.55762E-05 1.13699E-02 5.71168E-05 2.67813E-02 1.75180E-02 8.85178E-05 2.35057E-02 7.37861E-03 3.57126E-05 5.91798E-04
 6.39041E-03 2.67202E-05 9.92105E-03 4.30827E-05 2.33153E-02 1.52950E-02 6.68119E-05 2.05147E-02 6.45597E-03 2.70058E-05 1.07074E-03
 5.56671E-03 2.07478E-05 8.67174E-03 3.35543E-05 2.03473E-02 1.33762E-02 5.20593E-05 1.79431E-02 5.75464E-03 2.14778E-05 1.99314E-03
 4.85325E-03 1.64341E-05 7.58421E-03 2.66391E-05 1.77746E-02 1.17045E-02 4.13448E-05 1.57065E-02 5.43082E-03 1.84721E-05 3.62862E-03
 4.23190E-03 1.31518E-05 6.63293E-03 2.13590E-05 1.55300E-02 1.02413E-02 3.31594E-05 1.37496E-02 5.75496E-03 1.80801E-05 5.87990E-03
 3.68925E-03 1.05715E-05 5.79886E-03 1.71970E-05 1.35653E-02 8.95745E-03 2.67047E-05 1.20322E-02 6.46067E-03 1.88304E-05 7.71162E-03
 3.21479E-03 8.50798E-06 5.06692E-03 1.38614E-05 1.18435E-02 7.83017E-03 2.15299E-05 1.05235E-02 6.66671E-03 1.79961E-05 8.20077E-03
 2.79986E-03 6.84535E-06 4.42458E-03 1.11689E-05 1.03341E-02 6.84034E-03 1.73516E-05 9.19783E-03 6.23694E-03 1.55613E-05 7.69956E-03
 2.43709E-03 5.50250E-06 3.86108E-03 8.99045E-06 9.01134E-03 5.97154E-03 1.39702E-05 8.03351E-03 5.55963E-03 1.28054E-05 6.86650E-03
 2.12004E-03 4.41783E-06 3.36703E-03 7.22804E-06 7.85264E-03 5.20943E-03 1.12339E-05 7.01148E-03 4.87269E-03 1.03521E-05 6.01959E-03
 1.84310E-03 3.54247E-06 2.93414E-03 5.80352E-06 6.83828E-03 4.54133E-03 9.02167E-06 6.11497E-03 4.24844E-03 8.31952E-06 5.24974E-03
 1.60134E-03 2.83690E-06 2.55511E-03 4.65359E-06 5.95088E-03 3.95608E-03 7.23548E-06 5.32915E-03 3.69765E-03 6.66994E-06 4.57027E-03
 1.39082E-03 2.26975E-06 2.22410E-03 3.72790E-06 5.17657E-03 3.44475E-03 5.79727E-06 4.64219E-03 3.21629E-03 5.34111E-06 3.97626E-03
 1.20737E-03 1.81396E-06 1.93485E-03 2.98291E-06 4.50048E-03 2.99772E-03 4.63957E-06 4.04130E-03 2.79594E-03 4.27198E-06 3.45735E-03
 6.01724E-02 1.26886E-02 7.87406E-02 1.68018E-02 2.38475E-01 1.17792E-01 2.51922E-02 1.86295E-01 6.01732E-02 1.26888E-02 3.40485E-05
 4.56181E-02 6.57948E-03 6.17899E-02 9.01917E-03 1.77896E-01 9.30440E-02 1.36113E-02 1.42543E-01 4.56190E-02 6.57960E-03 3.38853E-05
 3.46443E-02 3.35991E-03 4.84502E-02 4.75728E-03 1.32903E-01 7.33856E-02 7.22157E-03 1.08954E-01 3.46452E-02 3.36000E-03 3.45835E-05
 2.65177E-02 1.71042E-03 3.81489E-02 2.49302E-03 1.00112E-01 5.80722E-02 3.80357E-03 8.37045E-02 2.65188E-02 1.71049E-03 3.65141E-05
 2.05801E-02 8.79732E-04 3.03205E-02 1.31462E-03 7.65529E-02 4.63445E-02 2.01417E-03 6.50535E-02 2.05813E-02 8.79783E-04 4.02382E-05
 1.62731E-02 4.63229E-04 2.44392E-02 7.06770E-04 5.97618E-02 3.74749E-02 1.08657E-03 5.14395E-02 1.62745E-02 4.63271E-04 4.66473E-05
 1.31339E-02 2.52394E-04 2.00205E-02 3.91724E-04 4.77420E-02 3.07743E-02 6.03883E-04 4.14985E-02 1.31357E-02 2.52429E-04 5.71613E-05
 1.12754E-02 1.62349E-04 1.73443E-02 2.54799E-04 4.07434E-02 2.66999E-02 3.93493E-04 3.56255E-02 1.12776E-02 1.62382E-04 6.95618E-05
 1.08191E-02 1.43727E-04 1.66799E-02 2.26237E-04 3.90375E-02 2.56863E-02 3.49544E-04 3.41836E-02 1.08216E-02 1.43760E-04 7.42418E-05
 8.97451E-03 8.33447E-05 1.39611E-02 1.32843E-04 3.22151E-02 2.15303E-02 2.05647E-04 2.83740E-02 8.97811E-03 8.33791E-05 1.05246E-04
 7.56445E-03 5.16980E-05 1.18461E-02 8.32378E-05 2.70813E-02 1.82879E-02 1.29056E-04 2.39547E-02 7.57024E-03 5.17387E-05 1.59256E-04
 6.44999E-03 3.43733E-05 1.01521E-02 5.57730E-05 2.30720E-02 1.56852E-02 8.65747E-05 2.04747E-02 6.46028E-03 3.44298E-05 2.56555E-04
 5.54233E-03 2.43522E-05 8.75871E-03 3.97310E-05 1.98326E-02 1.35409E-02 6.17244E-05 1.76457E-02 5.56323E-03 2.44472E-05 4.38267E-04
 4.78586E-03 1.81474E-05 7.58884E-03 2.97183E-05 1.71444E-02 1.17385E-02 4.61948E-05 1.52870E-02 4.83609E-03 1.83446E-05 7.87406E-04
 4.14383E-03 1.40021E-05 6.59040E-03 2.29890E-05 1.48664E-02 1.01988E-02 3.57484E-05 1.32812E-02 4.28697E-03 1.45030E-05 1.45649E-03
 3.59209E-03 1.10303E-05 5.72854E-03 1.81448E-05 1.29084E-02 8.86877E-03 2.82236E-05 1.15521E-02 4.02946E-03 1.24209E-05 2.63605E-03
 3.11483E-03 8.78312E-06 4.98015E-03 1.44708E-05 1.12124E-02 7.71319E-03 2.25142E-05 1.00507E-02 4.26150E-03 1.21284E-05 4.24759E-03
 2.70057E-03 7.02607E-06 4.32837E-03 1.15918E-05 9.73772E-03 6.70623E-03 1.80386E-05 8.74233E-03 4.77496E-03 1.26038E-05 5.54009E-03
 2.34051E-03 5.62789E-06 3.76005E-03 9.29676E-06 8.45335E-03 5.82778E-03 1.44698E-05 7.60048E-03 4.90915E-03 1.20037E-05 5.85872E-03
 2.02742E-03 4.50676E-06 3.26440E-03 7.45363E-06 7.33429E-03 5.06131E-03 1.16031E-05 6.60367E-03 4.57011E-03 1.03344E-05 5.46973E-03
 1.75524E-03 3.60554E-06 2.83227E-03 5.96997E-06 6.35943E-03 4.39275E-03 9.29509E-06 5.73373E-03 4.05181E-03 8.46391E-06 4.85042E-03
 1.51870E-03 2.88104E-06 2.45570E-03 4.77567E-06 5.51058E-03 3.80991E-03 7.43682E-06 4.97490E-03 3.53150E-03 6.80903E-06 4.22822E-03
 1.31324E-03 2.29914E-06 2.12775E-03 3.81521E-06 4.77188E-03 3.30212E-03 5.94212E-06 4.31343E-03 3.06193E-03 5.44516E-06 3.66675E-03
 1.13488E-03 1.83235E-06 1.84233E-03 3.04382E-06 4.12944E-03 2.86001E-03 4.74143E-06 3.73723E-03 2.65013E-03 4.34386E-06 3.17427E-03
 9.80446E-04 1.45898E-06 1.59459E-03 2.42605E-06 3.57221E-03 2.47612E-03 3.77968E-06 3.23667E-03 2.29240E-03 3.46120E-06 2.74633E-03
 8.46615E-04 1.16037E-06 1.37940E-03 1.93142E-06 3.08850E-03 2.14254E-03 3.00950E-06 2.80152E-03 1.98182E-03 2.75461E-06 2.37470E-03
 5.58916E-02 1.18722E-02 7.42645E-02 1.59534E-02 2.21044E-01 1.11423E-01 2.39869E-02 1.74629E-01 5.58924E-02 1.18724E-02 3.15598E-05
 4.11824E-02 5.90995E-03 5.67649E-02 8.23801E-03 1.60102E-01 8.57539E-02 1.24704E-02 1.29896E-01 4.11832E-02 5.91007E-03 3.04960E-05
 3.03690E-02 2.89014E-03 4.33006E-02 4.16801E-03 1.15978E-01 6.58116E-02 6.34747E-03 9.63639E-02 3.03698E-02 2.89022E-03 3.01794E-05
 2.25752E-02 1.40790E-03 3.31566E-02 2.09240E-03 8.46899E-02 5.06527E-02 3.20289E-03 7.18101E-02 2.25761E-02 1.40796E-03 3.08893E-05
 1.70379E-02 6.93862E-04 2.56482E-02 1.05774E-03 6.28457E-02 3.93441E-02 1.62591E-03 5.41731E-02 1.70389E-02 6.93904E-04 3.30334E-05
 1.31323E-02 3.51265E-04 2.01596E-02 5.46696E-04 4.77228E-02 3.10236E-02 8.43160E-04 4.16682E-02 1.31335E-02 3.51297E-04 3.72503E-05
 1.03653E-02 1.84925E-04 1.61506E-02 2.92614E-04 3.72098E-02 2.49132E-02 4.52469E-04 3.28030E-02 1.03668E-02 1.84952E-04 4.45513E-05
 8.76735E-03 1.16281E-04 1.37831E-02 1.85941E-04 3.12446E-02 2.12912E-02 2.87988E-04 2.77018E-02 8.76915E-03 1.16305E-04 5.33446E-05
 8.38012E-03 1.02336E-04 1.32032E-02 1.64089E-04 2.98105E-02 2.04024E-02 2.54250E-04 2.64671E-02 8.38205E-03 1.02360E-04 5.66940E-05
 6.83942E-03 5.79120E-05 1.08694E-02 9.39214E-05 2.41702E-02 1.68187E-02 1.45781E-04 2.15774E-02 6.84223E-03 5.79363E-05 7.89636E-05
 5.69152E-03 3.52606E-05 9.10157E-03 5.76986E-05 2.00385E-02 1.40968E-02 8.96778E-05 1.79593E-02 5.69597E-03 3.52888E-05 1.17841E-04
 4.80373E-03 2.31191E-05 7.71730E-03 3.80854E-05 1.68853E-02 1.19612E-02 5.92533E-05 1.51772E-02 4.81156E-03 2.31577E-05 1.87764E-04
 4.09325E-03 1.62078E-05 6.59940E-03 2.68257E-05 1.43848E-02 1.02341E-02 4.17645E-05 1.29588E-02 4.10901E-03 1.62720E-05 3.17892E-04
 3.50916E-03 1.19808E-05 5.67422E-03 1.98916E-05 1.23400E-02 8.80330E-03 3.09832E-05 1.11371E-02 3.54678E-03 1.21130E-05 5.66792E-04
 3.01866E-03 9.18347E-06 4.89344E-03 1.52794E-05 1.06269E-02 7.59487E-03 2.38067E-05 9.60627E-03 3.12515E-03 9.51684E-06 1.04129E-03
 2.60071E-03 7.19292E-06 4.22560E-03 1.19861E-05 9.16767E-03 6.56062E-03 1.86797E-05 8.29916E-03 2.92408E-03 8.11295E-06 1.87271E-03
 2.24180E-03 5.69714E-06 3.65022E-03 9.50549E-06 7.91355E-03 5.66912E-03 1.48164E-05 7.17345E-03 3.08432E-03 7.89819E-06 2.99943E-03
 1.93232E-03 4.53412E-06 3.15268E-03 7.57326E-06 6.83069E-03 4.89788E-03 1.18065E-05 6.19969E-03 3.44701E-03 8.18429E-06 3.88900E-03
 1.66499E-03 3.61350E-06 2.72178E-03 6.04159E-06 5.89381E-03 4.22968E-03 9.42005E-06 5.35581E-03 3.52892E-03 7.76376E-06 4.08821E-03
 1.43397E-03 2.87906E-06 2.34847E-03 4.81819E-06 5.08276E-03 3.65056E-03 7.51355E-06 4.62412E-03 3.26762E-03 6.65229E-06 3.79389E-03
 1.23432E-03 2.29167E-06 2.02510E-03 3.83866E-06 4.38071E-03 3.14874E-03 5.98685E-06 3.98983E-03 2.88025E-03 5.42056E-06 3.34412E-03
 1.06186E-03 1.82187E-06 1.74513E-03 3.05439E-06 3.77326E-03 2.71413E-03 4.76431E-06 3.44022E-03 2.49552E-03 4.33802E-06 2.89765E-03
 9.12949E-04 1.44645E-06 1.50288E-03 2.42707E-06 3.24794E-03 2.33793E-03 3.78626E-06 2.96429E-03 2.15085E-03 3.45087E-06 2.49781E-03
 7.84445E-04 1.14686E-06 1.29339E-03 1.92595E-06 2.79393E-03 2.01251E-03 3.00487E-06 2.55242E-03 1.85053E-03 2.73836E-06 2.14942E-03
 6.73848E-04 9.08465E-07 1.11272E-03 1.52683E-06 2.40262E-03 1.73178E-03 2.38244E-06 2.19698E-03 1.59129E-03 2.17040E-06 1.84861E-03
 5.78571E-04 7.18802E-07 9.56784E-04 1.20901E-06 2.06505E-03 1.48941E-03 1.88673E-06 1.89000E-03 1.36761E-03 1.71817E-06 1.58901E-03
 5.19116E-02 1.10900E-02 7.00408E-02 1.51233E-02 2.05062E-01 1.05391E-01 2.28016E-02 1.63818E-01 5.19123E-02 1.10901E-02 2.92779E-05
 3.71310E-02 5.28962E-03 5.20792E-02 7.49716E-03 1.44042E-01 7.89236E-02 1.13828E-02 1.18307E-01 3.71317E-02 5.28973E-03 2.74368E-05
 2.65406E-02 2.47023E-03 3.85710E-02 3.62756E-03 1.00991E-01 5.88178E-02 5.54162E-03 8.50131E-02 2.65414E-02 2.47030E-03 2.62795E-05
 1.91150E-02 1.14725E-03 2.86472E-02 1.73765E-03 7.13096E-02 4.39123E-02 2.66823E-03 6.12833E-02 1.91158E-02 1.14730E-03 2.60091E-05
 1.39881E-02 5.39381E-04 2.14994E-02 8.38177E-04 5.11939E-02 3.30918E-02 1.29239E-03 4.47309E-02 1.39890E-02 5.39414E-04 2.69089E-05
 1.04771E-02 2.61322E-04 1.64222E-02 4.14435E-04 3.76867E-02 2.53560E-02 6.41066E-04 3.33475E-02 1.04781E-02 2.61347E-04 2.94166E-05
 8.06192E-03 1.32351E-04 1.28233E-02 2.13238E-04 2.85847E-02 1.98447E-02 3.30648E-04 2.55300E-02 8.06308E-03 1.32370E-04 3.42245E-05
 6.70429E-03 8.11233E-05 1.07551E-02 1.31973E-04 2.35618E-02 1.66659E-02 2.04939E-04 2.11569E-02 6.70569E-03 8.11406E-05 4.02277E-05
 6.37972E-03 7.09213E-05 1.02559E-02 1.15663E-04 2.23718E-02 1.58974E-02 1.79678E-04 2.01146E-02 6.38122E-03 7.09383E-05 4.25472E-05
 5.11045E-03 3.90554E-05 8.28254E-03 6.43418E-05 1.77752E-02 1.28545E-02 1.00104E-04 1.60629E-02 5.11259E-03 3.90720E-05 5.80716E-05
 4.19083E-03 2.32998E-05 6.83078E-03 3.86807E-05 1.45051E-02 1.06104E-02 6.02482E-05 1.31541E-02 4.19416E-03 2.33187E-05 8.53010E-05
 3.49650E-03 1.50499E-05 5.72230E-03 2.51254E-05 1.20719E-02 8.89404E-03 3.91671E-05 1.09751E-02 3.50230E-03 1.50754E-05 1.34241E-04
 2.95157E-03 1.04349E-05 4.84527E-03 1.74877E-05 1.01819E-02 7.53433E-03 2.72762E-05 9.27435E-03 2.96315E-03 1.04767E-05 2.25018E-04
 2.51033E-03 7.64845E-06 4.13099E-03 1.28500E-05 8.66113E-03 6.42598E-03 2.00499E-05 7.90110E-03 2.53776E-03 7.73387E-06 3.97843E-04
 2.14414E-03 5.82217E-06 3.53569E-03 9.79784E-06 7.40299E-03 5.50165E-03 1.52913E-05 6.76203E-03 2.22122E-03 6.03617E-06 7.25491E-04
 1.83502E-03 4.53242E-06 3.03155E-03 7.63647E-06 6.34198E-03 4.71848E-03 1.19201E-05 5.79951E-03 2.06748E-03 5.11934E-06 1.29584E-03
 1.57165E-03 3.56949E-06 2.60089E-03 6.01979E-06 5.43771E-03 4.04919E-03 9.39786E-06 4.97784E-03 2.17326E-03 4.96533E-06 2.06197E-03
 1.34617E-03 2.82515E-06 2.23133E-03 4.76844E-06 4.66279E-03 3.47467E-03 7.44518E-06 4.27269E-03 2.42052E-03 5.12666E-06 2.65642E-03
 1.15271E-03 2.23924E-06 1.91358E-03 3.78236E-06 3.99707E-03 2.98054E-03 5.90622E-06 3.66613E-03 2.46596E-03 4.84112E-06 2.77460E-03
 9.86600E-04 1.77439E-06 1.64023E-03 2.99929E-06 3.42473E-03 2.55533E-03 4.68393E-06 3.14400E-03 2.26994E-03 4.12639E-06 2.55825E-03
 8.43981E-04 1.40464E-06 1.40510E-03 2.37593E-06 2.93266E-03 2.18946E-03 3.71080E-06 2.69458E-03 1.98832E-03 3.34382E-06 2.24041E-03
 7.21570E-04 1.11054E-06 1.20292E-03 1.87969E-06 2.50976E-03 1.87479E-03 2.93604E-06 2.30792E-03 1.71175E-03 2.66100E-06 1.92878E-03
 6.16551E-04 8.76818E-07 1.02917E-03 1.48505E-06 2.14649E-03 1.60430E-03 2.31984E-06 1.97543E-03 1.46590E-03 2.10482E-06 1.65195E-03
 5.26501E-04 6.91338E-07 8.79947E-04 1.17163E-06 1.83463E-03 1.37194E-03 1.83040E-06 1.68970E-03 1.25317E-03 1.66071E-06 1.41241E-03
 4.49498E-04 5.44587E-07 7.52140E-04 9.23481E-07 1.56765E-03 1.17287E-03 1.44284E-06 1.44485E-03 1.07077E-03 1.30877E-06 1.20700E-03
 3.83584E-04 4.28488E-07 6.42575E-04 7.27027E-07 1.33886E-03 1.00219E-03 1.13600E-06 1.23484E-03 9.14444E-04 1.03016E-06 1.03092E-03
 4.82176E-02 1.03430E-02 6.60543E-02 1.43127E-02 1.90402E-01 9.96744E-02 2.16375E-02 1.53778E-01 4.82183E-02 1.03431E-02 2.71848E-05
 3.34397E-02 4.71761E-03 4.77149E-02 6.79729E-03 1.29551E-01 7.25304E-02 1.03500E-02 1.07683E-01 3.34404E-02 4.71770E-03 2.46767E-05
 2.31240E-02 2.09742E-03 3.42386E-02 3.13511E-03 8.77374E-02 5.23771E-02 4.80359E-03 7.47901E-02 2.31247E-02 2.09749E-03 2.28308E-05
 1.60924E-02 9.24812E-04 2.45925E-02 1.42658E-03 5.97348E-02 3.78176E-02 2.19707E-03 5.19964E-02 1.60931E-02 9.24851E-04 2.17874E-05
 1.13807E-02 4.12687E-04 1.78402E-02 6.53045E-04 4.13393E-02 2.75458E-02 1.00981E-03 3.65797E-02 1.13814E-02 4.12712E-04 2.17290E-05
 8.25296E-03 1.90291E-04 1.31893E-02 3.07096E-04 2.93856E-02 2.04260E-02 4.76305E-04 2.63220E-02 8.25374E-03 1.90309E-04 2.29371E-05
 6.16749E-03 9.22157E-05 9.99721E-03 1.51037E-04 2.15942E-02 1.55160E-02 2.34781E-04 1.95147E-02 6.16840E-03 9.22294E-05 2.58548E-05
 5.02846E-03 5.48944E-05 8.21637E-03 9.06962E-05 1.74224E-02 1.27675E-02 1.41166E-04 1.58227E-02 5.02953E-03 5.49063E-05 2.97457E-05
 4.76060E-03 4.76302E-05 7.79337E-03 7.88638E-05 1.64502E-02 1.21136E-02 1.22789E-04 1.49572E-02 4.76174E-03 4.76418E-05 3.12855E-05
 3.73126E-03 2.54301E-05 6.15384E-03 4.24739E-05 1.27662E-02 9.57580E-03 6.62154E-05 1.16605E-02 3.73285E-03 2.54410E-05 4.17074E-05
 3.00802E-03 1.48296E-05 4.98607E-03 2.49260E-05 1.02282E-02 7.76445E-03 3.88947E-05 9.37108E-03 3.01046E-03 1.48418E-05 6.01501E-05
 2.47646E-03 9.42358E-06 4.11927E-03 1.59104E-05 8.39215E-03 6.41794E-03 2.48427E-05 7.70525E-03 2.48064E-03 9.43973E-06 9.33237E-05
 2.06839E-03 6.45664E-06 3.44918E-03 1.09337E-05 6.99876E-03 5.37589E-03 1.70794E-05 6.43579E-03 2.07664E-03 6.48281E-06 1.54676E-04
 1.74360E-03 4.69006E-06 2.91324E-03 7.95712E-06 5.89782E-03 4.54187E-03 1.24331E-05 5.42987E-03 1.76296E-03 4.74300E-06 2.70928E-04
 1.47760E-03 3.54392E-06 2.47277E-03 6.01985E-06 4.99967E-03 3.85607E-03 9.40770E-06 4.60752E-03 1.53158E-03 3.67553E-06 4.90023E-04
 1.25538E-03 2.74084E-06 2.10386E-03 4.65968E-06 4.25055E-03 3.28147E-03 7.28295E-06 3.92056E-03 1.41698E-03 3.09935E-06 8.68699E-04
 1.06769E-03 2.14528E-06 1.79163E-03 3.64966E-06 3.61794E-03 2.79500E-03 5.70488E-06 3.33970E-03 1.48286E-03 2.99249E-06 1.37245E-03
 9.08242E-04 1.68779E-06 1.52592E-03 2.87303E-06 3.08024E-03 2.38090E-03 4.49128E-06 2.84545E-03 1.64428E-03 3.07603E-06 1.75579E-03
 7.72434E-04 1.32982E-06 1.29925E-03 2.26490E-06 2.62185E-03 2.02756E-03 3.54089E-06 2.42370E-03 1.66568E-03 2.88957E-06 1.82112E-03
 6.56656E-04 1.04751E-06 1.10571E-03 1.78497E-06 2.23067E-03 1.72581E-03 2.79078E-06 2.06346E-03 1.52329E-03 2.44877E-06 1.66738E-03
 5.57944E-04 8.24288E-07 9.40480E-04 1.40529E-06 1.89682E-03 1.46813E-03 2.19730E-06 1.75575E-03 1.32518E-03 1.97247E-06 1.45001E-03
 4.73807E-04 6.47796E-07 7.99456E-04 1.10491E-06 1.61198E-03 1.24817E-03 1.72775E-06 1.49300E-03 1.13296E-03 1.56012E-06 1.23960E-03
 4.02125E-04 5.08386E-07 6.79156E-04 8.67515E-07 1.36907E-03 1.06049E-03 1.35662E-06 1.26876E-03 9.63508E-04 1.22646E-06 1.05428E-03
 3.41086E-04 3.98418E-07 5.76593E-04 6.80160E-07 1.16204E-03 9.00463E-04 1.06370E-06 1.07750E-03 8.17979E-04 9.61713E-07 8.95141E-04
 2.89255E-04 3.11948E-07 4.89402E-04 5.32764E-07 9.86095E-04 7.64393E-04 8.33238E-07 9.14832E-04 6.94114E-04 7.53233E-07 7.59676E-04
 2.45195E-04 2.43956E-07 4.15200E-04 4.16812E-07 8.36401E-04 6.48575E-04 6.51927E-07 7.76347E-04 5.88713E-04 5.89222E-07 6.44386E-04
 4.47813E-02 9.62956E-03 6.22798E-02 1.35203E-02 1.76897E-01 9.42381E-02 2.04932E-02 1.44410E-01 4.47820E-02 9.62971E-03 2.52567E-05
 3.00784E-02 4.19194E-03 4.36489E-02 6.13815E-03 1.16456E-01 6.65446E-02 9.37230E-03 9.79237E-02 3.00790E-02 4.19203E-03 2.21824E-05
 2.00833E-02 1.76862E-03 3.02785E-02 2.68930E-03 7.60254E-02 4.64585E-02 4.13217E-03 6.55878E-02 2.00839E-02 1.76867E-03 1.97831E-05
 1.34659E-02 7.36962E-04 2.09639E-02 1.15671E-03 4.97541E-02 3.23337E-02 1.78636E-03 4.38301E-02 1.34665E-02 7.36993E-04 1.81470E-05
 9.16877E-03 3.10300E-04 1.46387E-02 4.99367E-04 3.30574E-02 2.26672E-02 7.74185E-04 2.95919E-02 9.16935E-03 3.10320E-04 1.73759E-05
 6.40798E-03 1.35257E-04 1.04240E-02 2.21770E-04 2.25822E-02 1.61872E-02 3.44788E-04 2.04518E-02 6.40859E-03 1.35270E-04 1.76267E-05
 4.62923E-03 6.22991E-05 7.63124E-03 1.03531E-04 1.59984E-02 1.18739E-02 1.61282E-04 1.46080E-02 4.62992E-03 6.23085E-05 1.91550E-05
 3.68734E-03 3.58457E-05 6.12324E-03 6.00258E-05 1.25878E-02 9.53784E-03 9.36136E-05 1.15452E-02 3.68814E-03 3.58535E-05 2.14916E-05
 3.46950E-03 3.08284E-05 5.77133E-03 5.17190E-05 1.18071E-02 8.99194E-03 8.06803E-05 1.08404E-02 3.47035E-03 3.08360E-05 2.24551E-05
 2.65043E-03 1.58802E-05 4.43722E-03 2.68316E-05 8.91293E-03 6.91984E-03 4.18999E-05 8.21502E-03 2.65158E-03 1.58872E-05 2.91188E-05
 2.09395E-03 9.02205E-06 3.52064E-03 1.53197E-05 6.98852E-03 5.49387E-03 2.39401E-05 6.45797E-03 2.09567E-03 9.02954E-06 4.10985E-05
 1.69720E-03 5.62883E-06 2.86173E-03 9.58997E-06 5.63977E-03 4.46750E-03 1.49934E-05 5.22057E-03 1.70011E-03 5.63857E-06 6.27170E-05
 1.40019E-03 3.80676E-06 2.36561E-03 6.49951E-06 4.64270E-03 3.69406E-03 1.01647E-05 4.30276E-03 1.40585E-03 3.82232E-06 1.02608E-04
 1.16847E-03 2.73826E-06 1.97700E-03 4.68127E-06 3.87116E-03 3.08787E-03 7.32252E-06 3.59088E-03 1.18162E-03 2.76942E-06 1.77837E-04
 9.81517E-04 2.05261E-06 1.66265E-03 3.51191E-06 3.25161E-03 2.59732E-03 5.49401E-06 3.01834E-03 1.01786E-03 2.12944E-06 3.18724E-04
 8.27171E-04 1.57620E-06 1.40261E-03 2.69829E-06 2.74122E-03 2.19142E-03 4.22151E-06 2.54613E-03 9.35053E-04 1.78397E-06 5.60337E-04
 6.98070E-04 1.22543E-06 1.18478E-03 2.09873E-06 2.31459E-03 1.85133E-03 3.28370E-06 2.15105E-03 9.73014E-04 1.71303E-06 8.78309E-04
 5.89338E-04 9.57782E-07 1.00109E-03 1.64096E-06 1.95521E-03 1.56448E-03 2.56761E-06 1.81800E-03 1.07292E-03 1.75136E-06 1.11500E-03
 4.97469E-04 7.49731E-07 8.45706E-04 1.28496E-06 1.65140E-03 1.32181E-03 2.01067E-06 1.53625E-03 1.07973E-03 1.63537E-06 1.14763E-03
 4.19757E-04 5.86715E-07 7.14137E-04 1.00589E-06 1.39423E-03 1.11629E-03 1.57407E-06 1.29761E-03 9.80261E-04 1.37702E-06 1.04270E-03
 3.54009E-04 4.58667E-07 6.02713E-04 7.86604E-07 1.17650E-03 9.42217E-04 1.23097E-06 1.09544E-03 8.46363E-04 1.10186E-06 8.99831E-04
 2.98397E-04 3.58088E-07 5.08379E-04 6.14296E-07 9.92201E-04 7.94824E-04 9.61363E-07 9.24225E-04 7.18103E-04 8.65703E-07 7.63381E-04
 2.51377E-04 2.79167E-07 4.28552E-04 4.79044E-07 8.36274E-04 6.70080E-04 7.49726E-07 7.79289E-04 6.06060E-04 6.75985E-07 6.44305E-04
 2.11643E-04 2.17326E-07 3.61037E-04 3.73030E-07 7.04424E-04 5.64565E-04 5.83832E-07 6.56669E-04 5.10617E-04 5.26486E-07 5.42884E-04
 1.78162E-04 1.69029E-07 3.04103E-04 2.90206E-07 5.93255E-04 4.75575E-04 4.54220E-07 5.53234E-04 4.30030E-04 4.09574E-07 4.57245E-04
 1.49917E-04 1.31308E-07 2.56035E-04 2.25499E-07 4.99415E-04 4.00435E-04 3.52956E-07 4.65881E-04 3.61991E-04 3.18227E-07 3.84932E-04
 4.15801E-02 8.94835E-03 5.86950E-02 1.27451E-02 1.64416E-01 8.90513E-02 1.93674E-02 1.35629E-01 4.15807E-02 8.94848E-03 2.34747E-05
 2.70132E-02 3.70942E-03 3.98521E-02 5.51787E-03 1.04584E-01 6.09271E-02 8.44764E-03 8.89251E-02 2.70138E-02 3.70950E-03 1.99209E-05
 1.73768E-02 1.47971E-03 2.66566E-02 2.28729E-03 6.56557E-02 4.10171E-02 3.52380E-03 5.72879E-02 1.73773E-02 1.47976E-03 1.70848E-05
 1.11880E-02 5.79527E-04 1.77234E-02 9.24519E-04 4.11520E-02 2.74106E-02 1.43139E-03 3.66557E-02 1.11885E-02 5.79552E-04 1.50096E-05
 7.29980E-03 2.28577E-04 1.18526E-02 3.73559E-04 2.61207E-02 1.84002E-02 5.80492E-04 2.36286E-02 7.30027E-03 2.28591E-04 1.37298E-05
 4.88914E-03 9.33892E-05 8.08020E-03 1.55293E-04 1.70455E-02 1.25772E-02 2.41939E-04 1.55880E-02 4.88962E-03 9.33983E-05 1.33050E-05
 3.39400E-03 4.05291E-05 5.67673E-03 6.81935E-05 1.15688E-02 8.85165E-03 1.06426E-04 1.06567E-02 3.39451E-03 4.05353E-05 1.38514E-05
 2.62891E-03 2.23978E-05 4.42560E-03 3.79285E-05 8.83440E-03 6.90728E-03 5.92476E-05 8.16963E-03 2.62949E-03 2.24028E-05 1.50833E-05
 2.45530E-03 1.90612E-05 4.13943E-03 3.23265E-05 8.22102E-03 6.46202E-03 5.05076E-05 7.60914E-03 2.45590E-03 1.90659E-05 1.56350E-05
 1.81780E-03 9.40791E-06 3.08103E-03 1.60433E-05 6.00198E-03 4.81346E-03 2.50863E-05 5.57301E-03 1.81860E-03 9.41206E-06 1.96087E-05
 1.40138E-03 5.18300E-06 2.38345E-03 8.87034E-06 4.58553E-03 3.72548E-03 1.38773E-05 4.26657E-03 1.40255E-03 5.18733E-06 2.69670E-05
 1.11476E-03 3.16561E-06 1.90012E-03 5.43003E-06 3.62819E-03 2.97094E-03 8.49779E-06 3.38021E-03 1.11669E-03 3.17112E-06 4.03476E-05
 9.06404E-04 2.10944E-06 1.54720E-03 3.62327E-06 2.94164E-03 2.41963E-03 5.67136E-06 2.74295E-03 9.10108E-04 2.11812E-06 6.50144E-05
 7.47554E-04 1.50089E-06 1.27735E-03 2.57996E-06 2.42295E-03 1.99791E-03 4.03874E-06 2.26067E-03 7.56056E-04 1.51807E-06 1.11312E-04
 6.21655E-04 1.11514E-06 1.06306E-03 1.91771E-06 2.01406E-03 1.66292E-03 3.00223E-06 1.88006E-03 6.44911E-04 1.15711E-06 1.97433E-04
 5.19119E-04 8.49570E-07 8.88295E-04 1.46145E-06 1.68195E-03 1.38967E-03 2.28803E-06 1.57066E-03 5.87515E-04 9.62164E-07 3.43859E-04
 4.34302E-04 6.55582E-07 7.43587E-04 1.12801E-06 1.40752E-03 1.16338E-03 1.76606E-06 1.31484E-03 6.07052E-04 9.17804E-07 5.34237E-04
 3.63556E-04 5.08655E-07 6.22788E-04 8.75383E-07 1.17866E-03 9.74456E-04 1.37058E-06 1.10140E-03 6.64735E-04 9.32242E-07 6.72381E-04
 3.04319E-04 3.95273E-07 5.21569E-04 6.80383E-07 9.86982E-04 8.16139E-04 1.06530E-06 9.22562E-04 6.63803E-04 8.64484E-07 6.86166E-04
 2.54646E-04 3.07078E-07 4.36637E-04 5.28666E-07 8.26186E-04 6.83283E-04 8.27770E-07 7.72477E-04 5.97707E-04 7.22667E-07 6.18126E-04
 2.12979E-04 2.38306E-07 3.65350E-04 4.10336E-07 6.91245E-04 5.71764E-04 6.42507E-07 6.46478E-04 5.11732E-04 5.74013E-07 5.28897E-04
 1.78034E-04 1.84683E-07 3.05532E-04 3.18054E-07 5.78024E-04 4.78177E-04 4.98022E-07 5.40725E-04 4.30519E-04 4.47638E-07 4.44889E-04
 1.48739E-04 1.42917E-07 2.55358E-04 2.46163E-07 4.83068E-04 3.99674E-04 3.85461E-07 4.52002E-04 3.60280E-04 3.46928E-07 3.72313E-04
 1.24194E-04 1.10433E-07 2.13296E-04 1.90239E-07 4.03471E-04 3.33858E-04 2.97897E-07 3.77608E-04 3.00983E-04 2.68175E-07 3.11055E-04
 1.03688E-04 8.52547E-08 1.78140E-04 1.46885E-07 3.36949E-04 2.78845E-04 2.30012E-07 3.15416E-04 2.51357E-04 2.07060E-07 2.59787E-04
 8.65345E-05 6.57371E-08 1.48719E-04 1.13272E-07 2.81281E-04 2.32802E-04 1.77380E-07 2.63359E-04 2.09822E-04 1.59672E-07 2.16873E-04
 3.86083E-02 8.30163E-03 5.52993E-02 1.19908E-02 1.52898E-01 8.41151E-02 1.82657E-02 1.27406E-01 3.86089E-02 8.30176E-03 2.18302E-05
 2.42359E-02 3.27065E-03 3.63277E-02 4.93966E-03 9.38699E-02 5.56869E-02 7.58149E-03 8.06660E-02 2.42364E-02 3.27072E-03 1.78802E-05
 1.49875E-02 1.22904E-03 2.33728E-02 1.92960E-03 5.65394E-02 3.60590E-02 2.98010E-03 4.98597E-02 1.49879E-02 1.22907E-03 1.47125E-05
 9.23204E-03 4.49770E-04 1.48630E-02 7.28392E-04 3.38090E-02 2.30439E-02 1.13033E-03 3.04215E-02 9.23244E-03 4.49790E-04 1.23313E-05
 5.74210E-03 1.64827E-04 9.46480E-03 2.73096E-04 2.03872E-02 1.47266E-02 4.25244E-04 1.86136E-02 5.74247E-03 1.64838E-04 1.07161E-05
 3.66119E-03 6.24919E-05 6.13321E-03 1.05163E-04 1.26203E-02 9.56560E-03 1.64125E-04 1.16361E-02 3.66155E-03 6.24981E-05 9.85088E-06
 2.42323E-03 2.52710E-05 4.10193E-03 4.29522E-05 8.14032E-03 6.40721E-03 6.71306E-05 7.55267E-03 2.42360E-03 2.52749E-05 9.74647E-06
 1.81440E-03 1.33045E-05 3.08806E-03 2.27287E-05 5.99653E-03 4.82732E-03 3.55488E-05 5.58169E-03 1.81480E-03 1.33075E-05 1.02381E-05
 1.67923E-03 1.11794E-05 2.86146E-03 1.91197E-05 5.52671E-03 4.47386E-03 2.99090E-05 5.14807E-03 1.67965E-03 1.11822E-05 1.05109E-05
 1.19647E-03 5.23970E-06 2.04707E-03 8.99565E-06 3.87452E-03 3.20241E-03 1.40796E-05 3.61772E-03 1.19700E-03 5.24203E-06 1.26582E-05
 8.95123E-04 2.78132E-06 1.53517E-03 4.78576E-06 2.86801E-03 2.40243E-03 7.49283E-06 2.68175E-03 8.95874E-04 2.78366E-06 1.68665E-05
 6.95843E-04 1.65625E-06 1.19523E-03 2.85353E-06 2.21538E-03 1.87086E-03 4.46845E-06 2.07338E-03 6.97057E-04 1.65915E-06 2.46365E-05
 5.55946E-04 1.08474E-06 9.55834E-04 1.87014E-06 1.76376E-03 1.49633E-03 2.92880E-06 1.65163E-03 5.58235E-04 1.08922E-06 3.89822E-05
 4.52194E-04 7.62192E-07 7.77933E-04 1.31447E-06 1.43210E-03 1.21794E-03 2.05866E-06 1.34154E-03 4.57374E-04 7.70947E-07 6.57933E-05
 3.71672E-04 5.60638E-07 6.39691E-04 9.67017E-07 1.17623E-03 1.00157E-03 1.51453E-06 1.10214E-03 3.85675E-04 5.81810E-07 1.15308E-04
 3.07134E-04 4.23342E-07 5.28797E-04 7.30268E-07 9.71787E-04 8.27983E-04 1.14375E-06 9.10770E-04 3.47878E-04 4.79622E-07 1.98692E-04
 2.54428E-04 3.23945E-07 4.38183E-04 5.58848E-07 8.05068E-04 6.86128E-04 8.75280E-07 7.54654E-04 3.56302E-04 4.53899E-07 3.05621E-04
 2.10951E-04 2.49285E-07 3.63401E-04 4.30079E-07 6.67605E-04 5.69053E-04 6.73607E-07 6.25899E-04 3.86819E-04 4.57462E-07 3.80930E-04
 1.74916E-04 1.92140E-07 3.01397E-04 3.31511E-07 5.53673E-04 4.71977E-04 5.19230E-07 5.19161E-04 3.82797E-04 4.20830E-07 3.85021E-04
 1.44994E-04 1.48051E-07 2.49894E-04 2.55456E-07 4.59051E-04 3.91337E-04 4.00112E-07 4.30495E-04 3.41466E-04 3.48926E-07 3.43536E-04
 1.20136E-04 1.13952E-07 2.07094E-04 1.96631E-07 3.80423E-04 3.24321E-04 3.07978E-07 3.56803E-04 2.89590E-04 2.74866E-07 2.91149E-04
 9.94871E-05 8.75840E-08 1.71532E-04 1.51138E-07 3.15095E-04 2.68636E-04 2.36725E-07 2.95565E-04 2.41325E-04 2.12572E-07 2.42578E-04
 8.23418E-05 6.72159E-08 1.41996E-04 1.15995E-07 2.60837E-04 2.22385E-04 1.81682E-07 2.44697E-04 2.00042E-04 1.63373E-07 2.01080E-04
 6.81126E-05 5.15062E-08 1.17477E-04 8.88879E-08 2.15797E-04 1.83990E-04 1.39226E-07 2.02464E-04 1.65538E-04 1.25228E-07 1.66405E-04
 5.63397E-05 3.94327E-08 9.71869E-05 6.80539E-08 1.78524E-04 1.52215E-04 1.06594E-07 1.67509E-04 1.36946E-04 9.58797E-08 1.37671E-04
 4.65851E-05 3.01521E-08 8.03712E-05 5.20387E-08 1.47634E-04 1.25881E-04 8.15091E-08 1.38538E-04 1.13247E-04 7.33160E-08 1.13851E-04
 3.58414E-02 7.68704E-03 5.20706E-02 1.12558E-02 1.42222E-01 7.93994E-02 1.71864E-02 1.19668E-01 3.58419E-02 7.68715E-03 2.03059E-05
 2.17109E-02 2.87146E-03 3.30437E-02 4.40049E-03 8.41534E-02 5.07801E-02 6.77003E-03 7.30469E-02 2.17114E-02 2.87153E-03 1.60294E-05
 1.28746E-02 1.01212E-03 2.03892E-02 1.61233E-03 4.84967E-02 3.15320E-02 2.49574E-03 4.31881E-02 1.28750E-02 1.01215E-03 1.26197E-05
 7.55456E-03 3.43676E-04 1.23411E-02 5.64176E-04 2.75386E-02 1.91763E-02 8.77287E-04 2.50045E-02 7.55489E-03 3.43691E-04 1.00443E-05
 4.44968E-03 1.15828E-04 7.43083E-03 1.94196E-04 1.56674E-02 1.15841E-02 3.02913E-04 1.44183E-02 4.44998E-03 1.15836E-04 8.23524E-06
 2.67674E-03 4.02117E-05 4.53461E-03 6.83352E-05 9.11574E-03 7.08387E-03 1.06800E-04 8.46160E-03 2.67701E-03 4.02157E-05 7.11538E-06
 1.67220E-03 1.49319E-05 2.85718E-03 2.55754E-05 5.53057E-03 4.46888E-03 4.00161E-05 5.15990E-03 1.67246E-03 1.49342E-05 6.62181E-06
 1.20053E-03 7.40509E-06 2.05968E-03 1.27292E-05 3.89737E-03 3.22341E-03 1.99268E-05 3.64499E-03 1.20080E-03 7.40675E-06 6.65414E-06
 1.09843E-03 6.12415E-06 1.88622E-03 1.05354E-05 3.54909E-03 2.95231E-03 1.64942E-05 3.32103E-03 1.09871E-03 6.12570E-06 6.74979E-06
 7.45139E-04 2.68926E-06 1.28317E-03 4.63690E-06 2.36366E-03 2.00923E-03 7.26189E-06 2.21547E-03 7.45471E-04 2.69046E-06 7.72221E-06
 5.36585E-04 1.36237E-06 9.25213E-04 2.35125E-06 1.68127E-03 1.44899E-03 3.68280E-06 1.57706E-03 5.37038E-04 1.36352E-06 9.88744E-06
 4.05136E-04 7.85867E-07 6.99173E-04 1.35690E-06 1.26008E-03 1.09512E-03 2.12548E-06 1.18258E-03 4.05846E-04 7.87245E-07 1.40130E-05
 3.16675E-04 5.03846E-07 5.46771E-04 8.70056E-07 9.80845E-04 8.56468E-04 1.36289E-06 9.20781E-04 3.17985E-04 5.05930E-07 2.16785E-05
 2.53251E-04 3.48728E-07 4.37381E-04 6.02171E-07 7.82702E-04 6.85144E-04 9.43261E-07 7.34890E-04 2.56164E-04 3.52739E-07 3.59593E-05
 2.05276E-04 2.53490E-07 3.54583E-04 4.37684E-07 6.33784E-04 5.55456E-04 6.85595E-07 5.95127E-04 2.13040E-04 2.63074E-07 6.21331E-05
 1.67559E-04 1.89442E-07 2.89464E-04 3.27075E-07 5.17123E-04 4.53455E-04 5.12331E-07 4.85613E-04 1.89871E-04 2.14651E-07 1.05737E-04
 1.37223E-04 1.43561E-07 2.37077E-04 2.47850E-07 4.23451E-04 3.71393E-04 3.88231E-07 3.97669E-04 1.92364E-04 2.01202E-07 1.60766E-04
 1.12521E-04 1.09433E-07 1.94412E-04 1.88923E-07 3.47228E-04 3.04559E-04 2.95926E-07 3.26100E-04 2.06643E-04 2.00888E-07 1.98149E-04
 9.22882E-05 8.35561E-08 1.59462E-04 1.44246E-07 2.84807E-04 2.49808E-04 2.25943E-07 2.67485E-04 2.02312E-04 1.83070E-07 1.98079E-04
 7.56758E-05 6.37785E-08 1.30763E-04 1.10100E-07 2.33556E-04 2.04850E-04 1.72457E-07 2.19357E-04 1.78519E-04 1.50360E-07 1.74807E-04
 6.20269E-05 4.86264E-08 1.07182E-04 8.39402E-08 1.91445E-04 1.67909E-04 1.31481E-07 1.79810E-04 1.49756E-04 1.17323E-07 1.46537E-04
 5.08137E-05 3.70202E-08 8.78072E-05 6.39030E-08 1.56846E-04 1.37558E-04 1.00095E-07 1.47315E-04 1.23442E-04 8.98690E-08 1.20763E-04
 4.16048E-05 2.81404E-08 7.18951E-05 4.85731E-08 1.28428E-04 1.12631E-04 7.60823E-08 1.20626E-04 1.01215E-04 6.84075E-08 9.90160E-05
 3.40456E-05 2.13570E-08 5.88329E-05 3.68628E-08 1.05099E-04 9.21675E-05 5.77396E-08 9.87145E-05 8.28486E-05 5.19307E-08 8.10514E-05
 2.78604E-05 1.61945E-08 4.81446E-05 2.79510E-08 8.60084E-05 7.54232E-05 4.37804E-08 8.07842E-05 6.78005E-05 3.93785E-08 6.63322E-05
 2.27914E-05 1.22645E-08 3.93848E-05 2.11671E-08 7.03622E-05 6.17002E-05 3.31544E-08 6.60884E-05 5.54649E-05 2.98218E-08 5.42658E-05
 3.32606E-02 7.10326E-03 4.89923E-02 1.05399E-02 1.32289E-01 7.48813E-02 1.61294E-02 1.12354E-01 3.32611E-02 7.10338E-03 1.88877E-05
 1.94164E-02 2.50964E-03 2.99856E-02 3.89989E-03 7.53349E-02 4.61891E-02 6.01326E-03 6.60152E-02 1.94169E-02 2.50970E-03 1.43497E-05
 1.10095E-02 8.25749E-04 1.76877E-02 1.33336E-03 4.14126E-02 2.74147E-02 2.06821E-03 3.72138E-02 1.10099E-02 8.25775E-04 1.07763E-05
 6.12323E-03 2.58060E-04 1.01334E-02 4.28749E-04 2.22111E-02 1.57762E-02 6.67888E-04 2.03280E-02 6.12350E-03 2.58072E-04 8.10117E-06
 3.38720E-03 7.89752E-05 5.71912E-03 1.33729E-04 1.18203E-02 8.92999E-03 2.08894E-04 1.09502E-02 3.38742E-03 7.89805E-05 6.21308E-06
 1.90150E-03 2.46913E-05 3.24905E-03 4.22721E-05 6.39117E-03 5.08183E-03 6.61361E-05 5.96292E-03 1.90169E-03 2.46938E-05 4.98869E-06
 1.10498E-03 8.24802E-06 1.90078E-03 1.42032E-05 3.59442E-03 2.97584E-03 2.22397E-05 3.36691E-03 1.10515E-03 8.24931E-06 4.30363E-06
 7.52024E-04 3.79197E-06 1.29685E-03 6.54279E-06 2.39517E-03 2.03106E-03 1.02477E-05 2.24688E-03 7.52193E-04 3.79282E-06 4.08938E-06
 6.77904E-04 3.07247E-06 1.16972E-03 5.30348E-06 2.14767E-03 1.83209E-03 8.30711E-06 2.01539E-03 6.78075E-04 3.07325E-06 4.08453E-06
 4.31142E-04 1.23953E-06 7.45107E-04 2.14131E-06 1.33797E-03 1.16730E-03 3.35441E-06 1.25673E-03 4.31335E-04 1.24009E-06 4.37123E-06
 2.95088E-04 5.90375E-07 5.10121E-04 1.01972E-06 9.03097E-04 7.99196E-04 1.59739E-06 8.48401E-04 2.95338E-04 5.90874E-07 5.31105E-06
 2.14457E-04 3.26635E-07 3.70777E-04 5.64004E-07 6.50797E-04 5.80898E-04 8.83469E-07 6.11425E-04 2.14834E-04 3.27208E-07 7.23734E-06
 1.62922E-04 2.03699E-07 2.81695E-04 3.51614E-07 4.92048E-04 4.41336E-04 5.50751E-07 4.62296E-04 1.63597E-04 2.04541E-07 1.08752E-05
 1.27524E-04 1.38309E-07 2.20486E-04 2.38673E-07 3.84161E-04 3.45439E-04 3.73830E-07 3.60928E-04 1.28993E-04 1.39899E-07 1.76494E-05
 1.01605E-04 9.90779E-08 1.75663E-04 1.70934E-07 3.05694E-04 2.75212E-04 2.67723E-07 2.87198E-04 1.05452E-04 1.02821E-07 2.99690E-05
 8.17151E-05 7.31279E-08 1.41266E-04 1.26142E-07 2.45709E-04 2.21319E-04 1.97564E-07 2.30833E-04 9.26048E-05 8.28493E-08 5.02409E-05
 6.60136E-05 5.47827E-08 1.14113E-04 9.44855E-08 1.98447E-04 1.78777E-04 1.47981E-07 1.86424E-04 9.25562E-05 7.67538E-08 7.53425E-05
 5.34255E-05 4.12960E-08 9.23453E-05 7.12172E-08 1.60589E-04 1.44673E-04 1.11537E-07 1.50852E-04 9.81356E-05 7.57665E-08 9.16429E-05
 4.32579E-05 3.11845E-08 7.47645E-05 5.37744E-08 1.30021E-04 1.17129E-04 8.42176E-08 1.22132E-04 9.48452E-05 6.82775E-08 9.04286E-05
 3.50203E-05 2.35415E-08 6.05217E-05 4.05911E-08 1.05258E-04 9.48142E-05 6.35702E-08 9.88670E-05 8.26209E-05 5.54570E-08 7.87821E-05
 2.83400E-05 1.77507E-08 4.89723E-05 3.06037E-08 8.51777E-05 7.67197E-05 4.79281E-08 8.00015E-05 6.84244E-05 4.27926E-08 6.51971E-05
 2.29223E-05 1.33642E-08 3.96067E-05 2.30390E-08 6.88930E-05 6.20468E-05 3.60806E-08 6.47029E-05 5.56820E-05 3.24146E-08 5.30436E-05
 1.85302E-05 1.00456E-08 3.20146E-05 1.73163E-08 5.56910E-05 5.01525E-05 2.71182E-08 5.23009E-05 4.50736E-05 2.43983E-08 4.29365E-05
 1.49712E-05 7.53891E-09 2.58631E-05 1.29941E-08 4.49933E-05 4.05154E-05 2.03492E-08 4.22520E-05 3.64243E-05 1.83141E-08 3.46979E-05
 1.20969E-05 5.65293E-09 2.08956E-05 9.74252E-09 3.63539E-05 3.27331E-05 1.52569E-08 3.41370E-05 2.94307E-05 1.37323E-08 2.80365E-05
 9.77155E-06 4.23343E-09 1.68771E-05 7.29540E-09 2.93645E-05 2.64378E-05 1.14245E-08 2.75722E-05 2.37718E-05 1.02835E-08 2.26463E-05
 3.08538E-02 6.55004E-03 4.60575E-02 9.84445E-03 1.23039E-01 7.05536E-02 1.50973E-02 1.05435E-01 3.08542E-02 6.55014E-03 1.75670E-05
 1.73330E-02 2.18298E-03 2.71395E-02 3.43713E-03 6.73265E-02 4.18966E-02 5.31072E-03 5.95225E-02 1.73334E-02 2.18302E-03 1.28242E-05
 9.36788E-03 6.66894E-04 1.52484E-02 1.09020E-03 3.51821E-02 2.36810E-02 1.69418E-03 3.18732E-02 9.36817E-03 6.66915E-04 9.15500E-06
 4.90750E-03 1.89927E-04 8.21495E-03 3.18899E-04 1.77084E-02 1.28110E-02 4.97535E-04 1.63199E-02 4.90773E-03 1.89936E-04 6.45888E-06
 2.52399E-03 5.19641E-05 4.30022E-03 8.87001E-05 8.72416E-03 6.72319E-03 1.38716E-04 8.12556E-03 2.52416E-03 5.19676E-05 4.58567E-06
 1.30169E-03 1.42996E-05 2.23875E-03 2.46151E-05 4.31514E-03 3.50487E-03 3.85409E-05 4.04157E-03 1.30183E-03 1.43010E-05 3.36823E-06
 6.90303E-04 4.17898E-06 1.19226E-03 7.21769E-06 2.20601E-03 1.86765E-03 1.13064E-05 2.07130E-03 6.90412E-04 4.17964E-06 2.64128E-06
 4.37827E-04 1.73941E-06 7.56842E-04 3.00539E-06 1.36648E-03 1.18572E-03 4.70815E-06 1.28369E-03 4.37926E-04 1.73980E-06 2.33305E-06
 3.86843E-04 1.37126E-06 6.68868E-04 2.36939E-06 1.20025E-03 1.04793E-03 3.71182E-06 1.12768E-03 3.86941E-04 1.37160E-06 2.28268E-06
 2.25200E-04 4.92588E-07 3.89492E-04 8.50670E-07 6.82872E-04 6.10251E-04 1.33254E-06 6.41697E-04 2.25301E-04 4.92808E-07 2.23098E-06
 1.43506E-04 2.15176E-07 2.48067E-04 3.71199E-07 4.28497E-04 3.88639E-04 5.81379E-07 4.02536E-04 1.43627E-04 2.15357E-07 2.51996E-06
 9.89761E-05 1.12222E-07 1.70975E-04 1.93412E-07 2.92717E-04 2.67836E-04 3.02886E-07 2.74871E-04 9.91498E-05 1.12419E-07 3.25522E-06
 7.22871E-05 6.72858E-08 1.24832E-04 1.15891E-07 2.12638E-04 1.95542E-04 1.81470E-07 1.99637E-04 7.25861E-05 6.75634E-08 4.69969E-06
 5.49684E-05 4.44985E-08 9.48991E-05 7.66073E-08 1.61225E-04 1.48649E-04 1.19949E-07 1.51345E-04 5.56005E-05 4.50087E-08 7.40710E-06
 4.28265E-05 3.12696E-08 7.39209E-05 5.38153E-08 1.25428E-04 1.15785E-04 8.42582E-08 1.17726E-04 4.44451E-05 3.24476E-08 1.22963E-05
 3.38023E-05 2.27199E-08 5.83334E-05 3.90920E-08 9.89274E-05 9.13676E-05 6.12042E-08 9.28424E-05 3.82981E-05 2.57318E-08 2.02275E-05
 2.68484E-05 1.67818E-08 4.63249E-05 2.88698E-08 7.85488E-05 7.25568E-05 4.51986E-08 7.37097E-05 3.76211E-05 2.34928E-08 2.98204E-05
 2.13816E-05 1.24812E-08 3.68861E-05 2.14685E-08 6.25438E-05 5.77718E-05 3.36104E-08 5.86849E-05 3.92359E-05 2.28689E-08 3.56890E-05
 1.70418E-05 9.30133E-09 2.93944E-05 1.59968E-08 4.98438E-05 4.60372E-05 2.50436E-08 4.67639E-05 3.73185E-05 2.03319E-08 3.46626E-05
 1.35826E-05 6.92985E-09 2.34239E-05 1.19167E-08 3.97228E-05 3.66854E-05 1.86559E-08 3.72647E-05 3.20005E-05 1.62963E-08 2.97279E-05
 1.08215E-05 5.15693E-09 1.86593E-05 8.86693E-09 3.16456E-05 2.92226E-05 1.38811E-08 2.96845E-05 2.60900E-05 1.24098E-08 2.42196E-05
 8.61749E-06 3.83181E-09 1.48565E-05 6.58771E-09 2.51983E-05 2.32664E-05 1.03128E-08 2.36344E-05 2.09020E-05 9.27704E-09 1.93989E-05
 6.85859E-06 2.84263E-09 1.18222E-05 4.88653E-09 2.00535E-05 1.85141E-05 7.64955E-09 1.88071E-05 1.66574E-05 6.89135E-09 1.54589E-05
 5.45562E-06 2.10543E-09 9.40235E-06 3.61886E-09 1.59501E-05 1.47241E-05 5.66500E-09 1.49573E-05 1.32523E-05 5.10521E-09 1.22989E-05
 4.34051E-06 1.55830E-09 7.47931E-06 2.67814E-09 1.26889E-05 1.17124E-05 4.19232E-09 1.18980E-05 1.05429E-05 3.77844E-09 9.78458E-06
 3.45246E-06 1.15199E-09 5.94811E-06 1.97964E-09 1.00920E-05 9.31434E-06 3.09885E-09 9.46202E-06 8.38503E-06 2.79308E-09 7.78204E-06
 2.86081E-02 6.02666E-03 4.32561E-02 9.17006E-03 1.14406E-01 6.64027E-02 1.40915E-02 9.88730E-02 2.86086E-02 6.02675E-03 1.63345E-05
 1.54414E-02 1.88914E-03 2.44929E-02 3.01140E-03 6.00495E-02 3.78876E-02 4.66187E-03 5.35278E-02 1.54417E-02 1.88918E-03 1.14381E-05
 7.92573E-03 5.32575E-04 1.30546E-02 8.80359E-04 2.97136E-02 2.03100E-02 1.37036E-03 2.71158E-02 7.92598E-03 5.32592E-04 7.73201E-06
 3.88207E-03 1.36616E-04 6.56148E-03 2.31429E-04 1.39274E-02 1.02468E-02 3.61532E-04 1.29102E-02 3.88224E-03 1.36623E-04 5.07983E-06
 1.83263E-03 3.27624E-05 3.14363E-03 5.62593E-05 6.26893E-03 4.91967E-03 8.80572E-05 5.86239E-03 1.83275E-03 3.27646E-05 3.29513E-06
 8.50636E-04 7.69683E-06 1.46883E-03 1.32913E-05 2.77820E-03 2.30081E-03 2.08201E-05 2.60819E-03 8.50722E-04 7.69761E-06 2.16856E-06
 3.99954E-04 1.88805E-06 6.91774E-04 3.26323E-06 1.25426E-03 1.08387E-03 5.11230E-06 1.17867E-03 4.00017E-04 1.88835E-06 1.50174E-06
 2.29880E-04 6.84904E-07 3.97483E-04 1.18273E-06 7.02494E-04 6.22748E-04 1.85268E-06 6.60036E-04 2.29932E-04 6.85058E-07 1.19940E-06
 1.97732E-04 5.19822E-07 3.41739E-04 8.97217E-07 6.00196E-04 5.35378E-04 1.40534E-06 5.63769E-04 1.97782E-04 5.19953E-07 1.14148E-06
 1.01158E-04 1.57538E-07 1.74639E-04 2.71424E-07 2.99386E-04 2.73552E-04 4.25033E-07 2.81035E-04 1.01203E-04 1.57609E-07 9.78110E-07
 5.78683E-05 6.02115E-08 9.97736E-05 1.03554E-07 1.68401E-04 1.56255E-04 1.62118E-07 1.57958E-04 5.79172E-05 6.02621E-08 9.90357E-07
 3.68570E-05 2.86018E-08 6.34725E-05 4.91254E-08 1.06137E-04 9.93876E-05 7.68935E-08 9.94867E-05 3.69214E-05 2.86517E-08 1.18032E-06
 2.54278E-05 1.61003E-08 4.37563E-05 2.76294E-08 7.27854E-05 6.85078E-05 4.32417E-08 6.81937E-05 2.55326E-05 1.61664E-08 1.60868E-06
 1.85310E-05 1.02188E-08 3.18727E-05 1.75268E-08 5.28724E-05 4.98987E-05 2.74283E-08 4.95228E-05 1.87432E-05 1.03354E-08 2.42906E-06
 1.39891E-05 6.98412E-09 2.40524E-05 1.19747E-08 3.98474E-05 3.76537E-05 1.87387E-08 3.73153E-05 1.45155E-05 7.24615E-09 3.90631E-06
 1.07646E-05 4.97034E-09 1.85035E-05 8.51995E-09 3.06376E-05 2.89659E-05 1.33321E-08 2.86863E-05 1.21901E-05 5.62648E-09 6.26401E-06
 8.36242E-06 3.60820E-09 1.43711E-05 6.18399E-09 2.37909E-05 2.24961E-05 9.67654E-09 2.22727E-05 1.17027E-05 5.04505E-09 9.03100E-06
 6.52329E-06 2.64159E-09 1.12082E-05 4.52676E-09 1.85545E-05 1.75445E-05 7.08323E-09 1.73684E-05 1.19457E-05 4.83082E-09 1.05859E-05
 5.09619E-06 1.93921E-09 8.75448E-06 3.32278E-09 1.44933E-05 1.37033E-05 5.19921E-09 1.35652E-05 1.11319E-05 4.22931E-09 1.00770E-05
 3.98241E-06 1.42380E-09 6.83991E-06 2.43942E-09 1.13245E-05 1.07061E-05 3.81696E-09 1.05982E-05 9.35764E-06 3.34023E-09 8.47331E-06
 3.11143E-06 1.04447E-09 5.34300E-06 1.78937E-09 8.84684E-06 8.36289E-06 2.79980E-09 8.27854E-06 7.48110E-06 2.50742E-09 6.76937E-06
 2.43004E-06 7.65285E-10 4.17216E-06 1.31100E-09 6.90874E-06 6.53013E-06 2.05128E-09 6.46427E-06 5.87803E-06 1.84841E-09 5.31756E-06
 1.89709E-06 5.60029E-10 3.25658E-06 9.59334E-10 5.39303E-06 5.09697E-06 1.50103E-09 5.04556E-06 4.59482E-06 1.35451E-09 4.15650E-06
 1.48043E-06 4.09342E-10 2.54091E-06 7.01186E-10 4.20816E-06 3.97676E-06 1.09711E-09 3.93666E-06 3.58627E-06 9.90314E-10 3.24415E-06
 1.15588E-06 2.99166E-10 1.98357E-06 5.12456E-10 3.28535E-06 3.10441E-06 8.01816E-10 3.07310E-06 2.79992E-06 7.23799E-10 2.53283E-06
 9.02513E-07 2.18521E-10 1.54854E-06 3.74319E-10 2.56499E-06 2.42351E-06 5.85680E-10 2.39907E-06 2.18597E-06 5.28694E-10 1.97747E-06
 2.65110E-02 5.53229E-03 4.05799E-02 8.51756E-03 1.06333E-01 6.24190E-02 1.31138E-02 9.26379E-02 2.65115E-02 5.53238E-03 1.51819E-05
 1.37251E-02 1.62594E-03 2.20344E-02 2.62174E-03 5.34354E-02 3.41480E-02 4.06578E-03 4.79945E-02 1.37254E-02 1.62598E-03 1.01783E-05
 6.66208E-03 4.20023E-04 1.10894E-02 7.01192E-04 2.49250E-02 1.72794E-02 1.09306E-03 2.28924E-02 6.66230E-03 4.20036E-04 6.48594E-06
 3.02454E-03 9.57107E-05 5.15254E-03 1.63304E-04 1.07821E-02 8.05564E-03 2.55371E-04 1.00417E-02 3.02468E-03 9.57152E-05 3.93261E-06
 1.28864E-03 1.96070E-05 2.22058E-03 3.38012E-05 4.35850E-03 3.47738E-03 5.29351E-05 4.08684E-03 1.28873E-03 1.96083E-05 2.29095E-06
 5.22934E-04 3.76720E-06 9.04409E-04 6.51210E-06 1.68096E-03 1.41701E-03 1.02023E-05 1.57958E-03 5.22987E-04 3.76759E-06 1.31209E-06
 2.08542E-04 7.27372E-07 3.60371E-04 1.25549E-06 6.41128E-04 5.64557E-04 1.96652E-06 6.02169E-04 2.08574E-04 7.27486E-07 7.67629E-07
 1.03686E-04 2.15377E-07 1.78899E-04 3.70991E-07 3.09921E-04 2.80201E-04 5.80930E-07 2.90824E-04 1.03710E-04 2.15426E-07 5.29142E-07
 8.54228E-05 1.53985E-07 1.47292E-04 2.65053E-07 2.53492E-04 2.30676E-04 4.15001E-07 2.37782E-04 8.54444E-05 1.54024E-07 4.82102E-07
 3.57324E-05 3.52966E-08 6.14307E-05 6.05736E-08 1.03115E-04 9.61672E-05 9.48016E-08 9.65567E-05 3.57483E-05 3.53123E-08 3.36883E-07
 1.70426E-05 1.05163E-08 2.92332E-05 1.80123E-08 4.82825E-05 4.57487E-05 2.81827E-08 4.51512E-05 1.70569E-05 1.05251E-08 2.83945E-07
 9.48621E-06 4.09698E-09 1.62496E-05 7.01101E-09 2.65759E-05 2.54251E-05 1.09683E-08 2.48323E-05 9.50271E-06 4.10410E-09 2.95541E-07
 6.06394E-06 2.00240E-09 1.03833E-05 3.42554E-09 1.68849E-05 1.62453E-05 5.35878E-09 1.57735E-05 6.08880E-06 2.01060E-09 3.73183E-07
 4.09697E-06 1.15894E-09 7.01073E-06 1.98234E-09 1.13678E-05 1.09678E-05 3.10103E-09 1.06155E-05 4.14364E-06 1.17214E-09 5.22249E-07
 2.93527E-06 7.52425E-10 5.02103E-06 1.28698E-09 8.13008E-06 7.85463E-06 2.01325E-09 7.59042E-06 3.04511E-06 7.80580E-10 7.96973E-07
 2.17532E-06 5.20969E-10 3.72044E-06 8.91100E-10 6.02028E-06 5.81991E-06 1.39397E-09 5.62010E-06 2.46177E-06 5.89578E-10 1.23078E-06
 1.64103E-06 3.72496E-10 2.80648E-06 6.37164E-10 4.54009E-06 4.39016E-06 9.96740E-10 4.23816E-06 2.29294E-06 5.20505E-10 1.72318E-06
 1.24877E-06 2.70175E-10 2.13566E-06 4.62170E-10 3.45449E-06 3.34080E-06 7.22996E-10 3.22478E-06 2.28134E-06 4.93638E-10 1.97052E-06
 9.54230E-07 1.97054E-10 1.63204E-06 3.37117E-10 2.63972E-06 2.55303E-06 5.27377E-10 2.46429E-06 2.07878E-06 4.29351E-10 1.83499E-06
 7.30776E-07 1.43975E-10 1.25001E-06 2.46342E-10 2.02171E-06 1.95543E-06 3.85378E-10 1.88748E-06 1.71258E-06 3.37469E-10 1.51238E-06
 5.60506E-07 1.05229E-10 9.58912E-07 1.80077E-10 1.55082E-06 1.50010E-06 2.81720E-10 1.44799E-06 1.34434E-06 2.52434E-10 1.18641E-06
 4.30523E-07 7.69061E-11 7.36692E-07 1.31635E-10 1.19135E-06 1.15250E-06 2.05941E-10 1.11249E-06 1.03907E-06 1.85648E-10 9.16800E-07
 3.31197E-07 5.62038E-11 5.66878E-07 9.62243E-11 9.16649E-07 8.86868E-07 1.50547E-10 8.56112E-07 8.00613E-07 1.35887E-10 7.06370E-07
 2.55238E-07 4.10793E-11 4.37003E-07 7.03507E-11 7.06564E-07 6.83712E-07 1.10071E-10 6.60026E-07 6.17296E-07 9.93669E-11 5.44634E-07
 1.97291E-07 3.00640E-11 3.37914E-07 5.15034E-11 5.46284E-07 5.28711E-07 8.05862E-11 5.10415E-07 4.77290E-07 7.27415E-11 4.21114E-07
 1.52903E-07 2.20226E-11 2.61998E-07 3.77417E-11 4.23493E-07 4.09954E-07 5.90567E-11 3.95786E-07 3.70011E-07 5.32986E-11 3.26468E-07
 2.45518E-02 5.06619E-03 3.80234E-02 7.88805E-03 9.87767E-02 5.85969E-02 1.21664E-02 8.67103E-02 2.45522E-02 5.06627E-03 1.41030E-05
 1.21677E-02 1.39111E-03 1.97526E-02 2.26690E-03 4.74203E-02 3.06635E-02 3.52111E-03 4.28880E-02 1.21680E-02 1.39114E-03 9.03254E-06
 5.55889E-03 3.26677E-04 9.33734E-03 5.50002E-04 2.07458E-02 1.45686E-02 8.58432E-04 1.91587E-02 5.55907E-03 3.26688E-04 5.39843E-06
 2.31305E-03 6.49838E-05 3.96499E-03 1.11499E-04 8.18852E-03 6.20446E-03 1.74499E-04 7.65436E-03 2.31316E-03 6.49869E-05 2.98665E-06
 8.69349E-04 1.09878E-05 1.50241E-03 1.89865E-05 2.90556E-03 2.35369E-03 2.97440E-05 2.72912E-03 8.69408E-04 1.09886E-05 1.52725E-06
 2.95854E-04 1.62199E-06 5.11412E-04 2.80140E-06 9.35172E-04 8.01212E-04 4.38834E-06 8.78506E-04 2.95884E-04 1.62216E-06 7.29959E-07
 9.29238E-05 2.20902E-07 1.60136E-04 3.80175E-07 2.79864E-04 2.50772E-04 5.95238E-07 2.62434E-04 9.29383E-05 2.20937E-07 3.35084E-07
 3.66891E-05 4.66674E-08 6.30180E-05 8.00584E-08 1.07154E-04 9.86394E-05 1.25290E-07 1.00284E-04 3.66974E-05 4.66778E-08 1.82948E-07
 2.81288E-05 2.98675E-08 4.82685E-05 5.11968E-08 8.15149E-05 7.55424E-05 8.01130E-08 7.62462E-05 2.81359E-05 2.98750E-08 1.55028E-07
 8.03069E-06 3.51135E-09 1.37199E-05 6.00833E-09 2.25787E-05 2.14588E-05 9.39952E-09 2.10642E-05 8.03423E-06 3.51290E-09 7.37658E-08
 2.12662E-06 3.75909E-10 3.60790E-06 6.54123E-10 5.84657E-06 5.63736E-06 1.02574E-09 5.43176E-06 2.12839E-06 3.76229E-10 3.43830E-08
 5.41446E-07 4.58959E-11 9.08490E-07 9.08603E-11 1.46193E-06 1.41725E-06 1.44887E-10 1.34922E-06 5.42368E-07 4.59885E-11 1.62573E-08
 1.20452E-07 2.85683E-11 1.97082E-07 5.88212E-11 3.17979E-07 3.06310E-07 9.42327E-11 2.88980E-07 1.20923E-07 2.87102E-11 7.02725E-09
 9.94321E-09 3.56938E-11 1.24545E-08 6.84755E-11 2.21606E-08 1.84691E-08 1.08771E-10 1.66859E-08 1.00240E-08 3.61531E-11 1.01684E-09
 0.00000E+00 3.86201E-11 0.00000E+00 7.14801E-11 0.00000E+00 0.00000E+00 1.13026E-10 0.00000E+00 0.00000E+00 4.01952E-11 0.00000E+00
 0.00000E+00 3.73665E-11 0.00000E+00 6.78459E-11 0.00000E+00 0.00000E+00 1.07009E-10 0.00000E+00 0.00000E+00 4.26250E-11 0.00000E+00
 0.00000E+00 3.38457E-11 0.00000E+00 6.07269E-11 0.00000E+00 0.00000E+00 9.56283E-11 0.00000E+00 0.00000E+00 4.80350E-11 0.00000E+00
 0.00000E+00 2.93752E-11 0.00000E+00 5.22754E-11 0.00000E+00 0.00000E+00 8.22281E-11 0.00000E+00 0.00000E+00 5.47788E-11 0.00000E+00
 0.00000E+00 2.47281E-11 0.00000E+00 4.37381E-11 0.00000E+00 0.00000E+00 6.87419E-11 0.00000E+00 0.00000E+00 5.49976E-11 0.00000E+00
 0.00000E+00 2.03320E-11 0.00000E+00 3.57907E-11 0.00000E+00 0.00000E+00 5.62142E-11 0.00000E+00 0.00000E+00 4.85492E-11 0.00000E+00
 0.00000E+00 1.64004E-11 0.00000E+00 2.87568E-11 0.00000E+00 0.00000E+00 4.51420E-11 0.00000E+00 0.00000E+00 3.99831E-11 0.00000E+00
 0.00000E+00 1.30159E-11 0.00000E+00 2.27461E-11 0.00000E+00 0.00000E+00 3.56900E-11 0.00000E+00 0.00000E+00 3.18577E-11 0.00000E+00
 0.00000E+00 1.01832E-11 0.00000E+00 1.77438E-11 0.00000E+00 0.00000E+00 2.78296E-11 0.00000E+00 0.00000E+00 2.49110E-11 0.00000E+00
 0.00000E+00 7.86457E-12 0.00000E+00 1.36673E-11 0.00000E+00 0.00000E+00 2.14281E-11 0.00000E+00 0.00000E+00 1.92102E-11 0.00000E+00
 0.00000E+00 6.00393E-12 0.00000E+00 1.04083E-11 0.00000E+00 0.00000E+00 1.63129E-11 0.00000E+00 0.00000E+00 1.46421E-11 0.00000E+00
 0.00000E+00 4.53270E-12 0.00000E+00 7.83942E-12 0.00000E+00 0.00000E+00 1.22827E-11 0.00000E+00 0.00000E+00 1.10370E-11 0.00000E+00
 2.27224E-02 4.62798E-03 3.55802E-02 7.28236E-03 9.16930E-02 5.49276E-02 1.12509E-02 8.10643E-02 2.27228E-02 4.62805E-03 1.30916E-05
 1.07563E-02 1.18267E-03 1.76402E-02 1.94596E-03 4.19562E-02 2.74263E-02 3.02699E-03 3.81856E-02 1.07566E-02 1.18270E-03 7.99174E-06
 4.59626E-03 2.50010E-04 7.78296E-03 4.24088E-04 1.71074E-02 1.21576E-02 6.62625E-04 1.58753E-02 4.59641E-03 2.50018E-04 4.45164E-06
 1.73072E-03 4.25357E-05 2.97946E-03 7.32611E-05 6.07958E-03 4.66513E-03 1.14717E-04 5.69738E-03 1.73080E-03 4.25377E-05 2.21744E-06
 5.56254E-04 5.66520E-06 9.62337E-04 9.79563E-06 1.83576E-03 1.50784E-03 1.53471E-05 1.72536E-03 5.56291E-04 5.66559E-06 9.64930E-07
 1.48245E-04 5.80919E-07 2.55805E-04 1.00126E-06 4.60619E-04 4.00662E-04 1.56800E-06 4.32262E-04 1.48261E-04 5.80978E-07 3.59541E-07
 3.20663E-05 4.45995E-08 5.50086E-05 7.64487E-08 9.45441E-05 8.60874E-05 1.19627E-07 8.84174E-05 3.20713E-05 4.46065E-08 1.13199E-07
 7.82640E-06 4.00954E-09 1.33460E-05 6.86218E-09 2.23071E-05 2.08685E-05 1.07356E-08 2.07878E-05 7.82814E-06 4.01044E-09 3.80858E-08
 4.70422E-06 1.62445E-09 7.99858E-06 2.79123E-09 1.32826E-05 1.25018E-05 4.36923E-09 1.23565E-05 4.70539E-06 1.62486E-09 2.52614E-08
 0.00000E+00 0.00000E+00 0.00000E+00 0.00000E+00 0.00000E+00 0.00000E+00 0.00000E+00 0.00000E+00 0.00000E+00 0.00000E+00 0.00000E+00
 0.00000E+00 3.02609E-11 0.00000E+00 6.26984E-11 0.00000E+00 0.00000E+00 1.00517E-10 0.00000E+00 0.00000E+00 3.02917E-11 0.00000E+00
 1.26915E-07 2.37557E-11 2.40278E-07 4.36035E-11 3.62450E-07 3.81039E-07 6.88717E-11 3.58427E-07 1.27160E-07 2.38001E-11 4.03104E-09
 1.42811E-07 7.32239E-12 2.57597E-07 1.31472E-11 3.92372E-07 4.05933E-07 2.07052E-11 3.77757E-07 1.43429E-07 7.35393E-12 8.67284E-09
 8.83906E-08 1.57910E-12 1.57356E-07 2.80786E-12 2.39932E-07 2.47529E-07 4.41622E-12 2.29275E-07 8.94409E-08 1.59784E-12 1.10243E-08
 4.26790E-08 2.67833E-13 7.54727E-08 4.73467E-13 1.15146E-07 1.18615E-07 7.44077E-13 1.09610E-07 4.43352E-08 2.78223E-13 1.12904E-08
 1.76265E-08 3.71047E-14 3.10332E-08 6.53196E-14 4.73807E-08 4.87429E-08 1.02594E-13 4.49884E-08 2.00237E-08 4.21503E-14 9.69089E-09
 6.43696E-09 4.24029E-15 1.12950E-08 7.44027E-15 1.72591E-08 1.77325E-08 1.16808E-14 1.63559E-08 9.06903E-09 5.97409E-15 6.55536E-09
 2.10126E-09 3.98498E-16 3.67698E-09 6.97326E-16 5.62313E-09 5.77047E-09 1.09435E-15 5.32038E-09 3.88432E-09 7.36650E-16 3.21054E-09
 6.13504E-10 3.04891E-17 1.07104E-09 5.32270E-17 1.63918E-09 1.68028E-09 8.35042E-17 1.54880E-09 1.35348E-09 6.72636E-17 1.14058E-09
 1.59487E-10 1.87232E-18 2.77846E-10 3.26182E-18 4.25533E-10 4.35767E-10 5.11576E-18 4.01581E-10 3.78244E-10 4.44046E-18 3.18627E-10
 3.66446E-11 9.07212E-20 6.37187E-11 1.57748E-19 9.76517E-11 9.99085E-11 2.47344E-19 9.20531E-11 8.88417E-11 2.19946E-19 7.47692E-11
 7.37442E-12 3.40187E-21 1.28004E-11 5.90492E-21 1.96291E-11 2.00657E-11 9.25643E-21 1.84848E-11 1.79683E-11 8.28891E-21 1.51169E-11
 1.28630E-12 9.66164E-23 2.22908E-12 1.67430E-22 3.42019E-12 3.49345E-12 2.62398E-22 3.21770E-12 3.13517E-12 2.35488E-22 2.63731E-12
 1.92226E-13 2.02976E-24 3.32590E-13 3.51190E-24 5.10591E-13 5.21126E-13 5.50269E-24 4.79918E-13 4.68161E-13 4.94343E-24 3.93790E-13
 2.43118E-14 3.07533E-26 4.20005E-14 5.31286E-26 6.45132E-14 6.57952E-14 8.32279E-26 6.05835E-14 5.91535E-14 7.48265E-26 4.97537E-14
 2.56513E-15 3.26554E-28 4.42482E-15 5.63303E-28 6.80013E-15 6.93017E-15 8.82248E-28 6.38029E-15 6.23508E-15 7.93760E-28 5.24400E-15
---
