PdfType: error
Format: lhagrid1
---
1.00000E-06 1.28121E-06 1.64152E-06 2.10317E-06 2.69463E-06 3.45242E-06 4.42329E-06 5.66715E-06 7.26076E-06 9.30241E-06 1.19180E-05 1.52689E-05 1.95617E-05 2.50609E-05 3.21053E-05 4.11287E-05 5.26863E-05 6.74889E-05 8.64459E-05 1.10720E-04 1.41800E-04 1.81585E-04 2.32503E-04 2.97652E-04 3.80981E-04 4.87518E-04 6.26039E-04 8.00452E-04 1.02297E-03 1.30657E-03 1.66759E-03 2.12729E-03 2.71054E-03 3.44865E-03 4.37927E-03 5.54908E-03 7.01192E-03 8.83064E-03 1.10763E-02 1.38266E-02 1.71641E-02 2.11717E-02 2.59364E-02 3.15062E-02 3.79623E-02 4.53425E-02 5.36750E-02 6.29705E-02 7.32221E-02 8.44039E-02 9.64793E-02 1.09332E-01 1.23067E-01 1.37507E-01 1.52639E-01 1.68416E-01 1.84794E-01 2.01731E-01 2.19016E-01 2.36948E-01 2.55242E-01 2.73927E-01 2.92954E-01 3.12340E-01 3.32036E-01 3.52019E-01 3.72282E-01 3.92772E-01 4.13533E-01 4.34326E-01 4.55495E-01 4.76836E-01 4.98342E-01 5.20006E-01 5.41818E-01 5.63773E-01 5.85861E-01 6.08077E-01 6.30459E-01 6.52800E-01 6.75387E-01 6.98063E-01 7.20830E-01 7.43683E-01 7.66623E-01 7.89636E-01 8.12791E-01 8.35940E-01 8.59175E-01 8.82485E-01 9.05866E-01 9.29311E-01 9.52817E-01 9.76387E-01 1.00000E+00
1.30000E+00 1.50159E+00 1.75516E+00 2.07810E+00 2.49495E+00 3.04086E+00 3.76715E+00 4.50000E+00 4.75000E+00 6.23113E+00 8.37423E+00 1.15549E+01 1.64076E+01 2.40380E+01 3.64361E+01 5.73145E+01 9.38707E+01 1.60654E+02 2.88438E+02 5.45587E+02 1.09231E+03 2.32646E+03 5.30043E+03 1.29956E+04 3.45140E+04 1.00000E+05
900 901 902 903 904 905 906 907 908 909 910
 1.15297E+00 9.39788E-02 1.11004E+00 9.05491E-02 4.03914E+02 1.54450E+00 1.26018E-01 2.16902E+02 1.15298E+00 9.39798E-02 5.76689E-02
 1.25894E+00 1.27898E-01 1.20333E+00 1.26173E-01 4.39410E+02 1.67086E+00 1.76759E-01 2.35963E+02 1.25895E+00 1.27900E-01 8.36973E-02
 1.44065E+00 1.83819E-01 1.36603E+00 1.83726E-01 4.76487E+02 1.89239E+00 2.58307E-01 2.55873E+02 1.44068E+00 1.83823E-01 1.23989E-01
 1.70428E+00 2.63744E-01 1.60397E+00 2.64566E-01 5.15334E+02 2.21719E+00 3.72327E-01 2.76734E+02 1.70432E+00 2.63751E-01 1.87957E-01
 2.06542E+00 3.71027E-01 1.93120E+00 3.70568E-01 5.56088E+02 2.66440E+00 5.20892E-01 2.98619E+02 2.06550E+00 3.71041E-01 2.92287E-01
 2.55164E+00 5.13025E-01 2.37193E+00 5.06769E-01 5.98991E+02 3.26681E+00 7.10201E-01 3.21658E+02 2.55178E+00 5.13055E-01 4.67527E-01
 3.18913E+00 6.96176E-01 2.95001E+00 6.76534E-01 6.44151E+02 4.05703E+00 9.43815E-01 3.45909E+02 3.18940E+00 6.96237E-01 7.71194E-01
 3.79516E+00 8.66836E-01 3.49997E+00 8.30231E-01 6.80582E+02 4.80899E+00 1.15347E+00 3.65472E+02 3.79562E+00 8.66944E-01 1.16187E+00
 3.99283E+00 9.25120E-01 3.69016E+00 8.83191E-01 6.91693E+02 5.07357E+00 1.22591E+00 3.71439E+02 3.99337E+00 9.25249E-01 1.31534E+00
 5.12234E+00 1.22561E+00 4.76755E+00 1.15306E+00 7.46093E+02 6.56867E+00 1.59372E+00 4.00652E+02 5.12356E+00 1.22591E+00 2.43705E+00
 6.54812E+00 1.58391E+00 6.13052E+00 1.47648E+00 8.04082E+02 8.46127E+00 2.03521E+00 4.31792E+02 6.55108E+00 1.58462E+00 4.72710E+00
 8.28876E+00 1.99694E+00 7.80982E+00 1.86235E+00 8.65913E+02 1.07992E+01 2.56745E+00 4.64995E+02 8.29652E+00 1.99879E+00 9.62323E+00
 1.03793E+01 2.45618E+00 9.85968E+00 2.31171E+00 9.31820E+02 1.36661E+01 3.19554E+00 5.00387E+02 1.04021E+01 2.46151E+00 2.05681E+01
 1.28573E+01 2.94902E+00 1.22983E+01 2.81188E+00 1.00212E+03 1.70801E+01 3.90165E+00 5.38139E+02 1.29346E+01 2.96670E+00 4.59157E+01
 1.57575E+01 3.45673E+00 1.51765E+01 3.33536E+00 1.07705E+03 2.11190E+01 4.64373E+00 5.78377E+02 1.60648E+01 3.52430E+00 1.04989E+02
 1.91238E+01 3.96420E+00 1.84997E+01 3.85696E+00 1.15683E+03 2.57754E+01 5.38255E+00 6.21220E+02 2.04222E+01 4.23524E+00 2.33814E+02
 2.29878E+01 4.46432E+00 2.23111E+01 4.36501E+00 1.24173E+03 3.11145E+01 6.09995E+00 6.66809E+02 2.76728E+01 5.38257E+00 4.61772E+02
 2.74086E+01 4.95467E+00 2.66668E+01 4.85687E+00 1.33202E+03 3.72145E+01 6.79214E+00 7.15292E+02 3.90240E+01 7.07423E+00 7.37739E+02
 3.24431E+01 5.43445E+00 3.16236E+01 5.33374E+00 1.42797E+03 4.41548E+01 7.46158E+00 7.66822E+02 5.20529E+01 8.74777E+00 9.58454E+02
 3.81472E+01 5.90197E+00 3.72361E+01 5.79588E+00 1.52990E+03 5.20118E+01 8.10937E+00 8.21554E+02 6.44634E+01 1.00045E+01 1.10252E+03
 4.45786E+01 6.35439E+00 4.35627E+01 6.24189E+00 1.63808E+03 6.08679E+01 8.73406E+00 8.79648E+02 7.66239E+01 1.09522E+01 1.20635E+03
 5.17942E+01 6.78807E+00 5.06599E+01 6.66890E+00 1.75282E+03 7.08024E+01 9.33196E+00 9.41267E+02 8.94603E+01 1.17521E+01 1.29823E+03
 5.98499E+01 7.19902E+00 5.85830E+01 7.07336E+00 1.87445E+03 8.18929E+01 9.89821E+00 1.00658E+03 1.03520E+02 1.24769E+01 1.39012E+03
 6.88005E+01 7.58337E+00 6.73860E+01 7.45158E+00 2.00328E+03 9.42149E+01 1.04277E+01 1.07576E+03 1.19064E+02 1.31462E+01 1.48605E+03
 7.87174E+01 7.93892E+00 7.71392E+01 7.80145E+00 2.13977E+03 1.07867E+02 1.09175E+01 1.14906E+03 1.36269E+02 1.37635E+01 1.58737E+03
 8.96432E+01 8.26164E+00 8.78844E+01 8.11901E+00 2.28421E+03 1.22907E+02 1.13621E+01 1.22662E+03 1.55219E+02 1.43235E+01 1.69453E+03
 1.14233E+00 9.27907E-02 1.09977E+00 8.94107E-02 3.42106E+02 1.53021E+00 1.24436E-01 1.83711E+02 1.14234E+00 9.27916E-02 4.88442E-02
 1.24908E+00 1.27013E-01 1.19377E+00 1.25332E-01 3.71860E+02 1.65754E+00 1.75593E-01 1.99689E+02 1.24909E+00 1.27014E-01 7.08304E-02
 1.43013E+00 1.82811E-01 1.35587E+00 1.82749E-01 4.02870E+02 1.87824E+00 2.56946E-01 2.16341E+02 1.43016E+00 1.82814E-01 1.04833E-01
 1.69127E+00 2.62042E-01 1.59154E+00 2.62890E-01 4.35301E+02 2.19993E+00 3.69980E-01 2.33756E+02 1.69131E+00 2.62050E-01 1.58766E-01
 2.04775E+00 3.67900E-01 1.91448E+00 3.67494E-01 4.69268E+02 2.64126E+00 5.16590E-01 2.51997E+02 2.04783E+00 3.67914E-01 2.46653E-01
 2.52650E+00 5.07489E-01 2.34831E+00 5.01395E-01 5.04971E+02 3.23417E+00 7.02706E-01 2.71170E+02 2.52664E+00 5.07518E-01 3.94142E-01
 3.15317E+00 6.87026E-01 2.91625E+00 6.67798E-01 5.42504E+02 4.01040E+00 9.31689E-01 2.91325E+02 3.15343E+00 6.87087E-01 6.49500E-01
 3.74842E+00 8.54026E-01 3.45596E+00 8.18151E-01 5.72750E+02 4.74815E+00 1.13676E+00 3.07567E+02 3.74887E+00 8.54133E-01 9.77782E-01
 3.94239E+00 9.10994E-01 3.64259E+00 8.69897E-01 5.81980E+02 5.00777E+00 1.20754E+00 3.12523E+02 3.94292E+00 9.11121E-01 1.10671E+00
 5.05174E+00 1.20447E+00 4.70060E+00 1.13331E+00 6.27135E+02 6.47592E+00 1.56649E+00 3.36771E+02 5.05295E+00 1.20476E+00 2.04849E+00
 6.45166E+00 1.55378E+00 6.03854E+00 1.44837E+00 6.75210E+02 8.33363E+00 1.99645E+00 3.62588E+02 6.45458E+00 1.55448E+00 3.96948E+00
 8.16025E+00 1.95577E+00 7.68655E+00 1.82368E+00 7.26413E+02 1.06279E+01 2.51402E+00 3.90084E+02 8.16788E+00 1.95758E+00 8.07291E+00
 1.02120E+01 2.40203E+00 9.69816E+00 2.26026E+00 7.80933E+02 1.34412E+01 3.12422E+00 4.19361E+02 1.02344E+01 2.40725E+00 1.72375E+01
 1.26438E+01 2.88017E+00 1.20912E+01 2.74568E+00 8.39030E+02 1.67914E+01 3.80956E+00 4.50559E+02 1.27199E+01 2.89743E+00 3.84432E+01
 1.54900E+01 3.37180E+00 1.49160E+01 3.25293E+00 9.00895E+02 2.07552E+01 4.52877E+00 4.83780E+02 1.57921E+01 3.43770E+00 8.78178E+01
 1.87938E+01 3.86218E+00 1.81774E+01 3.75734E+00 9.66703E+02 2.53251E+01 5.24339E+00 5.19119E+02 2.00695E+01 4.12622E+00 1.95385E+02
 2.25861E+01 4.34442E+00 2.19181E+01 4.24753E+00 1.03667E+03 3.05653E+01 5.93568E+00 5.56692E+02 2.71885E+01 5.23795E+00 3.85515E+02
 2.69252E+01 4.81626E+00 2.61934E+01 4.72101E+00 1.11102E+03 3.65527E+01 6.60208E+00 5.96617E+02 3.83341E+01 6.87652E+00 6.15340E+02
 3.18670E+01 5.27703E+00 3.10590E+01 5.17910E+00 1.18998E+03 4.33652E+01 7.24520E+00 6.39017E+02 5.11262E+01 8.49426E+00 7.98710E+02
 3.74664E+01 5.72520E+00 3.65685E+01 5.62218E+00 1.27378E+03 5.10782E+01 7.86628E+00 6.84017E+02 6.33103E+01 9.70479E+00 9.17944E+02
 4.37802E+01 6.15813E+00 4.27794E+01 6.04899E+00 1.36265E+03 5.97723E+01 8.46411E+00 7.31745E+02 7.52488E+01 1.06138E+01 1.00352E+03
 5.08641E+01 6.57236E+00 4.97471E+01 6.45688E+00 1.45686E+03 6.95255E+01 9.03524E+00 7.82333E+02 8.78509E+01 1.13786E+01 1.07902E+03
 5.87729E+01 6.96413E+00 5.75258E+01 6.84248E+00 1.55664E+03 8.04139E+01 9.57510E+00 8.35915E+02 1.01654E+02 1.20697E+01 1.15443E+03
 6.75604E+01 7.32979E+00 6.61684E+01 7.20232E+00 1.66225E+03 9.25113E+01 1.00789E+01 8.92630E+02 1.16915E+02 1.27065E+01 1.23307E+03
 7.72962E+01 7.66726E+00 7.57435E+01 7.53442E+00 1.77408E+03 1.05914E+02 1.05438E+01 9.52679E+02 1.33806E+02 1.32925E+01 1.31608E+03
 8.80221E+01 7.97277E+00 8.62921E+01 7.83505E+00 1.89233E+03 1.20679E+02 1.09647E+01 1.01618E+03 1.52410E+02 1.38226E+01 1.40381E+03
 1.12956E+00 9.13437E-02 1.08745E+00 8.80245E-02 2.92699E+02 1.51305E+00 1.22510E-01 1.57179E+02 1.12957E+00 9.13446E-02 4.17902E-02
 1.23715E+00 1.25928E-01 1.18222E+00 1.24303E-01 3.17921E+02 1.64143E+00 1.74166E-01 1.70724E+02 1.23716E+00 1.25930E-01 6.05564E-02
 1.41743E+00 1.81576E-01 1.34361E+00 1.81555E-01 3.44151E+02 1.86118E+00 2.55281E-01 1.84809E+02 1.41746E+00 1.81580E-01 8.95531E-02
 1.67578E+00 2.59977E-01 1.57673E+00 2.60854E-01 3.71532E+02 2.17936E+00 3.67128E-01 1.99513E+02 1.67583E+00 2.59984E-01 1.35508E-01
 2.02704E+00 3.64134E-01 1.89487E+00 3.63785E-01 4.00162E+02 2.61409E+00 5.11396E-01 2.14887E+02 2.02711E+00 3.64148E-01 2.10331E-01
 2.49740E+00 5.00858E-01 2.32095E+00 4.94944E-01 4.30211E+02 3.19636E+00 6.93703E-01 2.31024E+02 2.49753E+00 5.00887E-01 3.35790E-01
 3.11187E+00 6.76102E-01 2.87752E+00 6.57349E-01 4.61757E+02 3.95691E+00 9.17177E-01 2.47963E+02 3.11213E+00 6.76162E-01 5.52827E-01
 3.69492E+00 8.38755E-01 3.40570E+00 8.03731E-01 4.87151E+02 4.67870E+00 1.11681E+00 2.61600E+02 3.69537E+00 8.38860E-01 8.31650E-01
 3.88472E+00 8.94160E-01 3.58830E+00 8.54038E-01 4.94904E+02 4.93272E+00 1.18561E+00 2.65763E+02 3.88524E+00 8.94284E-01 9.41122E-01
 4.97103E+00 1.17929E+00 4.62423E+00 1.10980E+00 5.32802E+02 6.37019E+00 1.53406E+00 2.86115E+02 4.97222E+00 1.17957E+00 1.74036E+00
 6.34120E+00 1.51793E+00 5.93344E+00 1.41494E+00 5.73101E+02 8.18790E+00 1.95037E+00 3.07755E+02 6.34407E+00 1.51861E+00 3.36919E+00
 8.01269E+00 1.90681E+00 7.54529E+00 1.77773E+00 6.15970E+02 1.04316E+01 2.45056E+00 3.30776E+02 8.02019E+00 1.90857E+00 6.84552E+00
 1.00193E+01 2.33764E+00 9.51240E+00 2.19913E+00 6.61566E+02 1.31826E+01 3.03951E+00 3.55261E+02 1.00413E+01 2.34271E+00 1.46028E+01
 1.23972E+01 2.79830E+00 1.18522E+01 2.66701E+00 7.10100E+02 1.64582E+01 3.70017E+00 3.81324E+02 1.24717E+01 2.81506E+00 3.25358E+01
 1.51798E+01 3.27085E+00 1.46140E+01 3.15499E+00 7.61730E+02 2.03337E+01 4.39220E+00 4.09049E+02 1.54758E+01 3.33476E+00 7.42522E+01
 1.84097E+01 3.74097E+00 1.78025E+01 3.63901E+00 8.16596E+02 2.48014E+01 5.07809E+00 4.38512E+02 1.96590E+01 3.99668E+00 1.65047E+02
 2.21169E+01 4.20204E+00 2.14593E+01 4.10803E+00 8.74874E+02 2.99241E+01 5.74062E+00 4.69808E+02 2.66227E+01 5.06620E+00 3.25347E+02
 2.63585E+01 4.65198E+00 2.56385E+01 4.55977E+00 9.36746E+02 3.57769E+01 6.37652E+00 5.03033E+02 3.75252E+01 6.64185E+00 5.18819E+02
 3.11890E+01 5.09030E+00 3.03946E+01 4.99567E+00 1.00239E+03 4.24363E+01 6.98853E+00 5.38286E+02 5.00357E+01 8.19356E+00 6.72805E+02
 3.66623E+01 5.51563E+00 3.57801E+01 5.41625E+00 1.07201E+03 4.99756E+01 7.57810E+00 5.75669E+02 6.19483E+01 9.34943E+00 7.72542E+02
 4.28337E+01 5.92556E+00 4.18509E+01 5.82043E+00 1.14578E+03 5.84736E+01 8.14425E+00 6.15284E+02 7.36185E+01 1.02129E+01 8.43801E+02
 4.97573E+01 6.31688E+00 4.86611E+01 6.20578E+00 1.22391E+03 6.80064E+01 8.68383E+00 6.57239E+02 8.59361E+01 1.09362E+01 9.06485E+02
 5.74869E+01 6.68607E+00 5.62635E+01 6.56917E+00 1.30659E+03 7.86479E+01 9.19260E+00 7.01641E+02 9.94264E+01 1.15877E+01 9.68989E+02
 6.60743E+01 7.02972E+00 6.47094E+01 6.90738E+00 1.39404E+03 9.04700E+01 9.66608E+00 7.48602E+02 1.14340E+02 1.21863E+01 1.03411E+03
 7.55874E+01 7.34595E+00 7.40655E+01 7.21857E+00 1.48656E+03 1.03566E+02 1.01017E+01 7.98284E+02 1.30844E+02 1.27354E+01 1.10279E+03
 8.60666E+01 7.63122E+00 8.43716E+01 7.49931E+00 1.58432E+03 1.17992E+02 1.04948E+01 8.50779E+02 1.49020E+02 1.32304E+01 1.17532E+03
 1.11433E+00 8.96060E-02 1.07276E+00 8.63599E-02 2.52959E+02 1.49260E+00 1.20197E-01 1.35839E+02 1.11434E+00 8.96069E-02 3.61163E-02
 1.22283E+00 1.24621E-01 1.16836E+00 1.23062E-01 2.74590E+02 1.62212E+00 1.72448E-01 1.47455E+02 1.22285E+00 1.24623E-01 5.23029E-02
 1.40226E+00 1.80089E-01 1.32897E+00 1.80115E-01 2.97040E+02 1.84079E+00 2.53275E-01 1.59510E+02 1.40228E+00 1.80092E-01 7.72939E-02
 1.65752E+00 2.57509E-01 1.55925E+00 2.58418E-01 3.20433E+02 2.15508E+00 3.63716E-01 1.72072E+02 1.65757E+00 2.57516E-01 1.16871E-01
 2.00300E+00 3.59672E-01 1.87207E+00 3.59380E-01 3.44855E+02 2.58251E+00 5.05225E-01 1.85187E+02 2.00307E+00 3.59686E-01 1.81260E-01
 2.46407E+00 4.93046E-01 2.28959E+00 4.87325E-01 3.70450E+02 3.15302E+00 6.83065E-01 1.98932E+02 2.46421E+00 4.93075E-01 2.89145E-01
 3.06500E+00 6.63282E-01 2.83357E+00 6.45059E-01 3.97284E+02 3.89623E+00 9.00097E-01 2.13342E+02 3.06526E+00 6.63341E-01 4.75639E-01
 3.63444E+00 8.20865E-01 3.34898E+00 7.86811E-01 4.18864E+02 4.60038E+00 1.09339E+00 2.24930E+02 3.63488E+00 8.20968E-01 7.15072E-01
 3.81956E+00 8.74447E-01 3.52709E+00 8.35440E-01 4.25453E+02 4.84815E+00 1.15988E+00 2.28468E+02 3.82008E+00 8.74569E-01 8.09053E-01
 4.87988E+00 1.14985E+00 4.53819E+00 1.08229E+00 4.57642E+02 6.25116E+00 1.49612E+00 2.45754E+02 4.88105E+00 1.15012E+00 1.49485E+00
 6.21624E+00 1.47603E+00 5.81483E+00 1.37591E+00 4.91827E+02 8.02353E+00 1.89657E+00 2.64111E+02 6.21904E+00 1.47670E+00 2.89139E+00
 7.84528E+00 1.84961E+00 7.38536E+00 1.72412E+00 5.28147E+02 1.02096E+01 2.37654E+00 2.83615E+02 7.85262E+00 1.85132E+00 5.86951E+00
 9.79996E+00 2.26245E+00 9.30125E+00 2.12783E+00 5.66733E+02 1.28888E+01 2.94074E+00 3.04336E+02 9.82141E+00 2.26736E+00 1.25095E+01
 1.21153E+01 2.70272E+00 1.15794E+01 2.57525E+00 6.07760E+02 1.60781E+01 3.57260E+00 3.26367E+02 1.21881E+01 2.71890E+00 2.78467E+01
 1.48240E+01 3.15304E+00 1.42678E+01 3.04076E+00 6.51355E+02 1.98506E+01 4.23294E+00 3.49778E+02 1.51129E+01 3.21463E+00 6.34930E+01
 1.79672E+01 3.59959E+00 1.73709E+01 3.50102E+00 6.97635E+02 2.41986E+01 4.88536E+00 3.74630E+02 1.91862E+01 3.84560E+00 1.41003E+02
 2.15743E+01 4.03607E+00 2.09289E+01 3.94545E+00 7.46745E+02 2.91829E+01 5.51330E+00 4.01002E+02 2.59685E+01 4.86602E+00 2.77698E+02
 2.57004E+01 4.46064E+00 2.49944E+01 4.37198E+00 7.98830E+02 3.48766E+01 6.11381E+00 4.28972E+02 3.65862E+01 6.36852E+00 4.42434E+02
 3.03987E+01 4.87295E+00 2.96204E+01 4.78218E+00 8.54042E+02 4.13537E+01 6.68980E+00 4.58621E+02 4.87646E+01 7.84356E+00 5.73231E+02
 3.57211E+01 5.27187E+00 3.48575E+01 5.17673E+00 9.12534E+02 4.86853E+01 7.24292E+00 4.90031E+02 6.03544E+01 8.93611E+00 6.57616E+02
 4.17213E+01 5.65524E+00 4.07600E+01 5.55477E+00 9.74462E+02 5.69478E+01 7.77246E+00 5.23286E+02 7.17029E+01 9.74683E+00 7.17634E+02
 4.84517E+01 6.02012E+00 4.73801E+01 5.91411E+00 1.03999E+03 6.62144E+01 8.27563E+00 5.58472E+02 8.36772E+01 1.04223E+01 7.70263E+02
 5.59639E+01 6.36327E+00 5.47687E+01 6.25189E+00 1.10927E+03 7.65568E+01 8.74856E+00 5.95678E+02 9.67884E+01 1.10281E+01 8.22651E+02
 6.43080E+01 6.68158E+00 6.29754E+01 6.56518E+00 1.18248E+03 8.80441E+01 9.18717E+00 6.34992E+02 1.11280E+02 1.15827E+01 8.77173E+02
 7.35492E+01 6.97335E+00 7.20642E+01 6.85232E+00 1.25986E+03 1.00766E+02 9.58917E+00 6.76547E+02 1.27312E+02 1.20893E+01 9.34618E+02
 8.37263E+01 7.23536E+00 8.20731E+01 7.11019E+00 1.34156E+03 1.14776E+02 9.95019E+00 7.20417E+02 1.44964E+02 1.25440E+01 9.95229E+02
 1.09627E+00 8.75521E-02 1.05534E+00 8.43930E-02 2.20871E+02 1.46836E+00 1.17464E-01 1.18608E+02 1.09628E+00 8.75530E-02 3.15349E-02
 1.20570E+00 1.23071E-01 1.15179E+00 1.21592E-01 2.39643E+02 1.59903E+00 1.70410E-01 1.28688E+02 1.20571E+00 1.23073E-01 4.56463E-02
 1.38410E+00 1.78323E-01 1.31146E+00 1.78407E-01 2.59091E+02 1.81641E+00 2.50896E-01 1.39132E+02 1.38413E+00 1.78327E-01 6.74191E-02
 1.63592E+00 2.54605E-01 1.53857E+00 2.55550E-01 2.79323E+02 2.12635E+00 3.59696E-01 1.49996E+02 1.63597E+00 2.54612E-01 1.01877E-01
 1.97501E+00 3.54469E-01 1.84549E+00 3.54234E-01 3.00416E+02 2.54568E+00 4.98011E-01 1.61323E+02 1.97508E+00 3.54483E-01 1.57902E-01
 2.42584E+00 4.84002E-01 2.25357E+00 4.78482E-01 3.22490E+02 3.10320E+00 6.70705E-01 1.73177E+02 2.42597E+00 4.84030E-01 2.51712E-01
 3.01180E+00 6.48506E-01 2.78369E+00 6.30858E-01 3.45604E+02 3.82735E+00 8.80348E-01 1.85589E+02 3.01205E+00 6.48563E-01 4.13766E-01
 3.56614E+00 8.00291E-01 3.28502E+00 7.67315E-01 3.64174E+02 4.51209E+00 1.06639E+00 1.95561E+02 3.56657E+00 8.00391E-01 6.21707E-01
 3.74608E+00 8.51790E-01 3.45815E+00 8.14027E-01 3.69845E+02 4.75296E+00 1.13025E+00 1.98607E+02 3.74658E+00 8.51908E-01 7.03306E-01
 4.77726E+00 1.11606E+00 4.44150E+00 1.05071E+00 3.97526E+02 6.11746E+00 1.45255E+00 2.13472E+02 4.77840E+00 1.11633E+00 1.29849E+00
 6.07543E+00 1.42802E+00 5.68147E+00 1.33120E+00 4.26887E+02 7.83885E+00 1.83497E+00 2.29238E+02 6.07817E+00 1.42866E+00 2.50962E+00
 7.65623E+00 1.78411E+00 7.20513E+00 1.66280E+00 4.58044E+02 9.95955E+00 2.29191E+00 2.45970E+02 7.66338E+00 1.78576E+00 5.09043E+00
 9.55145E+00 2.17637E+00 9.06245E+00 2.04632E+00 4.91106E+02 1.25568E+01 2.82786E+00 2.63724E+02 9.57235E+00 2.18109E+00 1.08402E+01
 1.17949E+01 2.59334E+00 1.12697E+01 2.47036E+00 5.26219E+02 1.56466E+01 3.42680E+00 2.82579E+02 1.18658E+01 2.60887E+00 2.41106E+01
 1.44180E+01 3.01829E+00 1.38732E+01 2.91019E+00 5.63488E+02 1.93000E+01 4.05093E+00 3.02593E+02 1.46989E+01 3.07724E+00 5.49279E+01
 1.74605E+01 3.43800E+00 1.68768E+01 3.34338E+00 6.03009E+02 2.35087E+01 4.66519E+00 3.23816E+02 1.86448E+01 3.67293E+00 1.21877E+02
 2.09504E+01 3.84655E+00 2.03192E+01 3.75983E+00 6.44902E+02 2.83311E+01 5.25378E+00 3.46312E+02 2.52164E+01 4.63744E+00 2.39825E+02
 2.49408E+01 4.24233E+00 2.42512E+01 4.15775E+00 6.89287E+02 3.38376E+01 5.81413E+00 3.70147E+02 3.55023E+01 6.05670E+00 3.81763E+02
 2.94827E+01 4.62521E+00 2.87232E+01 4.53884E+00 7.36288E+02 4.00993E+01 6.34932E+00 3.95387E+02 4.72916E+01 7.44463E+00 4.94195E+02
 3.46260E+01 4.99428E+00 3.37841E+01 4.90397E+00 7.86030E+02 4.71842E+01 6.86122E+00 4.22098E+02 5.84998E+01 8.46542E+00 5.66452E+02
 4.04219E+01 5.34766E+00 3.94858E+01 5.25249E+00 8.38642E+02 5.51656E+01 7.34943E+00 4.50351E+02 6.94653E+01 9.21655E+00 6.17611E+02
 4.69207E+01 5.68271E+00 4.58780E+01 5.58249E+00 8.94254E+02 6.41134E+01 7.81154E+00 4.80214E+02 8.10285E+01 9.83801E+00 6.62327E+02
 5.41713E+01 5.99654E+00 5.30096E+01 5.89144E+00 9.52999E+02 7.40959E+01 8.24410E+00 5.11760E+02 9.36836E+01 1.03924E+01 7.06758E+02
 6.22216E+01 6.28635E+00 6.09273E+01 6.17669E+00 1.01501E+03 8.51788E+01 8.64347E+00 5.45062E+02 1.07665E+02 1.08974E+01 7.52944E+02
 7.11335E+01 6.55064E+00 6.96922E+01 6.43682E+00 1.08050E+03 9.74475E+01 9.00766E+00 5.80227E+02 1.23126E+02 1.13563E+01 8.01556E+02
 8.09434E+01 6.78655E+00 7.93402E+01 6.66903E+00 1.14956E+03 1.10952E+02 9.33277E+00 6.17315E+02 1.40141E+02 1.17658E+01 8.52797E+02
 1.07483E+00 8.51647E-02 1.03466E+00 8.21071E-02 1.94776E+02 1.43956E+00 1.14289E-01 1.04595E+02 1.07484E+00 8.51656E-02 2.78091E-02
 1.18518E+00 1.21261E-01 1.13196E+00 1.19876E-01 2.11255E+02 1.57141E+00 1.68034E-01 1.13444E+02 1.18520E+00 1.21263E-01 4.02391E-02
 1.36241E+00 1.76258E-01 1.29054E+00 1.76410E-01 2.28302E+02 1.78730E+00 2.48114E-01 1.22598E+02 1.36243E+00 1.76262E-01 5.94073E-02
 1.61040E+00 2.51232E-01 1.51412E+00 2.52217E-01 2.46012E+02 2.09238E+00 3.55025E-01 1.32108E+02 1.61044E+00 2.51239E-01 8.97275E-02
 1.94241E+00 3.48481E-01 1.81453E+00 3.48304E-01 2.64452E+02 2.50276E+00 4.89694E-01 1.42011E+02 1.94248E+00 3.48495E-01 1.38999E-01
 2.38192E+00 4.73674E-01 2.21215E+00 4.68358E-01 2.83727E+02 3.04592E+00 6.56549E-01 1.52361E+02 2.38204E+00 4.73701E-01 2.21456E-01
 2.95126E+00 6.31722E-01 2.72692E+00 6.14687E-01 3.03886E+02 3.74896E+00 8.57841E-01 1.63187E+02 2.95151E+00 6.31778E-01 3.63820E-01
 3.48879E+00 7.76985E-01 3.21264E+00 7.45179E-01 3.20067E+02 4.41221E+00 1.03570E+00 1.71876E+02 3.48921E+00 7.77082E-01 5.46410E-01
 3.66295E+00 8.26142E-01 3.38024E+00 7.89735E-01 3.25008E+02 4.64538E+00 1.09661E+00 1.74529E+02 3.66344E+00 8.26257E-01 6.18043E-01
 4.66134E+00 1.07791E+00 4.33240E+00 1.01501E+00 3.49110E+02 5.96664E+00 1.40328E+00 1.87472E+02 4.66245E+00 1.07817E+00 1.14034E+00
 5.91625E+00 1.37387E+00 5.53093E+00 1.28079E+00 3.74643E+02 7.63046E+00 1.76551E+00 2.01183E+02 5.91892E+00 1.37449E+00 2.20248E+00
 7.44207E+00 1.71033E+00 7.00129E+00 1.59380E+00 4.01707E+02 9.67685E+00 2.19672E+00 2.15716E+02 7.44903E+00 1.71191E+00 4.46432E+00
 9.26911E+00 2.07950E+00 8.79152E+00 1.95471E+00 4.30391E+02 1.21801E+01 2.70105E+00 2.31120E+02 9.28939E+00 2.08401E+00 9.50002E+00
 1.14297E+01 2.47035E+00 1.09170E+01 2.35252E+00 4.60819E+02 1.51554E+01 3.26308E+00 2.47460E+02 1.14983E+01 2.48513E+00 2.11141E+01
 1.39535E+01 2.86688E+00 1.34220E+01 2.76357E+00 4.93080E+02 1.86707E+01 3.84660E+00 2.64784E+02 1.42253E+01 2.92286E+00 4.80646E+01
 1.68787E+01 3.25660E+00 1.63098E+01 3.16647E+00 5.27252E+02 2.27170E+01 4.41814E+00 2.83134E+02 1.80231E+01 3.47909E+00 1.06566E+02
 2.02313E+01 3.63401E+00 1.96169E+01 3.55171E+00 5.63435E+02 2.73500E+01 4.96282E+00 3.02565E+02 2.43497E+01 4.38110E+00 2.09529E+02
 2.40621E+01 3.99778E+00 2.33916E+01 3.91779E+00 6.01729E+02 3.26363E+01 5.47845E+00 3.23129E+02 3.42488E+01 5.70740E+00 3.33269E+02
 2.84193E+01 4.34799E+00 2.76819E+01 4.26656E+00 6.42237E+02 3.86435E+01 5.96834E+00 3.44881E+02 4.55817E+01 6.99824E+00 4.31068E+02
 3.33502E+01 4.68399E+00 3.25338E+01 4.59908E+00 6.85061E+02 4.54359E+01 6.43457E+00 3.67878E+02 5.63395E+01 7.93928E+00 4.93689E+02
 3.89030E+01 5.00419E+00 3.79964E+01 4.91494E+00 7.30309E+02 5.30826E+01 6.87706E+00 3.92176E+02 6.68499E+01 8.62442E+00 5.37830E+02
 4.51250E+01 5.30631E+00 4.41166E+01 5.21255E+00 7.78086E+02 6.16496E+01 7.29381E+00 4.17832E+02 7.79223E+01 9.18621E+00 5.76287E+02
 5.20624E+01 5.58779E+00 5.09400E+01 5.48969E+00 8.28502E+02 7.12009E+01 7.68185E+00 4.44906E+02 9.00309E+01 9.68389E+00 6.14429E+02
 5.97596E+01 5.84621E+00 5.85107E+01 5.74407E+00 8.81668E+02 8.17980E+01 8.03801E+00 4.73456E+02 1.03399E+02 1.01343E+01 6.54028E+02
 6.82748E+01 6.08028E+00 6.68855E+01 5.97448E+00 9.37750E+02 9.35206E+01 8.36061E+00 5.03572E+02 1.18172E+02 1.05408E+01 6.95661E+02
 7.76415E+01 6.28755E+00 7.60976E+01 6.17853E+00 9.96837E+02 1.06415E+02 8.64629E+00 5.35301E+02 1.34419E+02 1.09005E+01 7.39498E+02
 1.04968E+00 8.24576E-02 1.01040E+00 7.95160E-02 1.73366E+02 1.40579E+00 1.10690E-01 9.30975E+01 1.04969E+00 8.24585E-02 2.47524E-02
 1.16093E+00 1.19201E-01 1.10852E+00 1.17925E-01 1.87990E+02 1.53877E+00 1.65332E-01 1.00951E+02 1.16095E+00 1.19203E-01 3.58077E-02
 1.33679E+00 1.73899E-01 1.26585E+00 1.74130E-01 2.03099E+02 1.75294E+00 2.44938E-01 1.09064E+02 1.33681E+00 1.73902E-01 5.28492E-02
 1.58058E+00 2.47403E-01 1.48556E+00 2.48433E-01 2.18779E+02 2.05270E+00 3.49722E-01 1.17484E+02 1.58062E+00 2.47410E-01 7.97948E-02
 1.90492E+00 3.41754E-01 1.77888E+00 3.41630E-01 2.35088E+02 2.45333E+00 4.80330E-01 1.26242E+02 1.90499E+00 3.41767E-01 1.23565E-01
 2.33214E+00 4.62174E-01 2.16517E+00 4.57059E-01 2.52117E+02 2.98093E+00 6.40736E-01 1.35387E+02 2.33226E+00 4.62201E-01 1.96783E-01
 2.88344E+00 6.13162E-01 2.66330E+00 5.96752E-01 2.69908E+02 3.66111E+00 8.32861E-01 1.44940E+02 2.88368E+00 6.13216E-01 3.23140E-01
 3.40264E+00 7.51303E-01 3.13209E+00 7.20724E-01 2.84177E+02 4.30108E+00 1.00178E+00 1.52603E+02 3.40304E+00 7.51397E-01 4.85138E-01
 3.57048E+00 7.97907E-01 3.29363E+00 7.62928E-01 2.88532E+02 4.52584E+00 1.05946E+00 1.54942E+02 3.57096E+00 7.98018E-01 5.48680E-01
 4.53269E+00 1.03603E+00 4.21141E+00 9.75770E-01 3.09767E+02 5.79944E+00 1.34911E+00 1.66345E+02 4.53377E+00 1.03628E+00 1.01183E+00
 5.73954E+00 1.31459E+00 5.36404E+00 1.22561E+00 3.32236E+02 7.39952E+00 1.68948E+00 1.78411E+02 5.74213E+00 1.31518E+00 1.95317E+00
 7.20389E+00 1.62969E+00 6.77494E+00 1.51849E+00 3.56025E+02 9.36308E+00 2.09284E+00 1.91185E+02 7.21062E+00 1.63120E+00 3.95664E+00
 8.95421E+00 1.97377E+00 8.48975E+00 1.85486E+00 3.81211E+02 1.17608E+01 2.56289E+00 2.04710E+02 8.97379E+00 1.97805E+00 8.41446E+00
 1.10209E+01 2.33624E+00 1.05227E+01 2.22420E+00 4.07897E+02 1.46065E+01 3.08484E+00 2.19041E+02 1.10870E+01 2.35022E+00 1.86893E+01
 1.34318E+01 2.70199E+00 1.29156E+01 2.60403E+00 4.36158E+02 1.79644E+01 3.62429E+00 2.34217E+02 1.36932E+01 2.75473E+00 4.25160E+01
 1.62226E+01 3.05931E+00 1.56707E+01 2.97414E+00 4.66062E+02 2.18249E+01 4.14960E+00 2.50275E+02 1.73220E+01 3.26828E+00 9.41982E+01
 1.94172E+01 3.40319E+00 1.88221E+01 3.32573E+00 4.97689E+02 2.62397E+01 4.64691E+00 2.67259E+02 2.33684E+01 4.10272E+00 1.85080E+02
 2.30634E+01 3.73258E+00 2.24150E+01 3.65759E+00 5.31126E+02 3.12714E+01 5.11450E+00 2.85215E+02 3.28241E+01 5.32863E+00 2.94165E+02
 2.72060E+01 4.04781E+00 2.64940E+01 3.97176E+00 5.66457E+02 3.69829E+01 5.55585E+00 3.04187E+02 4.36310E+01 6.51490E+00 3.80205E+02
 3.18890E+01 4.34849E+00 3.11021E+01 4.26944E+00 6.03768E+02 4.34340E+01 5.97328E+00 3.24223E+02 5.38655E+01 7.37041E+00 4.35105E+02
 3.71570E+01 4.63333E+00 3.62847E+01 4.55049E+00 6.43147E+02 5.06888E+01 6.36703E+00 3.45370E+02 6.38437E+01 7.98507E+00 4.73640E+02
 4.30538E+01 4.90041E+00 4.20851E+01 4.81363E+00 6.84682E+02 5.88081E+01 6.73554E+00 3.67674E+02 7.43395E+01 8.48335E+00 5.07108E+02
 4.96216E+01 5.14757E+00 4.85452E+01 5.05700E+00 7.28464E+02 6.78509E+01 7.07632E+00 3.91185E+02 8.58039E+01 8.92079E+00 5.40240E+02
 5.69014E+01 5.37273E+00 5.57053E+01 5.27869E+00 7.74584E+02 7.78734E+01 7.38671E+00 4.15952E+02 9.84475E+01 9.31333E+00 5.74592E+02
 6.49462E+01 5.57487E+00 6.36176E+01 5.47770E+00 8.23180E+02 8.89486E+01 7.66535E+00 4.42048E+02 1.12404E+02 9.66443E+00 6.10668E+02
 7.37862E+01 5.75194E+00 7.23119E+01 5.65204E+00 8.74323E+02 1.01118E+02 7.90946E+00 4.69511E+02 1.27738E+02 9.97179E+00 6.48612E+02
 1.02032E+00 7.94679E-02 9.82079E-01 7.66556E-02 1.55648E+02 1.36637E+00 1.06717E-01 8.35832E+01 1.02033E+00 7.94687E-02 2.22227E-02
 1.13247E+00 1.16918E-01 1.08102E+00 1.15763E-01 1.68753E+02 1.50047E+00 1.62338E-01 9.06202E+01 1.13248E+00 1.16919E-01 3.21434E-02
 1.30678E+00 1.71262E-01 1.23695E+00 1.71584E-01 1.82278E+02 1.71271E+00 2.41392E-01 9.78835E+01 1.30681E+00 1.71266E-01 4.74314E-02
 1.54597E+00 2.43137E-01 1.45242E+00 2.44218E-01 1.96303E+02 2.00666E+00 3.43814E-01 1.05415E+02 1.54601E+00 2.43144E-01 7.15971E-02
 1.86196E+00 3.34328E-01 1.73804E+00 3.34258E-01 2.10877E+02 2.39671E+00 4.69985E-01 1.13241E+02 1.86203E+00 3.34342E-01 1.10840E-01
 2.27583E+00 4.49609E-01 2.11203E+00 4.44689E-01 2.26079E+02 2.90740E+00 6.23417E-01 1.21405E+02 2.27596E+00 4.49635E-01 1.76460E-01
 2.80751E+00 5.93046E-01 2.59209E+00 5.77266E-01 2.41948E+02 3.56278E+00 8.05702E-01 1.29926E+02 2.80774E+00 5.93098E-01 2.89666E-01
 3.30670E+00 7.23597E-01 3.04246E+00 6.94275E-01 2.54666E+02 4.17745E+00 9.65074E-01 1.36756E+02 3.30709E+00 7.23687E-01 4.34758E-01
 3.46764E+00 7.67483E-01 3.19737E+00 7.33973E-01 2.58545E+02 4.39297E+00 1.01930E+00 1.38839E+02 3.46811E+00 7.67590E-01 4.91657E-01
 4.38992E+00 9.91099E-01 4.07716E+00 9.33590E-01 2.77453E+02 5.61390E+00 1.29085E+00 1.48992E+02 4.39097E+00 9.91339E-01 9.06278E-01
 5.54352E+00 1.25118E+00 5.17897E+00 1.16656E+00 2.97438E+02 7.14347E+00 1.60811E+00 1.59724E+02 5.54602E+00 1.25175E+00 1.74860E+00
 6.93943E+00 1.54370E+00 6.52382E+00 1.43822E+00 3.18574E+02 9.01506E+00 1.98216E+00 1.71074E+02 6.94591E+00 1.54512E+00 3.54044E+00
 8.60385E+00 1.86125E+00 8.15432E+00 1.74874E+00 3.40927E+02 1.12948E+01 2.41611E+00 1.83078E+02 8.62266E+00 1.86529E+00 7.52528E+00
 1.05649E+01 2.19379E+00 1.00832E+01 2.08806E+00 3.64586E+02 1.39948E+01 2.89581E+00 1.95782E+02 1.06283E+01 2.20692E+00 1.67048E+01
 1.28479E+01 2.52714E+00 1.23493E+01 2.43499E+00 3.89613E+02 1.71748E+01 3.38882E+00 2.09222E+02 1.30979E+01 2.57646E+00 3.79789E+01
 1.54860E+01 2.85049E+00 1.49537E+01 2.77068E+00 4.16066E+02 2.08241E+01 3.86555E+00 2.23428E+02 1.65351E+01 3.04515E+00 8.40934E+01
 1.85005E+01 3.15934E+00 1.79274E+01 3.08707E+00 4.44015E+02 2.49900E+01 4.31329E+00 2.38436E+02 2.22635E+01 3.80866E+00 1.65120E+02
 2.19352E+01 3.45298E+00 2.13119E+01 3.38330E+00 4.73529E+02 2.97300E+01 4.73083E+00 2.54285E+02 3.12148E+01 4.92930E+00 2.62265E+02
 2.58311E+01 3.73194E+00 2.51482E+01 3.66156E+00 5.04682E+02 3.51016E+01 5.12183E+00 2.71014E+02 4.14207E+01 6.00630E+00 3.38741E+02
 3.02281E+01 3.99610E+00 2.94751E+01 3.92322E+00 5.37544E+02 4.11591E+01 5.48880E+00 2.88661E+02 5.10536E+01 6.77293E+00 3.87381E+02
 3.51668E+01 4.24450E+00 3.43337E+01 4.16839E+00 5.72190E+02 4.79605E+01 5.83230E+00 3.07266E+02 6.04171E+01 7.31476E+00 4.21385E+02
 4.06863E+01 4.47557E+00 3.97631E+01 4.39609E+00 6.08693E+02 5.55606E+01 6.15122E+00 3.26868E+02 7.02444E+01 7.74768E+00 4.50827E+02
 4.68246E+01 4.68753E+00 4.58009E+01 4.60486E+00 6.47127E+02 6.40122E+01 6.44355E+00 3.47507E+02 8.09598E+01 8.12335E+00 4.79919E+02
 5.36180E+01 4.87870E+00 5.24828E+01 4.79311E+00 6.87570E+02 7.33653E+01 6.70715E+00 3.69225E+02 9.27590E+01 8.45677E+00 5.10044E+02
 6.11138E+01 5.04829E+00 5.98553E+01 4.96012E+00 7.30134E+02 8.36850E+01 6.94099E+00 3.92082E+02 1.05764E+02 8.75140E+00 5.41643E+02
 6.93383E+01 5.19467E+00 6.79443E+01 5.10428E+00 7.74880E+02 9.50077E+01 7.14286E+00 4.16110E+02 1.20029E+02 9.00553E+00 5.74841E+02
 9.86510E-01 7.62782E-02 9.49469E-01 7.36059E-02 1.40813E+02 1.32097E+00 1.02482E-01 7.56165E+01 9.86520E-01 7.62789E-02 2.01046E-02
 1.09955E+00 1.14466E-01 1.04922E+00 1.13444E-01 1.52648E+02 1.45618E+00 1.59128E-01 8.19722E+01 1.09957E+00 1.14468E-01 2.90759E-02
 1.27214E+00 1.68393E-01 1.20358E+00 1.68813E-01 1.64856E+02 1.66628E+00 2.37533E-01 8.85274E+01 1.27217E+00 1.68396E-01 4.28977E-02
 1.50632E+00 2.38495E-01 1.41446E+00 2.39632E-01 1.77504E+02 1.95393E+00 3.37387E-01 9.53195E+01 1.50636E+00 2.38501E-01 6.47406E-02
 1.81330E+00 3.26324E-01 1.69179E+00 3.26309E-01 1.90638E+02 2.33260E+00 4.58828E-01 1.02373E+02 1.81336E+00 3.26337E-01 1.00202E-01
 2.21281E+00 4.36217E-01 2.05258E+00 4.31489E-01 2.04327E+02 2.82516E+00 6.04929E-01 1.09724E+02 2.21293E+00 4.36242E-01 1.59483E-01
 2.72338E+00 5.71823E-01 2.51324E+00 5.56666E-01 2.18605E+02 3.45391E+00 7.76973E-01 1.17391E+02 2.72361E+00 5.71874E-01 2.61719E-01
 3.20101E+00 6.94542E-01 2.94382E+00 6.66476E-01 2.30040E+02 4.04145E+00 9.26463E-01 1.23532E+02 3.20139E+00 6.94629E-01 3.92718E-01
 3.35452E+00 7.35634E-01 3.09155E+00 7.03591E-01 2.33526E+02 4.24697E+00 9.77137E-01 1.25404E+02 3.35497E+00 7.35736E-01 4.44080E-01
 4.23333E+00 9.44338E-01 3.92987E+00 8.89613E-01 2.50509E+02 5.41033E+00 1.23007E+00 1.34523E+02 4.23434E+00 9.44566E-01 8.18269E-01
 5.32876E+00 1.18551E+00 4.97618E+00 1.10535E+00 2.68442E+02 6.86288E+00 1.52374E+00 1.44153E+02 5.33116E+00 1.18604E+00 1.57814E+00
 6.64968E+00 1.45497E+00 6.24878E+00 1.35545E+00 2.87389E+02 8.63392E+00 1.86804E+00 1.54328E+02 6.65588E+00 1.45631E+00 3.19387E+00
 8.21957E+00 1.74555E+00 7.78666E+00 1.63976E+00 3.07406E+02 1.07842E+01 2.26542E+00 1.65077E+02 8.23753E+00 1.74933E+00 6.78538E+00
 1.00638E+01 2.04773E+00 9.60057E+00 1.94863E+00 3.28571E+02 1.33232E+01 2.70228E+00 1.76442E+02 1.01241E+01 2.05997E+00 1.50546E+01
 1.22049E+01 2.34833E+00 1.17260E+01 2.26227E+00 3.50936E+02 1.63058E+01 3.14827E+00 1.88453E+02 1.24423E+01 2.39414E+00 3.42087E+01
 1.46727E+01 2.63748E+00 1.41623E+01 2.56325E+00 3.74550E+02 1.97197E+01 3.57599E+00 2.01133E+02 1.56662E+01 2.81756E+00 7.57023E+01
 1.74856E+01 2.91127E+00 1.69372E+01 2.84433E+00 3.99472E+02 2.36071E+01 3.97401E+00 2.14517E+02 2.10405E+01 3.50951E+00 1.48555E+02
 2.06829E+01 3.16927E+00 2.00880E+01 3.10503E+00 4.25763E+02 2.80198E+01 4.34161E+00 2.28635E+02 2.94288E+01 4.52414E+00 2.35810E+02
 2.43011E+01 3.41226E+00 2.36510E+01 3.34765E+00 4.53483E+02 3.30088E+01 4.68262E+00 2.43521E+02 3.89613E+01 5.49160E+00 3.04377E+02
 2.83754E+01 3.64036E+00 2.76605E+01 3.57371E+00 4.82693E+02 3.86220E+01 4.99972E+00 2.59206E+02 4.79174E+01 6.16976E+00 3.47852E+02
 3.29415E+01 3.85289E+00 3.21527E+01 3.78356E+00 5.13454E+02 4.49105E+01 5.29378E+00 2.75725E+02 5.65862E+01 6.63966E+00 3.78129E+02
 3.80334E+01 4.04866E+00 3.71617E+01 3.97654E+00 5.45829E+02 5.19222E+01 5.56407E+00 2.93110E+02 6.56560E+01 7.00844E+00 4.04267E+02
 4.36840E+01 4.22625E+00 4.27199E+01 4.15149E+00 5.79879E+02 5.97026E+01 5.80907E+00 3.11395E+02 7.55213E+01 7.32375E+00 4.30047E+02
 4.99244E+01 4.38435E+00 4.88581E+01 4.30723E+00 6.15668E+02 6.82947E+01 6.02715E+00 3.30614E+02 8.63604E+01 7.59966E+00 4.56707E+02
 5.67953E+01 4.52240E+00 5.56161E+01 4.44322E+00 6.53292E+02 7.77544E+01 6.21759E+00 3.50818E+02 9.82811E+01 7.83957E+00 4.84638E+02
 6.43184E+01 4.63918E+00 6.30155E+01 4.55828E+00 6.92798E+02 8.81117E+01 6.37872E+00 3.72033E+02 1.11330E+02 8.04236E+00 5.13949E+02
 9.48267E-01 7.30030E-02 9.12580E-01 7.04774E-02 1.28194E+02 1.26962E+00 9.81386E-02 6.88404E+01 9.48276E-01 7.30037E-02 1.83030E-02
 1.06226E+00 1.11928E-01 1.01318E+00 1.11044E-01 1.38945E+02 1.40598E+00 1.55805E-01 7.46132E+01 1.06227E+00 1.11929E-01 2.64656E-02
 1.23300E+00 1.65356E-01 1.16587E+00 1.65879E-01 1.50026E+02 1.61379E+00 2.33446E-01 8.05641E+01 1.23302E+00 1.65359E-01 3.90390E-02
 1.46180E+00 2.33551E-01 1.37185E+00 2.34750E-01 1.61502E+02 1.89475E+00 3.30546E-01 8.67266E+01 1.46184E+00 2.33558E-01 5.89044E-02
 1.75911E+00 3.17861E-01 1.64034E+00 3.17907E-01 1.73412E+02 2.26129E+00 4.47037E-01 9.31221E+01 1.75917E+00 3.17874E-01 9.11475E-02
 2.14328E+00 4.22217E-01 1.98706E+00 4.17685E-01 1.85816E+02 2.73458E+00 5.85595E-01 9.97833E+01 2.14340E+00 4.22242E-01 1.45034E-01
 2.63132E+00 5.49881E-01 2.42710E+00 5.35347E-01 1.98744E+02 3.33505E+00 7.47233E-01 1.06725E+02 2.63154E+00 5.49929E-01 2.37941E-01
 3.08594E+00 6.64719E-01 2.83664E+00 6.37903E-01 2.09093E+02 3.89373E+00 8.86762E-01 1.12283E+02 3.08631E+00 6.64802E-01 3.56957E-01
 3.23150E+00 7.03009E-01 2.97665E+00 6.72425E-01 2.12245E+02 4.08849E+00 9.33869E-01 1.13976E+02 3.23193E+00 7.03107E-01 4.03611E-01
 4.06353E+00 8.96805E-01 3.77016E+00 8.44844E-01 2.27598E+02 5.18961E+00 1.16817E+00 1.22220E+02 4.06450E+00 8.97022E-01 7.43430E-01
 5.09622E+00 1.11916E+00 4.75649E+00 1.04345E+00 2.43794E+02 6.55885E+00 1.43840E+00 1.30917E+02 5.09852E+00 1.11966E+00 1.43323E+00
 6.33621E+00 1.36582E+00 5.95116E+00 1.27229E+00 2.60890E+02 8.22146E+00 1.75338E+00 1.40098E+02 6.34212E+00 1.36709E+00 2.89937E+00
 7.80392E+00 1.62987E+00 7.38903E+00 1.53086E+00 2.78934E+02 1.02319E+01 2.11488E+00 1.49787E+02 7.82097E+00 1.63340E+00 6.15690E+00
 9.52148E+00 1.90229E+00 9.07848E+00 1.80992E+00 2.97992E+02 1.25968E+01 2.50981E+00 1.60022E+02 9.57854E+00 1.91366E+00 1.36536E+01
 1.15083E+01 2.17095E+00 1.10510E+01 2.09106E+00 3.18112E+02 1.53649E+01 2.90988E+00 1.70826E+02 1.17320E+01 2.21330E+00 3.10090E+01
 1.37905E+01 2.42695E+00 1.33042E+01 2.35833E+00 3.39333E+02 1.85222E+01 3.28998E+00 1.82222E+02 1.47237E+01 2.59264E+00 6.85844E+01
 1.63831E+01 2.66695E+00 1.58621E+01 2.60534E+00 3.61707E+02 2.21057E+01 3.63998E+00 1.94237E+02 1.97120E+01 3.21491E+00 1.34511E+02
 1.93207E+01 2.89084E+00 1.87570E+01 2.83196E+00 3.85284E+02 2.61602E+01 3.95969E+00 2.06898E+02 2.74862E+01 4.12652E+00 2.13390E+02
 2.26346E+01 3.09957E+00 2.20206E+01 3.04062E+00 4.10117E+02 3.07299E+01 4.25306E+00 2.20233E+02 3.62828E+01 4.98816E+00 2.75270E+02
 2.63549E+01 3.29350E+00 2.56819E+01 3.23296E+00 4.36256E+02 3.58557E+01 4.52291E+00 2.34270E+02 4.44973E+01 5.58169E+00 3.14388E+02
 3.05117E+01 3.47224E+00 2.97717E+01 3.40953E+00 4.63754E+02 4.15810E+01 4.77036E+00 2.49036E+02 5.24037E+01 5.98347E+00 3.41528E+02
 3.51337E+01 3.63491E+00 3.43186E+01 3.56993E+00 4.92662E+02 4.79460E+01 4.99505E+00 2.64560E+02 6.06411E+01 6.29201E+00 3.64889E+02
 4.02481E+01 3.78044E+00 3.93495E+01 3.71335E+00 5.23033E+02 5.49883E+01 5.19591E+00 2.80869E+02 6.95715E+01 6.55100E+00 3.87889E+02
 4.58801E+01 3.90786E+00 4.48894E+01 3.83891E+00 5.54919E+02 6.27431E+01 5.37176E+00 2.97992E+02 7.93544E+01 6.77354E+00 4.11643E+02
 5.20634E+01 4.01683E+00 5.09713E+01 3.94630E+00 5.88402E+02 7.12565E+01 5.52216E+00 3.15972E+02 9.00823E+01 6.96298E+00 4.36500E+02
 5.88145E+01 4.10649E+00 5.76116E+01 4.03469E+00 6.23519E+02 8.05514E+01 5.64595E+00 3.34830E+02 1.01793E+02 7.11872E+00 4.62555E+02
 9.06360E-01 6.97961E-02 8.72154E-01 6.74188E-02 1.17268E+02 1.21333E+00 9.38942E-02 6.29727E+01 9.06369E-01 6.97969E-02 1.67429E-02
 1.02135E+00 1.09402E-01 9.73649E-01 1.08656E-01 1.27062E+02 1.35091E+00 1.52500E-01 6.82325E+01 1.02137E+00 1.09403E-01 2.42024E-02
 1.19013E+00 1.62226E-01 1.12456E+00 1.62851E-01 1.37156E+02 1.55630E+00 2.29227E-01 7.36525E+01 1.19015E+00 1.62229E-01 3.56898E-02
 1.41322E+00 2.28400E-01 1.32537E+00 2.29660E-01 1.47603E+02 1.83019E+00 3.23412E-01 7.92628E+01 1.41326E+00 2.28407E-01 5.38350E-02
 1.70029E+00 3.09106E-01 1.58454E+00 3.09216E-01 1.58440E+02 2.18399E+00 4.34840E-01 8.50824E+01 1.70035E+00 3.09118E-01 8.32782E-02
 2.06826E+00 4.07911E-01 1.91649E+00 4.03581E-01 1.69720E+02 2.63704E+00 5.65839E-01 9.11397E+01 2.06837E+00 4.07935E-01 1.32471E-01
 2.53261E+00 5.27739E-01 2.33493E+00 5.13828E-01 1.81468E+02 3.20792E+00 7.17211E-01 9.74485E+01 2.53282E+00 5.27786E-01 2.17258E-01
 2.96311E+00 6.34881E-01 2.72247E+00 6.09299E-01 1.90868E+02 3.73650E+00 8.47011E-01 1.02496E+02 2.96346E+00 6.34961E-01 3.25844E-01
 3.10032E+00 6.70454E-01 2.85436E+00 6.41303E-01 1.93729E+02 3.91993E+00 8.90654E-01 1.04033E+02 3.10074E+00 6.70547E-01 3.68401E-01
 3.88311E+00 8.49845E-01 3.60054E+00 8.00574E-01 2.07659E+02 4.95520E+00 1.10695E+00 1.11513E+02 3.88403E+00 8.50051E-01 6.78304E-01
 4.84981E+00 1.05417E+00 4.52362E+00 9.82781E-01 2.22342E+02 6.23657E+00 1.35473E+00 1.19398E+02 4.85199E+00 1.05464E+00 1.30712E+00
 6.00476E+00 1.27913E+00 5.63631E+00 1.19140E+00 2.37825E+02 7.78507E+00 1.64185E+00 1.27712E+02 6.01035E+00 1.28031E+00 2.64305E+00
 7.36525E+00 1.51809E+00 6.96934E+00 1.42569E+00 2.54152E+02 9.64902E+00 1.96951E+00 1.36480E+02 7.38132E+00 1.52138E+00 5.60990E+00
 8.94987E+00 1.76258E+00 8.52827E+00 1.67677E+00 2.71380E+02 1.18313E+01 2.32508E+00 1.45731E+02 9.00348E+00 1.77312E+00 1.24342E+01
 1.07747E+01 2.00147E+00 1.03403E+01 1.92757E+00 2.89548E+02 1.43744E+01 2.68227E+00 1.55487E+02 1.09840E+01 2.04051E+00 2.82246E+01
 1.28619E+01 2.22680E+00 1.24013E+01 2.16358E+00 3.08691E+02 1.72624E+01 3.01820E+00 1.65767E+02 1.37316E+01 2.37880E+00 6.23913E+01
 1.52231E+01 2.43578E+00 1.47311E+01 2.37925E+00 3.28854E+02 2.05264E+01 3.32401E+00 1.76595E+02 1.83142E+01 2.93617E+00 1.22294E+02
 1.78877E+01 2.62859E+00 1.73573E+01 2.57481E+00 3.50079E+02 2.42046E+01 3.60004E+00 1.87992E+02 2.54429E+01 3.75204E+00 1.93892E+02
 2.08820E+01 2.80636E+00 2.03063E+01 2.75274E+00 3.72410E+02 2.83340E+01 3.85030E+00 1.99984E+02 3.34662E+01 4.51611E+00 2.49961E+02
 2.42305E+01 2.96963E+00 2.36020E+01 2.91480E+00 3.95892E+02 3.29481E+01 4.07772E+00 2.12594E+02 4.09019E+01 5.03259E+00 2.85299E+02
 2.79580E+01 3.11824E+00 2.72696E+01 3.06169E+00 4.20566E+02 3.80824E+01 4.28361E+00 2.25844E+02 4.80081E+01 5.37324E+00 3.09723E+02
 3.20873E+01 3.25161E+00 3.13319E+01 3.19326E+00 4.46478E+02 4.37691E+01 4.46793E+00 2.39759E+02 5.53727E+01 5.62831E+00 3.30683E+02
 3.66396E+01 3.36896E+00 3.58103E+01 3.30897E+00 4.73671E+02 5.00381E+01 4.63000E+00 2.54361E+02 6.33235E+01 5.83777E+00 3.51281E+02
 4.16348E+01 3.46963E+00 4.07239E+01 3.40822E+00 5.02188E+02 5.69163E+01 4.76901E+00 2.69675E+02 7.20006E+01 6.01377E+00 3.72527E+02
 4.70988E+01 3.55345E+00 4.60987E+01 3.49087E+00 5.32099E+02 6.44399E+01 4.88479E+00 2.85737E+02 8.14809E+01 6.15956E+00 3.94732E+02
 5.30433E+01 3.61988E+00 5.19459E+01 3.55641E+00 5.63434E+02 7.26247E+01 4.97660E+00 3.02564E+02 9.17926E+01 6.27500E+00 4.17981E+02
 8.62677E-01 6.67865E-02 8.30006E-01 6.45546E-02 1.07607E+02 1.15465E+00 8.99221E-02 5.77849E+01 8.62685E-01 6.67872E-02 1.53636E-02
 9.78704E-01 1.06960E-01 9.32399E-01 1.06347E-01 1.16535E+02 1.29344E+00 1.49304E-01 6.25795E+01 9.78717E-01 1.06962E-01 2.21972E-02
 1.14536E+00 1.59043E-01 1.08141E+00 1.59763E-01 1.25733E+02 1.49624E+00 2.24922E-01 6.75187E+01 1.14538E+00 1.59046E-01 3.27175E-02
 1.36240E+00 2.23077E-01 1.27676E+00 2.24394E-01 1.35251E+02 1.76268E+00 3.16028E-01 7.26295E+01 1.36244E+00 2.23083E-01 4.93297E-02
 1.63871E+00 3.00115E-01 1.52617E+00 3.00290E-01 1.45119E+02 2.10314E+00 4.22314E-01 7.79287E+01 1.63877E+00 3.00127E-01 7.62762E-02
 1.98978E+00 3.93412E-01 1.84278E+00 3.89291E-01 1.55384E+02 2.53521E+00 5.45824E-01 8.34410E+01 1.98989E+00 3.93435E-01 1.21281E-01
 2.42960E+00 5.05599E-01 2.23892E+00 4.92316E-01 1.66068E+02 3.07559E+00 6.87201E-01 8.91784E+01 2.42980E+00 5.05643E-01 1.98821E-01
 2.83526E+00 6.05316E-01 2.60389E+00 5.80960E-01 1.74612E+02 3.57328E+00 8.07630E-01 9.37667E+01 2.83560E+00 6.05391E-01 2.98093E-01
 2.96390E+00 6.38285E-01 2.72743E+00 6.10556E-01 1.77211E+02 3.74506E+00 8.47961E-01 9.51623E+01 2.96430E+00 6.38374E-01 3.36989E-01
 3.69619E+00 8.03959E-01 3.42494E+00 7.57312E-01 1.89861E+02 4.71261E+00 1.04711E+00 1.01955E+02 3.69707E+00 8.04153E-01 6.20165E-01
 4.59562E+00 9.91281E-01 4.28343E+00 9.24064E-01 2.03181E+02 5.90415E+00 1.27375E+00 1.09108E+02 4.59768E+00 9.91727E-01 1.19448E+00
 5.66434E+00 1.19599E+00 5.31291E+00 1.11383E+00 2.17215E+02 7.33680E+00 1.53490E+00 1.16644E+02 5.66962E+00 1.19710E+00 2.41399E+00
 6.91662E+00 1.41175E+00 6.54007E+00 1.32564E+00 2.31998E+02 9.05278E+00 1.83123E+00 1.24583E+02 6.93170E+00 1.41480E+00 5.12090E+00
 8.36766E+00 1.63064E+00 7.96788E+00 1.55104E+00 2.47582E+02 1.10516E+01 2.15065E+00 1.32951E+02 8.41774E+00 1.64038E+00 1.13438E+01
 1.00303E+01 1.84247E+00 9.61933E+00 1.77422E+00 2.63999E+02 1.33695E+01 2.46879E+00 1.41767E+02 1.02249E+01 1.87840E+00 2.57342E+01
 1.19229E+01 2.04018E+00 1.14885E+01 1.98203E+00 2.81280E+02 1.59889E+01 2.76484E+00 1.51047E+02 1.27285E+01 2.17941E+00 5.68510E+01
 1.40539E+01 2.22148E+00 1.35915E+01 2.16969E+00 2.99461E+02 1.89353E+01 3.03115E+00 1.60811E+02 1.69055E+01 2.67779E+00 1.11363E+02
 1.64479E+01 2.38681E+00 1.59514E+01 2.33775E+00 3.18580E+02 2.22406E+01 3.26850E+00 1.71078E+02 2.33902E+01 3.40680E+00 1.76446E+02
 1.91264E+01 2.53744E+00 1.85895E+01 2.48873E+00 3.38674E+02 2.59348E+01 3.48094E+00 1.81868E+02 3.06451E+01 4.08317E+00 2.27318E+02
 2.21088E+01 2.67405E+00 2.15251E+01 2.62447E+00 3.59780E+02 3.00448E+01 3.67146E+00 1.93202E+02 3.73112E+01 4.53149E+00 2.59275E+02
 2.54147E+01 2.79671E+00 2.47781E+01 2.74578E+00 3.81934E+02 3.45987E+01 3.84153E+00 2.05098E+02 4.36308E+01 4.81899E+00 2.81272E+02
 2.90616E+01 2.90505E+00 2.83661E+01 2.85272E+00 4.05172E+02 3.96217E+01 3.99137E+00 2.17577E+02 5.01407E+01 5.02825E+00 3.00090E+02
 3.30655E+01 2.99857E+00 3.23053E+01 2.94497E+00 4.29532E+02 4.51359E+01 4.12061E+00 2.30659E+02 5.71354E+01 5.19576E+00 3.18547E+02
 3.74410E+01 3.07682E+00 3.66096E+01 3.02218E+00 4.55049E+02 5.11613E+01 4.22876E+00 2.44361E+02 6.47366E+01 5.33275E+00 3.37559E+02
 4.22074E+01 3.13981E+00 4.12984E+01 3.08434E+00 4.81782E+02 5.77247E+01 4.31585E+00 2.58717E+02 7.30068E+01 5.44239E+00 3.57405E+02
 4.73718E+01 3.18723E+00 4.63785E+01 3.13118E+00 5.09756E+02 6.48359E+01 4.38149E+00 2.73739E+02 8.19654E+01 5.52485E+00 3.78160E+02
 8.21950E-01 6.40178E-02 7.90694E-01 6.19275E-02 9.87623E+01 1.09992E+00 8.62821E-02 5.30354E+01 8.21959E-01 6.40184E-02 1.41008E-02
 9.38761E-01 1.04590E-01 8.93737E-01 1.04100E-01 1.06886E+02 1.23956E+00 1.46191E-01 5.73978E+01 9.38774E-01 1.04591E-01 2.03593E-02
 1.10306E+00 1.55766E-01 1.04061E+00 1.56569E-01 1.15253E+02 1.43945E+00 2.20462E-01 6.18908E+01 1.10308E+00 1.55769E-01 2.99904E-02
 1.31388E+00 2.17536E-01 1.23035E+00 2.18899E-01 1.23908E+02 1.69822E+00 3.08319E-01 6.65386E+01 1.31391E+00 2.17542E-01 4.51927E-02
 1.57940E+00 2.90858E-01 1.47000E+00 2.91094E-01 1.32878E+02 2.02534E+00 4.09406E-01 7.13555E+01 1.57946E+00 2.90869E-01 6.98424E-02
 1.91384E+00 3.78716E-01 1.77152E+00 3.74809E-01 1.42203E+02 2.43679E+00 5.25542E-01 7.63631E+01 1.91395E+00 3.78738E-01 1.10993E-01
 2.32985E+00 4.83501E-01 2.14603E+00 4.70850E-01 1.51902E+02 2.94759E+00 6.57258E-01 8.15716E+01 2.33005E+00 4.83544E-01 1.81861E-01
 2.71161E+00 5.76113E-01 2.48929E+00 5.52973E-01 1.59655E+02 3.41559E+00 7.68740E-01 8.57348E+01 2.71193E+00 5.76185E-01 2.72559E-01
 2.83207E+00 6.06611E-01 2.60486E+00 5.80284E-01 1.62012E+02 3.57624E+00 8.05929E-01 8.70002E+01 2.83245E+00 6.06696E-01 3.08086E-01
 3.51624E+00 7.59325E-01 3.25607E+00 7.15234E-01 1.73477E+02 4.47937E+00 9.88920E-01 9.31572E+01 3.51708E+00 7.59508E-01 5.66649E-01
 4.35207E+00 9.30740E-01 4.05348E+00 8.67531E-01 1.85539E+02 5.58601E+00 1.19579E+00 9.96344E+01 4.35403E+00 9.31158E-01 1.09076E+00
 5.34002E+00 1.11669E+00 5.00508E+00 1.03984E+00 1.98234E+02 6.91023E+00 1.43288E+00 1.06452E+02 5.34499E+00 1.11772E+00 2.20306E+00
 6.49168E+00 1.31117E+00 6.13386E+00 1.23104E+00 2.11595E+02 8.48873E+00 1.70048E+00 1.13626E+02 6.50583E+00 1.31401E+00 4.67053E+00
 7.81938E+00 1.50679E+00 7.44057E+00 1.43306E+00 2.25663E+02 1.03181E+01 1.98699E+00 1.21181E+02 7.86614E+00 1.51579E+00 1.03396E+01
 9.33328E+00 1.69426E+00 8.94474E+00 1.63130E+00 2.40468E+02 1.24295E+01 2.26984E+00 1.29131E+02 9.51425E+00 1.72729E+00 2.34404E+01
 1.10486E+01 1.86734E+00 1.06392E+01 1.81391E+00 2.56035E+02 1.48041E+01 2.53024E+00 1.37491E+02 1.17946E+01 1.99476E+00 5.17487E+01
 1.29714E+01 2.02420E+00 1.25369E+01 1.97681E+00 2.72396E+02 1.74630E+01 2.76160E+00 1.46277E+02 1.56012E+01 2.43993E+00 1.01298E+02
 1.51219E+01 2.16550E+00 1.46570E+01 2.12078E+00 2.89582E+02 2.04327E+01 2.96506E+00 1.55505E+02 2.15000E+01 3.09080E+00 1.60385E+02
 1.75178E+01 2.29261E+00 1.70172E+01 2.24839E+00 3.07623E+02 2.37377E+01 3.14470E+00 1.65194E+02 2.80609E+01 3.68904E+00 2.06476E+02
 2.01747E+01 2.40633E+00 1.96325E+01 2.36151E+00 3.26552E+02 2.73994E+01 3.30352E+00 1.75358E+02 3.40386E+01 4.07762E+00 2.35329E+02
 2.31076E+01 2.50690E+00 2.25188E+01 2.46105E+00 3.46397E+02 3.14400E+01 3.44309E+00 1.86015E+02 3.96608E+01 4.31943E+00 2.55102E+02
 2.63301E+01 2.59414E+00 2.56895E+01 2.54722E+00 3.67191E+02 3.58789E+01 3.56385E+00 1.97182E+02 4.54182E+01 4.48993E+00 2.71959E+02
 2.98542E+01 2.66776E+00 2.91567E+01 2.61989E+00 3.88963E+02 4.07326E+01 3.66569E+00 2.08873E+02 5.15760E+01 4.62238E+00 2.88461E+02
 3.36900E+01 2.72752E+00 3.29305E+01 2.67890E+00 4.11743E+02 4.60153E+01 3.74837E+00 2.21106E+02 5.82403E+01 4.72718E+00 3.05434E+02
 3.78521E+01 2.77354E+00 3.70250E+01 2.72437E+00 4.35579E+02 5.17470E+01 3.81209E+00 2.33906E+02 6.54622E+01 4.80735E+00 3.23130E+02
 4.23440E+01 2.80570E+00 4.14438E+01 2.75620E+00 4.60491E+02 5.79326E+01 3.85672E+00 2.47284E+02 7.32545E+01 4.86335E+00 3.41613E+02
 7.82234E-01 6.14921E-02 7.52343E-01 5.95404E-02 9.07777E+01 1.04651E+00 8.29783E-02 4.87476E+01 7.82242E-01 6.14927E-02 1.29608E-02
 8.99591E-01 1.02243E-01 8.55792E-01 1.01866E-01 9.81620E+01 1.18667E+00 1.43094E-01 5.27130E+01 8.99603E-01 1.02244E-01 1.86975E-02
 1.06126E+00 1.52330E-01 1.00028E+00 1.53202E-01 1.05767E+02 1.38329E+00 2.15755E-01 5.67967E+01 1.06128E+00 1.52333E-01 2.75220E-02
 1.26557E+00 2.11725E-01 1.18414E+00 2.13119E-01 1.13631E+02 1.63405E+00 3.00204E-01 6.10200E+01 1.26560E+00 2.11731E-01 4.14445E-02
 1.52003E+00 2.81315E-01 1.41381E+00 2.81603E-01 1.21779E+02 1.94754E+00 3.96080E-01 6.53953E+01 1.52009E+00 2.81326E-01 6.40086E-02
 1.83764E+00 3.63846E-01 1.70013E+00 3.60153E-01 1.30244E+02 2.33822E+00 5.05016E-01 6.99411E+01 1.83774E+00 3.63868E-01 1.01659E-01
 2.22981E+00 4.61504E-01 2.05307E+00 4.49493E-01 1.39043E+02 2.81957E+00 6.27472E-01 7.46662E+01 2.23000E+00 4.61545E-01 1.66466E-01
 2.58784E+00 5.47359E-01 2.37484E+00 5.25436E-01 1.46073E+02 3.25822E+00 7.30481E-01 7.84410E+01 2.58815E+00 5.47428E-01 2.49371E-01
 2.70023E+00 5.75527E-01 2.48256E+00 5.50599E-01 1.48208E+02 3.40791E+00 7.64719E-01 7.95876E+01 2.70059E+00 5.75607E-01 2.81836E-01
 3.33708E+00 7.16108E-01 3.08819E+00 6.74517E-01 1.58593E+02 4.24761E+00 9.32618E-01 8.51643E+01 3.33787E+00 7.16281E-01 5.18031E-01
 4.11074E+00 8.72804E-01 3.82583E+00 8.13447E-01 1.69507E+02 5.27110E+00 1.12121E+00 9.10254E+01 4.11259E+00 8.73196E-01 9.96512E-01
 5.02016E+00 1.04155E+00 4.70153E+00 9.69710E-01 1.80984E+02 6.48961E+00 1.33618E+00 9.71882E+01 5.02482E+00 1.04251E+00 2.01134E+00
 6.07469E+00 1.21671E+00 5.73533E+00 1.14216E+00 1.93049E+02 7.93538E+00 1.57763E+00 1.03667E+02 6.08791E+00 1.21934E+00 4.26117E+00
 7.28395E+00 1.39143E+00 6.92584E+00 1.32315E+00 2.05740E+02 9.60224E+00 1.83452E+00 1.10482E+02 7.32747E+00 1.39974E+00 9.42669E+00
 8.65566E+00 1.55723E+00 8.28926E+00 1.49918E+00 2.19081E+02 1.15162E+01 2.08594E+00 1.17646E+02 8.82335E+00 1.58759E+00 2.13556E+01
 1.02023E+01 1.70862E+00 9.81735E+00 1.65955E+00 2.33093E+02 1.36579E+01 2.31485E+00 1.25171E+02 1.08905E+01 1.82520E+00 4.71117E+01
 1.19274E+01 1.84418E+00 1.15204E+01 1.80081E+00 2.47804E+02 1.60442E+01 2.51565E+00 1.33071E+02 1.43437E+01 2.22289E+00 9.21529E+01
 1.38480E+01 1.96473E+00 1.34142E+01 1.92396E+00 2.63239E+02 1.86968E+01 2.68981E+00 1.41359E+02 1.96844E+01 2.80413E+00 1.45795E+02
 1.59781E+01 2.07172E+00 1.55127E+01 2.03157E+00 2.79424E+02 2.16356E+01 2.84137E+00 1.50051E+02 2.55876E+01 3.33345E+00 1.87549E+02
 1.83296E+01 2.16606E+00 1.78277E+01 2.12552E+00 2.96386E+02 2.48769E+01 2.97332E+00 1.59159E+02 3.09174E+01 3.67030E+00 2.13590E+02
 2.09142E+01 2.24810E+00 2.03714E+01 2.20680E+00 3.14149E+02 2.84381E+01 3.08731E+00 1.68698E+02 3.58870E+01 3.87334E+00 2.31352E+02
 2.37417E+01 2.31782E+00 2.31537E+01 2.27573E+00 3.32739E+02 3.23332E+01 3.18394E+00 1.78681E+02 4.09435E+01 4.01152E+00 2.46442E+02
 2.68205E+01 2.37512E+00 2.61831E+01 2.33234E+00 3.52180E+02 3.65741E+01 3.26328E+00 1.89121E+02 4.63248E+01 4.11517E+00 2.61182E+02
 3.01574E+01 2.41990E+00 2.94663E+01 2.37660E+00 3.72498E+02 4.11703E+01 3.32533E+00 2.00031E+02 5.21229E+01 4.19388E+00 2.76321E+02
 3.37626E+01 2.45236E+00 3.30132E+01 2.40873E+00 3.93731E+02 4.61355E+01 3.37038E+00 2.11434E+02 5.83788E+01 4.25052E+00 2.92086E+02
 3.76370E+01 2.47256E+00 3.68249E+01 2.42879E+00 4.15896E+02 5.14713E+01 3.39852E+00 2.23336E+02 6.51002E+01 4.28574E+00 3.08530E+02
 7.43948E-01 5.92731E-02 7.15354E-01 5.74556E-02 8.35120E+01 9.94990E-01 8.00978E-02 4.48459E+01 7.43955E-01 5.92737E-02 1.19234E-02
 8.61699E-01 9.99320E-02 8.19070E-01 9.96571E-02 9.02049E+01 1.13548E+00 1.40026E-01 4.84401E+01 8.61711E-01 9.99334E-02 1.71819E-02
 1.02049E+00 1.48722E-01 9.60947E-01 1.49648E-01 9.70973E+01 1.32854E+00 2.10777E-01 5.21413E+01 1.02051E+00 1.48725E-01 2.52661E-02
 1.21802E+00 2.05619E-01 1.13869E+00 2.07029E-01 1.04224E+02 1.57094E+00 2.91646E-01 5.59683E+01 1.21805E+00 2.05625E-01 3.80134E-02
 1.46118E+00 2.71458E-01 1.35816E+00 2.71785E-01 1.11604E+02 1.87052E+00 3.82290E-01 5.99315E+01 1.46124E+00 2.71469E-01 5.86607E-02
 1.76184E+00 3.48772E-01 1.62920E+00 3.45286E-01 1.19268E+02 2.24034E+00 4.84190E-01 6.40467E+01 1.76194E+00 3.48792E-01 9.30913E-02
 2.13029E+00 4.39558E-01 1.96073E+00 4.28183E-01 1.27228E+02 2.69246E+00 5.97750E-01 6.83214E+01 2.13047E+00 4.39597E-01 1.52320E-01
 2.46494E+00 5.18952E-01 2.26138E+00 4.98239E-01 1.33584E+02 3.10227E+00 6.92701E-01 7.17346E+01 2.46524E+00 5.19017E-01 2.28051E-01
 2.56943E+00 5.44907E-01 2.36144E+00 5.21371E-01 1.35513E+02 3.24128E+00 7.24152E-01 7.27706E+01 2.56978E+00 5.44983E-01 2.57696E-01
 3.16038E+00 6.74038E-01 2.92296E+00 6.34919E-01 1.44894E+02 4.01964E+00 8.77880E-01 7.78079E+01 3.16113E+00 6.74201E-01 4.73284E-01
 3.87451E+00 8.17008E-01 3.60339E+00 7.61413E-01 1.54742E+02 4.96358E+00 1.04947E+00 8.30967E+01 3.87625E+00 8.17375E-01 9.09712E-01
 4.70959E+00 9.69887E-01 4.40723E+00 9.02877E-01 1.65087E+02 6.08198E+00 1.24404E+00 8.86520E+01 4.71397E+00 9.70783E-01 1.83468E+00
 5.67310E+00 1.12739E+00 5.35184E+00 1.05812E+00 1.75952E+02 7.40302E+00 1.46147E+00 9.44861E+01 5.68544E+00 1.12982E+00 3.88378E+00
 6.77267E+00 1.28318E+00 6.43457E+00 1.21999E+00 1.87367E+02 8.91907E+00 1.69140E+00 1.00616E+02 6.81309E+00 1.29084E+00 8.58487E+00
 8.01410E+00 1.42959E+00 7.66900E+00 1.37608E+00 1.99353E+02 1.06522E+01 1.91456E+00 1.07053E+02 8.16922E+00 1.45746E+00 1.94326E+01
 9.40755E+00 1.56176E+00 9.04612E+00 1.51669E+00 2.11929E+02 1.25824E+01 2.11551E+00 1.13806E+02 1.00416E+01 1.66830E+00 4.28340E+01
 1.09551E+01 1.67861E+00 1.05741E+01 1.63893E+00 2.25116E+02 1.47235E+01 2.28945E+00 1.20887E+02 1.31725E+01 2.02327E+00 8.37157E+01
 1.26707E+01 1.78111E+00 1.22661E+01 1.74396E+00 2.38936E+02 1.70936E+01 2.43809E+00 1.28309E+02 1.80066E+01 2.54197E+00 1.32335E+02
 1.45657E+01 1.87076E+00 1.41333E+01 1.83433E+00 2.53412E+02 1.97085E+01 2.56543E+00 1.36082E+02 2.33194E+01 3.00996E+00 1.70089E+02
 1.66495E+01 1.94854E+00 1.61849E+01 1.91190E+00 2.68564E+02 2.25812E+01 2.67442E+00 1.44219E+02 2.80757E+01 3.30157E+00 1.93540E+02
 1.89309E+01 2.01490E+00 1.84304E+01 1.97772E+00 2.84413E+02 2.57250E+01 2.76677E+00 1.52730E+02 3.24754E+01 3.47141E+00 2.09454E+02
 2.14171E+01 2.06998E+00 2.08772E+01 2.03222E+00 3.00980E+02 2.91504E+01 2.84318E+00 1.61626E+02 3.69258E+01 3.58241E+00 2.22920E+02
 2.41141E+01 2.11377E+00 2.35311E+01 2.07554E+00 3.18285E+02 3.28657E+01 2.90391E+00 1.70919E+02 4.16409E+01 3.66220E+00 2.36045E+02
 2.70262E+01 2.14632E+00 2.63965E+01 2.10777E+00 3.36347E+02 3.68771E+01 2.94912E+00 1.80618E+02 4.67013E+01 3.71960E+00 2.49505E+02
 3.01603E+01 2.16790E+00 2.94802E+01 2.12919E+00 3.55200E+02 4.11940E+01 2.97918E+00 1.90742E+02 5.21400E+01 3.75735E+00 2.63502E+02
 3.35158E+01 2.17868E+00 3.27816E+01 2.13997E+00 3.74856E+02 4.58155E+01 2.99434E+00 2.01298E+02 5.79614E+01 3.77623E+00 2.78085E+02
 7.13228E-01 5.72759E-02 6.85636E-01 5.55921E-02 7.67041E+01 9.53586E-01 7.75286E-02 4.11901E+01 7.13236E-01 5.72765E-02 1.09514E-02
 8.30575E-01 9.75653E-02 7.88890E-01 9.73837E-02 8.27484E+01 1.09341E+00 1.36865E-01 4.44359E+01 8.30586E-01 9.75667E-02 1.57616E-02
 9.85905E-01 1.44866E-01 9.27611E-01 1.45832E-01 8.89728E+01 1.28214E+00 2.05427E-01 4.77784E+01 9.85923E-01 1.44869E-01 2.31520E-02
 1.17645E+00 1.99168E-01 1.09905E+00 2.00577E-01 9.54076E+01 1.51592E+00 2.82574E-01 5.12339E+01 1.17648E+00 1.99173E-01 3.47978E-02
 1.40872E+00 2.61258E-01 1.30865E+00 2.61608E-01 1.02069E+02 1.80201E+00 3.67988E-01 5.48110E+01 1.40877E+00 2.61268E-01 5.36488E-02
 1.69365E+00 3.33470E-01 1.56544E+00 3.30174E-01 1.08982E+02 2.15239E+00 4.63013E-01 5.85232E+01 1.69374E+00 3.33489E-01 8.50629E-02
 2.04067E+00 4.17625E-01 1.87759E+00 4.06865E-01 1.16158E+02 2.57802E+00 5.68007E-01 6.23766E+01 2.04084E+00 4.17662E-01 1.39067E-01
 2.35452E+00 4.90840E-01 2.15940E+00 4.71302E-01 1.21884E+02 2.96209E+00 6.55271E-01 6.54520E+01 2.35480E+00 4.90901E-01 2.08078E-01
 2.45211E+00 5.14688E-01 2.25280E+00 4.92504E-01 1.23621E+02 3.09183E+00 6.84076E-01 6.63847E+01 2.45244E+00 5.14760E-01 2.35082E-01
 3.00319E+00 6.32955E-01 2.77621E+00 5.96239E-01 1.32064E+02 3.81727E+00 8.24405E-01 7.09183E+01 3.00391E+00 6.33108E-01 4.31376E-01
 3.66632E+00 7.62987E-01 3.40788E+00 7.11042E-01 1.40919E+02 4.69350E+00 9.80034E-01 7.56734E+01 3.66796E+00 7.63330E-01 8.28445E-01
 4.43852E+00 9.01005E-01 4.15115E+00 8.38667E-01 1.50211E+02 5.72761E+00 1.15553E+00 8.06631E+01 4.44264E+00 9.01837E-01 1.66935E+00
 5.32597E+00 1.04208E+00 5.02134E+00 9.77909E-01 1.59958E+02 6.94463E+00 1.35063E+00 8.58976E+01 5.33755E+00 1.04433E+00 3.53076E+00
 6.33489E+00 1.18039E+00 6.01498E+00 1.12208E+00 1.70189E+02 8.33601E+00 1.55558E+00 9.13913E+01 6.37268E+00 1.18744E+00 7.79780E+00
 7.46987E+00 1.30900E+00 7.14383E+00 1.25980E+00 1.80919E+02 9.92098E+00 1.75270E+00 9.71536E+01 7.61435E+00 1.33451E+00 1.76357E+01
 8.73957E+00 1.42365E+00 8.39884E+00 1.38237E+00 1.92164E+02 1.16801E+01 1.92808E+00 1.03192E+02 9.32817E+00 1.52075E+00 3.88394E+01
 1.01450E+01 1.52358E+00 9.78681E+00 1.48738E+00 2.03943E+02 1.36251E+01 2.07766E+00 1.09517E+02 1.21971E+01 1.83636E+00 7.58419E+01
 1.16984E+01 1.60987E+00 1.13188E+01 1.57611E+00 2.16273E+02 1.57712E+01 2.20336E+00 1.16138E+02 1.66216E+01 2.29747E+00 1.19783E+02
 1.34089E+01 1.68405E+00 1.30045E+01 1.65107E+00 2.29172E+02 1.81320E+01 2.30907E+00 1.23065E+02 2.14625E+01 2.70942E+00 1.53820E+02
 1.52843E+01 1.74715E+00 1.48512E+01 1.71412E+00 2.42658E+02 2.07177E+01 2.39770E+00 1.30307E+02 2.57678E+01 2.96019E+00 1.74871E+02
 1.73317E+01 1.79972E+00 1.68665E+01 1.76634E+00 2.56747E+02 2.35394E+01 2.47099E+00 1.37873E+02 2.97256E+01 3.10052E+00 1.89080E+02
 1.95567E+01 1.84199E+00 1.90563E+01 1.80823E+00 2.71457E+02 2.66052E+01 2.52975E+00 1.45772E+02 3.37114E+01 3.18769E+00 2.01054E+02
 2.19636E+01 1.87408E+00 2.14250E+01 1.84003E+00 2.86802E+02 2.99212E+01 2.57436E+00 1.54013E+02 3.79202E+01 3.24679E+00 2.12697E+02
 2.45554E+01 1.89615E+00 2.39754E+01 1.86194E+00 3.02800E+02 3.34917E+01 2.60511E+00 1.62604E+02 4.24244E+01 3.28591E+00 2.24619E+02
 2.73372E+01 1.90850E+00 2.67127E+01 1.87429E+00 3.19476E+02 3.73237E+01 2.62246E+00 1.71559E+02 4.72520E+01 3.30763E+00 2.37000E+02
 3.03077E+01 1.91141E+00 2.96354E+01 1.87732E+00 3.36839E+02 4.14152E+01 2.62677E+00 1.80883E+02 5.24056E+01 3.31286E+00 2.49883E+02
 6.80489E-01 5.54935E-02 6.53958E-01 5.39447E-02 7.06034E+01 9.09446E-01 7.52634E-02 3.79140E+01 6.80496E-01 5.54941E-02 1.00804E-02
 7.96981E-01 9.51450E-02 7.56366E-01 9.50513E-02 7.60561E+01 1.04808E+00 1.33619E-01 4.08421E+01 7.96992E-01 9.51463E-02 1.44869E-02
 9.48312E-01 1.40788E-01 8.91470E-01 1.41785E-01 8.16724E+01 1.23187E+00 1.99748E-01 4.38581E+01 9.48330E-01 1.40791E-01 2.12523E-02
 1.13129E+00 1.92426E-01 1.05607E+00 1.93824E-01 8.74787E+01 1.45633E+00 2.73075E-01 4.69761E+01 1.13131E+00 1.92431E-01 3.19059E-02
 1.35195E+00 2.50803E-01 1.25520E+00 2.51164E-01 9.34882E+01 1.72812E+00 3.53307E-01 5.02032E+01 1.35200E+00 2.50813E-01 4.91386E-02
 1.62034E+00 3.18060E-01 1.49707E+00 3.14943E-01 9.97215E+01 2.05813E+00 4.41663E-01 5.35504E+01 1.62042E+00 3.18079E-01 7.78350E-02
 1.94499E+00 3.95856E-01 1.78904E+00 3.85691E-01 1.06189E+02 2.45623E+00 5.38461E-01 5.70232E+01 1.94515E+00 3.95891E-01 1.27132E-01
 2.23724E+00 4.63184E-01 2.05139E+00 4.44790E-01 1.11348E+02 2.81373E+00 6.18427E-01 5.97937E+01 2.23750E+00 4.63242E-01 1.90089E-01
 2.32766E+00 4.85036E-01 2.13786E+00 4.64168E-01 1.12911E+02 2.93382E+00 6.44734E-01 6.06333E+01 2.32797E+00 4.85103E-01 2.14715E-01
 2.83740E+00 5.93043E-01 2.62169E+00 5.58658E-01 1.20509E+02 3.60427E+00 7.72449E-01 6.47133E+01 2.83808E+00 5.93186E-01 3.93633E-01
 3.44782E+00 7.10954E-01 3.20287E+00 6.62531E-01 1.28471E+02 4.41036E+00 9.13163E-01 6.89887E+01 3.44937E+00 7.11274E-01 7.55263E-01
 4.15519E+00 8.35156E-01 3.88357E+00 7.77299E-01 1.36817E+02 5.35736E+00 1.07095E+00 7.34706E+01 4.15904E+00 8.35927E-01 1.52050E+00
 4.96430E+00 9.61057E-01 4.67703E+00 9.01745E-01 1.45564E+02 6.46711E+00 1.24538E+00 7.81677E+01 4.97508E+00 9.63136E-01 3.21303E+00
 5.87990E+00 1.08333E+00 5.57897E+00 1.02965E+00 1.54734E+02 7.73014E+00 1.42737E+00 8.30922E+01 5.91494E+00 1.08980E+00 7.08969E+00
 6.90527E+00 1.19573E+00 6.59918E+00 1.15061E+00 1.64342E+02 9.16274E+00 1.60072E+00 8.82518E+01 7.03872E+00 1.21903E+00 1.60198E+01
 8.04740E+00 1.29457E+00 7.72838E+00 1.25686E+00 1.74401E+02 1.07456E+01 1.75294E+00 9.36531E+01 8.58892E+00 1.38285E+00 3.52490E+01
 9.30624E+00 1.37934E+00 8.97180E+00 1.34640E+00 1.84924E+02 1.24881E+01 1.88066E+00 9.93043E+01 1.11871E+01 1.66246E+00 6.87693E+01
 1.06918E+01 1.45123E+00 1.03386E+01 1.42062E+00 1.95928E+02 1.44029E+01 1.98593E+00 1.05213E+02 1.51879E+01 2.07098E+00 1.08515E+02
 1.22114E+01 1.51177E+00 1.18363E+01 1.48200E+00 2.07427E+02 1.65005E+01 2.07255E+00 1.11388E+02 1.95403E+01 2.43211E+00 1.39225E+02
 1.38708E+01 1.56204E+00 1.34705E+01 1.53235E+00 2.19434E+02 1.87888E+01 2.14338E+00 1.17836E+02 2.33782E+01 2.64640E+00 1.58135E+02
 1.56752E+01 1.60265E+00 1.52469E+01 1.57277E+00 2.31964E+02 2.12760E+01 2.20014E+00 1.24565E+02 2.68775E+01 2.76087E+00 1.70828E+02
 1.76285E+01 1.63392E+00 1.71695E+01 1.60383E+00 2.45030E+02 2.39677E+01 2.24373E+00 1.31581E+02 3.03801E+01 2.82748E+00 1.81481E+02
 1.97332E+01 1.65608E+00 1.92410E+01 1.62585E+00 2.58644E+02 2.68679E+01 2.27464E+00 1.38892E+02 3.40617E+01 2.86897E+00 1.91814E+02
 2.19909E+01 1.66935E+00 2.14628E+01 1.63910E+00 2.72818E+02 2.99784E+01 2.29326E+00 1.46503E+02 3.79856E+01 2.89275E+00 2.02379E+02
 2.44045E+01 1.67409E+00 2.38380E+01 1.64394E+00 2.87575E+02 3.33036E+01 2.30011E+00 1.54428E+02 4.21745E+01 2.90124E+00 2.13335E+02
 2.69717E+01 1.67062E+00 2.63642E+01 1.64070E+00 3.02920E+02 3.68401E+01 2.29565E+00 1.62668E+02 4.66286E+01 2.89541E+00 2.24720E+02
 6.51576E-01 5.39480E-02 6.25947E-01 5.25355E-02 6.49575E+01 8.70402E-01 7.33339E-02 3.48822E+01 6.51582E-01 5.39485E-02 9.27432E-03
 7.66203E-01 9.27272E-02 7.26626E-01 9.27182E-02 6.98621E+01 1.00666E+00 1.30370E-01 3.75159E+01 7.66213E-01 9.27285E-02 1.33071E-02
 9.12720E-01 1.36583E-01 8.57391E-01 1.37605E-01 7.49157E+01 1.18453E+00 1.93880E-01 4.02297E+01 9.12736E-01 1.36585E-01 1.94941E-02
 1.08764E+00 1.85528E-01 1.01472E+00 1.86908E-01 8.01411E+01 1.39906E+00 2.63343E-01 4.30358E+01 1.08767E+00 1.85533E-01 2.92297E-02
 1.29664E+00 2.40262E-01 1.20331E+00 2.40625E-01 8.55490E+01 1.65646E+00 3.38489E-01 4.59398E+01 1.29669E+00 2.40272E-01 4.49657E-02
 1.54894E+00 3.02743E-01 1.43064E+00 2.99789E-01 9.11564E+01 1.96662E+00 4.20417E-01 4.89510E+01 1.54902E+00 3.02760E-01 7.11498E-02
 1.85230E+00 3.74472E-01 1.70340E+00 3.64875E-01 9.69714E+01 2.33849E+00 5.09407E-01 5.20736E+01 1.85246E+00 3.74505E-01 1.16097E-01
 2.12424E+00 4.36219E-01 1.94741E+00 4.18921E-01 1.01609E+02 2.67096E+00 5.82470E-01 5.45638E+01 2.12449E+00 4.36274E-01 1.73463E-01
 2.20801E+00 4.56187E-01 2.02747E+00 4.36581E-01 1.03013E+02 2.78213E+00 6.06423E-01 5.53180E+01 2.20831E+00 4.56250E-01 1.95892E-01
 2.67953E+00 5.54544E-01 2.47478E+00 5.22394E-01 1.09836E+02 3.40187E+00 7.22310E-01 5.89817E+01 2.68017E+00 5.54678E-01 3.58769E-01
 3.24164E+00 6.61128E-01 3.00978E+00 6.16074E-01 1.16978E+02 4.14384E+00 8.49121E-01 6.28174E+01 3.24309E+00 6.61425E-01 6.87702E-01
 3.89007E+00 7.72503E-01 3.63371E+00 7.18920E-01 1.24459E+02 5.01184E+00 9.90488E-01 6.68347E+01 3.89368E+00 7.73216E-01 1.38317E+00
 4.62846E+00 8.84416E-01 4.35794E+00 8.29724E-01 1.32292E+02 6.02481E+00 1.14587E+00 7.10408E+01 4.63850E+00 8.86329E-01 2.92008E+00
 5.46033E+00 9.92007E-01 5.17759E+00 9.42708E-01 1.40495E+02 7.17269E+00 1.30679E+00 7.54460E+01 5.49286E+00 9.97930E-01 6.43729E+00
 6.38791E+00 1.08969E+00 6.10081E+00 1.04841E+00 1.49081E+02 8.46920E+00 1.45848E+00 8.00567E+01 6.51126E+00 1.11092E+00 1.45322E+01
 7.41682E+00 1.17428E+00 7.11829E+00 1.13991E+00 1.58060E+02 9.89556E+00 1.58977E+00 8.48781E+01 7.91552E+00 1.25435E+00 3.19463E+01
 8.54616E+00 1.24553E+00 8.23402E+00 1.21562E+00 1.67443E+02 1.14592E+01 1.69792E+00 8.99170E+01 1.02721E+01 1.50114E+00 6.22685E+01
 9.78414E+00 1.30467E+00 9.45544E+00 1.27700E+00 1.77244E+02 1.31704E+01 1.78509E+00 9.51799E+01 1.38956E+01 1.86175E+00 9.81668E+01
 1.11365E+01 1.35326E+00 1.07885E+01 1.32646E+00 1.87473E+02 1.50375E+01 1.85497E+00 1.00673E+02 1.78158E+01 2.17699E+00 1.25832E+02
 1.26075E+01 1.39240E+00 1.22373E+01 1.36578E+00 1.98143E+02 1.70663E+01 1.91033E+00 1.06403E+02 2.12434E+01 2.35887E+00 1.42791E+02
 1.42008E+01 1.42274E+00 1.38060E+01 1.39607E+00 2.09263E+02 1.92627E+01 1.95289E+00 1.12374E+02 2.43431E+01 2.45080E+00 1.54110E+02
 1.59187E+01 1.44468E+00 1.54972E+01 1.41793E+00 2.20844E+02 2.16305E+01 1.98360E+00 1.18593E+02 2.74269E+01 2.49987E+00 1.63568E+02
 1.77626E+01 1.45851E+00 1.73122E+01 1.43175E+00 2.32896E+02 2.41716E+01 2.00304E+00 1.25065E+02 3.06534E+01 2.52659E+00 1.72719E+02
 1.97329E+01 1.46453E+00 1.92513E+01 1.43786E+00 2.45429E+02 2.68865E+01 2.01166E+00 1.31795E+02 3.40780E+01 2.53771E+00 1.82061E+02
 2.18309E+01 1.46313E+00 2.13161E+01 1.43665E+00 2.58459E+02 2.97772E+01 2.01004E+00 1.38792E+02 3.77194E+01 2.53553E+00 1.91735E+02
 2.40536E+01 1.45467E+00 2.35035E+01 1.42849E+00 2.71990E+02 3.28395E+01 1.99868E+00 1.46058E+02 4.15761E+01 2.52102E+00 2.01774E+02
 6.23744E-01 5.26499E-02 5.98961E-01 5.13764E-02 5.97791E+01 8.32779E-01 7.17569E-02 3.21014E+01 6.23751E-01 5.26505E-02 8.53498E-03
 7.35853E-01 9.03716E-02 6.97366E-01 9.04473E-02 6.41813E+01 9.65930E-01 1.27210E-01 3.44653E+01 7.35863E-01 9.03729E-02 1.22250E-02
 8.76978E-01 1.32358E-01 8.23296E-01 1.33405E-01 6.87202E+01 1.13722E+00 1.87984E-01 3.69027E+01 8.76994E-01 1.32361E-01 1.78820E-02
 1.04342E+00 1.78630E-01 9.72994E-01 1.79989E-01 7.34151E+01 1.34133E+00 2.53606E-01 3.94239E+01 1.04345E+00 1.78635E-01 2.67766E-02
 1.24053E+00 2.29835E-01 1.15084E+00 2.30196E-01 7.82744E+01 1.58406E+00 3.23823E-01 4.20334E+01 1.24058E+00 2.29844E-01 4.11421E-02
 1.47675E+00 2.87758E-01 1.36366E+00 2.84955E-01 8.33118E+01 1.87441E+00 3.99617E-01 4.47384E+01 1.47683E+00 2.87775E-01 6.50269E-02
 1.75913E+00 3.53755E-01 1.61748E+00 3.44694E-01 8.85339E+01 2.22044E+00 4.81235E-01 4.75427E+01 1.75928E+00 3.53786E-01 1.05995E-01
 2.01122E+00 4.10257E-01 1.84360E+00 3.94000E-01 9.26972E+01 2.52850E+00 5.47824E-01 4.97784E+01 2.01146E+00 4.10309E-01 1.58250E-01
 2.08853E+00 4.28461E-01 1.91743E+00 4.10054E-01 9.39571E+01 2.63100E+00 5.69579E-01 5.04550E+01 2.08881E+00 4.28521E-01 1.78671E-01
 2.52302E+00 5.17814E-01 2.32935E+00 4.87787E-01 1.00076E+02 3.20160E+00 6.74456E-01 5.37410E+01 2.52362E+00 5.17939E-01 3.26891E-01
 3.03864E+00 6.13897E-01 2.81991E+00 5.72037E-01 1.06477E+02 3.88185E+00 7.88415E-01 5.71784E+01 3.04000E+00 6.14173E-01 6.25968E-01
 3.63070E+00 7.13461E-01 3.38952E+00 6.63916E-01 1.13176E+02 4.67425E+00 9.14682E-01 6.07754E+01 3.63406E+00 7.14120E-01 1.25777E+00
 4.30180E+00 8.12586E-01 4.04788E+00 7.62241E-01 1.20182E+02 5.59513E+00 1.05264E+00 6.45379E+01 4.31113E+00 8.14343E-01 2.65278E+00
 5.05439E+00 9.06852E-01 4.78959E+00 8.61662E-01 1.27513E+02 6.63394E+00 1.19440E+00 6.84745E+01 5.08447E+00 9.12266E-01 5.84247E+00
 5.88973E+00 9.91285E-01 5.62132E+00 9.53595E-01 1.35178E+02 7.80209E+00 1.32652E+00 7.25904E+01 6.00338E+00 1.01059E+00 1.31769E+01
 6.81226E+00 1.06318E+00 6.53382E+00 1.03191E+00 1.43184E+02 9.08136E+00 1.43909E+00 7.68899E+01 7.26995E+00 1.13565E+00 2.89397E+01
 7.82035E+00 1.12248E+00 7.52996E+00 1.09537E+00 1.51543E+02 1.04775E+01 1.52992E+00 8.13783E+01 9.39845E+00 1.35280E+00 5.63554E+01
 8.92065E+00 1.17049E+00 8.61573E+00 1.14552E+00 1.60263E+02 1.19987E+01 1.60124E+00 8.60610E+01 1.26664E+01 1.67020E+00 8.87617E+01
 1.01175E+01 1.20876E+00 9.79564E+00 1.18467E+00 1.69353E+02 1.36514E+01 1.65663E+00 9.09428E+01 1.61811E+01 1.94440E+00 1.13670E+02
 1.14137E+01 1.23837E+00 1.10725E+01 1.21456E+00 1.78824E+02 1.54395E+01 1.69875E+00 9.60285E+01 1.92265E+01 2.09780E+00 1.28869E+02
 1.28118E+01 1.26004E+00 1.24492E+01 1.23628E+00 1.88682E+02 1.73671E+01 1.72932E+00 1.01322E+02 2.19561E+01 2.17041E+00 1.38954E+02
 1.43128E+01 1.27422E+00 1.39270E+01 1.25048E+00 1.98937E+02 1.94363E+01 1.74930E+00 1.06829E+02 2.46538E+01 2.20476E+00 1.47342E+02
 1.59172E+01 1.28123E+00 1.55064E+01 1.25759E+00 2.09594E+02 2.16475E+01 1.75933E+00 1.12552E+02 2.74619E+01 2.21935E+00 1.55438E+02
 1.76241E+01 1.28144E+00 1.71866E+01 1.25797E+00 2.20661E+02 2.39999E+01 1.75994E+00 1.18495E+02 3.04292E+01 2.22032E+00 1.63688E+02
 1.94339E+01 1.27523E+00 1.89679E+01 1.25203E+00 2.32152E+02 2.64938E+01 1.75169E+00 1.24666E+02 3.35705E+01 2.20979E+00 1.72220E+02
 2.13430E+01 1.26302E+00 2.08468E+01 1.24018E+00 2.44069E+02 2.91244E+01 1.73515E+00 1.31065E+02 3.68833E+01 2.18877E+00 1.81061E+02
 5.97539E-01 5.16167E-02 5.73527E-01 5.04855E-02 5.49993E+01 7.97308E-01 7.05583E-02 2.95346E+01 5.97545E-01 5.16173E-02 7.85253E-03
 7.06280E-01 8.81681E-02 6.68946E-01 8.83317E-02 5.89415E+01 9.26407E-01 1.24268E-01 3.16516E+01 7.06289E-01 8.81693E-02 1.12270E-02
 8.41375E-01 1.28260E-01 7.89499E-01 1.29336E-01 6.30099E+01 1.09038E+00 1.82273E-01 3.38363E+01 8.41391E-01 1.28263E-01 1.63961E-02
 9.99033E-01 1.71918E-01 9.31291E-01 1.73261E-01 6.72205E+01 1.28372E+00 2.44139E-01 3.60974E+01 9.99058E-01 1.71923E-01 2.45172E-02
 1.18426E+00 2.19744E-01 1.09841E+00 2.20101E-01 7.15797E+01 1.51181E+00 3.09627E-01 3.84383E+01 1.18430E+00 2.19753E-01 3.76232E-02
 1.40479E+00 2.73356E-01 1.29708E+00 2.70692E-01 7.60981E+01 1.78283E+00 3.79614E-01 4.08647E+01 1.40487E+00 2.73372E-01 5.93964E-02
 1.66700E+00 3.33973E-01 1.53269E+00 3.25415E-01 8.07811E+01 2.10402E+00 4.54317E-01 4.33794E+01 1.66714E+00 3.34002E-01 9.67132E-02
 1.90015E+00 3.85578E-01 1.74175E+00 3.70298E-01 8.45138E+01 2.38880E+00 5.14868E-01 4.53839E+01 1.90038E+00 3.85626E-01 1.44279E-01
 1.97134E+00 4.02140E-01 1.80968E+00 3.84859E-01 8.56426E+01 2.48307E+00 5.34580E-01 4.59901E+01 1.97161E+00 4.02196E-01 1.62860E-01
 2.37082E+00 4.83141E-01 2.18813E+00 4.55107E-01 9.11234E+01 3.00722E+00 6.29263E-01 4.89333E+01 2.37138E+00 4.83257E-01 2.97648E-01
 2.84279E+00 5.69556E-01 2.63697E+00 5.30694E-01 9.68523E+01 3.62953E+00 7.31425E-01 5.20097E+01 2.84406E+00 5.69812E-01 5.69383E-01
 3.38216E+00 6.58315E-01 3.15581E+00 6.12552E-01 1.02842E+02 4.35127E+00 8.43898E-01 5.52261E+01 3.38529E+00 6.58923E-01 1.14292E+00
 3.99068E+00 7.45821E-01 3.75289E+00 6.99532E-01 1.09102E+02 5.18648E+00 9.66004E-01 5.85876E+01 3.99933E+00 7.47434E-01 2.40820E+00
 4.66986E+00 8.28082E-01 4.42242E+00 7.86709E-01 1.15644E+02 6.12427E+00 1.09046E+00 6.21010E+01 4.69763E+00 8.33025E-01 5.29866E+00
 5.42015E+00 9.00684E-01 5.16976E+00 8.66315E-01 1.22478E+02 7.17399E+00 1.20506E+00 6.57706E+01 5.52465E+00 9.18224E-01 1.19390E+01
 6.24493E+00 9.61347E-01 5.98577E+00 9.32942E-01 1.29609E+02 8.31807E+00 1.30102E+00 6.95998E+01 6.66417E+00 1.02687E+00 2.61959E+01
 7.14202E+00 1.01021E+00 6.87242E+00 9.85678E-01 1.37044E+02 9.56084E+00 1.37665E+00 7.35928E+01 8.58209E+00 1.21746E+00 5.09638E+01
 8.11671E+00 1.04861E+00 7.83442E+00 1.02609E+00 1.44793E+02 1.09087E+01 1.43425E+00 7.77537E+01 1.15222E+01 1.49620E+00 8.01938E+01
 9.17213E+00 1.07805E+00 8.87509E+00 1.05643E+00 1.52861E+02 1.23664E+01 1.47725E+00 8.20865E+01 1.46651E+01 1.73405E+00 1.02600E+02
 1.03101E+01 1.09965E+00 9.99621E+00 1.07837E+00 1.61256E+02 1.39364E+01 1.50822E+00 8.65946E+01 1.73624E+01 1.86269E+00 1.16209E+02
 1.15319E+01 1.11413E+00 1.11995E+01 1.09298E+00 1.69984E+02 1.56214E+01 1.52882E+00 9.12813E+01 1.97572E+01 1.91895E+00 1.25183E+02
 1.28379E+01 1.12195E+00 1.24854E+01 1.10093E+00 1.79050E+02 1.74219E+01 1.54004E+00 9.61499E+01 2.21072E+01 1.94119E+00 1.32613E+02
 1.42275E+01 1.12352E+00 1.38535E+01 1.10266E+00 1.88460E+02 1.93374E+01 1.54254E+00 1.01203E+02 2.45403E+01 1.94605E+00 1.39765E+02
 1.56993E+01 1.11920E+00 1.53024E+01 1.09858E+00 1.98219E+02 2.13661E+01 1.53690E+00 1.06444E+02 2.70992E+01 1.93910E+00 1.47040E+02
 1.72526E+01 1.10939E+00 1.68314E+01 1.08909E+00 2.08337E+02 2.35068E+01 1.52368E+00 1.11877E+02 2.97955E+01 1.92231E+00 1.54553E+02
 1.88837E+01 1.09452E+00 1.84369E+01 1.07461E+00 2.18815E+02 2.57546E+01 1.50347E+00 1.17504E+02 3.26259E+01 1.89666E+00 1.62327E+02
 5.72947E-01 5.08651E-02 5.49627E-01 4.98806E-02 5.05887E+01 7.63966E-01 6.97636E-02 2.71661E+01 5.72953E-01 5.08657E-02 7.22280E-03
 6.77616E-01 8.61929E-02 6.41479E-01 8.64497E-02 5.41112E+01 8.88241E-01 1.21657E-01 2.90577E+01 6.77625E-01 8.61941E-02 1.03069E-02
 8.06198E-01 1.24396E-01 7.56248E-01 1.25507E-01 5.77505E+01 1.04436E+00 1.76903E-01 3.10120E+01 8.06213E-01 1.24398E-01 1.50275E-02
 9.54885E-01 1.65503E-01 8.89985E-01 1.66838E-01 6.15199E+01 1.22672E+00 2.35104E-01 3.30362E+01 9.54909E-01 1.65507E-01 2.24380E-02
 1.12840E+00 2.10081E-01 1.04652E+00 2.10441E-01 6.54236E+01 1.44036E+00 2.96045E-01 3.51325E+01 1.12844E+00 2.10089E-01 3.43875E-02
 1.33379E+00 2.59600E-01 1.23151E+00 2.57071E-01 6.94700E+01 1.69270E+00 3.60512E-01 3.73054E+01 1.33386E+00 2.59615E-01 5.42230E-02
 1.57676E+00 3.15147E-01 1.44976E+00 3.07065E-01 7.36628E+01 1.99019E+00 4.28695E-01 3.95569E+01 1.57689E+00 3.15175E-01 8.81909E-02
 1.79200E+00 3.62160E-01 1.64267E+00 3.47802E-01 7.70042E+01 2.25293E+00 4.83586E-01 4.13512E+01 1.79222E+00 3.62205E-01 1.31459E-01
 1.85744E+00 3.77189E-01 1.70503E+00 3.60968E-01 7.80138E+01 2.33945E+00 5.01391E-01 4.18934E+01 1.85769E+00 3.77241E-01 1.48353E-01
 2.22409E+00 4.50405E-01 2.05208E+00 4.24244E-01 8.29149E+01 2.81998E+00 5.86579E-01 4.45253E+01 2.22461E+00 4.50514E-01 2.70835E-01
 2.65542E+00 5.27868E-01 2.46211E+00 4.91818E-01 8.80338E+01 3.38842E+00 6.77830E-01 4.72742E+01 2.65661E+00 5.28105E-01 5.17540E-01
 3.14607E+00 6.06705E-01 2.93402E+00 5.64487E-01 9.33812E+01 4.04486E+00 7.77664E-01 5.01457E+01 3.14898E+00 6.07265E-01 1.03778E+00
 3.69701E+00 6.83618E-01 3.47470E+00 6.41120E-01 9.89643E+01 4.80120E+00 8.85313E-01 5.31438E+01 3.70502E+00 6.85095E-01 2.18444E+00
 4.30900E+00 7.55018E-01 4.07814E+00 7.17198E-01 1.04794E+02 5.64646E+00 9.94069E-01 5.62743E+01 4.33461E+00 7.59524E-01 4.80151E+00
 4.98186E+00 8.17020E-01 4.74859E+00 7.85725E-01 1.10876E+02 6.58830E+00 1.09291E+00 5.95405E+01 5.07784E+00 8.32928E-01 1.08080E+01
 5.71810E+00 8.67732E-01 5.47718E+00 8.41964E-01 1.17216E+02 7.60987E+00 1.17410E+00 6.29450E+01 6.10166E+00 9.26864E-01 2.36911E+01
 6.51514E+00 9.07451E-01 6.26511E+00 8.85281E-01 1.23819E+02 8.71433E+00 1.23638E+00 6.64909E+01 7.82774E+00 1.09358E+00 4.60457E+01
 7.37715E+00 9.37528E-01 7.11604E+00 9.17266E-01 1.30692E+02 9.90663E+00 1.28208E+00 7.01816E+01 1.04699E+01 1.33763E+00 7.23840E+01
 8.30630E+00 9.59452E-01 8.03234E+00 9.40076E-01 1.37840E+02 1.11902E+01 1.31449E+00 7.40198E+01 1.32769E+01 1.54317E+00 9.25176E+01
 9.30355E+00 9.74309E-01 9.01497E+00 9.55319E-01 1.45267E+02 1.25663E+01 1.33607E+00 7.80083E+01 1.56626E+01 1.65026E+00 1.04686E+02
 1.03695E+01 9.82829E-01 1.00648E+01 9.64046E-01 1.52978E+02 1.40365E+01 1.34842E+00 8.21494E+01 1.77603E+01 1.69268E+00 1.12660E+02
 1.15036E+01 9.85513E-01 1.11817E+01 9.66917E-01 1.60978E+02 1.56003E+01 1.35253E+00 8.64453E+01 1.98038E+01 1.70500E+00 1.19228E+02
 1.27048E+01 9.82767E-01 1.23645E+01 9.64402E-01 1.69270E+02 1.72564E+01 1.34908E+00 9.08979E+01 2.19079E+01 1.70214E+00 1.25533E+02
 1.39713E+01 9.74981E-01 1.36114E+01 9.56907E-01 1.77857E+02 1.90023E+01 1.33865E+00 9.55089E+01 2.41101E+01 1.68913E+00 1.31935E+02
 1.53016E+01 9.62556E-01 1.49211E+01 9.44836E-01 1.86746E+02 2.08361E+01 1.32181E+00 1.00283E+02 2.64196E+01 1.66778E+00 1.38536E+02
 1.66921E+01 9.45910E-01 1.62899E+01 9.28602E-01 1.95937E+02 2.27526E+01 1.29914E+00 1.05218E+02 2.88327E+01 1.63904E+00 1.45355E+02
 5.50066E-01 5.03991E-02 5.27363E-01 4.95672E-02 4.64818E+01 7.32895E-01 6.93811E-02 2.49607E+01 5.50071E-01 5.03996E-02 6.63645E-03
 6.50099E-01 8.45024E-02 6.15168E-01 8.48589E-02 4.96253E+01 8.51702E-01 1.19459E-01 2.66488E+01 6.50108E-01 8.45036E-02 9.45245E-03
 7.71899E-01 1.20855E-01 7.23926E-01 1.22009E-01 5.28774E+01 9.99664E-01 1.72001E-01 2.83952E+01 7.71913E-01 1.20858E-01 1.37594E-02
 9.11663E-01 1.59497E-01 8.49662E-01 1.60832E-01 5.62486E+01 1.17112E+00 2.26660E-01 3.02055E+01 9.11686E-01 1.59501E-01 2.05154E-02
 1.07383E+00 2.00965E-01 9.95959E-01 2.01336E-01 5.97414E+01 1.37079E+00 2.83247E-01 3.20811E+01 1.07387E+00 2.00972E-01 3.14009E-02
 1.26485E+00 2.46608E-01 1.16794E+00 2.44214E-01 6.33619E+01 1.60537E+00 3.42485E-01 3.40253E+01 1.26492E+00 2.46622E-01 4.94555E-02
 1.48976E+00 2.97410E-01 1.36988E+00 2.89777E-01 6.71128E+01 1.88057E+00 4.04557E-01 3.60396E+01 1.48989E+00 2.97437E-01 8.03491E-02
 1.68827E+00 3.40152E-01 1.54768E+00 3.26654E-01 7.01015E+01 2.12270E+00 4.54178E-01 3.76445E+01 1.68847E+00 3.40194E-01 1.19675E-01
 1.74835E+00 3.53759E-01 1.60487E+00 3.38528E-01 7.10036E+01 2.20200E+00 4.70214E-01 3.81289E+01 1.74858E+00 3.53809E-01 1.35022E-01
 2.08445E+00 4.19779E-01 1.92268E+00 3.95359E-01 7.53822E+01 2.64192E+00 5.46625E-01 4.04802E+01 2.08494E+00 4.19881E-01 2.46230E-01
 2.47810E+00 4.89012E-01 2.29668E+00 4.55563E-01 7.99517E+01 3.16034E+00 6.27841E-01 4.29341E+01 2.47921E+00 4.89232E-01 4.70026E-01
 2.92380E+00 5.58805E-01 2.72536E+00 5.19867E-01 8.47209E+01 3.75663E+00 7.16171E-01 4.54951E+01 2.92651E+00 5.59321E-01 9.41536E-01
 3.42178E+00 6.26145E-01 3.21417E+00 5.87161E-01 8.96956E+01 4.44048E+00 8.10777E-01 4.81665E+01 3.42919E+00 6.27498E-01 1.97985E+00
 3.97214E+00 6.87809E-01 3.75699E+00 6.53275E-01 9.48846E+01 5.20087E+00 9.05437E-01 5.09530E+01 3.99573E+00 6.91913E-01 4.34748E+00
 4.57420E+00 7.40401E-01 4.35713E+00 7.11940E-01 1.00292E+02 6.04402E+00 9.90240E-01 5.38570E+01 4.66226E+00 7.54814E-01 9.77634E+00
 5.22975E+00 7.82380E-01 5.00602E+00 7.59032E-01 1.05923E+02 6.95391E+00 1.05841E+00 5.68805E+01 5.58026E+00 8.35686E-01 2.14086E+01
 5.93591E+00 8.14181E-01 5.70426E+00 7.94167E-01 1.11780E+02 7.93270E+00 1.10908E+00 6.00258E+01 7.13080E+00 9.81150E-01 4.15686E+01
 6.69589E+00 8.37159E-01 6.45462E+00 8.18940E-01 1.17869E+02 8.98414E+00 1.14460E+00 6.32954E+01 9.50068E+00 1.19436E+00 6.52818E+01
 7.51110E+00 8.52763E-01 7.25868E+00 8.35414E-01 1.24193E+02 1.01105E+01 1.16809E+00 6.66914E+01 1.20022E+01 1.37148E+00 8.33578E+01
 8.38182E+00 8.62052E-01 8.11677E+00 8.45124E-01 1.30755E+02 1.13123E+01 1.18191E+00 7.02156E+01 1.41064E+01 1.46001E+00 9.42286E+01
 9.30797E+00 8.65752E-01 9.02911E+00 8.49083E-01 1.37560E+02 1.25899E+01 1.18757E+00 7.38695E+01 1.59372E+01 1.49093E+00 1.01305E+02
 1.02886E+01 8.64372E-01 9.99495E+00 8.47942E-01 1.44608E+02 1.39424E+01 1.18606E+00 7.76546E+01 1.77068E+01 1.49531E+00 1.07104E+02
 1.13222E+01 8.58328E-01 1.10128E+01 8.42172E-01 1.51903E+02 1.53676E+01 1.17805E+00 8.15721E+01 1.95181E+01 1.48650E+00 1.12654E+02
 1.24067E+01 8.48013E-01 1.20807E+01 8.32181E-01 1.59447E+02 1.68628E+01 1.16413E+00 8.56229E+01 2.14040E+01 1.46905E+00 1.18279E+02
 1.35401E+01 8.33816E-01 1.31967E+01 8.18360E-01 1.67244E+02 1.84254E+01 1.14483E+00 8.98099E+01 2.33719E+01 1.44461E+00 1.24068E+02
 1.47189E+01 8.16145E-01 1.43572E+01 8.01110E-01 1.75293E+02 2.00504E+01 1.12074E+00 9.41323E+01 2.54177E+01 1.41409E+00 1.30040E+02
 5.28548E-01 5.02376E-02 5.06402E-01 4.95654E-02 4.26595E+01 7.03632E-01 6.94395E-02 2.29082E+01 5.28553E-01 5.02381E-02 6.09072E-03
 6.23646E-01 8.31349E-02 5.89898E-01 8.35976E-02 4.54646E+01 8.16619E-01 1.17725E-01 2.44145E+01 6.23655E-01 8.31361E-02 8.65992E-03
 7.38624E-01 1.17686E-01 6.92617E-01 1.18889E-01 4.83701E+01 9.56387E-01 1.67633E-01 2.59748E+01 7.38638E-01 1.17688E-01 1.25866E-02
 8.69677E-01 1.53950E-01 8.10550E-01 1.55293E-01 5.13845E+01 1.11722E+00 2.18874E-01 2.75935E+01 8.69699E-01 1.53955E-01 1.87414E-02
 1.02094E+00 1.92449E-01 9.47015E-01 1.92839E-01 5.45089E+01 1.30347E+00 2.71305E-01 2.92713E+01 1.02097E+00 1.92456E-01 2.86506E-02
 1.19825E+00 2.34420E-01 1.10664E+00 2.32167E-01 5.77474E+01 1.52119E+00 3.25598E-01 3.10103E+01 1.19832E+00 2.34434E-01 4.50732E-02
 1.40613E+00 2.80773E-01 1.29319E+00 2.73580E-01 6.11017E+01 1.77538E+00 3.81950E-01 3.28116E+01 1.40625E+00 2.80798E-01 7.31525E-02
 1.58894E+00 3.19552E-01 1.45682E+00 3.06879E-01 6.37738E+01 1.99816E+00 4.26685E-01 3.42465E+01 1.58913E+00 3.19592E-01 1.08873E-01
 1.64401E+00 3.31850E-01 1.50915E+00 3.17562E-01 6.45794E+01 2.07070E+00 4.41091E-01 3.46792E+01 1.64423E+00 3.31897E-01 1.22806E-01
 1.95155E+00 3.91274E-01 1.79957E+00 3.68480E-01 6.84888E+01 2.47255E+00 5.09449E-01 3.67785E+01 1.95201E+00 3.91368E-01 2.23713E-01
 2.31001E+00 4.53020E-01 2.13987E+00 4.21974E-01 7.25651E+01 2.94413E+00 5.81527E-01 3.89675E+01 2.31104E+00 4.53224E-01 4.26602E-01
 2.71380E+00 5.14635E-01 2.52815E+00 4.78693E-01 7.68158E+01 3.48421E+00 6.59416E-01 4.12501E+01 2.71631E+00 5.15110E-01 8.53684E-01
 3.16263E+00 5.73412E-01 2.96889E+00 5.37627E-01 8.12452E+01 4.10087E+00 7.42344E-01 4.36287E+01 3.16947E+00 5.74651E-01 1.79333E+00
 3.65594E+00 6.26465E-01 3.45565E+00 5.94926E-01 8.58603E+01 4.78281E+00 8.24531E-01 4.61070E+01 3.67764E+00 6.30202E-01 3.93400E+00
 4.19261E+00 6.70823E-01 3.99086E+00 6.44943E-01 9.06646E+01 5.53483E+00 8.97017E-01 4.86869E+01 4.27326E+00 6.83880E-01 8.83784E+00
 4.77382E+00 7.05260E-01 4.56634E+00 6.84108E-01 9.56605E+01 6.34185E+00 9.53890E-01 5.13697E+01 5.09350E+00 7.53303E-01 1.93345E+01
 5.39651E+00 7.30324E-01 5.18219E+00 7.12257E-01 1.00851E+02 7.20521E+00 9.94646E-01 5.41572E+01 6.48184E+00 8.80066E-01 3.75044E+01
 6.06309E+00 7.47365E-01 5.84047E+00 7.30981E-01 1.06240E+02 8.12768E+00 1.02162E+00 5.70510E+01 8.60054E+00 1.06619E+00 5.88413E+01
 6.77431E+00 7.57782E-01 6.54211E+00 7.42245E-01 1.11830E+02 9.11063E+00 1.03778E+00 6.00525E+01 1.08213E+01 1.21863E+00 7.50599E+01
 7.52996E+00 7.62599E-01 7.28692E+00 7.47504E-01 1.17622E+02 1.01538E+01 1.04534E+00 6.31630E+01 1.26683E+01 1.29146E+00 8.47641E+01
 8.32946E+00 7.62525E-01 8.07462E+00 7.47727E-01 1.23619E+02 1.12569E+01 1.04577E+00 6.63833E+01 1.42569E+01 1.31305E+00 9.10381E+01
 9.17151E+00 7.58067E-01 8.90409E+00 7.43545E-01 1.29822E+02 1.24185E+01 1.03999E+00 6.97143E+01 1.57790E+01 1.31130E+00 9.61522E+01
 1.00543E+01 7.49638E-01 9.77359E+00 7.35419E-01 1.36232E+02 1.36360E+01 1.02868E+00 7.31564E+01 1.73268E+01 1.29816E+00 1.01031E+02
 1.09756E+01 7.37624E-01 1.06809E+01 7.23749E-01 1.42849E+02 1.49065E+01 1.01240E+00 7.67099E+01 1.89292E+01 1.27772E+00 1.05966E+02
 1.19332E+01 7.22396E-01 1.16239E+01 7.08904E-01 1.49678E+02 1.62270E+01 9.91673E-01 8.03768E+01 2.05920E+01 1.25148E+00 1.11037E+02
 1.29237E+01 7.04339E-01 1.25993E+01 6.91269E-01 1.56715E+02 1.75927E+01 9.67036E-01 8.41561E+01 2.23112E+01 1.22028E+00 1.16258E+02
 5.06749E-01 5.04441E-02 4.85160E-01 4.99383E-02 3.91469E+01 6.73976E-01 7.00271E-02 2.10219E+01 5.06754E-01 5.04446E-02 5.58920E-03
 5.96999E-01 8.21356E-02 5.64426E-01 8.27086E-02 4.16493E+01 7.81251E-01 1.16517E-01 2.23657E+01 5.97007E-01 8.21368E-02 7.93320E-03
 7.05255E-01 1.14918E-01 6.61194E-01 1.16173E-01 4.42440E+01 9.12944E-01 1.63832E-01 2.37590E+01 7.05267E-01 1.14920E-01 1.15129E-02
 8.27714E-01 1.48882E-01 7.71439E-01 1.50233E-01 4.69375E+01 1.06331E+00 2.11761E-01 2.52054E+01 8.27735E-01 1.48886E-01 1.71194E-02
 9.68223E-01 1.84539E-01 8.98234E-01 1.84946E-01 4.97298E+01 1.23638E+00 2.60214E-01 2.67049E+01 9.68259E-01 1.84546E-01 2.61386E-02
 1.13207E+00 2.23036E-01 1.04574E+00 2.20917E-01 5.26234E+01 1.43756E+00 3.09831E-01 2.82588E+01 1.13213E+00 2.23049E-01 4.10739E-02
 1.32323E+00 2.65210E-01 1.21724E+00 2.58442E-01 5.56195E+01 1.67124E+00 3.60825E-01 2.98677E+01 1.32334E+00 2.65234E-01 6.65891E-02
 1.49073E+00 3.00288E-01 1.36710E+00 2.88408E-01 5.80055E+01 1.87523E+00 4.01016E-01 3.11490E+01 1.49090E+00 3.00325E-01 9.90253E-02
 1.54093E+00 3.11373E-01 1.41471E+00 2.97991E-01 5.87240E+01 1.94120E+00 4.13918E-01 3.15348E+01 1.54113E+00 3.11416E-01 1.11671E-01
 1.82083E+00 3.64725E-01 1.67860E+00 3.43483E-01 6.22094E+01 2.30616E+00 4.74891E-01 3.34064E+01 1.82126E+00 3.64813E-01 2.03202E-01
 2.14551E+00 4.19671E-01 1.98646E+00 3.90885E-01 6.58403E+01 2.73265E+00 5.38672E-01 3.53562E+01 2.14647E+00 4.19860E-01 3.87067E-01
 2.50935E+00 4.73938E-01 2.33610E+00 4.40773E-01 6.96227E+01 3.21888E+00 6.07153E-01 3.73874E+01 2.51166E+00 4.74376E-01 7.73744E-01
 2.91162E+00 5.25089E-01 2.73116E+00 4.92215E-01 7.35599E+01 3.77163E+00 6.79597E-01 3.95017E+01 2.91792E+00 5.26224E-01 1.62369E+00
 3.35136E+00 5.70577E-01 3.16519E+00 5.41732E-01 7.76575E+01 4.37977E+00 7.50760E-01 4.17021E+01 3.37123E+00 5.73981E-01 3.55816E+00
 3.82706E+00 6.07813E-01 3.63988E+00 5.84242E-01 8.19178E+01 5.04686E+00 8.12543E-01 4.39898E+01 3.90060E+00 6.19640E-01 7.98521E+00
 4.33939E+00 6.35824E-01 4.14735E+00 6.16634E-01 8.63423E+01 5.75857E+00 8.59759E-01 4.63658E+01 4.62968E+00 6.79126E-01 1.74511E+01
 4.88523E+00 6.55244E-01 4.68736E+00 6.38915E-01 9.09333E+01 6.51567E+00 8.92179E-01 4.88312E+01 5.86673E+00 7.89561E-01 3.38161E+01
 5.46637E+00 6.67406E-01 5.26140E+00 6.52656E-01 9.56929E+01 7.32015E+00 9.12102E-01 5.13871E+01 7.75176E+00 9.52055E-01 5.29997E+01
 6.08311E+00 6.73653E-01 5.86995E+00 6.59724E-01 1.00623E+02 8.17274E+00 9.22353E-01 5.40343E+01 9.71353E+00 1.08324E+00 6.75376E+01
 6.73486E+00 6.74969E-01 6.51246E+00 6.61493E-01 1.05723E+02 9.07267E+00 9.25014E-01 5.67734E+01 1.13262E+01 1.14296E+00 7.61894E+01
 7.42074E+00 6.72039E-01 7.18835E+00 6.58884E-01 1.10996E+02 1.00192E+01 9.21467E-01 5.96049E+01 1.26965E+01 1.15714E+00 8.17422E+01
 8.13925E+00 6.65356E-01 7.89625E+00 6.52501E-01 1.16441E+02 1.10106E+01 9.12606E-01 6.25290E+01 1.39977E+01 1.15083E+00 8.62420E+01
 8.88848E+00 6.55323E-01 8.63431E+00 6.42788E-01 1.22059E+02 1.20442E+01 8.99070E-01 6.55456E+01 1.53120E+01 1.13474E+00 9.05207E+01
 9.66612E+00 6.42309E-01 9.40029E+00 6.30126E-01 1.27849E+02 1.31168E+01 8.81400E-01 6.86547E+01 1.66649E+01 1.11252E+00 9.48390E+01
 1.04699E+01 6.26661E-01 1.01920E+01 6.14862E-01 1.33812E+02 1.42254E+01 8.60083E-01 7.18572E+01 1.80608E+01 1.08554E+00 9.92674E+01
 1.12968E+01 6.08741E-01 1.10063E+01 5.97353E-01 1.39948E+02 1.53657E+01 8.35620E-01 7.51519E+01 1.94960E+01 1.05457E+00 1.03819E+02
 4.88778E-01 5.10081E-02 4.67603E-01 5.06779E-02 3.58158E+01 6.49446E-01 7.11340E-02 1.92331E+01 4.88783E-01 5.10087E-02 5.11361E-03
 5.74510E-01 8.14558E-02 5.42908E-01 8.21440E-02 3.80409E+01 7.51364E-01 1.15767E-01 2.04280E+01 5.74517E-01 8.14570E-02 7.24590E-03
 6.76782E-01 1.12457E-01 6.34351E-01 1.13764E-01 4.03501E+01 8.75820E-01 1.60465E-01 2.16680E+01 6.76794E-01 1.12459E-01 1.04997E-02
 7.91785E-01 1.44144E-01 7.37885E-01 1.45500E-01 4.27482E+01 1.01703E+00 2.05109E-01 2.29558E+01 7.91805E-01 1.44148E-01 1.55915E-02
 9.23101E-01 1.77029E-01 8.56358E-01 1.77447E-01 4.52347E+01 1.17873E+00 2.49673E-01 2.42910E+01 9.23135E-01 1.77036E-01 2.37759E-02
 1.07554E+00 2.12178E-01 9.93536E-01 2.10177E-01 4.78108E+01 1.36581E+00 2.94775E-01 2.56744E+01 1.07560E+00 2.12190E-01 3.73175E-02
 1.25262E+00 2.50367E-01 1.15231E+00 2.43992E-01 5.04770E+01 1.58210E+00 3.40656E-01 2.71062E+01 1.25272E+00 2.50389E-01 6.04324E-02
 1.40724E+00 2.81939E-01 1.29055E+00 2.70804E-01 5.25996E+01 1.77023E+00 3.76545E-01 2.82460E+01 1.40741E+00 2.81974E-01 8.97964E-02
 1.45338E+00 2.91880E-01 1.33424E+00 2.79351E-01 5.32378E+01 1.83075E+00 3.88032E-01 2.85887E+01 1.45357E+00 2.91920E-01 1.01238E-01
 1.71030E+00 3.39519E-01 1.57622E+00 3.19748E-01 5.63329E+01 2.16530E+00 4.42077E-01 3.02508E+01 1.71070E+00 3.39601E-01 1.84007E-01
 2.00710E+00 3.88113E-01 1.85748E+00 3.61478E-01 5.95541E+01 2.55487E+00 4.98140E-01 3.19806E+01 2.00800E+00 3.88287E-01 3.50111E-01
 2.33825E+00 4.35585E-01 2.17562E+00 4.05058E-01 6.29063E+01 2.99726E+00 5.57938E-01 3.37807E+01 2.34041E+00 4.35987E-01 6.99102E-01
 2.70276E+00 4.79754E-01 2.53361E+00 4.49637E-01 6.63919E+01 3.49816E+00 6.20777E-01 3.56524E+01 2.70860E+00 4.80790E-01 1.46547E+00
 3.09944E+00 5.18374E-01 2.92519E+00 4.92056E-01 7.00149E+01 4.04683E+00 6.81871E-01 3.75980E+01 3.11780E+00 5.21466E-01 3.20798E+00
 3.52673E+00 5.49218E-01 3.35169E+00 5.27792E-01 7.37769E+01 4.64625E+00 7.33984E-01 3.96182E+01 3.59444E+00 5.59902E-01 7.19165E+00
 3.98503E+00 5.71545E-01 3.80573E+00 5.54166E-01 7.76787E+01 5.28306E+00 7.72610E-01 4.17134E+01 4.25136E+00 6.10459E-01 1.57001E+01
 4.47129E+00 5.86050E-01 4.28688E+00 5.71319E-01 8.17216E+01 5.95769E+00 7.97738E-01 4.38845E+01 5.36876E+00 7.06150E-01 3.03905E+01
 4.98693E+00 5.94032E-01 4.79632E+00 5.80781E-01 8.59066E+01 6.67165E+00 8.11607E-01 4.61318E+01 7.06990E+00 8.47319E-01 4.75795E+01
 5.53203E+00 5.96772E-01 5.33427E+00 5.84314E-01 9.02344E+01 7.42536E+00 8.16877E-01 4.84559E+01 8.83050E+00 9.59525E-01 6.05652E+01
 6.10587E+00 5.95211E-01 5.90006E+00 5.83212E-01 9.47053E+01 8.21787E+00 8.15503E-01 5.08568E+01 1.02647E+01 1.00780E+00 6.82493E+01
 6.70749E+00 5.90003E-01 6.49301E+00 5.78342E-01 9.93191E+01 9.04833E+00 8.08784E-01 5.33344E+01 1.14721E+01 1.01578E+00 7.31428E+01
 7.33542E+00 5.81624E-01 7.11175E+00 5.70278E-01 1.04075E+02 9.91486E+00 7.97565E-01 5.58885E+01 1.26109E+01 1.00590E+00 7.70832E+01
 7.98780E+00 5.70458E-01 7.75450E+00 5.59442E-01 1.08974E+02 1.08150E+01 7.82454E-01 5.85188E+01 1.37559E+01 9.87690E-01 8.08164E+01
 8.66249E+00 5.56855E-01 8.41917E+00 5.46194E-01 1.14012E+02 1.17458E+01 7.63959E-01 6.12246E+01 1.49298E+01 9.64418E-01 8.45752E+01
 9.35738E+00 5.41136E-01 9.10370E+00 5.30852E-01 1.19193E+02 1.27044E+01 7.42531E-01 6.40064E+01 1.61366E+01 9.37299E-01 8.84218E+01
 1.00696E+01 5.23633E-01 9.80527E+00 5.13747E-01 1.24511E+02 1.36868E+01 7.18631E-01 6.68625E+01 1.73731E+01 9.07048E-01 9.23680E+01
 4.71489E-01 5.18949E-02 4.50701E-01 5.17526E-02 3.27414E+01 6.25826E-01 7.27166E-02 1.75822E+01 4.71494E-01 5.18955E-02 4.67466E-03
 5.52811E-01 8.10318E-02 5.22135E-01 8.18429E-02 3.47223E+01 7.22507E-01 1.15391E-01 1.86459E+01 5.52818E-01 8.10330E-02 6.61377E-03
 6.49273E-01 1.10220E-01 6.08402E-01 1.11584E-01 3.67797E+01 8.39927E-01 1.57422E-01 1.97507E+01 6.49285E-01 1.10222E-01 9.57060E-03
 7.57036E-01 1.39642E-01 7.05423E-01 1.41006E-01 3.89176E+01 9.72259E-01 1.98792E-01 2.08987E+01 7.57056E-01 1.39646E-01 1.41943E-02
 8.79427E-01 1.69815E-01 8.15822E-01 1.70242E-01 4.11345E+01 1.12293E+00 2.39546E-01 2.20892E+01 8.79459E-01 1.69822E-01 2.16208E-02
 1.02079E+00 2.01733E-01 9.42982E-01 1.99845E-01 4.34309E+01 1.29632E+00 2.80289E-01 2.33224E+01 1.02084E+00 2.01745E-01 3.38989E-02
 1.18420E+00 2.36118E-01 1.08943E+00 2.30118E-01 4.58068E+01 1.49579E+00 3.21290E-01 2.45982E+01 1.18430E+00 2.36139E-01 5.48410E-02
 1.32635E+00 2.64371E-01 1.21642E+00 2.53944E-01 4.76975E+01 1.66857E+00 3.53108E-01 2.56136E+01 1.32651E+00 2.64404E-01 8.14278E-02
 1.36856E+00 2.73233E-01 1.25633E+00 2.61516E-01 4.82651E+01 1.72382E+00 3.63263E-01 2.59184E+01 1.36874E+00 2.73271E-01 9.17823E-02
 1.60325E+00 3.15516E-01 1.47708E+00 2.97140E-01 5.10168E+01 2.02892E+00 4.10818E-01 2.73960E+01 1.60363E+00 3.15593E-01 1.66642E-01
 1.87309E+00 3.58206E-01 1.73259E+00 3.33601E-01 5.38779E+01 2.38273E+00 4.59715E-01 2.89324E+01 1.87392E+00 3.58367E-01 3.16742E-01
 2.17260E+00 3.99405E-01 2.02025E+00 3.71363E-01 5.68522E+01 2.78271E+00 5.11504E-01 3.05296E+01 2.17460E+00 3.99774E-01 6.31821E-01
 2.50058E+00 4.37177E-01 2.34241E+00 4.09650E-01 5.99413E+01 3.23350E+00 5.65537E-01 3.21885E+01 2.50598E+00 4.38121E-01 1.32309E+00
 2.85563E+00 4.69563E-01 2.69301E+00 4.45619E-01 6.31482E+01 3.72479E+00 6.17480E-01 3.39106E+01 2.87254E+00 4.72363E-01 2.89336E+00
 3.23607E+00 4.94665E-01 3.07293E+00 4.75254E-01 6.64735E+01 4.25882E+00 6.60876E-01 3.56963E+01 3.29814E+00 5.04285E-01 6.47973E+00
 3.64205E+00 5.11945E-01 3.47526E+00 4.96262E-01 6.99174E+01 4.82314E+00 6.91836E-01 3.75456E+01 3.88520E+00 5.46791E-01 1.41314E+01
 4.07057E+00 5.22150E-01 3.89940E+00 5.08908E-01 7.34804E+01 5.41788E+00 7.10547E-01 3.94590E+01 4.88675E+00 6.29124E-01 2.73258E+01
 4.52272E+00 5.26538E-01 4.34622E+00 5.14676E-01 7.71628E+01 6.04413E+00 7.19184E-01 4.14364E+01 6.40981E+00 7.50983E-01 4.27368E+01
 4.99834E+00 5.26325E-01 4.81572E+00 5.15223E-01 8.09643E+01 6.70197E+00 7.20242E-01 4.34779E+01 7.97553E+00 8.46166E-01 5.43431E+01
 5.49660E+00 5.22400E-01 5.30709E+00 5.11757E-01 8.48847E+01 7.39028E+00 7.15543E-01 4.55831E+01 9.23665E+00 8.84415E-01 6.11720E+01
 6.01643E+00 5.15383E-01 5.81952E+00 5.05088E-01 8.89229E+01 8.10802E+00 7.06299E-01 4.77516E+01 1.02859E+01 8.87210E-01 6.54865E+01
 6.55634E+00 5.05726E-01 6.35165E+00 4.95755E-01 9.30780E+01 8.85329E+00 6.93300E-01 4.99829E+01 1.12671E+01 8.74538E-01 6.89380E+01
 7.11456E+00 4.93792E-01 6.90174E+00 4.84155E-01 9.73485E+01 9.62370E+00 6.77115E-01 5.22761E+01 1.22474E+01 8.54856E-01 7.21951E+01
 7.68906E+00 4.79908E-01 7.46783E+00 4.70622E-01 1.01733E+02 1.04165E+01 6.58219E-01 5.46305E+01 1.32472E+01 8.31061E-01 7.54661E+01
 8.27784E+00 4.64365E-01 8.04795E+00 4.55447E-01 1.06231E+02 1.12289E+01 6.37022E-01 5.70458E+01 1.42698E+01 8.04237E-01 7.88061E+01
 8.87835E+00 4.47466E-01 8.63958E+00 4.38930E-01 1.10839E+02 1.20574E+01 6.13942E-01 5.95203E+01 1.53124E+01 7.75027E-01 8.22251E+01
 4.55307E-01 5.31720E-02 4.34861E-01 5.32326E-02 2.98470E+01 6.03684E-01 7.48752E-02 1.60278E+01 4.55312E-01 5.31725E-02 4.26141E-03
 5.32425E-01 8.08882E-02 5.02607E-01 8.18319E-02 3.16057E+01 6.95375E-01 1.15426E-01 1.69723E+01 5.32432E-01 8.08894E-02 6.02014E-03
 6.23264E-01 1.08198E-01 5.83856E-01 1.09625E-01 3.34342E+01 8.05969E-01 1.54691E-01 1.79542E+01 6.23275E-01 1.08200E-01 8.70006E-03
 7.23991E-01 1.35336E-01 6.74537E-01 1.36711E-01 3.53356E+01 9.29652E-01 1.92757E-01 1.89752E+01 7.24009E-01 1.35339E-01 1.28879E-02
 8.37719E-01 1.62827E-01 7.77089E-01 1.63265E-01 3.73077E+01 1.06960E+00 2.29738E-01 2.00342E+01 8.37750E-01 1.62834E-01 1.96094E-02
 9.68375E-01 1.91601E-01 8.94562E-01 1.89820E-01 3.93503E+01 1.22976E+00 2.66234E-01 2.11311E+01 9.68427E-01 1.91612E-01 3.07139E-02
 1.11866E+00 2.22330E-01 1.02914E+00 2.16687E-01 4.14627E+01 1.41301E+00 3.02541E-01 2.22655E+01 1.11875E+00 2.22349E-01 4.96402E-02
 1.24885E+00 2.47414E-01 1.14535E+00 2.37666E-01 4.31432E+01 1.57108E+00 3.30476E-01 2.31679E+01 1.24900E+00 2.47445E-01 7.36527E-02
 1.28732E+00 2.55254E-01 1.18165E+00 2.44313E-01 4.36467E+01 1.62132E+00 3.39369E-01 2.34383E+01 1.28749E+00 2.55289E-01 8.29998E-02
 1.50088E+00 2.92474E-01 1.38227E+00 2.75431E-01 4.60870E+01 1.89847E+00 3.80801E-01 2.47487E+01 1.50123E+00 2.92545E-01 1.50540E-01
 1.74523E+00 3.29630E-01 1.61347E+00 3.06962E-01 4.86217E+01 2.21857E+00 4.22996E-01 2.61098E+01 1.74601E+00 3.29778E-01 2.85841E-01
 2.01505E+00 3.65007E-01 1.87256E+00 3.39331E-01 5.12536E+01 2.57879E+00 4.67365E-01 2.75232E+01 2.01691E+00 3.65344E-01 5.69602E-01
 2.30894E+00 3.96902E-01 2.16130E+00 3.71833E-01 5.39837E+01 2.98283E+00 5.13298E-01 2.89892E+01 2.31392E+00 3.97758E-01 1.19158E+00
 2.62538E+00 4.23623E-01 2.47386E+00 4.01921E-01 5.68137E+01 3.42086E+00 5.56889E-01 3.05090E+01 2.64090E+00 4.26148E-01 2.60312E+00
 2.96260E+00 4.43574E-01 2.81079E+00 4.26055E-01 5.97438E+01 3.89451E+00 5.92416E-01 3.20824E+01 3.01936E+00 4.52198E-01 5.82373E+00
 3.32058E+00 4.56401E-01 3.16566E+00 4.42302E-01 6.27733E+01 4.39233E+00 6.16565E-01 3.37093E+01 3.54202E+00 4.87456E-01 1.26875E+01
 3.69641E+00 4.62883E-01 3.53778E+00 4.51027E-01 6.59022E+01 4.91416E+00 6.29687E-01 3.53895E+01 4.43674E+00 5.57685E-01 2.45076E+01
 4.09091E+00 4.64232E-01 3.92773E+00 4.53658E-01 6.91300E+01 5.46075E+00 6.33874E-01 3.71228E+01 5.79589E+00 6.62055E-01 3.82878E+01
 4.50372E+00 4.61592E-01 4.33533E+00 4.51741E-01 7.24558E+01 6.03191E+00 6.31454E-01 3.89088E+01 7.18331E+00 7.42006E-01 4.86322E+01
 4.93393E+00 4.55795E-01 4.75970E+00 4.46397E-01 7.58787E+01 6.62641E+00 6.24113E-01 4.07468E+01 8.28747E+00 7.71554E-01 5.46819E+01
 5.38044E+00 4.47424E-01 5.19997E+00 4.38378E-01 7.93971E+01 7.24310E+00 6.12971E-01 4.26363E+01 9.19457E+00 7.70120E-01 5.84714E+01
 5.84178E+00 4.36900E-01 5.65476E+00 4.28182E-01 8.30096E+01 7.88010E+00 5.98759E-01 4.45761E+01 1.00348E+01 7.55421E-01 6.14808E+01
 6.31625E+00 4.24563E-01 6.12244E+00 4.16176E-01 8.67141E+01 8.53513E+00 5.82004E-01 4.65655E+01 1.08685E+01 7.34911E-01 6.43084E+01
 6.80197E+00 4.10712E-01 6.60116E+00 4.02668E-01 9.05086E+01 9.20561E+00 5.63140E-01 4.86031E+01 1.17141E+01 7.11143E-01 6.71399E+01
 7.29705E+00 3.95608E-01 7.08908E+00 3.87918E-01 9.43920E+01 9.88896E+00 5.42535E-01 5.06885E+01 1.25741E+01 6.85069E-01 7.00238E+01
 7.79925E+00 3.79522E-01 7.58398E+00 3.72194E-01 9.83609E+01 1.05821E+01 5.20563E-01 5.28198E+01 1.34461E+01 6.57263E-01 7.29685E+01
 4.40054E-01 5.47916E-02 4.19923E-01 5.50650E-02 2.72247E+01 5.82799E-01 7.75328E-02 1.46197E+01 4.40059E-01 5.47922E-02 3.88701E-03
 5.12818E-01 8.10321E-02 4.83865E-01 8.21159E-02 2.87907E+01 6.69351E-01 1.15879E-01 1.54606E+01 5.12825E-01 8.10333E-02 5.48395E-03
 5.97998E-01 1.06468E-01 5.60071E-01 1.07965E-01 3.04211E+01 7.73088E-01 1.52384E-01 1.63361E+01 5.98009E-01 1.06470E-01 7.91600E-03
 6.91812E-01 1.31386E-01 6.44530E-01 1.32778E-01 3.21178E+01 8.88286E-01 1.87233E-01 1.72472E+01 6.91829E-01 1.31389E-01 1.17142E-02
 7.97174E-01 1.56322E-01 7.39504E-01 1.56772E-01 3.38782E+01 1.01787E+00 2.20613E-01 1.81926E+01 7.97203E-01 1.56328E-01 1.78068E-02
 9.17631E-01 1.82146E-01 8.47744E-01 1.80466E-01 3.57012E+01 1.16542E+00 2.53119E-01 1.91715E+01 9.17681E-01 1.82156E-01 2.78657E-02
 1.05551E+00 2.09487E-01 9.71115E-01 2.04176E-01 3.75857E+01 1.33337E+00 2.85075E-01 2.01835E+01 1.05560E+00 2.09506E-01 4.49985E-02
 1.17450E+00 2.31663E-01 1.07722E+00 2.22540E-01 3.90841E+01 1.47765E+00 3.09446E-01 2.09881E+01 1.17464E+00 2.31692E-01 6.67232E-02
 1.20947E+00 2.38569E-01 1.11016E+00 2.28344E-01 3.95321E+01 1.52320E+00 3.17187E-01 2.12288E+01 1.20963E+00 2.38603E-01 7.51754E-02
 1.40331E+00 2.71189E-01 1.29197E+00 2.55374E-01 4.17025E+01 1.77427E+00 3.53066E-01 2.23942E+01 1.40364E+00 2.71254E-01 1.36218E-01
 1.62399E+00 3.03360E-01 1.50058E+00 2.82472E-01 4.39541E+01 2.06302E+00 3.89237E-01 2.36033E+01 1.62472E+00 3.03496E-01 2.58401E-01
 1.86635E+00 3.33543E-01 1.73323E+00 3.10033E-01 4.62889E+01 2.38645E+00 4.26992E-01 2.48571E+01 1.86807E+00 3.33851E-01 5.14427E-01
 2.12881E+00 3.60248E-01 1.99116E+00 3.37424E-01 4.87072E+01 2.74741E+00 4.65769E-01 2.61558E+01 2.13340E+00 3.61026E-01 1.07511E+00
 2.40977E+00 3.82026E-01 2.26878E+00 3.62364E-01 5.12098E+01 3.13650E+00 5.02043E-01 2.74997E+01 2.42400E+00 3.84302E-01 2.34636E+00
 2.70741E+00 3.97545E-01 2.56634E+00 3.81741E-01 5.37962E+01 3.55488E+00 5.30759E-01 2.88886E+01 2.75923E+00 4.05272E-01 5.24397E+00
 3.02156E+00 4.06611E-01 2.87788E+00 3.93941E-01 5.64655E+01 3.99196E+00 5.49107E-01 3.03219E+01 3.22284E+00 4.34268E-01 1.14125E+01
 3.34944E+00 4.10019E-01 3.20263E+00 3.99406E-01 5.92167E+01 4.44741E+00 5.57575E-01 3.17994E+01 4.01947E+00 4.93965E-01 2.20214E+01
 3.69160E+00 4.08929E-01 3.54096E+00 3.99504E-01 6.20489E+01 4.92168E+00 5.58164E-01 3.33203E+01 5.22831E+00 5.83125E-01 3.43659E+01
 4.04758E+00 4.04412E-01 3.89255E+00 3.95671E-01 6.49609E+01 5.41439E+00 5.53037E-01 3.48840E+01 6.45289E+00 6.50004E-01 4.36016E+01
 4.41641E+00 3.97241E-01 4.25647E+00 3.88943E-01 6.79510E+01 5.92424E+00 5.43744E-01 3.64897E+01 7.41464E+00 6.72341E-01 4.89688E+01
 4.79697E+00 3.87958E-01 4.63182E+00 3.80009E-01 7.10175E+01 6.45004E+00 5.31315E-01 3.81364E+01 8.19354E+00 6.67668E-01 5.23002E+01
 5.18786E+00 3.76952E-01 5.01726E+00 3.69328E-01 7.41583E+01 6.98995E+00 5.16420E-01 3.98230E+01 8.90726E+00 6.51673E-01 5.49251E+01
 5.58748E+00 3.64534E-01 5.41128E+00 3.57236E-01 7.73712E+01 7.54185E+00 4.99540E-01 4.15483E+01 9.61005E+00 6.30911E-01 5.73796E+01
 5.99412E+00 3.50975E-01 5.81217E+00 3.44008E-01 8.06538E+01 8.10338E+00 4.81067E-01 4.33111E+01 1.03181E+01 6.07622E-01 5.98296E+01
 6.40602E+00 3.36507E-01 6.21824E+00 3.29878E-01 8.40045E+01 8.67214E+00 4.61326E-01 4.51104E+01 1.10338E+01 5.82642E-01 6.23180E+01
 6.82124E+00 3.21369E-01 6.62755E+00 3.15079E-01 8.74199E+01 9.24543E+00 4.40647E-01 4.69445E+01 1.17549E+01 5.56473E-01 6.48520E+01
 4.25871E-01 5.67732E-02 4.06031E-01 5.72727E-02 2.47986E+01 5.63376E-01 8.07231E-02 1.33169E+01 4.25876E-01 5.67738E-02 3.54063E-03
 4.94148E-01 8.14687E-02 4.66060E-01 8.27021E-02 2.61966E+01 6.44644E-01 1.16760E-01 1.40676E+01 4.94154E-01 8.14699E-02 4.98983E-03
 5.73683E-01 1.05007E-01 5.37231E-01 1.06582E-01 2.76540E+01 7.41533E-01 1.50468E-01 1.48502E+01 5.73694E-01 1.05009E-01 7.19597E-03
 6.60770E-01 1.27729E-01 6.15635E-01 1.29144E-01 2.91718E+01 8.48472E-01 1.82133E-01 1.56653E+01 6.60786E-01 1.27732E-01 1.06398E-02
 7.58118E-01 1.50180E-01 7.03345E-01 1.50648E-01 3.07468E+01 9.68133E-01 2.12010E-01 1.65110E+01 7.58146E-01 1.50186E-01 1.61609E-02
 8.68914E-01 1.73181E-01 8.02838E-01 1.71602E-01 3.23771E+01 1.10373E+00 2.40694E-01 1.73865E+01 8.68961E-01 1.73191E-01 2.52711E-02
 9.95146E-01 1.97323E-01 9.15673E-01 1.92331E-01 3.40610E+01 1.25729E+00 2.68541E-01 1.82907E+01 9.95229E-01 1.97340E-01 4.07787E-02
 1.10365E+00 2.16776E-01 1.01231E+00 2.08249E-01 3.53988E+01 1.38866E+00 2.89577E-01 1.90092E+01 1.10378E+00 2.16803E-01 6.04319E-02
 1.13536E+00 2.22815E-01 1.04212E+00 2.13270E-01 3.57979E+01 1.42984E+00 2.96249E-01 1.92235E+01 1.13551E+00 2.22846E-01 6.80743E-02
 1.31088E+00 2.51181E-01 1.20646E+00 2.36520E-01 3.77296E+01 1.65666E+00 3.26995E-01 2.02608E+01 1.31119E+00 2.51241E-01 1.23241E-01
 1.50965E+00 2.78791E-01 1.39416E+00 2.59568E-01 3.97305E+01 1.91638E+00 3.57664E-01 2.13353E+01 1.51032E+00 2.78917E-01 2.33571E-01
 1.72668E+00 3.04270E-01 1.60242E+00 2.82772E-01 4.18019E+01 2.20589E+00 3.89427E-01 2.24476E+01 1.72827E+00 3.04551E-01 4.64561E-01
 1.96033E+00 3.26328E-01 1.83209E+00 3.05579E-01 4.39433E+01 2.52732E+00 4.21781E-01 2.35975E+01 1.96455E+00 3.27033E-01 9.69960E-01
 2.20888E+00 3.43739E-01 2.07779E+00 3.25957E-01 4.61548E+01 2.87172E+00 4.51565E-01 2.47851E+01 2.22192E+00 3.45787E-01 2.11475E+00
 2.47055E+00 3.55409E-01 2.33955E+00 3.41178E-01 4.84354E+01 3.23982E+00 4.74321E-01 2.60098E+01 2.51778E+00 3.62314E-01 4.72140E+00
 2.74503E+00 3.61272E-01 2.61187E+00 3.49908E-01 5.07837E+01 3.62191E+00 4.87688E-01 2.72709E+01 2.92766E+00 3.85837E-01 1.02642E+01
 3.02970E+00 3.62134E-01 2.89393E+00 3.52652E-01 5.31985E+01 4.01754E+00 4.92263E-01 2.85676E+01 3.63499E+00 4.36248E-01 1.97834E+01
 3.32492E+00 3.59094E-01 3.18595E+00 3.50708E-01 5.56784E+01 4.42694E+00 4.89948E-01 2.98993E+01 4.70720E+00 5.12002E-01 3.08376E+01
 3.63017E+00 3.53147E-01 3.48753E+00 3.45407E-01 5.82217E+01 4.84960E+00 4.82740E-01 3.12650E+01 5.78462E+00 5.67524E-01 3.90783E+01
 3.94445E+00 3.45008E-01 3.79774E+00 3.37696E-01 6.08264E+01 5.28424E+00 4.72060E-01 3.26638E+01 6.61884E+00 5.83841E-01 4.38345E+01
 4.26670E+00 3.35173E-01 4.11566E+00 3.28203E-01 6.34906E+01 5.72964E+00 4.58842E-01 3.40945E+01 7.28397E+00 5.76731E-01 4.67572E+01
 4.59558E+00 3.23996E-01 4.44008E+00 3.17345E-01 6.62120E+01 6.18410E+00 4.43695E-01 3.55559E+01 7.88625E+00 5.60031E-01 4.90398E+01
 4.92966E+00 3.11760E-01 4.76957E+00 3.05423E-01 6.89882E+01 6.64567E+00 4.27051E-01 3.70467E+01 8.47430E+00 5.39484E-01 5.11627E+01
 5.26737E+00 2.98704E-01 5.10263E+00 2.92684E-01 7.18167E+01 7.11222E+00 4.09258E-01 3.85655E+01 9.06258E+00 5.17043E-01 5.32741E+01
 5.60716E+00 2.85031E-01 5.43771E+00 2.79329E-01 7.46953E+01 7.58160E+00 3.90601E-01 4.01114E+01 9.65308E+00 4.93432E-01 5.54120E+01
 5.94733E+00 2.70946E-01 5.77318E+00 2.65561E-01 7.76209E+01 8.05151E+00 3.71363E-01 4.16824E+01 1.02440E+01 4.69085E-01 5.75827E+01
 4.12421E-01 5.91096E-02 3.92857E-01 5.98474E-02 2.25628E+01 5.44958E-01 8.44342E-02 1.21162E+01 4.12425E-01 5.91102E-02 3.22141E-03
 4.76145E-01 8.21906E-02 4.48920E-01 8.35813E-02 2.38171E+01 6.20871E-01 1.18056E-01 1.27898E+01 4.76151E-01 8.21918E-02 4.53659E-03
 5.50107E-01 1.03806E-01 5.15113E-01 1.05464E-01 2.51256E+01 7.10989E-01 1.48927E-01 1.34925E+01 5.50117E-01 1.03808E-01 6.53805E-03
 6.30690E-01 1.24350E-01 5.87660E-01 1.25794E-01 2.64884E+01 8.09938E-01 1.77433E-01 1.42243E+01 6.30706E-01 1.24354E-01 9.66105E-03
 7.20394E-01 1.44387E-01 6.68434E-01 1.44876E-01 2.79016E+01 9.20115E-01 2.03901E-01 1.49832E+01 7.20420E-01 1.44393E-01 1.46655E-02
 8.22053E-01 1.64690E-01 7.59649E-01 1.63209E-01 2.93629E+01 1.04440E+00 2.28929E-01 1.57679E+01 8.22098E-01 1.64699E-01 2.29184E-02
 9.37326E-01 1.85814E-01 8.62572E-01 1.81125E-01 3.08701E+01 1.18442E+00 2.52899E-01 1.65772E+01 9.37404E-01 1.85830E-01 3.69584E-02
 1.03600E+00 2.02724E-01 9.50350E-01 1.94760E-01 3.20659E+01 1.30369E+00 2.70824E-01 1.72194E+01 1.03613E+00 2.02749E-01 5.47420E-02
 1.06468E+00 2.07959E-01 9.77229E-01 1.99055E-01 3.24216E+01 1.34081E+00 2.76507E-01 1.74104E+01 1.06482E+00 2.07988E-01 6.16537E-02
 1.22311E+00 2.32400E-01 1.12527E+00 2.18825E-01 3.41414E+01 1.54501E+00 3.02527E-01 1.83340E+01 1.22340E+00 2.32456E-01 1.11520E-01
 1.40158E+00 2.55856E-01 1.29360E+00 2.38189E-01 3.59193E+01 1.77784E+00 3.28196E-01 1.92886E+01 1.40220E+00 2.55971E-01 2.11165E-01
 1.59525E+00 2.77103E-01 1.47935E+00 2.57479E-01 3.77556E+01 2.03602E+00 3.54575E-01 2.02748E+01 1.59671E+00 2.77358E-01 4.19593E-01
 1.80241E+00 2.95032E-01 1.68304E+00 2.76201E-01 3.96495E+01 2.32110E+00 3.81202E-01 2.12918E+01 1.80629E+00 2.95669E-01 8.75184E-01
 2.02137E+00 3.08621E-01 1.89956E+00 2.92563E-01 4.16006E+01 2.62463E+00 4.05267E-01 2.23395E+01 2.03328E+00 3.10458E-01 1.90608E+00
 2.25033E+00 3.16985E-01 2.12876E+00 3.04191E-01 4.36074E+01 2.94701E+00 4.22859E-01 2.34172E+01 2.29330E+00 3.23141E-01 4.25078E+00
 2.48894E+00 3.20169E-01 2.36560E+00 3.09991E-01 4.56684E+01 3.27936E+00 4.32011E-01 2.45239E+01 2.65430E+00 3.41929E-01 9.23028E+00
 2.73473E+00 3.18970E-01 2.60925E+00 3.10510E-01 4.77819E+01 3.62116E+00 4.33395E-01 2.56589E+01 3.28032E+00 3.84222E-01 1.77691E+01
 2.98794E+00 3.14425E-01 2.85982E+00 3.06974E-01 4.99463E+01 3.97248E+00 4.28809E-01 2.68211E+01 4.22835E+00 4.48253E-01 2.76628E+01
 3.24801E+00 3.07450E-01 3.11686E+00 3.00606E-01 5.21596E+01 4.33276E+00 4.20085E-01 2.80097E+01 5.17290E+00 4.94004E-01 3.50094E+01
 3.51398E+00 2.98700E-01 3.37947E+00 2.92266E-01 5.44199E+01 4.70075E+00 4.08514E-01 2.92235E+01 5.89312E+00 5.05385E-01 3.92176E+01
 3.78485E+00 2.88624E-01 3.64681E+00 2.82522E-01 5.67249E+01 5.07532E+00 3.94939E-01 3.04613E+01 6.45761E+00 4.96542E-01 4.17746E+01
 4.05940E+00 2.77542E-01 3.91773E+00 2.71747E-01 5.90722E+01 5.45488E+00 3.79905E-01 3.17218E+01 6.96210E+00 4.79643E-01 4.37517E+01
 4.33634E+00 2.65702E-01 4.19098E+00 2.60208E-01 6.14595E+01 5.83771E+00 3.63795E-01 3.30038E+01 7.45011E+00 4.59696E-01 4.55793E+01
 4.61432E+00 2.53315E-01 4.46524E+00 2.48120E-01 6.38842E+01 6.22194E+00 3.46911E-01 3.43058E+01 7.93452E+00 4.38392E-01 4.73897E+01
 4.89194E+00 2.40553E-01 4.73914E+00 2.35655E-01 6.63440E+01 6.60565E+00 3.29497E-01 3.56267E+01 8.41711E+00 4.16354E-01 4.92166E+01
 5.16781E+00 2.27590E-01 5.01130E+00 2.22986E-01 6.88358E+01 6.98694E+00 3.11794E-01 3.69648E+01 8.89643E+00 3.93948E-01 5.10655E+01
 4.00322E-01 6.17688E-02 3.80999E-01 6.27550E-02 2.04905E+01 5.28374E-01 8.86174E-02 1.10034E+01 4.00326E-01 6.17695E-02 2.92554E-03
 4.59530E-01 8.31534E-02 4.33119E-01 8.47067E-02 2.16234E+01 5.98963E-01 1.19700E-01 1.16117E+01 4.59536E-01 8.31546E-02 4.11874E-03
 5.28158E-01 1.02810E-01 4.94535E-01 1.04554E-01 2.28045E+01 6.82576E-01 1.47680E-01 1.22460E+01 5.28168E-01 1.02812E-01 5.93405E-03
 6.02663E-01 1.21187E-01 5.61599E-01 1.22663E-01 2.40330E+01 7.74041E-01 1.73042E-01 1.29057E+01 6.02678E-01 1.21191E-01 8.76552E-03
 6.85328E-01 1.38868E-01 6.35970E-01 1.39381E-01 2.53050E+01 8.75458E-01 1.96184E-01 1.35888E+01 6.85353E-01 1.38874E-01 1.33007E-02
 7.78665E-01 1.56591E-01 7.19624E-01 1.55207E-01 2.66175E+01 9.89399E-01 2.17714E-01 1.42936E+01 7.78707E-01 1.56600E-01 2.07756E-02
 8.83993E-01 1.74879E-01 8.13529E-01 1.70477E-01 2.79683E+01 1.11709E+00 2.38037E-01 1.50190E+01 8.84066E-01 1.74894E-01 3.34843E-02
 9.73766E-01 1.89424E-01 8.93260E-01 1.81989E-01 2.90379E+01 1.22538E+00 2.53069E-01 1.55933E+01 9.73883E-01 1.89448E-01 4.95726E-02
 9.99702E-01 1.93916E-01 9.17504E-01 1.85615E-01 2.93548E+01 1.25882E+00 2.57838E-01 1.57635E+01 9.99836E-01 1.93943E-01 5.58219E-02
 1.14274E+00 2.14753E-01 1.05087E+00 2.02192E-01 3.08856E+01 1.44267E+00 2.79524E-01 1.65856E+01 1.14301E+00 2.14805E-01 1.00886E-01
 1.30295E+00 2.34438E-01 1.20181E+00 2.18216E-01 3.24638E+01 1.65139E+00 3.00661E-01 1.74330E+01 1.30353E+00 2.34544E-01 1.90851E-01
 1.47572E+00 2.51899E-01 1.36749E+00 2.34012E-01 3.40893E+01 1.88164E+00 3.22239E-01 1.83060E+01 1.47708E+00 2.52131E-01 3.78848E-01
 1.65927E+00 2.66186E-01 1.54800E+00 2.49129E-01 3.57610E+01 2.13431E+00 3.43812E-01 1.92037E+01 1.66284E+00 2.66760E-01 7.89353E-01
 1.85193E+00 2.76455E-01 1.73860E+00 2.61987E-01 3.74780E+01 2.40153E+00 3.62877E-01 2.01257E+01 1.86284E+00 2.78100E-01 1.71719E+00
 2.05198E+00 2.82010E-01 1.93900E+00 2.70531E-01 3.92387E+01 2.68346E+00 3.76030E-01 2.10712E+01 2.09111E+00 2.87485E-01 3.82493E+00
 2.25903E+00 2.82983E-01 2.14462E+00 2.73885E-01 4.10413E+01 2.97204E+00 3.81653E-01 2.20392E+01 2.40891E+00 3.02208E-01 8.29508E+00
 2.47080E+00 2.80156E-01 2.35465E+00 2.72621E-01 4.28841E+01 3.26671E+00 3.80470E-01 2.30288E+01 2.96301E+00 3.37440E-01 1.59477E+01
 2.68744E+00 2.74495E-01 2.56912E+00 2.67886E-01 4.47653E+01 3.56746E+00 3.74166E-01 2.40389E+01 3.80142E+00 3.91271E-01 2.47933E+01
 2.90838E+00 2.66841E-01 2.78759E+00 2.60797E-01 4.66828E+01 3.87371E+00 3.64413E-01 2.50687E+01 4.62938E+00 4.28673E-01 3.13334E+01
 3.13274E+00 2.57783E-01 3.00921E+00 2.52129E-01 4.86347E+01 4.18430E+00 3.52373E-01 2.61168E+01 5.25054E+00 4.36065E-01 3.50485E+01
 3.35960E+00 2.47725E-01 3.23321E+00 2.42389E-01 5.06185E+01 4.49818E+00 3.38799E-01 2.71821E+01 5.72848E+00 4.26089E-01 3.72776E+01
 3.58787E+00 2.36948E-01 3.45857E+00 2.31906E-01 5.26321E+01 4.81395E+00 3.24171E-01 2.82635E+01 6.14957E+00 4.09401E-01 3.89819E+01
 3.81643E+00 2.25670E-01 3.68419E+00 2.20913E-01 5.46731E+01 5.13008E+00 3.08822E-01 2.93594E+01 6.55282E+00 3.90351E-01 4.05463E+01
 4.04411E+00 2.14071E-01 3.90894E+00 2.09594E-01 5.67388E+01 5.44499E+00 2.93012E-01 3.04688E+01 6.94978E+00 3.70394E-01 4.20893E+01
 4.26972E+00 2.02294E-01 4.13163E+00 1.98093E-01 5.88272E+01 5.75703E+00 2.76944E-01 3.15902E+01 7.34208E+00 3.50057E-01 4.36404E+01
 4.49211E+00 1.90484E-01 4.35116E+00 1.86552E-01 6.09352E+01 6.06462E+00 2.60819E-01 3.27222E+01 7.72861E+00 3.29645E-01 4.52045E+01
 3.89032E-01 6.47046E-02 3.69937E-01 6.59467E-02 1.85770E+01 5.12907E-01 9.32028E-02 9.97583E+00 3.89036E-01 6.47053E-02 2.65233E-03
 4.43954E-01 8.42926E-02 4.18309E-01 8.60112E-02 1.96088E+01 5.78429E-01 1.21598E-01 1.05299E+01 4.43960E-01 8.42938E-02 3.73501E-03
 5.07571E-01 1.01946E-01 4.75225E-01 1.03777E-01 2.06816E+01 6.55908E-01 1.46621E-01 1.11060E+01 5.07580E-01 1.01948E-01 5.38166E-03
 5.76395E-01 1.18166E-01 5.37158E-01 1.19675E-01 2.17943E+01 7.40370E-01 1.68853E-01 1.17036E+01 5.76409E-01 1.18169E-01 7.94901E-03
 6.52481E-01 1.33550E-01 6.05542E-01 1.34092E-01 2.29429E+01 8.33593E-01 1.88756E-01 1.23203E+01 6.52505E-01 1.33556E-01 1.20591E-02
 7.38057E-01 1.48806E-01 6.82145E-01 1.47523E-01 2.41242E+01 9.37890E-01 2.06948E-01 1.29547E+01 7.38097E-01 1.48814E-01 1.88295E-02
 8.34152E-01 1.64436E-01 7.67667E-01 1.60317E-01 2.53358E+01 1.05412E+00 2.23858E-01 1.36053E+01 8.34221E-01 1.64450E-01 3.03327E-02
 9.15671E-01 1.76799E-01 8.39928E-01 1.69872E-01 2.62927E+01 1.15220E+00 2.36224E-01 1.41192E+01 9.15781E-01 1.76821E-01 4.48862E-02
 9.39080E-01 1.80612E-01 8.61740E-01 1.72887E-01 2.65751E+01 1.18226E+00 2.40159E-01 1.42708E+01 9.39206E-01 1.80638E-01 5.05359E-02
 1.06787E+00 1.98177E-01 9.81532E-01 1.86565E-01 2.79366E+01 1.34728E+00 2.57912E-01 1.50020E+01 1.06813E+00 1.98225E-01 9.12528E-02
 1.21120E+00 2.14479E-01 1.11639E+00 1.99593E-01 2.93355E+01 1.53367E+00 2.74984E-01 1.57531E+01 1.21174E+00 2.14575E-01 1.72460E-01
 1.36473E+00 2.28588E-01 1.26357E+00 2.12294E-01 3.07715E+01 1.73822E+00 2.92307E-01 1.65243E+01 1.36598E+00 2.28799E-01 3.41975E-01
 1.52664E+00 2.39713E-01 1.42289E+00 2.24281E-01 3.22432E+01 1.96126E+00 3.09491E-01 1.73146E+01 1.52992E+00 2.40230E-01 7.11705E-01
 1.69529E+00 2.47159E-01 1.58985E+00 2.34143E-01 3.37496E+01 2.19537E+00 3.24278E-01 1.81235E+01 1.70526E+00 2.48629E-01 1.54636E+00
 1.86904E+00 2.50384E-01 1.76405E+00 2.40102E-01 3.52889E+01 2.44051E+00 3.33699E-01 1.89501E+01 1.90463E+00 2.55243E-01 3.43990E+00
 2.04751E+00 2.49592E-01 1.94140E+00 2.41470E-01 3.68593E+01 2.68945E+00 3.36446E-01 1.97934E+01 2.18315E+00 2.66540E-01 7.44983E+00
 2.22863E+00 2.45540E-01 2.12113E+00 2.38835E-01 3.84591E+01 2.94165E+00 3.33280E-01 2.06525E+01 2.67188E+00 2.95720E-01 1.43021E+01
 2.41247E+00 2.39122E-01 2.30324E+00 2.33264E-01 4.00864E+01 3.19705E+00 3.25768E-01 2.15264E+01 3.41081E+00 3.40794E-01 2.22020E+01
 2.59850E+00 2.31100E-01 2.48729E+00 2.25765E-01 4.17393E+01 3.45510E+00 3.15424E-01 2.24140E+01 4.13357E+00 3.71178E-01 2.80154E+01
 2.78593E+00 2.22001E-01 2.67254E+00 2.17034E-01 4.34157E+01 3.71475E+00 3.03287E-01 2.33142E+01 4.66613E+00 3.75449E-01 3.12875E+01
 2.97393E+00 2.12181E-01 2.85827E+00 2.07517E-01 4.51135E+01 3.97506E+00 2.90019E-01 2.42259E+01 5.06738E+00 3.64866E-01 3.32234E+01
 3.16158E+00 2.01886E-01 3.04362E+00 1.97499E-01 4.68303E+01 4.23481E+00 2.76038E-01 2.51479E+01 5.41515E+00 3.48735E-01 3.46848E+01
 3.34789E+00 1.91300E-01 3.22766E+00 1.87180E-01 4.85640E+01 4.49271E+00 2.61630E-01 2.60789E+01 5.74437E+00 3.30816E-01 3.60158E+01
 3.53191E+00 1.80572E-01 3.40942E+00 1.76713E-01 5.03123E+01 4.74744E+00 2.47012E-01 2.70177E+01 6.06540E+00 3.12356E-01 3.73220E+01
 3.71262E+00 1.69823E-01 3.58792E+00 1.66217E-01 5.20728E+01 4.99759E+00 2.32350E-01 2.79631E+01 6.37977E+00 2.93794E-01 3.86297E+01
 3.88913E+00 1.59167E-01 3.76228E+00 1.55807E-01 5.38430E+01 5.24194E+00 2.17806E-01 2.89137E+01 6.68666E+00 2.75379E-01 3.99432E+01
 3.77051E-01 6.78522E-02 3.58227E-01 6.93514E-02 1.68487E+01 4.96545E-01 9.80882E-02 9.04773E+00 3.77054E-01 6.78530E-02 2.40557E-03
 4.27768E-01 8.55409E-02 4.02927E-01 8.74217E-02 1.77952E+01 5.57107E-01 1.23643E-01 9.55604E+00 4.27773E-01 8.55422E-02 3.38957E-03
 4.86449E-01 1.01155E-01 4.55417E-01 1.03069E-01 1.87748E+01 6.28556E-01 1.45658E-01 1.00821E+01 4.86458E-01 1.01157E-01 4.88548E-03
 5.49672E-01 1.15242E-01 5.12304E-01 1.16782E-01 1.97863E+01 7.06134E-01 1.64797E-01 1.06252E+01 5.49686E-01 1.15245E-01 7.21660E-03
 6.19254E-01 1.28410E-01 5.74784E-01 1.28979E-01 2.08258E+01 7.91285E-01 1.81578E-01 1.11834E+01 6.19277E-01 1.28415E-01 1.09463E-02
 6.97143E-01 1.41331E-01 6.44437E-01 1.40149E-01 2.18903E+01 8.86089E-01 1.96619E-01 1.17551E+01 6.97181E-01 1.41339E-01 1.70859E-02
 7.84106E-01 1.54484E-01 7.21708E-01 1.50647E-01 2.29776E+01 9.91051E-01 2.10367E-01 1.23390E+01 7.84172E-01 1.54497E-01 2.75094E-02
 8.57521E-01 1.64842E-01 7.86660E-01 1.58412E-01 2.38334E+01 1.07916E+00 2.20299E-01 1.27985E+01 8.57623E-01 1.64863E-01 4.06877E-02
 8.78455E-01 1.68040E-01 8.06086E-01 1.60874E-01 2.40848E+01 1.10590E+00 2.23481E-01 1.29335E+01 8.78572E-01 1.68063E-01 4.58003E-02
 9.93328E-01 1.82665E-01 9.12570E-01 1.71957E-01 2.52944E+01 1.25243E+00 2.37715E-01 1.35831E+01 9.93562E-01 1.82709E-01 8.26221E-02
 1.12026E+00 1.95984E-01 1.03173E+00 1.82347E-01 2.65322E+01 1.41702E+00 2.51210E-01 1.42478E+01 1.12076E+00 1.96072E-01 1.55980E-01
 1.25518E+00 2.07187E-01 1.16094E+00 1.92352E-01 2.77980E+01 1.59655E+00 2.64823E-01 1.49275E+01 1.25633E+00 2.07378E-01 3.08930E-01
 1.39633E+00 2.15621E-01 1.29989E+00 2.01652E-01 2.90901E+01 1.79109E+00 2.78228E-01 1.56214E+01 1.39932E+00 2.16086E-01 6.42106E-01
 1.54210E+00 2.20730E-01 1.44432E+00 2.09011E-01 3.04075E+01 1.99366E+00 2.89433E-01 1.63288E+01 1.55116E+00 2.22043E-01 1.39323E+00
 1.69095E+00 2.22097E-01 1.59374E+00 2.12878E-01 3.17484E+01 2.20399E+00 2.95824E-01 1.70489E+01 1.72310E+00 2.26404E-01 3.09478E+00
 1.84252E+00 2.19967E-01 1.74448E+00 2.12711E-01 3.31110E+01 2.41563E+00 2.96335E-01 1.77806E+01 1.96436E+00 2.34895E-01 6.69225E+00
 1.99494E+00 2.15066E-01 1.89586E+00 2.09094E-01 3.44938E+01 2.62809E+00 2.91739E-01 1.85232E+01 2.39097E+00 2.58992E-01 1.28275E+01
 2.14828E+00 2.08215E-01 2.04785E+00 2.03014E-01 3.58949E+01 2.84130E+00 2.83484E-01 1.92755E+01 3.03557E+00 2.96691E-01 1.98804E+01
 2.30206E+00 2.00098E-01 2.20010E+00 1.95382E-01 3.73124E+01 3.05479E+00 2.72936E-01 2.00367E+01 3.65932E+00 3.21308E-01 2.50440E+01
 2.45558E+00 1.91183E-01 2.35194E+00 1.86811E-01 3.87443E+01 3.26765E+00 2.61016E-01 2.08057E+01 4.10954E+00 3.23246E-01 2.79210E+01
 2.60815E+00 1.81781E-01 2.50277E+00 1.77693E-01 4.01888E+01 3.47908E+00 2.48303E-01 2.15814E+01 4.44046E+00 3.12504E-01 2.95967E+01
 2.75898E+00 1.72099E-01 2.65187E+00 1.68272E-01 4.16436E+01 3.68807E+00 2.35155E-01 2.23626E+01 4.72167E+00 2.97200E-01 3.08432E+01
 2.90728E+00 1.62294E-01 2.79846E+00 1.58715E-01 4.31068E+01 3.89355E+00 2.21811E-01 2.31483E+01 4.98422E+00 2.80578E-01 3.19686E+01
 3.05226E+00 1.52487E-01 2.94179E+00 1.49148E-01 4.45762E+01 4.09446E+00 2.08451E-01 2.39374E+01 5.23736E+00 2.63698E-01 3.30669E+01
 3.19311E+00 1.42772E-01 3.08104E+00 1.39666E-01 4.60496E+01 4.28965E+00 1.95205E-01 2.47286E+01 5.48251E+00 2.46926E-01 3.41614E+01
 3.32915E+00 1.33241E-01 3.21555E+00 1.30357E-01 4.75249E+01 4.47822E+00 1.82201E-01 2.55209E+01 5.71917E+00 2.30457E-01 3.52561E+01
 3.66277E-01 7.11594E-02 3.47677E-01 7.29091E-02 1.52801E+01 4.81796E-01 1.03186E-01 8.20541E+00 3.66281E-01 7.11602E-02 2.18162E-03
 4.13107E-01 8.68313E-02 3.88979E-01 8.88640E-02 1.61494E+01 5.37766E-01 1.25729E-01 8.67220E+00 4.13113E-01 8.68325E-02 3.07607E-03
 4.67252E-01 1.00357E-01 4.37391E-01 1.02344E-01 1.70432E+01 6.03656E-01 1.44667E-01 9.15219E+00 4.67260E-01 1.00359E-01 4.43488E-03
 5.25371E-01 1.12320E-01 4.89669E-01 1.13883E-01 1.79606E+01 6.74941E-01 1.60730E-01 9.64487E+00 5.25384E-01 1.12323E-01 6.55075E-03
 5.89062E-01 1.23332E-01 5.46781E-01 1.23924E-01 1.88985E+01 7.52742E-01 1.74480E-01 1.01485E+01 5.89084E-01 1.23336E-01 9.93328E-03
 6.60042E-01 1.34029E-01 6.10174E-01 1.32946E-01 1.98538E+01 8.38992E-01 1.86527E-01 1.06615E+01 6.60078E-01 1.34037E-01 1.54964E-02
 7.38831E-01 1.44864E-01 6.80046E-01 1.41298E-01 2.08248E+01 9.33844E-01 1.97326E-01 1.11829E+01 7.38892E-01 1.44876E-01 2.49320E-02
 8.05009E-01 1.53363E-01 7.38471E-01 1.47412E-01 2.15859E+01 1.01304E+00 2.05014E-01 1.15917E+01 8.05105E-01 1.53382E-01 3.68509E-02
 8.23753E-01 1.55993E-01 7.55797E-01 1.49369E-01 2.18084E+01 1.03687E+00 2.07509E-01 1.17111E+01 8.23863E-01 1.56015E-01 4.14714E-02
 9.26391E-01 1.67930E-01 8.50639E-01 1.58092E-01 2.28763E+01 1.16726E+00 2.18551E-01 1.22846E+01 9.26609E-01 1.67971E-01 7.47237E-02
 1.03911E+00 1.78572E-01 9.56218E-01 1.66125E-01 2.39642E+01 1.31300E+00 2.28853E-01 1.28688E+01 1.03957E+00 1.78652E-01 1.40883E-01
 1.15811E+00 1.87220E-01 1.07008E+00 1.73759E-01 2.50717E+01 1.47115E+00 2.39201E-01 1.34635E+01 1.15917E+00 1.87392E-01 2.78631E-01
 1.28170E+00 1.93334E-01 1.19174E+00 1.80722E-01 2.61973E+01 1.64147E+00 2.49315E-01 1.40680E+01 1.28445E+00 1.93751E-01 5.78253E-01
 1.40842E+00 1.96479E-01 1.31733E+00 1.85941E-01 2.73398E+01 1.81765E+00 2.57443E-01 1.46815E+01 1.41668E+00 1.97647E-01 1.25267E+00
 1.53686E+00 1.96345E-01 1.44640E+00 1.88084E-01 2.84976E+01 1.99937E+00 2.61325E-01 1.53032E+01 1.56603E+00 2.00150E-01 2.77790E+00
 1.66670E+00 1.93205E-01 1.57562E+00 1.86722E-01 2.96692E+01 2.18084E+00 2.60086E-01 1.59323E+01 1.77671E+00 2.06307E-01 5.99659E+00
 1.79630E+00 1.87736E-01 1.70441E+00 1.82417E-01 3.08529E+01 2.36164E+00 2.54477E-01 1.65680E+01 2.15219E+00 2.26052E-01 1.14735E+01
 1.92571E+00 1.80687E-01 1.83278E+00 1.76072E-01 3.20470E+01 2.54174E+00 2.45823E-01 1.72093E+01 2.71949E+00 2.57410E-01 1.77493E+01
 2.05456E+00 1.72668E-01 1.96043E+00 1.68500E-01 3.32500E+01 2.72077E+00 2.35345E-01 1.78552E+01 3.26346E+00 2.77186E-01 2.23173E+01
 2.18226E+00 1.64090E-01 2.08681E+00 1.60242E-01 3.44599E+01 2.89797E+00 2.23856E-01 1.85049E+01 3.64915E+00 2.77352E-01 2.48335E+01
 2.30824E+00 1.55218E-01 2.21143E+00 1.51636E-01 3.56749E+01 3.07270E+00 2.11857E-01 1.91574E+01 3.92657E+00 2.66755E-01 2.62725E+01
 2.43185E+00 1.46228E-01 2.33371E+00 1.42889E-01 3.68933E+01 3.24413E+00 1.99649E-01 1.98117E+01 4.15834E+00 2.52441E-01 2.73249E+01
 2.55245E+00 1.37247E-01 2.45302E+00 1.34138E-01 3.81130E+01 3.41140E+00 1.87432E-01 2.04667E+01 4.37225E+00 2.37199E-01 2.82652E+01
 2.66944E+00 1.28371E-01 2.56876E+00 1.25483E-01 3.93324E+01 3.57367E+00 1.75345E-01 2.11215E+01 4.57667E+00 2.21922E-01 2.91771E+01
 2.78214E+00 1.19674E-01 2.68029E+00 1.16996E-01 4.05493E+01 3.73005E+00 1.63492E-01 2.17750E+01 4.77294E+00 2.06907E-01 3.00811E+01
 2.89007E+00 1.11222E-01 2.78712E+00 1.08746E-01 4.17619E+01 3.87984E+00 1.51967E-01 2.24262E+01 4.96080E+00 1.92308E-01 3.09809E+01
 3.57374E-01 7.44351E-02 3.38907E-01 7.64203E-02 1.38611E+01 4.69514E-01 1.08213E-01 7.44342E+00 3.57378E-01 7.44359E-02 1.97902E-03
 4.00769E-01 8.79833E-02 3.77211E-01 9.01524E-02 1.46576E+01 5.21435E-01 1.27592E-01 7.87114E+00 4.00775E-01 8.79846E-02 2.79193E-03
 4.50954E-01 9.93827E-02 4.22064E-01 1.01431E-01 1.54707E+01 5.82474E-01 1.43405E-01 8.30777E+00 4.50962E-01 9.93847E-02 4.02570E-03
 5.04686E-01 1.09240E-01 4.70369E-01 1.10818E-01 1.62999E+01 6.48330E-01 1.56427E-01 8.75303E+00 5.04699E-01 1.09243E-01 5.94502E-03
 5.63343E-01 1.18162E-01 5.22853E-01 1.18775E-01 1.71424E+01 7.19778E-01 1.67246E-01 9.20545E+00 5.63364E-01 1.18167E-01 9.01025E-03
 6.28486E-01 1.26747E-01 5.80949E-01 1.25758E-01 1.79957E+01 7.98786E-01 1.76456E-01 9.66369E+00 6.28520E-01 1.26754E-01 1.40461E-02
 7.00369E-01 1.35414E-01 6.44542E-01 1.32113E-01 1.88584E+01 8.85048E-01 1.84511E-01 1.01270E+01 7.00428E-01 1.35426E-01 2.25778E-02
 7.60445E-01 1.42198E-01 6.97440E-01 1.36709E-01 1.95318E+01 9.56695E-01 1.90140E-01 1.04886E+01 7.60535E-01 1.42216E-01 3.33440E-02
 7.77374E-01 1.44309E-01 7.13036E-01 1.38204E-01 1.97275E+01 9.78117E-01 1.92008E-01 1.05936E+01 7.77478E-01 1.44329E-01 3.75143E-02
 8.69820E-01 1.53799E-01 7.98241E-01 1.44789E-01 2.06648E+01 1.09517E+00 2.00160E-01 1.10970E+01 8.70024E-01 1.53836E-01 6.74999E-02
 9.70698E-01 1.62031E-01 8.92589E-01 1.50709E-01 2.16150E+01 1.22535E+00 2.07604E-01 1.16072E+01 9.71129E-01 1.62104E-01 1.27072E-01
 1.07652E+00 1.68406E-01 9.93795E-01 1.56239E-01 2.25776E+01 1.36590E+00 2.15059E-01 1.21242E+01 1.07751E+00 1.68561E-01 2.50914E-01
 1.18567E+00 1.72494E-01 1.10127E+00 1.61156E-01 2.35515E+01 1.51639E+00 2.22288E-01 1.26471E+01 1.18821E+00 1.72865E-01 5.19852E-01
 1.29685E+00 1.73961E-01 1.21152E+00 1.64531E-01 2.45353E+01 1.67105E+00 2.27760E-01 1.31754E+01 1.30445E+00 1.74994E-01 1.12417E+00
 1.40876E+00 1.72585E-01 1.32406E+00 1.65219E-01 2.55276E+01 1.82953E+00 2.29513E-01 1.37083E+01 1.43545E+00 1.75928E-01 2.48838E+00
 1.52117E+00 1.68658E-01 1.43599E+00 1.62893E-01 2.65270E+01 1.98676E+00 2.26852E-01 1.42450E+01 1.62140E+00 1.80087E-01 5.36151E+00
 1.63262E+00 1.62810E-01 1.54683E+00 1.58093E-01 2.75320E+01 2.14238E+00 2.20502E-01 1.47847E+01 1.95550E+00 1.96012E-01 1.02386E+01
 1.74322E+00 1.55714E-01 1.65660E+00 1.51635E-01 2.85412E+01 2.29641E+00 2.11665E-01 1.53266E+01 2.46041E+00 2.21778E-01 1.58076E+01
 1.85263E+00 1.47909E-01 1.76507E+00 1.44239E-01 2.95530E+01 2.44856E+00 2.01421E-01 1.58700E+01 2.94061E+00 2.37362E-01 1.98359E+01
 1.96038E+00 1.39749E-01 1.87178E+00 1.36377E-01 3.05659E+01 2.59822E+00 1.90479E-01 1.64139E+01 3.27558E+00 2.36125E-01 2.20272E+01
 2.06601E+00 1.31460E-01 1.97635E+00 1.28335E-01 3.15781E+01 2.74486E+00 1.79265E-01 1.69574E+01 3.51172E+00 2.25840E-01 2.32554E+01
 2.16901E+00 1.23185E-01 2.07831E+00 1.20285E-01 3.25881E+01 2.88784E+00 1.68032E-01 1.74998E+01 3.70593E+00 2.12579E-01 2.41363E+01
 2.26886E+00 1.15025E-01 2.17717E+00 1.12336E-01 3.35942E+01 3.02647E+00 1.56935E-01 1.80401E+01 3.88337E+00 1.98715E-01 2.49139E+01
 2.36509E+00 1.07054E-01 2.27247E+00 1.04566E-01 3.45948E+01 3.16011E+00 1.46086E-01 1.85774E+01 4.05166E+00 1.84996E-01 2.56627E+01
 2.45719E+00 9.93249E-02 2.36369E+00 9.70277E-02 3.55882E+01 3.28805E+00 1.35559E-01 1.91109E+01 4.21213E+00 1.71655E-01 2.64007E+01
 2.54478E+00 9.18862E-02 2.45048E+00 8.97699E-02 3.65727E+01 3.40978E+00 1.25422E-01 1.96396E+01 4.36469E+00 1.58809E-01 2.71313E+01
 3.47763E-01 7.75564E-02 3.29386E-01 7.97481E-02 1.26127E+01 4.56161E-01 1.12971E-01 6.77303E+00 3.47767E-01 7.75572E-02 1.80078E-03
 3.87699E-01 8.89011E-02 3.64689E-01 9.11800E-02 1.33405E+01 5.04037E-01 1.29079E-01 7.16384E+00 3.87704E-01 8.89024E-02 2.54105E-03
 4.33847E-01 9.81616E-02 4.05947E-01 1.00249E-01 1.40778E+01 5.60188E-01 1.41758E-01 7.55979E+00 4.33855E-01 9.81635E-02 3.66325E-03
 4.83101E-01 1.05954E-01 4.50222E-01 1.07534E-01 1.48247E+01 6.20549E-01 1.51809E-01 7.96084E+00 4.83113E-01 1.05957E-01 5.40697E-03
 5.36648E-01 1.12873E-01 4.98076E-01 1.13498E-01 1.55788E+01 6.85670E-01 1.59831E-01 8.36581E+00 5.36668E-01 1.12877E-01 8.18842E-03
 5.95797E-01 1.19471E-01 5.50723E-01 1.18575E-01 1.63381E+01 7.57222E-01 1.66391E-01 8.77355E+00 5.95829E-01 1.19478E-01 1.27523E-02
 6.60652E-01 1.26136E-01 6.07953E-01 1.23095E-01 1.71014E+01 8.34790E-01 1.71929E-01 9.18347E+00 6.60707E-01 1.26147E-01 2.04743E-02
 7.14533E-01 1.31355E-01 6.55263E-01 1.26315E-01 1.76945E+01 8.98812E-01 1.75697E-01 9.50196E+00 7.14618E-01 1.31371E-01 3.02076E-02
 7.29617E-01 1.32996E-01 6.69098E-01 1.27395E-01 1.78660E+01 9.17790E-01 1.77002E-01 9.59402E+00 7.29715E-01 1.33014E-01 3.39744E-02
 8.11709E-01 1.40286E-01 7.44484E-01 1.32070E-01 1.86848E+01 1.02124E+00 1.82578E-01 1.00338E+01 8.11900E-01 1.40319E-01 6.10326E-02
 9.00631E-01 1.46388E-01 8.27443E-01 1.36133E-01 1.95107E+01 1.13562E+00 1.87514E-01 1.04772E+01 9.01031E-01 1.46454E-01 1.14701E-01
 9.93195E-01 1.50795E-01 9.15881E-01 1.39842E-01 2.03432E+01 1.25840E+00 1.92465E-01 1.09243E+01 9.94103E-01 1.50934E-01 2.26082E-01
 1.08787E+00 1.53166E-01 1.00911E+00 1.43012E-01 2.11811E+01 1.38894E+00 1.97226E-01 1.13743E+01 1.09019E+00 1.53496E-01 4.67531E-01
 1.18349E+00 1.53255E-01 1.10398E+00 1.44845E-01 2.20233E+01 1.52205E+00 2.00468E-01 1.18265E+01 1.19041E+00 1.54165E-01 1.00908E+00
 1.27889E+00 1.50914E-01 1.20003E+00 1.44364E-01 2.28686E+01 1.65736E+00 2.00500E-01 1.22804E+01 1.30307E+00 1.53834E-01 2.22919E+00
 1.37390E+00 1.46439E-01 1.29473E+00 1.41325E-01 2.37156E+01 1.79040E+00 1.96773E-01 1.27353E+01 1.46424E+00 1.56352E-01 4.79328E+00
 1.46725E+00 1.40408E-01 1.38765E+00 1.36234E-01 2.45631E+01 1.92090E+00 1.89972E-01 1.31904E+01 1.75677E+00 1.69013E-01 9.13450E+00
 1.55905E+00 1.33421E-01 1.47885E+00 1.29823E-01 2.54098E+01 2.04892E+00 1.81177E-01 1.36451E+01 2.19898E+00 1.89970E-01 1.40733E+01
 1.64906E+00 1.25948E-01 1.56816E+00 1.22724E-01 2.62544E+01 2.17423E+00 1.71337E-01 1.40986E+01 2.61518E+00 2.02042E-01 1.76219E+01
 1.73688E+00 1.18292E-01 1.65522E+00 1.15341E-01 2.70954E+01 2.29635E+00 1.61061E-01 1.45502E+01 2.89932E+00 1.99785E-01 1.95262E+01
 1.82215E+00 1.10638E-01 1.73973E+00 1.07917E-01 2.79314E+01 2.41490E+00 1.50708E-01 1.49991E+01 3.09412E+00 1.89985E-01 2.05698E+01
 1.90448E+00 1.03104E-01 1.82133E+00 1.00589E-01 2.87610E+01 2.52936E+00 1.40483E-01 1.54447E+01 3.25067E+00 1.77843E-01 2.13018E+01
 1.98348E+00 9.57632E-02 1.89964E+00 9.34415E-02 2.95829E+01 2.63922E+00 1.30507E-01 1.58860E+01 3.39146E+00 1.65361E-01 2.19391E+01
 2.05879E+00 8.86713E-02 1.97433E+00 8.65319E-02 3.03957E+01 2.74400E+00 1.20860E-01 1.63225E+01 3.52333E+00 1.53155E-01 2.25477E+01
 2.13003E+00 8.18638E-02 2.04500E+00 7.98964E-02 3.11978E+01 2.84315E+00 1.11596E-01 1.67532E+01 3.64758E+00 1.41409E-01 2.31438E+01
 2.19694E+00 7.53729E-02 2.11141E+00 7.35673E-02 3.19880E+01 2.93635E+00 1.02758E-01 1.71775E+01 3.76422E+00 1.30203E-01 2.37301E+01
 3.39400E-01 8.03769E-02 3.20960E-01 8.27320E-02 1.14981E+01 4.44289E-01 1.17229E-01 6.17448E+00 3.39403E-01 8.03777E-02 1.64164E-03
 3.76111E-01 8.94776E-02 3.53478E-01 9.18286E-02 1.21593E+01 4.88417E-01 1.30018E-01 6.52956E+00 3.76116E-01 8.94789E-02 2.31606E-03
 4.18511E-01 9.66198E-02 3.91420E-01 9.87172E-02 1.28243E+01 5.40070E-01 1.39608E-01 6.88664E+00 4.18519E-01 9.66217E-02 3.33706E-03
 4.63655E-01 1.02416E-01 4.32010E-01 1.03978E-01 1.34933E+01 5.95410E-01 1.46801E-01 7.24588E+00 4.63666E-01 1.02418E-01 4.92137E-03
 5.12560E-01 1.07436E-01 4.75684E-01 1.08064E-01 1.41645E+01 6.54830E-01 1.52191E-01 7.60634E+00 5.12579E-01 1.07441E-01 7.44505E-03
 5.66255E-01 1.12191E-01 5.23359E-01 1.11381E-01 1.48363E+01 7.19573E-01 1.56308E-01 7.96707E+00 5.66286E-01 1.12197E-01 1.15801E-02
 6.24755E-01 1.17027E-01 5.74834E-01 1.14238E-01 1.55077E+01 7.89278E-01 1.59571E-01 8.32763E+00 6.24807E-01 1.17038E-01 1.85662E-02
 6.73045E-01 1.20834E-01 6.17097E-01 1.16230E-01 1.60269E+01 8.46410E-01 1.61680E-01 8.60645E+00 6.73126E-01 1.20850E-01 2.73607E-02
 6.86488E-01 1.22055E-01 6.29374E-01 1.16941E-01 1.61761E+01 8.63230E-01 1.62487E-01 8.68658E+00 6.86580E-01 1.22072E-01 3.07610E-02
 7.59330E-01 1.27394E-01 6.96020E-01 1.19935E-01 1.68869E+01 9.54582E-01 1.65804E-01 9.06826E+00 7.59508E-01 1.27424E-01 5.51598E-02
 8.37604E-01 1.31639E-01 7.68856E-01 1.22389E-01 1.75999E+01 1.05493E+00 1.68571E-01 9.45112E+00 8.37974E-01 1.31698E-01 1.03467E-01
 9.18423E-01 1.34364E-01 8.46002E-01 1.24543E-01 1.83147E+01 1.16201E+00 1.71384E-01 9.83498E+00 9.19262E-01 1.34488E-01 2.03538E-01
 1.00034E+00 1.35305E-01 9.26680E-01 1.26247E-01 1.90303E+01 1.27498E+00 1.74069E-01 1.02193E+01 1.00248E+00 1.35596E-01 4.20056E-01
 1.08234E+00 1.34289E-01 1.00809E+00 1.26817E-01 1.97457E+01 1.38923E+00 1.75475E-01 1.06034E+01 1.08866E+00 1.35085E-01 9.04719E-01
 1.16338E+00 1.31226E-01 1.08978E+00 1.25422E-01 2.04597E+01 1.50435E+00 1.74150E-01 1.09869E+01 1.18533E+00 1.33762E-01 1.99438E+00
 1.24334E+00 1.26408E-01 1.16957E+00 1.21885E-01 2.11714E+01 1.61646E+00 1.69663E-01 1.13690E+01 1.32491E+00 1.34956E-01 4.27906E+00
 1.32113E+00 1.20360E-01 1.24709E+00 1.16675E-01 2.18796E+01 1.72537E+00 1.62656E-01 1.17493E+01 1.58120E+00 1.44852E-01 8.13655E+00
 1.39688E+00 1.13609E-01 1.32243E+00 1.10441E-01 2.25831E+01 1.83116E+00 1.54088E-01 1.21271E+01 1.96883E+00 1.61704E-01 1.25077E+01
 1.47041E+00 1.06560E-01 1.39548E+00 1.03732E-01 2.32809E+01 1.93369E+00 1.44784E-01 1.25018E+01 2.32969E+00 1.70863E-01 1.56261E+01
 1.54142E+00 9.94687E-02 1.46595E+00 9.68916E-02 2.39717E+01 2.03258E+00 1.35261E-01 1.28728E+01 2.57038E+00 1.67909E-01 1.72751E+01
 1.60962E+00 9.24844E-02 1.53365E+00 9.01173E-02 2.46543E+01 2.12757E+00 1.25815E-01 1.32393E+01 2.73030E+00 1.58726E-01 1.81564E+01
 1.67474E+00 8.56964E-02 1.59828E+00 8.35186E-02 2.53276E+01 2.21827E+00 1.16609E-01 1.36009E+01 2.85541E+00 1.47735E-01 1.87588E+01
 1.73648E+00 7.91598E-02 1.65959E+00 7.71577E-02 2.59904E+01 2.30432E+00 1.07731E-01 1.39568E+01 2.96585E+00 1.36613E-01 1.92748E+01
 1.79459E+00 7.29109E-02 1.71733E+00 7.10735E-02 2.66416E+01 2.38536E+00 9.92388E-02 1.43065E+01 3.06777E+00 1.25860E-01 1.97629E+01
 1.84879E+00 6.69713E-02 1.77121E+00 6.52881E-02 2.72798E+01 2.46101E+00 9.11625E-02 1.46493E+01 3.16243E+00 1.15615E-01 2.02373E+01
 1.89894E+00 6.13591E-02 1.82110E+00 5.98199E-02 2.79042E+01 2.53107E+00 8.35284E-02 1.49845E+01 3.24995E+00 1.05930E-01 2.07006E+01
 3.31609E-01 8.26999E-02 3.12954E-01 8.51589E-02 1.04992E+01 4.32950E-01 1.20681E-01 5.63807E+00 3.31612E-01 8.27008E-02 1.49902E-03
 3.65345E-01 8.95587E-02 3.42914E-01 9.19312E-02 1.10972E+01 4.73639E-01 1.30171E-01 5.95918E+00 3.65350E-01 8.95600E-02 2.11375E-03
 4.04200E-01 9.46414E-02 3.77747E-01 9.67094E-02 1.16940E+01 5.21087E-01 1.36774E-01 6.27966E+00 4.04208E-01 9.46433E-02 3.04294E-03
 4.45465E-01 9.85414E-02 4.14883E-01 1.00057E-01 1.22902E+01 5.71733E-01 1.41271E-01 6.59984E+00 4.45477E-01 9.85442E-02 4.48258E-03
 4.89984E-01 1.01798E-01 4.54628E-01 1.02409E-01 1.28846E+01 6.25801E-01 1.44234E-01 6.91902E+00 4.90002E-01 1.01802E-01 6.77231E-03
 5.38537E-01 1.04869E-01 4.97635E-01 1.04136E-01 1.34756E+01 6.84163E-01 1.46149E-01 7.23641E+00 5.38566E-01 1.04876E-01 1.05181E-02
 5.91059E-01 1.08068E-01 5.43717E-01 1.05520E-01 1.40628E+01 7.46506E-01 1.47405E-01 7.55174E+00 5.91108E-01 1.08078E-01 1.68364E-02
 6.34101E-01 1.10627E-01 5.81248E-01 1.06440E-01 1.45146E+01 7.97181E-01 1.48074E-01 7.79436E+00 6.34177E-01 1.10641E-01 2.47790E-02
 6.46019E-01 1.11479E-01 5.92090E-01 1.06833E-01 1.46437E+01 8.12016E-01 1.48451E-01 7.86366E+00 6.46105E-01 1.11495E-01 2.78468E-02
 7.10243E-01 1.15122E-01 6.50610E-01 1.08384E-01 1.52566E+01 8.92131E-01 1.49837E-01 8.19278E+00 7.10410E-01 1.15150E-01 4.98344E-02
 7.78642E-01 1.17786E-01 7.14061E-01 1.09482E-01 1.58678E+01 9.79466E-01 1.50783E-01 8.52100E+00 7.78986E-01 1.17839E-01 9.32847E-02
 8.48641E-01 1.19113E-01 7.80802E-01 1.10346E-01 1.64770E+01 1.07207E+00 1.51821E-01 8.84815E+00 8.49415E-01 1.19222E-01 1.83115E-01
 9.18887E-01 1.18905E-01 8.49990E-01 1.10856E-01 1.70834E+01 1.16896E+00 1.52813E-01 9.17378E+00 9.20844E-01 1.19161E-01 3.77082E-01
 9.88506E-01 1.17048E-01 9.19159E-01 1.10432E-01 1.76859E+01 1.26605E+00 1.52761E-01 9.49735E+00 9.94264E-01 1.17741E-01 8.10345E-01
 1.05656E+00 1.13494E-01 9.87876E-01 1.08366E-01 1.82838E+01 1.36292E+00 1.50423E-01 9.81840E+00 1.07646E+00 1.15685E-01 1.78227E+00
 1.12303E+00 1.08524E-01 1.05427E+00 1.04532E-01 1.88761E+01 1.45626E+00 1.45465E-01 1.01364E+01 1.19652E+00 1.15854E-01 3.81514E+00
 1.18695E+00 1.02607E-01 1.11807E+00 9.93589E-02 1.94618E+01 1.54592E+00 1.38474E-01 1.04510E+01 1.41999E+00 1.23460E-01 7.23744E+00
 1.24850E+00 9.62028E-02 1.17937E+00 9.34167E-02 2.00401E+01 1.63203E+00 1.30295E-01 1.07616E+01 1.75827E+00 1.36872E-01 1.10993E+01
 1.30753E+00 8.96547E-02 1.23812E+00 8.71750E-02 2.06100E+01 1.71452E+00 1.21635E-01 1.10676E+01 2.06946E+00 1.43677E-01 1.38334E+01
 1.36385E+00 8.31722E-02 1.29411E+00 8.09213E-02 2.11704E+01 1.79313E+00 1.12929E-01 1.13685E+01 2.27164E+00 1.40314E-01 1.52565E+01
 1.41726E+00 7.68742E-02 1.34721E+00 7.48152E-02 2.17205E+01 1.86768E+00 1.04416E-01 1.16639E+01 2.40109E+00 1.31851E-01 1.59959E+01
 1.46755E+00 7.08265E-02 1.39724E+00 6.89397E-02 2.22593E+01 1.93792E+00 9.62196E-02 1.19532E+01 2.49906E+00 1.22019E-01 1.64863E+01
 1.51454E+00 6.50658E-02 1.44400E+00 6.33381E-02 2.27858E+01 2.00360E+00 8.84036E-02 1.22360E+01 2.58352E+00 1.12213E-01 1.68983E+01
 1.55805E+00 5.96135E-02 1.48735E+00 5.80338E-02 2.32991E+01 2.06449E+00 8.10015E-02 1.25116E+01 2.66002E+00 1.02833E-01 1.72835E+01
 1.59790E+00 5.44794E-02 1.52710E+00 5.30375E-02 2.37983E+01 2.12034E+00 7.40285E-02 1.27797E+01 2.72975E+00 9.39817E-02 1.76545E+01
 1.63403E+00 4.96703E-02 1.56318E+00 4.83563E-02 2.42824E+01 2.17105E+00 6.74948E-02 1.30397E+01 2.79294E+00 8.56866E-02 1.80138E+01
 3.24481E-01 8.43289E-02 3.05470E-01 8.68150E-02 9.59507E+00 4.22291E-01 1.23020E-01 5.15255E+00 3.24484E-01 8.43298E-02 1.36994E-03
 3.55644E-01 8.90024E-02 3.33198E-01 9.13325E-02 1.01335E+01 4.59971E-01 1.29313E-01 5.44170E+00 3.55648E-01 8.90036E-02 1.93020E-03
 3.91186E-01 9.21306E-02 3.65167E-01 9.41193E-02 1.06667E+01 5.03563E-01 1.33101E-01 5.72804E+00 3.91193E-01 9.21325E-02 2.77563E-03
 4.28805E-01 9.42726E-02 3.99073E-01 9.57061E-02 1.11956E+01 5.49825E-01 1.35121E-01 6.01202E+00 4.28816E-01 9.42752E-02 4.08334E-03
 4.69207E-01 9.59271E-02 4.35151E-01 9.64994E-02 1.17191E+01 5.98908E-01 1.35909E-01 6.29316E+00 4.69224E-01 9.59309E-02 6.15972E-03
 5.12946E-01 9.75018E-02 4.73818E-01 9.68287E-02 1.22362E+01 6.51348E-01 1.35898E-01 6.57084E+00 5.12974E-01 9.75075E-02 9.55066E-03
 5.59887E-01 9.92666E-02 5.14887E-01 9.69457E-02 1.27466E+01 7.06860E-01 1.35434E-01 6.84493E+00 5.59934E-01 9.92754E-02 1.52606E-02
 5.98027E-01 1.00749E-01 5.47988E-01 9.69589E-02 1.31372E+01 7.51485E-01 1.34893E-01 7.05467E+00 5.98098E-01 1.00761E-01 2.24274E-02
 6.08560E-01 1.01284E-01 5.57555E-01 9.70819E-02 1.32480E+01 7.64569E-01 1.34909E-01 7.11419E+00 6.08642E-01 1.01298E-01 2.51928E-02
 6.64845E-01 1.03489E-01 6.08613E-01 9.74323E-02 1.37727E+01 8.34373E-01 1.34696E-01 7.39596E+00 6.65001E-01 1.03514E-01 4.49876E-02
 7.24204E-01 1.04846E-01 6.63485E-01 9.74271E-02 1.42927E+01 9.09820E-01 1.34170E-01 7.67516E+00 7.24524E-01 1.04893E-01 8.40248E-02
 7.84365E-01 1.05051E-01 7.20767E-01 9.72584E-02 1.48076E+01 9.89271E-01 1.33790E-01 7.95168E+00 7.85080E-01 1.05147E-01 1.64563E-01
 8.44078E-01 1.03960E-01 7.79582E-01 9.68341E-02 1.53168E+01 1.07163E+00 1.33448E-01 8.22514E+00 8.45872E-01 1.04183E-01 3.38088E-01
 9.02617E-01 1.01505E-01 8.37794E-01 9.56636E-02 1.58195E+01 1.15336E+00 1.32291E-01 8.49509E+00 9.07865E-01 1.02105E-01 7.24828E-01
 9.59152E-01 9.76680E-02 8.94985E-01 9.31459E-02 1.63150E+01 1.23403E+00 1.29253E-01 8.76113E+00 9.77169E-01 9.95509E-02 1.59036E+00
 1.01373E+00 9.27120E-02 9.49590E-01 8.91924E-02 1.68025E+01 1.31082E+00 1.24076E-01 9.02292E+00 1.07988E+00 9.89642E-02 3.39604E+00
 1.06554E+00 8.70505E-02 1.00139E+00 8.41877E-02 1.72813E+01 1.38366E+00 1.17289E-01 9.28004E+00 1.27413E+00 1.04713E-01 6.42653E+00
 1.11476E+00 8.10777E-02 1.05052E+00 7.86260E-02 1.77506E+01 1.45270E+00 1.09625E-01 9.53208E+00 1.56855E+00 1.15297E-01 9.83121E+00
 1.16134E+00 7.50816E-02 1.09696E+00 7.29056E-02 1.82097E+01 1.51796E+00 1.01686E-01 9.77861E+00 1.83595E+00 1.20246E-01 1.22223E+01
 1.20514E+00 6.92315E-02 1.14060E+00 6.72629E-02 1.86578E+01 1.57926E+00 9.38308E-02 1.00192E+01 2.00469E+00 1.16711E-01 1.34457E+01
 1.24603E+00 6.36181E-02 1.18136E+00 6.18240E-02 1.90941E+01 1.63653E+00 8.62493E-02 1.02535E+01 2.10814E+00 1.09031E-01 1.40617E+01
 1.28389E+00 5.82872E-02 1.21913E+00 5.66492E-02 1.95179E+01 1.68960E+00 7.90323E-02 1.04811E+01 2.18326E+00 1.00337E-01 1.44559E+01
 1.31860E+00 5.32605E-02 1.25381E+00 5.17659E-02 1.99284E+01 1.73834E+00 7.22203E-02 1.07016E+01 2.24611E+00 9.17777E-02 1.47792E+01
 1.35008E+00 4.85473E-02 1.28530E+00 4.71853E-02 2.03251E+01 1.78263E+00 6.58300E-02 1.09146E+01 2.30166E+00 8.36730E-02 1.50773E+01
 1.37822E+00 4.41480E-02 1.31350E+00 4.29088E-02 2.07070E+01 1.82231E+00 5.98634E-02 1.11196E+01 2.35103E+00 7.60927E-02 1.53613E+01
 1.40301E+00 4.00607E-02 1.33841E+00 3.89348E-02 2.10736E+01 1.85738E+00 5.43187E-02 1.13165E+01 2.39454E+00 6.90469E-02 1.56334E+01
 3.18720E-01 8.51480E-02 2.98993E-01 8.75741E-02 8.77465E+00 4.12910E-01 1.24065E-01 4.71199E+00 3.18723E-01 8.51489E-02 1.25280E-03
 3.47244E-01 8.77434E-02 3.24546E-01 8.99598E-02 9.25748E+00 4.47709E-01 1.27339E-01 4.97126E+00 3.47248E-01 8.77447E-02 1.76333E-03
 3.79707E-01 8.90611E-02 3.53882E-01 9.09139E-02 9.73163E+00 4.87769E-01 1.28543E-01 5.22589E+00 3.79713E-01 8.90628E-02 2.53231E-03
 4.13904E-01 8.96098E-02 3.84776E-01 9.09193E-02 1.01982E+01 5.29952E-01 1.28343E-01 5.47645E+00 4.13915E-01 8.96122E-02 3.71958E-03
 4.50442E-01 8.98403E-02 4.17431E-01 9.03440E-02 1.06567E+01 5.74390E-01 1.27227E-01 5.72267E+00 4.50458E-01 8.98438E-02 5.60132E-03
 4.89684E-01 9.01094E-02 4.52075E-01 8.94759E-02 1.11063E+01 6.21352E-01 1.25574E-01 5.96408E+00 4.89711E-01 9.01147E-02 8.66874E-03
 5.31435E-01 9.06435E-02 4.88510E-01 8.85299E-02 1.15469E+01 6.70559E-01 1.23680E-01 6.20068E+00 5.31480E-01 9.06515E-02 1.38242E-02
 5.65088E-01 9.12129E-02 5.17633E-01 8.77959E-02 1.18821E+01 7.09785E-01 1.22151E-01 6.38067E+00 5.65155E-01 9.12244E-02 2.02847E-02
 5.74303E-01 9.14813E-02 5.25937E-01 8.76972E-02 1.19765E+01 7.21115E-01 1.21872E-01 6.43139E+00 5.74379E-01 9.14940E-02 2.27749E-02
 6.23318E-01 9.24868E-02 5.70187E-01 8.70710E-02 1.24220E+01 7.81523E-01 1.20370E-01 6.67062E+00 6.23464E-01 9.25091E-02 4.05756E-02
 6.74476E-01 9.27836E-02 6.17293E-01 8.61905E-02 1.28603E+01 8.46215E-01 1.18684E-01 6.90600E+00 6.74774E-01 9.28252E-02 7.56044E-02
 7.25807E-01 9.21128E-02 6.66094E-01 8.52218E-02 1.32914E+01 9.13872E-01 1.17209E-01 7.13747E+00 7.26468E-01 9.21974E-02 1.47712E-01
 7.76150E-01 9.03706E-02 7.15672E-01 8.40899E-02 1.37146E+01 9.83293E-01 1.15849E-01 7.36472E+00 7.77797E-01 9.05643E-02 3.02722E-01
 8.24937E-01 8.75246E-02 7.64227E-01 8.23850E-02 1.41292E+01 1.05148E+00 1.13887E-01 7.58739E+00 8.29722E-01 8.80416E-02 6.47380E-01
 8.71438E-01 8.35775E-02 8.11369E-01 7.95981E-02 1.45348E+01 1.11801E+00 1.10410E-01 7.80517E+00 8.87765E-01 8.51861E-02 1.41683E+00
 9.15762E-01 7.87678E-02 8.55804E-01 7.56675E-02 1.49307E+01 1.18054E+00 1.05218E-01 8.01781E+00 9.75354E-01 8.40701E-02 3.01773E+00
 9.57238E-01 7.34543E-02 8.97369E-01 7.09310E-02 1.53165E+01 1.23902E+00 9.87772E-02 8.22498E+00 1.14404E+00 8.83303E-02 5.69589E+00
 9.96063E-01 6.79709E-02 9.36212E-01 6.58116E-02 1.56916E+01 1.29364E+00 9.17174E-02 8.42637E+00 1.40020E+00 9.66012E-02 8.69081E+00
 1.03223E+00 6.25550E-02 9.72376E-01 6.06425E-02 1.60553E+01 1.34449E+00 8.45430E-02 8.62167E+00 1.62979E+00 1.00106E-01 1.07763E+01
 1.06567E+00 5.73403E-02 1.00580E+00 5.56153E-02 1.64070E+01 1.39148E+00 7.75454E-02 8.81056E+00 1.77020E+00 9.65807E-02 1.18237E+01
 1.09631E+00 5.23936E-02 1.03646E+00 5.08266E-02 1.67462E+01 1.43459E+00 7.08720E-02 8.99273E+00 1.85209E+00 8.97112E-02 1.23326E+01
 1.12411E+00 4.77440E-02 1.06430E+00 4.63180E-02 1.70724E+01 1.47377E+00 6.45861E-02 9.16790E+00 1.90865E+00 8.21086E-02 1.26447E+01
 1.14900E+00 4.34010E-02 1.08929E+00 4.21040E-02 1.73851E+01 1.50895E+00 5.87097E-02 9.33579E+00 1.95416E+00 7.47137E-02 1.28930E+01
 1.17096E+00 3.93645E-02 1.11140E+00 3.81861E-02 1.76837E+01 1.54009E+00 5.32459E-02 9.49615E+00 1.99311E+00 6.77766E-02 1.31179E+01
 1.18994E+00 3.56278E-02 1.13057E+00 3.45587E-02 1.79676E+01 1.56712E+00 4.81869E-02 9.64861E+00 2.02657E+00 6.13426E-02 1.33291E+01
 1.20598E+00 3.21829E-02 1.14685E+00 3.12141E-02 1.82366E+01 1.59011E+00 4.35222E-02 9.79303E+00 2.05488E+00 5.54087E-02 1.35287E+01
 3.14291E-01 8.49996E-02 2.93573E-01 8.72701E-02 8.02606E+00 4.04911E-01 1.23578E-01 4.31000E+00 3.14294E-01 8.50006E-02 1.14592E-03
 3.40356E-01 8.56920E-02 3.17150E-01 8.77165E-02 8.45717E+00 4.37117E-01 1.24112E-01 4.54150E+00 3.40361E-01 8.56932E-02 1.61089E-03
 3.69983E-01 8.53939E-02 3.44086E-01 8.70497E-02 8.87681E+00 4.73966E-01 1.23034E-01 4.76685E+00 3.69989E-01 8.53956E-02 2.30987E-03
 4.01009E-01 8.45534E-02 3.72213E-01 8.56933E-02 9.28632E+00 5.12413E-01 1.20930E-01 4.98675E+00 4.01019E-01 8.45557E-02 3.38698E-03
 4.33950E-01 8.35669E-02 4.01705E-01 8.39695E-02 9.68554E+00 5.52569E-01 1.18226E-01 5.20113E+00 4.33966E-01 8.35702E-02 5.09085E-03
 4.69036E-01 8.27423E-02 4.32657E-01 8.21234E-02 1.00739E+01 5.94517E-01 1.15241E-01 5.40968E+00 4.69062E-01 8.27471E-02 7.86292E-03
 5.06014E-01 8.22644E-02 4.64855E-01 8.03322E-02 1.04516E+01 6.37971E-01 1.12222E-01 5.61250E+00 5.06056E-01 8.22717E-02 1.25129E-02
 5.35565E-01 8.20933E-02 4.90375E-01 7.90162E-02 1.07370E+01 6.72320E-01 1.09935E-01 5.76579E+00 5.35629E-01 8.21036E-02 1.83299E-02
 5.43574E-01 8.21460E-02 4.97519E-01 7.87451E-02 1.08169E+01 6.82035E-01 1.09431E-01 5.80865E+00 5.43646E-01 8.21575E-02 2.05696E-02
 5.86002E-01 8.21940E-02 5.35638E-01 7.73687E-02 1.11919E+01 7.33995E-01 1.06953E-01 6.01003E+00 5.86139E-01 8.22138E-02 3.65574E-02
 6.29773E-01 8.16707E-02 5.75758E-01 7.58344E-02 1.15579E+01 7.89018E-01 1.04410E-01 6.20661E+00 6.30051E-01 8.17073E-02 6.79477E-02
 6.73242E-01 8.03574E-02 6.17040E-01 7.42871E-02 1.19151E+01 8.46233E-01 1.02145E-01 6.39839E+00 6.73854E-01 8.04311E-02 1.32417E-01
 7.15297E-01 7.81782E-02 6.58450E-01 7.26617E-02 1.22628E+01 9.04216E-01 1.00071E-01 6.58513E+00 7.16812E-01 7.83455E-02 2.70677E-01
 7.55533E-01 7.51238E-02 6.98539E-01 7.06134E-02 1.26007E+01 9.60530E-01 9.75737E-02 6.76656E+00 7.59905E-01 7.55668E-02 5.77345E-01
 7.93312E-01 7.12104E-02 7.36942E-01 6.77133E-02 1.29282E+01 1.01477E+00 9.38819E-02 6.94247E+00 8.08135E-01 7.25784E-02 1.26022E+00
 8.28806E-01 6.66501E-02 7.72612E-01 6.39190E-02 1.32452E+01 1.06499E+00 8.88382E-02 7.11267E+00 8.82574E-01 7.11275E-02 2.67706E+00
 8.61460E-01 6.17497E-02 8.05436E-01 5.95226E-02 1.35511E+01 1.11121E+00 8.28483E-02 7.27695E+00 1.02901E+00 7.42276E-02 5.03937E+00
 8.91488E-01 5.67877E-02 8.35580E-01 5.48816E-02 1.38456E+01 1.15364E+00 7.64447E-02 7.43506E+00 1.25191E+00 8.06517E-02 7.66839E+00
 9.18930E-01 5.19568E-02 8.63127E-01 5.02709E-02 1.41281E+01 1.19241E+00 7.00454E-02 7.58680E+00 1.44893E+00 8.30700E-02 9.48276E+00
 9.43764E-01 4.73602E-02 8.88062E-01 4.58431E-02 1.43984E+01 1.22752E+00 6.38837E-02 7.73193E+00 1.56531E+00 7.96886E-02 1.03762E+01
 9.65984E-01 4.30447E-02 9.10412E-01 4.16703E-02 1.46560E+01 1.25899E+00 5.80705E-02 7.87025E+00 1.62929E+00 7.36229E-02 1.07933E+01
 9.85579E-01 3.90261E-02 9.30176E-01 3.77789E-02 1.49005E+01 1.28685E+00 5.26470E-02 8.00157E+00 1.67066E+00 6.70394E-02 1.10360E+01
 1.00255E+00 3.53046E-02 9.47359E-01 3.41733E-02 1.51317E+01 1.31109E+00 4.76212E-02 8.12570E+00 1.70219E+00 6.07044E-02 1.12219E+01
 1.01692E+00 3.18733E-02 9.61979E-01 3.08481E-02 1.53491E+01 1.33174E+00 4.29860E-02 8.24248E+00 1.72790E+00 5.48118E-02 1.13861E+01
 1.02867E+00 2.87209E-02 9.74032E-01 2.77929E-02 1.55524E+01 1.34881E+00 3.87271E-02 8.35166E+00 1.74881E+00 4.93884E-02 1.15374E+01
 1.03789E+00 2.58348E-02 9.83595E-01 2.49959E-02 1.57415E+01 1.36238E+00 3.48280E-02 8.45317E+00 1.76527E+00 4.44218E-02 1.16777E+01
 3.11159E-01 8.38232E-02 2.89238E-01 8.58418E-02 7.34104E+00 3.98357E-01 1.21474E-01 3.94214E+00 3.11162E-01 8.38241E-02 1.04812E-03
 3.35020E-01 8.28393E-02 3.11067E-01 8.45945E-02 7.72401E+00 4.28277E-01 1.19619E-01 4.14779E+00 3.35024E-01 8.28405E-02 1.47124E-03
 3.62029E-01 8.11572E-02 3.35802E-01 8.25554E-02 8.09334E+00 4.62192E-01 1.16616E-01 4.34612E+00 3.62035E-01 8.11588E-02 2.10600E-03
 3.90096E-01 7.91562E-02 3.61366E-01 8.00808E-02 8.45057E+00 4.97186E-01 1.12956E-01 4.53796E+00 3.90106E-01 7.91584E-02 3.08216E-03
 4.19663E-01 7.71734E-02 3.87911E-01 7.74409E-02 8.79586E+00 5.33360E-01 1.08994E-01 4.72337E+00 4.19678E-01 7.71764E-02 4.62322E-03
 4.50867E-01 7.54674E-02 4.15445E-01 7.48373E-02 9.12890E+00 5.70679E-01 1.04991E-01 4.90222E+00 4.50891E-01 7.54718E-02 7.12533E-03
 4.83432E-01 7.41887E-02 4.43750E-01 7.24121E-02 9.45009E+00 6.08858E-01 1.01144E-01 5.07470E+00 4.83472E-01 7.41952E-02 1.13139E-02
 5.09218E-01 7.34427E-02 4.65979E-01 7.06725E-02 9.69110E+00 6.38758E-01 9.83198E-02 5.20412E+00 5.09279E-01 7.34519E-02 1.65444E-02
 5.16136E-01 7.33288E-02 4.72083E-01 7.02760E-02 9.75793E+00 6.47032E-01 9.76545E-02 5.24001E+00 5.16205E-01 7.33391E-02 1.85559E-02
 5.52599E-01 7.26498E-02 5.04682E-01 6.83638E-02 1.00705E+01 6.91399E-01 9.44960E-02 5.40786E+00 5.52728E-01 7.26673E-02 3.28945E-02
 5.89698E-01 7.15293E-02 5.38485E-01 6.63795E-02 1.03729E+01 7.37674E-01 9.13769E-02 5.57027E+00 5.89957E-01 7.15613E-02 6.09813E-02
 6.26178E-01 6.97791E-02 5.73120E-01 6.44446E-02 1.06653E+01 7.85674E-01 8.85858E-02 5.72728E+00 6.26746E-01 6.98430E-02 1.18528E-01
 6.60925E-01 6.73506E-02 6.07349E-01 6.25150E-02 1.09474E+01 8.33606E-01 8.60625E-02 5.87874E+00 6.62323E-01 6.74945E-02 2.41641E-01
 6.93686E-01 6.42448E-02 6.40044E-01 6.02918E-02 1.12187E+01 8.79555E-01 8.32725E-02 6.02445E+00 6.97692E-01 6.46230E-02 5.14025E-01
 7.23909E-01 6.04822E-02 6.70872E-01 5.74091E-02 1.14791E+01 9.23134E-01 7.95542E-02 6.16427E+00 7.37397E-01 6.16417E-02 1.11896E+00
 7.51827E-01 5.62485E-02 6.99022E-01 5.38389E-02 1.17283E+01 9.62805E-01 7.47869E-02 6.29811E+00 8.00444E-01 6.00181E-02 2.37048E+00
 7.76984E-01 5.18023E-02 7.24419E-01 4.98310E-02 1.19662E+01 9.98608E-01 6.93182E-02 6.42583E+00 9.27572E-01 6.22432E-02 4.44996E+00
 7.99610E-01 4.73731E-02 7.47244E-01 4.56838E-02 1.21923E+01 1.03078E+00 6.35940E-02 6.54727E+00 1.12168E+00 6.72265E-02 6.75273E+00
 8.19783E-01 4.31146E-02 7.67611E-01 4.16214E-02 1.24065E+01 1.05949E+00 5.79565E-02 6.66230E+00 1.29073E+00 6.88593E-02 8.32722E+00
 8.37522E-01 3.91046E-02 7.85549E-01 3.77633E-02 1.26085E+01 1.08479E+00 5.25893E-02 6.77077E+00 1.38684E+00 6.57188E-02 9.08630E+00
 8.52865E-01 3.53740E-02 8.01119E-01 3.41615E-02 1.27981E+01 1.10677E+00 4.75737E-02 6.87256E+00 1.43602E+00 6.04261E-02 9.42503E+00
 8.65843E-01 3.19285E-02 8.14360E-01 3.08306E-02 1.29750E+01 1.12549E+00 4.29337E-02 6.96757E+00 1.46506E+00 5.47745E-02 9.60989E+00
 8.76493E-01 2.87618E-02 8.25312E-01 2.77680E-02 1.31391E+01 1.14100E+00 3.86669E-02 7.05568E+00 1.48541E+00 4.93867E-02 9.74413E+00
 8.84869E-01 2.58623E-02 8.34028E-01 2.49636E-02 1.32902E+01 1.15339E+00 3.47598E-02 7.13683E+00 1.50068E+00 4.44121E-02 9.85875E+00
 8.90998E-01 2.32160E-02 8.40537E-01 2.24041E-02 1.34280E+01 1.16269E+00 3.11938E-02 7.21083E+00 1.51181E+00 3.98642E-02 9.96142E+00
 8.94982E-01 2.08080E-02 8.44937E-01 2.00752E-02 1.35525E+01 1.16903E+00 2.79493E-02 7.27770E+00 1.51918E+00 3.57249E-02 1.00539E+01
 3.08959E-01 8.16739E-02 2.85667E-01 8.33514E-02 6.72715E+00 3.92815E-01 1.17842E-01 3.61248E+00 3.08962E-01 8.16747E-02 9.60470E-04
 3.30774E-01 7.92834E-02 3.05880E-01 8.06991E-02 7.06621E+00 4.20625E-01 1.14013E-01 3.79456E+00 3.30779E-01 7.92845E-02 1.34595E-03
 3.55214E-01 7.64769E-02 3.28458E-01 7.75632E-02 7.38993E+00 4.51664E-01 1.09478E-01 3.96839E+00 3.55220E-01 7.64784E-02 1.92296E-03
 3.80310E-01 7.35606E-02 3.51462E-01 7.42282E-02 7.70003E+00 4.83215E-01 1.04629E-01 4.13492E+00 3.80320E-01 7.35626E-02 2.80842E-03
 4.06461E-01 7.08100E-02 3.75039E-01 7.09097E-02 7.99696E+00 5.15386E-01 9.97462E-02 4.29437E+00 4.06476E-01 7.08128E-02 4.20331E-03
 4.33748E-01 6.84362E-02 3.99152E-01 6.77666E-02 8.28069E+00 5.48084E-01 9.50337E-02 4.44673E+00 4.33772E-01 6.84402E-02 6.46328E-03
 4.61896E-01 6.65558E-02 4.23595E-01 6.49062E-02 8.55179E+00 5.81043E-01 9.06382E-02 4.59231E+00 4.61934E-01 6.65617E-02 1.02384E-02
 4.83963E-01 6.53848E-02 4.42592E-01 6.28867E-02 8.75357E+00 6.06585E-01 8.74755E-02 4.70067E+00 4.84021E-01 6.53930E-02 1.49438E-02
 4.89814E-01 6.51486E-02 4.47686E-01 6.24073E-02 8.80902E+00 6.13460E-01 8.67088E-02 4.73044E+00 4.89879E-01 6.51577E-02 1.67515E-02
 5.20469E-01 6.39505E-02 4.74909E-01 6.01524E-02 9.06698E+00 6.50433E-01 8.31356E-02 4.86897E+00 5.20591E-01 6.39659E-02 2.96166E-02
 5.51206E-01 6.24353E-02 5.02734E-01 5.79028E-02 9.31407E+00 6.88448E-01 7.96926E-02 5.00166E+00 5.51449E-01 6.24632E-02 5.47563E-02
 5.80979E-01 6.04318E-02 5.30901E-01 5.57484E-02 9.55043E+00 7.27444E-01 7.66058E-02 5.12858E+00 5.81505E-01 6.04871E-02 1.06138E-01
 6.08857E-01 5.79111E-02 5.58370E-01 5.36675E-02 9.77592E+00 7.65912E-01 7.38473E-02 5.24967E+00 6.10141E-01 5.80346E-02 2.15784E-01
 6.34673E-01 5.48822E-02 5.84201E-01 5.14085E-02 9.99030E+00 8.02239E-01 7.09640E-02 5.36479E+00 6.38327E-01 5.52046E-02 4.57741E-01
 6.57946E-01 5.13613E-02 6.08070E-01 4.86501E-02 1.01935E+01 8.36031E-01 6.73758E-02 5.47389E+00 6.70165E-01 5.23435E-02 9.93642E-01
 6.78958E-01 4.75058E-02 6.29370E-01 4.53691E-02 1.03854E+01 8.66091E-01 6.29811E-02 5.57694E+00 7.22700E-01 5.06808E-02 2.09904E+00
 6.97351E-01 4.35311E-02 6.48066E-01 4.17756E-02 1.05659E+01 8.92494E-01 5.80733E-02 5.67386E+00 8.31954E-01 5.22790E-02 3.92921E+00
 7.13364E-01 3.96245E-02 6.64351E-01 3.81170E-02 1.07348E+01 9.15497E-01 5.30234E-02 5.76459E+00 9.99437E-01 5.61790E-02 5.94549E+00
 7.27109E-01 3.59077E-02 6.78370E-01 3.45750E-02 1.08921E+01 9.35313E-01 4.81094E-02 5.84905E+00 1.14290E+00 5.72794E-02 7.31075E+00
 7.38642E-01 3.24380E-02 6.90186E-01 3.12421E-02 1.10376E+01 9.52036E-01 4.34750E-02 5.92718E+00 1.22078E+00 5.44408E-02 7.95422E+00
 7.48035E-01 2.92344E-02 6.99888E-01 2.81550E-02 1.11712E+01 9.65797E-01 3.91784E-02 5.99893E+00 1.25695E+00 4.98667E-02 8.22694E+00
 7.55350E-01 2.62956E-02 7.07546E-01 2.53198E-02 1.12928E+01 9.76695E-01 3.52314E-02 6.06425E+00 1.27539E+00 4.50440E-02 8.36401E+00
 7.60654E-01 2.36112E-02 7.13228E-01 2.27293E-02 1.14025E+01 9.84830E-01 3.16246E-02 6.12312E+00 1.28627E+00 4.04807E-02 8.45622E+00
 7.64024E-01 2.11672E-02 7.17011E-01 2.03709E-02 1.15000E+01 9.90305E-01 2.83408E-02 6.17551E+00 1.29281E+00 3.62923E-02 8.53079E+00
 7.65515E-01 1.89482E-02 7.18948E-01 1.82298E-02 1.15854E+01 9.93200E-01 2.53599E-02 6.22133E+00 1.29588E+00 3.24837E-02 8.59448E+00
 7.65238E-01 1.69388E-02 7.19151E-01 1.62912E-02 1.16586E+01 9.93667E-01 2.26610E-02 6.26066E+00 1.29585E+00 2.90339E-02 8.64887E+00
 3.08430E-01 7.86994E-02 2.83677E-01 7.99643E-02 6.16721E+00 3.89460E-01 1.12922E-01 3.31179E+00 3.08433E-01 7.87003E-02 8.80524E-04
 3.28354E-01 7.51889E-02 3.02369E-01 7.62115E-02 6.46494E+00 4.15274E-01 1.07553E-01 3.47167E+00 3.28358E-01 7.51900E-02 1.23142E-03
 3.50346E-01 7.15194E-02 3.22871E-01 7.22531E-02 6.74617E+00 4.43534E-01 1.01877E-01 3.62269E+00 3.50352E-01 7.15208E-02 1.75545E-03
 3.72605E-01 6.79244E-02 3.43422E-01 6.83032E-02 7.01277E+00 4.71781E-01 9.61874E-02 3.76586E+00 3.72614E-01 6.79263E-02 2.55775E-03
 3.95514E-01 6.46191E-02 3.64175E-01 6.45234E-02 7.26544E+00 5.00141E-01 9.06919E-02 3.90154E+00 3.95528E-01 6.46216E-02 3.81881E-03
 4.19141E-01 6.17703E-02 3.85097E-01 6.10330E-02 7.50438E+00 5.28530E-01 8.55396E-02 4.02985E+00 4.19164E-01 6.17738E-02 5.85735E-03
 4.43212E-01 5.94647E-02 4.05987E-01 5.79075E-02 7.73030E+00 5.56693E-01 8.08325E-02 4.15117E+00 4.43249E-01 5.94700E-02 9.25492E-03
 4.61891E-01 5.79932E-02 4.22062E-01 5.57251E-02 7.89693E+00 5.78305E-01 7.74929E-02 4.24065E+00 4.61946E-01 5.80005E-02 1.34814E-02
 4.66783E-01 5.76697E-02 4.26257E-01 5.51966E-02 7.94224E+00 5.83937E-01 7.66717E-02 4.26498E+00 4.66846E-01 5.76778E-02 1.51032E-02
 4.92297E-01 5.61123E-02 4.48773E-01 5.27485E-02 8.15178E+00 6.14456E-01 7.28901E-02 4.37750E+00 4.92412E-01 5.61259E-02 2.66272E-02
 5.17532E-01 5.43527E-02 4.71467E-01 5.03718E-02 8.35009E+00 6.45400E-01 6.93131E-02 4.48400E+00 5.17759E-01 5.43771E-02 4.90892E-02
 5.41596E-01 5.22315E-02 4.94124E-01 4.81267E-02 8.53740E+00 6.76723E-01 6.61091E-02 4.58458E+00 5.42086E-01 5.22792E-02 9.48795E-02
 5.63743E-01 4.97276E-02 5.15929E-01 4.60022E-02 8.71370E+00 7.07253E-01 6.32663E-02 4.67926E+00 5.64930E-01 4.98335E-02 1.92337E-01
 5.83898E-01 4.68547E-02 5.36147E-01 4.37927E-02 8.87886E+00 7.35707E-01 6.04121E-02 4.76795E+00 5.87251E-01 4.71293E-02 4.06817E-01
 6.01634E-01 4.36244E-02 5.54464E-01 4.12202E-02 9.03291E+00 7.61683E-01 5.70453E-02 4.85067E+00 6.12770E-01 4.44562E-02 8.80513E-01
 6.17268E-01 4.01650E-02 5.70422E-01 3.82581E-02 9.17590E+00 7.84245E-01 5.30697E-02 4.92746E+00 6.56884E-01 4.28407E-02 1.85459E+00
 6.30506E-01 3.66523E-02 5.84007E-01 3.50780E-02 9.30782E+00 8.03480E-01 4.87246E-02 4.99830E+00 7.51700E-01 4.39928E-02 3.46138E+00
 6.41593E-01 3.32381E-02 5.95418E-01 3.18829E-02 9.42865E+00 8.19649E-01 4.43154E-02 5.06319E+00 8.97739E-01 4.70748E-02 5.22208E+00
 6.50659E-01 3.00176E-02 6.04814E-01 2.88190E-02 9.53838E+00 8.32987E-01 4.00669E-02 5.12211E+00 1.02099E+00 4.78177E-02 6.40214E+00
 6.57784E-01 2.70329E-02 6.12280E-01 2.59581E-02 9.63700E+00 8.43614E-01 3.60911E-02 5.17507E+00 1.08505E+00 4.52998E-02 6.94489E+00
 6.63056E-01 2.42941E-02 6.17918E-01 2.33251E-02 9.72453E+00 8.51682E-01 3.24291E-02 5.22207E+00 1.11188E+00 4.13731E-02 7.16155E+00
 6.66554E-01 2.17957E-02 6.21813E-01 2.09208E-02 9.80099E+00 8.57311E-01 2.90841E-02 5.26313E+00 1.12307E+00 3.72738E-02 7.25908E+00
 6.68358E-01 1.95248E-02 6.24047E-01 1.87351E-02 9.86644E+00 8.60615E-01 2.60432E-02 5.29828E+00 1.12772E+00 3.34180E-02 7.31710E+00
 6.68556E-01 1.74666E-02 6.24704E-01 1.67543E-02 9.92096E+00 8.61713E-01 2.32875E-02 5.32755E+00 1.12872E+00 2.98957E-02 7.35944E+00
 6.67212E-01 1.56057E-02 6.23849E-01 1.49637E-02 9.96448E+00 8.60697E-01 2.07964E-02 5.35092E+00 1.12686E+00 2.67062E-02 7.39205E+00
 6.64438E-01 1.39266E-02 6.21591E-01 1.33485E-02 9.99722E+00 8.57719E-01 1.85496E-02 5.36851E+00 1.12250E+00 2.38280E-02 7.41639E+00
 3.09877E-01 7.50926E-02 2.83628E-01 7.58934E-02 5.64574E+00 3.88821E-01 1.07021E-01 3.03176E+00 3.09880E-01 7.50934E-02 8.06071E-04
 3.28066E-01 7.07291E-02 3.00890E-01 7.13227E-02 5.90426E+00 4.12740E-01 1.00515E-01 3.17059E+00 3.28071E-01 7.07301E-02 1.12462E-03
 3.47830E-01 6.64295E-02 3.19472E-01 6.67852E-02 6.14570E+00 4.38419E-01 9.40443E-02 3.30024E+00 3.47837E-01 6.64308E-02 1.59920E-03
 3.67545E-01 6.23589E-02 3.37803E-01 6.24287E-02 6.37204E+00 4.63668E-01 8.78095E-02 3.42179E+00 3.67554E-01 6.23606E-02 2.32406E-03
 3.87614E-01 5.86755E-02 3.56069E-01 5.83653E-02 6.58417E+00 4.88665E-01 8.19511E-02 3.53570E+00 3.87628E-01 5.86778E-02 3.46072E-03
 4.08110E-01 5.55059E-02 3.74250E-01 5.46781E-02 6.78247E+00 5.13349E-01 7.65694E-02 3.64218E+00 4.08132E-01 5.55091E-02 5.29388E-03
 4.28775E-01 5.29123E-02 3.92194E-01 5.14160E-02 6.96775E+00 5.37544E-01 7.17277E-02 3.74168E+00 4.28811E-01 5.29170E-02 8.34197E-03
 4.44636E-01 5.12385E-02 4.05825E-01 4.91582E-02 7.10297E+00 5.55862E-01 6.83306E-02 3.81429E+00 4.44689E-01 5.12449E-02 1.21260E-02
 4.48770E-01 5.08549E-02 4.09335E-01 4.86056E-02 7.13927E+00 5.60560E-01 6.74891E-02 3.83379E+00 4.48830E-01 5.08620E-02 1.35762E-02
 4.70170E-01 4.90561E-02 4.28153E-01 4.60700E-02 7.30600E+00 5.86035E-01 6.36431E-02 3.92332E+00 4.70280E-01 4.90679E-02 2.38645E-02
 4.91110E-01 4.71506E-02 4.46913E-01 4.36566E-02 7.46152E+00 6.11585E-01 6.00562E-02 4.00684E+00 4.91325E-01 4.71716E-02 4.38654E-02
 5.10825E-01 4.49915E-02 4.65411E-01 4.14005E-02 7.60612E+00 6.37132E-01 5.68469E-02 4.08449E+00 5.11286E-01 4.50326E-02 8.45298E-02
 5.28727E-01 4.25642E-02 4.83033E-01 3.93002E-02 7.73990E+00 6.61805E-01 5.40180E-02 4.15632E+00 5.29838E-01 4.26546E-02 1.70843E-01
 5.44806E-01 3.98807E-02 4.99198E-01 3.71838E-02 7.86283E+00 6.84567E-01 5.12581E-02 4.22234E+00 5.47927E-01 4.01138E-02 3.60264E-01
 5.58680E-01 3.69482E-02 5.13619E-01 3.48138E-02 7.97505E+00 7.05053E-01 4.81399E-02 4.28260E+00 5.68990E-01 3.76503E-02 7.77395E-01
 5.70700E-01 3.38703E-02 5.25977E-01 3.21642E-02 8.07669E+00 7.22558E-01 4.45773E-02 4.33718E+00 6.07206E-01 3.61183E-02 1.63242E+00
 5.80600E-01 3.07880E-02 5.36248E-01 2.93715E-02 8.16785E+00 7.37143E-01 4.07606E-02 4.38614E+00 6.91800E-01 3.69294E-02 3.03745E+00
 5.88620E-01 2.78219E-02 5.44623E-01 2.65992E-02 8.24860E+00 7.49055E-01 3.69363E-02 4.42950E+00 8.22724E-01 3.93557E-02 4.56851E+00
 5.94892E-01 2.50458E-02 5.51260E-01 2.39639E-02 8.31903E+00 7.58526E-01 3.32843E-02 4.46732E+00 9.32143E-01 3.98338E-02 5.58371E+00
 5.99502E-01 2.24894E-02 5.56247E-01 2.15198E-02 8.37922E+00 7.65681E-01 2.98904E-02 4.49964E+00 9.87320E-01 3.76191E-02 6.03848E+00
 6.02542E-01 2.01568E-02 5.59688E-01 1.92836E-02 8.42929E+00 7.70672E-01 2.67827E-02 4.52653E+00 1.00870E+00 3.42631E-02 6.20768E+00
 6.04093E-01 1.80394E-02 5.61667E-01 1.72520E-02 8.46935E+00 7.73619E-01 2.39587E-02 4.54804E+00 1.01607E+00 3.07908E-02 6.27281E+00
 6.04234E-01 1.61235E-02 5.62266E-01 1.54137E-02 8.49954E+00 7.74634E-01 2.14033E-02 4.56425E+00 1.01773E+00 2.75422E-02 6.30338E+00
 6.03048E-01 1.43941E-02 5.61564E-01 1.37546E-02 8.52002E+00 7.73833E-01 1.90972E-02 4.57525E+00 1.01631E+00 2.45874E-02 6.32021E+00
 6.00600E-01 1.28362E-02 5.59627E-01 1.22606E-02 8.53082E+00 7.71303E-01 1.70208E-02 4.58105E+00 1.01254E+00 2.19221E-02 6.32851E+00
 5.96988E-01 1.14354E-02 5.56550E-01 1.09176E-02 8.53223E+00 7.67180E-01 1.51545E-02 4.58181E+00 1.00673E+00 1.95252E-02 6.32959E+00
 3.12212E-01 7.10529E-02 2.84493E-01 7.13593E-02 5.17306E+00 3.89477E-01 1.00457E-01 2.77793E+00 3.12215E-01 7.10537E-02 7.38585E-04
 3.28694E-01 6.60809E-02 3.00307E-01 6.62291E-02 5.39675E+00 4.11460E-01 9.31831E-02 2.89806E+00 3.28698E-01 6.60819E-02 1.02795E-03
 3.46256E-01 6.13575E-02 3.16966E-01 6.13270E-02 5.60322E+00 4.34539E-01 8.62222E-02 3.00893E+00 3.46262E-01 6.13587E-02 1.45804E-03
 3.63428E-01 5.69872E-02 3.33073E-01 5.67427E-02 5.79448E+00 4.56783E-01 7.96945E-02 3.11164E+00 3.63437E-01 5.69888E-02 2.11341E-03
 3.80734E-01 5.30756E-02 3.48905E-01 5.25436E-02 5.97158E+00 4.78484E-01 7.36806E-02 3.20674E+00 3.80747E-01 5.30777E-02 3.13874E-03
 3.98239E-01 4.97139E-02 3.64460E-01 4.87819E-02 6.13503E+00 4.99612E-01 6.82388E-02 3.29451E+00 3.98260E-01 4.97167E-02 4.78854E-03
 4.15630E-01 4.69443E-02 3.79562E-01 4.54839E-02 6.28573E+00 5.19977E-01 6.34002E-02 3.37544E+00 4.15664E-01 4.69484E-02 7.52543E-03
 4.28801E-01 4.51457E-02 3.90863E-01 4.32179E-02 6.39438E+00 5.35156E-01 6.00358E-02 3.43378E+00 4.28852E-01 4.51514E-02 1.09163E-02
 4.32233E-01 4.47231E-02 3.93756E-01 4.26591E-02 6.42312E+00 5.39019E-01 5.91982E-02 3.44922E+00 4.32290E-01 4.47293E-02 1.22144E-02
 4.49751E-01 4.27779E-02 4.09074E-01 4.01168E-02 6.55400E+00 5.59720E-01 5.53959E-02 3.51950E+00 4.49856E-01 4.27882E-02 2.14081E-02
 4.66668E-01 4.08060E-02 4.24157E-01 3.77352E-02 6.67394E+00 5.80229E-01 5.18910E-02 3.58391E+00 4.66873E-01 4.08242E-02 3.92353E-02
 4.82319E-01 3.86691E-02 4.38784E-01 3.55264E-02 6.78328E+00 6.00407E-01 4.87578E-02 3.64262E+00 4.82754E-01 3.87044E-02 7.53853E-02
 4.96256E-01 3.63553E-02 4.52517E-01 3.34941E-02 6.88219E+00 6.19640E-01 4.60074E-02 3.69574E+00 4.97296E-01 3.64323E-02 1.51911E-01
 5.08523E-01 3.38761E-02 4.64916E-01 3.14992E-02 6.97075E+00 6.37124E-01 4.33867E-02 3.74329E+00 5.11429E-01 3.40734E-02 3.19390E-01
 5.18763E-01 3.12332E-02 4.75694E-01 2.93366E-02 7.04916E+00 6.52484E-01 4.05287E-02 3.78540E+00 5.28308E-01 3.18245E-02 6.87140E-01
 5.27375E-01 2.85088E-02 4.84664E-01 2.69800E-02 7.11763E+00 6.65235E-01 3.73552E-02 3.82217E+00 5.60991E-01 3.03930E-02 1.43858E+00
 5.34098E-01 2.58149E-02 4.91791E-01 2.45378E-02 7.17634E+00 6.75409E-01 3.40169E-02 3.85369E+00 6.35997E-01 3.09409E-02 2.66873E+00
 5.39171E-01 2.32464E-02 4.97258E-01 2.21408E-02 7.22543E+00 6.83247E-01 3.07117E-02 3.88005E+00 7.52728E-01 3.28374E-02 4.00182E+00
 5.42729E-01 2.08595E-02 5.01222E-01 1.98805E-02 7.26506E+00 6.88975E-01 2.75817E-02 3.90133E+00 8.49081E-01 3.31149E-02 4.87629E+00
 5.44861E-01 1.86743E-02 5.03774E-01 1.77975E-02 7.29539E+00 6.92723E-01 2.46917E-02 3.91763E+00 8.95752E-01 3.11735E-02 5.25742E+00
 5.45661E-01 1.66904E-02 5.05016E-01 1.59018E-02 7.31661E+00 6.94638E-01 2.20597E-02 3.92902E+00 9.11775E-01 2.83101E-02 5.38826E+00
 5.45209E-01 1.48976E-02 5.05033E-01 1.41876E-02 7.32890E+00 6.94841E-01 1.96793E-02 3.93562E+00 9.15265E-01 2.53723E-02 5.42813E+00
 5.43588E-01 1.32822E-02 5.03905E-01 1.26431E-02 7.33246E+00 6.93443E-01 1.75345E-02 3.93753E+00 9.13778E-01 2.26378E-02 5.43786E+00
 5.40875E-01 1.18296E-02 5.01711E-01 1.12547E-02 7.32750E+00 6.90555E-01 1.56067E-02 3.93487E+00 9.09694E-01 2.01606E-02 5.43559E+00
 5.37135E-01 1.05258E-02 4.98513E-01 1.00091E-02 7.31414E+00 6.86265E-01 1.38773E-02 3.92769E+00 9.03688E-01 1.79343E-02 5.42592E+00
 5.32458E-01 9.35722E-03 4.94399E-01 8.89313E-03 7.29270E+00 6.80695E-01 1.23282E-02 3.91618E+00 8.96037E-01 1.59389E-02 5.41005E+00
 3.15104E-01 6.68391E-02 2.86019E-01 6.66418E-02 4.74240E+00 3.91102E-01 9.36319E-02 2.54667E+00 3.15107E-01 6.68398E-02 6.77097E-04
 3.29814E-01 6.14615E-02 3.00277E-01 6.11661E-02 4.93503E+00 4.10980E-01 8.58950E-02 2.65011E+00 3.29818E-01 6.14624E-02 9.40005E-04
 3.45099E-01 5.64820E-02 3.14913E-01 5.60723E-02 5.11053E+00 4.31312E-01 7.86890E-02 2.74436E+00 3.45105E-01 5.64831E-02 1.32983E-03
 3.59803E-01 5.19532E-02 3.28800E-01 5.14012E-02 5.27096E+00 4.50527E-01 7.20666E-02 2.83051E+00 3.59812E-01 5.19546E-02 1.92247E-03
 3.74287E-01 4.79329E-02 3.42143E-01 4.71812E-02 5.41747E+00 4.68856E-01 6.60566E-02 2.90918E+00 3.74300E-01 4.79348E-02 2.84749E-03
 3.88806E-01 4.44809E-02 3.55072E-01 4.34377E-02 5.55070E+00 4.86429E-01 6.06818E-02 2.98073E+00 3.88827E-01 4.44835E-02 4.33246E-03
 4.03014E-01 4.16255E-02 3.67401E-01 4.01807E-02 5.67161E+00 5.03050E-01 5.59489E-02 3.04565E+00 4.03048E-01 4.16292E-02 6.79019E-03
 4.13589E-01 3.97652E-02 3.76455E-01 3.79568E-02 5.75750E+00 5.15202E-01 5.26835E-02 3.09178E+00 4.13638E-01 3.97702E-02 9.82903E-03
 4.16345E-01 3.93203E-02 3.78750E-01 3.74053E-02 5.77981E+00 5.18253E-01 5.18674E-02 3.10376E+00 4.16400E-01 3.93258E-02 1.09910E-02
 4.30157E-01 3.73024E-02 3.90729E-01 3.49157E-02 5.88032E+00 5.34399E-01 4.81871E-02 3.15773E+00 4.30257E-01 3.73114E-02 1.92076E-02
 4.43283E-01 3.53230E-02 4.02346E-01 3.26148E-02 5.97032E+00 5.50159E-01 4.48292E-02 3.20606E+00 4.43477E-01 3.53388E-02 3.50988E-02
 4.55152E-01 3.32531E-02 4.13379E-01 3.04966E-02 6.05018E+00 5.65354E-01 4.18323E-02 3.24895E+00 4.55562E-01 3.32834E-02 6.72380E-02
 4.65428E-01 3.10797E-02 4.23526E-01 2.85659E-02 6.12016E+00 5.79574E-01 3.92101E-02 3.28652E+00 4.66402E-01 3.11454E-02 1.35090E-01
 4.74200E-01 2.88111E-02 4.32473E-01 2.67093E-02 6.18040E+00 5.92221E-01 3.67563E-02 3.31887E+00 4.76902E-01 2.89784E-02 2.83177E-01
 4.81152E-01 2.64452E-02 4.39954E-01 2.47526E-02 6.23116E+00 6.02941E-01 3.41607E-02 3.34613E+00 4.89975E-01 2.69438E-02 6.07403E-01
 4.86659E-01 2.40452E-02 4.45855E-01 2.26689E-02 6.27273E+00 6.11389E-01 3.13512E-02 3.36846E+00 5.17561E-01 2.56270E-02 1.26782E+00
 4.90518E-01 2.16988E-02 4.50152E-01 2.05419E-02 6.30533E+00 6.17598E-01 2.84440E-02 3.38596E+00 5.83707E-01 2.59856E-02 2.34482E+00
 4.92943E-01 1.94796E-02 4.53011E-01 1.84752E-02 6.32918E+00 6.21784E-01 2.55959E-02 3.39877E+00 6.87307E-01 2.74739E-02 3.50543E+00
 4.94065E-01 1.74299E-02 4.54582E-01 1.65400E-02 6.34448E+00 6.24164E-01 2.29185E-02 3.40699E+00 7.71623E-01 2.76143E-02 4.25840E+00
 4.93975E-01 1.55627E-02 4.54955E-01 1.47664E-02 6.35147E+00 6.24865E-01 2.04602E-02 3.41074E+00 8.10520E-01 2.59209E-02 4.57718E+00
 4.92763E-01 1.38748E-02 4.54228E-01 1.31596E-02 6.35038E+00 6.24028E-01 1.82317E-02 3.41015E+00 8.21690E-01 2.34790E-02 4.67668E+00
 4.90509E-01 1.23553E-02 4.52484E-01 1.17124E-02 6.34143E+00 6.21769E-01 1.62243E-02 3.40535E+00 8.21678E-01 2.09919E-02 4.69676E+00
 4.87290E-01 1.09910E-02 4.49798E-01 1.04132E-02 6.32487E+00 6.18195E-01 1.44222E-02 3.39646E+00 8.17339E-01 1.86867E-02 4.69062E+00
 4.83181E-01 9.76814E-03 4.46244E-01 9.24922E-03 6.30097E+00 6.13409E-01 1.28080E-02 3.38362E+00 8.10828E-01 1.66058E-02 4.67411E+00
 4.78245E-01 8.67385E-03 4.41883E-01 8.20818E-03 6.26990E+00 6.07497E-01 1.13644E-02 3.36694E+00 8.02756E-01 1.47414E-02 4.65127E+00
 4.72560E-01 7.69583E-03 4.36794E-01 7.27828E-03 6.23199E+00 6.00567E-01 1.00752E-02 3.34658E+00 7.93371E-01 1.30752E-02 4.62317E+00
 3.18543E-01 6.26944E-02 2.88236E-01 6.20026E-02 4.34507E+00 3.93754E-01 8.69203E-02 2.33330E+00 3.18546E-01 6.26951E-02 6.20368E-04
 3.31475E-01 5.70592E-02 3.00887E-01 5.63375E-02 4.51007E+00 4.11437E-01 7.89430E-02 2.42191E+00 3.31479E-01 5.70600E-02 8.59061E-04
 3.44612E-01 5.19413E-02 3.13567E-01 5.11723E-02 4.65829E+00 4.29092E-01 7.16621E-02 2.50150E+00 3.44618E-01 5.19423E-02 1.21215E-03
 3.57127E-01 4.73455E-02 3.25419E-01 4.65057E-02 4.79178E+00 4.45506E-01 6.50733E-02 2.57319E+00 3.57136E-01 4.73468E-02 1.74770E-03
 3.69097E-01 4.32971E-02 3.36507E-01 4.23385E-02 4.91177E+00 4.60760E-01 5.91683E-02 2.63762E+00 3.69111E-01 4.32987E-02 2.58169E-03
 3.80746E-01 3.98255E-02 3.46955E-01 3.86723E-02 5.01900E+00 4.74995E-01 5.39392E-02 2.69520E+00 3.80767E-01 3.98278E-02 3.91745E-03
 3.92195E-01 3.69450E-02 3.56859E-01 3.55021E-02 5.11445E+00 4.88331E-01 4.93711E-02 2.74646E+00 3.92228E-01 3.69482E-02 6.12315E-03
 4.00507E-01 3.50655E-02 3.63953E-01 3.33502E-02 5.18101E+00 4.97844E-01 4.62414E-02 2.78220E+00 4.00555E-01 3.50699E-02 8.84486E-03
 4.02694E-01 3.46097E-02 3.65747E-01 3.28138E-02 5.19789E+00 5.00215E-01 4.54565E-02 2.79127E+00 4.02747E-01 3.46145E-02 9.88445E-03
 4.13367E-01 3.25690E-02 3.74927E-01 3.04117E-02 5.27285E+00 5.12555E-01 4.19412E-02 2.83152E+00 4.13463E-01 3.25768E-02 1.72234E-02
 4.23322E-01 3.06191E-02 3.83677E-01 2.82176E-02 5.33785E+00 5.24401E-01 3.87630E-02 2.86643E+00 4.23507E-01 3.06327E-02 3.13806E-02
 4.32067E-01 2.86390E-02 3.91770E-01 2.62120E-02 5.39329E+00 5.35533E-01 3.59332E-02 2.89620E+00 4.32456E-01 2.86650E-02 5.99377E-02
 4.39355E-01 2.66138E-02 3.99012E-01 2.43984E-02 5.43947E+00 5.45697E-01 3.34635E-02 2.92100E+00 4.40272E-01 2.66700E-02 1.20066E-01
 4.45309E-01 2.45482E-02 4.05188E-01 2.26840E-02 5.47662E+00 5.54467E-01 3.11866E-02 2.94094E+00 4.47839E-01 2.46902E-02 2.50931E-01
 4.49641E-01 2.24361E-02 4.10048E-01 2.09206E-02 5.50503E+00 5.61501E-01 2.88399E-02 2.95620E+00 4.57860E-01 2.28572E-02 5.36622E-01
 4.52699E-01 2.03251E-02 4.13536E-01 1.90818E-02 5.52504E+00 5.66569E-01 2.63580E-02 2.96695E+00 4.81341E-01 2.16553E-02 1.11670E+00
 4.54328E-01 1.82828E-02 4.15640E-01 1.72314E-02 5.53692E+00 5.69709E-01 2.38292E-02 2.97333E+00 5.40303E-01 2.18747E-02 2.05906E+00
 4.54717E-01 1.63655E-02 4.16502E-01 1.54503E-02 5.54092E+00 5.71102E-01 2.13766E-02 2.97547E+00 6.33255E-01 2.30428E-02 3.06885E+00
 4.53987E-01 1.46045E-02 4.16264E-01 1.37935E-02 5.53731E+00 5.70954E-01 1.90865E-02 2.97354E+00 7.07903E-01 2.30870E-02 3.71663E+00
 4.52226E-01 1.30075E-02 4.15009E-01 1.22824E-02 5.52636E+00 5.69382E-01 1.69945E-02 2.96765E+00 7.40688E-01 2.16120E-02 3.98256E+00
 4.49519E-01 1.15694E-02 4.12830E-01 1.09190E-02 5.50833E+00 5.66519E-01 1.51059E-02 2.95797E+00 7.48157E-01 1.95278E-02 4.05656E+00
 4.45943E-01 1.02792E-02 4.09803E-01 9.69555E-03 5.48349E+00 5.62472E-01 1.34109E-02 2.94464E+00 7.45553E-01 1.74188E-02 4.06134E+00
 4.41569E-01 9.12430E-03 4.06000E-01 8.60075E-03 5.45213E+00 5.57342E-01 1.18944E-02 2.92779E+00 7.39154E-01 1.54718E-02 4.04338E+00
 4.36466E-01 8.09222E-03 4.01488E-01 7.62289E-03 5.41453E+00 5.51223E-01 1.05400E-02 2.90760E+00 7.30921E-01 1.37197E-02 4.01654E+00
 4.30692E-01 7.17123E-03 3.96324E-01 6.75084E-03 5.37090E+00 5.44193E-01 9.33245E-03 2.88417E+00 7.21414E-01 1.21545E-02 3.98435E+00
 4.24320E-01 6.35025E-03 3.90578E-01 5.97400E-03 5.32160E+00 5.36352E-01 8.25692E-03 2.85770E+00 7.10854E-01 1.07593E-02 3.94780E+00
 3.21971E-01 5.88170E-02 2.90587E-01 5.76532E-02 3.98781E+00 3.96650E-01 8.06246E-02 2.14145E+00 3.21974E-01 5.88176E-02 5.69361E-04
 3.33025E-01 5.30193E-02 3.01513E-01 5.18990E-02 4.12887E+00 4.11964E-01 7.25500E-02 2.21720E+00 3.33030E-01 5.30201E-02 7.86452E-04
 3.44106E-01 4.78318E-02 3.12253E-01 4.67334E-02 4.25358E+00 4.26937E-01 6.52949E-02 2.28417E+00 3.44112E-01 4.78327E-02 1.10684E-03
 3.54317E-01 4.32233E-02 3.21989E-01 4.21234E-02 4.36395E+00 4.40446E-01 5.88121E-02 2.34344E+00 3.54326E-01 4.32244E-02 1.59166E-03
 3.63840E-01 3.91939E-02 3.30860E-01 3.80491E-02 4.46130E+00 4.52671E-01 5.30660E-02 2.39572E+00 3.63853E-01 3.91954E-02 2.34492E-03
 3.72781E-01 3.57485E-02 3.38939E-01 3.44930E-02 4.54644E+00 4.63703E-01 4.80235E-02 2.44144E+00 3.72801E-01 3.57505E-02 3.54860E-03
 3.81565E-01 3.28808E-02 3.46502E-01 3.14333E-02 4.62038E+00 4.73873E-01 4.36481E-02 2.48114E+00 3.81597E-01 3.28837E-02 5.53163E-03
 3.87715E-01 3.10104E-02 3.51730E-01 2.93687E-02 4.67068E+00 4.80872E-01 4.06709E-02 2.50815E+00 3.87761E-01 3.10143E-02 7.97364E-03
 3.89399E-01 3.05512E-02 3.53066E-01 2.88515E-02 4.68303E+00 4.82618E-01 3.99216E-02 2.51479E+00 3.89451E-01 3.05555E-02 8.90538E-03
 3.97138E-01 2.85207E-02 3.59620E-01 2.65548E-02 4.73672E+00 4.91384E-01 3.65908E-02 2.54362E+00 3.97230E-01 2.85275E-02 1.54721E-02
 4.04163E-01 2.66227E-02 3.65723E-01 2.44795E-02 4.78104E+00 4.99613E-01 3.36052E-02 2.56742E+00 4.04339E-01 2.66345E-02 2.81071E-02
 4.10048E-01 2.47444E-02 3.71131E-01 2.25966E-02 4.81641E+00 5.07037E-01 3.09557E-02 2.58641E+00 4.10416E-01 2.47668E-02 5.35266E-02
 4.14616E-01 2.28670E-02 3.75739E-01 2.09057E-02 4.84319E+00 5.13531E-01 2.86491E-02 2.60079E+00 4.15480E-01 2.29151E-02 1.06904E-01
 4.18017E-01 2.09910E-02 3.79416E-01 1.93303E-02 4.86164E+00 5.18807E-01 2.65483E-02 2.61070E+00 4.20386E-01 2.11120E-02 2.22754E-01
 4.19990E-01 1.91070E-02 3.81927E-01 1.77445E-02 4.87212E+00 5.22542E-01 2.44321E-02 2.61633E+00 4.27641E-01 1.94639E-02 4.74927E-01
 4.20853E-01 1.72496E-02 3.83260E-01 1.61224E-02 4.87499E+00 5.24597E-01 2.22409E-02 2.61787E+00 4.47378E-01 1.83723E-02 9.85311E-01
 4.20491E-01 1.54699E-02 3.83413E-01 1.45115E-02 4.87055E+00 5.25008E-01 2.00400E-02 2.61549E+00 4.99730E-01 1.84912E-02 1.81125E+00
 4.19069E-01 1.38106E-02 3.82508E-01 1.29744E-02 4.85911E+00 5.23932E-01 1.79253E-02 2.60934E+00 5.82877E-01 1.94106E-02 2.69123E+00
 4.16702E-01 1.22942E-02 3.80676E-01 1.15531E-02 4.84095E+00 5.21560E-01 1.59629E-02 2.59959E+00 6.48672E-01 1.93892E-02 3.24923E+00
 4.13471E-01 1.09243E-02 3.77996E-01 1.02626E-02 4.81637E+00 5.18001E-01 1.41785E-02 2.58639E+00 6.75924E-01 1.81039E-02 3.47091E+00
 4.09458E-01 9.69490E-03 3.74553E-01 9.10242E-03 4.78568E+00 5.13377E-01 1.25735E-02 2.56991E+00 6.80105E-01 1.63199E-02 3.52437E+00
 4.04732E-01 8.59529E-03 3.70418E-01 8.06459E-03 4.74916E+00 5.07787E-01 1.11377E-02 2.55030E+00 6.75237E-01 1.45254E-02 3.51746E+00
 3.99361E-01 7.61377E-03 3.65657E-01 7.13863E-03 4.70712E+00 5.01325E-01 9.85689E-03 2.52772E+00 6.67061E-01 1.28745E-02 3.49087E+00
 3.93408E-01 6.73891E-03 3.60332E-01 6.31384E-03 4.65986E+00 4.94077E-01 8.71620E-03 2.50235E+00 6.57361E-01 1.13932E-02 3.45672E+00
 3.86929E-01 5.96018E-03 3.54496E-01 5.58022E-03 4.60763E+00 4.86116E-01 7.70181E-03 2.47430E+00 6.46648E-01 1.00732E-02 3.41812E+00
 3.79985E-01 5.26767E-03 3.48211E-01 4.92831E-03 4.55077E+00 4.77529E-01 6.80060E-03 2.44376E+00 6.35119E-01 8.89949E-03 3.37596E+00
 3.24926E-01 5.53249E-02 2.92655E-01 5.37216E-02 3.66127E+00 3.99220E-01 7.49289E-02 1.96610E+00 3.24929E-01 5.53254E-02 5.22738E-04
 3.34154E-01 4.94137E-02 3.01849E-01 4.79298E-02 3.78148E+00 4.12134E-01 6.68305E-02 2.03065E+00 3.34159E-01 4.94144E-02 7.20282E-04
 3.43163E-01 4.41858E-02 3.10639E-01 4.27940E-02 3.88580E+00 4.24412E-01 5.96439E-02 2.08668E+00 3.43169E-01 4.41867E-02 1.01114E-03
 3.51196E-01 3.95881E-02 3.18355E-01 3.82608E-02 3.97625E+00 4.35140E-01 5.32941E-02 2.13525E+00 3.51205E-01 3.95892E-02 1.45025E-03
 3.58461E-01 3.55982E-02 3.25161E-01 3.42926E-02 4.05416E+00 4.44537E-01 4.77226E-02 2.17709E+00 3.58474E-01 3.55995E-02 2.13092E-03
 3.65071E-01 3.22001E-02 3.31148E-01 3.08564E-02 4.12045E+00 4.52717E-01 4.28764E-02 2.21268E+00 3.65090E-01 3.22019E-02 3.21611E-03
 3.71353E-01 2.93678E-02 3.36539E-01 2.79152E-02 4.17614E+00 4.59958E-01 3.86992E-02 2.24259E+00 3.71384E-01 2.93703E-02 4.99979E-03
 3.75643E-01 2.75233E-02 3.40140E-01 2.59425E-02 4.21272E+00 4.64760E-01 3.58765E-02 2.26223E+00 3.75688E-01 2.75266E-02 7.19183E-03
 3.76836E-01 2.70650E-02 3.41046E-01 2.54457E-02 4.22128E+00 4.65924E-01 3.51633E-02 2.26683E+00 3.76885E-01 2.70687E-02 8.02729E-03
 3.82025E-01 2.50645E-02 3.45340E-01 2.32603E-02 4.25719E+00 4.71621E-01 3.20198E-02 2.28611E+00 3.82114E-01 2.50705E-02 1.39058E-02
 3.86514E-01 2.32305E-02 3.49153E-01 2.13059E-02 4.28434E+00 4.76725E-01 2.92259E-02 2.30069E+00 3.86683E-01 2.32408E-02 2.51871E-02
 3.89959E-01 2.14572E-02 3.52289E-01 1.95468E-02 4.30319E+00 4.81017E-01 2.67578E-02 2.31081E+00 3.90308E-01 2.14766E-02 4.78231E-02
 3.92228E-01 1.97215E-02 3.54686E-01 1.79776E-02 4.31413E+00 4.84436E-01 2.46147E-02 2.31669E+00 3.93043E-01 1.97629E-02 9.52259E-02
 3.93490E-01 1.80191E-02 3.56282E-01 1.65340E-02 4.31748E+00 4.86808E-01 2.26833E-02 2.31849E+00 3.95714E-01 1.81224E-02 1.97821E-01
 3.93506E-01 1.63375E-02 3.56853E-01 1.51087E-02 4.31361E+00 4.87823E-01 2.07769E-02 2.31641E+00 4.00650E-01 1.66411E-02 4.20484E-01
 3.92561E-01 1.47009E-02 3.56424E-01 1.36765E-02 4.30291E+00 4.87416E-01 1.88408E-02 2.31066E+00 4.17211E-01 1.56523E-02 8.69685E-01
 3.90577E-01 1.31470E-02 3.54997E-01 1.22717E-02 4.28572E+00 4.85620E-01 1.69223E-02 2.30143E+00 4.63880E-01 1.56987E-02 1.59377E+00
 3.87694E-01 1.17073E-02 3.52675E-01 1.09424E-02 4.26237E+00 4.82569E-01 1.50951E-02 2.28889E+00 5.38584E-01 1.64237E-02 2.36072E+00
 3.84019E-01 1.03975E-02 3.49579E-01 9.71988E-03 4.23317E+00 4.78437E-01 1.34093E-02 2.27321E+00 5.96827E-01 1.63583E-02 2.84129E+00
 3.79627E-01 9.21865E-03 3.45782E-01 8.61440E-03 4.19844E+00 4.73325E-01 1.18828E-02 2.25456E+00 6.19463E-01 1.52364E-02 3.02560E+00
 3.74593E-01 8.16378E-03 3.41362E-01 7.62380E-03 4.15849E+00 4.67343E-01 1.05144E-02 2.23311E+00 6.20991E-01 1.37044E-02 3.06249E+00
 3.68982E-01 7.22286E-03 3.36383E-01 6.74021E-03 4.11365E+00 4.60582E-01 9.29380E-03 2.20903E+00 6.14361E-01 1.21718E-02 3.04676E+00
 3.62856E-01 6.38513E-03 3.30906E-01 5.95396E-03 4.06421E+00 4.53128E-01 8.20782E-03 2.18248E+00 6.04840E-01 1.07663E-02 3.01408E+00
 3.56274E-01 5.64023E-03 3.24987E-01 5.25535E-03 4.01050E+00 4.45058E-01 7.24313E-03 2.15364E+00 5.94060E-01 9.50835E-03 2.97502E+00
 3.49285E-01 4.97873E-03 3.18675E-01 4.63547E-03 3.95276E+00 4.36440E-01 6.38734E-03 2.12263E+00 5.82485E-01 8.39015E-03 2.93232E+00
 3.41946E-01 4.39177E-03 3.12024E-01 4.08589E-03 3.89135E+00 4.27351E-01 5.62880E-03 2.08966E+00 5.70291E-01 7.39815E-03 2.88678E+00
 3.27462E-01 5.23551E-02 2.94441E-01 5.03481E-02 3.36825E+00 4.01446E-01 7.00315E-02 1.80875E+00 3.27465E-01 5.23556E-02 4.80903E-04
 3.34869E-01 4.63329E-02 3.01887E-01 4.45228E-02 3.47035E+00 4.11931E-01 6.19155E-02 1.86358E+00 3.34873E-01 4.63335E-02 6.61019E-04
 3.41846E-01 4.10604E-02 3.08762E-01 3.94113E-02 3.55703E+00 4.21558E-01 5.47894E-02 1.91013E+00 3.41852E-01 4.10611E-02 9.25590E-04
 3.47814E-01 3.64673E-02 3.14549E-01 3.49449E-02 3.63028E+00 4.29628E-01 4.85572E-02 1.94946E+00 3.47822E-01 3.64682E-02 1.32407E-03
 3.52980E-01 3.25123E-02 3.19426E-01 3.10718E-02 3.69150E+00 4.36376E-01 4.31424E-02 1.98234E+00 3.52993E-01 3.25136E-02 1.94030E-03
 3.57465E-01 2.91613E-02 3.23493E-01 2.77455E-02 3.74166E+00 4.41934E-01 3.84746E-02 2.00927E+00 3.57484E-01 2.91630E-02 2.92046E-03
 3.61475E-01 2.63713E-02 3.26908E-01 2.49159E-02 3.78182E+00 4.46511E-01 3.44808E-02 2.03084E+00 3.61505E-01 2.63735E-02 4.52769E-03
 3.64196E-01 2.45574E-02 3.29106E-01 2.30295E-02 3.80677E+00 4.49402E-01 3.18005E-02 2.04423E+00 3.64239E-01 2.45604E-02 6.49880E-03
 3.64875E-01 2.41028E-02 3.29584E-01 2.25525E-02 3.81213E+00 4.49997E-01 3.11213E-02 2.04711E+00 3.64923E-01 2.41061E-02 7.24924E-03
 3.67814E-01 2.21407E-02 3.31885E-01 2.04732E-02 3.83313E+00 4.52991E-01 2.81528E-02 2.05839E+00 3.67899E-01 2.21460E-02 1.25206E-02
 3.70081E-01 2.03738E-02 3.33696E-01 1.86336E-02 3.84600E+00 4.55363E-01 2.55386E-02 2.06530E+00 3.70242E-01 2.03828E-02 2.26102E-02
 3.71410E-01 1.87016E-02 3.34873E-01 1.69922E-02 3.85121E+00 4.56959E-01 2.32422E-02 2.06810E+00 3.71741E-01 1.87185E-02 4.28000E-02
 3.71700E-01 1.70964E-02 3.35380E-01 1.55379E-02 3.84919E+00 4.57755E-01 2.12547E-02 2.06702E+00 3.72470E-01 1.71321E-02 8.49633E-02
 3.71137E-01 1.55487E-02 3.35212E-01 1.42149E-02 3.84031E+00 4.57669E-01 1.94801E-02 2.06224E+00 3.73228E-01 1.56376E-02 1.75957E-01
 3.69492E-01 1.40438E-02 3.34151E-01 1.29318E-02 3.82495E+00 4.56401E-01 1.77602E-02 2.05400E+00 3.76178E-01 1.43034E-02 3.72850E-01
 3.67028E-01 1.25967E-02 3.32250E-01 1.16634E-02 3.80354E+00 4.53941E-01 1.60448E-02 2.04250E+00 3.89990E-01 1.34071E-02 7.68753E-01
 3.63691E-01 1.12345E-02 3.29514E-01 1.04340E-02 3.77642E+00 4.50324E-01 1.43666E-02 2.02794E+00 4.31675E-01 1.34013E-02 1.40437E+00
 3.59600E-01 9.97997E-03 3.26031E-01 9.27955E-03 3.74395E+00 4.45657E-01 1.27815E-02 2.01050E+00 4.98961E-01 1.39741E-02 2.07359E+00
 3.54853E-01 8.84349E-03 3.21910E-01 8.22342E-03 3.70645E+00 4.40100E-01 1.13270E-02 1.99036E+00 5.50625E-01 1.38792E-02 2.48776E+00
 3.49521E-01 7.82396E-03 3.17217E-01 7.27200E-03 3.66426E+00 4.33745E-01 1.00152E-02 1.96771E+00 5.69320E-01 1.28964E-02 2.64065E+00
 3.43670E-01 6.91422E-03 3.12023E-01 6.42203E-03 3.61771E+00 4.26692E-01 8.84275E-03 1.94271E+00 5.68655E-01 1.15745E-02 2.66423E+00
 3.37362E-01 6.10482E-03 3.06387E-01 5.66589E-03 3.56711E+00 4.19024E-01 7.79981E-03 1.91554E+00 5.60619E-01 1.02586E-02 2.64197E+00
 3.30652E-01 5.38588E-03 3.00365E-01 4.99470E-03 3.51278E+00 4.10816E-01 6.87422E-03 1.88636E+00 5.50059E-01 9.05560E-03 2.60513E+00
 3.23594E-01 4.74807E-03 2.94005E-01 4.39974E-03 3.45502E+00 4.02141E-01 6.05394E-03 1.85535E+00 5.38469E-01 7.98149E-03 2.56296E+00
 3.16233E-01 4.18293E-03 2.87354E-01 3.87303E-03 3.39412E+00 3.93058E-01 5.32795E-03 1.82264E+00 5.26272E-01 7.02888E-03 2.51789E+00
 3.08620E-01 3.68255E-03 2.80459E-01 3.40708E-03 3.33039E+00 3.83636E-01 4.68589E-03 1.78842E+00 5.13626E-01 6.18561E-03 2.47063E+00
 3.29224E-01 4.99251E-02 2.95593E-01 4.75537E-02 3.10679E+00 4.02833E-01 6.59635E-02 1.66835E+00 3.29227E-01 4.99256E-02 4.43573E-04
 3.34840E-01 4.37704E-02 3.01317E-01 4.16728E-02 3.19318E+00 4.10924E-01 5.77985E-02 1.71474E+00 3.34844E-01 4.37710E-02 6.08226E-04
 3.39899E-01 3.84303E-02 3.06374E-01 3.65604E-02 3.26460E+00 4.18033E-01 5.06964E-02 1.75309E+00 3.39905E-01 3.84311E-02 8.49495E-04
 3.43952E-01 3.38207E-02 3.10368E-01 3.21357E-02 3.32302E+00 4.23627E-01 4.45452E-02 1.78446E+00 3.43961E-01 3.38216E-02 1.21200E-03
 3.47207E-01 2.98842E-02 3.13480E-01 2.83351E-02 3.36989E+00 4.27949E-01 3.92528E-02 1.80963E+00 3.47219E-01 2.98853E-02 1.77126E-03
 3.49785E-01 2.65698E-02 3.15817E-01 2.50995E-02 3.40625E+00 4.31143E-01 3.47332E-02 1.82915E+00 3.49804E-01 2.65713E-02 2.65866E-03
 3.51808E-01 2.38203E-02 3.17492E-01 2.23677E-02 3.43318E+00 4.33366E-01 3.08986E-02 1.84362E+00 3.51837E-01 2.38224E-02 4.11029E-03
 3.53132E-01 2.20361E-02 3.18446E-01 2.05573E-02 3.44829E+00 4.34565E-01 2.83430E-02 1.85173E+00 3.53173E-01 2.20388E-02 5.88681E-03
 3.53361E-01 2.15869E-02 3.18546E-01 2.00987E-02 3.45095E+00 4.34658E-01 2.76947E-02 1.85316E+00 3.53407E-01 2.15898E-02 6.56243E-03
 3.54343E-01 1.96656E-02 3.19120E-01 1.81161E-02 3.45947E+00 4.35309E-01 2.48835E-02 1.85773E+00 3.54425E-01 1.96703E-02 1.13001E-02
 3.54697E-01 1.79648E-02 3.19215E-01 1.63822E-02 3.46047E+00 4.35344E-01 2.24328E-02 1.85827E+00 3.54851E-01 1.79727E-02 2.03437E-02
 3.54218E-01 1.63873E-02 3.18731E-01 1.48495E-02 3.45445E+00 4.34661E-01 2.02946E-02 1.85504E+00 3.54534E-01 1.64021E-02 3.83907E-02
 3.52826E-01 1.49005E-02 3.17646E-01 1.35012E-02 3.44189E+00 4.33253E-01 1.84515E-02 1.84829E+00 3.53555E-01 1.49315E-02 7.59728E-02
 3.50729E-01 1.34898E-02 3.16007E-01 1.22875E-02 3.42316E+00 4.31122E-01 1.68199E-02 1.83824E+00 3.52700E-01 1.35666E-02 1.56844E-01
 3.47695E-01 1.21381E-02 3.13593E-01 1.11292E-02 3.39869E+00 4.27964E-01 1.52649E-02 1.82510E+00 3.53967E-01 1.23614E-02 3.31299E-01
 3.43970E-01 1.08533E-02 3.10480E-01 1.00018E-02 3.36891E+00 4.23820E-01 1.37394E-02 1.80911E+00 3.65412E-01 1.15475E-02 6.80909E-01
 3.39518E-01 9.65368E-03 3.06676E-01 8.92108E-03 3.33419E+00 4.18719E-01 1.22652E-02 1.79046E+00 4.02738E-01 1.15039E-02 1.23991E+00
 3.34441E-01 8.55518E-03 3.02254E-01 7.91387E-03 3.29487E+00 4.12750E-01 1.08837E-02 1.76935E+00 4.63523E-01 1.19567E-02 1.82487E+00
 3.28828E-01 7.56406E-03 2.97313E-01 6.99696E-03 3.25131E+00 4.06058E-01 9.62265E-03 1.74595E+00 5.09472E-01 1.18426E-02 2.18227E+00
 3.22745E-01 6.67772E-03 2.91914E-01 6.17389E-03 3.20385E+00 3.98727E-01 8.48941E-03 1.72047E+00 5.24814E-01 1.09779E-02 2.30885E+00
 3.16251E-01 5.88894E-03 2.86120E-01 5.44071E-03 3.15280E+00 3.90846E-01 7.47963E-03 1.69305E+00 5.22351E-01 9.83128E-03 2.32185E+00
 3.09404E-01 5.18884E-03 2.79985E-01 4.79012E-03 3.09849E+00 3.82490E-01 6.58367E-03 1.66389E+00 5.13212E-01 8.69540E-03 2.29489E+00
 3.02254E-01 4.56842E-03 2.73558E-01 4.21398E-03 3.04123E+00 3.73728E-01 5.79041E-03 1.63314E+00 5.01869E-01 7.65992E-03 2.25542E+00
 2.94848E-01 4.01923E-03 2.66884E-01 3.70443E-03 2.98132E+00 3.64624E-01 5.08901E-03 1.60097E+00 4.89692E-01 6.73759E-03 2.21157E+00
 2.87229E-01 3.53368E-03 2.60005E-01 3.25433E-03 2.91904E+00 3.55233E-01 4.46963E-03 1.56752E+00 4.77070E-01 5.92142E-03 2.16546E+00
 2.79441E-01 3.10467E-03 2.52962E-01 2.85703E-03 2.85468E+00 3.45614E-01 3.92303E-03 1.53296E+00 4.64144E-01 5.20048E-03 2.11773E+00
 3.29827E-01 4.79608E-02 2.95736E-01 4.52603E-02 2.86911E+00 4.02859E-01 6.26133E-02 1.54071E+00 3.29830E-01 4.79613E-02 4.09638E-04
 3.33720E-01 4.16385E-02 2.99798E-01 3.92877E-02 2.94146E+00 4.08636E-01 5.43483E-02 1.57956E+00 3.33724E-01 4.16391E-02 5.60277E-04
 3.36973E-01 3.61990E-02 3.03139E-01 3.41403E-02 2.99927E+00 4.13367E-01 4.72216E-02 1.61061E+00 3.36979E-01 3.61997E-02 7.80454E-04
 3.39251E-01 3.15458E-02 3.05466E-01 2.97271E-02 3.04454E+00 4.16658E-01 4.11076E-02 1.63492E+00 3.39259E-01 3.15466E-02 1.11043E-03
 3.40757E-01 2.76069E-02 3.06961E-01 2.59734E-02 3.07875E+00 4.18756E-01 3.58999E-02 1.65329E+00 3.40769E-01 2.76079E-02 1.61823E-03
 3.41614E-01 2.43155E-02 3.07735E-01 2.28082E-02 3.10300E+00 4.19813E-01 3.14972E-02 1.66631E+00 3.41632E-01 2.43169E-02 2.42197E-03
 3.41937E-01 2.16008E-02 3.07897E-01 2.01591E-02 3.11842E+00 4.19979E-01 2.77973E-02 1.67459E+00 3.41965E-01 2.16026E-02 3.73345E-03
 3.41952E-01 1.98447E-02 3.07706E-01 1.84155E-02 3.12501E+00 4.19632E-01 2.53504E-02 1.67813E+00 3.41992E-01 1.98471E-02 5.33492E-03
 3.41786E-01 1.94018E-02 3.07478E-01 1.79740E-02 3.12537E+00 4.19287E-01 2.47300E-02 1.67832E+00 3.41831E-01 1.94044E-02 5.94328E-03
 3.41056E-01 1.75223E-02 3.06542E-01 1.60793E-02 3.12322E+00 4.17892E-01 2.20601E-02 1.67717E+00 3.41135E-01 1.75264E-02 1.02018E-02
 3.39747E-01 1.58863E-02 3.05154E-01 1.44430E-02 3.11419E+00 4.15911E-01 1.97590E-02 1.67232E+00 3.39894E-01 1.58933E-02 1.83079E-02
 3.37709E-01 1.43984E-02 3.03248E-01 1.30114E-02 3.09880E+00 4.13281E-01 1.77676E-02 1.66406E+00 3.38010E-01 1.44112E-02 3.44382E-02
 3.34876E-01 1.30205E-02 3.00813E-01 1.17621E-02 3.07754E+00 4.10010E-01 1.60597E-02 1.65264E+00 3.35566E-01 1.30475E-02 6.79306E-02
 3.31474E-01 1.17333E-02 2.97934E-01 1.06487E-02 3.05083E+00 4.06160E-01 1.45603E-02 1.63830E+00 3.33332E-01 1.17998E-02 1.39785E-01
 3.27267E-01 1.05174E-02 2.94389E-01 9.60235E-03 3.01911E+00 4.01427E-01 1.31537E-02 1.62126E+00 3.33152E-01 1.07099E-02 2.94298E-01
 3.22486E-01 9.37430E-03 2.90271E-01 8.59851E-03 2.98281E+00 3.95890E-01 1.17952E-02 1.60177E+00 3.42518E-01 9.97042E-03 6.02872E-01
 3.17110E-01 8.31556E-03 2.85593E-01 7.64668E-03 2.94230E+00 3.89578E-01 1.04975E-02 1.58001E+00 3.75937E-01 9.89941E-03 1.09418E+00
 3.11224E-01 7.35144E-03 2.80410E-01 6.76595E-03 2.89794E+00 3.82557E-01 9.29082E-03 1.55619E+00 4.30875E-01 1.02556E-02 1.60503E+00
 3.04911E-01 6.48502E-03 2.74815E-01 5.96803E-03 2.85008E+00 3.74963E-01 8.19493E-03 1.53049E+00 4.71734E-01 1.01292E-02 1.91297E+00
 2.98229E-01 5.71258E-03 2.68862E-01 5.25429E-03 2.79905E+00 3.66869E-01 7.21368E-03 1.50309E+00 4.84167E-01 9.36700E-03 2.01713E+00
 2.91235E-01 5.02697E-03 2.62607E-01 4.62029E-03 2.74519E+00 3.58357E-01 6.34184E-03 1.47417E+00 4.80217E-01 8.36998E-03 2.02167E+00
 2.83978E-01 4.41991E-03 2.56100E-01 4.05911E-03 2.68879E+00 3.49493E-01 5.57022E-03 1.44388E+00 4.70218E-01 7.38703E-03 1.99144E+00
 2.76505E-01 3.88318E-03 2.49385E-01 3.56332E-03 2.63015E+00 3.40339E-01 4.88867E-03 1.41239E+00 4.58301E-01 6.49353E-03 1.95056E+00
 2.68859E-01 3.40914E-03 2.42503E-01 3.12583E-03 2.56957E+00 3.30952E-01 4.28742E-03 1.37986E+00 4.45725E-01 5.69957E-03 1.90613E+00
 2.61079E-01 2.99094E-03 2.35490E-01 2.74025E-03 2.50732E+00 3.21383E-01 3.75767E-03 1.34643E+00 4.32844E-01 4.99857E-03 1.86003E+00
 2.53203E-01 2.62226E-03 2.28383E-01 2.40063E-03 2.44367E+00 3.11682E-01 3.29120E-03 1.31225E+00 4.19786E-01 4.38071E-03 1.81282E+00
 3.29289E-01 4.64514E-02 2.94867E-01 4.34570E-02 2.65605E+00 4.01511E-01 5.99659E-02 1.42630E+00 3.29292E-01 4.64518E-02 3.79218E-04
 3.31581E-01 3.99207E-02 2.97382E-01 3.73497E-02 2.71595E+00 4.05133E-01 5.15394E-02 1.45846E+00 3.31585E-01 3.99213E-02 5.17324E-04
 3.33178E-01 3.43461E-02 2.99150E-01 3.21289E-02 2.76177E+00 4.07684E-01 4.43330E-02 1.48307E+00 3.33184E-01 3.43467E-02 7.18651E-04
 3.33839E-01 2.96196E-02 2.99962E-01 2.76940E-02 2.79547E+00 4.08883E-01 3.82081E-02 1.50117E+00 3.33847E-01 2.96203E-02 1.01959E-03
 3.33767E-01 2.56550E-02 3.00000E-01 2.39594E-02 2.81859E+00 4.08979E-01 3.30443E-02 1.51358E+00 3.33779E-01 2.56559E-02 1.48149E-03
 3.33087E-01 2.23704E-02 2.99379E-01 2.08421E-02 2.83231E+00 4.08127E-01 2.87247E-02 1.52095E+00 3.33104E-01 2.23716E-02 2.21068E-03
 3.31908E-01 1.96809E-02 2.98203E-01 1.82587E-02 2.83776E+00 4.06475E-01 2.51324E-02 1.52388E+00 3.31935E-01 1.96826E-02 3.39744E-03
 3.30769E-01 1.79499E-02 2.97005E-01 1.65718E-02 2.83703E+00 4.04768E-01 2.27773E-02 1.52349E+00 3.30808E-01 1.79520E-02 4.84330E-03
 3.30255E-01 1.75136E-02 2.96487E-01 1.61453E-02 2.83543E+00 4.04038E-01 2.21813E-02 1.52262E+00 3.30298E-01 1.75159E-02 5.39192E-03
 3.28038E-01 1.56743E-02 2.94242E-01 1.43286E-02 2.82424E+00 4.00872E-01 1.96353E-02 1.51662E+00 3.28113E-01 1.56780E-02 9.22518E-03
 3.25290E-01 1.41003E-02 2.91580E-01 1.27806E-02 2.80681E+00 3.97160E-01 1.74686E-02 1.50726E+00 3.25431E-01 1.41065E-02 1.65009E-02
 3.21912E-01 1.26955E-02 2.88462E-01 1.14416E-02 2.78368E+00 3.92876E-01 1.56107E-02 1.49484E+00 3.22198E-01 1.27068E-02 3.09361E-02
 3.17862E-01 1.14169E-02 2.84893E-01 1.02830E-02 2.75536E+00 3.88039E-01 1.40274E-02 1.47963E+00 3.18516E-01 1.14405E-02 6.08190E-02
 3.13338E-01 1.02401E-02 2.80966E-01 9.26074E-03 2.72229E+00 3.82746E-01 1.26488E-02 1.46187E+00 3.15090E-01 1.02979E-02 1.24731E-01
 3.08142E-01 9.14356E-03 2.76477E-01 8.31393E-03 2.68491E+00 3.76702E-01 1.13745E-02 1.44180E+00 3.13666E-01 9.31010E-03 2.61721E-01
 3.02480E-01 8.12368E-03 2.71531E-01 7.41789E-03 2.64366E+00 3.70020E-01 1.01617E-02 1.41965E+00 3.21207E-01 8.63739E-03 5.34324E-01
 2.96340E-01 7.18636E-03 2.66138E-01 6.57699E-03 2.59891E+00 3.62723E-01 9.01602E-03 1.39561E+00 3.51118E-01 8.54694E-03 9.66478E-01
 2.89793E-01 6.33745E-03 2.60342E-01 5.80437E-03 2.55102E+00 3.54858E-01 7.95866E-03 1.36990E+00 4.00790E-01 8.82550E-03 1.41288E+00
 2.82917E-01 5.57755E-03 2.54228E-01 5.10767E-03 2.50032E+00 3.46550E-01 7.00308E-03 1.34267E+00 4.37110E-01 8.69207E-03 1.67821E+00
 2.75764E-01 4.90214E-03 2.47845E-01 4.48661E-03 2.44715E+00 3.37868E-01 6.15050E-03 1.31412E+00 4.47015E-01 8.01831E-03 1.76354E+00
 2.68384E-01 4.30424E-03 2.41244E-01 3.93649E-03 2.39182E+00 3.28883E-01 5.39516E-03 1.28441E+00 4.41835E-01 7.14853E-03 1.76144E+00
 2.60825E-01 3.77613E-03 2.34469E-01 3.45078E-03 2.33462E+00 3.19655E-01 4.72833E-03 1.25369E+00 4.31177E-01 6.29506E-03 1.72913E+00
 2.53127E-01 3.31028E-03 2.27559E-01 3.02267E-03 2.27583E+00 3.10240E-01 4.14073E-03 1.22212E+00 4.18856E-01 5.52150E-03 1.68779E+00
 2.45329E-01 2.89978E-03 2.20551E-01 2.64577E-03 2.21573E+00 3.00687E-01 3.62355E-03 1.18985E+00 4.06032E-01 4.83576E-03 1.64364E+00
 2.37467E-01 2.53846E-03 2.13479E-01 2.31434E-03 2.15457E+00 2.91043E-01 3.16890E-03 1.15700E+00 3.93028E-01 4.23170E-03 1.59834E+00
 2.29573E-01 2.22062E-03 2.06374E-01 2.02307E-03 2.09259E+00 2.81352E-01 2.76946E-03 1.12372E+00 3.79957E-01 3.70047E-03 1.55238E+00
 3.27602E-01 4.53301E-02 2.92964E-01 4.20725E-02 2.46352E+00 3.98753E-01 5.79187E-02 1.32291E+00 3.27606E-01 4.53306E-02 3.51729E-04
 3.28432E-01 3.85505E-02 2.94068E-01 3.57877E-02 2.51213E+00 4.00409E-01 4.92700E-02 1.34901E+00 3.28437E-01 3.85510E-02 4.78501E-04
 3.28527E-01 3.28068E-02 2.94412E-01 3.04569E-02 2.54712E+00 4.00989E-01 4.19314E-02 1.36780E+00 3.28533E-01 3.28074E-02 6.62796E-04
 3.27730E-01 2.79793E-02 2.93862E-01 2.59698E-02 2.57045E+00 4.00309E-01 3.57516E-02 1.38033E+00 3.27738E-01 2.79800E-02 9.37515E-04
 3.26244E-01 2.39678E-02 2.92598E-01 2.22292E-02 2.58371E+00 3.98617E-01 3.05950E-02 1.38745E+00 3.26256E-01 2.39687E-02 1.35803E-03
 3.24193E-01 2.06751E-02 2.90737E-01 1.91401E-02 2.58812E+00 3.96072E-01 2.63288E-02 1.38982E+00 3.24210E-01 2.06762E-02 2.02009E-03
 3.21687E-01 1.80021E-02 2.88381E-01 1.66071E-02 2.58486E+00 3.92817E-01 2.28204E-02 1.38807E+00 3.21713E-01 1.80036E-02 3.09466E-03
 3.19533E-01 1.62929E-02 2.86300E-01 1.49681E-02 2.57780E+00 3.89918E-01 2.05426E-02 1.38428E+00 3.19570E-01 1.62949E-02 4.40074E-03
 3.18709E-01 1.58634E-02 2.85527E-01 1.45550E-02 2.57451E+00 3.88850E-01 1.99679E-02 1.38251E+00 3.18751E-01 1.58655E-02 4.89576E-03
 3.15203E-01 1.40626E-02 2.82152E-01 1.28074E-02 2.55564E+00 3.84154E-01 1.75308E-02 1.37238E+00 3.15275E-01 1.40658E-02 8.34780E-03
 3.11210E-01 1.25478E-02 2.78393E-01 1.13399E-02 2.53117E+00 3.78959E-01 1.54854E-02 1.35924E+00 3.11344E-01 1.25533E-02 1.48804E-02
 3.06679E-01 1.12209E-02 2.74243E-01 1.00860E-02 2.50166E+00 3.73268E-01 1.37500E-02 1.34339E+00 3.06950E-01 1.12309E-02 2.78019E-02
 3.01590E-01 1.00335E-02 2.69716E-01 9.01140E-03 2.46764E+00 3.67116E-01 1.22819E-02 1.32512E+00 3.02209E-01 1.00542E-02 5.44682E-02
 2.96113E-01 8.95638E-03 2.64911E-01 8.07245E-03 2.42956E+00 3.60615E-01 1.10143E-02 1.30468E+00 2.97764E-01 9.00673E-03 1.11319E-01
 2.90086E-01 7.96603E-03 2.59638E-01 7.21497E-03 2.38788E+00 3.53488E-01 9.85914E-03 1.28229E+00 2.95270E-01 8.11044E-03 2.32767E-01
 2.83691E-01 7.05440E-03 2.54015E-01 6.41389E-03 2.34300E+00 3.45875E-01 8.77482E-03 1.25819E+00 3.01199E-01 7.49812E-03 4.73557E-01
 2.76921E-01 6.22293E-03 2.48039E-01 5.66955E-03 2.29531E+00 3.37775E-01 7.76137E-03 1.23258E+00 3.27937E-01 7.39438E-03 8.53575E-01
 2.69841E-01 5.47391E-03 2.41754E-01 4.99031E-03 2.24513E+00 3.29240E-01 6.83283E-03 1.20564E+00 3.72832E-01 7.61028E-03 1.24347E+00
 2.62518E-01 4.80603E-03 2.35236E-01 4.38063E-03 2.19282E+00 3.20381E-01 5.99772E-03 1.17754E+00 4.05078E-01 7.47373E-03 1.47182E+00
 2.55003E-01 4.21424E-03 2.28529E-01 3.83902E-03 2.13867E+00 3.11258E-01 5.25526E-03 1.14846E+00 4.12777E-01 6.87710E-03 1.54123E+00
 2.47340E-01 3.69176E-03 2.21678E-01 3.36061E-03 2.08298E+00 3.01935E-01 4.59934E-03 1.11856E+00 4.06589E-01 6.11675E-03 1.53399E+00
 2.39570E-01 3.23140E-03 2.14724E-01 2.93928E-03 2.02602E+00 2.92467E-01 4.02176E-03 1.08797E+00 3.95443E-01 5.37413E-03 1.50057E+00
 2.31732E-01 2.82628E-03 2.07700E-01 2.56881E-03 1.96806E+00 2.82901E-01 3.51403E-03 1.05685E+00 3.82867E-01 4.70302E-03 1.45954E+00
 2.23860E-01 2.47013E-03 2.00640E-01 2.24341E-03 1.90934E+00 2.73283E-01 3.06818E-03 1.02532E+00 3.69926E-01 4.10955E-03 1.41636E+00
 2.15985E-01 2.15737E-03 1.93573E-01 1.95794E-03 1.85010E+00 2.63653E-01 2.67716E-03 9.93505E-01 3.56916E-01 3.58800E-03 1.37248E+00
 2.08137E-01 1.88289E-03 1.86527E-01 1.70763E-03 1.79056E+00 2.54050E-01 2.33439E-03 9.61533E-01 3.43937E-01 3.13039E-03 1.32832E+00
 3.25020E-01 4.45491E-02 2.90246E-01 4.10531E-02 2.29119E+00 3.94880E-01 5.63945E-02 1.23037E+00 3.25023E-01 4.45495E-02 3.27125E-04
 3.24532E-01 3.74823E-02 2.90081E-01 3.45510E-02 2.32954E+00 3.94771E-01 4.74668E-02 1.25096E+00 3.24536E-01 3.74828E-02 4.43721E-04
 3.23279E-01 3.15385E-02 2.89154E-01 2.90771E-02 2.35474E+00 3.93591E-01 3.99487E-02 1.26450E+00 3.23285E-01 3.15391E-02 6.12737E-04
 3.21154E-01 2.65855E-02 2.87374E-01 2.45104E-02 2.36876E+00 3.91220E-01 3.36745E-02 1.27202E+00 3.21162E-01 2.65862E-02 8.63954E-04
 3.18392E-01 2.25080E-02 2.84944E-01 2.07417E-02 2.37322E+00 3.87929E-01 2.84929E-02 1.27442E+00 3.18404E-01 2.25088E-02 1.24739E-03
 3.15112E-01 1.91937E-02 2.81976E-01 1.76632E-02 2.36940E+00 3.83874E-01 2.42539E-02 1.27237E+00 3.15129E-01 1.91947E-02 1.84938E-03
 3.11420E-01 1.65288E-02 2.78571E-01 1.51673E-02 2.35852E+00 3.79196E-01 2.08087E-02 1.26653E+00 3.11445E-01 1.65301E-02 2.82368E-03
 3.08366E-01 1.48383E-02 2.75709E-01 1.35683E-02 2.34596E+00 3.75244E-01 1.85952E-02 1.25978E+00 3.08402E-01 1.48400E-02 4.00496E-03
 3.07307E-01 1.44152E-02 2.74732E-01 1.31669E-02 2.34123E+00 3.73903E-01 1.80390E-02 1.25724E+00 3.07347E-01 1.44172E-02 4.45215E-03
 3.02629E-01 1.26507E-02 2.70347E-01 1.14805E-02 2.31582E+00 3.67847E-01 1.56974E-02 1.24360E+00 3.02699E-01 1.26537E-02 7.56445E-03
 2.97548E-01 1.11924E-02 2.65637E-01 1.00864E-02 2.28546E+00 3.61367E-01 1.37616E-02 1.22729E+00 2.97676E-01 1.11972E-02 1.34359E-02
 2.92015E-01 9.93832E-03 2.60597E-01 8.91074E-03 2.25072E+00 3.54468E-01 1.21383E-02 1.20864E+00 2.92273E-01 9.94715E-03 2.50132E-02
 2.86036E-01 8.83482E-03 2.55266E-01 7.91346E-03 2.21215E+00 3.47218E-01 1.07764E-02 1.18793E+00 2.86621E-01 8.85298E-03 4.88288E-02
 2.79739E-01 7.84802E-03 2.49708E-01 7.05089E-03 2.17020E+00 3.39684E-01 9.61087E-03 1.16540E+00 2.81295E-01 7.89198E-03 9.94356E-02
 2.73010E-01 6.95246E-03 2.43786E-01 6.27377E-03 2.12532E+00 3.31665E-01 8.56324E-03 1.14130E+00 2.77876E-01 7.07794E-03 2.07173E-01
 2.66001E-01 6.13637E-03 2.37599E-01 5.55666E-03 2.07790E+00 3.23278E-01 7.59259E-03 1.11583E+00 2.82368E-01 6.52041E-03 4.19975E-01
 2.58712E-01 5.39756E-03 2.31149E-01 4.89670E-03 2.02830E+00 3.14529E-01 6.69464E-03 1.08919E+00 3.06223E-01 6.40817E-03 7.54279E-01
 2.51202E-01 4.73554E-03 2.24477E-01 4.29843E-03 1.97685E+00 3.05466E-01 5.87768E-03 1.06157E+00 3.46764E-01 6.57349E-03 1.09488E+00
 2.43531E-01 4.14752E-03 2.17649E-01 3.76389E-03 1.92386E+00 2.96185E-01 5.14642E-03 1.03311E+00 3.75333E-01 6.43680E-03 1.29129E+00
 2.35743E-01 3.62810E-03 2.10704E-01 3.29064E-03 1.86963E+00 2.86741E-01 4.49855E-03 1.00399E+00 3.81099E-01 5.90776E-03 1.34735E+00
 2.27880E-01 3.17075E-03 2.03684E-01 2.87380E-03 1.81442E+00 2.77190E-01 3.92784E-03 9.74344E-01 3.74087E-01 5.24189E-03 1.33622E+00
 2.19978E-01 2.76880E-03 1.96622E-01 2.50763E-03 1.75849E+00 2.67581E-01 3.42659E-03 9.44307E-01 3.62596E-01 4.59461E-03 1.30242E+00
 2.12070E-01 2.41594E-03 1.89550E-01 2.18645E-03 1.70206E+00 2.57955E-01 2.98702E-03 9.14008E-01 3.49887E-01 4.01137E-03 1.26227E+00
 2.04188E-01 2.10647E-03 1.82497E-01 1.90501E-03 1.64537E+00 2.48353E-01 2.60196E-03 8.83564E-01 3.36938E-01 3.49691E-03 1.22055E+00
 1.96359E-01 1.83536E-03 1.75488E-01 1.65869E-03 1.58862E+00 2.38810E-01 2.26504E-03 8.53091E-01 3.24019E-01 3.04588E-03 1.17851E+00
 1.88609E-01 1.59800E-03 1.68547E-01 1.44321E-03 1.53201E+00 2.29358E-01 1.97039E-03 8.22690E-01 3.11217E-01 2.65107E-03 1.13652E+00
 3.21062E-01 4.39692E-02 2.86287E-01 4.02617E-02 2.13252E+00 3.89313E-01 5.52012E-02 1.14516E+00 3.21065E-01 4.39697E-02 3.04471E-04
 3.19402E-01 3.65958E-02 2.85003E-01 3.35207E-02 2.16137E+00 3.87649E-01 4.59632E-02 1.16066E+00 3.19406E-01 3.65963E-02 4.11690E-04
 3.16953E-01 3.04370E-02 2.82952E-01 2.78861E-02 2.17762E+00 3.84917E-01 3.82399E-02 1.16938E+00 3.16958E-01 3.04375E-02 5.66646E-04
 3.13656E-01 2.53482E-02 2.80090E-01 2.32266E-02 2.18319E+00 3.81059E-01 3.18515E-02 1.17237E+00 3.13664E-01 2.53488E-02 7.96271E-04
 3.09735E-01 2.11975E-02 2.76613E-01 1.94191E-02 2.17976E+00 3.76339E-01 2.66286E-02 1.17053E+00 3.09746E-01 2.11982E-02 1.14571E-03
 3.05360E-01 1.78571E-02 2.72666E-01 1.63430E-02 2.16866E+00 3.70952E-01 2.24038E-02 1.16457E+00 3.05376E-01 1.78581E-02 1.69269E-03
 3.00615E-01 1.51985E-02 2.68335E-01 1.38780E-02 2.15113E+00 3.65020E-01 1.90113E-02 1.15516E+00 3.00639E-01 1.51998E-02 2.57539E-03
 2.96767E-01 1.35272E-02 2.64786E-01 1.23155E-02 2.13384E+00 3.60144E-01 1.68557E-02 1.14587E+00 2.96801E-01 1.35288E-02 3.64283E-03
 2.95510E-01 1.31107E-02 2.63638E-01 1.19249E-02 2.12789E+00 3.58570E-01 1.63163E-02 1.14268E+00 2.95548E-01 1.31124E-02 4.04645E-03
 2.89800E-01 1.13845E-02 2.58371E-01 1.02965E-02 2.09699E+00 3.51333E-01 1.40639E-02 1.12609E+00 2.89866E-01 1.13871E-02 6.84967E-03
 2.83778E-01 9.98262E-03 2.52849E-01 8.97209E-03 2.06181E+00 3.43759E-01 1.22310E-02 1.10719E+00 2.83900E-01 9.98694E-03 1.21212E-02
 2.77386E-01 8.79930E-03 2.47057E-01 7.87081E-03 2.02293E+00 3.35842E-01 1.07138E-02 1.08631E+00 2.77630E-01 8.80709E-03 2.24816E-02
 2.70647E-01 7.77522E-03 2.41043E-01 6.94674E-03 1.98087E+00 3.27663E-01 9.45248E-03 1.06373E+00 2.71200E-01 7.79116E-03 4.37238E-02
 2.63664E-01 6.87251E-03 2.34861E-01 6.15600E-03 1.93611E+00 3.19275E-01 8.38325E-03 1.03969E+00 2.65126E-01 6.91087E-03 8.87098E-02
 2.56357E-01 6.06362E-03 2.28412E-01 5.45285E-03 1.88906E+00 3.10534E-01 7.43480E-03 1.01442E+00 2.60914E-01 6.17261E-03 1.84142E-01
 2.48852E-01 5.33376E-03 2.21776E-01 4.81164E-03 1.84010E+00 3.01533E-01 6.56695E-03 9.88132E-01 2.64120E-01 5.66601E-03 3.71912E-01
 2.41156E-01 4.67784E-03 2.14960E-01 4.22696E-03 1.78956E+00 2.92284E-01 5.77194E-03 9.60996E-01 2.85310E-01 5.54930E-03 6.65500E-01
 2.33322E-01 4.09317E-03 2.08001E-01 3.70035E-03 1.73777E+00 2.82832E-01 5.05357E-03 9.33181E-01 3.21809E-01 5.67360E-03 9.62466E-01
 2.25402E-01 3.57585E-03 2.00956E-01 3.23194E-03 1.68499E+00 2.73260E-01 4.41354E-03 9.04842E-01 3.47008E-01 5.53932E-03 1.13096E+00
 2.17435E-01 3.12031E-03 1.93861E-01 2.81864E-03 1.63151E+00 2.63616E-01 3.84848E-03 8.76118E-01 3.51076E-01 5.07072E-03 1.17574E+00
 2.09460E-01 2.72031E-03 1.86752E-01 2.45564E-03 1.57755E+00 2.53949E-01 3.35216E-03 8.47142E-01 3.43416E-01 4.48805E-03 1.16177E+00
 2.01508E-01 2.36965E-03 1.79659E-01 2.13760E-03 1.52334E+00 2.44302E-01 2.91736E-03 8.18033E-01 3.31726E-01 3.92426E-03 1.12826E+00
 1.93609E-01 2.06260E-03 1.72609E-01 1.85932E-03 1.46910E+00 2.34713E-01 2.53702E-03 7.88904E-01 3.19015E-01 3.41778E-03 1.08950E+00
 1.85787E-01 1.79396E-03 1.65626E-01 1.61606E-03 1.41500E+00 2.25213E-01 2.20464E-03 7.59856E-01 3.06176E-01 2.97218E-03 1.04966E+00
 1.78071E-01 1.55921E-03 1.58734E-01 1.40368E-03 1.36125E+00 2.15837E-01 1.91453E-03 7.30991E-01 2.93456E-01 2.58248E-03 1.00983E+00
 1.70477E-01 1.35418E-03 1.51952E-01 1.21835E-03 1.30799E+00 2.06608E-01 1.66143E-03 7.02392E-01 2.80931E-01 2.24220E-03 9.70328E-01
 3.15904E-01 4.35324E-02 2.81253E-01 3.96380E-02 1.98597E+00 3.82281E-01 5.42530E-02 1.06647E+00 3.15907E-01 4.35329E-02 2.83547E-04
 3.13202E-01 3.58422E-02 2.78982E-01 3.26453E-02 2.00600E+00 3.79252E-01 4.46859E-02 1.07722E+00 3.13206E-01 3.58426E-02 3.82095E-04
 3.09685E-01 2.94613E-02 2.75938E-01 2.68406E-02 2.01400E+00 3.75152E-01 3.67433E-02 1.08152E+00 3.09690E-01 2.94618E-02 5.24071E-04
 3.05342E-01 2.42324E-02 2.72119E-01 2.20812E-02 2.01191E+00 3.69980E-01 3.02297E-02 1.08040E+00 3.05349E-01 2.42330E-02 7.33801E-04
 3.00389E-01 2.00073E-02 2.67716E-01 1.82303E-02 2.00141E+00 3.63999E-01 2.49575E-02 1.07476E+00 3.00400E-01 2.00080E-02 1.05197E-03
 2.95026E-01 1.66403E-02 2.62894E-01 1.51525E-02 1.98390E+00 3.57424E-01 2.07398E-02 1.06536E+00 2.95041E-01 1.66411E-02 1.54848E-03
 2.89344E-01 1.39888E-02 2.57744E-01 1.27152E-02 1.96061E+00 3.50387E-01 1.73941E-02 1.05285E+00 2.89367E-01 1.39900E-02 2.34729E-03
 2.84794E-01 1.23380E-02 2.53593E-01 1.11872E-02 1.93931E+00 3.44702E-01 1.52924E-02 1.04141E+00 2.84827E-01 1.23395E-02 3.31072E-03
 2.83363E-01 1.19284E-02 2.52294E-01 1.08069E-02 1.93233E+00 3.42925E-01 1.47688E-02 1.03766E+00 2.83400E-01 1.19300E-02 3.67457E-03
 2.76752E-01 1.02429E-02 2.46263E-01 9.23458E-03 1.89692E+00 3.34666E-01 1.26010E-02 1.01865E+00 2.76815E-01 1.02453E-02 6.19615E-03
 2.69920E-01 8.89787E-03 2.40047E-01 7.97693E-03 1.85790E+00 3.26160E-01 1.08658E-02 9.97694E-01 2.70035E-01 8.90172E-03 1.09224E-02
 2.62796E-01 7.78349E-03 2.33621E-01 6.94674E-03 1.81585E+00 3.17390E-01 9.44933E-03 9.75110E-01 2.63027E-01 7.79037E-03 2.01802E-02
 2.55417E-01 6.83502E-03 2.27040E-01 6.09233E-03 1.77128E+00 3.08440E-01 8.28375E-03 9.51175E-01 2.55937E-01 6.84900E-03 3.90974E-02
 2.47867E-01 6.01087E-03 2.20349E-01 5.36927E-03 1.72464E+00 2.99360E-01 7.30554E-03 9.26131E-01 2.49239E-01 6.04432E-03 7.90205E-02
 2.40094E-01 5.28156E-03 2.13481E-01 4.73442E-03 1.67633E+00 2.90046E-01 6.44883E-03 9.00192E-01 2.44352E-01 5.37613E-03 1.63406E-01
 2.32202E-01 4.62988E-03 2.06499E-01 4.16207E-03 1.62671E+00 2.80575E-01 5.67425E-03 8.73545E-01 2.46411E-01 4.91702E-03 3.28784E-01
 2.24202E-01 4.04841E-03 1.99413E-01 3.64481E-03 1.57608E+00 2.70960E-01 4.97137E-03 8.46357E-01 2.65139E-01 4.79911E-03 5.86112E-01
 2.16140E-01 3.53277E-03 1.92258E-01 3.18184E-03 1.52473E+00 2.61244E-01 4.34043E-03 8.18778E-01 2.97879E-01 4.89032E-03 8.44473E-01
 2.08063E-01 3.07830E-03 1.85082E-01 2.77185E-03 1.47290E+00 2.51497E-01 3.78087E-03 7.90946E-01 3.19992E-01 4.76046E-03 9.88605E-01
 2.00006E-01 2.67935E-03 1.77917E-01 2.41133E-03 1.42083E+00 2.41762E-01 3.28856E-03 7.62985E-01 3.22574E-01 4.34613E-03 1.02392E+00
 1.92000E-01 2.33001E-03 1.70793E-01 2.09558E-03 1.36874E+00 2.32081E-01 2.85738E-03 7.35012E-01 3.14427E-01 3.83695E-03 1.00800E+00
 1.84075E-01 2.02457E-03 1.63737E-01 1.81966E-03 1.31681E+00 2.22491E-01 2.48064E-03 7.07129E-01 3.02673E-01 3.34656E-03 9.75295E-01
 1.76254E-01 1.75778E-03 1.56772E-01 1.57885E-03 1.26524E+00 2.13023E-01 2.15192E-03 6.79431E-01 2.90077E-01 2.90735E-03 9.38317E-01
 1.68560E-01 1.52496E-03 1.49918E-01 1.36887E-03 1.21416E+00 2.03704E-01 1.86536E-03 6.52005E-01 2.77456E-01 2.52194E-03 9.00674E-01
 1.61014E-01 1.32203E-03 1.43195E-01 1.18600E-03 1.16376E+00 1.94564E-01 1.61586E-03 6.24937E-01 2.65033E-01 2.18574E-03 8.63322E-01
 1.53632E-01 1.14523E-03 1.36617E-01 1.02681E-03 1.11414E+00 1.85621E-01 1.39872E-03 5.98292E-01 2.52871E-01 1.89290E-03 8.26518E-01
 3.10080E-01 4.32282E-02 2.75635E-01 3.91676E-02 1.85301E+00 3.74460E-01 5.35282E-02 9.95065E-01 3.10083E-01 4.32286E-02 2.64564E-04
 3.06469E-01 3.52181E-02 2.72513E-01 3.19176E-02 1.86506E+00 3.70256E-01 4.36232E-02 1.00154E+00 3.06473E-01 3.52185E-02 3.55250E-04
 3.02012E-01 2.86134E-02 2.68605E-01 2.59383E-02 1.86571E+00 3.64970E-01 3.54538E-02 1.00188E+00 3.02017E-01 2.86139E-02 4.85483E-04
 2.96742E-01 2.32434E-02 2.63944E-01 2.10753E-02 1.85685E+00 3.58648E-01 2.88088E-02 9.97127E-01 2.96749E-01 2.32440E-02 6.77245E-04
 2.90883E-01 1.89438E-02 2.58731E-01 1.71778E-02 1.84019E+00 3.51565E-01 2.34816E-02 9.88181E-01 2.90893E-01 1.89444E-02 9.67227E-04
 2.84629E-01 1.55505E-02 2.53131E-01 1.40953E-02 1.81716E+00 3.43939E-01 1.92656E-02 9.75816E-01 2.84644E-01 1.55513E-02 1.41834E-03
 2.78119E-01 1.29065E-02 2.47263E-01 1.16825E-02 1.78901E+00 3.35933E-01 1.59610E-02 9.60699E-01 2.78141E-01 1.29076E-02 2.14185E-03
 2.72951E-01 1.12767E-02 2.42585E-01 1.01867E-02 1.76437E+00 3.29541E-01 1.39088E-02 9.47468E-01 2.72983E-01 1.12780E-02 3.01208E-03
 2.71367E-01 1.08739E-02 2.41154E-01 9.81602E-03 1.75657E+00 3.27588E-01 1.33997E-02 9.43277E-01 2.71403E-01 1.08754E-02 3.34034E-03
 2.63972E-01 9.22980E-03 2.34463E-01 8.29669E-03 1.71756E+00 3.18447E-01 1.13108E-02 9.22329E-01 2.64032E-01 9.23193E-03 5.61027E-03
 2.56447E-01 7.94017E-03 2.27658E-01 7.10163E-03 1.67559E+00 3.09153E-01 9.66645E-03 8.99792E-01 2.56556E-01 7.94359E-03 9.85060E-03
 2.48703E-01 6.89129E-03 2.20701E-01 6.13787E-03 1.63123E+00 2.99670E-01 8.34369E-03 8.75968E-01 2.48922E-01 6.89737E-03 1.81285E-02
 2.40791E-01 6.01326E-03 2.13653E-01 5.34832E-03 1.58497E+00 2.90088E-01 7.26719E-03 8.51129E-01 2.41281E-01 6.02553E-03 3.49850E-02
 2.32780E-01 5.26111E-03 2.06555E-01 4.68767E-03 1.53725E+00 2.80454E-01 6.37307E-03 8.25505E-01 2.34066E-01 5.29030E-03 7.04347E-02
 2.24640E-01 4.60360E-03 1.99359E-01 4.11470E-03 1.48844E+00 2.70697E-01 5.59960E-03 7.99294E-01 2.28614E-01 4.68574E-03 1.45091E-01
 2.16454E-01 4.02163E-03 1.92119E-01 3.60379E-03 1.43886E+00 2.60876E-01 4.90825E-03 7.72666E-01 2.29667E-01 4.27007E-03 2.90815E-01
 2.08237E-01 3.50600E-03 1.84846E-01 3.14598E-03 1.38877E+00 2.51008E-01 4.28653E-03 7.45770E-01 2.46162E-01 4.15338E-03 5.16454E-01
 2.00029E-01 3.05107E-03 1.77569E-01 2.73869E-03 1.33844E+00 2.41130E-01 3.73199E-03 7.18740E-01 2.75479E-01 4.21843E-03 7.41295E-01
 1.91871E-01 2.65161E-03 1.70331E-01 2.37957E-03 1.28807E+00 2.31304E-01 3.24237E-03 6.91695E-01 2.94818E-01 4.09431E-03 8.64552E-01
 1.83793E-01 2.30205E-03 1.63159E-01 2.06482E-03 1.23788E+00 2.21564E-01 2.81305E-03 6.64744E-01 2.96126E-01 3.72793E-03 8.92080E-01
 1.75822E-01 1.99680E-03 1.56078E-01 1.78994E-03 1.18805E+00 2.11947E-01 2.43811E-03 6.37984E-01 2.87633E-01 3.28273E-03 8.74931E-01
 1.67982E-01 1.73062E-03 1.49112E-01 1.55037E-03 1.13874E+00 2.02484E-01 2.11137E-03 6.11502E-01 2.75921E-01 2.85590E-03 8.43404E-01
 1.60293E-01 1.49871E-03 1.42278E-01 1.34181E-03 1.09009E+00 1.93201E-01 1.82700E-03 5.85377E-01 2.63530E-01 2.47478E-03 8.08425E-01
 1.52774E-01 1.29685E-03 1.35594E-01 1.16041E-03 1.04223E+00 1.84119E-01 1.57972E-03 5.59677E-01 2.51205E-01 2.14122E-03 7.73133E-01
 1.45442E-01 1.12135E-03 1.29075E-01 1.00282E-03 9.95299E-01 1.75263E-01 1.36495E-03 5.34475E-01 2.39146E-01 1.85100E-03 7.38353E-01
 1.38308E-01 9.68851E-04 1.22732E-01 8.65989E-04 9.49384E-01 1.66645E-01 1.17852E-03 5.09819E-01 2.27406E-01 1.59885E-03 7.04295E-01
 3.02959E-01 4.29351E-02 2.68876E-01 3.87311E-02 1.72637E+00 3.65094E-01 5.28599E-02 9.27059E-01 3.02962E-01 4.29355E-02 2.46482E-04
 2.98555E-01 3.46138E-02 2.65020E-01 3.12300E-02 1.73095E+00 3.59880E-01 4.26247E-02 9.29522E-01 2.98559E-01 3.46142E-02 3.29706E-04
 2.93269E-01 2.77952E-02 2.60357E-01 2.50834E-02 1.72482E+00 3.53561E-01 3.42377E-02 9.26227E-01 2.93274E-01 2.77957E-02 4.48822E-04
 2.87173E-01 2.22944E-02 2.54956E-01 2.01240E-02 1.70983E+00 3.46232E-01 2.74703E-02 9.18180E-01 2.87180E-01 2.22949E-02 6.23624E-04
 2.80509E-01 1.79297E-02 2.49030E-01 1.61864E-02 1.68771E+00 3.38179E-01 2.20962E-02 9.06301E-01 2.80518E-01 1.79304E-02 8.87083E-04
 2.73466E-01 1.45194E-02 2.42745E-01 1.31050E-02 1.65992E+00 3.29631E-01 1.78887E-02 8.91374E-01 2.73480E-01 1.45202E-02 1.29560E-03
 2.66223E-01 1.18900E-02 2.36246E-01 1.07208E-02 1.62768E+00 3.20776E-01 1.46295E-02 8.74062E-01 2.66244E-01 1.18909E-02 1.94869E-03
 2.60514E-01 1.02859E-02 2.31110E-01 9.25931E-03 1.60032E+00 3.13771E-01 1.26288E-02 8.59369E-01 2.60544E-01 1.02871E-02 2.73201E-03
 2.58797E-01 9.89119E-03 2.29566E-01 8.89871E-03 1.59186E+00 3.11667E-01 1.21347E-02 8.54827E-01 2.58831E-01 9.89248E-03 3.02712E-03
 2.50734E-01 8.29340E-03 2.22315E-01 7.43422E-03 1.55008E+00 3.01781E-01 1.01263E-02 8.32392E-01 2.50791E-01 8.29530E-03 5.06321E-03
 2.42616E-01 7.06143E-03 2.15014E-01 6.30171E-03 1.50599E+00 2.91825E-01 8.57168E-03 8.08719E-01 2.42720E-01 7.06447E-03 8.85355E-03
 2.34361E-01 6.07810E-03 2.07624E-01 5.40323E-03 1.46014E+00 2.81763E-01 7.34062E-03 7.84096E-01 2.34566E-01 6.08345E-03 1.62271E-02
 2.26021E-01 5.26871E-03 2.00206E-01 4.67677E-03 1.41300E+00 2.71683E-01 6.35070E-03 7.58782E-01 2.26480E-01 5.27943E-03 3.11892E-02
 2.17654E-01 4.58531E-03 1.92797E-01 4.07601E-03 1.36497E+00 2.61630E-01 5.53744E-03 7.32990E-01 2.18854E-01 4.61068E-03 6.25411E-02
 2.09245E-01 3.99518E-03 1.85367E-01 3.56132E-03 1.31639E+00 2.51556E-01 4.84243E-03 7.06901E-01 2.12939E-01 4.06624E-03 1.28320E-01
 2.00863E-01 3.47779E-03 1.77958E-01 3.10730E-03 1.26753E+00 2.41508E-01 4.22817E-03 6.80661E-01 2.13096E-01 3.69185E-03 2.56186E-01
 1.92522E-01 3.02258E-03 1.70581E-01 2.70387E-03 1.21862E+00 2.31503E-01 3.68061E-03 6.54401E-01 2.27503E-01 3.57851E-03 4.53180E-01
 1.84257E-01 2.62298E-03 1.63263E-01 2.34710E-03 1.16990E+00 2.21573E-01 3.19526E-03 6.28236E-01 2.53591E-01 3.62254E-03 6.47951E-01
 1.76102E-01 2.27344E-03 1.56039E-01 2.03386E-03 1.12154E+00 2.11769E-01 2.76862E-03 6.02266E-01 2.70359E-01 3.50543E-03 7.52774E-01
 1.68082E-01 1.96853E-03 1.48930E-01 1.76023E-03 1.07371E+00 2.02121E-01 2.39579E-03 5.76582E-01 2.70563E-01 3.18299E-03 7.73767E-01
 1.60221E-01 1.70302E-03 1.41959E-01 1.52197E-03 1.02656E+00 1.92658E-01 2.07112E-03 5.51262E-01 2.61861E-01 2.79546E-03 7.56001E-01
 1.52536E-01 1.47211E-03 1.35144E-01 1.31485E-03 9.80219E-01 1.83406E-01 1.78895E-03 5.26378E-01 2.50309E-01 2.42562E-03 7.25997E-01
 1.45044E-01 1.27146E-03 1.28498E-01 1.13501E-03 9.34802E-01 1.74383E-01 1.54400E-03 5.01989E-01 2.38230E-01 2.09640E-03 6.93263E-01
 1.37759E-01 1.09727E-03 1.22034E-01 9.78993E-04 8.90406E-01 1.65607E-01 1.33154E-03 4.78148E-01 2.26297E-01 1.80904E-03 6.60510E-01
 1.30695E-01 9.46234E-04 1.15766E-01 8.43814E-04 8.47139E-01 1.57097E-01 1.14750E-03 4.54914E-01 2.14690E-01 1.55968E-03 6.28442E-01
 1.23858E-01 8.15337E-04 1.09700E-01 7.26741E-04 8.05058E-01 1.48861E-01 9.88150E-04 4.32316E-01 2.03451E-01 1.34361E-03 5.97228E-01
 2.94765E-01 4.26021E-02 2.61193E-01 3.82818E-02 1.60673E+00 3.54486E-01 5.21838E-02 8.62813E-01 2.94768E-01 4.26026E-02 2.29401E-04
 2.89653E-01 3.39941E-02 2.56692E-01 3.05499E-02 1.60442E+00 3.48388E-01 4.16453E-02 8.61574E-01 2.89656E-01 3.39946E-02 3.05604E-04
 2.83629E-01 2.69844E-02 2.51366E-01 2.42545E-02 1.59215E+00 3.41165E-01 3.30653E-02 8.54983E-01 2.83634E-01 2.69849E-02 4.14299E-04
 2.76801E-01 2.13727E-02 2.45315E-01 1.92146E-02 1.57174E+00 3.32953E-01 2.61964E-02 8.44025E-01 2.76808E-01 2.13732E-02 5.73258E-04
 2.69425E-01 1.69596E-02 2.38764E-01 1.52498E-02 1.54491E+00 3.24056E-01 2.07920E-02 8.29619E-01 2.69435E-01 1.69602E-02 8.12027E-04
 2.61705E-01 1.35458E-02 2.31893E-01 1.21793E-02 1.51314E+00 3.14717E-01 1.66052E-02 8.12555E-01 2.61719E-01 1.35465E-02 1.18104E-03
 2.53819E-01 1.09409E-02 2.24848E-01 9.83011E-03 1.47762E+00 3.05132E-01 1.33994E-02 7.93481E-01 2.53840E-01 1.09418E-02 1.76904E-03
 2.47651E-01 9.36837E-03 2.19325E-01 8.40631E-03 1.44817E+00 2.97611E-01 1.14539E-02 7.77665E-01 2.47679E-01 9.36947E-03 2.47227E-03
 2.45822E-01 8.98299E-03 2.17687E-01 8.05653E-03 1.43923E+00 2.95381E-01 1.09757E-02 7.72866E-01 2.45854E-01 8.98416E-03 2.73688E-03
 2.37215E-01 7.43663E-03 2.09984E-01 6.64905E-03 1.39552E+00 2.84893E-01 9.04947E-03 7.49393E-01 2.37269E-01 7.43834E-03 4.55835E-03
 2.28611E-01 6.26435E-03 2.02281E-01 5.57893E-03 1.35014E+00 2.74406E-01 7.58366E-03 7.25024E-01 2.28708E-01 6.26704E-03 7.93729E-03
 2.19957E-01 5.34592E-03 1.94560E-01 4.74403E-03 1.30359E+00 2.63904E-01 6.44148E-03 7.00028E-01 2.20150E-01 5.35061E-03 1.44873E-02
 2.11301E-01 4.60261E-03 1.86873E-01 4.07814E-03 1.25632E+00 2.53464E-01 5.53465E-03 6.74643E-01 2.11729E-01 4.61196E-03 2.77307E-02
 2.02687E-01 3.98403E-03 1.79253E-01 3.53408E-03 1.20868E+00 2.43128E-01 4.79800E-03 6.49064E-01 2.03802E-01 4.00603E-03 5.53802E-02
 1.94113E-01 3.45633E-03 1.71683E-01 3.07352E-03 1.16098E+00 2.32866E-01 4.17596E-03 6.23446E-01 1.97533E-01 3.51762E-03 1.13170E-01
 1.85633E-01 2.99800E-03 1.64194E-01 2.67151E-03 1.11344E+00 2.22712E-01 3.63215E-03 5.97916E-01 1.96916E-01 3.18191E-03 2.25043E-01
 1.77262E-01 2.59752E-03 1.56798E-01 2.31719E-03 1.06626E+00 2.12685E-01 3.15150E-03 5.72581E-01 2.09401E-01 3.07359E-03 3.96519E-01
 1.69027E-01 2.24771E-03 1.49517E-01 2.00566E-03 1.01962E+00 2.02809E-01 2.72803E-03 5.47537E-01 2.32493E-01 3.10118E-03 5.64720E-01
 1.60958E-01 1.94289E-03 1.42378E-01 1.73328E-03 9.73679E-01 1.93126E-01 2.35738E-03 5.22865E-01 2.46920E-01 2.99196E-03 6.53531E-01
 1.53073E-01 1.67782E-03 1.35401E-01 1.49614E-03 9.28562E-01 1.83660E-01 2.03457E-03 4.98638E-01 2.46197E-01 2.70924E-03 6.69167E-01
 1.45391E-01 1.44765E-03 1.28600E-01 1.29023E-03 8.84387E-01 1.74434E-01 1.75427E-03 4.74916E-01 2.37420E-01 2.37302E-03 6.51299E-01
 1.37926E-01 1.24802E-03 1.21991E-01 1.11172E-03 8.41251E-01 1.65466E-01 1.51131E-03 4.51752E-01 2.26139E-01 2.05359E-03 6.23070E-01
 1.30689E-01 1.07501E-03 1.15583E-01 9.57126E-04 7.99237E-01 1.56771E-01 1.30095E-03 4.29190E-01 2.14467E-01 1.77013E-03 5.92726E-01
 1.23690E-01 9.25216E-04 1.09385E-01 8.23361E-04 7.58414E-01 1.48361E-01 1.11896E-03 4.07268E-01 2.03011E-01 1.52338E-03 5.62597E-01
 1.16939E-01 7.95682E-04 1.03406E-01 7.07768E-04 7.18864E-01 1.40248E-01 9.61730E-04 3.86030E-01 1.91929E-01 1.30984E-03 5.33282E-01
 1.10439E-01 6.83724E-04 9.76499E-02 6.07921E-04 6.80616E-01 1.32437E-01 8.25946E-04 3.65491E-01 1.81254E-01 1.12530E-03 5.04911E-01
 2.85880E-01 4.22434E-02 2.52936E-01 3.78289E-02 1.49441E+00 3.43114E-01 5.15111E-02 8.02500E-01 2.85883E-01 4.22438E-02 2.13365E-04
 2.80156E-01 3.33714E-02 2.47884E-01 2.98850E-02 1.48593E+00 3.36265E-01 4.06943E-02 7.97945E-01 2.80160E-01 3.33718E-02 2.83035E-04
 2.73491E-01 2.61917E-02 2.41988E-01 2.34582E-02 1.46826E+00 3.28268E-01 3.19442E-02 7.88455E-01 2.73495E-01 2.61921E-02 3.82062E-04
 2.66026E-01 2.04873E-02 2.35377E-01 1.83526E-02 1.44320E+00 3.19297E-01 2.49931E-02 7.74996E-01 2.66033E-01 2.04878E-02 5.26374E-04
 2.58031E-01 1.60405E-02 2.28287E-01 1.43719E-02 1.41243E+00 3.09673E-01 1.95732E-02 7.58476E-01 2.58040E-01 1.60411E-02 7.42393E-04
 2.49728E-01 1.26346E-02 2.20915E-01 1.13205E-02 1.37744E+00 2.99661E-01 1.54176E-02 7.39686E-01 2.49741E-01 1.26352E-02 1.07513E-03
 2.41292E-01 1.00627E-02 2.13407E-01 9.01179E-03 1.33939E+00 2.89457E-01 1.22715E-02 7.19255E-01 2.41311E-01 1.00635E-02 1.60356E-03
 2.34737E-01 8.52608E-03 2.07561E-01 7.62791E-03 1.30842E+00 2.81507E-01 1.03838E-02 7.02621E-01 2.34764E-01 8.52707E-03 2.23370E-03
 2.32817E-01 8.15101E-03 2.05846E-01 7.28943E-03 1.29916E+00 2.79175E-01 9.92174E-03 6.97650E-01 2.32847E-01 8.15207E-03 2.47052E-03
 2.23767E-01 6.65931E-03 1.97778E-01 5.93986E-03 1.25425E+00 2.68203E-01 8.07820E-03 6.73531E-01 2.23818E-01 6.66083E-03 4.09690E-03
 2.14775E-01 5.54731E-03 1.89761E-01 4.93096E-03 1.20827E+00 2.57302E-01 6.69882E-03 6.48838E-01 2.14866E-01 5.54969E-03 7.10324E-03
 2.05821E-01 4.69194E-03 1.81795E-01 4.15700E-03 1.16167E+00 2.46476E-01 5.64155E-03 6.23819E-01 2.06001E-01 4.69605E-03 1.29101E-02
 1.96942E-01 4.01130E-03 1.73923E-01 3.54843E-03 1.11487E+00 2.35792E-01 4.81326E-03 5.98687E-01 1.97341E-01 4.01943E-03 2.46086E-02
 1.88173E-01 3.45307E-03 1.66174E-01 3.05729E-03 1.06818E+00 2.25284E-01 4.14820E-03 5.73615E-01 1.89206E-01 3.47209E-03 4.89427E-02
 1.79519E-01 2.98258E-03 1.58540E-01 2.64643E-03 1.02185E+00 2.14938E-01 3.59320E-03 5.48734E-01 1.82676E-01 3.03533E-03 9.96083E-02
 1.71022E-01 2.57773E-03 1.51044E-01 2.29151E-03 9.76061E-01 2.04779E-01 3.11315E-03 5.24145E-01 1.81397E-01 2.73539E-03 1.97277E-01
 1.62696E-01 2.22640E-03 1.43696E-01 1.98115E-03 9.30981E-01 1.94819E-01 2.69235E-03 4.99937E-01 1.92138E-01 2.63315E-03 3.46212E-01
 1.54561E-01 1.92104E-03 1.36513E-01 1.70983E-03 8.86747E-01 1.85080E-01 2.32380E-03 4.76183E-01 2.12482E-01 2.64810E-03 4.91127E-01
 1.46641E-01 1.65594E-03 1.29516E-01 1.47357E-03 8.43477E-01 1.75594E-01 2.00258E-03 4.52947E-01 2.24803E-01 2.54718E-03 5.66140E-01
 1.38949E-01 1.42614E-03 1.22719E-01 1.26856E-03 8.01271E-01 1.66378E-01 1.72375E-03 4.30283E-01 2.23313E-01 2.30004E-03 5.77435E-01
 1.31499E-01 1.22717E-03 1.16135E-01 1.09106E-03 7.60210E-01 1.57449E-01 1.48233E-03 4.08233E-01 2.14570E-01 2.00913E-03 5.59851E-01
 1.24300E-01 1.05506E-03 1.09771E-01 9.37593E-04 7.20364E-01 1.48819E-01 1.27364E-03 3.86835E-01 2.03641E-01 1.73399E-03 5.33536E-01
 1.17359E-01 9.06313E-04 1.03635E-01 8.05040E-04 6.81785E-01 1.40497E-01 1.09342E-03 3.66118E-01 1.92443E-01 1.49057E-03 5.05621E-01
 1.10681E-01 7.77868E-04 9.77312E-02 6.90648E-04 6.44516E-01 1.32491E-01 9.37923E-04 3.46105E-01 1.81520E-01 1.27928E-03 4.78106E-01
 1.04274E-01 6.67102E-04 9.20663E-02 5.92063E-04 6.08614E-01 1.24808E-01 8.03939E-04 3.26826E-01 1.71010E-01 1.09693E-03 4.51494E-01
 9.81350E-02 5.71630E-04 8.66391E-02 5.07138E-04 5.74084E-01 1.17447E-01 6.88539E-04 3.08283E-01 1.60936E-01 9.39764E-04 4.25881E-01
 2.75930E-01 4.17645E-02 2.43780E-01 3.72858E-02 1.38662E+00 3.30543E-01 5.07230E-02 7.44617E-01 2.75932E-01 4.17649E-02 1.97975E-04
 2.69666E-01 3.26678E-02 2.38248E-01 2.91637E-02 1.37252E+00 3.23042E-01 3.96734E-02 7.37043E-01 2.69669E-01 3.26682E-02 2.61432E-04
 2.62441E-01 2.53542E-02 2.31860E-01 2.26362E-02 1.35006E+00 3.14379E-01 3.07943E-02 7.24985E-01 2.62445E-01 2.53546E-02 3.51306E-04
 2.54428E-01 1.95880E-02 2.24771E-01 1.74909E-02 1.32101E+00 3.04763E-01 2.37958E-02 7.09383E-01 2.54434E-01 1.95885E-02 4.81810E-04
 2.45907E-01 1.51327E-02 2.17229E-01 1.35151E-02 1.28702E+00 2.94529E-01 1.83879E-02 6.91131E-01 2.45916E-01 1.51333E-02 6.76475E-04
 2.37121E-01 1.17537E-02 2.09444E-01 1.04982E-02 1.24955E+00 2.83965E-01 1.42836E-02 6.71006E-01 2.37133E-01 1.17543E-02 9.75301E-04
 2.28240E-01 9.22905E-03 2.01565E-01 8.24078E-03 1.20971E+00 2.73267E-01 1.12112E-02 6.49613E-01 2.28258E-01 9.22980E-03 1.44829E-03
 2.21379E-01 7.73591E-03 1.95467E-01 6.90222E-03 1.17777E+00 2.64983E-01 9.38789E-03 6.32464E-01 2.21405E-01 7.73681E-03 2.01066E-03
 2.19390E-01 7.37291E-03 1.93696E-01 6.57624E-03 1.16835E+00 2.62577E-01 8.94364E-03 6.27404E-01 2.19419E-01 7.37387E-03 2.22177E-03
 2.10012E-01 5.94198E-03 1.85361E-01 5.28836E-03 1.12296E+00 2.51253E-01 7.18718E-03 6.03031E-01 2.10059E-01 5.94333E-03 3.66807E-03
 2.00749E-01 4.89284E-03 1.77131E-01 4.34155E-03 1.07708E+00 2.40074E-01 5.89482E-03 5.78390E-01 2.00834E-01 4.89494E-03 6.33200E-03
 1.91605E-01 4.10023E-03 1.69016E-01 3.62744E-03 1.03110E+00 2.29055E-01 4.92058E-03 5.53699E-01 1.91772E-01 4.10382E-03 1.14590E-02
 1.82610E-01 3.48013E-03 1.61055E-01 3.07405E-03 9.85371E-01 2.18254E-01 4.16786E-03 5.29144E-01 1.82979E-01 3.48717E-03 2.17501E-02
 1.73790E-01 2.97895E-03 1.53270E-01 2.63304E-03 9.40173E-01 2.07702E-01 3.57065E-03 5.04873E-01 1.74743E-01 2.99533E-03 4.30774E-02
 1.65154E-01 2.56160E-03 1.45659E-01 2.26844E-03 8.95699E-01 1.97390E-01 3.07807E-03 4.80990E-01 1.68053E-01 2.60680E-03 8.73113E-02
 1.56732E-01 2.20582E-03 1.38237E-01 1.95667E-03 8.52092E-01 1.87335E-01 2.65644E-03 4.57573E-01 1.66225E-01 2.34037E-03 1.72221E-01
 1.48537E-01 1.89915E-03 1.31012E-01 1.68615E-03 8.09477E-01 1.77545E-01 2.28983E-03 4.34689E-01 1.75369E-01 2.24512E-03 3.01027E-01
 1.40581E-01 1.63391E-03 1.23995E-01 1.45097E-03 7.67955E-01 1.68037E-01 1.97058E-03 4.12392E-01 1.93170E-01 2.25050E-03 4.25333E-01
 1.32883E-01 1.40451E-03 1.17204E-01 1.24702E-03 7.27608E-01 1.58832E-01 1.69349E-03 3.90725E-01 2.03586E-01 2.15823E-03 4.88369E-01
 1.25450E-01 1.20628E-03 1.10645E-01 1.07062E-03 6.88504E-01 1.49943E-01 1.45376E-03 3.69726E-01 2.01483E-01 1.94334E-03 4.96169E-01
 1.18292E-01 1.03513E-03 1.04327E-01 9.18324E-04 6.50694E-01 1.41379E-01 1.24680E-03 3.49423E-01 1.92886E-01 1.69288E-03 4.79198E-01
 1.11412E-01 8.87496E-04 9.82546E-02 7.87011E-04 6.14220E-01 1.33148E-01 1.06837E-03 3.29836E-01 1.82400E-01 1.45703E-03 4.54921E-01
 1.04813E-01 7.60252E-04 9.24301E-02 6.73898E-04 5.79109E-01 1.25252E-01 9.14699E-04 3.10981E-01 1.71752E-01 1.24904E-03 4.29475E-01
 9.84975E-02 6.50674E-04 8.68548E-02 5.76544E-04 5.45379E-01 1.17695E-01 7.82463E-04 2.92868E-01 1.61427E-01 1.06900E-03 4.04566E-01
 9.24677E-02 5.56445E-04 8.15321E-02 4.92872E-04 5.13064E-01 1.10480E-01 6.68831E-04 2.75515E-01 1.51544E-01 9.14051E-04 3.80611E-01
 8.67188E-02 4.75452E-04 7.64574E-02 4.20991E-04 4.82149E-01 1.03601E-01 5.71226E-04 2.58914E-01 1.42118E-01 7.80877E-04 3.57680E-01
 2.65116E-01 4.11490E-02 2.33910E-01 3.66366E-02 1.28311E+00 3.17023E-01 4.97972E-02 6.89028E-01 2.65118E-01 4.11494E-02 1.83196E-04
 2.58385E-01 3.18737E-02 2.27968E-01 2.83760E-02 1.26407E+00 3.08968E-01 3.85682E-02 6.78805E-01 2.58388E-01 3.18741E-02 2.40775E-04
 2.50683E-01 2.44669E-02 2.21165E-01 2.17825E-02 1.23754E+00 2.99744E-01 2.96067E-02 6.64560E-01 2.50687E-01 2.44673E-02 3.22026E-04
 2.42211E-01 1.86729E-02 2.13679E-01 1.66262E-02 1.20523E+00 2.89595E-01 2.25991E-02 6.47207E-01 2.42217E-01 1.86733E-02 4.39580E-04
 2.33262E-01 1.42356E-02 2.05771E-01 1.26775E-02 1.16875E+00 2.78871E-01 1.72327E-02 6.27617E-01 2.33270E-01 1.42361E-02 6.14309E-04
 2.24092E-01 1.09030E-02 1.97662E-01 9.71086E-03 1.12951E+00 2.67872E-01 1.32007E-02 6.06549E-01 2.24103E-01 1.09036E-02 8.81613E-04
 2.14875E-01 8.43951E-03 1.89505E-01 7.51551E-03 1.08859E+00 2.56806E-01 1.02159E-02 5.84573E-01 2.14892E-01 8.44019E-03 1.30329E-03
 2.07785E-01 6.99708E-03 1.83222E-01 6.22747E-03 1.05622E+00 2.48280E-01 8.46351E-03 5.67192E-01 2.07809E-01 6.99789E-03 1.80315E-03
 2.05748E-01 6.64774E-03 1.81413E-01 5.91514E-03 1.04678E+00 2.45823E-01 8.03843E-03 5.62119E-01 2.05774E-01 6.64860E-03 1.99058E-03
 1.96149E-01 5.28292E-03 1.72905E-01 4.69225E-03 1.00157E+00 2.34274E-01 6.37295E-03 5.37844E-01 1.96193E-01 5.28412E-03 3.27156E-03
 1.86728E-01 4.29843E-03 1.64557E-01 3.80790E-03 9.56391E-01 2.22944E-01 5.16758E-03 5.13582E-01 1.86807E-01 4.30026E-03 5.62251E-03
 1.77496E-01 3.56769E-03 1.56383E-01 3.15209E-03 9.11580E-01 2.11853E-01 4.27396E-03 4.89518E-01 1.77650E-01 3.57081E-03 1.01307E-02
 1.68481E-01 3.00557E-03 1.48417E-01 2.65139E-03 8.67427E-01 2.01052E-01 3.59331E-03 4.65808E-01 1.68821E-01 3.01165E-03 1.91467E-02
 1.59704E-01 2.55789E-03 1.40678E-01 2.25746E-03 8.24158E-01 1.90566E-01 3.05986E-03 4.42573E-01 1.60578E-01 2.57193E-03 3.77617E-02
 1.51172E-01 2.18956E-03 1.33167E-01 1.93557E-03 7.81920E-01 1.80393E-01 2.62493E-03 4.19891E-01 1.53823E-01 2.22811E-03 7.62203E-02
 1.42908E-01 1.87847E-03 1.25891E-01 1.66308E-03 7.40811E-01 1.70538E-01 2.25647E-03 3.97816E-01 1.51550E-01 1.99277E-03 1.49729E-01
 1.34917E-01 1.61213E-03 1.18854E-01 1.42844E-03 7.00918E-01 1.61006E-01 1.93861E-03 3.76393E-01 1.59251E-01 1.90506E-03 2.60656E-01
 1.27208E-01 1.38290E-03 1.12063E-01 1.22557E-03 6.62307E-01 1.51806E-01 1.66339E-03 3.55659E-01 1.74719E-01 1.90340E-03 3.66820E-01
 1.19792E-01 1.18538E-03 1.05528E-01 1.05034E-03 6.25028E-01 1.42953E-01 1.42549E-03 3.35640E-01 1.83428E-01 1.81985E-03 4.19517E-01
 1.12672E-01 1.01524E-03 9.92534E-02 8.99281E-04 5.89117E-01 1.34453E-01 1.22034E-03 3.16356E-01 1.80852E-01 1.63398E-03 4.24547E-01
 1.05852E-01 8.68762E-04 9.32423E-02 7.69241E-04 5.54601E-01 1.26308E-01 1.04375E-03 2.97821E-01 1.72497E-01 1.41942E-03 4.08432E-01
 9.93327E-02 7.42765E-04 8.74953E-02 6.57425E-04 5.21494E-01 1.18521E-01 8.91923E-04 2.80042E-01 1.62525E-01 1.21826E-03 3.86243E-01
 9.31118E-02 6.34471E-04 8.20114E-02 5.61368E-04 4.89801E-01 1.11091E-01 7.61515E-04 2.63023E-01 1.52484E-01 1.04142E-03 3.63244E-01
 8.71868E-02 5.41473E-04 7.67882E-02 4.78921E-04 4.59519E-01 1.04014E-01 6.49602E-04 2.46762E-01 1.42803E-01 8.88781E-04 3.40875E-01
 8.15581E-02 4.61727E-04 7.18263E-02 4.08258E-04 4.30663E-01 9.72907E-02 5.53700E-04 2.31266E-01 1.33584E-01 7.57788E-04 3.19483E-01
 7.62171E-02 3.93380E-04 6.71182E-02 3.47723E-04 4.03199E-01 9.09115E-02 4.71554E-04 2.16518E-01 1.24832E-01 6.45522E-04 2.99111E-01
 2.53696E-01 4.04227E-02 2.23556E-01 3.59032E-02 1.18497E+00 3.02869E-01 4.87632E-02 6.36331E-01 2.53698E-01 4.04231E-02 1.69185E-04
 2.46551E-01 3.10019E-02 2.17254E-01 2.75322E-02 1.16148E+00 2.94329E-01 3.73923E-02 6.23715E-01 2.46554E-01 3.10023E-02 2.21234E-04
 2.38433E-01 2.35375E-02 2.10092E-01 2.09029E-02 1.13139E+00 2.84623E-01 2.83887E-02 6.07554E-01 2.38437E-01 2.35379E-02 2.94402E-04
 2.29575E-01 1.77464E-02 2.02276E-01 1.57614E-02 1.09635E+00 2.74029E-01 2.14065E-02 5.88741E-01 2.29580E-01 1.77469E-02 3.99871E-04
 2.20281E-01 1.33518E-02 1.94074E-01 1.18601E-02 1.05795E+00 2.62913E-01 1.61087E-02 5.68121E-01 2.20289E-01 1.33523E-02 5.56075E-04
 2.10814E-01 1.00839E-02 1.85718E-01 8.95862E-03 1.01755E+00 2.51586E-01 1.21684E-02 5.46423E-01 2.10825E-01 1.00845E-02 7.94221E-04
 2.01358E-01 7.69400E-03 1.77366E-01 6.83497E-03 9.76114E-01 2.40262E-01 9.28369E-03 5.24173E-01 2.01374E-01 7.69462E-03 1.16863E-03
 1.94117E-01 6.30875E-03 1.70965E-01 5.60211E-03 9.43751E-01 2.31582E-01 7.60816E-03 5.06794E-01 1.94139E-01 6.30948E-03 1.61114E-03
 1.92047E-01 5.97458E-03 1.69133E-01 5.30445E-03 9.34397E-01 2.29095E-01 7.20352E-03 5.01771E-01 1.92072E-01 5.97535E-03 1.77687E-03
 1.82329E-01 4.68029E-03 1.60538E-01 4.14924E-03 8.89920E-01 2.17439E-01 5.63212E-03 4.77887E-01 1.82370E-01 4.68135E-03 2.90686E-03
 1.72852E-01 3.76142E-03 1.52160E-01 3.32718E-03 8.45947E-01 2.06075E-01 4.51306E-03 4.54273E-01 1.72925E-01 3.76302E-03 4.97322E-03
 1.63629E-01 3.09115E-03 1.44010E-01 2.72775E-03 8.02755E-01 1.95024E-01 3.69717E-03 4.31079E-01 1.63772E-01 3.09385E-03 8.92133E-03
 1.54685E-01 2.58414E-03 1.36118E-01 2.27696E-03 7.60571E-01 1.84329E-01 3.08470E-03 4.08427E-01 1.54997E-01 2.58936E-03 1.67881E-02
 1.46036E-01 2.18623E-03 1.28502E-01 1.92687E-03 7.19568E-01 1.74012E-01 2.61065E-03 3.86408E-01 1.46835E-01 2.19821E-03 3.29696E-02
 1.37689E-01 1.86277E-03 1.21159E-01 1.64412E-03 6.79844E-01 1.64070E-01 2.22857E-03 3.65076E-01 1.40100E-01 1.89551E-03 6.62701E-02
 1.29653E-01 1.59211E-03 1.14090E-01 1.40713E-03 6.41455E-01 1.54499E-01 1.90816E-03 3.44461E-01 1.37483E-01 1.68878E-03 1.29648E-01
 1.21931E-01 1.36194E-03 1.07297E-01 1.20459E-03 6.04449E-01 1.45300E-01 1.63389E-03 3.24589E-01 1.43892E-01 1.60884E-03 2.24781E-01
 1.14526E-01 1.16481E-03 1.00780E-01 1.03042E-03 5.68859E-01 1.36475E-01 1.39772E-03 3.05477E-01 1.57240E-01 1.60220E-03 3.15064E-01
 1.07442E-01 9.95583E-04 9.45456E-02 8.80589E-04 5.34708E-01 1.28032E-01 1.19443E-03 2.87138E-01 1.64438E-01 1.52723E-03 3.58895E-01
 1.00679E-01 8.50268E-04 8.85922E-02 7.51835E-04 5.02004E-01 1.19969E-01 1.01969E-03 2.69576E-01 1.61516E-01 1.36730E-03 3.61768E-01
 9.42351E-02 7.25536E-04 8.29189E-02 6.41323E-04 4.70749E-01 1.12285E-01 8.69711E-04 2.52792E-01 1.53482E-01 1.18439E-03 3.46679E-01
 8.81064E-02 6.18544E-04 7.75230E-02 5.46564E-04 4.40936E-01 1.04977E-01 7.41125E-04 2.36783E-01 1.44078E-01 1.01366E-03 3.26578E-01
 8.22877E-02 5.26844E-04 7.23999E-02 4.65384E-04 4.12550E-01 9.80377E-02 6.30983E-04 2.21539E-01 1.34685E-01 8.64047E-04 3.05953E-01
 7.67728E-02 4.48318E-04 6.75441E-02 3.95900E-04 3.85570E-01 9.14610E-02 5.36723E-04 2.07051E-01 1.25678E-01 7.35286E-04 2.86018E-01
 7.15591E-02 3.81179E-04 6.29536E-02 3.36516E-04 3.59993E-01 8.52434E-02 4.56176E-04 1.93316E-01 1.17144E-01 6.25102E-04 2.67057E-01
 6.66350E-02 3.23802E-04 5.86182E-02 2.85788E-04 3.35773E-01 7.93715E-02 3.87377E-04 1.80310E-01 1.09080E-01 5.30941E-04 2.49092E-01
 2.41645E-01 3.95347E-02 2.12695E-01 3.50396E-02 1.09099E+00 2.88051E-01 4.75582E-02 5.85864E-01 2.41647E-01 3.95350E-02 1.55767E-04
 2.34123E-01 3.00159E-02 2.06068E-01 2.65988E-02 1.06356E+00 2.79074E-01 3.60999E-02 5.71134E-01 2.34126E-01 3.00163E-02 2.02584E-04
 2.25638E-01 2.25395E-02 1.98592E-01 1.99725E-02 1.03047E+00 2.68945E-01 2.71063E-02 5.53364E-01 2.25642E-01 2.25399E-02 2.68144E-04
 2.16459E-01 1.67895E-02 1.90503E-01 1.48781E-02 9.93317E-01 2.57987E-01 2.01927E-02 5.33411E-01 2.16464E-01 1.67899E-02 3.62291E-04
 2.06899E-01 1.24670E-02 1.82078E-01 1.10491E-02 9.53600E-01 2.46573E-01 1.49965E-02 5.12083E-01 2.06906E-01 1.24674E-02 5.01225E-04
 1.97226E-01 9.28533E-03 1.73553E-01 8.23055E-03 9.12611E-01 2.35023E-01 1.11715E-02 4.90072E-01 1.97236E-01 9.28581E-03 7.12315E-04
 1.87626E-01 6.98333E-03 1.65089E-01 6.19011E-03 8.71238E-01 2.23553E-01 8.40199E-03 4.67855E-01 1.87641E-01 6.98389E-03 1.04307E-03
 1.80312E-01 5.66255E-03 1.58636E-01 5.01796E-03 8.39296E-01 2.14807E-01 6.81040E-03 4.50702E-01 1.80333E-01 5.66321E-03 1.43282E-03
 1.78230E-01 5.34531E-03 1.56798E-01 4.73626E-03 8.30148E-01 2.12315E-01 6.42783E-03 4.45789E-01 1.78253E-01 5.34600E-03 1.57863E-03
 1.68498E-01 4.12659E-03 1.48208E-01 3.65212E-03 7.86907E-01 2.00671E-01 4.95465E-03 4.22569E-01 1.68536E-01 4.12752E-03 2.57037E-03
 1.59068E-01 3.27472E-03 1.39886E-01 2.89269E-03 7.44601E-01 1.89392E-01 3.92199E-03 3.99851E-01 1.59135E-01 3.27612E-03 4.37742E-03
 1.49953E-01 2.66380E-03 1.31846E-01 2.34805E-03 7.03432E-01 1.78496E-01 3.18140E-03 3.77743E-01 1.50083E-01 2.66613E-03 7.81752E-03
 1.41172E-01 2.20931E-03 1.24109E-01 1.94467E-03 6.63563E-01 1.68014E-01 2.63367E-03 3.56333E-01 1.41456E-01 2.21377E-03 1.46468E-02
 1.32738E-01 1.85781E-03 1.16688E-01 1.63549E-03 6.25111E-01 1.57967E-01 2.21503E-03 3.35685E-01 1.33463E-01 1.86798E-03 2.86417E-02
 1.24652E-01 1.57549E-03 1.09582E-01 1.38864E-03 5.88128E-01 1.48347E-01 1.88145E-03 3.15825E-01 1.26832E-01 1.60314E-03 5.73297E-02
 1.16914E-01 1.34144E-03 1.02782E-01 1.18378E-03 5.52627E-01 1.39142E-01 1.60449E-03 2.96761E-01 1.23966E-01 1.42274E-03 1.11694E-01
 1.09523E-01 1.14374E-03 9.62855E-02 1.00999E-03 5.18624E-01 1.30348E-01 1.36924E-03 2.78501E-01 1.29226E-01 1.35067E-03 1.92865E-01
 1.02477E-01 9.75241E-04 9.00904E-02 8.61342E-04 4.86124E-01 1.21961E-01 1.16778E-03 2.61048E-01 1.40650E-01 1.34069E-03 2.69241E-01
 9.57734E-02 8.31140E-04 8.41962E-02 7.33975E-04 4.55119E-01 1.13981E-01 9.95058E-04 2.44399E-01 1.46515E-01 1.27407E-03 3.05475E-01
 8.94074E-02 7.07792E-04 7.85979E-02 6.24883E-04 4.25598E-01 1.06402E-01 8.47090E-04 2.28546E-01 1.43366E-01 1.13732E-03 3.06707E-01
 8.33729E-02 6.02227E-04 7.32908E-02 5.31523E-04 3.97541E-01 9.92165E-02 7.20462E-04 2.13480E-01 1.35726E-01 9.82351E-04 2.92766E-01
 7.76626E-02 5.11935E-04 6.82685E-02 4.51696E-04 3.70922E-01 9.24165E-02 6.12201E-04 1.99185E-01 1.26938E-01 8.38328E-04 2.74722E-01
 7.22676E-02 4.34769E-04 6.35235E-02 3.83501E-04 3.45709E-01 8.59920E-02 5.19727E-04 1.85646E-01 1.18228E-01 7.12525E-04 2.56383E-01
 6.71788E-02 3.68880E-04 5.90477E-02 3.25296E-04 3.21868E-01 7.99319E-02 4.40809E-04 1.72843E-01 1.09920E-01 6.04574E-04 2.38764E-01
 6.23907E-02 3.12711E-04 5.48364E-02 2.75696E-04 2.99381E-01 7.42301E-02 3.73567E-04 1.60768E-01 1.02087E-01 5.12468E-04 2.22093E-01
 5.78894E-02 2.64850E-04 5.08776E-02 2.33448E-04 2.78192E-01 6.88699E-02 3.16298E-04 1.49389E-01 9.47193E-02 4.33987E-04 2.06375E-01
 2.29206E-01 3.85196E-02 2.01541E-01 3.40757E-02 1.00213E+00 2.72856E-01 4.62224E-02 5.38142E-01 2.29208E-01 3.85200E-02 1.43079E-04
 2.21341E-01 2.89483E-02 1.94620E-01 2.56038E-02 9.71385E-01 2.63484E-01 3.47284E-02 5.21634E-01 2.21344E-01 2.89487E-02 1.85026E-04
 2.12553E-01 2.14956E-02 1.86885E-01 1.90106E-02 9.35823E-01 2.53009E-01 2.57850E-02 5.02537E-01 2.12557E-01 2.14959E-02 2.43514E-04
 2.03126E-01 1.58182E-02 1.78588E-01 1.39899E-02 8.97057E-01 2.41773E-01 1.89753E-02 4.81719E-01 2.03131E-01 1.58186E-02 3.27182E-04
 1.93382E-01 1.15926E-02 1.70012E-01 1.02537E-02 8.56530E-01 2.30158E-01 1.39082E-02 4.59956E-01 1.93388E-01 1.15930E-02 4.50203E-04
 1.83591E-01 8.51481E-03 1.61395E-01 7.53247E-03 8.15446E-01 2.18488E-01 1.02175E-02 4.37895E-01 1.83601E-01 8.51525E-03 6.36476E-04
 1.73938E-01 6.31219E-03 1.52895E-01 5.58428E-03 7.74593E-01 2.06977E-01 7.57500E-03 4.15956E-01 1.73952E-01 6.31269E-03 9.27362E-04
 1.66622E-01 5.06133E-03 1.46452E-01 4.47687E-03 7.43406E-01 1.98248E-01 6.07247E-03 3.99209E-01 1.66642E-01 5.06191E-03 1.26912E-03
 1.64550E-01 4.76232E-03 1.44626E-01 4.21204E-03 7.34548E-01 1.95775E-01 5.71310E-03 3.94452E-01 1.64571E-01 4.76293E-03 1.39684E-03
 1.54897E-01 3.62242E-03 1.36119E-01 3.20093E-03 6.92931E-01 1.84250E-01 4.34040E-03 3.72104E-01 1.54932E-01 3.62324E-03 2.26340E-03
 1.45604E-01 2.83767E-03 1.27932E-01 2.50347E-03 6.52626E-01 1.73158E-01 3.39291E-03 3.50460E-01 1.45665E-01 2.83888E-03 3.83671E-03
 1.36681E-01 2.28414E-03 1.20074E-01 2.01137E-03 6.13759E-01 1.62514E-01 2.72436E-03 3.29589E-01 1.36800E-01 2.28614E-03 6.82095E-03
 1.28142E-01 1.87908E-03 1.12559E-01 1.65248E-03 5.76427E-01 1.52337E-01 2.23730E-03 3.09541E-01 1.28400E-01 1.88286E-03 1.27235E-02
 1.19994E-01 1.57033E-03 1.05396E-01 1.38098E-03 5.40693E-01 1.42641E-01 1.86972E-03 2.90352E-01 1.20649E-01 1.57892E-03 2.47738E-02
 1.12231E-01 1.32531E-03 9.85789E-02 1.16670E-03 5.06561E-01 1.33415E-01 1.58013E-03 2.72023E-01 1.14192E-01 1.34853E-03 4.93788E-02
 1.04847E-01 1.12405E-03 9.20943E-02 9.90600E-04 4.74011E-01 1.24640E-01 1.34208E-03 2.54544E-01 1.11164E-01 1.19206E-03 9.58050E-02
 9.78341E-02 9.55198E-04 8.59356E-02 8.42305E-04 4.43027E-01 1.16305E-01 1.14139E-03 2.37906E-01 1.15415E-01 1.12770E-03 1.64752E-01
 9.11857E-02 8.11985E-04 8.00954E-02 7.16134E-04 4.13587E-01 1.08401E-01 9.70471E-04 2.22096E-01 1.25115E-01 1.11570E-03 2.29066E-01
 8.48946E-02 6.89970E-04 7.45688E-02 6.08455E-04 3.85662E-01 1.00921E-01 8.24522E-04 2.07100E-01 1.29823E-01 1.05700E-03 2.58855E-01
 7.89513E-02 5.85863E-04 6.93471E-02 5.16530E-04 3.59219E-01 9.38531E-02 6.99901E-04 1.92901E-01 1.26547E-01 9.40772E-04 2.58871E-01
 7.33462E-02 4.97031E-04 6.44221E-02 4.38094E-04 3.34223E-01 8.71870E-02 5.93570E-04 1.79478E-01 1.19352E-01 8.10215E-04 2.46136E-01
 6.80681E-02 4.21272E-04 5.97844E-02 3.71221E-04 3.10632E-01 8.09096E-02 5.02922E-04 1.66809E-01 1.11209E-01 6.89411E-04 2.30069E-01
 6.31057E-02 3.56714E-04 5.54239E-02 3.14255E-04 2.88402E-01 7.50075E-02 4.25712E-04 1.54872E-01 1.03196E-01 5.84232E-04 2.13883E-01
 5.84469E-02 3.01752E-04 5.13301E-02 2.65774E-04 2.67486E-01 6.94664E-02 3.60010E-04 1.43640E-01 9.55929E-02 4.94249E-04 1.98423E-01
 5.40838E-02 2.55037E-04 4.74964E-02 2.24582E-04 2.47856E-01 6.42772E-02 3.04192E-04 1.33099E-01 8.84579E-02 4.17702E-04 1.83870E-01
 5.00008E-02 2.15352E-04 4.39087E-02 1.89599E-04 2.29448E-01 5.94212E-02 2.56792E-04 1.23214E-01 8.17784E-02 3.52673E-04 1.70215E-01
 2.16351E-01 3.73353E-02 1.90066E-01 3.29735E-02 9.17387E-01 2.57246E-01 4.47038E-02 4.92637E-01 2.16353E-01 3.73357E-02 1.30980E-04
 2.08157E-01 2.77656E-02 1.82863E-01 2.45167E-02 8.83692E-01 2.47495E-01 3.32363E-02 4.74543E-01 2.08160E-01 2.77659E-02 1.68322E-04
 1.99120E-01 2.03812E-02 1.74917E-01 1.79945E-02 8.46176E-01 2.36739E-01 2.43937E-02 4.54396E-01 1.99123E-01 2.03815E-02 2.20187E-04
 1.89511E-01 1.48159E-02 1.66470E-01 1.30809E-02 8.06314E-01 2.25302E-01 1.77326E-02 4.32991E-01 1.89516E-01 1.48162E-02 2.94085E-04
 1.79661E-01 1.07166E-02 1.57810E-01 9.46239E-03 7.65480E-01 2.13579E-01 1.28277E-02 4.11063E-01 1.79668E-01 1.07170E-02 4.02346E-04
 1.69842E-01 7.76312E-03 1.49176E-01 6.85542E-03 7.24784E-01 2.01891E-01 9.29391E-03 3.89209E-01 1.69850E-01 7.76353E-03 5.65712E-04
 1.60227E-01 5.67292E-03 1.40722E-01 5.01005E-03 6.84898E-01 1.90445E-01 6.79232E-03 3.67790E-01 1.60240E-01 5.67337E-03 8.19977E-04
 1.52983E-01 4.49809E-03 1.34350E-01 3.97210E-03 6.54785E-01 1.81817E-01 5.38495E-03 3.51619E-01 1.53001E-01 4.49861E-03 1.11783E-03
 1.50943E-01 4.21868E-03 1.32555E-01 3.72515E-03 6.46299E-01 1.79386E-01 5.05008E-03 3.47063E-01 1.50962E-01 4.21922E-03 1.22902E-03
 1.41463E-01 3.16135E-03 1.24213E-01 2.78957E-03 6.06673E-01 1.68090E-01 3.78090E-03 3.25783E-01 1.41495E-01 3.16206E-03 1.98165E-03
 1.32400E-01 2.44412E-03 1.16239E-01 2.15379E-03 5.68682E-01 1.57293E-01 2.91794E-03 3.05382E-01 1.32456E-01 2.44515E-03 3.34321E-03
 1.23756E-01 1.94632E-03 1.08636E-01 1.71234E-03 5.32373E-01 1.46998E-01 2.31865E-03 2.85885E-01 1.23864E-01 1.94801E-03 5.91648E-03
 1.15538E-01 1.58788E-03 1.01411E-01 1.39527E-03 4.97777E-01 1.37217E-01 1.88857E-03 2.67306E-01 1.15770E-01 1.59108E-03 1.09874E-02
 1.07745E-01 1.31859E-03 9.45667E-02 1.15855E-03 4.64904E-01 1.27954E-01 1.56812E-03 2.49653E-01 1.08332E-01 1.32579E-03 2.13012E-02
 1.00366E-01 1.10741E-03 8.80914E-02 9.73844E-04 4.33717E-01 1.19193E-01 1.31848E-03 2.32906E-01 1.02118E-01 1.12679E-03 4.22780E-02
 9.33880E-02 9.35557E-04 8.19679E-02 8.23503E-04 4.04162E-01 1.10908E-01 1.11528E-03 2.17035E-01 9.90096E-02 9.92076E-04 8.16874E-02
 8.67985E-02 7.92332E-04 7.61849E-02 6.97820E-04 3.76197E-01 1.03084E-01 9.45229E-04 2.02018E-01 1.02381E-01 9.35196E-04 1.39900E-01
 8.05851E-02 6.71451E-04 7.07311E-02 5.91449E-04 3.49777E-01 9.57041E-02 8.01184E-04 1.87830E-01 1.10541E-01 9.22198E-04 1.93725E-01
 7.47365E-02 5.68852E-04 6.55972E-02 5.01029E-04 3.24855E-01 8.87574E-02 6.78680E-04 1.74447E-01 1.14251E-01 8.70971E-04 2.18042E-01
 6.92395E-02 4.81595E-04 6.07714E-02 4.24092E-04 3.01384E-01 8.22273E-02 5.74427E-04 1.61843E-01 1.10940E-01 7.72886E-04 2.17192E-01
 6.40808E-02 4.07365E-04 5.62424E-02 3.58642E-04 2.79312E-01 7.60988E-02 4.85741E-04 1.49991E-01 1.04237E-01 6.63663E-04 2.05697E-01
 5.92468E-02 3.44247E-04 5.19983E-02 3.03004E-04 2.58587E-01 7.03557E-02 4.10355E-04 1.38861E-01 9.67613E-02 5.63039E-04 1.91522E-01
 5.47233E-02 2.90619E-04 4.80268E-02 2.55746E-04 2.39155E-01 6.49814E-02 3.46330E-04 1.28426E-01 8.94551E-02 4.75717E-04 1.77361E-01
 5.04962E-02 2.45098E-04 4.43155E-02 2.15645E-04 2.20962E-01 5.99594E-02 2.92007E-04 1.18656E-01 8.25591E-02 4.01238E-04 1.63911E-01
 4.65559E-02 2.06526E-04 4.08560E-02 1.81674E-04 2.03970E-01 5.52780E-02 2.45993E-04 1.09532E-01 7.61178E-02 3.38072E-04 1.51313E-01
 4.28849E-02 1.73857E-04 3.76331E-02 1.52911E-04 1.88111E-01 5.09168E-02 2.07036E-04 1.01016E-01 7.01149E-02 2.84573E-04 1.39549E-01
 2.03378E-01 3.60294E-02 1.78525E-01 3.17741E-02 8.37641E-01 2.41565E-01 4.30577E-02 4.49813E-01 2.03380E-01 3.60297E-02 1.19594E-04
 1.94887E-01 2.65055E-02 1.71069E-01 2.33699E-02 8.01543E-01 2.31474E-01 3.16669E-02 4.30428E-01 1.94889E-01 2.65059E-02 1.52675E-04
 1.85641E-01 1.92265E-02 1.62948E-01 1.69500E-02 7.62540E-01 2.20484E-01 2.29668E-02 4.09484E-01 1.85644E-01 1.92269E-02 1.98424E-04
 1.75903E-01 1.38029E-02 1.54395E-01 1.21682E-02 7.22002E-01 2.08909E-01 1.64875E-02 3.87715E-01 1.75908E-01 1.38033E-02 2.63334E-04
 1.66013E-01 9.85247E-03 1.45708E-01 8.68608E-03 6.81260E-01 1.97151E-01 1.17695E-02 3.65837E-01 1.66019E-01 9.85281E-03 3.58079E-04
 1.56236E-01 7.03851E-03 1.37121E-01 6.20594E-03 6.41317E-01 1.85530E-01 8.40927E-03 3.44387E-01 1.56244E-01 7.03888E-03 5.00563E-04
 1.46737E-01 5.07001E-03 1.28777E-01 4.47074E-03 6.02727E-01 1.74237E-01 6.05820E-03 3.23664E-01 1.46749E-01 5.07041E-03 7.21599E-04
 1.39626E-01 3.97516E-03 1.22529E-01 3.50514E-03 5.73914E-01 1.65780E-01 4.74967E-03 3.08192E-01 1.39642E-01 3.97562E-03 9.79768E-04
 1.37635E-01 3.71614E-03 1.20779E-01 3.27663E-03 5.65857E-01 1.63411E-01 4.43997E-03 3.03865E-01 1.37652E-01 3.71662E-03 1.07605E-03
 1.28408E-01 2.74317E-03 1.12670E-01 2.41749E-03 5.28461E-01 1.52434E-01 3.27526E-03 2.83784E-01 1.28437E-01 2.74379E-03 1.72618E-03
 1.19649E-01 2.09265E-03 1.04973E-01 1.84216E-03 4.92973E-01 1.42015E-01 2.49491E-03 2.64727E-01 1.19700E-01 2.09354E-03 2.89813E-03
 1.11353E-01 1.64821E-03 9.76831E-02 1.44888E-03 4.59359E-01 1.32149E-01 1.96139E-03 2.46676E-01 1.11450E-01 1.64964E-03 5.10504E-03
 1.03516E-01 1.33324E-03 9.08000E-02 1.17068E-03 4.27584E-01 1.22833E-01 1.58421E-03 2.29612E-01 1.03724E-01 1.33592E-03 9.43806E-03
 9.61317E-02 1.09998E-03 8.43192E-02 9.65707E-04 3.97609E-01 1.14065E-01 1.30677E-03 2.13516E-01 9.66556E-02 1.10598E-03 1.82179E-02
 8.91819E-02 9.19205E-04 7.82239E-02 8.07582E-04 3.69360E-01 1.05819E-01 1.09305E-03 1.98346E-01 9.07375E-02 9.35270E-04 3.60046E-02
 8.26471E-02 7.73450E-04 7.24928E-02 6.80102E-04 3.42752E-01 9.80669E-02 9.20760E-04 1.84058E-01 8.76180E-02 8.20115E-04 6.92755E-02
 7.65100E-02 6.52792E-04 6.71103E-02 5.74295E-04 3.17723E-01 9.07858E-02 7.77638E-04 1.70617E-01 9.02338E-02 7.70330E-04 1.18154E-01
 7.07540E-02 5.51455E-04 6.20614E-02 4.85216E-04 2.94208E-01 8.39556E-02 6.57048E-04 1.57990E-01 9.70330E-02 7.57099E-04 1.62948E-01
 6.53639E-02 4.65773E-04 5.73332E-02 4.09796E-04 2.72148E-01 7.75593E-02 5.54908E-04 1.46143E-01 9.98936E-02 7.12801E-04 1.82665E-01
 6.03232E-02 3.93145E-04 5.29111E-02 3.45838E-04 2.51480E-01 7.15769E-02 4.68275E-04 1.35044E-01 9.66231E-02 6.30612E-04 1.81228E-01
 5.56159E-02 3.31548E-04 4.87813E-02 2.91595E-04 2.32143E-01 6.59899E-02 3.94804E-04 1.24661E-01 9.04380E-02 5.39868E-04 1.70960E-01
 5.12259E-02 2.79330E-04 4.49298E-02 2.45621E-04 2.14078E-01 6.07793E-02 3.32536E-04 1.14960E-01 8.36347E-02 4.56634E-04 1.58557E-01
 4.71372E-02 2.35096E-04 4.13426E-02 2.06687E-04 1.97223E-01 5.59262E-02 2.79808E-04 1.05909E-01 7.70296E-02 3.84645E-04 1.46264E-01
 4.33341E-02 1.97663E-04 3.80060E-02 1.73748E-04 1.81519E-01 5.14121E-02 2.35203E-04 9.74756E-02 7.08267E-02 3.23432E-04 1.34652E-01
 3.98051E-02 1.66043E-04 3.49098E-02 1.45930E-04 1.66922E-01 4.72233E-02 1.97536E-04 8.96370E-02 6.50599E-02 2.71679E-04 1.23829E-01
 3.65320E-02 1.39345E-04 3.20383E-02 1.22448E-04 1.53362E-01 4.33386E-02 1.65743E-04 8.23552E-02 5.97095E-02 2.27980E-04 1.13771E-01
 1.90392E-01 3.45983E-02 1.67011E-01 3.04737E-02 7.63030E-01 2.25934E-01 4.12791E-02 4.09747E-01 1.90394E-01 3.45986E-02 1.08942E-04
 1.81629E-01 2.51650E-02 1.59323E-01 2.21600E-02 7.24899E-01 2.15533E-01 3.00154E-02 3.89271E-01 1.81631E-01 2.51653E-02 1.38076E-04
 1.72216E-01 1.80323E-02 1.51062E-01 1.58769E-02 6.84786E-01 2.04357E-01 2.15041E-02 3.67730E-01 1.72219E-01 1.80326E-02 1.78191E-04
 1.62406E-01 1.27815E-02 1.42453E-01 1.12533E-02 6.44002E-01 1.92707E-01 1.52415E-02 3.45829E-01 1.62410E-01 1.27818E-02 2.34886E-04
 1.52541E-01 9.00274E-03 1.33794E-01 7.92652E-03 6.03742E-01 1.80992E-01 1.07358E-02 3.24209E-01 1.52546E-01 9.00305E-03 3.17335E-04
 1.42880E-01 6.34298E-03 1.25315E-01 5.58522E-03 5.64896E-01 1.69520E-01 7.56495E-03 3.03349E-01 1.42887E-01 6.34330E-03 4.40915E-04
 1.33573E-01 4.50438E-03 1.17147E-01 3.96668E-03 5.27896E-01 1.58468E-01 5.37287E-03 2.83480E-01 1.33583E-01 4.50474E-03 6.32010E-04
 1.26652E-01 3.49264E-03 1.11072E-01 3.07569E-03 5.00576E-01 1.50248E-01 4.16602E-03 2.68810E-01 1.26667E-01 3.49304E-03 8.54569E-04
 1.24726E-01 3.25454E-03 1.09381E-01 2.86597E-03 4.92994E-01 1.47959E-01 3.88193E-03 2.64738E-01 1.24742E-01 3.25496E-03 9.37492E-04
 1.15827E-01 2.36679E-03 1.01568E-01 2.08343E-03 4.58019E-01 1.37388E-01 2.82165E-03 2.45956E-01 1.15853E-01 2.36733E-03 1.49608E-03
 1.07443E-01 1.78150E-03 9.42072E-02 1.56680E-03 4.25167E-01 1.27427E-01 2.12135E-03 2.28315E-01 1.07489E-01 1.78226E-03 2.49951E-03
 9.95564E-02 1.38767E-03 8.72837E-02 1.21896E-03 3.94328E-01 1.18058E-01 1.64976E-03 2.11754E-01 9.96427E-02 1.38888E-03 4.38232E-03
 9.21546E-02 1.11284E-03 8.07881E-02 9.76540E-04 3.65405E-01 1.09269E-01 1.32123E-03 1.96222E-01 9.23396E-02 1.11508E-03 8.06558E-03
 8.52234E-02 9.12139E-04 7.47091E-02 8.00256E-04 3.38313E-01 1.01046E-01 1.08265E-03 1.81674E-01 8.56875E-02 9.17112E-04 1.55010E-02
 7.87388E-02 7.58408E-04 6.90248E-02 6.65775E-04 3.12946E-01 9.33581E-02 9.00887E-04 1.68052E-01 8.01113E-02 7.71650E-04 3.05054E-02
 7.26752E-02 6.35577E-04 6.37099E-02 5.58365E-04 2.89195E-01 8.61699E-02 7.55727E-04 1.55298E-01 7.70433E-02 6.73880E-04 5.84507E-02
 6.70113E-02 5.34571E-04 5.87452E-02 4.69844E-04 2.66979E-01 7.94551E-02 6.36010E-04 1.43368E-01 7.90226E-02 6.30706E-04 9.92836E-02
 6.17267E-02 4.50153E-04 5.41124E-02 3.95704E-04 2.46220E-01 7.31891E-02 5.35673E-04 1.32220E-01 8.46361E-02 6.17813E-04 1.36369E-01
 5.68029E-02 3.79048E-04 4.97958E-02 3.33181E-04 2.26847E-01 6.73507E-02 4.51028E-04 1.21817E-01 8.67880E-02 5.79837E-04 1.52259E-01
 5.22208E-02 3.18976E-04 4.57785E-02 2.80337E-04 2.08789E-01 6.19169E-02 3.79475E-04 1.12120E-01 8.36220E-02 5.11416E-04 1.50463E-01
 4.79622E-02 2.68186E-04 4.20447E-02 2.35659E-04 1.91979E-01 5.68666E-02 3.18980E-04 1.03093E-01 7.79704E-02 4.36500E-04 1.41382E-01
 4.40093E-02 2.25259E-04 3.85789E-02 1.97905E-04 1.76351E-01 5.21786E-02 2.67863E-04 9.47006E-02 7.18324E-02 3.68083E-04 1.30614E-01
 4.03447E-02 1.89006E-04 3.53657E-02 1.66029E-04 1.61840E-01 4.78325E-02 2.24707E-04 8.69081E-02 6.59113E-02 3.09107E-04 1.20023E-01
 3.69514E-02 1.58421E-04 3.23904E-02 1.39142E-04 1.48383E-01 4.38081E-02 1.88308E-04 7.96815E-02 6.03781E-02 2.59116E-04 1.10071E-01
 3.38169E-02 1.32666E-04 2.96421E-02 1.16505E-04 1.35933E-01 4.00906E-02 1.57666E-04 7.29962E-02 5.52574E-02 2.16982E-04 1.00841E-01
 3.09225E-02 1.10988E-04 2.71043E-02 9.74560E-05 1.24421E-01 3.66580E-02 1.31882E-04 6.68141E-02 5.05275E-02 1.81517E-04 9.23011E-02
 1.77416E-01 3.30558E-02 1.55534E-01 2.90831E-02 6.92686E-01 2.10367E-01 3.93816E-02 3.71972E-01 1.77418E-01 3.30561E-02 9.88984E-05
 1.68389E-01 2.37571E-02 1.47621E-01 2.08972E-02 6.52994E-01 1.99664E-01 2.82950E-02 3.50658E-01 1.68392E-01 2.37574E-02 1.24380E-04
 1.58830E-01 1.68097E-02 1.39238E-01 1.47840E-02 6.12180E-01 1.88325E-01 2.00167E-02 3.28741E-01 1.58833E-01 1.68100E-02 1.59298E-04
 1.49007E-01 1.17552E-02 1.30623E-01 1.03379E-02 5.71501E-01 1.76671E-01 1.39967E-02 3.06896E-01 1.49011E-01 1.17555E-02 2.08443E-04
 1.39231E-01 8.16657E-03 1.22049E-01 7.18207E-03 5.32036E-01 1.65072E-01 9.72396E-03 2.85703E-01 1.39236E-01 8.16685E-03 2.79645E-04
 1.29753E-01 5.67290E-03 1.13737E-01 4.98938E-03 4.94559E-01 1.53828E-01 6.75539E-03 2.65578E-01 1.29760E-01 5.67320E-03 3.86016E-04
 1.20708E-01 3.97078E-03 1.05803E-01 3.49267E-03 4.59376E-01 1.43097E-01 4.72906E-03 2.46685E-01 1.20717E-01 3.97109E-03 5.49977E-04
 1.14030E-01 3.04450E-03 9.99468E-02 2.67798E-03 4.33696E-01 1.35174E-01 3.62600E-03 2.32895E-01 1.14043E-01 3.04485E-03 7.40393E-04
 1.12183E-01 2.82773E-03 9.83257E-02 2.48729E-03 4.26622E-01 1.32981E-01 3.36779E-03 2.29096E-01 1.12197E-01 2.82809E-03 8.11276E-04
 1.03679E-01 2.02557E-03 9.08663E-02 1.78124E-03 3.94201E-01 1.22890E-01 2.41160E-03 2.11686E-01 1.03702E-01 2.02603E-03 1.28763E-03
 9.57291E-02 1.50403E-03 8.38921E-02 1.32165E-03 3.64070E-01 1.13455E-01 1.78895E-03 1.95506E-01 9.57695E-02 1.50467E-03 2.14032E-03
 8.83043E-02 1.15832E-03 7.73792E-02 1.01682E-03 3.36045E-01 1.04644E-01 1.37589E-03 1.80456E-01 8.83808E-02 1.15933E-03 3.73460E-03
 8.13824E-02 9.20715E-04 7.13090E-02 8.07495E-04 3.09970E-01 9.64332E-02 1.09232E-03 1.66454E-01 8.15457E-02 9.22565E-04 6.84197E-03
 7.49412E-02 7.49598E-04 6.56630E-02 6.57264E-04 2.85721E-01 8.87971E-02 8.89032E-04 1.53432E-01 7.53491E-02 7.53682E-04 1.30913E-02
 6.89505E-02 6.20049E-04 6.04142E-02 5.43934E-04 2.63161E-01 8.16990E-02 7.35853E-04 1.41317E-01 7.01517E-02 6.30866E-04 2.56525E-02
 6.33799E-02 5.17479E-04 5.55337E-02 4.54255E-04 2.42164E-01 7.50993E-02 6.14661E-04 1.30042E-01 6.71869E-02 5.48634E-04 4.89450E-02
 5.82042E-02 4.33697E-04 5.09992E-02 3.80867E-04 2.22633E-01 6.89673E-02 5.15427E-04 1.19554E-01 6.86302E-02 5.11608E-04 8.27923E-02
 5.34001E-02 3.64019E-04 4.67898E-02 3.19720E-04 2.04481E-01 6.32749E-02 4.32697E-04 1.09806E-01 7.32064E-02 4.99453E-04 1.13252E-01
 4.89463E-02 3.05560E-04 4.28872E-02 2.68364E-04 1.87628E-01 5.79974E-02 3.63188E-04 1.00756E-01 7.47675E-02 4.67247E-04 1.25936E-01
 4.48218E-02 2.56336E-04 3.92731E-02 2.25105E-04 1.72000E-01 5.31097E-02 3.04633E-04 9.23639E-02 7.17568E-02 4.10825E-04 1.23951E-01
 4.10069E-02 2.14852E-04 3.59300E-02 1.88648E-04 1.57523E-01 4.85887E-02 2.55283E-04 8.45900E-02 6.66472E-02 3.49558E-04 1.16007E-01
 3.74824E-02 1.79898E-04 3.28415E-02 1.57935E-04 1.44130E-01 4.44118E-02 2.13711E-04 7.73978E-02 6.11643E-02 2.93851E-04 1.06750E-01
 3.42300E-02 1.50472E-04 2.99913E-02 1.32083E-04 1.31753E-01 4.05572E-02 1.78722E-04 7.07514E-02 5.59082E-02 2.45997E-04 9.77100E-02
 3.12320E-02 1.25724E-04 2.73640E-02 1.10346E-04 1.20329E-01 3.70042E-02 1.49303E-04 6.46166E-02 5.10205E-02 2.05563E-04 8.92608E-02
 2.84752E-02 1.04951E-04 2.49482E-02 9.21028E-05 1.09810E-01 3.37370E-02 1.24615E-04 5.89678E-02 4.65180E-02 1.71593E-04 8.14613E-02
 2.59408E-02 8.75219E-05 2.27272E-02 7.67998E-05 1.00127E-01 3.07335E-02 1.03907E-04 5.37681E-02 4.23775E-02 1.43091E-04 7.42786E-02
 1.64658E-01 3.14429E-02 1.44274E-01 2.76378E-02 6.27358E-01 1.95104E-01 3.74131E-02 3.36891E-01 1.64659E-01 3.14432E-02 8.95712E-05
 1.55419E-01 2.23055E-02 1.36180E-01 1.96018E-02 5.86491E-01 1.84159E-01 2.65329E-02 3.14946E-01 1.55421E-01 2.23058E-02 1.11713E-04
 1.45764E-01 1.55717E-02 1.27719E-01 1.36821E-02 5.45304E-01 1.72716E-01 1.85192E-02 2.92828E-01 1.45766E-01 1.55719E-02 1.41896E-04
 1.35971E-01 1.07371E-02 1.19135E-01 9.43345E-03 5.05018E-01 1.61107E-01 1.27682E-02 2.71195E-01 1.35974E-01 1.07373E-02 1.84194E-04
 1.26328E-01 7.35457E-03 1.10682E-01 6.46158E-03 4.66596E-01 1.49675E-01 8.74572E-03 2.50562E-01 1.26332E-01 7.35482E-03 2.45249E-04
 1.17083E-01 5.03590E-03 1.02580E-01 4.42469E-03 4.30693E-01 1.38716E-01 5.98890E-03 2.31282E-01 1.17089E-01 5.03616E-03 3.36166E-04
 1.08351E-01 3.47405E-03 9.49257E-02 3.05266E-03 3.97483E-01 1.28365E-01 4.13195E-03 2.13448E-01 1.08359E-01 3.47433E-03 4.75876E-04
 1.01957E-01 2.63388E-03 8.93218E-02 2.31448E-03 3.73530E-01 1.20786E-01 3.13281E-03 2.00585E-01 1.01969E-01 2.63418E-03 6.37679E-04
 1.00199E-01 2.43838E-03 8.77798E-02 2.14270E-03 3.66980E-01 1.18700E-01 2.90030E-03 1.97068E-01 1.00211E-01 2.43869E-03 6.97860E-04
 9.21408E-02 1.72049E-03 8.07161E-02 1.51159E-03 3.37169E-01 1.09146E-01 2.04593E-03 1.81060E-01 9.21615E-02 1.72088E-03 1.10134E-03
 8.46693E-02 1.26013E-03 7.41662E-02 1.10649E-03 3.09770E-01 1.00287E-01 1.49736E-03 1.66346E-01 8.47050E-02 1.26066E-03 1.82110E-03
 7.77441E-02 9.59411E-04 6.80956E-02 8.41710E-04 2.84525E-01 9.20765E-02 1.13873E-03 1.52790E-01 7.78114E-02 9.60244E-04 3.16204E-03
 7.13321E-02 7.55775E-04 6.24759E-02 6.62515E-04 2.61229E-01 8.44763E-02 8.96063E-04 1.40280E-01 7.14752E-02 7.57293E-04 5.76610E-03
 6.54033E-02 6.11118E-04 5.72816E-02 5.35569E-04 2.39718E-01 7.74521E-02 7.24306E-04 1.28729E-01 6.57591E-02 6.14445E-04 1.09836E-02
 5.99217E-02 5.02855E-04 5.24807E-02 4.40861E-04 2.19835E-01 7.09607E-02 5.96297E-04 1.18051E-01 6.09650E-02 5.11621E-04 2.14291E-02
 5.48525E-02 4.17909E-04 4.80414E-02 3.66599E-04 2.01437E-01 6.49585E-02 4.95944E-04 1.08171E-01 5.81455E-02 4.43047E-04 4.07134E-02
 5.01676E-02 3.48984E-04 4.39386E-02 3.06252E-04 1.84418E-01 5.94111E-02 4.14355E-04 9.90323E-02 5.91492E-02 4.11620E-04 6.85810E-02
 4.58413E-02 2.91947E-04 4.01496E-02 2.56232E-04 1.68684E-01 5.42877E-02 3.46693E-04 9.05834E-02 6.28347E-02 4.00463E-04 9.34260E-02
 4.18503E-02 2.44280E-04 3.66541E-02 2.14390E-04 1.54151E-01 4.95614E-02 2.90077E-04 8.27793E-02 6.39159E-02 3.73421E-04 1.03466E-01
 3.81723E-02 2.04282E-04 3.34326E-02 1.79269E-04 1.40742E-01 4.52054E-02 2.42549E-04 7.55782E-02 6.10988E-02 3.27288E-04 1.01425E-01
 3.47864E-02 1.70681E-04 3.04669E-02 1.49764E-04 1.28381E-01 4.11953E-02 2.02621E-04 6.89405E-02 5.65255E-02 2.77601E-04 9.45450E-02
 3.16730E-02 1.42461E-04 2.77398E-02 1.24987E-04 1.17000E-01 3.75077E-02 1.69092E-04 6.28289E-02 5.16735E-02 2.32624E-04 8.66557E-02
 2.88130E-02 1.18778E-04 2.52346E-02 1.04197E-04 1.06532E-01 3.41203E-02 1.40961E-04 5.72078E-02 4.70508E-02 1.94121E-04 7.90059E-02
 2.61886E-02 9.89240E-05 2.29359E-02 8.67710E-05 9.69154E-02 3.10120E-02 1.17383E-04 5.20436E-02 4.27729E-02 1.61694E-04 7.18925E-02
 2.37863E-02 8.23132E-05 2.08316E-02 7.21940E-05 8.81014E-02 2.81666E-02 9.76601E-05 4.73105E-02 3.88501E-02 1.34541E-04 6.53572E-02
 2.15875E-02 6.84223E-05 1.89056E-02 6.00055E-05 8.00250E-02 2.55624E-02 8.11700E-05 4.29734E-02 3.52587E-02 1.11832E-04 5.93661E-02
 1.52201E-01 2.97544E-02 1.33300E-01 2.61323E-02 5.66570E-01 1.80238E-01 3.53658E-02 3.04248E-01 1.52203E-01 2.97547E-02 8.08922E-05
 1.42767E-01 2.08192E-02 1.25040E-01 1.82807E-02 5.24912E-01 1.69070E-01 2.47382E-02 2.81878E-01 1.42769E-01 2.08194E-02 9.99833E-05
 1.33036E-01 1.43305E-02 1.16516E-01 1.25813E-02 4.83715E-01 1.57545E-01 1.70247E-02 2.59755E-01 1.33038E-01 1.43307E-02 1.25869E-04
 1.23312E-01 9.73638E-03 1.07997E-01 8.54717E-03 4.44122E-01 1.46024E-01 1.15655E-02 2.38494E-01 1.23314E-01 9.73661E-03 1.61984E-04
 1.13854E-01 6.57151E-03 9.97106E-02 5.76874E-03 4.06970E-01 1.34819E-01 7.80585E-03 2.18543E-01 1.13858E-01 6.57173E-03 2.13909E-04
 1.04896E-01 4.43362E-03 9.18631E-02 3.89216E-03 3.72812E-01 1.24208E-01 5.26666E-03 2.00200E-01 1.04902E-01 4.43385E-03 2.90989E-04
 9.65285E-02 3.01372E-03 8.45327E-02 2.64586E-03 3.41695E-01 1.14295E-01 3.58032E-03 1.83490E-01 9.65362E-02 3.01396E-03 4.09086E-04
 9.04574E-02 2.25913E-03 7.92141E-02 1.98345E-03 3.19530E-01 1.07103E-01 2.68400E-03 1.71588E-01 9.04677E-02 2.25938E-03 5.45492E-04
 8.87971E-02 2.08462E-03 7.77593E-02 1.83026E-03 3.13515E-01 1.05136E-01 2.47671E-03 1.68358E-01 8.88084E-02 2.08489E-03 5.96189E-04
 8.12296E-02 1.44876E-03 7.11292E-02 1.27184E-03 2.86334E-01 9.61701E-02 1.72100E-03 1.53761E-01 8.12478E-02 1.44908E-03 9.35288E-04
 7.42740E-02 1.04660E-03 6.50351E-02 9.18386E-04 2.61640E-01 8.79291E-02 1.24254E-03 1.40501E-01 7.43054E-02 1.04704E-03 1.53815E-03
 6.78784E-02 7.87659E-04 5.94319E-02 6.90667E-04 2.39112E-01 8.03519E-02 9.34227E-04 1.28403E-01 6.79372E-02 7.88342E-04 2.65735E-03
 6.19986E-02 6.14842E-04 5.42812E-02 5.38744E-04 2.18496E-01 7.33872E-02 7.28562E-04 1.17332E-01 6.21230E-02 6.16076E-04 4.82286E-03
 5.65970E-02 4.93719E-04 4.95508E-02 4.32496E-04 1.99599E-01 6.69912E-02 5.84827E-04 1.07185E-01 5.69048E-02 4.96405E-04 9.14535E-03
 5.16324E-02 4.04094E-04 4.52043E-02 3.54094E-04 1.82243E-01 6.11148E-02 4.78859E-04 9.78646E-02 5.25310E-02 4.11134E-04 1.77648E-02
 4.70666E-02 3.34398E-04 4.12073E-02 2.93169E-04 1.66278E-01 5.57112E-02 3.96532E-04 8.92913E-02 4.98909E-02 3.54499E-04 3.36073E-02
 4.28691E-02 2.78222E-04 3.75326E-02 2.44002E-04 1.51590E-01 5.07433E-02 3.30066E-04 8.14039E-02 5.05404E-02 3.28118E-04 5.63731E-02
 3.90126E-02 2.31966E-04 3.41562E-02 2.03460E-04 1.38082E-01 4.61785E-02 2.75235E-04 7.41503E-02 5.34677E-02 3.18117E-04 7.64772E-02
 3.54724E-02 1.93462E-04 3.10568E-02 1.69686E-04 1.25669E-01 4.19882E-02 2.29544E-04 6.74842E-02 5.41665E-02 2.95656E-04 8.43487E-02
 3.22256E-02 1.61266E-04 2.82141E-02 1.41435E-04 1.14271E-01 3.81448E-02 1.91323E-04 6.13635E-02 5.15713E-02 2.58295E-04 8.23492E-02
 2.92508E-02 1.34308E-04 2.56095E-02 1.17780E-04 1.03816E-01 3.46234E-02 1.59319E-04 5.57490E-02 4.75219E-02 2.18379E-04 7.64542E-02
 2.65280E-02 1.11740E-04 2.32254E-02 9.79793E-05 9.42349E-02 3.14002E-02 1.32531E-04 5.06041E-02 4.32719E-02 1.82409E-04 6.97948E-02
 2.40383E-02 9.28623E-05 2.10455E-02 8.14184E-05 8.54644E-02 2.84529E-02 1.10126E-04 4.58944E-02 3.92469E-02 1.51725E-04 6.33816E-02
 2.17640E-02 7.70880E-05 1.90542E-02 6.75821E-05 7.74438E-02 2.57606E-02 9.14088E-05 4.15873E-02 3.55401E-02 1.25969E-04 5.74484E-02
 1.96916E-02 6.39344E-05 1.72396E-02 5.60460E-05 7.01269E-02 2.33072E-02 7.58035E-05 3.76582E-02 3.21566E-02 1.04474E-04 5.20230E-02
 1.78030E-02 5.29710E-05 1.55860E-02 4.64319E-05 6.34525E-02 2.10716E-02 6.27988E-05 3.40740E-02 2.90726E-02 8.65562E-05 4.70719E-02
 1.40216E-01 2.80436E-02 1.22756E-01 2.46124E-02 5.10769E-01 1.65962E-01 3.33014E-02 2.74283E-01 1.40217E-01 2.80439E-02 7.29251E-05
 1.30627E-01 1.93357E-02 1.14365E-01 1.69663E-02 4.68660E-01 1.54618E-01 2.29543E-02 2.51670E-01 1.30629E-01 1.93360E-02 8.92686E-05
 1.20862E-01 1.31105E-02 1.05815E-01 1.15021E-02 4.27710E-01 1.43058E-01 1.55609E-02 2.29680E-01 1.20864E-01 1.31107E-02 1.11296E-04
 1.11243E-01 8.77060E-03 9.73913E-02 7.69392E-03 3.89024E-01 1.31669E-01 1.04086E-02 2.08906E-01 1.11246E-01 8.77081E-03 1.41888E-04
 1.02019E-01 5.82851E-03 8.93135E-02 5.11283E-03 3.53337E-01 1.20747E-01 6.91673E-03 1.89742E-01 1.02022E-01 5.82871E-03 1.85719E-04
 9.33900E-02 3.87292E-03 8.17570E-02 3.39745E-03 3.21051E-01 1.10530E-01 4.59616E-03 1.72404E-01 9.33948E-02 3.87312E-03 2.50588E-04
 8.54242E-02 2.59333E-03 7.47816E-02 2.27509E-03 2.92090E-01 1.01099E-01 3.07786E-03 1.56852E-01 8.54309E-02 2.59353E-03 3.49697E-04
 7.97002E-02 1.92189E-03 6.97693E-02 1.68612E-03 2.71722E-01 9.43224E-02 2.28110E-03 1.45915E-01 7.97093E-02 1.92211E-03 4.63875E-04
 7.81446E-02 1.76762E-03 6.84069E-02 1.55080E-03 2.66237E-01 9.24803E-02 2.09804E-03 1.42969E-01 7.81545E-02 1.76785E-03 5.06283E-04
 7.10931E-02 1.20992E-03 6.22318E-02 1.06144E-03 2.41637E-01 8.41311E-02 1.43597E-03 1.29759E-01 7.11091E-02 1.21019E-03 7.89288E-04
 6.46722E-02 8.62077E-04 5.66089E-02 7.56024E-04 2.19556E-01 7.65284E-02 1.02268E-03 1.17902E-01 6.46995E-02 8.62441E-04 1.29074E-03
 5.88176E-02 6.41255E-04 5.14819E-02 5.62032E-04 1.99616E-01 6.95964E-02 7.60117E-04 1.07194E-01 5.88685E-02 6.41812E-04 2.21841E-03
 5.34746E-02 4.95961E-04 4.68035E-02 4.34417E-04 1.81526E-01 6.32711E-02 5.87407E-04 9.74793E-02 5.35818E-02 4.96956E-04 4.00682E-03
 4.85984E-02 3.95463E-04 4.25348E-02 3.46296E-04 1.65066E-01 5.75000E-02 4.68212E-04 8.86407E-02 4.88626E-02 3.97614E-04 7.56311E-03
 4.41436E-02 3.21928E-04 3.86357E-02 2.81972E-04 1.50047E-01 5.22291E-02 3.81272E-04 8.05753E-02 4.49116E-02 3.27534E-04 1.46263E-02
 4.00692E-02 2.65248E-04 3.50701E-02 2.32428E-04 1.36312E-01 4.74091E-02 3.14324E-04 7.31994E-02 4.24727E-02 2.81182E-04 2.75507E-02
 3.63432E-02 2.19864E-04 3.18091E-02 1.92719E-04 1.23744E-01 4.30009E-02 2.60649E-04 6.64506E-02 4.28441E-02 2.59267E-04 4.60177E-02
 3.29371E-02 1.82681E-04 2.88281E-02 1.60145E-04 1.12246E-01 3.89711E-02 2.16602E-04 6.02762E-02 4.51362E-02 2.50480E-04 6.21678E-02
 2.98257E-02 1.51854E-04 2.61050E-02 1.33120E-04 1.01733E-01 3.52899E-02 1.80049E-04 5.46305E-02 4.55377E-02 2.32013E-04 6.82828E-02
 2.69859E-02 1.26168E-04 2.36194E-02 1.10596E-04 9.21268E-02 3.19298E-02 1.49581E-04 4.94721E-02 4.31798E-02 2.02028E-04 6.63910E-02
 2.43964E-02 1.04734E-04 2.13528E-02 9.17992E-05 8.33578E-02 2.88657E-02 1.24155E-04 4.47631E-02 3.96292E-02 1.70250E-04 6.13881E-02
 2.20371E-02 8.68491E-05 1.92879E-02 7.61169E-05 7.53603E-02 2.60741E-02 1.02943E-04 4.04685E-02 3.59411E-02 1.41741E-04 5.58154E-02
 1.98898E-02 7.19383E-05 1.74083E-02 6.30436E-05 6.80734E-02 2.35332E-02 8.52598E-05 3.65554E-02 3.24688E-02 1.17510E-04 5.04842E-02
 1.79371E-02 5.95203E-05 1.56991E-02 5.21571E-05 6.14404E-02 2.12227E-02 7.05354E-05 3.29935E-02 2.92865E-02 9.72399E-05 4.55769E-02
 1.61658E-02 4.92004E-05 1.41487E-02 4.31111E-05 5.54171E-02 1.91266E-02 5.83005E-05 2.97590E-02 2.63951E-02 8.03799E-05 4.11106E-02
 1.45588E-02 4.06280E-05 1.27421E-02 3.55974E-05 4.99475E-02 1.72251E-02 4.81387E-05 2.68218E-02 2.37712E-02 6.63731E-05 3.70533E-02
 1.28686E-01 2.63056E-02 1.12626E-01 2.30731E-02 4.59359E-01 1.52250E-01 3.12126E-02 2.46676E-01 1.28687E-01 2.63059E-02 6.55851E-05
 1.18954E-01 1.78561E-02 1.04112E-01 1.56586E-02 4.17111E-01 1.40742E-01 2.11811E-02 2.23989E-01 1.18955E-01 1.78563E-02 7.94498E-05
 1.09201E-01 1.19116E-02 9.55762E-02 1.04441E-02 3.76668E-01 1.29203E-01 1.41269E-02 2.02271E-01 1.09203E-01 1.19118E-02 9.80143E-05
 9.97280E-02 7.83899E-03 8.72832E-02 6.87256E-03 3.39082E-01 1.17992E-01 9.29563E-03 1.82087E-01 9.97304E-02 7.83917E-03 1.23673E-04
 9.07691E-02 5.12362E-03 7.94404E-02 4.49176E-03 3.04994E-01 1.07389E-01 6.07535E-03 1.63782E-01 9.07723E-02 5.12380E-03 1.60309E-04
 8.24986E-02 3.35075E-03 7.22004E-02 2.93756E-03 2.74661E-01 9.76009E-02 3.97322E-03 1.47493E-01 8.25028E-02 3.35092E-03 2.14380E-04
 7.49637E-02 2.20917E-03 6.56046E-02 1.93685E-03 2.47888E-01 8.86840E-02 2.61974E-03 1.33116E-01 7.49696E-02 2.20935E-03 2.96778E-04
 6.96076E-02 1.61821E-03 6.09161E-02 1.41879E-03 2.29311E-01 8.23457E-02 1.91905E-03 1.23140E-01 6.96155E-02 1.61839E-03 3.91473E-04
 6.81616E-02 1.48338E-03 5.96502E-02 1.30059E-03 2.24347E-01 8.06343E-02 1.75919E-03 1.20475E-01 6.81703E-02 1.48357E-03 4.26625E-04
 6.16481E-02 9.99897E-04 5.39484E-02 8.76664E-04 2.02267E-01 7.29259E-02 1.18577E-03 1.08617E-01 6.16619E-02 1.00012E-03 6.60689E-04
 5.57779E-02 7.02600E-04 4.88099E-02 6.15849E-04 1.82700E-01 6.59791E-02 8.32924E-04 9.81098E-02 5.58014E-02 7.02896E-04 1.07407E-03
 5.04739E-02 5.16505E-04 4.41669E-02 4.52510E-04 1.65220E-01 5.97023E-02 6.11915E-04 8.87232E-02 5.05176E-02 5.16953E-04 1.83616E-03
 4.56711E-02 3.95762E-04 3.99629E-02 3.46541E-04 1.49504E-01 5.40190E-02 4.68535E-04 8.02836E-02 4.57626E-02 3.96556E-04 3.30000E-03
 4.13177E-02 3.13324E-04 3.61530E-02 2.74284E-04 1.35314E-01 4.88688E-02 3.70810E-04 7.26634E-02 4.15423E-02 3.15028E-04 6.19988E-03
 3.73650E-02 2.53666E-04 3.26943E-02 2.22101E-04 1.22450E-01 4.41936E-02 3.00280E-04 6.57557E-02 3.80148E-02 2.58081E-04 1.19362E-02
 3.37700E-02 2.08082E-04 2.95490E-02 1.82258E-04 1.10755E-01 3.99421E-02 2.46443E-04 5.94756E-02 3.57950E-02 2.20575E-04 2.23854E-02
 3.04997E-02 1.71824E-04 2.66877E-02 1.50541E-04 1.00113E-01 3.60745E-02 2.03574E-04 5.37607E-02 3.59536E-02 2.02599E-04 3.72299E-02
 2.75254E-02 1.42265E-04 2.40852E-02 1.24658E-04 9.04272E-02 3.25567E-02 1.68579E-04 4.85594E-02 3.77167E-02 1.95034E-04 5.00833E-02
 2.48218E-02 1.17859E-04 2.17196E-02 1.03272E-04 8.16149E-02 2.93591E-02 1.39659E-04 4.38272E-02 3.78933E-02 1.80037E-04 5.47798E-02
 2.23660E-02 9.75974E-05 1.95708E-02 8.55137E-05 7.36028E-02 2.64545E-02 1.15641E-04 3.95247E-02 3.57830E-02 1.56246E-04 5.30417E-02
 2.01373E-02 8.07471E-05 1.76205E-02 7.07447E-05 6.63238E-02 2.38182E-02 9.56668E-05 3.56159E-02 3.27065E-02 1.31231E-04 4.88436E-02
 1.81162E-02 6.67348E-05 1.58520E-02 5.84640E-05 5.97167E-02 2.14277E-02 7.90580E-05 3.20679E-02 2.95425E-02 1.08891E-04 4.42291E-02
 1.62851E-02 5.50918E-05 1.42497E-02 4.82608E-05 5.37248E-02 1.92618E-02 6.52593E-05 2.88502E-02 2.65810E-02 8.99736E-05 3.98431E-02
 1.46276E-02 4.54282E-05 1.27993E-02 3.97930E-05 4.82957E-02 1.73012E-02 5.38078E-05 2.59348E-02 2.38799E-02 7.42028E-05 3.58261E-02
 1.31308E-02 3.74251E-05 1.14896E-02 3.27808E-05 4.33884E-02 1.55307E-02 4.43252E-05 2.32996E-02 2.14370E-02 6.11307E-05 3.21873E-02
 1.17790E-02 3.07999E-05 1.03067E-02 2.69764E-05 3.89524E-02 1.39318E-02 3.64761E-05 2.09174E-02 1.92302E-02 5.03080E-05 2.88966E-02
 1.17728E-01 2.45687E-02 1.03008E-01 2.15384E-02 4.12373E-01 1.39236E-01 2.91317E-02 2.21444E-01 1.17729E-01 2.45689E-02 5.88766E-05
 1.07904E-01 1.64053E-02 9.44160E-02 1.43790E-02 3.70220E-01 1.27624E-01 1.94471E-02 1.98808E-01 1.07906E-01 1.64055E-02 7.05182E-05
 9.81988E-02 1.07545E-02 8.59240E-02 9.42482E-03 3.30534E-01 1.16145E-01 1.27461E-02 1.77497E-01 9.82005E-02 1.07547E-02 8.60096E-05
 8.88991E-02 6.95545E-03 7.77856E-02 6.09487E-03 2.94236E-01 1.05144E-01 8.24241E-03 1.58005E-01 8.89012E-02 6.95562E-03 1.07316E-04
 8.02372E-02 4.46671E-03 7.02050E-02 3.91386E-03 2.61856E-01 9.48965E-02 5.29283E-03 1.40617E-01 8.02400E-02 4.46687E-03 1.37635E-04
 7.23536E-02 2.87264E-03 6.33057E-02 2.51709E-03 2.33523E-01 8.55700E-02 3.40394E-03 1.25402E-01 7.23573E-02 2.87279E-03 1.82270E-04
 6.52712E-02 1.86375E-03 5.71078E-02 1.63313E-03 2.08928E-01 7.71918E-02 2.20856E-03 1.12194E-01 6.52764E-02 1.86389E-03 2.50134E-04
 6.02954E-02 1.34896E-03 5.27535E-02 1.18208E-03 1.92102E-01 7.13059E-02 1.59861E-03 1.03159E-01 6.03023E-02 1.34911E-03 3.27952E-04
 5.89615E-02 1.23238E-03 5.15861E-02 1.07994E-03 1.87643E-01 6.97277E-02 1.46048E-03 1.00764E-01 5.89690E-02 1.23254E-03 3.56827E-04
 5.29937E-02 8.17895E-04 4.63637E-02 7.16724E-04 1.67977E-01 6.26682E-02 9.69275E-04 9.02034E-02 5.30056E-02 8.18078E-04 5.48683E-04
 4.76756E-02 5.66715E-04 4.17099E-02 4.96520E-04 1.50785E-01 5.63774E-02 6.71437E-04 8.09715E-02 4.76957E-02 5.66954E-04 8.86446E-04
 4.29167E-02 4.11687E-04 3.75454E-02 3.60551E-04 1.35602E-01 5.07480E-02 4.87507E-04 7.28180E-02 4.29539E-02 4.12044E-04 1.50699E-03
 3.86429E-02 3.12481E-04 3.38056E-02 2.73542E-04 1.22078E-01 4.56927E-02 3.69805E-04 6.55560E-02 3.87203E-02 3.13107E-04 2.69463E-03
 3.47966E-02 2.45608E-04 3.04404E-02 2.14949E-04 1.09964E-01 4.11440E-02 2.90569E-04 5.90509E-02 3.49857E-02 2.46943E-04 5.03841E-03
 3.13263E-02 1.97739E-04 2.74044E-02 1.73079E-04 9.90571E-02 3.70405E-02 2.33980E-04 5.31937E-02 3.18710E-02 2.01179E-04 9.65593E-03
 2.81880E-02 1.61477E-04 2.46592E-02 1.41386E-04 8.92000E-02 3.33301E-02 1.91155E-04 4.79004E-02 2.98778E-02 1.71168E-04 1.80287E-02
 2.53483E-02 1.32824E-04 2.21752E-02 1.16326E-04 8.02791E-02 2.99727E-02 1.57286E-04 4.31099E-02 2.98797E-02 1.56602E-04 2.98541E-02
 2.27787E-02 1.09582E-04 1.99274E-02 9.59812E-05 7.22020E-02 2.69346E-02 1.29782E-04 3.87725E-02 3.12102E-02 1.50207E-04 3.99892E-02
 2.04546E-02 9.04704E-05 1.78943E-02 7.92424E-05 6.48903E-02 2.41866E-02 1.07149E-04 3.48461E-02 3.12233E-02 1.38175E-04 4.35542E-02
 1.83538E-02 7.46625E-05 1.60565E-02 6.53937E-05 5.82749E-02 2.17025E-02 8.84219E-05 3.12936E-02 2.93608E-02 1.19507E-04 4.19958E-02
 1.64562E-02 6.15622E-05 1.43964E-02 5.39166E-05 5.22939E-02 1.94587E-02 7.29019E-05 2.80818E-02 2.67249E-02 1.00033E-04 3.85114E-02
 1.47435E-02 5.07059E-05 1.28981E-02 4.44061E-05 4.68908E-02 1.74335E-02 6.00413E-05 2.51803E-02 2.40400E-02 8.27223E-05 3.47295E-02
 1.31990E-02 4.17164E-05 1.15469E-02 3.65314E-05 4.20136E-02 1.56072E-02 4.93932E-05 2.25613E-02 2.15415E-02 6.81179E-05 3.11579E-02
 1.18074E-02 3.42810E-05 1.03294E-02 3.00186E-05 3.76150E-02 1.39616E-02 4.05867E-05 2.01992E-02 1.92738E-02 5.59856E-05 2.79031E-02
 1.05564E-02 2.81449E-05 9.23504E-03 2.46444E-05 3.36576E-02 1.24824E-02 3.33199E-05 1.80741E-02 1.72324E-02 4.59649E-05 2.49685E-02
 9.43176E-03 2.30831E-05 8.25111E-03 2.02112E-05 3.00964E-02 1.11525E-02 2.73259E-05 1.61617E-02 1.53965E-02 3.76975E-05 2.23268E-02
 1.07391E-01 2.28624E-02 9.39427E-02 2.00337E-02 3.69572E-01 1.26974E-01 2.70927E-02 1.98460E-01 1.07392E-01 2.28626E-02 5.27656E-05
 9.75137E-02 1.49993E-02 8.53054E-02 1.31411E-02 3.27827E-01 1.15301E-01 1.77703E-02 1.76043E-01 9.75149E-02 1.49995E-02 6.24433E-05
 8.78949E-02 9.65014E-03 7.68914E-02 8.45339E-03 2.89104E-01 1.03928E-01 1.14308E-02 1.55249E-01 8.78964E-02 9.65030E-03 7.52288E-05
 7.88064E-02 6.12543E-03 6.89398E-02 5.36526E-03 2.54229E-01 9.31805E-02 7.25473E-03 1.36521E-01 7.88083E-02 6.12557E-03 9.27245E-05
 7.04689E-02 3.86011E-03 6.16449E-02 3.38088E-03 2.23633E-01 8.33200E-02 4.57144E-03 1.20091E-01 7.04713E-02 3.86025E-03 1.17545E-04
 6.29903E-02 2.43904E-03 5.51016E-02 2.13621E-03 1.97320E-01 7.44755E-02 2.88846E-03 1.05961E-01 6.29935E-02 2.43916E-03 1.54013E-04
 5.63720E-02 1.55610E-03 4.93113E-02 1.36294E-03 1.74866E-01 6.66489E-02 1.84291E-03 9.39032E-02 5.63765E-02 1.55623E-03 2.09354E-04
 5.17812E-02 1.11249E-03 4.52949E-02 9.74425E-04 1.59732E-01 6.12201E-02 1.31759E-03 8.57759E-02 5.17871E-02 1.11261E-03 2.72689E-04
 5.05595E-02 1.01283E-03 4.42259E-02 8.87144E-04 1.55754E-01 5.97752E-02 1.19957E-03 8.36398E-02 5.05659E-02 1.01296E-03 2.96186E-04
 4.51356E-02 6.61637E-04 3.94807E-02 5.79541E-04 1.38371E-01 5.33612E-02 7.83643E-04 7.43052E-02 4.51457E-02 6.61786E-04 4.51978E-04
 4.03614E-02 4.51996E-04 3.53039E-02 3.95858E-04 1.23393E-01 4.77157E-02 5.35247E-04 6.62622E-02 4.03784E-02 4.52187E-04 7.25415E-04
 3.61336E-02 3.24431E-04 3.16052E-02 2.84046E-04 1.10325E-01 4.27163E-02 3.84025E-04 5.92443E-02 3.61649E-02 3.24712E-04 1.22608E-03
 3.23701E-02 2.43908E-04 2.83128E-02 2.13464E-04 9.88000E-02 3.82662E-02 2.88563E-04 5.30556E-02 3.24350E-02 2.44397E-04 2.18081E-03
 2.90086E-02 1.90312E-04 2.53723E-02 1.66519E-04 8.85612E-02 3.42918E-02 2.25085E-04 4.75574E-02 2.91662E-02 1.91346E-04 4.05775E-03
 2.59953E-02 1.52356E-04 2.27367E-02 1.33322E-04 7.94063E-02 3.07297E-02 1.80218E-04 4.26412E-02 2.64472E-02 1.55006E-04 7.74040E-03
 2.32861E-02 1.23849E-04 2.03673E-02 1.08407E-04 7.11829E-02 2.75273E-02 1.46552E-04 3.82252E-02 2.46817E-02 1.31279E-04 1.43872E-02
 2.08480E-02 1.01471E-04 1.82349E-02 8.88382E-05 6.37818E-02 2.46454E-02 1.20107E-04 3.42508E-02 2.45740E-02 1.19628E-04 2.37191E-02
 1.86531E-02 8.34103E-05 1.63153E-02 7.30334E-05 5.71158E-02 2.20509E-02 9.87424E-05 3.06712E-02 2.55559E-02 1.14319E-04 3.16337E-02
 1.66778E-02 6.86216E-05 1.45876E-02 6.00853E-05 5.11118E-02 1.97160E-02 8.12366E-05 2.74470E-02 2.54561E-02 1.04790E-04 3.43061E-02
 1.49010E-02 5.64350E-05 1.30335E-02 4.94132E-05 4.57063E-02 1.76155E-02 6.68070E-05 2.45443E-02 2.38353E-02 9.03173E-05 3.29382E-02
 1.33038E-02 4.63720E-05 1.16365E-02 4.06003E-05 4.08429E-02 1.57274E-02 5.48911E-05 2.19326E-02 2.16035E-02 7.53386E-05 3.00784E-02
 1.18691E-02 3.80620E-05 1.03816E-02 3.33231E-05 3.64702E-02 1.40314E-02 4.50517E-05 1.95845E-02 1.93514E-02 6.20855E-05 2.70116E-02
 1.05814E-02 3.12052E-05 9.25524E-03 2.73188E-05 3.25418E-02 1.25090E-02 3.69335E-05 1.74749E-02 1.72678E-02 5.09469E-05 2.41335E-02
 9.42642E-03 2.55538E-05 8.24504E-03 2.23703E-05 2.90153E-02 1.11437E-02 3.02430E-05 1.55812E-02 1.53859E-02 4.17270E-05 2.15238E-02
 8.39309E-03 2.09067E-05 7.34121E-03 1.83015E-05 2.58574E-02 9.92208E-03 2.47420E-05 1.38854E-02 1.36997E-02 3.41392E-05 1.91821E-02
 7.46829E-03 1.70869E-05 6.53230E-03 1.49571E-05 2.30286E-02 8.82879E-03 2.02205E-05 1.23664E-02 1.21902E-02 2.79013E-05 1.70837E-02
 9.76955E-02 2.11978E-02 8.54449E-02 1.85681E-02 3.30679E-01 1.15481E-01 2.51076E-02 1.77575E-01 9.76964E-02 2.11980E-02 4.72127E-05
 8.78018E-02 1.36468E-02 7.67954E-02 1.19518E-02 2.89570E-01 1.03792E-01 1.61602E-02 1.55499E-01 8.78029E-02 1.36470E-02 5.51562E-05
 7.82985E-02 8.60533E-03 6.84840E-02 7.53545E-03 2.51991E-01 9.25595E-02 1.01883E-02 1.35319E-01 7.82998E-02 8.60548E-03 6.55716E-05
 6.94507E-02 5.35326E-03 6.07446E-02 4.68725E-03 2.18654E-01 8.20990E-02 6.33722E-03 1.17417E-01 6.94523E-02 5.35339E-03 7.97491E-05
 6.14608E-02 3.30552E-03 5.37553E-02 2.89410E-03 1.89893E-01 7.26523E-02 3.91279E-03 1.01973E-01 6.14630E-02 3.30564E-03 9.98103E-05
 5.44047E-02 2.04969E-03 4.75829E-02 1.79455E-03 1.65593E-01 6.43096E-02 2.42620E-03 8.89234E-02 5.44075E-02 2.04980E-03 1.29249E-04
 4.82589E-02 1.28482E-03 4.22071E-02 1.12491E-03 1.45223E-01 5.70437E-02 1.52087E-03 7.79849E-02 4.82627E-02 1.28492E-03 1.73865E-04
 4.40541E-02 9.06833E-04 3.85291E-02 7.93993E-04 1.31706E-01 5.20727E-02 1.07348E-03 7.07261E-02 4.40591E-02 9.06936E-04 2.24845E-04
 4.29439E-02 8.22646E-04 3.75579E-02 7.20290E-04 1.28184E-01 5.07600E-02 9.73838E-04 6.88347E-02 4.29493E-02 8.22751E-04 2.43758E-04
 3.80561E-02 5.28761E-04 3.32826E-02 4.62981E-04 1.12943E-01 4.49817E-02 6.25958E-04 6.06506E-02 3.80647E-02 5.28879E-04 3.68921E-04
 3.38115E-02 3.56058E-04 2.95699E-02 3.11733E-04 1.00013E-01 3.99637E-02 4.21456E-04 5.37068E-02 3.38257E-02 3.56209E-04 5.87962E-04
 3.00950E-02 2.52480E-04 2.63192E-02 2.20993E-04 8.88750E-02 3.55702E-02 2.98753E-04 4.77259E-02 3.01210E-02 2.52698E-04 9.87702E-04
 2.68180E-02 1.87985E-04 2.34530E-02 1.64488E-04 7.91566E-02 3.16963E-02 2.22342E-04 4.25071E-02 2.68717E-02 1.88362E-04 1.74722E-03
 2.39141E-02 1.45591E-04 2.09133E-02 1.27366E-04 7.05971E-02 2.82639E-02 1.72152E-04 3.79106E-02 2.40440E-02 1.46382E-04 3.23466E-03
 2.13287E-02 1.15887E-04 1.86523E-02 1.01388E-04 6.29986E-02 2.52082E-02 1.37042E-04 3.38303E-02 2.16994E-02 1.17902E-04 6.14100E-03
 1.90181E-02 9.37674E-05 1.66317E-02 8.20548E-05 5.62157E-02 2.24775E-02 1.10919E-04 3.01878E-02 2.01577E-02 9.93907E-05 1.13620E-02
 1.69502E-02 7.65156E-05 1.48234E-02 6.69712E-05 5.01453E-02 2.00336E-02 9.05352E-05 2.69280E-02 1.99789E-02 9.02028E-05 1.86480E-02
 1.50983E-02 6.26634E-05 1.32039E-02 5.48521E-05 4.47067E-02 1.78450E-02 7.41541E-05 2.40075E-02 2.06844E-02 8.58758E-05 2.47609E-02
 1.34401E-02 5.13687E-05 1.17538E-02 4.49660E-05 3.98331E-02 1.58852E-02 6.07895E-05 2.13904E-02 2.05127E-02 7.84337E-05 2.67359E-02
 1.19558E-02 4.20968E-05 1.04559E-02 3.68490E-05 3.54672E-02 1.41310E-02 4.98157E-05 1.90459E-02 1.91228E-02 6.73618E-05 2.55594E-02
 1.06281E-02 3.44685E-05 9.29476E-03 3.01705E-05 3.15581E-02 1.25618E-02 4.07867E-05 1.69467E-02 1.72573E-02 5.59922E-05 2.32407E-02
 9.44125E-03 2.81919E-05 8.25680E-03 2.46756E-05 2.80604E-02 1.11590E-02 3.33578E-05 1.50684E-02 1.53919E-02 4.59798E-05 2.07829E-02
 8.38100E-03 2.30314E-05 7.32957E-03 2.01580E-05 2.49330E-02 9.90588E-03 2.72504E-05 1.33890E-02 1.36760E-02 3.75973E-05 1.84907E-02
 7.43458E-03 1.87934E-05 6.50189E-03 1.64482E-05 2.21388E-02 8.78728E-03 2.22351E-05 1.18885E-02 1.21339E-02 3.06843E-05 1.64227E-02
 6.59183E-03 1.53214E-05 5.76486E-03 1.34090E-05 1.96483E-02 7.79119E-03 1.81265E-05 1.05511E-02 1.07588E-02 2.50158E-05 1.45759E-02
 5.84108E-03 1.24777E-05 5.10829E-03 1.09200E-05 1.74277E-02 6.90384E-03 1.47617E-05 9.35866E-03 9.53350E-03 2.03727E-05 1.29286E-02
 8.86033E-02 1.95762E-02 7.74809E-02 1.71422E-02 2.95361E-01 1.04712E-01 2.31772E-02 1.58609E-01 8.86041E-02 1.95764E-02 4.21702E-05
 7.87425E-02 1.23504E-02 6.88614E-02 1.08131E-02 2.55063E-01 9.30646E-02 1.46191E-02 1.36969E-01 7.87435E-02 1.23505E-02 4.85835E-05
 6.93896E-02 7.62258E-03 6.06828E-02 6.67287E-03 2.18763E-01 8.20119E-02 9.02121E-03 1.17476E-01 6.93908E-02 7.62271E-03 5.69252E-05
 6.08147E-02 4.63945E-03 5.31834E-02 4.06103E-03 1.87079E-01 7.18764E-02 5.49004E-03 1.00461E-01 6.08162E-02 4.63956E-03 6.82328E-05
 5.31922E-02 2.80406E-03 4.65166E-02 2.45432E-03 1.60202E-01 6.28660E-02 3.31790E-03 8.60285E-02 5.31940E-02 2.80416E-03 8.42043E-05
 4.65734E-02 1.70300E-03 4.07278E-02 1.49057E-03 1.37896E-01 5.50421E-02 2.01502E-03 7.40504E-02 4.65758E-02 1.70309E-03 1.07631E-04
 4.09042E-02 1.04765E-03 3.57696E-02 9.16976E-04 1.19544E-01 4.83411E-02 1.23962E-03 6.41953E-02 4.09074E-02 1.04773E-03 1.43121E-04
 3.70828E-02 7.29535E-04 3.24276E-02 6.38557E-04 1.07565E-01 4.38244E-02 8.63244E-04 5.77625E-02 3.70871E-02 7.29619E-04 1.83632E-04
 3.60822E-02 6.59342E-04 3.15525E-02 5.77123E-04 1.04472E-01 4.26417E-02 7.80196E-04 5.61015E-02 3.60868E-02 6.59426E-04 1.98667E-04
 3.17182E-02 4.16749E-04 2.77359E-02 3.64790E-04 9.12281E-02 3.74836E-02 4.93154E-04 4.89895E-02 3.17253E-02 4.16842E-04 2.97990E-04
 2.79841E-02 2.76524E-04 2.44704E-02 2.42032E-04 8.01758E-02 3.30702E-02 3.27192E-04 4.30544E-02 2.79959E-02 2.76641E-04 4.71344E-04
 2.47553E-02 1.93667E-04 2.16467E-02 1.69477E-04 7.07876E-02 2.92541E-02 2.29093E-04 3.80130E-02 2.47767E-02 1.93835E-04 7.86691E-04
 2.19374E-02 1.42781E-04 1.91823E-02 1.24912E-04 6.26880E-02 2.59236E-02 1.68838E-04 3.36634E-02 2.19813E-02 1.43067E-04 1.38371E-03
 1.94615E-02 1.09748E-04 1.70173E-02 9.59954E-05 5.56191E-02 2.29976E-02 1.29744E-04 2.98675E-02 1.95672E-02 1.10345E-04 2.54839E-03
 1.72728E-02 8.68481E-05 1.51034E-02 7.59686E-05 4.93911E-02 2.04112E-02 1.02678E-04 2.65230E-02 1.75729E-02 8.83580E-05 4.81456E-03
 1.53288E-02 6.99392E-05 1.34037E-02 6.11902E-05 4.38670E-02 1.81142E-02 8.27092E-05 2.35566E-02 1.62472E-02 7.41324E-05 8.86620E-03
 1.35989E-02 5.68376E-05 1.18911E-02 4.97363E-05 3.89517E-02 1.60700E-02 6.72311E-05 2.09171E-02 1.60285E-02 6.70017E-05 1.44853E-02
 1.20580E-02 4.63716E-05 1.05438E-02 4.05815E-05 3.45716E-02 1.42492E-02 5.48577E-05 1.85649E-02 1.65185E-02 6.35438E-05 1.91475E-02
 1.06853E-02 3.78747E-05 9.34352E-03 3.31461E-05 3.06667E-02 1.26272E-02 4.48068E-05 1.64680E-02 1.63074E-02 5.78239E-05 2.05834E-02
 9.46282E-03 3.09267E-05 8.27460E-03 2.70651E-05 2.71861E-02 1.11826E-02 3.65864E-05 1.45989E-02 1.51344E-02 4.94822E-05 1.95916E-02
 8.37469E-03 2.52316E-05 7.32313E-03 2.20805E-05 2.40851E-02 9.89678E-03 2.98480E-05 1.29337E-02 1.35975E-02 4.09829E-05 1.77373E-02
 7.40674E-03 2.05629E-05 6.47674E-03 1.79943E-05 2.13239E-02 8.75293E-03 2.43240E-05 1.14509E-02 1.20743E-02 3.35337E-05 1.57935E-02
 6.54625E-03 1.67385E-05 5.72431E-03 1.46472E-05 1.88668E-02 7.73607E-03 1.97993E-05 1.01315E-02 1.06814E-02 2.73217E-05 1.39919E-02
 5.78183E-03 1.36093E-05 5.05587E-03 1.19086E-05 1.66820E-02 6.83273E-03 1.60973E-05 8.95824E-03 9.43588E-03 2.22178E-05 1.23748E-02
 5.10441E-03 1.10552E-05 4.46352E-03 9.67343E-06 1.47439E-02 6.03219E-03 1.30758E-05 7.91749E-03 8.33061E-03 1.80484E-05 1.09376E-02
 4.50379E-03 8.97106E-06 3.93831E-03 7.84962E-06 1.30239E-02 5.32241E-03 1.06105E-05 6.99381E-03 7.35042E-03 1.46459E-05 9.66168E-03
 8.02198E-02 1.80264E-02 7.01409E-02 1.57809E-02 2.63664E-01 9.47885E-02 2.13347E-02 1.41587E-01 8.02206E-02 1.80266E-02 3.76446E-05
 7.04349E-02 1.11332E-02 6.15886E-02 9.74490E-03 2.24376E-01 8.32324E-02 1.31738E-02 1.20490E-01 7.04358E-02 1.11334E-02 4.27383E-05
 6.12747E-02 6.71914E-03 5.35797E-02 5.88053E-03 1.89469E-01 7.24092E-02 7.94939E-03 1.01745E-01 6.12757E-02 6.71925E-03 4.93024E-05
 5.29949E-02 3.99429E-03 4.63394E-02 3.49545E-03 1.59482E-01 6.26243E-02 4.72506E-03 8.56417E-02 5.29962E-02 3.99438E-03 5.81675E-05
 4.57499E-02 2.35952E-03 4.00036E-02 2.06472E-03 1.34481E-01 5.40618E-02 2.79099E-03 7.22162E-02 4.57515E-02 2.35960E-03 7.06848E-05
 3.95698E-02 1.40131E-03 3.45992E-02 1.22620E-03 1.14115E-01 4.67579E-02 1.65751E-03 6.12796E-02 3.95718E-02 1.40138E-03 8.90692E-05
 3.43697E-02 8.45010E-04 3.00520E-02 7.39426E-04 9.76806E-02 4.06125E-02 9.99517E-04 5.24545E-02 3.43725E-02 8.45077E-04 1.16946E-04
 3.09204E-02 5.80141E-04 2.70357E-02 5.07663E-04 8.71364E-02 3.65362E-02 6.86237E-04 4.67922E-02 3.09239E-02 5.80207E-04 1.48757E-04
 3.00251E-02 5.22282E-04 2.62529E-02 4.57037E-04 8.44395E-02 3.54782E-02 6.17803E-04 4.53440E-02 3.00290E-02 5.22348E-04 1.60572E-04
 2.61606E-02 3.24436E-04 2.28736E-02 2.83915E-04 7.30203E-02 3.09114E-02 3.83788E-04 3.92119E-02 2.61665E-02 3.24509E-04 2.38515E-04
 2.29071E-02 2.12049E-04 2.00287E-02 1.85556E-04 6.36573E-02 2.70666E-02 2.50826E-04 3.41840E-02 2.29168E-02 2.12138E-04 3.74234E-04
 2.01319E-02 1.46653E-04 1.76021E-02 1.28310E-04 5.58212E-02 2.37873E-02 1.73435E-04 2.99760E-02 2.01494E-02 1.46780E-04 6.20364E-04
 1.77368E-02 1.07044E-04 1.55077E-02 9.36346E-05 4.91415E-02 2.09569E-02 1.26555E-04 2.63890E-02 1.77723E-02 1.07259E-04 1.08470E-03
 1.56514E-02 8.16521E-05 1.36843E-02 7.14111E-05 4.33680E-02 1.84928E-02 9.65128E-05 2.32886E-02 1.57364E-02 8.20956E-05 1.98706E-03
 1.38216E-02 6.42338E-05 1.20845E-02 5.61792E-05 3.83208E-02 1.63308E-02 7.59276E-05 2.05783E-02 1.40618E-02 6.53504E-05 3.73545E-03
 1.22069E-02 5.14810E-05 1.06728E-02 4.50333E-05 3.38736E-02 1.44231E-02 6.08670E-05 1.81901E-02 1.29382E-02 5.45669E-05 6.84638E-03
 1.07783E-02 4.16640E-05 9.42380E-03 3.64515E-05 2.99396E-02 1.27352E-02 4.92704E-05 1.60776E-02 1.27037E-02 4.91129E-05 1.11339E-02
 9.51267E-03 3.38622E-05 8.31728E-03 2.96282E-05 2.64529E-02 1.12399E-02 4.00485E-05 1.42052E-02 1.30312E-02 4.63987E-05 1.46510E-02
 8.39109E-03 2.75555E-05 7.33669E-03 2.41106E-05 2.33606E-02 9.91475E-03 3.25906E-05 1.25446E-02 1.28055E-02 4.20659E-05 1.56796E-02
 7.39735E-03 2.24189E-05 6.46785E-03 1.96159E-05 2.06182E-02 8.74062E-03 2.65150E-05 1.10720E-02 1.18304E-02 3.58666E-05 1.48585E-02
 6.51724E-03 1.82244E-05 5.69835E-03 1.59455E-05 1.81869E-02 7.70074E-03 2.15535E-05 9.76636E-03 1.05811E-02 2.95986E-05 1.33936E-02
 5.73821E-03 1.47986E-05 5.01722E-03 1.29478E-05 1.60326E-02 6.78027E-03 1.75013E-05 8.60952E-03 9.35385E-03 2.41312E-05 1.18745E-02
 5.04906E-03 1.20028E-05 4.41468E-03 1.05013E-05 1.41249E-02 5.96600E-03 1.41944E-05 7.58507E-03 8.23809E-03 1.95901E-05 1.04752E-02
 4.43983E-03 9.72362E-06 3.88200E-03 8.50710E-06 1.24366E-02 5.24614E-03 1.14988E-05 6.67845E-03 7.24540E-03 1.58729E-05 9.22555E-03
 3.90256E-03 7.87031E-06 3.41224E-03 6.88552E-06 1.09461E-02 4.61132E-03 9.30686E-06 5.87805E-03 6.36884E-03 1.28478E-05 8.12025E-03
 3.42848E-03 6.36365E-06 2.99773E-03 5.56729E-06 9.62942E-03 4.05115E-03 7.52502E-06 5.17100E-03 5.59519E-03 1.03883E-05 7.14354E-03
 7.24273E-02 1.65402E-02 6.33208E-02 1.44764E-02 2.34944E-01 8.55690E-02 1.95697E-02 1.26165E-01 7.24280E-02 1.65403E-02 3.35441E-05
 6.27632E-02 9.98833E-03 5.48749E-02 8.74087E-03 1.96818E-01 7.41569E-02 1.18157E-02 1.05691E-01 6.27639E-02 9.98846E-03 3.74891E-05
 5.38294E-02 5.88321E-03 4.70647E-02 5.14786E-03 1.63415E-01 6.36027E-02 6.95849E-03 8.77540E-02 5.38303E-02 5.88331E-03 4.25230E-05
 4.58728E-02 3.40884E-03 4.01078E-02 2.98251E-03 1.35181E-01 5.42011E-02 4.03142E-03 7.25922E-02 4.58738E-02 3.40892E-03 4.93043E-05
 3.90223E-02 1.96418E-03 3.41178E-02 1.71843E-03 1.12060E-01 4.61062E-02 2.32275E-03 6.01763E-02 3.90237E-02 1.96425E-03 5.89003E-05
 3.32869E-02 1.13845E-03 2.91028E-02 9.95988E-04 9.35848E-02 3.93288E-02 1.34623E-03 5.02550E-02 3.32886E-02 1.13851E-03 7.30452E-05
 2.85522E-02 6.71930E-04 2.49630E-02 5.87851E-04 7.89782E-02 3.37342E-02 7.94572E-04 4.24113E-02 2.85545E-02 6.71983E-04 9.45547E-05
 2.54654E-02 4.54393E-04 2.22640E-02 3.97542E-04 6.97769E-02 3.00868E-02 5.37344E-04 3.74702E-02 2.54683E-02 4.54445E-04 1.19121E-04
 2.46718E-02 4.07390E-04 2.15701E-02 3.56422E-04 6.74471E-02 2.91491E-02 4.81764E-04 3.62191E-02 2.46749E-02 4.07442E-04 1.28259E-04
 2.12846E-02 2.48490E-04 1.86085E-02 2.17408E-04 5.77004E-02 2.51468E-02 2.93866E-04 3.09851E-02 2.12893E-02 2.48545E-04 1.88474E-04
 1.84833E-02 1.59882E-04 1.61594E-02 1.39880E-04 4.98600E-02 2.18371E-02 1.89072E-04 2.67748E-02 1.84911E-02 1.59950E-04 2.93121E-04
 1.61296E-02 1.09145E-04 1.41015E-02 9.54784E-05 4.34033E-02 1.90561E-02 1.29050E-04 2.33076E-02 1.61436E-02 1.09239E-04 4.82358E-04
 1.41229E-02 7.88510E-05 1.23470E-02 6.89647E-05 3.79708E-02 1.66852E-02 9.32080E-05 2.03903E-02 1.41512E-02 7.90089E-05 8.38129E-04
 1.23928E-02 5.96753E-05 1.08345E-02 5.21854E-05 3.33236E-02 1.46411E-02 7.05268E-05 1.78948E-02 1.24601E-02 5.99994E-05 1.52684E-03
 1.08870E-02 4.66618E-05 9.51794E-03 4.08060E-05 2.92948E-02 1.28621E-02 5.51482E-05 1.57313E-02 1.10761E-02 4.74728E-05 2.85561E-03
 9.56705E-03 3.72152E-05 8.36406E-03 3.25497E-05 2.57692E-02 1.13028E-02 4.39921E-05 1.38381E-02 1.01401E-02 3.94456E-05 5.20836E-03
 8.40626E-03 2.99913E-05 7.34927E-03 2.62351E-05 2.26693E-02 9.93147E-03 3.54593E-05 1.21734E-02 9.90778E-03 3.53522E-05 8.43023E-03
 7.38368E-03 2.42803E-05 6.45531E-03 2.12409E-05 1.99371E-02 8.72343E-03 2.87100E-05 1.07062E-02 1.01145E-02 3.32675E-05 1.10422E-02
 6.48234E-03 1.96842E-05 5.66733E-03 1.72205E-05 1.75268E-02 7.65860E-03 2.32760E-05 9.41188E-03 9.89225E-03 3.00474E-05 1.17639E-02
 5.68791E-03 1.59557E-05 4.97281E-03 1.39586E-05 1.54001E-02 6.72006E-03 1.88670E-05 8.26987E-03 9.09621E-03 2.55246E-05 1.10981E-02
 4.98794E-03 1.29229E-05 4.36086E-03 1.13052E-05 1.35242E-02 5.89311E-03 1.52805E-05 7.26252E-03 8.09790E-03 2.09867E-05 9.95982E-03
 4.37151E-03 1.04552E-05 3.82194E-03 9.14626E-06 1.18703E-02 5.16484E-03 1.23623E-05 6.37437E-03 7.12571E-03 1.70475E-05 8.79174E-03
 3.82895E-03 8.44893E-06 3.34760E-03 7.39099E-06 1.04129E-02 4.52384E-03 9.98977E-06 5.59171E-03 6.24710E-03 1.37887E-05 7.72234E-03
 3.35169E-03 6.81956E-06 2.93035E-03 5.96554E-06 9.12926E-03 3.95998E-03 8.06307E-06 4.90241E-03 5.46945E-03 1.11316E-05 6.77215E-03
 2.93291E-03 5.49969E-06 2.56423E-03 4.81088E-06 8.00152E-03 3.46521E-03 6.50239E-06 4.29682E-03 4.78623E-03 8.97734E-06 5.93585E-03
 2.56520E-03 4.43074E-06 2.24274E-03 3.87576E-06 7.01001E-03 3.03077E-03 5.23845E-06 3.76437E-03 4.18618E-03 7.23244E-06 5.20034E-03
 6.52590E-02 1.51358E-02 5.70490E-02 1.32447E-02 2.09129E-01 7.70915E-02 1.79035E-02 1.12302E-01 6.52596E-02 1.51359E-02 2.98584E-05
 5.57556E-02 8.92660E-03 4.87441E-02 7.81033E-03 1.72311E-01 6.58701E-02 1.05572E-02 9.25310E-02 5.57563E-02 8.92671E-03 3.28211E-05
 4.70835E-02 5.12197E-03 4.11633E-02 4.48100E-03 1.40494E-01 5.56261E-02 6.05674E-03 7.54453E-02 4.70843E-02 5.12206E-03 3.65586E-05
 3.94731E-02 2.88680E-03 3.45097E-02 2.52533E-03 1.14035E-01 4.66347E-02 3.41327E-03 6.12367E-02 3.94740E-02 2.88686E-03 4.15917E-05
 3.30283E-02 1.61927E-03 2.88750E-02 1.41644E-03 9.27648E-02 3.90201E-02 1.91445E-03 4.98147E-02 3.30294E-02 1.61932E-03 4.87584E-05
 2.77356E-02 9.13953E-04 2.42475E-02 7.99452E-04 7.61078E-02 3.27667E-02 1.08052E-03 4.08699E-02 2.77370E-02 9.13999E-04 5.94040E-05
 2.34546E-02 5.27106E-04 2.05047E-02 4.61073E-04 6.32209E-02 2.77087E-02 6.23178E-04 3.39496E-02 2.34564E-02 5.27148E-04 7.56897E-05
 2.07151E-02 3.50747E-04 1.81096E-02 3.06812E-04 5.52601E-02 2.44722E-02 4.14685E-04 2.96746E-02 2.07175E-02 3.50787E-04 9.43383E-05
 2.00179E-02 3.13088E-04 1.75001E-02 2.73872E-04 5.32655E-02 2.36485E-02 3.70164E-04 2.86036E-02 2.00205E-02 3.13128E-04 1.01291E-04
 1.70791E-02 1.87328E-04 1.49308E-02 1.63869E-04 4.50290E-02 2.01764E-02 2.21486E-04 2.41806E-02 1.70829E-02 1.87370E-04 1.47084E-04
 1.46960E-02 1.18573E-04 1.28474E-02 1.03722E-04 3.85384E-02 1.73610E-02 1.40191E-04 2.06951E-02 1.47022E-02 1.18623E-04 2.26563E-04
 1.27267E-02 7.98606E-05 1.11258E-02 6.98518E-05 3.32859E-02 1.50345E-02 9.44088E-05 1.78745E-02 1.27377E-02 7.99297E-05 3.69919E-04
 1.10702E-02 5.70858E-05 9.67757E-03 4.99234E-05 2.89283E-02 1.30775E-02 6.74709E-05 1.55345E-02 1.10924E-02 5.72001E-05 6.38535E-04
 9.65727E-03 4.28556E-05 8.44236E-03 3.74737E-05 2.52419E-02 1.14083E-02 5.06431E-05 1.35549E-02 9.70970E-03 4.30883E-05 1.15655E-03
 8.43791E-03 3.33035E-05 7.37640E-03 2.91214E-05 2.20740E-02 9.96789E-03 3.93557E-05 1.18537E-02 8.58450E-03 3.38823E-05 2.15174E-03
 7.37675E-03 2.64296E-05 6.44877E-03 2.31137E-05 1.93216E-02 8.71437E-03 3.12379E-05 1.03757E-02 7.81858E-03 2.80134E-05 3.90519E-03
 6.44932E-03 2.12084E-05 5.63804E-03 1.85498E-05 1.69165E-02 7.61884E-03 2.50709E-05 9.08414E-03 7.60120E-03 2.49987E-05 6.29087E-03
 5.63703E-03 1.71024E-05 4.92796E-03 1.49596E-05 1.48086E-02 6.65930E-03 2.02190E-05 7.95223E-03 7.72167E-03 2.34317E-05 8.20179E-03
 4.92498E-03 1.38128E-05 4.30550E-03 1.20824E-05 1.29591E-02 5.81816E-03 1.63304E-05 6.95902E-03 7.51546E-03 2.10837E-05 8.69809E-03
 4.30074E-03 1.11550E-05 3.75980E-03 9.75757E-06 1.13356E-02 5.08074E-03 1.31882E-05 6.08723E-03 6.87761E-03 1.78438E-05 8.16901E-03
 3.75361E-03 9.00153E-06 3.28150E-03 7.87373E-06 9.91091E-03 4.43441E-03 1.06420E-05 5.32216E-03 6.09377E-03 1.46175E-05 7.29881E-03
 3.27428E-03 7.25600E-06 2.86247E-03 6.34680E-06 8.66104E-03 3.86816E-03 8.57815E-06 4.65098E-03 5.33702E-03 1.18303E-05 6.41478E-03
 2.85455E-03 5.84220E-06 2.49554E-03 5.11007E-06 7.56504E-03 3.37232E-03 6.90659E-06 4.06243E-03 4.65718E-03 9.53398E-06 5.61034E-03
 2.48721E-03 4.69836E-06 2.17441E-03 4.10952E-06 6.60446E-03 2.93837E-03 5.55425E-06 3.54660E-03 4.05863E-03 7.66869E-06 4.89924E-03
 2.16653E-03 3.77533E-06 1.89407E-03 3.30213E-06 5.76462E-03 2.55953E-03 4.46300E-06 3.09560E-03 3.53546E-03 6.16227E-06 4.27643E-03
 1.88636E-03 3.03059E-06 1.64913E-03 2.65071E-06 5.02971E-03 2.22854E-03 3.58256E-06 2.70095E-03 3.07827E-03 4.94667E-06 3.73127E-03
 5.86881E-02 1.38132E-02 5.13013E-02 1.20854E-02 1.85963E-01 6.93230E-02 1.63356E-02 9.98624E-02 5.86887E-02 1.38134E-02 2.65510E-05
 4.93856E-02 7.94572E-03 4.31723E-02 6.95105E-03 1.50561E-01 5.83395E-02 9.39525E-03 8.08512E-02 4.93862E-02 7.94581E-03 2.86783E-05
 4.10040E-02 4.43413E-03 3.58460E-02 3.87868E-03 1.20389E-01 4.84396E-02 5.24237E-03 6.46488E-02 4.10047E-02 4.43420E-03 3.13269E-05
 3.37602E-02 2.42589E-03 2.95133E-02 2.12184E-03 9.57139E-02 3.98821E-02 2.86779E-03 5.13983E-02 3.37610E-02 2.42595E-03 3.49095E-05
 2.77296E-02 1.32186E-03 2.42411E-02 1.15614E-03 7.62575E-02 3.27576E-02 1.56256E-03 4.09503E-02 2.77306E-02 1.32191E-03 4.00819E-05
 2.28762E-02 7.24799E-04 1.99981E-02 6.33912E-04 6.13393E-02 2.70237E-02 8.56748E-04 3.29392E-02 2.28774E-02 7.24837E-04 4.78768E-05
 1.90353E-02 4.07731E-04 1.66403E-02 3.56605E-04 5.00601E-02 2.24862E-02 4.81962E-04 2.68823E-02 1.90368E-02 4.07764E-04 5.99332E-05
 1.66265E-02 2.66661E-04 1.45345E-02 2.33228E-04 4.32361E-02 1.96406E-02 3.15215E-04 2.32178E-02 1.66284E-02 2.66692E-04 7.38113E-05
 1.60201E-02 2.36919E-04 1.40044E-02 2.07216E-04 4.15455E-02 1.89242E-02 2.80059E-04 2.23099E-02 1.60222E-02 2.36949E-04 7.90040E-05
 1.34985E-02 1.38891E-04 1.17999E-02 1.21481E-04 3.46607E-02 1.59453E-02 1.64187E-04 1.86128E-02 1.35015E-02 1.38922E-04 1.13216E-04
 1.14975E-02 8.64135E-05 1.00507E-02 7.55811E-05 2.93546E-02 1.35815E-02 1.02151E-04 1.57634E-02 1.15023E-02 8.64499E-05 1.72572E-04
 9.87411E-03 5.73872E-05 8.63156E-03 5.01896E-05 2.51412E-02 1.16638E-02 6.78318E-05 1.35008E-02 9.88265E-03 5.74368E-05 2.79405E-04
 8.52864E-03 4.05713E-05 7.45537E-03 3.54781E-05 2.16988E-02 1.00745E-02 4.79470E-05 1.16523E-02 8.54572E-03 4.06525E-05 4.78958E-04
 7.39435E-03 3.02047E-05 6.46381E-03 2.64098E-05 1.88212E-02 8.73454E-03 3.56903E-05 1.01070E-02 7.43449E-03 3.03687E-05 8.62359E-04
 6.42444E-03 2.33241E-05 5.61596E-03 2.03938E-05 1.63711E-02 7.58885E-03 2.75602E-05 8.79128E-03 6.53604E-03 2.37294E-05 1.59583E-03
 5.58669E-03 1.84169E-05 4.88366E-03 1.61048E-05 1.42583E-02 6.59931E-03 2.17649E-05 7.65672E-03 5.92129E-03 1.95204E-05 2.88183E-03
 4.85929E-03 1.47151E-05 4.24782E-03 1.28692E-05 1.24239E-02 5.74010E-03 1.73927E-05 6.67162E-03 5.72713E-03 1.73447E-05 4.62017E-03
 4.22597E-03 1.18197E-05 3.69421E-03 1.03377E-05 1.08254E-02 4.99202E-03 1.39717E-05 5.81326E-03 5.78868E-03 1.61934E-05 5.99569E-03
 3.67392E-03 9.51042E-06 3.21165E-03 8.31813E-06 9.43041E-03 4.33994E-03 1.12423E-05 5.06413E-03 5.60624E-03 1.45159E-05 6.32967E-03
 3.19260E-03 7.65229E-06 2.79090E-03 6.69294E-06 8.21235E-03 3.77138E-03 9.04576E-06 4.41003E-03 5.10539E-03 1.22401E-05 5.91822E-03
 2.77299E-03 6.15253E-06 2.42410E-03 5.38115E-06 7.14882E-03 3.27573E-03 7.27280E-06 3.83892E-03 4.50169E-03 9.99055E-06 5.26469E-03
 2.40733E-03 4.94154E-06 2.10445E-03 4.32193E-06 6.22047E-03 2.84378E-03 5.84121E-06 3.34039E-03 3.92380E-03 8.05639E-06 4.60718E-03
 2.08880E-03 3.96438E-06 1.82601E-03 3.46725E-06 5.41042E-03 2.46752E-03 4.68607E-06 2.90540E-03 3.40778E-03 6.46923E-06 4.01245E-03
 1.81148E-03 3.17677E-06 1.58358E-03 2.77838E-06 4.70389E-03 2.13993E-03 3.75503E-06 2.52599E-03 2.95589E-03 5.18491E-06 3.48938E-03
 1.57063E-03 2.54362E-06 1.37304E-03 2.22460E-06 4.08914E-03 1.85542E-03 3.00658E-06 2.19587E-03 2.56298E-03 4.15162E-06 3.03349E-03
 1.36127E-03 2.03466E-06 1.19003E-03 1.77946E-06 3.55372E-03 1.60811E-03 2.40496E-06 1.90835E-03 2.22136E-03 3.32092E-06 2.63631E-03
 5.26801E-02 1.25720E-02 4.60470E-02 1.09979E-02 1.65212E-01 6.22218E-02 1.48650E-02 8.87187E-02 5.26806E-02 1.25721E-02 2.35881E-05
 4.36188E-02 7.04555E-03 3.81291E-02 6.16279E-03 1.31305E-01 5.15236E-02 8.32948E-03 7.05109E-02 4.36194E-02 7.04564E-03 2.50105E-05
 3.55524E-02 3.81755E-03 3.10786E-02 3.33895E-03 1.02816E-01 4.19966E-02 4.51271E-03 5.52121E-02 3.55530E-02 3.81762E-03 2.67541E-05
 2.86915E-02 2.02385E-03 2.50810E-02 1.77000E-03 7.99190E-02 3.38920E-02 2.39217E-03 4.29165E-02 2.86921E-02 2.02390E-03 2.91487E-05
 2.30842E-02 1.06846E-03 2.01792E-02 9.34407E-04 6.22263E-02 2.72682E-02 1.26284E-03 3.34155E-02 2.30850E-02 1.06850E-03 3.27070E-05
 1.86650E-02 5.67689E-04 1.63160E-02 4.96451E-04 4.89605E-02 2.20477E-02 6.70942E-04 2.62918E-02 1.86659E-02 5.67718E-04 3.82148E-05
 1.52482E-02 3.10877E-04 1.33291E-02 2.71867E-04 3.91738E-02 1.80115E-02 3.67423E-04 2.10363E-02 1.52494E-02 3.10901E-04 4.68999E-05
 1.31514E-02 1.99589E-04 1.14961E-02 1.74547E-04 3.33836E-02 1.55346E-02 2.35897E-04 1.79270E-02 1.31529E-02 1.99612E-04 5.69915E-05
 1.26297E-02 1.76445E-04 1.10401E-02 1.54307E-04 3.19663E-02 1.49184E-02 2.08544E-04 1.71659E-02 1.26313E-02 1.76467E-04 6.07881E-05
 1.04923E-02 1.01220E-04 9.17168E-03 8.85225E-05 2.62804E-02 1.23936E-02 1.19638E-04 1.41126E-02 1.04947E-02 1.01242E-04 8.58429E-05
 8.83617E-03 6.18416E-05 7.72395E-03 5.40840E-05 2.20025E-02 1.04373E-02 7.30946E-05 1.18153E-02 8.83990E-03 6.18676E-05 1.29350E-04
 7.51960E-03 4.04647E-05 6.57308E-03 3.53866E-05 1.86748E-02 8.88211E-03 4.78241E-05 1.00284E-02 7.52610E-03 4.04997E-05 2.07541E-04
 6.44613E-03 2.82784E-05 5.63472E-03 2.47268E-05 1.60007E-02 7.61412E-03 3.34165E-05 8.59237E-03 6.45904E-03 2.83350E-05 3.53183E-04
 5.55266E-03 2.08706E-05 4.85371E-03 1.82475E-05 1.37939E-02 6.55874E-03 2.46594E-05 7.40730E-03 5.58281E-03 2.09839E-05 6.32015E-04
 4.79624E-03 1.60117E-05 4.19251E-03 1.39993E-05 1.19334E-02 5.66527E-03 1.89184E-05 6.40823E-03 4.87955E-03 1.62899E-05 1.16325E-03
 4.14808E-03 1.25786E-05 3.62595E-03 1.09987E-05 1.03415E-02 4.89970E-03 1.48639E-05 5.55339E-03 4.39650E-03 1.33322E-05 2.09018E-03
 3.58910E-03 1.00072E-05 3.13735E-03 8.75120E-06 8.96837E-03 4.23946E-03 1.18270E-05 4.81601E-03 4.23006E-03 1.17953E-05 3.33514E-03
 3.10539E-03 8.00705E-06 2.71454E-03 7.00249E-06 7.77884E-03 3.66813E-03 9.46381E-06 4.17724E-03 4.25367E-03 1.09696E-05 4.30833E-03
 2.68619E-03 6.41899E-06 2.34811E-03 5.61379E-06 6.74634E-03 3.17299E-03 7.58705E-06 3.62278E-03 4.09893E-03 9.79701E-06 4.52813E-03
 2.32272E-03 5.14635E-06 2.03040E-03 4.50080E-06 5.84949E-03 2.74367E-03 6.08285E-06 3.14117E-03 3.71427E-03 8.23145E-06 4.21542E-03
 2.00759E-03 4.12311E-06 1.75493E-03 3.60588E-06 5.07038E-03 2.37144E-03 4.87335E-06 2.72280E-03 3.25906E-03 6.69489E-06 3.73404E-03
 1.73443E-03 3.29996E-06 1.51616E-03 2.88597E-06 4.39367E-03 2.04879E-03 3.90037E-06 2.35940E-03 2.82698E-03 5.37986E-06 3.25416E-03
 1.49776E-03 2.63821E-06 1.30928E-03 2.30721E-06 3.80606E-03 1.76923E-03 3.11818E-06 2.04386E-03 2.44348E-03 4.30498E-06 2.82263E-03
 1.29278E-03 2.10678E-06 1.13010E-03 1.84244E-06 3.29598E-03 1.52711E-03 2.49004E-06 1.76994E-03 2.10946E-03 3.43842E-06 2.44499E-03
 1.11569E-03 1.68113E-06 9.75300E-04 1.47019E-06 2.85426E-03 1.31793E-03 1.98694E-06 1.53274E-03 1.82057E-03 2.74381E-06 2.11740E-03
 9.62546E-04 1.34022E-06 8.41427E-04 1.17205E-06 2.47129E-03 1.13703E-03 1.58400E-06 1.32708E-03 1.57067E-03 2.18740E-06 1.83332E-03
 4.71909E-02 1.14118E-02 4.12472E-02 9.98179E-03 1.46585E-01 5.57352E-02 1.34911E-02 7.87160E-02 4.71913E-02 1.14119E-02 2.09287E-05
 3.84087E-02 6.22347E-03 3.35733E-02 5.44314E-03 1.14272E-01 4.53668E-02 7.35657E-03 6.13643E-02 3.84092E-02 6.22354E-03 2.17662E-05
 3.06884E-02 3.26864E-03 2.68256E-02 2.85858E-03 8.74939E-02 3.62491E-02 3.86336E-03 4.69842E-02 3.06890E-02 3.26869E-03 2.27671E-05
 2.42234E-02 1.67693E-03 2.11744E-02 1.46646E-03 6.63638E-02 2.86126E-02 1.98188E-03 3.56374E-02 2.42240E-02 1.67697E-03 2.42048E-05
 1.90444E-02 8.55147E-04 1.66471E-02 7.47794E-04 5.03718E-02 2.24950E-02 1.01061E-03 2.70497E-02 1.90450E-02 8.55176E-04 2.64761E-05
 1.50518E-02 4.39754E-04 1.31570E-02 3.84540E-04 3.86673E-02 1.77788E-02 5.19684E-04 2.07643E-02 1.50525E-02 4.39776E-04 3.01808E-05
 1.20402E-02 2.33567E-04 1.05245E-02 2.04242E-04 3.02570E-02 1.42216E-02 2.76022E-04 1.62480E-02 1.20412E-02 2.33585E-04 3.62244E-05
 1.02353E-02 1.47018E-04 8.94674E-03 1.28562E-04 2.54009E-02 1.20895E-02 1.73745E-04 1.36403E-02 1.02364E-02 1.47035E-04 4.33637E-05
 9.79191E-03 1.29280E-04 8.55919E-03 1.13051E-04 2.42276E-02 1.15658E-02 1.52783E-04 1.30102E-02 9.79316E-03 1.29296E-04 4.60719E-05
 8.00478E-03 7.24729E-05 6.99702E-03 6.33766E-05 1.95959E-02 9.45490E-03 8.56513E-05 1.05230E-02 8.00657E-03 7.24891E-05 6.40084E-05
 6.65593E-03 4.34320E-05 5.81797E-03 3.79808E-05 1.62007E-02 7.86167E-03 5.13299E-05 8.69976E-03 6.65873E-03 4.34503E-05 9.52418E-05
 5.60764E-03 2.79749E-05 4.90164E-03 2.44626E-05 1.36181E-02 6.62346E-03 3.30599E-05 7.31292E-03 5.61248E-03 2.79991E-05 1.51343E-04
 4.76829E-03 1.93114E-05 4.16797E-03 1.68852E-05 1.15796E-02 5.63206E-03 2.28187E-05 6.21826E-03 4.77784E-03 1.93500E-05 2.55597E-04
 4.07946E-03 1.41228E-05 3.56585E-03 1.23473E-05 9.92046E-03 4.81844E-03 1.66857E-05 5.32729E-03 4.10160E-03 1.41995E-05 4.54542E-04
 3.50252E-03 1.07621E-05 3.06156E-03 9.40912E-06 8.53626E-03 4.13700E-03 1.27151E-05 4.58397E-03 3.56336E-03 1.09491E-05 8.32101E-04
 3.01233E-03 8.41118E-06 2.63309E-03 7.35434E-06 7.36144E-03 3.55803E-03 9.93866E-06 3.95309E-03 3.19273E-03 8.91508E-06 1.48786E-03
 2.59257E-03 6.66345E-06 2.26619E-03 5.82676E-06 6.35477E-03 3.06225E-03 7.87451E-06 3.41251E-03 3.05555E-03 7.85397E-06 2.36320E-03
 2.23161E-03 5.31162E-06 1.95068E-03 4.64493E-06 5.48779E-03 2.63592E-03 6.27747E-06 2.94694E-03 3.05677E-03 7.27671E-06 3.03942E-03
 1.92062E-03 4.24318E-06 1.67885E-03 3.71069E-06 4.73928E-03 2.26860E-03 5.01490E-06 2.54500E-03 2.93070E-03 6.47600E-06 3.18100E-03
 1.65250E-03 3.39036E-06 1.44449E-03 2.96489E-06 4.09244E-03 1.95191E-03 4.00698E-06 2.19764E-03 2.64249E-03 5.42262E-06 2.94921E-03
 1.42131E-03 2.70719E-06 1.24241E-03 2.36745E-06 3.53329E-03 1.67885E-03 3.19954E-06 1.89738E-03 2.30729E-03 4.39567E-06 2.60207E-03
 1.22201E-03 2.15959E-06 1.06819E-03 1.88855E-06 3.04996E-03 1.44344E-03 2.55232E-06 1.63783E-03 1.99174E-03 3.52063E-06 2.25895E-03
 1.05024E-03 1.72090E-06 9.18051E-04 1.50491E-06 2.63223E-03 1.24055E-03 2.03383E-06 1.41351E-03 1.71336E-03 2.80805E-06 1.95210E-03
 9.02257E-04 1.36983E-06 7.88697E-04 1.19789E-06 2.27128E-03 1.06576E-03 1.61891E-06 1.21968E-03 1.47222E-03 2.23560E-06 1.68485E-03
 7.75082E-04 1.08962E-06 6.77531E-04 9.52846E-07 1.96010E-03 9.15543E-04 1.28774E-06 1.05257E-03 1.26475E-03 1.77834E-06 1.45408E-03
 6.65663E-04 8.65949E-07 5.81885E-04 7.57250E-07 1.69148E-03 7.86299E-04 1.02339E-06 9.08323E-04 1.08621E-03 1.41330E-06 1.25481E-03
 4.21845E-02 1.03346E-02 3.68702E-02 9.03870E-03 1.29883E-01 4.98202E-02 1.22160E-02 6.97471E-02 4.21849E-02 1.03347E-02 1.85440E-05
 3.37214E-02 5.47912E-03 2.94752E-02 4.79171E-03 9.92248E-02 3.98287E-02 6.47596E-03 5.32837E-02 3.37218E-02 5.47919E-03 1.89000E-05
 2.63731E-02 2.78593E-03 2.30527E-02 2.43624E-03 7.41934E-02 3.11505E-02 3.29248E-03 3.98418E-02 2.63735E-02 2.78597E-03 1.93062E-05
 2.03164E-02 1.37963E-03 1.77587E-02 1.20639E-03 5.47922E-02 2.39968E-02 1.63037E-03 2.94234E-02 2.03169E-02 1.37966E-03 1.99843E-05
 1.55639E-02 6.77887E-04 1.36044E-02 5.92749E-04 4.04382E-02 1.83833E-02 8.01056E-04 2.17153E-02 1.55645E-02 6.77911E-04 2.12548E-05
 1.19868E-02 3.36674E-04 1.04776E-02 2.94385E-04 3.02023E-02 1.41581E-02 3.97837E-04 1.62186E-02 1.19874E-02 3.36692E-04 2.35736E-05
 9.36055E-03 1.72990E-04 8.18197E-03 1.51261E-04 2.30492E-02 1.10560E-02 2.04417E-04 1.23774E-02 9.36129E-03 1.73003E-04 2.75950E-05
 7.82637E-03 1.06635E-04 6.84094E-03 9.32424E-05 1.90272E-02 9.24395E-03 1.26010E-04 1.02176E-02 7.82726E-03 1.06647E-04 3.24826E-05
 7.45473E-03 9.32431E-05 6.51609E-03 8.15329E-05 1.80690E-02 8.80498E-03 1.10186E-04 9.70303E-03 7.45568E-03 9.32549E-05 3.43604E-05
 5.98333E-03 5.10143E-05 5.22994E-03 4.46087E-05 1.43521E-02 7.06703E-03 6.02859E-05 7.70708E-03 5.98467E-03 5.10257E-05 4.68801E-05
 4.90435E-03 2.99528E-05 4.28681E-03 2.61919E-05 1.17034E-02 5.79262E-03 3.53969E-05 6.28472E-03 4.90641E-03 2.99654E-05 6.88028E-05
 4.08650E-03 1.89710E-05 3.57194E-03 1.65884E-05 9.73701E-03 4.82664E-03 2.24179E-05 5.22878E-03 4.09003E-03 1.89874E-05 1.08211E-04
 3.44477E-03 1.29247E-05 3.01101E-03 1.13005E-05 8.21493E-03 4.06868E-03 1.52713E-05 4.41142E-03 3.45167E-03 1.29506E-05 1.81328E-04
 2.92618E-03 9.36057E-06 2.55772E-03 8.18357E-06 6.99427E-03 3.45616E-03 1.10589E-05 3.75592E-03 2.94206E-03 9.41139E-06 3.20468E-04
 2.49686E-03 7.08339E-06 2.18247E-03 6.19269E-06 5.98704E-03 2.94909E-03 8.36850E-06 3.21504E-03 2.54023E-03 7.20646E-06 5.83607E-04
 2.13535E-03 5.50752E-06 1.86649E-03 4.81535E-06 5.13924E-03 2.52212E-03 6.50738E-06 2.75977E-03 2.26323E-03 5.83745E-06 1.03872E-03
 1.82805E-03 4.34532E-06 1.59788E-03 3.79954E-06 4.41761E-03 2.15917E-03 5.13478E-06 2.37226E-03 2.15449E-03 5.12163E-06 1.64281E-03
 1.56548E-03 3.45160E-06 1.36838E-03 3.01824E-06 3.79965E-03 1.84905E-03 4.07898E-06 2.04041E-03 2.14431E-03 4.72848E-06 2.10444E-03
 1.34059E-03 2.74839E-06 1.17181E-03 2.40338E-06 3.26889E-03 1.58344E-03 3.24806E-06 1.75539E-03 2.04561E-03 4.19455E-06 2.19407E-03
 1.14780E-03 2.18922E-06 1.00330E-03 1.91440E-06 2.81245E-03 1.35573E-03 2.58724E-06 1.51028E-03 1.83541E-03 3.50141E-06 2.02679E-03
 9.82480E-04 1.74283E-06 8.58794E-04 1.52404E-06 2.41972E-03 1.16047E-03 2.05968E-06 1.29939E-03 1.59489E-03 2.82977E-06 1.78199E-03
 8.40724E-04 1.38619E-06 7.34887E-04 1.21217E-06 2.08178E-03 9.93038E-04 1.63820E-06 1.11791E-03 1.37027E-03 2.25977E-06 1.54186E-03
 7.19199E-04 1.10141E-06 6.28663E-04 9.63136E-07 1.79096E-03 8.49501E-04 1.30163E-06 9.61746E-04 1.17329E-03 1.79718E-06 1.32820E-03
 6.15046E-04 8.74225E-07 5.37624E-04 7.64468E-07 1.54072E-03 7.26482E-04 1.03314E-06 8.27368E-04 1.00356E-03 1.42673E-06 1.14292E-03
 5.26002E-04 6.93464E-07 4.59791E-04 6.06398E-07 1.32587E-03 6.21308E-04 8.19515E-07 7.11992E-04 8.58300E-04 1.13177E-06 9.83583E-04
 4.49775E-04 5.49618E-07 3.93161E-04 4.80611E-07 1.14112E-03 5.31273E-04 6.49519E-07 6.12783E-04 7.33922E-04 8.97005E-07 8.46536E-04
 3.76102E-02 9.33239E-03 3.28712E-02 8.16151E-03 1.14854E-01 4.44164E-02 1.10302E-02 6.16767E-02 3.76105E-02 9.33247E-03 1.63983E-05
 2.94996E-02 4.80672E-03 2.57843E-02 4.20338E-03 8.59243E-02 3.48411E-02 5.68071E-03 4.61413E-02 2.95000E-02 4.80678E-03 1.63665E-05
 2.25459E-02 2.36267E-03 1.97069E-02 2.06598E-03 6.26374E-02 2.66293E-02 2.79204E-03 3.36363E-02 2.25463E-02 2.36271E-03 1.62991E-05
 1.69108E-02 1.12668E-03 1.47814E-02 9.85156E-04 4.49342E-02 1.99736E-02 1.33136E-03 2.41297E-02 1.69112E-02 1.12671E-03 1.63888E-05
 1.25833E-02 5.32070E-04 1.09988E-02 4.65222E-04 3.21480E-02 1.48623E-02 6.28704E-04 1.72635E-02 1.25837E-02 5.32088E-04 1.68974E-05
 9.40969E-03 2.54714E-04 8.22480E-03 2.22710E-04 2.32842E-02 1.11139E-02 3.00970E-04 1.25036E-02 9.41017E-03 2.54727E-04 1.81739E-05
 7.14794E-03 1.26281E-04 6.24783E-03 1.10415E-04 1.72761E-02 8.44245E-03 1.49215E-04 9.27727E-03 7.14850E-03 1.26291E-04 2.06834E-05
 5.86367E-03 7.61636E-05 5.12528E-03 6.65952E-05 1.39955E-02 6.92558E-03 8.99973E-05 7.51559E-03 5.86434E-03 7.61722E-05 2.38927E-05
 5.55734E-03 6.62098E-05 4.85753E-03 5.78922E-05 1.32260E-02 6.56378E-03 7.82361E-05 7.10235E-03 5.55805E-03 6.62182E-05 2.51509E-05
 4.36783E-03 3.53152E-05 3.81780E-03 3.08795E-05 1.02968E-02 5.15883E-03 4.17312E-05 5.52939E-03 4.36881E-03 3.53231E-05 3.36338E-05
 3.52300E-03 2.02917E-05 3.07935E-03 1.77432E-05 8.27282E-03 4.16100E-03 2.39786E-05 4.44250E-03 3.52448E-03 2.03003E-05 4.86349E-05
 2.90003E-03 1.26218E-05 2.53483E-03 1.10362E-05 6.80914E-03 3.42522E-03 1.49144E-05 3.65651E-03 2.90254E-03 1.26327E-05 7.56727E-05
 2.42199E-03 8.47711E-06 2.11699E-03 7.41161E-06 5.69969E-03 2.86060E-03 1.00159E-05 3.06073E-03 2.42684E-03 8.49408E-06 1.25809E-04
 2.04219E-03 6.07534E-06 1.78502E-03 5.31132E-06 4.82386E-03 2.41203E-03 7.17743E-06 2.59041E-03 2.05328E-03 6.10832E-06 2.21023E-04
 1.73171E-03 4.56374E-06 1.51364E-03 3.98980E-06 4.10938E-03 2.04532E-03 5.39159E-06 2.20674E-03 1.76179E-03 4.64303E-06 4.00576E-04
 1.47272E-03 3.53017E-06 1.28727E-03 3.08644E-06 3.51300E-03 1.73944E-03 4.17093E-06 1.88648E-03 1.56091E-03 3.74164E-06 7.10032E-04
 1.25422E-03 2.77452E-06 1.09629E-03 2.42597E-06 3.00866E-03 1.48138E-03 3.27848E-06 1.61565E-03 1.47819E-03 3.27019E-06 1.11886E-03
 1.06874E-03 2.19693E-06 9.34166E-04 1.92104E-06 2.57909E-03 1.26231E-03 2.59616E-06 1.38497E-03 1.46389E-03 3.00963E-06 1.42844E-03
 9.10804E-04 1.74445E-06 7.96123E-04 1.52542E-06 2.21190E-03 1.07578E-03 2.06152E-06 1.18779E-03 1.38978E-03 2.66232E-06 1.48462E-03
 7.76160E-04 1.38590E-06 6.78436E-04 1.21189E-06 1.89751E-03 9.16750E-04 1.63780E-06 1.01896E-03 1.24112E-03 2.21656E-06 1.36744E-03
 6.61321E-04 1.10054E-06 5.78059E-04 9.62356E-07 1.62813E-03 7.81115E-04 1.30057E-06 8.74305E-04 1.07354E-03 1.78688E-06 1.19902E-03
 5.63368E-04 8.73204E-07 4.92441E-04 7.63564E-07 1.39723E-03 6.65422E-04 1.03191E-06 7.50312E-04 9.18213E-04 1.42348E-06 1.03485E-03
 4.79825E-04 6.92169E-07 4.19417E-04 6.05256E-07 1.19927E-03 5.66748E-04 8.17968E-07 6.44010E-04 7.82773E-04 1.12940E-06 8.89399E-04
 4.08583E-04 5.48131E-07 3.57146E-04 4.79303E-07 1.02954E-03 4.82603E-04 6.47749E-07 5.52863E-04 6.66676E-04 8.94539E-07 7.63720E-04
 3.47979E-04 4.33829E-07 3.04172E-04 3.79352E-07 8.84300E-04 4.11022E-04 5.12670E-07 4.74869E-04 5.67808E-04 7.08021E-07 6.56009E-04
 2.96347E-04 3.43098E-07 2.59041E-04 3.00014E-07 7.59804E-04 3.50038E-04 4.05449E-07 4.08015E-04 4.83562E-04 5.59947E-07 5.63657E-04
 3.34394E-02 8.40333E-03 2.92255E-02 7.34851E-03 1.01347E-01 3.94899E-02 9.93123E-03 5.44235E-02 3.34397E-02 8.40340E-03 1.44699E-05
 2.57210E-02 4.20307E-03 2.24812E-02 3.67529E-03 7.42102E-02 3.03776E-02 4.96692E-03 3.98509E-02 2.57213E-02 4.20312E-03 1.41353E-05
 1.91848E-02 1.99517E-03 1.67687E-02 1.74455E-03 5.26821E-02 2.26588E-02 2.35762E-03 2.82903E-02 1.91851E-02 1.99521E-03 1.37086E-05
 1.39781E-02 9.14852E-04 1.22178E-02 7.99904E-04 3.66321E-02 1.65094E-02 1.08099E-03 1.96714E-02 1.39784E-02 9.14874E-04 1.33608E-05
 1.00706E-02 4.14417E-04 8.80238E-03 3.62337E-04 2.53309E-02 1.18943E-02 4.89659E-04 1.36027E-02 1.00709E-02 4.14431E-04 1.33142E-05
 7.28469E-03 1.90999E-04 6.36729E-03 1.66996E-04 1.77331E-02 8.60384E-03 2.25676E-04 9.52269E-03 7.28506E-03 1.91009E-04 1.38411E-05
 5.36274E-03 9.11803E-05 4.68737E-03 7.97216E-05 1.27522E-02 6.33383E-03 1.07735E-04 6.84792E-03 5.36316E-03 9.11875E-05 1.52672E-05
 4.30500E-03 5.38002E-05 3.76285E-03 4.70399E-05 1.01188E-02 5.08456E-03 6.35695E-05 5.43379E-03 4.30549E-03 5.38063E-05 1.72745E-05
 4.05691E-03 4.64945E-05 3.54599E-03 4.06525E-05 9.51137E-03 4.79154E-03 5.49377E-05 5.10761E-03 4.05742E-03 4.65005E-05 1.80871E-05
 3.11394E-03 2.41714E-05 2.72177E-03 2.11348E-05 7.24642E-03 3.67781E-03 2.85618E-05 3.89133E-03 3.11463E-03 2.41768E-05 2.36699E-05
 2.46707E-03 1.35821E-05 2.15637E-03 1.18759E-05 5.73222E-03 2.91381E-03 1.60493E-05 3.07820E-03 2.46811E-03 1.35878E-05 3.36990E-05
 2.00429E-03 8.28757E-06 1.75188E-03 7.24629E-06 4.66751E-03 2.36723E-03 9.79264E-06 2.50645E-03 2.00603E-03 8.29473E-06 5.18719E-05
 1.65769E-03 5.48050E-06 1.44892E-03 4.79158E-06 3.87803E-03 1.95786E-03 6.47519E-06 2.08250E-03 1.66101E-03 5.49148E-06 8.55998E-05
 1.38733E-03 3.88330E-06 1.21261E-03 3.39491E-06 3.26484E-03 1.63855E-03 4.58768E-06 1.75322E-03 1.39486E-03 3.90438E-06 1.49590E-04
 1.16924E-03 2.89470E-06 1.02200E-03 2.53063E-06 2.77029E-03 1.38098E-03 3.41973E-06 1.48764E-03 1.18955E-03 2.94499E-06 2.70043E-04
 9.89106E-04 2.22779E-06 8.64547E-04 1.94773E-06 2.36079E-03 1.16823E-03 2.63210E-06 1.26774E-03 1.04834E-03 2.36123E-06 4.77152E-04
 8.38271E-04 1.74485E-06 7.32710E-04 1.52563E-06 2.01652E-03 9.90082E-04 2.06174E-06 1.08287E-03 9.87961E-04 2.05656E-06 7.49900E-04
 7.11030E-04 1.37803E-06 6.21495E-04 1.20495E-06 1.72466E-03 8.39803E-04 1.62841E-06 9.26141E-04 9.73925E-04 1.88778E-06 9.55205E-04
 6.03297E-04 1.09184E-06 5.27331E-04 9.54737E-07 1.47616E-03 7.12563E-04 1.29027E-06 7.92700E-04 9.20560E-04 1.66632E-06 9.90799E-04
 5.11931E-04 8.65746E-07 4.47472E-04 7.57036E-07 1.26415E-03 6.04654E-04 1.02309E-06 6.78850E-04 8.18604E-04 1.38464E-06 9.11010E-04
 4.34395E-04 6.86243E-07 3.79700E-04 6.00072E-07 1.08307E-03 5.13077E-04 8.10959E-07 5.81611E-04 7.05161E-04 1.11421E-06 7.97621E-04
 3.68580E-04 5.43554E-07 3.22174E-04 4.75298E-07 9.28320E-04 4.35344E-04 6.42335E-07 4.98508E-04 6.00733E-04 8.86084E-07 6.87558E-04
 3.12712E-04 4.30155E-07 2.73341E-04 3.76138E-07 7.96003E-04 3.69358E-04 5.08326E-07 4.27454E-04 5.10148E-04 7.01873E-07 5.90328E-04
 2.65289E-04 3.40108E-07 2.31890E-04 2.97397E-07 6.82827E-04 3.13346E-04 4.01912E-07 3.66678E-04 4.32864E-04 5.55045E-07 5.06526E-04
 2.25128E-04 2.68784E-07 1.96786E-04 2.35030E-07 5.86199E-04 2.65912E-04 3.17626E-07 3.14789E-04 3.67347E-04 4.38660E-07 4.34866E-04
 1.91061E-04 2.12270E-07 1.67008E-04 1.85612E-07 5.03531E-04 2.25675E-04 2.50842E-07 2.70396E-04 3.11761E-04 3.46429E-07 3.73542E-04
 2.95692E-02 7.53014E-03 2.58425E-02 6.58457E-03 8.89986E-02 3.49187E-02 8.89862E-03 4.77922E-02 2.95694E-02 7.53021E-03 1.27068E-05
 2.23028E-02 3.65821E-03 1.94933E-02 3.19870E-03 6.37848E-02 2.63400E-02 4.32278E-03 3.42524E-02 2.23030E-02 3.65826E-03 1.21495E-05
 1.62194E-02 1.67626E-03 1.41766E-02 1.46565E-03 4.40548E-02 1.91561E-02 1.98067E-03 2.36574E-02 1.62197E-02 1.67629E-03 1.14637E-05
 1.14562E-02 7.38241E-04 1.00134E-02 6.45464E-04 2.96329E-02 1.35306E-02 8.72271E-04 1.59129E-02 1.14565E-02 7.38258E-04 1.08080E-05
 7.96553E-03 3.20306E-04 6.96233E-03 2.80046E-04 1.97464E-02 9.40786E-03 3.78447E-04 1.06038E-02 7.96580E-03 3.20317E-04 1.03789E-05
 5.55137E-03 1.42112E-04 4.85221E-03 1.24250E-04 1.33171E-02 6.55656E-03 1.67908E-04 7.15131E-03 5.55166E-03 1.42119E-04 1.03944E-05
 3.94395E-03 6.52272E-05 3.44723E-03 5.70289E-05 9.25245E-03 4.65808E-03 7.70675E-05 4.96857E-03 3.94426E-03 6.52324E-05 1.10773E-05
 3.08940E-03 3.76788E-05 2.70031E-03 3.29436E-05 7.17878E-03 3.64880E-03 4.45196E-05 3.85501E-03 3.08975E-03 3.76831E-05 1.22554E-05
 2.89270E-03 3.23779E-05 2.52838E-03 2.83091E-05 6.70933E-03 3.41648E-03 3.82566E-05 3.60291E-03 2.89306E-03 3.23821E-05 1.27586E-05
 2.16214E-03 1.64175E-05 1.88984E-03 1.43547E-05 4.99683E-03 2.55364E-03 1.93990E-05 2.68330E-03 2.16263E-03 1.64211E-05 1.63218E-05
 1.67966E-03 9.01982E-06 1.46812E-03 7.88664E-06 3.89170E-03 1.98380E-03 1.06581E-05 2.08984E-03 1.68037E-03 9.02362E-06 2.28788E-05
 1.34561E-03 5.39348E-06 1.17614E-03 4.71576E-06 3.13708E-03 1.58927E-03 6.37285E-06 1.68461E-03 1.34678E-03 5.39814E-06 3.48636E-05
 1.10192E-03 3.50701E-06 9.63143E-04 3.06614E-06 2.59003E-03 1.30145E-03 4.14348E-06 1.39085E-03 1.10413E-03 3.51404E-06 5.71698E-05
 9.15498E-04 2.45416E-06 8.00200E-04 2.14549E-06 2.17184E-03 1.08127E-03 2.89929E-06 1.16628E-03 9.20467E-04 2.46748E-06 9.95106E-05
 7.67211E-04 1.81444E-06 6.70590E-04 1.58623E-06 1.83819E-03 9.06137E-04 2.14353E-06 9.87106E-04 7.80537E-04 1.84596E-06 1.79183E-04
 6.45929E-04 1.38946E-06 5.64584E-04 1.21478E-06 1.56386E-03 7.62897E-04 1.64162E-06 8.39791E-04 6.84609E-04 1.47269E-06 3.16079E-04
 5.45116E-04 1.08500E-06 4.76469E-04 9.48677E-07 1.33432E-03 6.43833E-04 1.28204E-06 7.16530E-04 6.42457E-04 1.27883E-06 4.96205E-04
 4.60571E-04 8.55262E-07 4.02573E-04 7.47842E-07 1.14039E-03 5.43980E-04 1.01065E-06 6.12391E-04 6.30860E-04 1.17164E-06 6.31609E-04
 3.89350E-04 6.76718E-07 3.40322E-04 5.91736E-07 9.75714E-04 4.59864E-04 7.99692E-07 5.23958E-04 5.94101E-04 1.03277E-06 6.54897E-04
 3.29229E-04 5.35993E-07 2.87773E-04 4.68687E-07 8.35512E-04 3.88858E-04 6.33400E-07 4.48670E-04 5.26453E-04 8.57242E-07 6.02111E-04
 2.78432E-04 4.24454E-07 2.43373E-04 3.71153E-07 7.15976E-04 3.28862E-04 5.01589E-07 3.84479E-04 4.51982E-04 6.89155E-07 5.27275E-04
 2.35494E-04 3.35908E-07 2.05843E-04 2.93725E-07 6.13964E-04 2.78149E-04 3.96950E-07 3.29699E-04 3.83820E-04 5.47584E-07 4.54731E-04
 1.99191E-04 2.65620E-07 1.74112E-04 2.32263E-07 5.26840E-04 2.35272E-04 3.13887E-07 2.82913E-04 3.24953E-04 4.33403E-07 3.90712E-04
 1.68494E-04 2.09864E-07 1.47280E-04 1.83509E-07 4.52381E-04 1.99016E-04 2.47999E-07 2.42929E-04 2.74926E-04 3.42491E-07 3.35579E-04
 1.42595E-04 1.65746E-07 1.24643E-04 1.44930E-07 3.88842E-04 1.68427E-04 1.95863E-07 2.08808E-04 2.32676E-04 2.70500E-07 2.88459E-04
 1.20704E-04 1.30819E-07 1.05508E-04 1.14390E-07 3.34496E-04 1.42570E-04 1.54590E-07 1.79624E-04 1.96957E-04 2.13500E-07 2.48144E-04
 2.59930E-02 6.71657E-03 2.27168E-02 5.87288E-03 7.77125E-02 3.06951E-02 7.93671E-03 4.17316E-02 2.59932E-02 6.71663E-03 1.10954E-05
 1.92218E-02 3.16889E-03 1.68003E-02 2.77074E-03 5.45200E-02 2.27011E-02 3.74439E-03 2.92772E-02 1.92221E-02 3.16893E-03 1.03848E-05
 1.36150E-02 1.40139E-03 1.19001E-02 1.22528E-03 3.66047E-02 1.60800E-02 1.65582E-03 1.96567E-02 1.36152E-02 1.40141E-03 9.52507E-06
 9.30181E-03 5.92549E-04 8.13024E-03 5.18070E-04 2.37710E-02 1.09860E-02 7.00108E-04 1.27651E-02 9.30203E-03 5.92563E-04 8.66997E-06
 6.22020E-03 2.46120E-04 5.43677E-03 2.15181E-04 1.52186E-02 7.34642E-03 2.90789E-04 8.17236E-03 6.22041E-03 2.46129E-04 7.99907E-06
 4.15901E-03 1.05232E-04 3.63519E-03 9.20041E-05 9.85416E-03 4.91205E-03 1.24332E-04 5.29168E-03 4.15923E-03 1.05237E-04 7.69141E-06
 2.83955E-03 4.64161E-05 2.48192E-03 4.05815E-05 6.59634E-03 3.35369E-03 5.48407E-05 3.54224E-03 2.83978E-03 4.64198E-05 7.89731E-06
 2.16453E-03 2.63033E-05 1.89192E-03 2.29974E-05 4.99923E-03 2.55645E-03 3.10783E-05 2.68459E-03 2.16478E-03 2.63063E-05 8.53454E-06
 2.01230E-03 2.24873E-05 1.75885E-03 1.96611E-05 4.64487E-03 2.37665E-03 2.65697E-05 2.49430E-03 2.01255E-03 2.24901E-05 8.83281E-06
 1.46113E-03 1.11451E-05 1.27711E-03 9.74471E-06 3.38271E-03 1.72569E-03 1.31690E-05 1.81651E-03 1.46146E-03 1.11476E-05 1.10494E-05
 1.11167E-03 5.99163E-06 9.71664E-04 5.23883E-06 2.59771E-03 1.31296E-03 7.07976E-06 1.39497E-03 1.11214E-03 5.99415E-06 1.52716E-05
 8.77972E-04 3.50886E-06 7.67397E-04 3.06793E-06 2.07721E-03 1.03695E-03 4.14598E-06 1.11546E-03 8.78731E-04 3.51190E-06 2.30849E-05
 7.12092E-04 2.24050E-06 6.22409E-04 1.95883E-06 1.70791E-03 8.41031E-04 2.64709E-06 9.17148E-04 7.13517E-04 2.24498E-06 3.76987E-05
 5.87736E-04 1.54660E-06 5.13715E-04 1.35207E-06 1.42966E-03 6.94159E-04 1.82710E-06 7.67726E-04 5.90926E-04 1.55499E-06 6.55049E-05
 4.90189E-04 1.13344E-06 4.28455E-04 9.90882E-07 1.20961E-03 5.78951E-04 1.33901E-06 6.49562E-04 4.98703E-04 1.15314E-06 1.17911E-04
 4.11155E-04 8.63694E-07 3.59375E-04 7.55113E-07 1.02960E-03 4.85608E-04 1.02043E-06 5.52896E-04 4.35776E-04 9.15431E-07 2.08098E-04
 3.45891E-04 6.72764E-07 3.02332E-04 5.88234E-07 8.79393E-04 4.08528E-04 7.94939E-07 4.72234E-04 4.07656E-04 7.92949E-07 3.27027E-04
 2.91428E-04 5.29696E-07 2.54729E-04 4.63166E-07 7.52658E-04 3.44205E-04 6.25932E-07 4.04177E-04 3.99179E-04 7.25638E-07 4.16861E-04
 2.45735E-04 4.18901E-07 2.14792E-04 3.66295E-07 6.45098E-04 2.90240E-04 4.95023E-07 3.46418E-04 3.74962E-04 6.39304E-07 4.32989E-04
 2.07303E-04 3.31719E-07 1.81199E-04 2.90063E-07 5.53529E-04 2.44848E-04 3.92001E-07 2.97245E-04 3.31487E-04 5.30535E-07 3.98900E-04
 1.74937E-04 2.62670E-07 1.52910E-04 2.29685E-07 4.75427E-04 2.06622E-04 3.10404E-07 2.55304E-04 2.83977E-04 4.26478E-07 3.50124E-04
 1.47662E-04 2.07875E-07 1.29070E-04 1.81770E-07 4.08725E-04 1.74408E-04 2.45650E-07 2.19486E-04 2.40667E-04 3.38870E-07 3.02722E-04
 1.24668E-04 1.64388E-07 1.08972E-04 1.43744E-07 3.51698E-04 1.47250E-04 1.94260E-07 1.88862E-04 2.03379E-04 2.68226E-07 2.60824E-04
 1.05277E-04 1.29896E-07 9.20226E-05 1.13583E-07 3.02893E-04 1.24347E-04 1.53499E-07 1.62653E-04 1.71777E-04 2.11985E-07 2.24688E-04
 8.89585E-05 1.02603E-07 7.77587E-05 8.97175E-08 2.61174E-04 1.05073E-04 1.21247E-07 1.40250E-04 1.45155E-04 1.67450E-07 1.93749E-04
 7.51968E-05 8.09969E-08 6.57299E-05 7.08244E-08 2.25419E-04 8.88192E-05 9.57140E-08 1.21050E-04 1.22701E-04 1.32188E-07 1.67226E-04
 2.26082E-02 5.94313E-03 1.97586E-02 5.19640E-03 6.71812E-02 2.66978E-02 7.02242E-03 3.60763E-02 2.26084E-02 5.94318E-03 9.59181E-06
 1.63996E-02 2.72732E-03 1.43334E-02 2.38459E-03 4.61565E-02 1.93678E-02 3.22251E-03 2.47861E-02 1.63998E-02 2.72736E-03 8.79172E-06
 1.13135E-02 1.16479E-03 9.88841E-03 1.01839E-03 3.01227E-02 1.33616E-02 1.37623E-03 1.61759E-02 1.13137E-02 1.16481E-03 7.83836E-06
 7.46638E-03 4.73220E-04 6.52594E-03 4.13734E-04 1.88658E-02 8.81815E-03 5.59108E-04 1.01309E-02 7.46655E-03 4.73231E-04 6.88090E-06
 4.78921E-03 1.89199E-04 4.18599E-03 1.65414E-04 1.15829E-02 5.65630E-03 2.23535E-04 6.22000E-03 4.78937E-03 1.89205E-04 6.08811E-06
 3.06093E-03 7.78600E-05 2.67540E-03 6.80723E-05 7.18267E-03 3.61513E-03 9.19908E-05 3.85710E-03 3.06109E-03 7.78640E-05 5.60625E-06
 2.00097E-03 3.30345E-05 1.74895E-03 2.88817E-05 4.62563E-03 2.36326E-03 3.90299E-05 2.48397E-03 2.00113E-03 3.30371E-05 5.53793E-06
 1.48125E-03 1.84290E-05 1.29469E-03 1.61127E-05 3.42576E-03 1.74945E-03 2.17743E-05 1.83963E-03 1.48142E-03 1.84311E-05 5.84835E-06
 1.36670E-03 1.56897E-05 1.19457E-03 1.37178E-05 3.16543E-03 1.61416E-03 1.85379E-05 1.69983E-03 1.36688E-03 1.56917E-05 6.01946E-06
 9.62856E-04 7.62843E-06 8.41589E-04 6.66982E-06 2.26052E-03 1.13720E-03 9.01354E-06 1.21390E-03 9.63072E-04 7.63013E-06 7.38383E-06
 7.17517E-04 4.02022E-06 6.27150E-04 3.51507E-06 1.71821E-03 8.47436E-04 4.75026E-06 9.22680E-04 7.17819E-04 4.02191E-06 1.01012E-05
 5.59124E-04 2.30603E-06 4.88706E-04 2.01624E-06 1.36827E-03 6.60364E-04 2.72472E-06 7.34763E-04 5.59607E-04 2.30803E-06 1.52062E-05
 4.49735E-04 1.44448E-06 3.93094E-04 1.26288E-06 1.12447E-03 5.31169E-04 1.70661E-06 6.03840E-04 4.50635E-04 1.44738E-06 2.48204E-05
 3.69298E-04 9.82401E-07 3.22788E-04 8.58838E-07 9.42671E-04 4.36168E-04 1.16058E-06 5.06214E-04 3.71302E-04 9.87735E-07 4.31918E-05
 3.06996E-04 7.13148E-07 2.68333E-04 6.23447E-07 7.99603E-04 3.62586E-04 8.42485E-07 4.29387E-04 3.12328E-04 7.25537E-07 7.79440E-05
 2.56927E-04 5.40694E-07 2.24571E-04 4.72717E-07 6.82756E-04 3.03453E-04 6.38813E-07 3.66640E-04 2.72313E-04 5.73082E-07 1.37995E-04
 2.15796E-04 4.20266E-07 1.88620E-04 3.67460E-07 5.85214E-04 2.54874E-04 4.96584E-07 3.14260E-04 2.54330E-04 4.95343E-07 2.17629E-04
 1.81590E-04 3.30702E-07 1.58723E-04 2.89165E-07 5.02788E-04 2.14475E-04 3.90783E-07 2.69997E-04 2.48730E-04 4.53032E-07 2.78470E-04
 1.52964E-04 2.61572E-07 1.33703E-04 2.28723E-07 4.32678E-04 1.80667E-04 3.09103E-07 2.32348E-04 2.33405E-04 3.99197E-07 2.90412E-04
 1.28935E-04 2.07232E-07 1.12700E-04 1.81208E-07 3.72828E-04 1.52287E-04 2.44891E-07 2.00209E-04 2.06173E-04 3.31436E-07 2.68678E-04
 1.08733E-04 1.64194E-07 9.50421E-05 1.43574E-07 3.21626E-04 1.28427E-04 1.94031E-07 1.72713E-04 1.76508E-04 2.66589E-07 2.36859E-04
 9.17338E-05 1.30025E-07 8.01836E-05 1.13696E-07 2.77750E-04 1.08349E-04 1.53653E-07 1.49151E-04 1.49513E-04 2.11962E-07 2.05715E-04
 7.74204E-05 1.02892E-07 6.76727E-05 8.99697E-08 2.40100E-04 9.14440E-05 1.21588E-07 1.28934E-04 1.26301E-04 1.67884E-07 1.78062E-04
 6.53626E-05 8.13560E-08 5.71334E-05 7.11384E-08 2.07753E-04 7.72027E-05 9.61382E-08 1.11563E-04 1.06650E-04 1.32770E-07 1.54112E-04
 5.52245E-05 6.43041E-08 4.82718E-05 5.62278E-08 1.79986E-04 6.52284E-05 7.59876E-08 9.66525E-05 9.01110E-05 1.04945E-07 1.33521E-04
 4.66811E-05 5.07951E-08 4.08042E-05 4.44154E-08 1.56085E-04 5.51377E-05 6.00239E-08 8.38178E-05 7.61711E-05 8.28982E-08 1.15791E-04
 1.93373E-02 5.19341E-03 1.68999E-02 4.54077E-03 5.71292E-02 2.28351E-02 6.13634E-03 3.06784E-02 1.93375E-02 5.19346E-03 8.15663E-06
 1.37699E-02 2.32420E-03 1.20350E-02 2.03209E-03 3.84740E-02 1.62621E-02 2.74612E-03 2.06606E-02 1.37701E-02 2.32423E-03 7.32839E-06
 9.25680E-03 9.61609E-04 8.09075E-03 8.40736E-04 2.44291E-02 1.09325E-02 1.13615E-03 1.31184E-02 9.25696E-03 9.61625E-04 6.35679E-06
 5.90112E-03 3.76597E-04 5.15782E-03 3.29255E-04 1.47588E-02 6.96947E-03 4.44945E-04 7.92548E-03 5.90126E-03 3.76606E-04 5.38296E-06
 3.62631E-03 1.45431E-04 3.16956E-03 1.27148E-04 8.68489E-03 4.28286E-03 1.71824E-04 4.66379E-03 3.62644E-03 1.45436E-04 4.56489E-06
 2.21093E-03 5.78320E-05 1.93246E-03 5.05618E-05 5.15602E-03 2.61123E-03 6.83275E-05 2.76878E-03 2.21104E-03 5.78349E-05 4.02440E-06
 1.38139E-03 2.37666E-05 1.20741E-03 2.07788E-05 3.19922E-03 1.63150E-03 2.80797E-05 1.71798E-03 1.38150E-03 2.37685E-05 3.83019E-06
 9.92698E-04 1.30526E-05 8.67672E-04 1.14119E-05 2.32241E-03 1.17244E-03 1.54217E-05 1.24713E-03 9.92811E-04 1.30541E-05 3.96474E-06
 9.09052E-04 1.10792E-05 7.94560E-04 9.68658E-06 2.13660E-03 1.07365E-03 1.30902E-05 1.14736E-03 9.09167E-04 1.10806E-05 4.06302E-06
 6.22202E-04 5.30804E-06 5.43840E-04 4.64096E-06 1.50632E-03 7.34864E-04 6.27172E-06 8.08896E-04 6.22342E-04 5.30923E-06 4.92029E-06
 4.55174E-04 2.74897E-06 3.97848E-04 2.40352E-06 1.14118E-03 5.37593E-04 3.24810E-06 6.12815E-04 4.55365E-04 2.75013E-06 6.70888E-06
 3.50895E-04 1.54550E-06 3.06703E-04 1.35127E-06 9.10549E-04 4.14433E-04 1.82608E-06 4.88965E-04 3.51199E-04 1.54684E-06 1.01193E-05
 2.80577E-04 9.49128E-07 2.45241E-04 8.29798E-07 7.51475E-04 3.31383E-04 1.12136E-06 4.03542E-04 2.81139E-04 9.51029E-07 1.65873E-05
 2.29719E-04 6.35298E-07 2.00788E-04 5.55389E-07 6.33250E-04 2.71316E-04 7.50515E-07 3.40055E-04 2.30966E-04 6.38747E-07 2.90146E-05
 1.90735E-04 4.56416E-07 1.66714E-04 3.99005E-07 5.40130E-04 2.25273E-04 5.39187E-07 2.90050E-04 1.94048E-04 4.64345E-07 5.26510E-05
 1.59584E-04 3.44170E-07 1.39487E-04 3.00898E-07 4.63824E-04 1.88483E-04 4.06621E-07 2.49074E-04 1.69141E-04 3.64786E-07 9.37460E-05
 1.34067E-04 2.66935E-07 1.17184E-04 2.33393E-07 3.99843E-04 1.58346E-04 3.15406E-07 2.14716E-04 1.58007E-04 3.14620E-07 1.48693E-04
 1.12874E-04 2.09963E-07 9.86603E-05 1.83590E-07 3.45507E-04 1.33316E-04 2.48106E-07 1.85537E-04 1.54608E-04 2.87630E-07 1.91360E-04
 9.51465E-05 1.66140E-07 8.31654E-05 1.45274E-07 2.99045E-04 1.12378E-04 1.96328E-07 1.60587E-04 1.45182E-04 2.53553E-07 2.00718E-04
 8.02653E-05 1.31720E-07 7.01585E-05 1.15178E-07 2.59164E-04 9.48026E-05 1.55654E-07 1.39171E-04 1.28348E-04 2.10665E-07 1.86766E-04
 6.77508E-05 1.04449E-07 5.92200E-05 9.13310E-08 2.24851E-04 8.00220E-05 1.23427E-07 1.20745E-04 1.09981E-04 1.69584E-07 1.65590E-04
 5.72153E-05 8.27801E-08 5.00114E-05 7.23833E-08 1.95277E-04 6.75788E-05 9.78207E-08 1.04864E-04 9.32526E-05 1.34944E-07 1.44632E-04
 4.83392E-05 6.55565E-08 4.22530E-05 5.73226E-08 1.69750E-04 5.70952E-05 7.74671E-08 9.11557E-05 7.88587E-05 1.06965E-07 1.25889E-04
 4.08563E-05 5.18732E-08 3.57124E-05 4.53578E-08 1.47686E-04 4.82572E-05 6.12974E-08 7.93075E-05 6.66639E-05 8.46544E-08 1.09555E-04
 3.45593E-05 4.10286E-08 3.02084E-05 3.58751E-08 1.28631E-04 4.08198E-05 4.84823E-08 6.90750E-05 5.63912E-05 6.69585E-08 9.54239E-05
 2.92479E-05 3.24297E-08 2.55657E-05 2.83561E-08 1.12130E-04 3.45463E-05 3.83209E-08 6.02139E-05 4.77247E-05 5.29252E-08 8.31832E-05
 1.61127E-02 4.45413E-03 1.40817E-02 3.89432E-03 4.73449E-02 1.90271E-02 5.26271E-03 2.54242E-02 1.61128E-02 4.45417E-03 6.75967E-06
 1.12670E-02 1.94988E-03 9.84744E-03 1.70479E-03 3.12701E-02 1.33061E-02 2.30382E-03 1.67921E-02 1.12671E-02 1.94991E-03 5.95622E-06
 7.38905E-03 7.85785E-04 6.45827E-03 6.87011E-04 1.93444E-02 8.72666E-03 9.28407E-04 1.03880E-02 7.38918E-03 7.85798E-04 5.03370E-06
 4.55724E-03 2.98846E-04 3.98321E-03 2.61278E-04 1.12976E-02 5.38229E-03 3.53083E-04 6.06680E-03 4.55735E-03 2.98853E-04 4.12055E-06
 2.68712E-03 1.12041E-04 2.34867E-03 9.79564E-05 6.38788E-03 3.17363E-03 1.32375E-04 3.43029E-03 2.68722E-03 1.12045E-04 3.35755E-06
 1.56521E-03 4.33250E-05 1.36807E-03 3.78784E-05 3.64478E-03 1.84860E-03 5.11875E-05 1.95725E-03 1.56529E-03 4.33272E-05 2.84484E-06
 9.36955E-04 1.74706E-05 8.18948E-04 1.52742E-05 2.19414E-03 1.10660E-03 2.06409E-05 1.17825E-03 9.37029E-04 1.74720E-05 2.62688E-06
 6.55476E-04 9.40108E-06 5.72923E-04 8.21924E-06 1.57197E-03 7.74163E-04 1.11072E-05 8.44149E-04 6.55551E-04 9.40215E-06 2.68362E-06
 5.96359E-04 7.96483E-06 5.21252E-04 6.96357E-06 1.44336E-03 7.04342E-04 9.41035E-06 7.75085E-04 5.96435E-04 7.96584E-06 2.74473E-06
 3.98695E-04 3.77518E-06 3.48483E-04 3.30067E-06 1.01599E-03 4.70888E-04 4.46045E-06 5.45589E-04 3.98784E-04 3.77602E-06 3.31867E-06
 2.87824E-04 1.92548E-06 2.51575E-04 1.68348E-06 7.74502E-04 3.39942E-04 2.27503E-06 4.15908E-04 2.87945E-04 1.92629E-06 4.55320E-06
 2.20417E-04 1.06188E-06 1.92657E-04 9.28408E-07 6.23345E-04 2.60329E-04 1.25463E-06 3.34736E-04 2.20607E-04 1.06280E-06 6.92748E-06
 1.75792E-04 6.39147E-07 1.53653E-04 5.58782E-07 5.18988E-04 2.07624E-04 7.55112E-07 2.78697E-04 1.76144E-04 6.40427E-07 1.14556E-05
 1.43891E-04 4.20625E-07 1.25769E-04 3.67714E-07 4.40939E-04 1.69946E-04 4.96902E-07 2.36784E-04 1.44672E-04 4.22909E-07 2.02032E-05
 1.19575E-04 2.98749E-07 1.04516E-04 2.61167E-07 3.78926E-04 1.41228E-04 3.52921E-07 2.03483E-04 1.21652E-04 3.03939E-07 3.69371E-05
 1.00193E-04 2.23878E-07 8.75755E-05 1.95727E-07 3.27680E-04 1.18337E-04 2.64496E-07 1.75964E-04 1.06193E-04 2.37288E-07 6.62291E-05
 8.43216E-05 1.73171E-07 7.37029E-05 1.51408E-07 2.84363E-04 9.95915E-05 2.04611E-07 1.52703E-04 9.93787E-05 2.04105E-07 1.05748E-04
 7.11270E-05 1.36106E-07 6.21702E-05 1.19007E-07 2.47292E-04 8.40081E-05 1.60827E-07 1.32796E-04 9.74252E-05 1.86451E-07 1.36963E-04
 6.00729E-05 1.07708E-07 5.25083E-05 9.41787E-08 2.15357E-04 7.09525E-05 1.27275E-07 1.15646E-04 9.16639E-05 1.64375E-07 1.44547E-04
 5.07764E-05 8.54278E-08 4.43827E-05 7.46976E-08 1.87746E-04 5.99728E-05 1.00948E-07 1.00819E-04 8.11938E-05 1.36627E-07 1.35299E-04
 4.29429E-05 6.77729E-08 3.75357E-05 5.92601E-08 1.63820E-04 5.07207E-05 8.00851E-08 8.79714E-05 6.97097E-05 1.10036E-07 1.20644E-04
 3.63345E-05 5.37369E-08 3.17596E-05 4.69868E-08 1.43054E-04 4.29157E-05 6.34987E-08 7.68202E-05 5.92198E-05 8.75981E-08 1.05953E-04
 3.07553E-05 4.25725E-08 2.68829E-05 3.72246E-08 1.25007E-04 3.63261E-05 5.03058E-08 6.71288E-05 5.01729E-05 6.94627E-08 9.27070E-05
 2.60419E-05 3.36972E-08 2.27631E-05 2.94640E-08 1.09304E-04 3.07592E-05 3.98180E-08 5.86961E-05 4.24917E-05 5.49914E-08 8.10823E-05
 2.20671E-05 2.66587E-08 1.92888E-05 2.33096E-08 9.56525E-05 2.60645E-05 3.15008E-08 5.13654E-05 3.60074E-05 4.35064E-08 7.09589E-05
 1.87074E-05 2.10749E-08 1.63522E-05 1.84272E-08 8.37561E-05 2.20963E-05 2.49026E-08 4.49771E-05 3.05254E-05 3.43938E-08 6.21341E-05
 1.29523E-02 3.72833E-03 1.13197E-02 3.25972E-03 3.78640E-02 1.52951E-02 4.40511E-03 2.03329E-02 1.29524E-02 3.72837E-03 5.40603E-06
 8.87882E-03 1.60113E-03 7.76017E-03 1.39988E-03 2.44905E-02 1.04858E-02 1.89176E-03 1.31514E-02 8.87893E-03 1.60115E-03 4.66485E-06
 5.68152E-03 6.32545E-04 4.96584E-03 5.53036E-04 1.47687E-02 6.71003E-03 7.47359E-04 7.93079E-03 5.68162E-03 6.32556E-04 3.84302E-06
 3.39900E-03 2.35794E-04 2.97087E-03 2.06154E-04 8.36629E-03 4.01438E-03 2.78591E-04 4.49270E-03 3.39908E-03 2.35800E-04 3.05142E-06
 1.93331E-03 8.67139E-05 1.68981E-03 7.58131E-05 4.57645E-03 2.28335E-03 1.02451E-04 2.45755E-03 1.93338E-03 8.67168E-05 2.40544E-06
 1.08417E-03 3.28656E-05 9.47625E-04 2.87337E-05 2.53711E-03 1.28048E-03 3.88297E-05 1.36243E-03 1.08423E-03 3.28673E-05 1.98028E-06
 6.27748E-04 1.31105E-05 5.48687E-04 1.14621E-05 1.50377E-03 7.41414E-04 1.54894E-05 8.07524E-04 6.27798E-04 1.31115E-05 1.80035E-06
 4.30907E-04 6.90421E-06 3.76638E-04 6.03615E-06 1.07610E-03 5.08933E-04 8.15699E-06 5.77865E-04 4.30956E-04 6.90500E-06 1.83708E-06
 3.90404E-04 5.84279E-06 3.41237E-04 5.10819E-06 9.89549E-04 4.61097E-04 6.90300E-06 5.31388E-04 3.90454E-04 5.84353E-06 1.88175E-06
 2.57397E-04 2.74585E-06 2.24980E-04 2.40065E-06 7.05234E-04 3.04006E-04 3.24416E-06 3.78711E-04 2.57454E-04 2.74646E-06 2.30359E-06
 1.84628E-04 1.38079E-06 1.61376E-04 1.20722E-06 5.45803E-04 2.18060E-04 1.63140E-06 2.93096E-04 1.84706E-04 1.38138E-06 3.20871E-06
 1.41111E-04 7.47337E-07 1.23339E-04 6.53383E-07 4.45331E-04 1.66663E-04 8.82958E-07 2.39143E-04 1.41233E-04 7.47983E-07 4.94914E-06
 1.12564E-04 4.40742E-07 9.83879E-05 3.85316E-07 3.74911E-04 1.32947E-04 5.20695E-07 2.01327E-04 1.12790E-04 4.41624E-07 8.27542E-06
 9.22598E-05 2.84908E-07 8.06406E-05 2.49065E-07 3.21390E-04 1.08966E-04 3.36566E-07 1.72587E-04 9.27606E-05 2.86455E-07 1.47256E-05
 7.68185E-05 1.99814E-07 6.71440E-05 1.74674E-07 2.78271E-04 9.07286E-05 2.36040E-07 1.49431E-04 7.81528E-05 2.03285E-07 2.71254E-05
 6.45077E-05 1.48645E-07 5.63838E-05 1.29951E-07 2.42220E-04 7.61889E-05 1.75609E-07 1.30072E-04 6.83706E-05 1.57549E-07 4.89563E-05
 5.44117E-05 1.14566E-07 4.75594E-05 1.00166E-07 2.11452E-04 6.42650E-05 1.35362E-07 1.13549E-04 6.41279E-05 1.35031E-07 7.86343E-05
 4.60001E-05 8.99066E-08 4.02073E-05 7.86097E-08 1.84898E-04 5.43304E-05 1.06233E-07 9.92904E-05 6.30079E-05 1.23162E-07 1.02406E-04
 3.89349E-05 7.11044E-08 3.40320E-05 6.21713E-08 1.61849E-04 4.59861E-05 8.40186E-08 8.69127E-05 5.94098E-05 1.08513E-07 1.08632E-04
 3.29773E-05 5.63807E-08 2.88247E-05 4.92975E-08 1.41778E-04 3.89497E-05 6.66210E-08 7.61347E-05 5.27321E-05 9.01697E-08 1.02172E-04
 2.79439E-05 4.47198E-08 2.44252E-05 3.91015E-08 1.24268E-04 3.30049E-05 5.28420E-08 6.67321E-05 4.53616E-05 7.26059E-08 9.15164E-05
 2.36868E-05 3.54501E-08 2.07042E-05 3.09961E-08 1.08974E-04 2.79769E-05 4.18883E-08 5.85190E-05 3.86058E-05 5.77874E-08 8.07112E-05
 2.00837E-05 2.80767E-08 1.75549E-05 2.45490E-08 9.56003E-05 2.37213E-05 3.31756E-08 5.13374E-05 3.27636E-05 4.58102E-08 7.08986E-05
 1.70326E-05 2.22152E-08 1.48880E-05 1.94239E-08 8.38965E-05 2.01177E-05 2.62494E-08 4.50524E-05 2.77914E-05 3.62531E-08 6.22350E-05
 1.44537E-05 1.75673E-08 1.26339E-05 1.53599E-08 7.36658E-05 1.70718E-05 2.07573E-08 3.95585E-05 2.35843E-05 2.86690E-08 5.46482E-05
 1.22692E-05 1.38806E-08 1.07245E-05 1.21364E-08 6.47042E-05 1.44917E-05 1.64010E-08 3.47461E-05 2.00200E-05 2.26525E-08 4.80005E-05
 1.00197E-02 3.04617E-03 8.75673E-03 2.66330E-03 2.91589E-02 1.18321E-02 3.59912E-03 1.56583E-02 1.00198E-02 3.04619E-03 4.16316E-06
 6.71081E-03 1.28778E-03 5.86533E-03 1.12592E-03 1.84142E-02 7.92540E-03 1.52155E-03 9.88840E-03 6.71089E-03 1.28779E-03 3.50746E-06
 4.18447E-03 5.02414E-04 3.65738E-03 4.39267E-04 1.08172E-02 4.94201E-03 5.93617E-04 5.80884E-03 4.18454E-03 5.02423E-04 2.81479E-06
 2.43548E-03 1.85600E-04 2.12873E-03 1.62271E-04 5.96805E-03 2.87644E-03 2.19290E-04 3.20484E-03 2.43554E-03 1.85604E-04 2.17672E-06
 1.34782E-03 6.77078E-05 1.17807E-03 5.91964E-05 3.19236E-03 1.59186E-03 7.99962E-05 1.71430E-03 1.34787E-03 6.77101E-05 1.67795E-06
 7.37974E-04 2.53316E-05 6.45032E-04 2.21467E-05 1.75025E-03 8.71601E-04 2.99282E-05 9.39882E-04 7.38012E-04 2.53329E-05 1.36611E-06
 4.20261E-04 1.00587E-05 3.67334E-04 8.79392E-06 1.04328E-03 4.96361E-04 1.18837E-05 5.60243E-04 4.20295E-04 1.00595E-05 1.24904E-06
 2.86323E-04 5.16707E-06 2.50264E-04 4.51731E-06 7.56118E-04 3.38171E-04 6.10445E-06 4.06036E-04 2.86356E-04 5.16766E-06 1.29082E-06
 2.59079E-04 4.36832E-06 2.26451E-04 3.81901E-06 6.98764E-04 3.05993E-04 5.16080E-06 3.75236E-04 2.59112E-04 4.36888E-06 1.32879E-06
 1.70248E-04 2.03547E-06 1.48807E-04 1.77952E-06 5.10044E-04 2.01076E-04 2.40476E-06 2.73894E-04 1.70286E-04 2.03592E-06 1.66602E-06
 1.22003E-04 1.00905E-06 1.06638E-04 8.82175E-07 4.02658E-04 1.44095E-04 1.19213E-06 2.16227E-04 1.22054E-04 1.00947E-06 2.36718E-06
 9.32493E-05 5.35929E-07 8.15053E-05 4.68538E-07 3.33339E-04 1.10134E-04 6.33159E-07 1.79003E-04 9.33299E-05 5.36392E-07 3.70452E-06
 7.44452E-05 3.09542E-07 6.50693E-05 2.70609E-07 2.83566E-04 8.79250E-05 3.65683E-07 1.52275E-04 7.45942E-05 3.10162E-07 6.25915E-06
 6.10844E-05 1.96343E-07 5.33912E-05 1.71638E-07 2.44933E-04 7.21448E-05 2.31937E-07 1.31529E-04 6.14160E-05 1.97409E-07 1.12225E-05
 5.09329E-05 1.35792E-07 4.45182E-05 1.18705E-07 2.13325E-04 6.01553E-05 1.60407E-07 1.14555E-04 5.18176E-05 1.38151E-07 2.07945E-05
 4.28376E-05 1.00158E-07 3.74425E-05 8.75597E-08 1.86598E-04 5.05943E-05 1.18322E-07 1.00203E-04 4.54028E-05 1.06157E-07 3.77143E-05
 3.61895E-05 7.68396E-08 3.16318E-05 6.71792E-08 1.63589E-04 4.27426E-05 9.07833E-08 8.78471E-05 4.26517E-05 9.05649E-08 6.08351E-05
 3.06400E-05 6.01546E-08 2.67813E-05 5.25943E-08 1.43590E-04 3.61884E-05 7.10750E-08 7.71078E-05 4.19685E-05 8.24040E-08 7.95276E-05
 2.59691E-05 4.75076E-08 2.26987E-05 4.15376E-08 1.26124E-04 3.06718E-05 5.61335E-08 6.77286E-05 3.96254E-05 7.25004E-08 8.46542E-05
 2.20221E-05 3.76314E-08 1.92489E-05 3.29026E-08 1.10832E-04 2.60102E-05 4.44644E-08 5.95166E-05 3.52142E-05 6.01830E-08 7.98707E-05
 1.86807E-05 2.98206E-08 1.63283E-05 2.60733E-08 9.74235E-05 2.20638E-05 3.52352E-08 5.23164E-05 3.03245E-05 4.84152E-08 7.17468E-05
 1.58494E-05 2.36170E-08 1.38536E-05 2.06491E-08 8.56566E-05 1.87199E-05 2.79049E-08 4.59976E-05 2.58320E-05 3.84976E-08 6.34414E-05
 1.34490E-05 1.86863E-08 1.17555E-05 1.63379E-08 7.53229E-05 1.58848E-05 2.20788E-08 4.04484E-05 2.19400E-05 3.04882E-08 5.58606E-05
 1.14131E-05 1.47697E-08 9.97602E-06 1.29134E-08 6.62430E-05 1.34802E-05 1.74510E-08 3.55725E-05 1.86223E-05 2.41023E-08 4.91395E-05
 9.68993E-06 1.16666E-08 8.46982E-06 1.02003E-08 5.82761E-05 1.14450E-05 1.37844E-08 3.12942E-05 1.58111E-05 1.90390E-08 4.32315E-05
 8.22848E-06 9.20743E-09 7.19240E-06 8.05016E-09 5.12736E-05 9.71885E-06 1.08788E-08 2.75339E-05 1.34265E-05 1.50258E-08 3.80371E-05
---
